ticker,yahoo_symbol,date,open,high,low,close,adj_close,volume
BRG,BRG.OL,2012-10-18,21.299999237060547,21.5,20.5,20.700000762939453,14.295685768127441,29806426
BRG,BRG.OL,2012-10-19,20.5,20.700000762939453,20.399999618530273,20.399999618530273,14.0885009765625,7249269
BRG,BRG.OL,2012-10-22,20.399999618530273,20.399999618530273,19.5,19.799999237060547,13.67413330078125,3403046
BRG,BRG.OL,2012-10-23,19.700000762939453,19.899999618530273,18.600000381469727,18.600000381469727,12.845396995544434,3700469
BRG,BRG.OL,2012-10-24,18.700000762939453,19.799999237060547,18.5,19.5,13.466949462890625,1726133
BRG,BRG.OL,2012-10-25,19.5,19.799999237060547,19.299999237060547,19.600000381469727,13.536012649536133,361081
BRG,BRG.OL,2012-10-26,19.299999237060547,19.899999618530273,19.299999237060547,19.700000762939453,13.605071067810059,459651
BRG,BRG.OL,2012-10-29,19.799999237060547,19.899999618530273,19.700000762939453,19.799999237060547,13.67413330078125,445482
BRG,BRG.OL,2012-10-30,19.899999618530273,20.399999618530273,19.5,19.700000762939453,13.605071067810059,2005088
BRG,BRG.OL,2012-10-31,20.0,20.0,19.5,19.700000762939453,13.605071067810059,411873
BRG,BRG.OL,2012-11-01,19.700000762939453,19.700000762939453,19.399999618530273,19.5,13.466949462890625,311887
BRG,BRG.OL,2012-11-02,19.700000762939453,19.700000762939453,19.299999237060547,19.5,13.466949462890625,130701
BRG,BRG.OL,2012-11-05,19.299999237060547,19.799999237060547,19.0,19.700000762939453,13.605071067810059,193865
BRG,BRG.OL,2012-11-06,19.600000381469727,19.700000762939453,19.5,19.5,13.466949462890625,187464
BRG,BRG.OL,2012-11-07,19.5,19.700000762939453,19.200000762939453,19.5,13.466949462890625,374292
BRG,BRG.OL,2012-11-08,19.299999237060547,19.399999618530273,19.200000762939453,19.200000762939453,13.259767532348633,371261
BRG,BRG.OL,2012-11-09,19.200000762939453,19.299999237060547,18.5,18.799999237060547,12.98351764678955,419091
BRG,BRG.OL,2012-11-12,18.600000381469727,18.899999618530273,17.5,18.700000762939453,12.914460182189941,706574
BRG,BRG.OL,2012-11-13,18.5,18.799999237060547,18.5,18.700000762939453,12.914460182189941,139550
BRG,BRG.OL,2012-11-14,18.5,18.899999618530273,18.399999618530273,18.799999237060547,12.98351764678955,185448
BRG,BRG.OL,2012-11-15,18.399999618530273,18.700000762939453,18.299999237060547,18.299999237060547,12.638215065002441,203708
BRG,BRG.OL,2012-11-16,18.299999237060547,18.5,18.100000381469727,18.200000762939453,12.569153785705566,225455
BRG,BRG.OL,2012-11-19,18.100000381469727,18.799999237060547,18.100000381469727,18.799999237060547,12.98351764678955,131136
BRG,BRG.OL,2012-11-20,18.700000762939453,18.899999618530273,18.600000381469727,18.899999618530273,13.052581787109375,180993
BRG,BRG.OL,2012-11-21,18.799999237060547,18.799999237060547,18.700000762939453,18.700000762939453,12.914460182189941,141036
BRG,BRG.OL,2012-11-22,18.799999237060547,19.100000381469727,18.700000762939453,19.100000381469727,13.190705299377441,594055
BRG,BRG.OL,2012-11-23,19.100000381469727,19.399999618530273,19.0,19.100000381469727,13.190705299377441,248152
BRG,BRG.OL,2012-11-26,19.100000381469727,19.399999618530273,19.0,19.299999237060547,13.328828811645508,315794
BRG,BRG.OL,2012-11-27,19.5,19.700000762939453,19.399999618530273,19.399999618530273,13.39788818359375,573398
BRG,BRG.OL,2012-11-28,19.700000762939453,19.700000762939453,19.5,19.700000762939453,13.605071067810059,245285
BRG,BRG.OL,2012-11-29,19.799999237060547,20.299999237060547,19.799999237060547,20.100000381469727,13.881315231323242,324337
BRG,BRG.OL,2012-11-30,20.200000762939453,20.5,20.200000762939453,20.399999618530273,14.0885009765625,136486
BRG,BRG.OL,2012-12-03,20.600000381469727,20.600000381469727,20.100000381469727,20.5,14.157560348510742,275063
BRG,BRG.OL,2012-12-04,20.200000762939453,20.5,20.200000762939453,20.399999618530273,14.0885009765625,71655
BRG,BRG.OL,2012-12-05,20.399999618530273,20.5,20.200000762939453,20.5,14.157560348510742,181604
BRG,BRG.OL,2012-12-06,20.299999237060547,20.5,20.200000762939453,20.299999237060547,14.019439697265625,119531
BRG,BRG.OL,2012-12-07,20.399999618530273,20.399999618530273,20.200000762939453,20.200000762939453,13.950379371643066,204114
BRG,BRG.OL,2012-12-10,20.200000762939453,20.5,20.100000381469727,20.5,14.157560348510742,93922
BRG,BRG.OL,2012-12-11,20.5,20.600000381469727,20.299999237060547,20.399999618530273,14.0885009765625,179152
BRG,BRG.OL,2012-12-12,20.5,20.799999237060547,20.299999237060547,20.600000381469727,14.226622581481934,230830
BRG,BRG.OL,2012-12-13,20.700000762939453,20.700000762939453,20.200000762939453,20.399999618530273,14.0885009765625,173795
BRG,BRG.OL,2012-12-14,20.399999618530273,20.399999618530273,20.100000381469727,20.399999618530273,14.0885009765625,256922
BRG,BRG.OL,2012-12-17,20.299999237060547,20.600000381469727,20.200000762939453,20.399999618530273,14.0885009765625,377754
BRG,BRG.OL,2012-12-18,20.399999618530273,20.899999618530273,20.399999618530273,20.799999237060547,14.364744186401367,289333
BRG,BRG.OL,2012-12-19,20.5,21.100000381469727,20.5,21.0,14.502870559692383,500842
BRG,BRG.OL,2012-12-20,20.799999237060547,20.799999237060547,20.5,20.700000762939453,14.295685768127441,149103
BRG,BRG.OL,2012-12-21,20.600000381469727,20.700000762939453,20.600000381469727,20.700000762939453,14.295685768127441,29403
BRG,BRG.OL,2012-12-27,20.700000762939453,21.100000381469727,20.700000762939453,20.899999618530273,14.433807373046875,231291
BRG,BRG.OL,2012-12-28,20.899999618530273,20.899999618530273,20.700000762939453,20.799999237060547,14.364744186401367,66111
BRG,BRG.OL,2013-01-02,20.899999618530273,21.5,20.899999618530273,21.5,14.848173141479492,613798
BRG,BRG.OL,2013-01-03,21.200000762939453,21.399999618530273,20.899999618530273,21.100000381469727,14.571928977966309,256855
BRG,BRG.OL,2013-01-04,21.100000381469727,21.5,21.0,21.5,14.848173141479492,253480
BRG,BRG.OL,2013-01-07,21.5,21.799999237060547,21.399999618530273,21.700000762939453,14.986298561096191,755150
BRG,BRG.OL,2013-01-08,21.700000762939453,21.700000762939453,21.5,21.600000381469727,14.917238235473633,147578
BRG,BRG.OL,2013-01-09,21.700000762939453,21.700000762939453,21.299999237060547,21.5,14.848173141479492,274255
BRG,BRG.OL,2013-01-10,21.399999618530273,21.700000762939453,21.200000762939453,21.700000762939453,14.986298561096191,162266
BRG,BRG.OL,2013-01-11,21.700000762939453,21.899999618530273,21.600000381469727,21.899999618530273,15.12442398071289,695519
BRG,BRG.OL,2013-01-14,21.799999237060547,22.100000381469727,21.799999237060547,22.100000381469727,15.262541770935059,298947
BRG,BRG.OL,2013-01-15,22.100000381469727,22.299999237060547,21.899999618530273,22.299999237060547,15.400664329528809,306438
BRG,BRG.OL,2013-01-16,22.200000762939453,22.200000762939453,22.0,22.200000762939453,15.331603050231934,101107
BRG,BRG.OL,2013-01-17,22.200000762939453,22.700000762939453,22.100000381469727,22.5,15.53879165649414,416464
BRG,BRG.OL,2013-01-18,22.700000762939453,23.0,22.600000381469727,22.799999237060547,15.745970726013184,835709
BRG,BRG.OL,2013-01-21,23.0,23.0,22.5,22.700000762939453,15.676910400390625,400512
BRG,BRG.OL,2013-01-22,22.700000762939453,22.899999618530273,22.600000381469727,22.700000762939453,15.676910400390625,255789
BRG,BRG.OL,2013-01-23,22.899999618530273,23.0,22.799999237060547,23.0,15.884093284606934,883919
BRG,BRG.OL,2013-01-24,23.0,23.399999618530273,23.0,23.200000762939453,16.022218704223633,902609
BRG,BRG.OL,2013-01-25,23.399999618530273,24.0,23.399999618530273,24.0,16.574708938598633,1260606
BRG,BRG.OL,2013-01-28,24.100000381469727,24.299999237060547,23.899999618530273,24.200000762939453,16.712831497192383,1156070
BRG,BRG.OL,2013-01-29,24.100000381469727,24.899999618530273,24.0,24.899999618530273,17.196260452270508,1046493
BRG,BRG.OL,2013-01-30,24.799999237060547,24.799999237060547,24.399999618530273,24.5,16.920011520385742,541228
BRG,BRG.OL,2013-01-31,24.299999237060547,24.600000381469727,24.100000381469727,24.200000762939453,16.712831497192383,262430
BRG,BRG.OL,2013-02-01,24.399999618530273,24.899999618530273,24.299999237060547,24.899999618530273,17.196260452270508,584375
BRG,BRG.OL,2013-02-04,24.899999618530273,25.0,24.700000762939453,24.899999618530273,17.196260452270508,444975
BRG,BRG.OL,2013-02-05,24.899999618530273,25.0,24.700000762939453,24.899999618530273,17.196260452270508,396328
BRG,BRG.OL,2013-02-06,24.399999618530273,24.399999618530273,23.700000762939453,23.899999618530273,16.505645751953125,1295236
BRG,BRG.OL,2013-02-07,24.0,24.200000762939453,23.799999237060547,24.0,16.574708938598633,139865
BRG,BRG.OL,2013-02-08,24.0,24.0,23.700000762939453,24.0,16.574708938598633,375573
BRG,BRG.OL,2013-02-11,23.899999618530273,24.0,23.799999237060547,23.799999237060547,16.436582565307617,39139
BRG,BRG.OL,2013-02-12,23.899999618530273,24.0,23.799999237060547,24.0,16.574708938598633,245960
BRG,BRG.OL,2013-02-13,23.799999237060547,24.0,23.799999237060547,24.0,16.574708938598633,300872
BRG,BRG.OL,2013-02-14,23.799999237060547,23.899999618530273,23.299999237060547,23.5,16.229398727416992,254409
BRG,BRG.OL,2013-02-15,23.600000381469727,23.600000381469727,23.100000381469727,23.200000762939453,16.022218704223633,289677
BRG,BRG.OL,2013-02-18,23.0,23.200000762939453,23.0,23.100000381469727,15.953153610229492,153514
BRG,BRG.OL,2013-02-19,23.299999237060547,23.700000762939453,23.200000762939453,23.600000381469727,16.298463821411133,228922
BRG,BRG.OL,2013-02-20,23.600000381469727,24.0,23.5,23.899999618530273,16.505645751953125,241723
BRG,BRG.OL,2013-02-21,24.0,24.0,23.600000381469727,23.700000762939453,16.367523193359375,202882
BRG,BRG.OL,2013-02-22,23.799999237060547,23.799999237060547,23.600000381469727,23.700000762939453,16.367523193359375,123715
BRG,BRG.OL,2013-02-25,23.600000381469727,23.899999618530273,23.5,23.600000381469727,16.298463821411133,266356
BRG,BRG.OL,2013-02-26,23.399999618530273,23.700000762939453,23.200000762939453,23.5,16.229398727416992,327356
BRG,BRG.OL,2013-02-27,23.899999618530273,24.0,23.600000381469727,24.0,16.574708938598633,358593
BRG,BRG.OL,2013-02-28,24.0,24.200000762939453,23.799999237060547,23.899999618530273,16.505645751953125,389137
BRG,BRG.OL,2013-03-01,23.799999237060547,24.0,23.600000381469727,23.899999618530273,16.505645751953125,113540
BRG,BRG.OL,2013-03-04,23.5,23.700000762939453,23.399999618530273,23.600000381469727,16.298463821411133,77501
BRG,BRG.OL,2013-03-05,23.700000762939453,23.899999618530273,23.5,23.799999237060547,16.436582565307617,80934
BRG,BRG.OL,2013-03-06,23.899999618530273,24.0,23.600000381469727,24.0,16.574708938598633,85047
BRG,BRG.OL,2013-03-07,23.600000381469727,24.700000762939453,23.600000381469727,24.0,16.574708938598633,93894
BRG,BRG.OL,2013-03-08,24.0,24.399999618530273,23.799999237060547,24.0,16.574708938598633,84469
BRG,BRG.OL,2013-03-11,24.0,24.0,23.700000762939453,24.0,16.574708938598633,103153
BRG,BRG.OL,2013-03-12,23.899999618530273,23.899999618530273,23.399999618530273,23.5,16.229398727416992,127817
BRG,BRG.OL,2013-03-13,23.899999618530273,24.0,23.5,24.0,16.574708938598633,206020
BRG,BRG.OL,2013-03-14,23.700000762939453,24.0,23.700000762939453,24.0,16.574708938598633,60004
BRG,BRG.OL,2013-03-15,23.899999618530273,24.0,23.600000381469727,23.799999237060547,16.436582565307617,64093
BRG,BRG.OL,2013-03-18,23.100000381469727,24.0,23.100000381469727,24.0,16.574708938598633,90294
BRG,BRG.OL,2013-03-19,23.799999237060547,23.899999618530273,23.299999237060547,23.299999237060547,16.091278076171875,67410
BRG,BRG.OL,2013-03-20,23.5,23.799999237060547,23.399999618530273,23.799999237060547,16.436582565307617,68663
BRG,BRG.OL,2013-03-21,23.399999618530273,23.799999237060547,23.399999618530273,23.799999237060547,16.436582565307617,45654
BRG,BRG.OL,2013-03-22,23.299999237060547,23.799999237060547,23.299999237060547,23.5,16.229398727416992,74276
BRG,BRG.OL,2013-03-25,23.5,23.5,23.100000381469727,23.5,16.229398727416992,50668
BRG,BRG.OL,2013-03-26,23.299999237060547,23.299999237060547,23.100000381469727,23.200000762939453,16.022218704223633,83551
BRG,BRG.OL,2013-03-27,23.5,23.700000762939453,23.200000762939453,23.700000762939453,16.367523193359375,16438
BRG,BRG.OL,2013-04-02,23.299999237060547,23.5,23.0,23.100000381469727,15.953153610229492,82796
BRG,BRG.OL,2013-04-03,23.399999618530273,23.399999618530273,23.0,23.200000762939453,16.022218704223633,42510
BRG,BRG.OL,2013-04-04,23.200000762939453,23.299999237060547,23.0,23.0,15.884093284606934,30197
BRG,BRG.OL,2013-04-05,23.100000381469727,23.100000381469727,22.100000381469727,22.600000381469727,15.607850074768066,103279
BRG,BRG.OL,2013-04-08,22.399999618530273,22.5,22.200000762939453,22.399999618530273,15.46972370147705,96530
BRG,BRG.OL,2013-04-09,22.200000762939453,22.600000381469727,22.200000762939453,22.600000381469727,15.607850074768066,207120
BRG,BRG.OL,2013-04-10,22.399999618530273,22.600000381469727,21.799999237060547,22.100000381469727,15.262541770935059,433709
BRG,BRG.OL,2013-04-11,22.100000381469727,22.299999237060547,21.600000381469727,22.0,15.19347858428955,168516
BRG,BRG.OL,2013-04-12,22.0,22.0,21.600000381469727,22.0,15.19347858428955,94657
BRG,BRG.OL,2013-04-15,21.700000762939453,22.200000762939453,21.299999237060547,21.899999618530273,15.12442398071289,197865
BRG,BRG.OL,2013-04-16,20.899999618530273,21.299999237060547,20.299999237060547,21.200000762939453,15.34151554107666,256632
BRG,BRG.OL,2013-04-17,21.5,21.600000381469727,20.899999618530273,21.399999618530273,15.486245155334473,104590
BRG,BRG.OL,2013-04-18,21.799999237060547,21.799999237060547,20.700000762939453,21.0,15.196789741516113,82099
BRG,BRG.OL,2013-04-19,20.899999618530273,21.600000381469727,20.899999618530273,21.0,15.196789741516113,89677
BRG,BRG.OL,2013-04-22,21.100000381469727,21.100000381469727,20.700000762939453,20.700000762939453,14.979690551757812,119064
BRG,BRG.OL,2013-04-23,21.0,21.0,20.600000381469727,20.799999237060547,15.052051544189453,190698
BRG,BRG.OL,2013-04-24,20.5,22.200000762939453,20.5,22.0,15.920441627502441,368332
BRG,BRG.OL,2013-04-25,22.0,23.0,22.0,22.700000762939453,16.426998138427734,717341
BRG,BRG.OL,2013-04-26,22.600000381469727,23.0,22.600000381469727,22.899999618530273,16.57172966003418,372556
BRG,BRG.OL,2013-04-29,23.0,23.5,22.700000762939453,23.299999237060547,16.861196517944336,165358
BRG,BRG.OL,2013-04-30,23.5,24.0,22.600000381469727,23.100000381469727,16.716461181640625,541277
BRG,BRG.OL,2013-05-02,22.899999618530273,23.299999237060547,22.799999237060547,23.0,16.644094467163086,673770
BRG,BRG.OL,2013-05-03,23.200000762939453,24.0,23.100000381469727,23.5,17.00592613220215,1173356
BRG,BRG.OL,2013-05-06,23.899999618530273,24.5,23.5,23.799999237060547,17.2230224609375,384412
BRG,BRG.OL,2013-05-07,23.899999618530273,24.0,23.700000762939453,23.899999618530273,17.29538917541504,707064
BRG,BRG.OL,2013-05-08,23.899999618530273,25.299999237060547,23.600000381469727,24.899999618530273,18.0190486907959,1013664
BRG,BRG.OL,2013-05-10,25.0,25.200000762939453,24.700000762939453,25.0,18.091413497924805,409163
BRG,BRG.OL,2013-05-13,25.0,26.0,25.0,25.799999237060547,18.670337677001953,531623
BRG,BRG.OL,2013-05-14,25.899999618530273,25.899999618530273,25.299999237060547,25.799999237060547,18.670337677001953,375532
BRG,BRG.OL,2013-05-15,25.5,26.0,25.299999237060547,26.0,18.81507110595703,196842
BRG,BRG.OL,2013-05-16,26.200000762939453,27.799999237060547,26.100000381469727,27.200000762939453,19.683456420898438,906265
BRG,BRG.OL,2013-05-21,25.600000381469727,26.899999618530273,25.600000381469727,26.600000381469727,19.249263763427734,1459066
BRG,BRG.OL,2013-05-22,26.600000381469727,26.899999618530273,26.399999618530273,26.5,19.176897048950195,543099
BRG,BRG.OL,2013-05-23,26.299999237060547,26.899999618530273,25.700000762939453,26.700000762939453,19.32162857055664,603854
BRG,BRG.OL,2013-05-24,26.799999237060547,26.899999618530273,26.399999618530273,26.899999618530273,19.466360092163086,393790
BRG,BRG.OL,2013-05-27,26.899999618530273,27.100000381469727,26.600000381469727,26.600000381469727,19.249263763427734,85954
BRG,BRG.OL,2013-05-28,26.899999618530273,26.899999618530273,26.399999618530273,26.799999237060547,19.393993377685547,224142
BRG,BRG.OL,2013-05-29,26.600000381469727,27.0,26.299999237060547,26.899999618530273,19.466360092163086,313323
BRG,BRG.OL,2013-05-30,26.899999618530273,27.5,26.5,27.0,19.538728713989258,364249
BRG,BRG.OL,2013-05-31,26.899999618530273,27.299999237060547,26.5,26.899999618530273,19.466360092163086,1582280
BRG,BRG.OL,2013-06-03,27.0,27.600000381469727,26.700000762939453,27.5,19.900554656982422,503354
BRG,BRG.OL,2013-06-04,27.5,27.600000381469727,27.100000381469727,27.600000381469727,19.972919464111328,298216
BRG,BRG.OL,2013-06-05,27.600000381469727,27.899999618530273,27.5,27.899999618530273,20.190017700195312,487660
BRG,BRG.OL,2013-06-06,27.899999618530273,28.0,27.600000381469727,27.799999237060547,20.117650985717773,205577
BRG,BRG.OL,2013-06-07,27.899999618530273,27.899999618530273,27.200000762939453,27.299999237060547,19.75581932067871,284177
BRG,BRG.OL,2013-06-10,27.299999237060547,27.799999237060547,26.799999237060547,27.799999237060547,20.117650985717773,298021
BRG,BRG.OL,2013-06-11,27.799999237060547,27.899999618530273,27.299999237060547,27.899999618530273,20.190017700195312,160920
BRG,BRG.OL,2013-06-12,27.899999618530273,28.0,27.600000381469727,28.0,20.262378692626953,204497
BRG,BRG.OL,2013-06-13,27.899999618530273,28.0,27.100000381469727,27.700000762939453,20.045286178588867,195552
BRG,BRG.OL,2013-06-14,27.899999618530273,28.100000381469727,27.600000381469727,28.0,20.262378692626953,483799
BRG,BRG.OL,2013-06-17,27.899999618530273,28.0,27.799999237060547,27.899999618530273,20.190017700195312,102195
BRG,BRG.OL,2013-06-18,27.899999618530273,28.0,27.600000381469727,28.0,20.262378692626953,229470
BRG,BRG.OL,2013-06-19,28.0,28.0,27.700000762939453,27.899999618530273,20.190017700195312,111952
BRG,BRG.OL,2013-06-20,27.899999618530273,27.899999618530273,27.600000381469727,27.899999618530273,20.190017700195312,302450
BRG,BRG.OL,2013-06-21,27.899999618530273,27.899999618530273,27.0,27.799999237060547,20.117650985717773,354776
BRG,BRG.OL,2013-06-24,27.799999237060547,27.799999237060547,27.200000762939453,27.600000381469727,19.972919464111328,275568
BRG,BRG.OL,2013-06-25,27.399999618530273,27.600000381469727,26.100000381469727,26.700000762939453,19.32162857055664,372156
BRG,BRG.OL,2013-06-26,26.399999618530273,26.899999618530273,26.299999237060547,26.899999618530273,19.466360092163086,162348
BRG,BRG.OL,2013-06-27,26.899999618530273,27.0,26.100000381469727,26.5,19.176897048950195,297697
BRG,BRG.OL,2013-06-28,25.799999237060547,26.5,25.700000762939453,26.5,19.176897048950195,138779
BRG,BRG.OL,2013-07-01,26.799999237060547,26.799999237060547,25.799999237060547,26.799999237060547,19.393993377685547,209196
BRG,BRG.OL,2013-07-02,26.600000381469727,26.899999618530273,26.399999618530273,26.899999618530273,19.466360092163086,92153
BRG,BRG.OL,2013-07-03,26.600000381469727,26.799999237060547,26.0,26.200000762939453,18.959800720214844,93735
BRG,BRG.OL,2013-07-04,26.5,26.600000381469727,26.0,26.5,19.176897048950195,101808
BRG,BRG.OL,2013-07-05,26.600000381469727,26.600000381469727,26.100000381469727,26.200000762939453,18.959800720214844,130023
BRG,BRG.OL,2013-07-08,26.100000381469727,27.0,26.100000381469727,27.0,19.538728713989258,87694
BRG,BRG.OL,2013-07-09,27.200000762939453,27.200000762939453,26.399999618530273,27.0,19.538728713989258,123208
BRG,BRG.OL,2013-07-10,26.799999237060547,27.0,26.600000381469727,26.799999237060547,19.393993377685547,65296
BRG,BRG.OL,2013-07-11,26.799999237060547,27.100000381469727,26.5,27.0,19.538728713989258,90123
BRG,BRG.OL,2013-07-12,27.100000381469727,27.100000381469727,26.600000381469727,27.0,19.538728713989258,75858
BRG,BRG.OL,2013-07-15,26.5,27.100000381469727,26.5,27.0,19.538728713989258,77931
BRG,BRG.OL,2013-07-16,26.899999618530273,27.5,26.899999618530273,27.5,19.900554656982422,107462
BRG,BRG.OL,2013-07-17,26.899999618530273,27.100000381469727,26.0,26.399999618530273,19.104528427124023,435087
BRG,BRG.OL,2013-07-18,25.600000381469727,26.600000381469727,25.600000381469727,26.0,18.81507110595703,174614
BRG,BRG.OL,2013-07-19,26.200000762939453,26.899999618530273,26.100000381469727,26.799999237060547,19.393993377685547,303363
BRG,BRG.OL,2013-07-22,26.600000381469727,27.0,26.299999237060547,26.600000381469727,19.249263763427734,79526
BRG,BRG.OL,2013-07-23,25.700000762939453,26.700000762939453,25.700000762939453,26.700000762939453,19.32162857055664,101332
BRG,BRG.OL,2013-07-24,26.399999618530273,26.5,25.700000762939453,25.899999618530273,18.742706298828125,160739
BRG,BRG.OL,2013-07-25,25.700000762939453,25.700000762939453,24.5,25.100000381469727,18.163780212402344,707565
BRG,BRG.OL,2013-07-26,24.899999618530273,25.299999237060547,24.799999237060547,24.899999618530273,18.0190486907959,174619
BRG,BRG.OL,2013-07-29,25.0,25.399999618530273,24.799999237060547,25.299999237060547,18.308507919311523,277305
BRG,BRG.OL,2013-07-30,25.100000381469727,25.5,25.100000381469727,25.299999237060547,18.308507919311523,295307
BRG,BRG.OL,2013-07-31,25.5,25.600000381469727,24.899999618530273,24.899999618530273,18.0190486907959,82063
BRG,BRG.OL,2013-08-01,24.899999618530273,25.899999618530273,24.799999237060547,25.5,18.45323944091797,199708
BRG,BRG.OL,2013-08-02,25.799999237060547,25.799999237060547,25.100000381469727,25.600000381469727,18.525604248046875,82870
BRG,BRG.OL,2013-08-05,25.299999237060547,25.600000381469727,25.200000762939453,25.299999237060547,18.308507919311523,26982
BRG,BRG.OL,2013-08-06,25.399999618530273,25.5,25.200000762939453,25.200000762939453,18.236146926879883,27397
BRG,BRG.OL,2013-08-07,25.399999618530273,25.5,24.899999618530273,25.200000762939453,18.236146926879883,63215
BRG,BRG.OL,2013-08-08,25.200000762939453,25.200000762939453,24.799999237060547,25.100000381469727,18.163780212402344,106783
BRG,BRG.OL,2013-08-09,25.100000381469727,25.200000762939453,24.899999618530273,24.899999618530273,18.0190486907959,100656
BRG,BRG.OL,2013-08-12,24.799999237060547,25.200000762939453,24.600000381469727,24.799999237060547,17.946680068969727,71517
BRG,BRG.OL,2013-08-13,24.600000381469727,24.799999237060547,24.5,24.700000762939453,17.874317169189453,83603
BRG,BRG.OL,2013-08-14,24.600000381469727,24.700000762939453,24.600000381469727,24.700000762939453,17.874317169189453,117013
BRG,BRG.OL,2013-08-15,24.700000762939453,25.399999618530273,24.399999618530273,25.0,18.091413497924805,97182
BRG,BRG.OL,2013-08-16,24.899999618530273,25.399999618530273,24.899999618530273,25.399999618530273,18.380870819091797,59470
BRG,BRG.OL,2013-08-19,25.100000381469727,25.5,25.0,25.299999237060547,18.308507919311523,81835
BRG,BRG.OL,2013-08-20,25.399999618530273,25.399999618530273,25.100000381469727,25.200000762939453,18.236146926879883,42269
BRG,BRG.OL,2013-08-21,25.399999618530273,25.399999618530273,25.100000381469727,25.399999618530273,18.380870819091797,56924
BRG,BRG.OL,2013-08-22,25.399999618530273,26.399999618530273,25.399999618530273,26.200000762939453,18.959800720214844,220471
BRG,BRG.OL,2013-08-23,26.100000381469727,26.399999618530273,26.100000381469727,26.399999618530273,19.104528427124023,176908
BRG,BRG.OL,2013-08-26,26.5,26.899999618530273,26.399999618530273,26.799999237060547,19.393993377685547,104089
BRG,BRG.OL,2013-08-27,26.600000381469727,26.799999237060547,26.399999618530273,26.700000762939453,19.32162857055664,119290
BRG,BRG.OL,2013-08-28,26.5,26.600000381469727,25.600000381469727,25.600000381469727,18.525604248046875,148993
BRG,BRG.OL,2013-08-29,25.799999237060547,26.0,25.100000381469727,25.600000381469727,18.525604248046875,302671
BRG,BRG.OL,2013-08-30,25.899999618530273,25.899999618530273,25.399999618530273,25.799999237060547,18.670337677001953,82640
BRG,BRG.OL,2013-09-02,25.700000762939453,25.799999237060547,25.200000762939453,25.200000762939453,18.236146926879883,59061
BRG,BRG.OL,2013-09-03,25.0,25.399999618530273,24.600000381469727,25.399999618530273,18.380870819091797,85090
BRG,BRG.OL,2013-09-04,25.5,25.700000762939453,25.200000762939453,25.700000762939453,18.597970962524414,147368
BRG,BRG.OL,2013-09-05,25.700000762939453,26.299999237060547,25.700000762939453,26.299999237060547,19.032163619995117,201275
BRG,BRG.OL,2013-09-06,26.299999237060547,26.799999237060547,26.299999237060547,26.799999237060547,19.393993377685547,56849
BRG,BRG.OL,2013-09-09,25.799999237060547,26.799999237060547,25.700000762939453,26.799999237060547,19.393993377685547,116621
BRG,BRG.OL,2013-09-10,26.899999618530273,27.100000381469727,26.0,26.700000762939453,19.32162857055664,207586
BRG,BRG.OL,2013-09-11,26.899999618530273,27.0,26.5,27.0,19.538728713989258,102665
BRG,BRG.OL,2013-09-12,26.600000381469727,26.899999618530273,26.200000762939453,26.600000381469727,19.249263763427734,212870
BRG,BRG.OL,2013-09-13,26.5,26.600000381469727,26.299999237060547,26.399999618530273,19.104528427124023,51097
BRG,BRG.OL,2013-09-16,26.399999618530273,26.799999237060547,26.399999618530273,26.600000381469727,19.249263763427734,11263
BRG,BRG.OL,2013-09-17,26.600000381469727,26.600000381469727,26.100000381469727,26.200000762939453,18.959800720214844,52398
BRG,BRG.OL,2013-09-18,26.200000762939453,26.299999237060547,25.799999237060547,26.100000381469727,18.88743782043457,74862
BRG,BRG.OL,2013-09-19,26.200000762939453,26.299999237060547,25.600000381469727,25.799999237060547,18.670337677001953,79459
BRG,BRG.OL,2013-09-20,26.0,26.399999618530273,26.0,26.100000381469727,18.88743782043457,79581
BRG,BRG.OL,2013-09-23,26.399999618530273,26.399999618530273,25.700000762939453,25.899999618530273,18.742706298828125,98813
BRG,BRG.OL,2013-09-24,26.100000381469727,26.399999618530273,26.0,26.299999237060547,19.032163619995117,43046
BRG,BRG.OL,2013-09-25,26.299999237060547,26.299999237060547,25.899999618530273,26.200000762939453,18.959800720214844,186850
BRG,BRG.OL,2013-09-26,26.299999237060547,26.399999618530273,25.899999618530273,25.899999618530273,18.742706298828125,158316
BRG,BRG.OL,2013-09-27,26.0,26.299999237060547,25.799999237060547,26.0,18.81507110595703,110238
BRG,BRG.OL,2013-09-30,26.100000381469727,26.299999237060547,25.700000762939453,26.100000381469727,18.88743782043457,258368
BRG,BRG.OL,2013-10-01,26.0,26.600000381469727,26.0,26.299999237060547,19.032163619995117,327612
BRG,BRG.OL,2013-10-02,26.299999237060547,27.0,26.200000762939453,26.799999237060547,19.393993377685547,155401
BRG,BRG.OL,2013-10-03,26.899999618530273,26.899999618530273,26.5,26.799999237060547,19.393993377685547,67186
BRG,BRG.OL,2013-10-04,26.799999237060547,26.799999237060547,26.399999618530273,26.700000762939453,19.32162857055664,62474
BRG,BRG.OL,2013-10-07,26.799999237060547,26.899999618530273,26.200000762939453,26.5,19.176897048950195,198866
BRG,BRG.OL,2013-10-08,26.399999618530273,26.799999237060547,26.0,26.399999618530273,19.104528427124023,109003
BRG,BRG.OL,2013-10-09,26.399999618530273,27.0,26.200000762939453,26.799999237060547,19.393993377685547,224253
BRG,BRG.OL,2013-10-10,26.799999237060547,27.0,26.600000381469727,26.700000762939453,19.32162857055664,326564
BRG,BRG.OL,2013-10-11,26.700000762939453,26.899999618530273,26.299999237060547,26.399999618530273,19.104528427124023,205837
BRG,BRG.OL,2013-10-14,26.299999237060547,26.799999237060547,26.299999237060547,26.5,19.176897048950195,65319
BRG,BRG.OL,2013-10-15,26.5,26.600000381469727,26.299999237060547,26.5,19.176897048950195,171463
BRG,BRG.OL,2013-10-16,26.399999618530273,26.5,26.200000762939453,26.5,19.176897048950195,39470
BRG,BRG.OL,2013-10-17,26.5,26.5,25.899999618530273,26.100000381469727,18.88743782043457,390879
BRG,BRG.OL,2013-10-18,26.200000762939453,26.299999237060547,25.899999618530273,26.299999237060547,19.032163619995117,92207
BRG,BRG.OL,2013-10-21,26.299999237060547,26.5,25.899999618530273,26.399999618530273,19.104528427124023,392653
BRG,BRG.OL,2013-10-22,26.200000762939453,26.799999237060547,26.200000762939453,26.5,19.176897048950195,40656
BRG,BRG.OL,2013-10-23,26.600000381469727,26.799999237060547,26.200000762939453,26.399999618530273,19.104528427124023,139378
BRG,BRG.OL,2013-10-24,26.5,26.700000762939453,26.399999618530273,26.600000381469727,19.249263763427734,127102
BRG,BRG.OL,2013-10-25,26.600000381469727,26.600000381469727,25.799999237060547,26.0,18.81507110595703,116050
BRG,BRG.OL,2013-10-28,25.799999237060547,25.899999618530273,24.5,25.600000381469727,18.525604248046875,406982
BRG,BRG.OL,2013-10-29,26.399999618530273,26.799999237060547,26.100000381469727,26.200000762939453,18.959800720214844,294145
BRG,BRG.OL,2013-10-30,26.200000762939453,26.299999237060547,25.700000762939453,26.0,18.81507110595703,191556
BRG,BRG.OL,2013-10-31,26.0,26.299999237060547,25.700000762939453,26.299999237060547,19.032163619995117,265709
BRG,BRG.OL,2013-11-01,26.399999618530273,26.399999618530273,25.799999237060547,26.0,18.81507110595703,85984
BRG,BRG.OL,2013-11-04,25.899999618530273,26.299999237060547,25.899999618530273,26.299999237060547,19.032163619995117,150961
BRG,BRG.OL,2013-11-05,26.200000762939453,26.5,26.100000381469727,26.399999618530273,19.104528427124023,71170
BRG,BRG.OL,2013-11-06,26.399999618530273,26.5,26.200000762939453,26.299999237060547,19.032163619995117,130637
BRG,BRG.OL,2013-11-07,26.299999237060547,26.399999618530273,26.100000381469727,26.399999618530273,19.104528427124023,177055
BRG,BRG.OL,2013-11-08,26.299999237060547,26.299999237060547,25.899999618530273,26.100000381469727,18.88743782043457,111275
BRG,BRG.OL,2013-11-11,25.799999237060547,26.100000381469727,25.799999237060547,25.899999618530273,18.742706298828125,91061
BRG,BRG.OL,2013-11-12,26.0,26.200000762939453,25.899999618530273,26.100000381469727,18.88743782043457,82884
BRG,BRG.OL,2013-11-13,26.299999237060547,26.299999237060547,25.700000762939453,25.700000762939453,18.597970962524414,161163
BRG,BRG.OL,2013-11-14,25.700000762939453,26.0,25.700000762939453,26.0,18.81507110595703,482494
BRG,BRG.OL,2013-11-15,25.799999237060547,26.5,25.799999237060547,26.5,19.176897048950195,196233
BRG,BRG.OL,2013-11-18,26.399999618530273,26.700000762939453,26.100000381469727,26.700000762939453,19.32162857055664,192932
BRG,BRG.OL,2013-11-19,26.600000381469727,26.600000381469727,26.200000762939453,26.5,19.176897048950195,83852
BRG,BRG.OL,2013-11-20,26.299999237060547,26.5,26.0,26.5,19.176897048950195,101713
BRG,BRG.OL,2013-11-21,26.200000762939453,26.5,26.0,26.5,19.176897048950195,108057
BRG,BRG.OL,2013-11-22,26.5,26.899999618530273,26.399999618530273,26.700000762939453,19.32162857055664,108548
BRG,BRG.OL,2013-11-25,26.799999237060547,26.899999618530273,26.399999618530273,26.799999237060547,19.393993377685547,117884
BRG,BRG.OL,2013-11-26,26.600000381469727,26.799999237060547,26.299999237060547,26.5,19.176897048950195,365834
BRG,BRG.OL,2013-11-27,26.5,26.700000762939453,26.200000762939453,26.700000762939453,19.32162857055664,155026
BRG,BRG.OL,2013-11-28,26.600000381469727,26.700000762939453,26.5,26.700000762939453,19.32162857055664,37247
BRG,BRG.OL,2013-11-29,26.700000762939453,26.899999618530273,26.5,26.700000762939453,19.32162857055664,127310
BRG,BRG.OL,2013-12-02,26.700000762939453,26.700000762939453,26.399999618530273,26.5,19.176897048950195,86053
BRG,BRG.OL,2013-12-03,26.799999237060547,26.799999237060547,26.399999618530273,26.600000381469727,19.249263763427734,178744
BRG,BRG.OL,2013-12-04,26.5,26.899999618530273,26.5,26.899999618530273,19.466360092163086,199098
BRG,BRG.OL,2013-12-05,26.700000762939453,27.399999618530273,26.700000762939453,27.0,19.538728713989258,143665
BRG,BRG.OL,2013-12-06,27.299999237060547,28.399999618530273,27.299999237060547,27.700000762939453,20.045286178588867,272027
BRG,BRG.OL,2013-12-09,28.200000762939453,28.700000762939453,28.0,28.5,20.62421226501465,198668
BRG,BRG.OL,2013-12-10,28.600000381469727,28.799999237060547,28.299999237060547,28.799999237060547,20.841306686401367,119727
BRG,BRG.OL,2013-12-11,28.299999237060547,28.700000762939453,28.100000381469727,28.399999618530273,20.551841735839844,315278
BRG,BRG.OL,2013-12-12,28.399999618530273,28.5,27.299999237060547,28.299999237060547,20.479475021362305,164442
BRG,BRG.OL,2013-12-13,28.0,28.299999237060547,27.799999237060547,28.299999237060547,20.479475021362305,195123
BRG,BRG.OL,2013-12-16,28.700000762939453,28.700000762939453,28.0,28.5,20.62421226501465,286615
BRG,BRG.OL,2013-12-17,28.600000381469727,29.5,28.600000381469727,28.799999237060547,20.841306686401367,253291
BRG,BRG.OL,2013-12-18,29.100000381469727,29.399999618530273,28.899999618530273,29.200000762939453,21.130767822265625,188630
BRG,BRG.OL,2013-12-19,29.200000762939453,30.0,28.899999618530273,29.700000762939453,21.49259376525879,235622
BRG,BRG.OL,2013-12-20,29.200000762939453,29.5,28.5,29.0,20.98603630065918,297940
BRG,BRG.OL,2013-12-23,29.200000762939453,29.200000762939453,28.0,28.700000762939453,20.768943786621094,210110
BRG,BRG.OL,2013-12-27,29.0,30.0,29.0,30.0,21.709693908691406,109129
BRG,BRG.OL,2013-12-30,30.0,30.200000762939453,29.299999237060547,30.200000762939453,21.85442543029785,114161
BRG,BRG.OL,2014-01-02,30.299999237060547,30.399999618530273,29.600000381469727,30.100000381469727,21.782062530517578,100963
BRG,BRG.OL,2014-01-03,30.0,30.799999237060547,29.899999618530273,30.700000762939453,22.216251373291016,238972
BRG,BRG.OL,2014-01-06,31.0,31.799999237060547,30.200000762939453,31.700000762939453,22.939912796020508,269490
BRG,BRG.OL,2014-01-07,31.700000762939453,31.700000762939453,31.299999237060547,31.600000381469727,22.867542266845703,204900
BRG,BRG.OL,2014-01-08,31.5,32.099998474121094,31.399999618530273,31.600000381469727,22.867542266845703,515662
BRG,BRG.OL,2014-01-09,31.600000381469727,32.099998474121094,31.600000381469727,32.0,23.15700912475586,276685
BRG,BRG.OL,2014-01-10,32.0,33.599998474121094,31.700000762939453,32.599998474121094,23.59119987487793,466307
BRG,BRG.OL,2014-01-13,33.099998474121094,33.400001525878906,32.20000076293945,32.20000076293945,23.301740646362305,338124
BRG,BRG.OL,2014-01-14,31.700000762939453,33.0,31.700000762939453,32.79999923706055,23.735933303833008,183614
BRG,BRG.OL,2014-01-15,34.0,35.400001525878906,33.099998474121094,33.900001525878906,24.53195571899414,300110
BRG,BRG.OL,2014-01-16,34.29999923706055,34.29999923706055,33.099998474121094,33.5,24.24249267578125,93731
BRG,BRG.OL,2014-01-17,33.599998474121094,34.70000076293945,33.5,34.099998474121094,24.67668342590332,236148
BRG,BRG.OL,2014-01-20,34.5,34.599998474121094,33.79999923706055,34.0,24.604320526123047,167705
BRG,BRG.OL,2014-01-21,34.20000076293945,34.29999923706055,33.79999923706055,34.0,24.604320526123047,142959
BRG,BRG.OL,2014-01-22,34.29999923706055,34.29999923706055,33.70000076293945,33.70000076293945,24.387224197387695,216796
BRG,BRG.OL,2014-01-23,34.099998474121094,34.099998474121094,33.70000076293945,33.79999923706055,24.4595890045166,55973
BRG,BRG.OL,2014-01-24,33.70000076293945,34.0,33.599998474121094,33.79999923706055,24.4595890045166,167551
BRG,BRG.OL,2014-01-27,33.79999923706055,33.79999923706055,32.599998474121094,33.0,23.880666732788086,174962
BRG,BRG.OL,2014-01-28,33.5,34.0,32.70000076293945,33.20000076293945,24.02539825439453,245632
BRG,BRG.OL,2014-01-29,33.599998474121094,33.900001525878906,33.0,33.5,24.24249267578125,205853
BRG,BRG.OL,2014-01-30,33.79999923706055,34.20000076293945,33.5,34.099998474121094,24.67668342590332,178530
BRG,BRG.OL,2014-01-31,34.0,34.900001525878906,33.79999923706055,34.099998474121094,24.67668342590332,389298
BRG,BRG.OL,2014-02-03,34.20000076293945,34.400001525878906,34.0,34.400001525878906,24.89378547668457,99879
BRG,BRG.OL,2014-02-04,34.20000076293945,34.79999923706055,34.0,34.5,24.966148376464844,101902
BRG,BRG.OL,2014-02-05,35.400001525878906,36.70000076293945,35.20000076293945,36.400001525878906,26.341096878051758,298105
BRG,BRG.OL,2014-02-06,36.599998474121094,36.70000076293945,35.599998474121094,35.79999923706055,25.90690040588379,129871
BRG,BRG.OL,2014-02-07,36.0,36.0,35.599998474121094,36.0,26.051633834838867,105608
BRG,BRG.OL,2014-02-10,36.20000076293945,36.5,35.70000076293945,36.0,26.051633834838867,187504
BRG,BRG.OL,2014-02-11,36.0,36.0,35.400001525878906,35.400001525878906,25.617441177368164,153980
BRG,BRG.OL,2014-02-12,35.400001525878906,36.29999923706055,35.400001525878906,36.0,26.051633834838867,117500
BRG,BRG.OL,2014-02-13,36.099998474121094,36.29999923706055,34.20000076293945,35.20000076293945,25.47270965576172,152731
BRG,BRG.OL,2014-02-14,34.900001525878906,35.900001525878906,34.79999923706055,35.900001525878906,25.979270935058594,136630
BRG,BRG.OL,2014-02-17,35.79999923706055,36.099998474121094,35.400001525878906,35.5,25.689804077148438,76429
BRG,BRG.OL,2014-02-18,36.0,36.599998474121094,35.70000076293945,36.599998474121094,26.485828399658203,154224
BRG,BRG.OL,2014-02-19,36.0,36.900001525878906,35.79999923706055,36.900001525878906,26.702924728393555,181542
BRG,BRG.OL,2014-02-20,36.20000076293945,36.79999923706055,36.099998474121094,36.79999923706055,26.63055992126465,119657
BRG,BRG.OL,2014-02-21,36.5,36.79999923706055,36.5,36.5,26.413463592529297,45591
BRG,BRG.OL,2014-02-24,36.70000076293945,36.79999923706055,36.29999923706055,36.70000076293945,26.558195114135742,66878
BRG,BRG.OL,2014-02-25,36.70000076293945,37.400001525878906,36.400001525878906,37.20000076293945,26.920019149780273,178460
BRG,BRG.OL,2014-02-26,37.0,37.400001525878906,36.79999923706055,37.400001525878906,27.06475830078125,54231
BRG,BRG.OL,2014-02-27,37.0,37.599998474121094,36.79999923706055,37.599998474121094,27.20948028564453,75374
BRG,BRG.OL,2014-02-28,37.5,37.70000076293945,37.0,37.70000076293945,27.281848907470703,53999
BRG,BRG.OL,2014-03-03,37.0,37.20000076293945,36.5,37.099998474121094,26.84765625,96081
BRG,BRG.OL,2014-03-04,37.099998474121094,37.70000076293945,36.79999923706055,37.599998474121094,27.20948028564453,123216
BRG,BRG.OL,2014-03-05,37.599998474121094,37.70000076293945,37.29999923706055,37.70000076293945,27.281848907470703,74888
BRG,BRG.OL,2014-03-06,37.5,38.0,37.5,38.0,27.498950958251953,173701
BRG,BRG.OL,2014-03-07,38.0,38.5,36.70000076293945,36.70000076293945,26.558195114135742,270710
BRG,BRG.OL,2014-03-10,36.79999923706055,36.900001525878906,36.0,36.5,26.413463592529297,150644
BRG,BRG.OL,2014-03-11,36.099998474121094,36.599998474121094,36.099998474121094,36.5,26.413463592529297,100508
BRG,BRG.OL,2014-03-12,36.0,37.20000076293945,36.0,37.20000076293945,26.920019149780273,360396
BRG,BRG.OL,2014-03-13,36.400001525878906,37.5,36.400001525878906,37.099998474121094,26.84765625,233971
BRG,BRG.OL,2014-03-14,37.099998474121094,37.5,36.79999923706055,37.0,26.775291442871094,213425
BRG,BRG.OL,2014-03-17,37.0,37.20000076293945,35.900001525878906,36.5,26.413463592529297,155586
BRG,BRG.OL,2014-03-18,36.29999923706055,37.29999923706055,36.29999923706055,37.29999923706055,26.992389678955078,172144
BRG,BRG.OL,2014-03-19,37.29999923706055,37.29999923706055,37.0,37.0,26.775291442871094,93525
BRG,BRG.OL,2014-03-20,37.20000076293945,37.5,37.099998474121094,37.20000076293945,26.920019149780273,114511
BRG,BRG.OL,2014-03-21,37.599998474121094,38.0,37.5,38.0,27.498950958251953,74973
BRG,BRG.OL,2014-03-24,37.70000076293945,38.20000076293945,37.70000076293945,38.0,27.498950958251953,94620
BRG,BRG.OL,2014-03-25,38.20000076293945,38.900001525878906,38.0,38.599998474121094,27.933141708374023,123361
BRG,BRG.OL,2014-03-26,38.70000076293945,39.29999923706055,38.400001525878906,39.20000076293945,28.367338180541992,136427
BRG,BRG.OL,2014-03-27,39.29999923706055,39.400001525878906,39.0,39.29999923706055,28.439706802368164,178936
BRG,BRG.OL,2014-03-28,39.5,39.70000076293945,38.900001525878906,39.099998474121094,28.294967651367188,226352
BRG,BRG.OL,2014-03-31,39.79999923706055,41.29999923706055,39.400001525878906,40.099998474121094,29.018625259399414,143522
BRG,BRG.OL,2014-04-01,39.900001525878906,40.29999923706055,39.099998474121094,39.70000076293945,28.72916603088379,67474
BRG,BRG.OL,2014-04-02,39.70000076293945,40.599998474121094,38.79999923706055,39.099998474121094,28.294967651367188,193658
BRG,BRG.OL,2014-04-03,39.099998474121094,39.20000076293945,38.79999923706055,38.79999923706055,28.07787322998047,89221
BRG,BRG.OL,2014-04-04,38.900001525878906,39.400001525878906,38.900001525878906,39.0,28.222599029541016,61917
BRG,BRG.OL,2014-04-07,39.0,39.599998474121094,38.0,38.0,27.498950958251953,134792
BRG,BRG.OL,2014-04-08,38.5,38.5,37.70000076293945,38.0,27.498950958251953,107045
BRG,BRG.OL,2014-04-09,38.400001525878906,40.099998474121094,38.400001525878906,39.599998474121094,28.65679359436035,124685
BRG,BRG.OL,2014-04-10,39.599998474121094,40.0,39.0,39.400001525878906,28.51206398010254,264986
BRG,BRG.OL,2014-04-11,39.20000076293945,39.400001525878906,37.5,38.400001525878906,27.78841209411621,166775
BRG,BRG.OL,2014-04-14,38.79999923706055,38.900001525878906,37.599998474121094,38.599998474121094,27.933141708374023,68819
BRG,BRG.OL,2014-04-15,38.599998474121094,38.70000076293945,37.70000076293945,38.29999923706055,27.71604347229004,94834
BRG,BRG.OL,2014-04-16,38.70000076293945,38.70000076293945,37.599998474121094,37.900001525878906,27.426584243774414,92258
BRG,BRG.OL,2014-04-22,39.0,39.29999923706055,38.29999923706055,38.900001525878906,28.15024185180664,157576
BRG,BRG.OL,2014-04-23,39.0,39.900001525878906,38.099998474121094,38.79999923706055,28.07787322998047,151309
BRG,BRG.OL,2014-04-24,38.5,38.5,37.5,38.0,28.301307678222656,104311
BRG,BRG.OL,2014-04-25,37.70000076293945,38.400001525878906,37.400001525878906,38.20000076293945,28.450260162353516,182781
BRG,BRG.OL,2014-04-28,38.099998474121094,38.20000076293945,37.599998474121094,37.900001525878906,28.226829528808594,129554
BRG,BRG.OL,2014-04-29,39.0,41.70000076293945,39.0,41.0,30.53561782836914,753707
BRG,BRG.OL,2014-04-30,41.0,42.0,40.29999923706055,41.29999923706055,30.759044647216797,275058
BRG,BRG.OL,2014-05-02,42.0,43.900001525878906,41.599998474121094,43.0,32.0251579284668,546029
BRG,BRG.OL,2014-05-05,43.5,43.5,42.70000076293945,43.0,32.0251579284668,216004
BRG,BRG.OL,2014-05-06,43.0,43.70000076293945,42.79999923706055,43.70000076293945,32.54650115966797,268192
BRG,BRG.OL,2014-05-07,43.70000076293945,44.0,43.0,43.900001525878906,32.69545364379883,234630
BRG,BRG.OL,2014-05-08,43.400001525878906,44.79999923706055,43.400001525878906,44.20000076293945,32.91888427734375,264453
BRG,BRG.OL,2014-05-09,44.0,44.5,43.79999923706055,44.0,32.769927978515625,139403
BRG,BRG.OL,2014-05-12,44.0,45.20000076293945,43.79999923706055,44.599998474121094,33.216793060302734,163222
BRG,BRG.OL,2014-05-13,44.599998474121094,44.79999923706055,44.0,44.5,33.14231872558594,121284
BRG,BRG.OL,2014-05-14,44.20000076293945,44.900001525878906,43.79999923706055,44.20000076293945,32.91888427734375,195032
BRG,BRG.OL,2014-05-15,44.5,45.5,44.400001525878906,45.0,33.514705657958984,151228
BRG,BRG.OL,2014-05-16,45.0,45.400001525878906,43.900001525878906,44.400001525878906,33.067832946777344,135924
BRG,BRG.OL,2014-05-19,45.0,45.0,43.5,44.400001525878906,33.067832946777344,170353
BRG,BRG.OL,2014-05-20,44.0,44.5,43.400001525878906,43.400001525878906,32.32307052612305,108849
BRG,BRG.OL,2014-05-21,43.400001525878906,44.70000076293945,42.599998474121094,44.599998474121094,33.216793060302734,142618
BRG,BRG.OL,2014-05-22,44.099998474121094,44.5,42.900001525878906,42.900001525878906,31.95068359375,131048
BRG,BRG.OL,2014-05-23,43.099998474121094,43.70000076293945,42.70000076293945,43.099998474121094,32.09963607788086,170196
BRG,BRG.OL,2014-05-26,43.0,43.5,42.70000076293945,43.29999923706055,32.248592376708984,29813
BRG,BRG.OL,2014-05-27,43.29999923706055,44.29999923706055,42.400001525878906,43.70000076293945,32.54650115966797,264085
BRG,BRG.OL,2014-05-28,43.20000076293945,43.70000076293945,42.900001525878906,43.400001525878906,32.32307052612305,130101
BRG,BRG.OL,2014-05-30,43.400001525878906,43.400001525878906,41.900001525878906,42.900001525878906,31.95068359375,382217
BRG,BRG.OL,2014-06-02,42.79999923706055,43.099998474121094,42.099998474121094,42.79999923706055,31.876197814941406,95401
BRG,BRG.OL,2014-06-03,42.400001525878906,42.900001525878906,42.20000076293945,42.900001525878906,31.95068359375,227515
BRG,BRG.OL,2014-06-04,42.900001525878906,43.70000076293945,38.20000076293945,42.599998474121094,31.727249145507812,311088
BRG,BRG.OL,2014-06-05,43.0,43.20000076293945,42.599998474121094,43.0,32.0251579284668,177234
BRG,BRG.OL,2014-06-06,42.900001525878906,44.5,42.900001525878906,44.5,33.14231872558594,87376
BRG,BRG.OL,2014-06-10,43.5,43.900001525878906,43.0,43.400001525878906,32.32307052612305,134530
BRG,BRG.OL,2014-06-11,43.400001525878906,44.099998474121094,43.29999923706055,44.099998474121094,32.84440612792969,189894
BRG,BRG.OL,2014-06-12,44.0,44.099998474121094,43.20000076293945,43.70000076293945,32.54650115966797,153660
BRG,BRG.OL,2014-06-13,43.70000076293945,43.70000076293945,42.5,43.5,32.397544860839844,116423
BRG,BRG.OL,2014-06-16,43.099998474121094,43.599998474121094,42.79999923706055,43.29999923706055,32.248592376708984,273240
BRG,BRG.OL,2014-06-17,42.900001525878906,43.29999923706055,42.5,43.0,32.0251579284668,173229
BRG,BRG.OL,2014-06-18,43.0,43.099998474121094,42.79999923706055,42.900001525878906,31.95068359375,90032
BRG,BRG.OL,2014-06-19,43.0,43.400001525878906,41.79999923706055,42.900001525878906,31.95068359375,355069
BRG,BRG.OL,2014-06-20,43.0,45.70000076293945,42.900001525878906,44.79999923706055,33.365745544433594,427411
BRG,BRG.OL,2014-06-23,44.400001525878906,45.5,44.29999923706055,44.70000076293945,33.2912712097168,113671
BRG,BRG.OL,2014-06-24,44.5,45.099998474121094,44.5,44.900001525878906,33.44022750854492,83028
BRG,BRG.OL,2014-06-25,44.70000076293945,45.599998474121094,44.099998474121094,44.400001525878906,33.067832946777344,145523
BRG,BRG.OL,2014-06-26,44.70000076293945,44.70000076293945,43.79999923706055,44.29999923706055,32.99335479736328,99943
BRG,BRG.OL,2014-06-27,43.900001525878906,44.70000076293945,43.900001525878906,44.5,33.14231872558594,41798
BRG,BRG.OL,2014-06-30,44.400001525878906,44.5,44.0,44.400001525878906,33.067832946777344,75382
BRG,BRG.OL,2014-07-01,43.900001525878906,45.099998474121094,43.70000076293945,45.0,33.514705657958984,86422
BRG,BRG.OL,2014-07-02,45.0,45.0,44.79999923706055,45.0,33.514705657958984,30384
BRG,BRG.OL,2014-07-03,44.900001525878906,45.599998474121094,44.79999923706055,45.599998474121094,33.9615592956543,109184
BRG,BRG.OL,2014-07-04,45.599998474121094,45.599998474121094,44.900001525878906,45.0,33.514705657958984,46737
BRG,BRG.OL,2014-07-07,45.400001525878906,45.400001525878906,44.599998474121094,44.79999923706055,33.365745544433594,24668
BRG,BRG.OL,2014-07-08,44.70000076293945,44.79999923706055,43.79999923706055,43.79999923706055,32.62097930908203,77460
BRG,BRG.OL,2014-07-09,43.599998474121094,44.0,43.20000076293945,44.0,32.769927978515625,40813
BRG,BRG.OL,2014-07-10,44.099998474121094,44.599998474121094,43.20000076293945,44.599998474121094,33.216793060302734,72359
BRG,BRG.OL,2014-07-11,43.70000076293945,44.599998474121094,43.70000076293945,43.79999923706055,32.62097930908203,120374
BRG,BRG.OL,2014-07-14,44.20000076293945,44.599998474121094,44.0,44.099998474121094,32.84440612792969,92024
BRG,BRG.OL,2014-07-15,44.400001525878906,45.79999923706055,44.0,45.29999923706055,33.738128662109375,122620
BRG,BRG.OL,2014-07-16,45.5,45.5,43.099998474121094,44.5,33.14231872558594,332466
BRG,BRG.OL,2014-07-17,44.5,44.5,43.29999923706055,43.29999923706055,32.248592376708984,69329
BRG,BRG.OL,2014-07-18,43.29999923706055,43.400001525878906,42.0,42.20000076293945,31.429336547851562,93130
BRG,BRG.OL,2014-07-21,43.29999923706055,43.5,42.599998474121094,43.400001525878906,32.32307052612305,53310
BRG,BRG.OL,2014-07-22,43.400001525878906,43.5,43.0,43.5,32.397544860839844,88519
BRG,BRG.OL,2014-07-23,43.70000076293945,43.70000076293945,42.79999923706055,43.0,32.0251579284668,76625
BRG,BRG.OL,2014-07-24,42.900001525878906,43.20000076293945,42.900001525878906,43.0,32.0251579284668,41710
BRG,BRG.OL,2014-07-25,43.099998474121094,43.20000076293945,42.70000076293945,42.79999923706055,31.876197814941406,46373
BRG,BRG.OL,2014-07-28,43.0,43.20000076293945,42.70000076293945,42.900001525878906,31.95068359375,21822
BRG,BRG.OL,2014-07-29,43.099998474121094,43.099998474121094,42.70000076293945,42.79999923706055,31.876197814941406,39179
BRG,BRG.OL,2014-07-30,42.79999923706055,43.0,42.70000076293945,43.0,32.0251579284668,60348
BRG,BRG.OL,2014-07-31,42.900001525878906,42.900001525878906,42.20000076293945,42.400001525878906,31.578292846679688,78501
BRG,BRG.OL,2014-08-01,42.099998474121094,42.400001525878906,41.5,41.79999923706055,31.131437301635742,48064
BRG,BRG.OL,2014-08-04,42.29999923706055,42.29999923706055,41.099998474121094,42.0,31.2803955078125,57077
BRG,BRG.OL,2014-08-05,41.5,42.400001525878906,41.5,41.900001525878906,31.205915451049805,28760
BRG,BRG.OL,2014-08-06,41.400001525878906,41.79999923706055,40.400001525878906,41.79999923706055,31.131437301635742,68703
BRG,BRG.OL,2014-08-07,41.400001525878906,42.099998474121094,40.5,40.5,30.163227081298828,65269
BRG,BRG.OL,2014-08-08,40.599998474121094,40.599998474121094,38.29999923706055,39.400001525878906,29.34398078918457,186159
BRG,BRG.OL,2014-08-11,39.400001525878906,42.400001525878906,39.400001525878906,42.29999923706055,31.503814697265625,45810
BRG,BRG.OL,2014-08-12,43.0,43.099998474121094,41.20000076293945,41.5,30.908000946044922,119184
BRG,BRG.OL,2014-08-13,41.900001525878906,41.900001525878906,40.099998474121094,41.5,30.908000946044922,113345
BRG,BRG.OL,2014-08-14,42.400001525878906,42.79999923706055,41.099998474121094,42.599998474121094,31.727249145507812,39696
BRG,BRG.OL,2014-08-15,42.79999923706055,43.099998474121094,42.5,42.70000076293945,31.80173110961914,35852
BRG,BRG.OL,2014-08-18,43.20000076293945,43.29999923706055,42.29999923706055,43.29999923706055,32.248592376708984,63917
BRG,BRG.OL,2014-08-19,43.0,43.5,43.0,43.099998474121094,32.09963607788086,90775
BRG,BRG.OL,2014-08-20,43.70000076293945,43.900001525878906,43.099998474121094,43.599998474121094,32.472023010253906,32167
BRG,BRG.OL,2014-08-21,43.79999923706055,43.79999923706055,42.79999923706055,42.79999923706055,31.876197814941406,62118
BRG,BRG.OL,2014-08-22,42.79999923706055,43.20000076293945,42.79999923706055,43.099998474121094,32.09963607788086,57682
BRG,BRG.OL,2014-08-25,43.099998474121094,43.599998474121094,43.099998474121094,43.599998474121094,32.472023010253906,48974
BRG,BRG.OL,2014-08-26,43.599998474121094,43.79999923706055,43.29999923706055,43.79999923706055,32.62097930908203,43620
BRG,BRG.OL,2014-08-27,43.79999923706055,43.79999923706055,43.400001525878906,43.70000076293945,32.54650115966797,30656
BRG,BRG.OL,2014-08-28,43.5,43.5,43.099998474121094,43.099998474121094,32.09963607788086,91770
BRG,BRG.OL,2014-08-29,43.29999923706055,43.400001525878906,42.900001525878906,43.29999923706055,32.248592376708984,50102
BRG,BRG.OL,2014-09-01,43.0,43.0,41.900001525878906,42.0,31.2803955078125,97515
BRG,BRG.OL,2014-09-02,42.099998474121094,42.900001525878906,42.0,42.5,31.65277099609375,101735
BRG,BRG.OL,2014-09-03,41.0,42.29999923706055,41.0,42.0,31.2803955078125,120103
BRG,BRG.OL,2014-09-04,42.0,42.5,41.70000076293945,42.5,31.65277099609375,52832
BRG,BRG.OL,2014-09-05,42.20000076293945,42.5,41.599998474121094,42.5,31.65277099609375,83839
BRG,BRG.OL,2014-09-08,42.099998474121094,42.5,42.0,42.099998474121094,31.354856491088867,12891
BRG,BRG.OL,2014-09-09,42.099998474121094,44.0,42.099998474121094,43.70000076293945,32.54650115966797,123094
BRG,BRG.OL,2014-09-10,43.29999923706055,43.400001525878906,42.29999923706055,43.0,32.0251579284668,61575
BRG,BRG.OL,2014-09-11,42.79999923706055,43.599998474121094,42.400001525878906,42.599998474121094,31.727249145507812,103529
BRG,BRG.OL,2014-09-12,42.599998474121094,42.900001525878906,41.5,42.29999923706055,31.503814697265625,89807
BRG,BRG.OL,2014-09-15,42.20000076293945,42.20000076293945,41.0,41.79999923706055,31.131437301635742,54553
BRG,BRG.OL,2014-09-16,41.099998474121094,42.0,41.099998474121094,41.099998474121094,30.61009407043457,67166
BRG,BRG.OL,2014-09-17,41.29999923706055,41.400001525878906,40.79999923706055,41.0,30.53561782836914,67628
BRG,BRG.OL,2014-09-18,41.099998474121094,41.099998474121094,39.099998474121094,40.5,30.163227081298828,162487
BRG,BRG.OL,2014-09-19,42.0,42.0,40.70000076293945,41.400001525878906,30.833528518676758,33167
BRG,BRG.OL,2014-09-22,41.400001525878906,41.400001525878906,40.0,40.400001525878906,30.088756561279297,45922
BRG,BRG.OL,2014-09-23,40.599998474121094,41.599998474121094,40.099998474121094,40.70000076293945,30.31218719482422,125496
BRG,BRG.OL,2014-09-24,40.400001525878906,40.5,39.79999923706055,40.0,29.790849685668945,162506
BRG,BRG.OL,2014-09-25,38.599998474121094,39.900001525878906,38.29999923706055,39.0,29.046070098876953,117937
BRG,BRG.OL,2014-09-26,39.5,39.5,38.79999923706055,39.099998474121094,29.12055015563965,60507
BRG,BRG.OL,2014-09-29,39.0,39.20000076293945,38.29999923706055,38.400001525878906,28.599214553833008,79993
BRG,BRG.OL,2014-09-30,38.20000076293945,38.900001525878906,36.900001525878906,36.900001525878906,27.4820556640625,251760
BRG,BRG.OL,2014-10-01,36.70000076293945,38.79999923706055,36.5,38.0,28.301307678222656,226875
BRG,BRG.OL,2014-10-02,37.599998474121094,38.0,37.400001525878906,38.0,28.301307678222656,37075
BRG,BRG.OL,2014-10-03,37.900001525878906,38.20000076293945,37.5,37.900001525878906,28.226829528808594,119127
BRG,BRG.OL,2014-10-06,37.900001525878906,37.900001525878906,37.400001525878906,37.599998474121094,28.00339126586914,90986
BRG,BRG.OL,2014-10-07,37.599998474121094,37.599998474121094,37.20000076293945,37.20000076293945,27.70548439025879,114701
BRG,BRG.OL,2014-10-08,37.400001525878906,39.599998474121094,37.20000076293945,39.599998474121094,29.49293327331543,125935
BRG,BRG.OL,2014-10-09,40.79999923706055,40.79999923706055,38.29999923706055,39.099998474121094,29.12055015563965,66730
BRG,BRG.OL,2014-10-10,38.20000076293945,38.20000076293945,37.400001525878906,37.70000076293945,28.077871322631836,79939
BRG,BRG.OL,2014-10-13,37.0,37.70000076293945,36.5,37.0,27.556533813476562,101669
BRG,BRG.OL,2014-10-14,36.79999923706055,38.0,36.70000076293945,37.5,27.928916931152344,83480
BRG,BRG.OL,2014-10-15,36.900001525878906,38.20000076293945,34.400001525878906,37.29999923706055,27.779966354370117,253363
BRG,BRG.OL,2014-10-16,37.0,37.5,35.5,37.5,27.928916931152344,88158
BRG,BRG.OL,2014-10-17,37.099998474121094,38.79999923706055,37.099998474121094,37.900001525878906,28.226829528808594,56736
BRG,BRG.OL,2014-10-20,38.70000076293945,40.29999923706055,38.099998474121094,39.0,29.046070098876953,94855
BRG,BRG.OL,2014-10-21,39.70000076293945,40.599998474121094,39.29999923706055,40.29999923706055,30.0142765045166,88401
BRG,BRG.OL,2014-10-22,42.900001525878906,45.0,42.5,44.79999923706055,33.365745544433594,499953
BRG,BRG.OL,2014-10-23,44.400001525878906,45.5,43.79999923706055,45.400001525878906,33.81260299682617,232049
BRG,BRG.OL,2014-10-24,45.400001525878906,46.29999923706055,45.29999923706055,45.79999923706055,34.110511779785156,186560
BRG,BRG.OL,2014-10-27,45.5,47.400001525878906,45.20000076293945,46.79999923706055,34.85529327392578,129781
BRG,BRG.OL,2014-10-28,46.599998474121094,46.900001525878906,46.0,46.20000076293945,34.40842056274414,122162
BRG,BRG.OL,2014-10-29,46.099998474121094,47.099998474121094,45.900001525878906,46.29999923706055,34.48290252685547,81848
BRG,BRG.OL,2014-10-30,46.20000076293945,46.79999923706055,45.5,46.29999923706055,34.48290252685547,179857
BRG,BRG.OL,2014-10-31,46.5,47.79999923706055,46.20000076293945,47.0,35.004241943359375,176681
BRG,BRG.OL,2014-11-03,47.400001525878906,48.0,46.900001525878906,47.0,35.004241943359375,90521
BRG,BRG.OL,2014-11-04,46.0,47.79999923706055,46.0,47.0,35.004241943359375,109884
BRG,BRG.OL,2014-11-05,47.099998474121094,47.20000076293945,46.599998474121094,47.0,35.004241943359375,145148
BRG,BRG.OL,2014-11-06,47.099998474121094,47.400001525878906,46.70000076293945,47.20000076293945,35.153202056884766,71323
BRG,BRG.OL,2014-11-07,47.29999923706055,47.5,45.70000076293945,46.70000076293945,34.78081512451172,67401
BRG,BRG.OL,2014-11-10,46.900001525878906,47.29999923706055,46.70000076293945,47.0,35.004241943359375,70709
BRG,BRG.OL,2014-11-11,47.5,47.5,46.70000076293945,47.0,35.004241943359375,115011
BRG,BRG.OL,2014-11-12,46.900001525878906,47.5,46.0,46.70000076293945,34.78081512451172,79152
BRG,BRG.OL,2014-11-13,46.79999923706055,47.0,46.20000076293945,46.70000076293945,34.78081512451172,58854
BRG,BRG.OL,2014-11-14,47.0,47.099998474121094,46.5,46.599998474121094,34.706336975097656,33091
BRG,BRG.OL,2014-11-17,46.79999923706055,47.400001525878906,46.099998474121094,47.20000076293945,35.153202056884766,77099
BRG,BRG.OL,2014-11-18,47.29999923706055,47.400001525878906,46.5,46.599998474121094,34.706336975097656,55532
BRG,BRG.OL,2014-11-19,46.599998474121094,47.0,45.5,46.599998474121094,34.706336975097656,67755
BRG,BRG.OL,2014-11-20,46.29999923706055,47.20000076293945,45.900001525878906,46.400001525878906,34.5573844909668,68028
BRG,BRG.OL,2014-11-21,47.0,47.20000076293945,46.400001525878906,47.20000076293945,35.153202056884766,62952
BRG,BRG.OL,2014-11-24,47.20000076293945,47.400001525878906,46.400001525878906,47.0,35.004241943359375,31958
BRG,BRG.OL,2014-11-25,46.900001525878906,47.0,46.0,46.29999923706055,34.48290252685547,80766
BRG,BRG.OL,2014-11-26,46.599998474121094,46.79999923706055,46.20000076293945,46.70000076293945,34.78081512451172,141942
BRG,BRG.OL,2014-11-27,46.599998474121094,46.900001525878906,46.29999923706055,46.79999923706055,34.85529327392578,19631
BRG,BRG.OL,2014-11-28,46.5,46.5,45.599998474121094,46.400001525878906,34.5573844909668,147594
BRG,BRG.OL,2014-12-01,45.900001525878906,46.099998474121094,44.900001525878906,45.79999923706055,34.110511779785156,45851
BRG,BRG.OL,2014-12-02,45.5,46.5,45.5,46.5,34.63186264038086,69941
BRG,BRG.OL,2014-12-03,46.5,48.70000076293945,46.5,47.0,35.004241943359375,131580
BRG,BRG.OL,2014-12-04,47.0,48.29999923706055,46.79999923706055,48.0,35.7490119934082,222093
BRG,BRG.OL,2014-12-05,48.400001525878906,50.0,48.400001525878906,48.5,36.12139892578125,238971
BRG,BRG.OL,2014-12-08,49.20000076293945,49.400001525878906,48.900001525878906,49.0,36.49378967285156,91730
BRG,BRG.OL,2014-12-09,49.099998474121094,50.0,48.5,49.900001525878906,37.16408157348633,214182
BRG,BRG.OL,2014-12-10,50.0,50.75,48.70000076293945,49.0,36.49378967285156,116839
BRG,BRG.OL,2014-12-11,48.599998474121094,49.70000076293945,48.5,49.5,36.86617660522461,143548
BRG,BRG.OL,2014-12-12,48.900001525878906,51.0,48.900001525878906,50.25,37.42475509643555,221955
BRG,BRG.OL,2014-12-15,47.400001525878906,50.0,47.29999923706055,49.29999923706055,36.71721267700195,150752
BRG,BRG.OL,2014-12-16,49.5,50.5,49.0,50.5,37.61094284057617,253762
BRG,BRG.OL,2014-12-17,50.5,51.5,50.5,51.5,38.355712890625,203556
BRG,BRG.OL,2014-12-18,51.75,55.0,51.75,53.25,39.6590690612793,330116
BRG,BRG.OL,2014-12-19,54.0,56.0,52.5,52.5,39.100486755371094,389800
BRG,BRG.OL,2014-12-22,54.25,55.0,53.5,53.5,39.84525680541992,355970
BRG,BRG.OL,2014-12-23,55.0,55.25,54.25,54.75,40.77621841430664,250531
BRG,BRG.OL,2014-12-29,55.75,56.0,54.0,54.5,40.590023040771484,70993
BRG,BRG.OL,2014-12-30,54.5,55.5,53.25,55.5,41.334800720214844,75210
BRG,BRG.OL,2015-01-02,55.0,56.0,54.0,56.0,41.70718002319336,92844
BRG,BRG.OL,2015-01-05,56.0,56.0,55.25,56.0,41.70718002319336,148071
BRG,BRG.OL,2015-01-06,54.0,56.75,53.75,56.5,42.07956314086914,105716
BRG,BRG.OL,2015-01-07,56.75,56.75,55.75,56.25,41.89337921142578,174865
BRG,BRG.OL,2015-01-08,55.75,56.75,55.5,56.5,42.07956314086914,117985
BRG,BRG.OL,2015-01-09,56.5,57.0,56.0,56.75,42.26576232910156,116355
BRG,BRG.OL,2015-01-12,57.5,58.5,57.0,57.5,42.824344635009766,117866
BRG,BRG.OL,2015-01-13,57.75,58.0,56.5,57.0,42.451961517333984,168541
BRG,BRG.OL,2015-01-14,57.0,57.75,56.5,57.25,42.638145446777344,181026
BRG,BRG.OL,2015-01-15,57.5,57.75,54.0,55.0,40.9624137878418,323553
BRG,BRG.OL,2015-01-16,55.0,55.5,54.0,54.0,40.217647552490234,241806
BRG,BRG.OL,2015-01-19,54.75,54.75,53.25,53.5,39.84525680541992,177821
BRG,BRG.OL,2015-01-20,53.5,54.0,53.5,54.0,40.217647552490234,38163
BRG,BRG.OL,2015-01-21,54.25,55.0,53.5,54.5,40.590023040771484,115981
BRG,BRG.OL,2015-01-22,54.0,56.25,54.0,56.25,41.89337921142578,113568
BRG,BRG.OL,2015-01-23,56.25,57.0,56.25,57.0,42.451961517333984,238738
BRG,BRG.OL,2015-01-26,56.0,56.5,55.5,55.75,41.520992279052734,78163
BRG,BRG.OL,2015-01-27,55.0,55.5,53.25,54.25,40.40383529663086,254007
BRG,BRG.OL,2015-01-28,54.25,55.25,53.25,53.5,39.84525680541992,117293
BRG,BRG.OL,2015-01-29,53.0,53.5,52.0,53.0,39.472869873046875,86634
BRG,BRG.OL,2015-01-30,52.5,54.5,51.5,54.5,40.590023040771484,165790
BRG,BRG.OL,2015-02-02,55.0,56.5,54.0,54.5,40.590023040771484,186553
BRG,BRG.OL,2015-02-03,55.0,55.25,53.0,53.25,39.6590690612793,186771
BRG,BRG.OL,2015-02-04,51.75,51.75,46.20000076293945,48.79999923706055,36.344825744628906,783265
BRG,BRG.OL,2015-02-05,49.0,50.0,48.79999923706055,49.400001525878906,36.79169845581055,205707
BRG,BRG.OL,2015-02-06,49.5,49.5,48.400001525878906,48.79999923706055,36.344825744628906,256386
BRG,BRG.OL,2015-02-09,48.79999923706055,49.0,47.400001525878906,47.70000076293945,35.52558135986328,247062
BRG,BRG.OL,2015-02-10,47.79999923706055,48.0,47.20000076293945,47.599998474121094,35.45110321044922,231700
BRG,BRG.OL,2015-02-11,48.900001525878906,48.900001525878906,45.5,45.79999923706055,34.110511779785156,293271
BRG,BRG.OL,2015-02-12,45.400001525878906,47.79999923706055,45.400001525878906,46.599998474121094,34.706336975097656,173597
BRG,BRG.OL,2015-02-13,48.0,50.25,47.400001525878906,49.5,36.86617660522461,573978
BRG,BRG.OL,2015-02-16,50.5,51.5,50.0,51.5,38.355712890625,156889
BRG,BRG.OL,2015-02-17,51.5,51.5,49.70000076293945,50.5,37.61094284057617,158301
BRG,BRG.OL,2015-02-18,51.0,51.5,49.400001525878906,49.79999923706055,37.08960723876953,79694
BRG,BRG.OL,2015-02-19,49.70000076293945,51.0,49.70000076293945,50.25,37.42475509643555,153907
BRG,BRG.OL,2015-02-20,49.79999923706055,50.5,48.599998474121094,49.29999923706055,36.71721267700195,60365
BRG,BRG.OL,2015-02-23,49.29999923706055,49.900001525878906,48.29999923706055,49.400001525878906,36.79169845581055,108690
BRG,BRG.OL,2015-02-24,49.0,50.75,48.5,50.25,37.42475509643555,269397
BRG,BRG.OL,2015-02-25,50.5,51.0,49.79999923706055,50.0,37.23855972290039,93366
BRG,BRG.OL,2015-02-26,50.25,51.0,49.29999923706055,50.25,37.42475509643555,132667
BRG,BRG.OL,2015-02-27,50.25,50.5,48.0,48.5,36.12139892578125,240787
BRG,BRG.OL,2015-03-02,49.099998474121094,49.20000076293945,48.400001525878906,48.599998474121094,36.19587707519531,207214
BRG,BRG.OL,2015-03-03,48.70000076293945,49.599998474121094,48.5,49.29999923706055,36.71721267700195,328404
BRG,BRG.OL,2015-03-04,49.29999923706055,49.5,48.5,48.79999923706055,36.344825744628906,157497
BRG,BRG.OL,2015-03-05,49.099998474121094,49.29999923706055,48.5,48.900001525878906,36.41930389404297,134544
BRG,BRG.OL,2015-03-06,49.5,52.75,49.400001525878906,51.75,38.54190444946289,246656
BRG,BRG.OL,2015-03-09,52.0,52.0,50.5,50.75,37.7971305847168,84099
BRG,BRG.OL,2015-03-10,51.25,51.25,49.70000076293945,50.25,37.42475509643555,174459
BRG,BRG.OL,2015-03-11,51.0,51.0,50.0,50.25,37.42475509643555,201044
BRG,BRG.OL,2015-03-12,51.0,53.25,51.0,51.75,38.54190444946289,344124
BRG,BRG.OL,2015-03-13,52.0,54.25,52.0,53.25,39.6590690612793,162995
BRG,BRG.OL,2015-03-16,53.0,53.0,52.5,52.5,39.100486755371094,81120
BRG,BRG.OL,2015-03-17,53.25,54.5,53.0,54.25,40.40383529663086,318496
BRG,BRG.OL,2015-03-18,54.5,57.25,54.5,57.0,42.451961517333984,535794
BRG,BRG.OL,2015-03-19,57.5,59.25,56.75,59.25,44.127689361572266,543719
BRG,BRG.OL,2015-03-20,59.25,60.25,58.75,60.0,44.6862678527832,453280
BRG,BRG.OL,2015-03-23,61.25,61.25,59.25,59.5,44.313880920410156,277518
BRG,BRG.OL,2015-03-24,59.5,60.75,59.25,59.75,44.50006866455078,190560
BRG,BRG.OL,2015-03-25,60.0,60.5,58.0,58.5,43.56910705566406,119182
BRG,BRG.OL,2015-03-26,57.75,57.75,55.5,55.75,41.520992279052734,113432
BRG,BRG.OL,2015-03-27,56.0,58.25,56.0,57.5,42.824344635009766,115476
BRG,BRG.OL,2015-03-30,58.5,59.25,57.25,58.0,43.19672393798828,93322
BRG,BRG.OL,2015-03-31,58.25,59.75,58.25,59.5,44.313880920410156,95704
BRG,BRG.OL,2015-04-01,59.75,60.5,59.5,59.5,44.313880920410156,42068
BRG,BRG.OL,2015-04-07,60.25,60.25,58.25,58.25,43.38291931152344,115809
BRG,BRG.OL,2015-04-08,58.25,60.5,58.25,60.5,45.05865478515625,104346
BRG,BRG.OL,2015-04-09,61.0,62.75,60.75,62.0,46.17580795288086,150439
BRG,BRG.OL,2015-04-10,62.0,63.5,61.25,63.5,47.29296875,290522
BRG,BRG.OL,2015-04-13,64.25,66.0,64.0,66.0,49.15489959716797,457100
BRG,BRG.OL,2015-04-14,66.75,68.0,66.75,67.75,50.4582405090332,376836
BRG,BRG.OL,2015-04-15,68.0,68.25,67.75,68.0,50.64443588256836,173598
BRG,BRG.OL,2015-04-16,67.0,67.25,64.5,66.0,50.075401306152344,472497
BRG,BRG.OL,2015-04-17,66.0,66.5,64.25,64.75,49.12700653076172,258644
BRG,BRG.OL,2015-04-20,65.0,65.0,62.25,63.0,47.79924392700195,240644
BRG,BRG.OL,2015-04-21,63.25,64.25,63.25,64.0,48.55796432495117,167568
BRG,BRG.OL,2015-04-22,64.0,64.0,63.0,63.75,48.368282318115234,121049
BRG,BRG.OL,2015-04-23,64.25,64.5,61.5,62.75,47.60956573486328,128828
BRG,BRG.OL,2015-04-24,63.0,63.0,61.25,61.75,46.85084533691406,148676
BRG,BRG.OL,2015-04-27,61.75,63.25,61.5,63.0,47.79924392700195,139396
BRG,BRG.OL,2015-04-28,61.0,61.0,57.25,59.75,45.33340835571289,862556
BRG,BRG.OL,2015-04-29,60.5,60.75,57.0,59.0,44.764366149902344,584260
BRG,BRG.OL,2015-04-30,59.5,59.5,57.75,58.25,44.19532775878906,209692
BRG,BRG.OL,2015-05-04,57.5,59.25,57.5,57.5,43.62629699707031,245529
BRG,BRG.OL,2015-05-05,57.75,58.25,57.25,57.25,43.436614990234375,307579
BRG,BRG.OL,2015-05-06,57.0,57.25,54.5,55.0,41.72949981689453,307264
BRG,BRG.OL,2015-05-07,55.0,55.25,52.75,53.25,40.40174102783203,360682
BRG,BRG.OL,2015-05-08,53.5,54.75,53.5,53.75,40.78110122680664,180891
BRG,BRG.OL,2015-05-11,54.0,55.75,53.75,54.75,41.53982162475586,289240
BRG,BRG.OL,2015-05-12,54.75,54.75,54.0,54.25,41.16046142578125,177652
BRG,BRG.OL,2015-05-13,54.75,56.75,53.75,53.75,40.78110122680664,206707
BRG,BRG.OL,2015-05-15,53.75,54.75,53.5,53.75,40.78110122680664,108207
BRG,BRG.OL,2015-05-18,54.0,54.25,53.5,54.0,40.97077941894531,89494
BRG,BRG.OL,2015-05-19,54.0,55.5,52.75,55.25,41.919185638427734,316614
BRG,BRG.OL,2015-05-20,55.75,58.0,55.25,57.75,43.81597137451172,252032
BRG,BRG.OL,2015-05-21,58.0,58.75,56.5,57.25,43.436614990234375,232027
BRG,BRG.OL,2015-05-22,57.5,57.5,55.5,56.5,42.86758041381836,127052
BRG,BRG.OL,2015-05-26,56.0,56.5,53.75,53.75,40.78110122680664,242380
BRG,BRG.OL,2015-05-27,53.75,55.25,53.5,54.5,41.35013961791992,211669
BRG,BRG.OL,2015-05-28,55.0,55.0,54.0,54.25,41.16046142578125,113919
BRG,BRG.OL,2015-05-29,54.25,56.5,54.25,56.0,42.48822021484375,203750
BRG,BRG.OL,2015-06-01,56.75,60.0,56.75,58.0,44.005653381347656,346263
BRG,BRG.OL,2015-06-02,59.0,60.0,58.25,59.25,44.95405578613281,282475
BRG,BRG.OL,2015-06-03,59.0,60.5,59.0,60.0,45.52308654785156,280098
BRG,BRG.OL,2015-06-04,60.25,60.25,58.25,58.75,44.57469177246094,137995
BRG,BRG.OL,2015-06-05,58.5,60.0,58.25,60.0,45.52308654785156,207866
BRG,BRG.OL,2015-06-08,59.75,60.25,58.5,58.75,44.57469177246094,149568
BRG,BRG.OL,2015-06-09,58.75,58.75,56.0,56.5,42.86758041381836,231771
BRG,BRG.OL,2015-06-10,56.5,58.0,56.5,57.5,43.62629699707031,103554
BRG,BRG.OL,2015-06-11,57.75,58.5,57.25,58.25,44.19532775878906,106664
BRG,BRG.OL,2015-06-12,57.25,57.75,56.5,57.0,43.2469367980957,131561
BRG,BRG.OL,2015-06-15,56.5,56.75,55.25,56.25,42.67790222167969,182339
BRG,BRG.OL,2015-06-16,56.5,57.0,54.5,56.5,42.86758041381836,165031
BRG,BRG.OL,2015-06-17,57.0,57.25,56.25,56.25,42.67790222167969,117512
BRG,BRG.OL,2015-06-18,56.0,57.0,55.75,56.25,42.67790222167969,161231
BRG,BRG.OL,2015-06-19,56.5,56.5,55.75,55.75,42.29854202270508,300579
BRG,BRG.OL,2015-06-22,56.75,57.75,56.25,57.25,43.436614990234375,251183
BRG,BRG.OL,2015-06-23,57.5,58.5,57.5,58.0,44.005653381347656,194815
BRG,BRG.OL,2015-06-24,58.25,58.5,58.0,58.0,44.005653381347656,146141
BRG,BRG.OL,2015-06-25,58.0,58.25,56.75,57.5,43.62629699707031,90440
BRG,BRG.OL,2015-06-26,57.25,57.5,56.75,57.0,43.2469367980957,165920
BRG,BRG.OL,2015-06-29,56.5,57.0,55.25,57.0,43.2469367980957,175334
BRG,BRG.OL,2015-06-30,56.75,56.75,55.25,55.5,42.10886001586914,166935
BRG,BRG.OL,2015-07-01,55.25,56.25,55.25,55.75,42.29854202270508,137312
BRG,BRG.OL,2015-07-02,55.75,55.75,54.5,54.5,41.35013961791992,118163
BRG,BRG.OL,2015-07-03,55.25,55.25,53.5,53.75,40.78110122680664,113639
BRG,BRG.OL,2015-07-06,53.25,54.5,53.0,54.25,41.16046142578125,59767
BRG,BRG.OL,2015-07-07,54.25,55.5,53.75,55.0,41.72949981689453,144017
BRG,BRG.OL,2015-07-08,54.75,55.5,53.0,53.25,40.40174102783203,244983
BRG,BRG.OL,2015-07-09,54.25,55.25,53.5,54.75,41.53982162475586,87769
BRG,BRG.OL,2015-07-10,55.5,55.5,54.0,55.0,41.72949981689453,81700
BRG,BRG.OL,2015-07-13,55.5,56.0,54.75,54.75,41.53982162475586,89746
BRG,BRG.OL,2015-07-14,55.0,55.75,55.0,55.0,41.72949981689453,110473
BRG,BRG.OL,2015-07-15,51.5,53.5,51.5,52.75,40.02238082885742,423002
BRG,BRG.OL,2015-07-16,52.75,55.5,52.75,55.25,41.919185638427734,165082
BRG,BRG.OL,2015-07-17,55.5,55.75,54.75,55.5,42.10886001586914,112125
BRG,BRG.OL,2015-07-20,55.25,55.25,53.75,54.75,41.53982162475586,113884
BRG,BRG.OL,2015-07-21,54.75,54.75,53.75,54.25,41.16046142578125,159485
BRG,BRG.OL,2015-07-22,55.0,55.0,54.0,54.25,41.16046142578125,66494
BRG,BRG.OL,2015-07-23,54.25,54.25,53.75,54.0,40.97077941894531,47023
BRG,BRG.OL,2015-07-24,53.75,54.25,53.5,53.5,40.5914192199707,186919
BRG,BRG.OL,2015-07-27,53.0,54.0,51.25,51.25,38.88431167602539,142748
BRG,BRG.OL,2015-07-28,51.25,53.5,51.25,52.5,39.832706451416016,115441
BRG,BRG.OL,2015-07-29,52.5,52.75,51.5,52.0,39.453346252441406,84612
BRG,BRG.OL,2015-07-30,52.0,52.0,51.0,51.75,39.26366424560547,163414
BRG,BRG.OL,2015-07-31,52.0,52.25,51.5,51.75,39.26366424560547,116013
BRG,BRG.OL,2015-08-03,51.5,51.75,50.5,50.75,38.50495147705078,83591
BRG,BRG.OL,2015-08-04,50.5,52.5,50.5,52.0,39.453346252441406,219567
BRG,BRG.OL,2015-08-05,52.25,53.5,52.0,53.0,40.21206283569336,315450
BRG,BRG.OL,2015-08-06,53.25,53.25,52.5,52.75,40.02238082885742,80296
BRG,BRG.OL,2015-08-07,52.75,54.75,52.5,53.25,40.40174102783203,104061
BRG,BRG.OL,2015-08-10,53.5,54.25,52.5,53.25,40.40174102783203,74198
BRG,BRG.OL,2015-08-11,53.75,54.25,52.5,53.0,40.21206283569336,251905
BRG,BRG.OL,2015-08-12,53.5,53.5,52.5,52.75,40.02238082885742,159827
BRG,BRG.OL,2015-08-13,52.75,53.25,52.5,52.75,40.02238082885742,96589
BRG,BRG.OL,2015-08-14,53.0,53.5,52.75,53.0,40.21206283569336,90012
BRG,BRG.OL,2015-08-17,53.0,54.5,53.0,54.25,41.16046142578125,272475
BRG,BRG.OL,2015-08-18,54.5,54.75,53.25,53.75,40.78110122680664,134964
BRG,BRG.OL,2015-08-19,53.75,54.5,53.75,53.5,40.5914192199707,88261
BRG,BRG.OL,2015-08-20,53.25,53.25,52.0,53.0,40.21206283569336,91678
BRG,BRG.OL,2015-08-21,52.5,52.5,50.75,50.75,38.50495147705078,124653
BRG,BRG.OL,2015-08-24,47.0,48.5,47.0,48.400001525878906,36.721961975097656,449577
BRG,BRG.OL,2015-08-25,48.20000076293945,50.25,48.20000076293945,50.25,38.12559127807617,155957
BRG,BRG.OL,2015-08-26,50.5,51.75,49.599998474121094,50.5,38.315269470214844,104891
BRG,BRG.OL,2015-08-27,51.75,52.75,50.5,52.25,39.643028259277344,223267
BRG,BRG.OL,2015-08-28,52.25,52.25,51.0,51.75,39.26366424560547,112157
BRG,BRG.OL,2015-08-31,51.5,52.25,51.5,52.0,39.453346252441406,142868
BRG,BRG.OL,2015-09-01,52.0,52.0,49.599998474121094,50.75,38.50495147705078,189436
BRG,BRG.OL,2015-09-02,51.0,52.25,50.75,52.0,39.453346252441406,59073
BRG,BRG.OL,2015-09-03,52.5,53.0,52.25,52.25,39.643028259277344,48150
BRG,BRG.OL,2015-09-04,51.5,52.5,50.25,52.25,39.643028259277344,67409
BRG,BRG.OL,2015-09-07,52.5,52.75,52.0,52.75,40.02238082885742,19385
BRG,BRG.OL,2015-09-08,52.75,53.5,52.25,53.25,40.40174102783203,68265
BRG,BRG.OL,2015-09-09,54.0,55.0,53.5,55.0,41.72949981689453,62982
BRG,BRG.OL,2015-09-10,54.0,54.75,53.5,54.5,41.35013961791992,77514
BRG,BRG.OL,2015-09-11,54.5,55.25,53.5,54.25,41.16046142578125,70149
BRG,BRG.OL,2015-09-14,53.5,54.5,53.0,53.5,40.5914192199707,40988
BRG,BRG.OL,2015-09-15,53.25,53.25,52.5,53.0,40.21206283569336,38975
BRG,BRG.OL,2015-09-16,54.0,54.75,54.0,54.0,40.97077941894531,40719
BRG,BRG.OL,2015-09-17,54.5,54.5,52.0,52.5,39.832706451416016,80647
BRG,BRG.OL,2015-09-18,52.75,52.75,52.0,52.0,39.453346252441406,76028
BRG,BRG.OL,2015-09-21,51.75,52.5,51.0,52.0,39.453346252441406,75661
BRG,BRG.OL,2015-09-22,52.25,52.5,51.0,51.75,39.26366424560547,63641
BRG,BRG.OL,2015-09-23,51.25,51.5,51.0,51.0,38.69462585449219,42379
BRG,BRG.OL,2015-09-24,51.0,52.5,50.75,51.5,39.0739860534668,243770
BRG,BRG.OL,2015-09-25,51.75,52.5,51.75,52.25,39.643028259277344,100498
BRG,BRG.OL,2015-09-28,51.25,52.0,51.0,51.25,38.88431167602539,67791
BRG,BRG.OL,2015-09-29,50.5,50.75,50.25,50.5,38.315269470214844,110105
BRG,BRG.OL,2015-09-30,50.75,51.75,50.5,51.25,38.88431167602539,81103
BRG,BRG.OL,2015-10-01,51.25,51.5,49.400001525878906,50.0,37.935909271240234,282934
BRG,BRG.OL,2015-10-02,50.25,50.25,49.900001525878906,50.0,37.935909271240234,108988
BRG,BRG.OL,2015-10-05,50.5,51.0,50.25,51.0,38.69462585449219,55864
BRG,BRG.OL,2015-10-06,51.25,52.5,51.25,52.5,39.832706451416016,108667
BRG,BRG.OL,2015-10-07,53.0,53.0,52.0,52.0,39.453346252441406,118466
BRG,BRG.OL,2015-10-08,52.5,53.25,52.0,53.0,40.21206283569336,43177
BRG,BRG.OL,2015-10-09,53.25,53.75,53.25,53.75,40.78110122680664,137478
BRG,BRG.OL,2015-10-12,53.75,54.0,52.0,52.25,39.643028259277344,96611
BRG,BRG.OL,2015-10-13,52.5,52.5,51.75,51.75,39.26366424560547,78688
BRG,BRG.OL,2015-10-14,52.0,52.5,51.0,51.25,38.88431167602539,67234
BRG,BRG.OL,2015-10-15,51.25,52.0,51.25,52.0,39.453346252441406,48596
BRG,BRG.OL,2015-10-16,53.25,53.75,52.75,53.0,40.21206283569336,70729
BRG,BRG.OL,2015-10-19,53.0,54.5,52.75,54.25,41.16046142578125,84438
BRG,BRG.OL,2015-10-20,53.5,55.0,53.25,53.5,40.5914192199707,97709
BRG,BRG.OL,2015-10-21,51.25,51.5,49.0,49.20000076293945,37.32893753051758,541879
BRG,BRG.OL,2015-10-22,49.29999923706055,49.400001525878906,44.400001525878906,45.79999923706055,34.749290466308594,1382208
BRG,BRG.OL,2015-10-23,46.099998474121094,46.099998474121094,44.599998474121094,44.79999923706055,33.990570068359375,642017
BRG,BRG.OL,2015-10-26,44.70000076293945,46.20000076293945,44.70000076293945,45.099998474121094,34.21818923950195,335494
BRG,BRG.OL,2015-10-27,45.79999923706055,45.79999923706055,44.900001525878906,44.900001525878906,34.06644821166992,536256
BRG,BRG.OL,2015-10-28,44.900001525878906,44.900001525878906,43.79999923706055,44.29999923706055,33.6112174987793,206507
BRG,BRG.OL,2015-10-29,44.5,45.29999923706055,44.099998474121094,45.20000076293945,34.29405975341797,231646
BRG,BRG.OL,2015-10-30,45.70000076293945,45.70000076293945,45.0,45.29999923706055,34.36993408203125,175858
BRG,BRG.OL,2015-11-02,45.0,46.400001525878906,45.0,46.29999923706055,35.12865447998047,209573
BRG,BRG.OL,2015-11-03,46.70000076293945,48.79999923706055,46.400001525878906,48.5,36.79783248901367,460571
BRG,BRG.OL,2015-11-04,48.70000076293945,48.900001525878906,47.5,48.0,36.4184684753418,238947
BRG,BRG.OL,2015-11-05,48.099998474121094,48.70000076293945,47.900001525878906,48.400001525878906,36.721961975097656,219533
BRG,BRG.OL,2015-11-06,48.599998474121094,48.79999923706055,48.20000076293945,48.70000076293945,36.9495735168457,192128
BRG,BRG.OL,2015-11-09,48.70000076293945,49.099998474121094,48.20000076293945,48.20000076293945,36.57020950317383,151743
BRG,BRG.OL,2015-11-10,48.29999923706055,49.0,47.900001525878906,48.400001525878906,36.721961975097656,157006
BRG,BRG.OL,2015-11-11,48.400001525878906,48.5,47.79999923706055,47.900001525878906,36.34260177612305,270509
BRG,BRG.OL,2015-11-12,47.599998474121094,47.70000076293945,47.20000076293945,47.70000076293945,36.190860748291016,111820
BRG,BRG.OL,2015-11-13,47.5,47.79999923706055,46.79999923706055,47.5,36.03910827636719,69951
BRG,BRG.OL,2015-11-16,47.20000076293945,47.599998474121094,46.29999923706055,46.599998474121094,35.35626983642578,136075
BRG,BRG.OL,2015-11-17,46.599998474121094,47.0,46.29999923706055,46.29999923706055,35.12865447998047,152353
BRG,BRG.OL,2015-11-18,46.29999923706055,46.599998474121094,45.900001525878906,45.900001525878906,34.82516098022461,94952
BRG,BRG.OL,2015-11-19,46.099998474121094,47.20000076293945,46.099998474121094,46.70000076293945,35.43214416503906,125299
BRG,BRG.OL,2015-11-20,47.0,49.0,46.900001525878906,48.79999923706055,37.025447845458984,278688
BRG,BRG.OL,2015-11-23,48.79999923706055,49.400001525878906,48.20000076293945,48.5,36.79783248901367,109879
BRG,BRG.OL,2015-11-24,48.5,48.599998474121094,46.79999923706055,46.79999923706055,35.50801086425781,143662
BRG,BRG.OL,2015-11-25,47.0,47.0,46.099998474121094,46.099998474121094,34.976905822753906,88280
BRG,BRG.OL,2015-11-26,45.900001525878906,46.79999923706055,45.900001525878906,46.29999923706055,35.12865447998047,85656
BRG,BRG.OL,2015-11-27,45.79999923706055,46.400001525878906,45.599998474121094,46.20000076293945,35.05278015136719,72056
BRG,BRG.OL,2015-11-30,45.900001525878906,48.0,45.79999923706055,47.599998474121094,36.1149787902832,281569
BRG,BRG.OL,2015-12-01,47.5,48.900001525878906,47.400001525878906,48.900001525878906,37.101318359375,322383
BRG,BRG.OL,2015-12-02,48.599998474121094,48.599998474121094,47.29999923706055,47.5,36.03910827636719,157651
BRG,BRG.OL,2015-12-03,47.29999923706055,48.0,47.20000076293945,47.400001525878906,35.9632453918457,153887
BRG,BRG.OL,2015-12-04,46.79999923706055,47.599998474121094,46.70000076293945,47.29999923706055,35.887367248535156,176974
BRG,BRG.OL,2015-12-07,47.5,48.20000076293945,47.5,48.0,36.4184684753418,125486
BRG,BRG.OL,2015-12-08,47.79999923706055,48.900001525878906,46.900001525878906,47.0,35.65974807739258,310401
BRG,BRG.OL,2015-12-09,47.0,47.20000076293945,46.099998474121094,46.900001525878906,35.58388137817383,155785
BRG,BRG.OL,2015-12-10,46.70000076293945,47.20000076293945,46.400001525878906,46.5,35.2803955078125,170193
BRG,BRG.OL,2015-12-11,46.599998474121094,46.599998474121094,46.0,46.099998474121094,34.976905822753906,173560
BRG,BRG.OL,2015-12-14,46.0,46.5,45.0,45.400001525878906,34.44580078125,182448
BRG,BRG.OL,2015-12-15,46.0,46.29999923706055,45.79999923706055,46.0,34.90103530883789,137223
BRG,BRG.OL,2015-12-16,46.400001525878906,46.5,46.0,46.29999923706055,35.12865447998047,75860
BRG,BRG.OL,2015-12-17,46.5,47.599998474121094,46.5,47.400001525878906,35.9632453918457,163149
BRG,BRG.OL,2015-12-18,46.900001525878906,47.20000076293945,46.20000076293945,46.79999923706055,35.50801086425781,180858
BRG,BRG.OL,2015-12-21,46.599998474121094,47.400001525878906,46.20000076293945,46.5,35.2803955078125,100031
BRG,BRG.OL,2015-12-22,46.400001525878906,46.5,45.900001525878906,46.20000076293945,35.05278015136719,96610
BRG,BRG.OL,2015-12-23,46.29999923706055,47.400001525878906,46.29999923706055,47.400001525878906,35.9632453918457,171180
BRG,BRG.OL,2015-12-28,47.400001525878906,48.400001525878906,47.400001525878906,47.5,36.03910827636719,34939
BRG,BRG.OL,2015-12-29,47.5,48.400001525878906,47.0,48.400001525878906,36.721961975097656,89081
BRG,BRG.OL,2015-12-30,48.5,49.5,48.5,49.400001525878906,37.48067855834961,193966
BRG,BRG.OL,2016-01-04,48.70000076293945,48.70000076293945,47.70000076293945,48.0,36.4184684753418,125475
BRG,BRG.OL,2016-01-05,47.900001525878906,48.599998474121094,47.099998474121094,47.5,36.03910827636719,134027
BRG,BRG.OL,2016-01-06,47.79999923706055,47.900001525878906,46.29999923706055,46.70000076293945,35.43214416503906,109085
BRG,BRG.OL,2016-01-07,46.20000076293945,46.5,45.099998474121094,45.20000076293945,34.29405975341797,255719
BRG,BRG.OL,2016-01-08,45.29999923706055,45.79999923706055,45.0,45.20000076293945,34.29405975341797,187198
BRG,BRG.OL,2016-01-11,45.29999923706055,45.29999923706055,44.0,44.79999923706055,33.990570068359375,136171
BRG,BRG.OL,2016-01-12,44.5,46.29999923706055,43.5,45.599998474121094,34.59755325317383,170690
BRG,BRG.OL,2016-01-13,46.20000076293945,46.20000076293945,44.20000076293945,44.400001525878906,33.68708801269531,218389
BRG,BRG.OL,2016-01-14,44.400001525878906,44.400001525878906,42.5,43.70000076293945,33.155982971191406,403429
BRG,BRG.OL,2016-01-15,44.20000076293945,44.20000076293945,42.599998474121094,43.5,33.00424575805664,373999
BRG,BRG.OL,2016-01-18,43.400001525878906,44.79999923706055,43.29999923706055,44.599998474121094,33.83883285522461,257294
BRG,BRG.OL,2016-01-19,45.29999923706055,45.70000076293945,43.5,44.099998474121094,33.45946502685547,149241
BRG,BRG.OL,2016-01-20,43.79999923706055,43.79999923706055,42.70000076293945,42.900001525878906,32.54901123046875,130686
BRG,BRG.OL,2016-01-21,43.0,44.29999923706055,42.5,44.099998474121094,33.45946502685547,209743
BRG,BRG.OL,2016-01-22,44.599998474121094,45.400001525878906,41.79999923706055,42.0,31.86616325378418,458576
BRG,BRG.OL,2016-01-25,42.400001525878906,43.70000076293945,40.79999923706055,43.599998474121094,33.080116271972656,255839
BRG,BRG.OL,2016-01-26,42.79999923706055,44.20000076293945,41.79999923706055,44.099998474121094,33.45946502685547,162768
BRG,BRG.OL,2016-01-27,44.20000076293945,45.0,43.0,44.599998474121094,33.83883285522461,150812
BRG,BRG.OL,2016-01-28,44.400001525878906,45.099998474121094,43.5,44.5,33.76295471191406,242593
BRG,BRG.OL,2016-01-29,44.5,45.0,43.599998474121094,44.0,33.38359451293945,239738
BRG,BRG.OL,2016-02-01,44.29999923706055,45.0,43.900001525878906,44.900001525878906,34.06644821166992,197843
BRG,BRG.OL,2016-02-02,45.0,45.0,42.79999923706055,43.0,32.624881744384766,244728
BRG,BRG.OL,2016-02-03,44.900001525878906,47.79999923706055,44.900001525878906,46.5,35.2803955078125,599986
BRG,BRG.OL,2016-02-04,47.20000076293945,50.0,46.70000076293945,49.5,37.55655288696289,783328
BRG,BRG.OL,2016-02-05,50.0,51.25,49.900001525878906,50.5,38.315269470214844,283802
BRG,BRG.OL,2016-02-08,50.75,50.75,48.5,48.5,36.79783248901367,287304
BRG,BRG.OL,2016-02-09,48.5,49.0,47.5,47.5,36.03910827636719,288604
BRG,BRG.OL,2016-02-10,47.70000076293945,48.5,47.599998474121094,48.5,36.79783248901367,468899
BRG,BRG.OL,2016-02-11,48.400001525878906,48.79999923706055,47.099998474121094,48.099998474121094,36.49433517456055,480784
BRG,BRG.OL,2016-02-12,48.29999923706055,50.0,48.29999923706055,49.29999923706055,37.404808044433594,213800
BRG,BRG.OL,2016-02-15,49.29999923706055,50.5,49.29999923706055,49.70000076293945,37.70829772949219,250082
BRG,BRG.OL,2016-02-16,49.70000076293945,50.5,49.400001525878906,50.25,38.12559127807617,100900
BRG,BRG.OL,2016-02-17,50.25,50.5,50.0,50.5,38.315269470214844,106291
BRG,BRG.OL,2016-02-18,50.5,51.5,50.5,50.75,38.50495147705078,92338
BRG,BRG.OL,2016-02-19,50.75,50.75,50.0,50.5,38.315269470214844,47363
BRG,BRG.OL,2016-02-22,50.5,51.25,50.25,50.5,38.315269470214844,36972
BRG,BRG.OL,2016-02-23,50.5,51.0,50.25,50.75,38.50495147705078,68368
BRG,BRG.OL,2016-02-24,50.5,51.25,50.5,50.5,38.315269470214844,111405
BRG,BRG.OL,2016-02-25,50.75,52.0,50.75,51.5,39.0739860534668,83160
BRG,BRG.OL,2016-02-26,51.75,52.0,51.25,51.25,38.88431167602539,21279
BRG,BRG.OL,2016-02-29,51.0,51.5,51.0,51.5,39.0739860534668,55455
BRG,BRG.OL,2016-03-01,51.75,52.5,51.0,51.0,38.69462585449219,100879
BRG,BRG.OL,2016-03-02,51.5,51.75,50.75,50.75,38.50495147705078,123012
BRG,BRG.OL,2016-03-03,51.25,51.25,50.0,51.0,38.69462585449219,69188
BRG,BRG.OL,2016-03-04,51.25,52.25,51.0,51.25,38.88431167602539,88960
BRG,BRG.OL,2016-03-07,51.5,51.5,50.5,51.25,38.88431167602539,234226
BRG,BRG.OL,2016-03-08,51.0,51.25,50.5,51.0,38.69462585449219,331007
BRG,BRG.OL,2016-03-09,50.5,51.25,50.5,51.0,38.69462585449219,75017
BRG,BRG.OL,2016-03-10,50.5,51.0,49.5,49.5,37.55655288696289,183169
BRG,BRG.OL,2016-03-11,49.099998474121094,51.25,49.0,51.25,38.88431167602539,98292
BRG,BRG.OL,2016-03-14,51.25,52.0,51.0,51.5,39.0739860534668,109926
BRG,BRG.OL,2016-03-15,51.75,53.25,51.5,52.5,39.832706451416016,51853
BRG,BRG.OL,2016-03-16,52.5,52.75,51.5,51.75,39.26366424560547,78558
BRG,BRG.OL,2016-03-17,52.0,53.0,51.5,52.5,39.832706451416016,189094
BRG,BRG.OL,2016-03-18,52.25,53.75,52.25,53.75,40.78110122680664,126156
BRG,BRG.OL,2016-03-21,54.25,56.0,54.25,55.25,41.919185638427734,200709
BRG,BRG.OL,2016-03-22,55.5,56.0,55.0,56.0,42.48822021484375,117317
BRG,BRG.OL,2016-03-23,55.25,55.5,54.75,55.5,42.10886001586914,88938
BRG,BRG.OL,2016-03-29,55.5,56.75,54.5,56.0,42.48822021484375,291171
BRG,BRG.OL,2016-03-30,57.0,57.0,55.0,55.75,42.29854202270508,205337
BRG,BRG.OL,2016-03-31,56.0,56.0,54.0,55.5,42.10886001586914,210513
BRG,BRG.OL,2016-04-01,54.75,55.25,53.75,54.25,41.16046142578125,116822
BRG,BRG.OL,2016-04-04,54.0,54.5,54.0,54.5,41.35013961791992,50218
BRG,BRG.OL,2016-04-05,54.0,55.25,53.75,55.0,41.72949981689453,34603
BRG,BRG.OL,2016-04-06,54.0,55.0,54.0,54.25,41.16046142578125,94558
BRG,BRG.OL,2016-04-07,54.5,54.5,52.5,52.5,39.832706451416016,244403
BRG,BRG.OL,2016-04-08,53.0,55.5,53.0,55.0,41.72949981689453,165317
BRG,BRG.OL,2016-04-11,55.0,55.0,54.0,54.5,41.35013961791992,75141
BRG,BRG.OL,2016-04-12,55.0,55.0,53.25,54.25,41.16046142578125,121043
BRG,BRG.OL,2016-04-13,54.5,56.75,54.5,56.75,43.057254791259766,155788
BRG,BRG.OL,2016-04-14,55.25,56.5,55.25,56.0,43.641746520996094,128840
BRG,BRG.OL,2016-04-15,56.0,57.0,55.5,57.0,44.42106246948242,60260
BRG,BRG.OL,2016-04-18,56.5,56.5,54.25,54.5,42.47277069091797,106977
BRG,BRG.OL,2016-04-19,56.25,56.5,55.25,55.75,43.44691848754883,69391
BRG,BRG.OL,2016-04-20,55.75,57.0,55.0,55.5,43.2520866394043,90714
BRG,BRG.OL,2016-04-21,56.0,56.0,54.25,55.0,42.8624267578125,92385
BRG,BRG.OL,2016-04-22,55.0,55.75,54.5,55.75,43.44691848754883,98260
BRG,BRG.OL,2016-04-25,56.0,56.0,55.25,55.25,43.0572624206543,41452
BRG,BRG.OL,2016-04-26,55.25,55.5,53.25,54.75,42.667598724365234,179211
BRG,BRG.OL,2016-04-27,58.0,59.5,57.5,58.75,45.78486633300781,454762
BRG,BRG.OL,2016-04-28,58.75,61.0,58.5,60.5,47.14866638183594,164282
BRG,BRG.OL,2016-04-29,60.25,61.25,60.0,60.25,46.95383834838867,160610
BRG,BRG.OL,2016-05-02,58.0,62.5,58.0,61.75,48.1228141784668,274920
BRG,BRG.OL,2016-05-03,60.75,61.0,60.25,60.75,47.34349822998047,85000
BRG,BRG.OL,2016-05-04,60.0,60.75,60.0,60.0,46.759010314941406,109775
BRG,BRG.OL,2016-05-06,59.75,60.25,59.5,60.0,46.759010314941406,23445
BRG,BRG.OL,2016-05-09,60.25,60.5,59.75,60.0,46.759010314941406,23088
BRG,BRG.OL,2016-05-10,59.5,60.0,59.5,59.75,46.56418228149414,54086
BRG,BRG.OL,2016-05-11,59.75,60.75,59.75,60.75,47.34349822998047,47339
BRG,BRG.OL,2016-05-12,60.25,61.25,59.75,59.75,46.56418228149414,84705
BRG,BRG.OL,2016-05-13,59.5,60.75,59.5,60.75,47.34349822998047,211025
BRG,BRG.OL,2016-05-18,60.25,60.75,60.0,60.25,46.95383834838867,43406
BRG,BRG.OL,2016-05-19,60.0,60.75,59.75,60.25,46.95383834838867,67482
BRG,BRG.OL,2016-05-20,60.0,61.5,60.0,61.5,47.92798614501953,56435
BRG,BRG.OL,2016-05-23,62.25,63.25,61.75,62.25,48.51247024536133,251286
BRG,BRG.OL,2016-05-24,62.5,63.0,62.0,62.75,48.90213394165039,74443
BRG,BRG.OL,2016-05-25,63.0,63.25,62.75,63.25,49.29179382324219,48333
BRG,BRG.OL,2016-05-26,63.25,64.5,63.0,64.0,49.87628173828125,131945
BRG,BRG.OL,2016-05-27,64.0,64.5,64.0,64.25,50.071109771728516,114042
BRG,BRG.OL,2016-05-30,64.5,64.5,63.25,63.75,49.68144989013672,92578
BRG,BRG.OL,2016-05-31,64.0,64.25,63.5,64.0,49.87628173828125,257778
BRG,BRG.OL,2016-06-01,64.0,64.25,63.25,64.0,49.87628173828125,132883
BRG,BRG.OL,2016-06-02,64.5,65.0,64.0,64.5,50.26593017578125,78163
BRG,BRG.OL,2016-06-03,64.0,64.75,64.0,64.25,50.071109771728516,104378
BRG,BRG.OL,2016-06-06,64.75,65.0,64.5,65.0,50.655601501464844,81050
BRG,BRG.OL,2016-06-07,64.75,65.5,64.5,65.25,50.85042953491211,109750
BRG,BRG.OL,2016-06-08,65.0,65.75,64.5,65.25,50.85042953491211,40620
BRG,BRG.OL,2016-06-09,64.75,66.0,64.5,65.0,50.655601501464844,64214
BRG,BRG.OL,2016-06-10,64.75,65.25,64.0,65.25,50.85042953491211,54101
BRG,BRG.OL,2016-06-13,64.5,64.5,62.5,62.5,48.70730209350586,68832
BRG,BRG.OL,2016-06-14,62.0,62.5,61.5,62.0,48.31764602661133,43972
BRG,BRG.OL,2016-06-15,62.25,62.5,61.0,61.0,47.538333892822266,71855
BRG,BRG.OL,2016-06-16,60.25,61.5,59.75,60.75,47.34349822998047,108949
BRG,BRG.OL,2016-06-17,61.0,61.75,60.25,61.5,47.92798614501953,115467
BRG,BRG.OL,2016-06-20,62.75,63.75,61.75,62.0,48.31764602661133,95338
BRG,BRG.OL,2016-06-21,63.0,63.5,62.5,62.75,48.90213394165039,93186
BRG,BRG.OL,2016-06-22,63.5,63.5,62.5,62.75,48.90213394165039,75774
BRG,BRG.OL,2016-06-23,63.0,64.25,62.75,63.5,49.48661804199219,83827
BRG,BRG.OL,2016-06-24,58.0,62.5,58.0,61.75,48.1228141784668,134321
BRG,BRG.OL,2016-06-27,61.75,63.0,61.25,62.25,48.51247024536133,156818
BRG,BRG.OL,2016-06-28,62.5,62.75,61.0,61.75,48.1228141784668,72950
BRG,BRG.OL,2016-06-29,61.75,64.0,61.75,64.0,49.87628173828125,66392
BRG,BRG.OL,2016-06-30,64.0,64.25,62.0,62.5,48.70730209350586,132475
BRG,BRG.OL,2016-07-01,63.25,63.5,62.5,62.75,48.90213394165039,60256
BRG,BRG.OL,2016-07-04,63.25,63.5,62.75,62.75,48.90213394165039,25711
BRG,BRG.OL,2016-07-05,62.75,63.0,62.0,62.25,48.51247024536133,42135
BRG,BRG.OL,2016-07-06,62.75,62.75,62.0,62.25,48.51247024536133,105228
BRG,BRG.OL,2016-07-07,62.75,64.5,62.75,64.25,50.071109771728516,96845
BRG,BRG.OL,2016-07-08,63.0,64.25,63.0,63.75,49.68144989013672,42223
BRG,BRG.OL,2016-07-11,64.25,64.75,63.75,64.25,50.071109771728516,52695
BRG,BRG.OL,2016-07-12,64.5,65.25,64.5,65.25,50.85042953491211,51728
BRG,BRG.OL,2016-07-13,65.5,65.5,64.5,65.0,50.655601501464844,61312
BRG,BRG.OL,2016-07-14,65.0,65.5,64.5,64.5,50.26593017578125,50240
BRG,BRG.OL,2016-07-15,64.25,66.75,64.25,66.75,52.0193977355957,128752
BRG,BRG.OL,2016-07-18,67.5,68.0,66.25,66.5,51.8245735168457,119313
BRG,BRG.OL,2016-07-19,66.25,66.75,66.25,66.75,52.0193977355957,64675
BRG,BRG.OL,2016-07-20,66.75,66.75,65.0,66.5,51.8245735168457,85738
BRG,BRG.OL,2016-07-21,66.5,66.75,65.75,66.0,51.43491744995117,44337
BRG,BRG.OL,2016-07-22,65.5,65.75,64.5,65.0,50.655601501464844,98595
BRG,BRG.OL,2016-07-25,65.25,67.75,65.25,67.25,52.409053802490234,61474
BRG,BRG.OL,2016-07-26,67.5,67.5,66.5,66.75,52.0193977355957,52778
BRG,BRG.OL,2016-07-27,66.75,70.0,66.5,70.0,54.55217742919922,135761
BRG,BRG.OL,2016-07-28,69.75,69.75,68.25,69.5,54.16251754760742,93350
BRG,BRG.OL,2016-07-29,69.5,69.5,67.5,68.0,52.99354553222656,86911
BRG,BRG.OL,2016-08-01,68.0,69.0,67.5,67.5,52.603885650634766,63602
BRG,BRG.OL,2016-08-02,67.75,69.75,67.75,69.25,53.96769332885742,72799
BRG,BRG.OL,2016-08-03,69.25,69.25,68.25,68.5,53.383209228515625,38245
BRG,BRG.OL,2016-08-04,68.5,68.5,67.75,68.0,52.99354553222656,52430
BRG,BRG.OL,2016-08-05,68.0,68.5,67.25,68.0,52.99354553222656,75203
BRG,BRG.OL,2016-08-08,67.75,69.75,67.75,68.5,53.383209228515625,76147
BRG,BRG.OL,2016-08-09,68.75,70.0,68.25,69.5,54.16251754760742,68021
BRG,BRG.OL,2016-08-10,69.25,69.75,69.0,69.75,54.35734939575195,65340
BRG,BRG.OL,2016-08-11,69.75,69.75,68.75,69.0,53.772865295410156,37580
BRG,BRG.OL,2016-08-12,69.75,70.0,69.0,69.25,53.96769332885742,32426
BRG,BRG.OL,2016-08-15,69.25,70.0,68.5,68.75,53.578041076660156,49434
BRG,BRG.OL,2016-08-16,68.75,68.75,67.5,67.5,52.603885650634766,72120
BRG,BRG.OL,2016-08-17,67.75,68.5,66.75,67.0,52.214229583740234,41259
BRG,BRG.OL,2016-08-18,67.0,67.25,66.5,66.5,51.8245735168457,50130
BRG,BRG.OL,2016-08-19,67.0,67.0,65.5,66.25,51.629737854003906,50535
BRG,BRG.OL,2016-08-22,66.75,66.75,66.0,66.25,51.629737854003906,59676
BRG,BRG.OL,2016-08-23,65.75,65.75,59.0,65.5,51.04526138305664,133467
BRG,BRG.OL,2016-08-24,65.0,67.0,64.75,67.0,52.214229583740234,59979
BRG,BRG.OL,2016-08-25,66.75,67.75,66.5,66.75,52.0193977355957,66390
BRG,BRG.OL,2016-08-26,67.75,67.75,66.0,66.5,51.8245735168457,35761
BRG,BRG.OL,2016-08-29,66.0,67.5,66.0,67.0,52.214229583740234,56424
BRG,BRG.OL,2016-08-30,67.25,68.25,67.25,67.75,52.79871368408203,37251
BRG,BRG.OL,2016-08-31,67.75,68.0,66.5,67.75,52.79871368408203,35248
BRG,BRG.OL,2016-09-01,67.75,68.0,67.5,67.75,52.79871368408203,68760
BRG,BRG.OL,2016-09-02,67.75,68.25,67.5,67.75,52.79871368408203,72861
BRG,BRG.OL,2016-09-05,67.75,68.25,67.25,67.5,52.603885650634766,46625
BRG,BRG.OL,2016-09-06,67.5,68.0,67.5,67.5,52.603885650634766,50795
BRG,BRG.OL,2016-09-07,67.5,68.0,67.25,67.5,52.603885650634766,52417
BRG,BRG.OL,2016-09-08,67.75,67.75,67.0,67.5,52.603885650634766,17750
BRG,BRG.OL,2016-09-09,67.5,68.25,66.75,68.0,52.99354553222656,62867
BRG,BRG.OL,2016-09-12,67.5,68.0,67.5,67.5,52.603885650634766,35035
BRG,BRG.OL,2016-09-13,68.5,68.5,66.0,66.75,52.0193977355957,80222
BRG,BRG.OL,2016-09-14,67.25,68.0,66.25,67.0,52.214229583740234,116313
BRG,BRG.OL,2016-09-15,66.75,67.5,66.5,67.5,52.603885650634766,77531
BRG,BRG.OL,2016-09-16,67.5,69.0,67.0,68.5,53.383209228515625,63423
BRG,BRG.OL,2016-09-19,69.0,70.25,69.0,69.75,54.35734939575195,138163
BRG,BRG.OL,2016-09-20,71.0,72.25,70.25,71.25,55.52632522583008,128231
BRG,BRG.OL,2016-09-21,72.75,73.5,71.75,72.5,56.5004768371582,110314
BRG,BRG.OL,2016-09-22,73.0,73.0,71.5,72.0,56.11081314086914,107368
BRG,BRG.OL,2016-09-23,72.0,72.75,71.75,72.5,56.5004768371582,259289
BRG,BRG.OL,2016-09-26,72.5,72.5,71.0,71.25,55.52632522583008,135305
BRG,BRG.OL,2016-09-27,71.25,71.5,70.75,71.0,55.33150863647461,68546
BRG,BRG.OL,2016-09-28,71.0,72.25,71.0,71.25,55.52632522583008,48120
BRG,BRG.OL,2016-09-29,72.0,72.5,70.75,70.75,55.13666915893555,41096
BRG,BRG.OL,2016-09-30,70.75,72.0,70.25,71.75,55.915977478027344,95293
BRG,BRG.OL,2016-10-03,72.0,72.5,72.0,72.25,56.30564498901367,193737
BRG,BRG.OL,2016-10-04,72.5,74.0,72.5,74.0,57.66944885253906,149049
BRG,BRG.OL,2016-10-05,74.0,74.0,73.0,73.0,56.89013671875,118253
BRG,BRG.OL,2016-10-06,73.25,73.5,72.75,73.5,57.27979278564453,126084
BRG,BRG.OL,2016-10-07,73.75,74.0,73.5,73.75,57.4746208190918,99119
BRG,BRG.OL,2016-10-10,72.75,73.75,71.75,73.0,56.89013671875,112401
BRG,BRG.OL,2016-10-11,72.5,72.75,71.25,71.5,55.72116470336914,162350
BRG,BRG.OL,2016-10-12,71.0,71.5,71.0,71.25,55.52632522583008,112286
BRG,BRG.OL,2016-10-13,72.0,72.0,70.0,72.0,56.11081314086914,63995
BRG,BRG.OL,2016-10-14,72.0,73.0,70.75,71.25,55.52632522583008,63806
BRG,BRG.OL,2016-10-17,70.5,72.0,70.0,72.0,56.11081314086914,69920
BRG,BRG.OL,2016-10-18,70.75,72.75,70.5,72.5,56.5004768371582,274523
BRG,BRG.OL,2016-10-19,72.5,72.75,72.25,72.5,56.5004768371582,78534
BRG,BRG.OL,2016-10-20,72.0,72.5,72.0,72.5,56.5004768371582,69116
BRG,BRG.OL,2016-10-21,75.5,79.75,75.25,77.5,60.397056579589844,415802
BRG,BRG.OL,2016-10-24,78.5,81.0,78.0,79.75,62.15052795410156,141616
BRG,BRG.OL,2016-10-25,80.75,81.25,80.25,80.5,62.73500442504883,117212
BRG,BRG.OL,2016-10-26,80.5,81.5,79.75,80.0,62.34535217285156,79456
BRG,BRG.OL,2016-10-27,80.25,81.75,74.0,80.5,62.73500442504883,140047
BRG,BRG.OL,2016-10-28,80.75,81.0,79.0,80.25,62.54017639160156,54086
BRG,BRG.OL,2016-10-31,80.0,81.0,79.5,81.0,63.12466049194336,80670
BRG,BRG.OL,2016-11-01,81.25,81.25,80.0,80.0,62.34535217285156,88287
BRG,BRG.OL,2016-11-02,79.25,79.5,77.25,77.5,60.397056579589844,119085
BRG,BRG.OL,2016-11-03,77.25,80.25,77.25,79.5,61.95569610595703,63409
BRG,BRG.OL,2016-11-04,79.75,80.25,78.5,79.0,61.56604766845703,36928
BRG,BRG.OL,2016-11-07,78.5,80.0,78.5,79.0,61.56604766845703,23660
BRG,BRG.OL,2016-11-08,79.0,81.0,78.75,78.75,61.37119674682617,107726
BRG,BRG.OL,2016-11-09,76.0,80.25,76.0,79.5,61.95569610595703,102971
BRG,BRG.OL,2016-11-10,81.0,81.5,80.0,80.75,62.929832458496094,107789
BRG,BRG.OL,2016-11-11,81.0,81.0,79.0,80.0,62.34535217285156,132231
BRG,BRG.OL,2016-11-14,80.25,81.5,79.75,79.75,62.15052795410156,57695
BRG,BRG.OL,2016-11-15,80.25,81.0,80.25,80.5,62.73500442504883,54630
BRG,BRG.OL,2016-11-16,80.25,81.0,80.0,80.5,62.73500442504883,71633
BRG,BRG.OL,2016-11-17,80.5,81.0,80.0,80.5,62.73500442504883,121035
BRG,BRG.OL,2016-11-18,80.75,85.5,80.5,83.75,65.26779174804688,110734
BRG,BRG.OL,2016-11-21,85.0,85.75,84.5,85.0,66.24193572998047,233802
BRG,BRG.OL,2016-11-22,86.0,87.25,84.25,84.5,65.8522720336914,102777
BRG,BRG.OL,2016-11-23,84.5,84.75,83.25,83.25,64.87812805175781,67407
BRG,BRG.OL,2016-11-24,84.5,85.0,83.25,84.5,65.8522720336914,82345
BRG,BRG.OL,2016-11-25,84.75,85.0,83.75,84.0,65.46261596679688,66142
BRG,BRG.OL,2016-11-28,84.5,85.25,83.5,85.0,66.24193572998047,146521
BRG,BRG.OL,2016-11-29,85.25,85.25,83.5,84.0,65.46261596679688,58813
BRG,BRG.OL,2016-11-30,84.25,86.25,84.25,86.0,67.02125549316406,201812
BRG,BRG.OL,2016-12-01,86.0,86.0,84.25,85.25,66.436767578125,173128
BRG,BRG.OL,2016-12-02,84.75,85.5,83.5,85.5,66.63160705566406,103816
BRG,BRG.OL,2016-12-05,85.5,86.5,85.5,86.0,67.02125549316406,81685
BRG,BRG.OL,2016-12-06,85.75,86.0,83.5,83.5,65.07295989990234,52694
BRG,BRG.OL,2016-12-07,83.5,84.5,83.0,83.5,65.07295989990234,85667
BRG,BRG.OL,2016-12-08,83.75,83.75,81.5,82.5,64.29364013671875,171963
BRG,BRG.OL,2016-12-09,82.5,85.0,82.25,84.25,65.65745544433594,140745
BRG,BRG.OL,2016-12-12,84.5,85.0,83.5,83.75,65.26779174804688,176868
BRG,BRG.OL,2016-12-13,83.75,84.25,83.0,84.0,65.46261596679688,69931
BRG,BRG.OL,2016-12-14,84.0,85.0,83.75,84.75,66.04710388183594,70335
BRG,BRG.OL,2016-12-15,85.0,85.75,84.25,84.5,65.8522720336914,87088
BRG,BRG.OL,2016-12-16,84.75,84.75,82.0,83.0,64.68329620361328,138533
BRG,BRG.OL,2016-12-19,83.75,83.75,80.0,80.5,62.73500442504883,199165
BRG,BRG.OL,2016-12-20,80.5,83.5,80.5,82.75,64.48847198486328,148984
BRG,BRG.OL,2016-12-21,81.5,84.0,81.5,82.5,64.29364013671875,75428
BRG,BRG.OL,2016-12-22,81.75,84.5,81.75,84.25,65.65745544433594,84457
BRG,BRG.OL,2016-12-23,84.25,84.5,83.25,84.25,65.65745544433594,39186
BRG,BRG.OL,2016-12-27,84.25,86.0,84.25,86.0,67.02125549316406,50258
BRG,BRG.OL,2016-12-28,86.0,86.5,83.75,84.25,65.65745544433594,94914
BRG,BRG.OL,2016-12-29,83.75,86.0,83.75,86.0,67.02125549316406,88737
BRG,BRG.OL,2016-12-30,86.0,86.5,84.25,84.5,65.8522720336914,55100
BRG,BRG.OL,2017-01-02,84.5,86.5,83.75,86.0,67.02125549316406,65430
BRG,BRG.OL,2017-01-03,86.0,86.25,85.25,86.0,67.02125549316406,85550
BRG,BRG.OL,2017-01-04,87.5,88.25,86.5,87.25,67.9953842163086,178096
BRG,BRG.OL,2017-01-05,87.75,88.0,86.25,87.75,68.38505554199219,142925
BRG,BRG.OL,2017-01-06,87.75,88.0,86.75,87.5,68.19022369384766,70042
BRG,BRG.OL,2017-01-09,87.5,88.0,86.5,87.75,68.38505554199219,81367
BRG,BRG.OL,2017-01-10,87.75,90.0,87.75,89.0,69.35919189453125,128270
BRG,BRG.OL,2017-01-11,89.0,89.5,88.75,88.75,69.16437530517578,96994
BRG,BRG.OL,2017-01-12,89.25,91.0,88.75,90.75,70.72301483154297,176793
BRG,BRG.OL,2017-01-13,91.75,91.75,89.25,90.0,70.1385269165039,85671
BRG,BRG.OL,2017-01-16,91.25,91.25,88.0,88.5,68.96953582763672,168998
BRG,BRG.OL,2017-01-17,88.75,88.75,86.5,87.5,68.19022369384766,96173
BRG,BRG.OL,2017-01-18,82.75,88.0,82.75,87.5,68.19022369384766,156860
BRG,BRG.OL,2017-01-19,87.5,89.5,87.5,87.75,68.38505554199219,86896
BRG,BRG.OL,2017-01-20,86.75,89.75,86.75,89.75,69.9437026977539,84904
BRG,BRG.OL,2017-01-23,89.75,90.0,88.25,90.0,70.1385269165039,47003
BRG,BRG.OL,2017-01-24,89.75,90.0,87.75,88.0,68.57987213134766,101829
BRG,BRG.OL,2017-01-25,88.25,91.0,88.25,89.75,69.9437026977539,116925
BRG,BRG.OL,2017-01-26,90.0,92.5,90.0,92.5,72.08680725097656,107753
BRG,BRG.OL,2017-01-27,92.75,93.0,91.75,92.0,71.69715118408203,63410
BRG,BRG.OL,2017-01-30,92.5,92.5,90.75,91.75,71.50232696533203,56158
BRG,BRG.OL,2017-01-31,91.75,91.75,90.5,90.75,70.72301483154297,78689
BRG,BRG.OL,2017-02-01,90.5,90.75,89.5,90.0,70.1385269165039,96906
BRG,BRG.OL,2017-02-02,90.0,90.0,89.5,90.0,70.1385269165039,102585
BRG,BRG.OL,2017-02-03,90.0,90.0,89.5,90.0,70.1385269165039,88708
BRG,BRG.OL,2017-02-06,90.0,90.25,89.5,90.25,70.3333511352539,78300
BRG,BRG.OL,2017-02-07,90.25,93.5,89.75,93.0,72.47647094726562,134265
BRG,BRG.OL,2017-02-08,93.0,94.0,92.25,92.5,72.08680725097656,86559
BRG,BRG.OL,2017-02-09,93.0,93.0,91.0,91.5,71.30750274658203,82173
BRG,BRG.OL,2017-02-10,94.5,96.25,94.0,94.0,73.25577545166016,322287
BRG,BRG.OL,2017-02-13,95.5,95.75,94.5,94.75,73.84027862548828,91332
BRG,BRG.OL,2017-02-14,94.0,94.75,93.75,93.75,73.06095886230469,70807
BRG,BRG.OL,2017-02-15,93.75,95.25,93.75,94.5,73.64544677734375,70305
BRG,BRG.OL,2017-02-16,94.5,94.5,93.5,93.75,73.06095886230469,116855
BRG,BRG.OL,2017-02-17,94.75,94.75,92.5,92.5,72.08680725097656,77303
BRG,BRG.OL,2017-02-20,92.5,93.75,92.0,93.25,72.67130279541016,72921
BRG,BRG.OL,2017-02-21,93.75,95.0,93.5,94.75,73.84027862548828,131378
BRG,BRG.OL,2017-02-22,95.0,95.0,94.5,94.75,73.84027862548828,124608
BRG,BRG.OL,2017-02-23,94.75,96.5,94.25,95.25,74.22993469238281,119827
BRG,BRG.OL,2017-02-24,95.0,95.5,93.75,94.0,73.25577545166016,69759
BRG,BRG.OL,2017-02-27,94.25,94.75,92.75,93.25,72.67130279541016,84369
BRG,BRG.OL,2017-02-28,93.5,94.5,93.0,94.0,73.25577545166016,79754
BRG,BRG.OL,2017-03-01,94.5,95.25,94.25,94.5,73.64544677734375,116315
BRG,BRG.OL,2017-03-02,94.5,97.0,94.5,96.25,75.00924682617188,230468
BRG,BRG.OL,2017-03-03,96.5,96.5,93.5,95.0,74.03509521484375,139714
BRG,BRG.OL,2017-03-06,94.0,94.75,93.0,94.25,73.45061492919922,115169
BRG,BRG.OL,2017-03-07,94.0,94.75,93.0,94.0,73.25577545166016,250736
BRG,BRG.OL,2017-03-08,94.25,96.75,94.25,96.25,75.00924682617188,203705
BRG,BRG.OL,2017-03-09,96.5,97.0,96.0,96.5,75.20408630371094,148838
BRG,BRG.OL,2017-03-10,97.0,97.0,96.25,96.5,75.20408630371094,85690
BRG,BRG.OL,2017-03-13,97.0,97.0,96.25,96.5,75.20408630371094,110149
BRG,BRG.OL,2017-03-14,97.25,98.75,97.0,98.75,76.9575424194336,154661
BRG,BRG.OL,2017-03-15,98.75,100.0,98.75,99.25,77.3471908569336,149886
BRG,BRG.OL,2017-03-16,100.0,100.0,98.5,98.75,76.9575424194336,79024
BRG,BRG.OL,2017-03-17,97.5,98.0,95.75,98.0,76.37306213378906,1488671
BRG,BRG.OL,2017-03-20,98.0,98.0,96.25,97.5,75.98339080810547,155838
BRG,BRG.OL,2017-03-21,98.0,98.5,97.0,97.0,75.59374237060547,135641
BRG,BRG.OL,2017-03-22,97.0,97.0,95.5,96.5,75.20408630371094,112138
BRG,BRG.OL,2017-03-23,97.0,97.5,96.5,97.25,75.78855895996094,94307
BRG,BRG.OL,2017-03-24,97.5,97.75,96.75,97.75,76.17822265625,100133
BRG,BRG.OL,2017-03-27,97.5,97.75,95.75,96.5,75.20408630371094,137828
BRG,BRG.OL,2017-03-28,97.25,98.0,95.75,97.5,75.98339080810547,208954
BRG,BRG.OL,2017-03-29,98.0,98.5,97.5,97.75,76.17822265625,88494
BRG,BRG.OL,2017-03-30,98.0,98.25,97.0,97.5,75.98339080810547,74548
BRG,BRG.OL,2017-03-31,97.75,97.75,96.0,96.25,75.00924682617188,136421
BRG,BRG.OL,2017-04-03,96.25,98.25,96.0,98.0,76.37306213378906,182940
BRG,BRG.OL,2017-04-04,98.0,98.5,96.25,96.25,75.00924682617188,119569
BRG,BRG.OL,2017-04-05,96.25,96.75,95.75,95.75,74.61959838867188,82359
BRG,BRG.OL,2017-04-06,95.5,96.75,94.25,96.5,75.20408630371094,125002
BRG,BRG.OL,2017-04-07,95.25,96.5,95.25,96.25,75.00924682617188,97541
BRG,BRG.OL,2017-04-10,96.0,96.5,95.75,96.25,75.00924682617188,73244
BRG,BRG.OL,2017-04-11,96.25,96.75,95.75,96.75,75.3989028930664,65595
BRG,BRG.OL,2017-04-12,96.25,96.75,96.0,96.25,75.00924682617188,21501
BRG,BRG.OL,2017-04-13,96.25,96.25,96.25,96.25,75.00924682617188,0
BRG,BRG.OL,2017-04-18,95.75,95.75,94.5,94.75,73.84027862548828,134971
BRG,BRG.OL,2017-04-19,94.75,95.5,94.25,95.25,74.22993469238281,72112
BRG,BRG.OL,2017-04-20,95.0,95.25,93.25,94.5,73.64544677734375,114018
BRG,BRG.OL,2017-04-21,92.0,93.5,88.5,92.5,74.859375,176968
BRG,BRG.OL,2017-04-24,93.0,93.75,91.75,93.25,75.46634674072266,74391
BRG,BRG.OL,2017-04-25,93.5,93.75,92.25,92.5,74.859375,131137
BRG,BRG.OL,2017-04-26,92.25,93.0,91.75,92.5,74.859375,91146
BRG,BRG.OL,2017-04-27,92.0,97.0,92.0,96.0,77.69190216064453,109335
BRG,BRG.OL,2017-04-28,95.75,97.25,95.0,96.5,78.09654998779297,94145
BRG,BRG.OL,2017-05-02,94.75,101.5,94.75,101.0,81.73834991455078,210119
BRG,BRG.OL,2017-05-03,100.0,100.0,91.0,93.0,75.26402282714844,594357
BRG,BRG.OL,2017-05-04,94.0,94.5,93.0,94.0,76.07331848144531,233550
BRG,BRG.OL,2017-05-05,94.75,95.0,94.25,94.5,76.47796630859375,241443
BRG,BRG.OL,2017-05-08,95.75,97.0,94.5,96.0,77.69190216064453,217217
BRG,BRG.OL,2017-05-09,96.0,98.0,96.0,97.5,78.90582275390625,169957
BRG,BRG.OL,2017-05-10,97.75,98.0,96.5,97.0,78.50119018554688,107260
BRG,BRG.OL,2017-05-11,96.75,97.5,96.25,96.75,78.2988510131836,68166
BRG,BRG.OL,2017-05-12,97.25,97.75,96.75,97.0,78.50119018554688,69047
BRG,BRG.OL,2017-05-15,97.5,99.5,97.5,98.75,79.91744232177734,126749
BRG,BRG.OL,2017-05-16,99.25,99.5,98.0,98.5,79.71511840820312,68340
BRG,BRG.OL,2017-05-18,97.5,98.0,96.0,98.0,79.31048583984375,147195
BRG,BRG.OL,2017-05-19,98.25,100.5,98.25,100.0,80.9290542602539,153929
BRG,BRG.OL,2017-05-22,101.0,102.0,99.75,100.0,80.9290542602539,113203
BRG,BRG.OL,2017-05-23,101.0,101.0,99.75,99.75,80.72673034667969,101801
BRG,BRG.OL,2017-05-24,100.0,101.0,99.0,99.5,80.52440643310547,84490
BRG,BRG.OL,2017-05-26,99.25,101.5,99.25,100.5,81.33370971679688,126335
BRG,BRG.OL,2017-05-29,101.0,101.5,99.75,100.0,80.9290542602539,51602
BRG,BRG.OL,2017-05-30,100.5,100.5,99.25,100.0,80.9290542602539,146407
BRG,BRG.OL,2017-05-31,100.0,100.5,99.25,99.5,80.52440643310547,114420
BRG,BRG.OL,2017-06-01,100.0,100.0,98.75,99.5,80.52440643310547,92003
BRG,BRG.OL,2017-06-02,99.75,99.75,98.25,98.5,79.71511840820312,133039
BRG,BRG.OL,2017-06-06,98.5,99.0,97.75,98.75,79.91744232177734,84969
BRG,BRG.OL,2017-06-07,97.0,99.25,97.0,97.75,79.108154296875,83549
BRG,BRG.OL,2017-06-08,97.75,99.0,97.75,97.75,79.108154296875,65024
BRG,BRG.OL,2017-06-09,99.0,99.0,97.25,97.75,79.108154296875,210966
BRG,BRG.OL,2017-06-12,97.5,98.0,97.25,97.5,78.90582275390625,73468
BRG,BRG.OL,2017-06-13,98.0,98.25,97.25,98.0,79.31048583984375,52048
BRG,BRG.OL,2017-06-14,98.5,102.0,98.5,102.0,82.54763793945312,169115
BRG,BRG.OL,2017-06-15,102.0,102.0,99.75,100.5,81.33370971679688,160051
BRG,BRG.OL,2017-06-16,101.0,102.0,100.0,101.0,81.73834991455078,319679
BRG,BRG.OL,2017-06-19,100.5,102.0,100.5,102.0,82.54763793945312,56855
BRG,BRG.OL,2017-06-20,102.0,102.0,99.5,99.75,80.72673034667969,88998
BRG,BRG.OL,2017-06-21,99.75,99.75,98.25,99.0,80.11976623535156,144519
BRG,BRG.OL,2017-06-22,99.75,100.5,98.5,100.5,81.33370971679688,97544
BRG,BRG.OL,2017-06-23,101.0,101.5,100.0,101.0,81.73834991455078,95764
BRG,BRG.OL,2017-06-26,101.5,102.0,101.0,101.5,82.14300537109375,66522
BRG,BRG.OL,2017-06-27,101.5,102.5,101.5,102.5,82.9522933959961,47853
BRG,BRG.OL,2017-06-28,102.5,102.5,101.5,102.5,82.9522933959961,50942
BRG,BRG.OL,2017-06-29,102.5,104.0,100.5,100.5,81.33370971679688,84055
BRG,BRG.OL,2017-06-30,102.0,103.0,101.0,103.0,83.35692596435547,82874
BRG,BRG.OL,2017-07-03,103.5,103.5,100.5,102.5,82.9522933959961,65063
BRG,BRG.OL,2017-07-04,101.0,102.5,99.25,100.0,80.9290542602539,84091
BRG,BRG.OL,2017-07-05,100.0,102.0,99.75,102.0,82.54763793945312,47972
BRG,BRG.OL,2017-07-06,103.0,103.0,99.5,100.0,80.9290542602539,67058
BRG,BRG.OL,2017-07-07,100.5,101.0,100.0,100.0,80.9290542602539,52037
BRG,BRG.OL,2017-07-10,99.5,102.0,98.25,102.0,82.54763793945312,89214
BRG,BRG.OL,2017-07-11,102.0,102.0,100.0,100.5,81.33370971679688,22890
BRG,BRG.OL,2017-07-12,100.5,101.5,100.5,101.0,81.73834991455078,45897
BRG,BRG.OL,2017-07-13,102.0,102.0,101.0,102.0,82.54763793945312,51703
BRG,BRG.OL,2017-07-14,102.5,102.5,101.5,102.0,82.54763793945312,45100
BRG,BRG.OL,2017-07-17,102.0,103.0,101.5,103.0,83.35692596435547,76153
BRG,BRG.OL,2017-07-18,104.5,105.5,93.5,94.5,76.47796630859375,404941
BRG,BRG.OL,2017-07-19,96.0,98.0,95.75,97.0,78.50119018554688,285744
BRG,BRG.OL,2017-07-20,97.75,100.5,96.0,100.5,81.33370971679688,313096
BRG,BRG.OL,2017-07-21,100.0,100.0,98.0,98.75,79.91744232177734,112670
BRG,BRG.OL,2017-07-24,98.75,99.5,97.5,98.5,79.71511840820312,87807
BRG,BRG.OL,2017-07-25,99.0,99.5,98.0,98.0,79.31048583984375,95607
BRG,BRG.OL,2017-07-26,98.0,98.75,98.0,98.5,79.71511840820312,76423
BRG,BRG.OL,2017-07-27,98.75,99.25,98.25,99.25,80.32208251953125,48113
BRG,BRG.OL,2017-07-28,99.0,99.25,98.25,98.25,79.5127944946289,63993
BRG,BRG.OL,2017-07-31,97.5,98.75,97.25,98.5,79.71511840820312,162885
BRG,BRG.OL,2017-08-01,98.0,98.75,97.75,98.25,79.5127944946289,129418
BRG,BRG.OL,2017-08-02,98.25,99.25,97.75,98.0,79.31048583984375,294891
BRG,BRG.OL,2017-08-03,97.75,98.75,97.5,98.5,79.71511840820312,84760
BRG,BRG.OL,2017-08-04,98.25,98.75,98.25,98.75,79.91744232177734,59063
BRG,BRG.OL,2017-08-07,98.5,99.5,98.5,99.25,80.32208251953125,78606
BRG,BRG.OL,2017-08-08,98.75,99.25,98.75,99.0,80.11976623535156,93506
BRG,BRG.OL,2017-08-09,98.75,99.0,97.75,97.75,79.108154296875,67045
BRG,BRG.OL,2017-08-10,97.5,97.75,95.0,95.0,76.88260650634766,188569
BRG,BRG.OL,2017-08-11,94.75,96.0,94.0,96.0,77.69190216064453,181199
BRG,BRG.OL,2017-08-14,96.0,96.75,95.0,95.75,77.48957824707031,167136
BRG,BRG.OL,2017-08-15,95.5,95.5,94.75,95.0,76.88260650634766,87630
BRG,BRG.OL,2017-08-16,95.0,96.0,94.75,95.75,77.48957824707031,90382
BRG,BRG.OL,2017-08-17,95.5,97.25,95.25,97.25,78.70350646972656,106142
BRG,BRG.OL,2017-08-18,97.0,97.0,96.0,96.5,78.09654998779297,81064
BRG,BRG.OL,2017-08-21,96.75,97.25,95.75,96.0,77.69190216064453,150425
BRG,BRG.OL,2017-08-22,95.0,96.75,95.0,96.0,77.69190216064453,185727
BRG,BRG.OL,2017-08-23,96.0,96.0,95.75,95.75,77.48957824707031,66460
BRG,BRG.OL,2017-08-24,95.5,96.0,95.25,95.25,77.08492279052734,84252
BRG,BRG.OL,2017-08-25,95.25,95.25,93.75,94.25,76.275634765625,73576
BRG,BRG.OL,2017-08-28,94.0,94.0,92.0,93.0,75.26402282714844,101844
BRG,BRG.OL,2017-08-29,92.75,92.75,91.25,91.25,73.84776306152344,157802
BRG,BRG.OL,2017-08-30,91.25,92.0,91.25,91.75,74.2524185180664,130897
BRG,BRG.OL,2017-08-31,91.75,92.0,90.5,90.5,73.24079895019531,221133
BRG,BRG.OL,2017-09-01,90.5,92.0,90.5,91.75,74.2524185180664,88822
BRG,BRG.OL,2017-09-04,91.5,92.0,91.5,91.75,74.2524185180664,51925
BRG,BRG.OL,2017-09-05,91.5,92.0,91.5,91.75,74.2524185180664,71029
BRG,BRG.OL,2017-09-06,91.25,91.75,90.5,91.0,73.64543151855469,62096
BRG,BRG.OL,2017-09-07,91.0,91.5,90.75,91.0,73.64543151855469,64424
BRG,BRG.OL,2017-09-08,90.5,90.5,88.75,89.0,72.02684783935547,175935
BRG,BRG.OL,2017-09-11,90.0,90.0,88.75,89.0,72.02684783935547,223192
BRG,BRG.OL,2017-09-12,89.0,91.25,89.0,90.0,72.8361587524414,54403
BRG,BRG.OL,2017-09-13,90.5,90.75,89.0,89.75,72.63384246826172,97919
BRG,BRG.OL,2017-09-14,89.75,90.0,89.25,90.0,72.8361587524414,82051
BRG,BRG.OL,2017-09-15,90.0,90.25,89.25,89.25,72.22917938232422,70858
BRG,BRG.OL,2017-09-18,89.25,89.75,88.75,88.75,71.82453918457031,78685
BRG,BRG.OL,2017-09-19,88.5,89.25,88.5,89.0,72.02684783935547,39263
BRG,BRG.OL,2017-09-20,89.0,89.75,88.75,88.75,71.82453918457031,164042
BRG,BRG.OL,2017-09-21,88.5,89.5,88.25,89.25,72.22917938232422,131936
BRG,BRG.OL,2017-09-22,89.75,90.25,89.0,89.0,72.02684783935547,135079
BRG,BRG.OL,2017-09-25,89.0,90.5,89.0,90.25,73.0384750366211,49723
BRG,BRG.OL,2017-09-26,90.75,90.75,89.5,90.0,72.8361587524414,149921
BRG,BRG.OL,2017-09-27,90.25,90.25,89.25,89.5,72.43150329589844,61357
BRG,BRG.OL,2017-09-28,90.25,90.25,89.0,89.0,72.02684783935547,86015
BRG,BRG.OL,2017-09-29,89.5,89.5,88.75,89.25,72.22917938232422,106169
BRG,BRG.OL,2017-10-02,89.25,90.75,89.0,90.0,72.8361587524414,75468
BRG,BRG.OL,2017-10-03,90.0,91.5,90.0,91.0,73.64543151855469,93255
BRG,BRG.OL,2017-10-04,90.25,91.25,90.25,91.0,73.64543151855469,41042
BRG,BRG.OL,2017-10-05,91.0,93.75,91.0,93.5,75.66867065429688,97227
BRG,BRG.OL,2017-10-06,93.5,93.75,93.25,93.75,75.8709945678711,70999
BRG,BRG.OL,2017-10-09,94.0,94.0,92.25,92.5,74.859375,72607
BRG,BRG.OL,2017-10-10,92.5,92.5,90.75,91.75,74.2524185180664,93250
BRG,BRG.OL,2017-10-11,91.75,92.0,91.0,91.75,74.2524185180664,62849
BRG,BRG.OL,2017-10-12,92.5,92.5,90.5,91.75,74.2524185180664,55380
BRG,BRG.OL,2017-10-13,91.5,92.0,91.25,92.0,74.45472717285156,57557
BRG,BRG.OL,2017-10-16,91.0,91.5,90.75,91.5,74.05009460449219,74862
BRG,BRG.OL,2017-10-17,92.0,92.0,91.25,92.0,74.45472717285156,77882
BRG,BRG.OL,2017-10-18,92.0,92.25,90.0,91.0,73.64543151855469,461083
BRG,BRG.OL,2017-10-19,91.0,91.5,91.0,91.0,73.64543151855469,78254
BRG,BRG.OL,2017-10-20,91.0,93.0,91.0,92.5,74.859375,93132
BRG,BRG.OL,2017-10-23,92.5,93.5,91.0,91.0,73.64543151855469,145083
BRG,BRG.OL,2017-10-24,84.5,84.5,80.75,80.75,65.35021209716797,1303364
BRG,BRG.OL,2017-10-25,82.0,82.25,78.0,79.0,63.933963775634766,752549
BRG,BRG.OL,2017-10-26,79.0,79.0,75.5,77.0,62.31537628173828,622414
BRG,BRG.OL,2017-10-27,77.0,78.25,75.5,77.0,62.31537628173828,584187
BRG,BRG.OL,2017-10-30,77.75,79.0,77.0,78.0,63.12466812133789,132327
BRG,BRG.OL,2017-10-31,78.0,79.5,78.0,78.75,63.73162841796875,229532
BRG,BRG.OL,2017-11-01,79.0,79.25,78.25,78.75,63.73162841796875,103745
BRG,BRG.OL,2017-11-02,79.0,79.0,76.75,77.0,62.31537628173828,349361
BRG,BRG.OL,2017-11-03,77.0,77.0,75.5,76.75,62.11305618286133,199326
BRG,BRG.OL,2017-11-06,77.0,77.0,75.75,76.5,61.91072463989258,191138
BRG,BRG.OL,2017-11-07,76.0,76.25,75.25,76.25,61.708404541015625,256875
BRG,BRG.OL,2017-11-08,76.25,76.5,75.5,76.5,61.91072463989258,240115
BRG,BRG.OL,2017-11-09,76.5,77.0,76.0,76.5,61.91072463989258,259391
BRG,BRG.OL,2017-11-10,76.5,76.5,74.0,75.5,61.10144805908203,220346
BRG,BRG.OL,2017-11-13,75.5,75.5,73.75,75.0,60.69679260253906,125071
BRG,BRG.OL,2017-11-14,74.5,75.5,74.25,75.0,60.69679260253906,72370
BRG,BRG.OL,2017-11-15,75.0,75.0,72.75,73.25,59.28053665161133,227773
BRG,BRG.OL,2017-11-16,73.0,74.75,73.0,73.75,59.6851806640625,182714
BRG,BRG.OL,2017-11-17,74.0,74.0,73.0,73.25,59.28053665161133,139664
BRG,BRG.OL,2017-11-20,73.25,75.0,72.75,74.75,60.49447250366211,170329
BRG,BRG.OL,2017-11-21,75.0,75.0,74.25,75.0,60.69679260253906,113940
BRG,BRG.OL,2017-11-22,75.25,75.25,72.25,73.25,59.28053665161133,148466
BRG,BRG.OL,2017-11-23,73.25,75.0,72.75,74.5,60.29214096069336,96371
BRG,BRG.OL,2017-11-24,74.0,75.25,74.0,75.25,60.89912033081055,78214
BRG,BRG.OL,2017-11-27,75.25,75.25,73.25,73.25,59.28053665161133,131867
BRG,BRG.OL,2017-11-28,73.0,73.0,72.25,73.0,59.078216552734375,99433
BRG,BRG.OL,2017-11-29,73.0,74.0,72.5,73.0,59.078216552734375,101692
BRG,BRG.OL,2017-11-30,73.0,74.75,72.5,74.75,60.49447250366211,154927
BRG,BRG.OL,2017-12-01,74.75,75.5,73.5,74.5,60.29214096069336,112418
BRG,BRG.OL,2017-12-04,75.5,75.5,73.75,74.0,59.88750076293945,51154
BRG,BRG.OL,2017-12-05,74.5,74.5,72.5,72.75,58.87590408325195,154885
BRG,BRG.OL,2017-12-06,73.0,73.0,71.75,72.0,58.268917083740234,93602
BRG,BRG.OL,2017-12-07,72.5,72.75,70.75,72.25,58.47124481201172,122135
BRG,BRG.OL,2017-12-08,72.25,73.5,72.25,72.75,58.87590408325195,69128
BRG,BRG.OL,2017-12-11,73.5,73.5,72.75,72.75,58.87590408325195,41679
BRG,BRG.OL,2017-12-12,73.0,73.25,72.75,73.0,59.078216552734375,79676
BRG,BRG.OL,2017-12-13,73.0,73.25,72.5,72.5,58.67356491088867,81070
BRG,BRG.OL,2017-12-14,72.5,73.0,71.5,72.25,58.47124481201172,98203
BRG,BRG.OL,2017-12-15,72.25,72.25,70.75,71.0,57.45964050292969,105398
BRG,BRG.OL,2017-12-18,71.75,76.5,71.75,76.5,61.91072463989258,376596
BRG,BRG.OL,2017-12-19,76.75,78.75,76.75,78.0,63.12466812133789,224804
BRG,BRG.OL,2017-12-20,78.25,78.75,77.5,78.75,63.73162841796875,243753
BRG,BRG.OL,2017-12-21,78.5,78.5,77.25,78.0,63.12466812133789,159669
BRG,BRG.OL,2017-12-22,78.0,78.75,77.0,78.25,63.326988220214844,112002
BRG,BRG.OL,2017-12-27,78.0,78.75,78.0,78.0,63.12466812133789,80694
BRG,BRG.OL,2017-12-28,78.75,81.25,78.25,81.0,65.55253601074219,233145
BRG,BRG.OL,2017-12-29,81.25,81.75,80.25,81.5,65.9571762084961,144720
BRG,BRG.OL,2018-01-02,82.0,82.0,79.30000305175781,80.0,64.74325561523438,56201
BRG,BRG.OL,2018-01-03,80.0,80.9000015258789,78.9000015258789,79.0999984741211,64.01488494873047,67716
BRG,BRG.OL,2018-01-04,80.0,80.9000015258789,76.9000015258789,77.30000305175781,62.558170318603516,206634
BRG,BRG.OL,2018-01-05,77.30000305175781,78.0999984741211,75.19999694824219,77.5999984741211,62.80094909667969,281015
BRG,BRG.OL,2018-01-08,76.80000305175781,77.4000015258789,74.0999984741211,74.5999984741211,60.373077392578125,240261
BRG,BRG.OL,2018-01-09,74.5999984741211,74.69999694824219,72.5999984741211,73.0,59.078216552734375,239038
BRG,BRG.OL,2018-01-10,73.0,73.0,71.4000015258789,71.9000015258789,58.187992095947266,225083
BRG,BRG.OL,2018-01-11,71.9000015258789,73.19999694824219,71.5,71.80000305175781,58.10707473754883,180702
BRG,BRG.OL,2018-01-12,72.0,74.9000015258789,71.30000305175781,74.80000305175781,60.53493881225586,215499
BRG,BRG.OL,2018-01-15,75.0,75.19999694824219,73.0,74.9000015258789,60.615875244140625,129401
BRG,BRG.OL,2018-01-16,74.5,74.5,72.5,74.0,59.88750076293945,209471
BRG,BRG.OL,2018-01-17,73.80000305175781,73.80000305175781,72.5,73.0,59.078216552734375,121303
BRG,BRG.OL,2018-01-18,73.0,73.5,71.5,71.80000305175781,58.10707473754883,141990
BRG,BRG.OL,2018-01-19,71.5999984741211,73.0999984741211,71.30000305175781,72.0,58.268917083740234,203123
BRG,BRG.OL,2018-01-22,72.0,72.4000015258789,71.0999984741211,71.5,57.86428451538086,151062
BRG,BRG.OL,2018-01-23,72.0,72.0,71.0999984741211,71.30000305175781,57.70242691040039,100638
BRG,BRG.OL,2018-01-24,71.30000305175781,71.9000015258789,70.69999694824219,71.0,57.45964050292969,150969
BRG,BRG.OL,2018-01-25,71.0,71.4000015258789,70.0,70.0,56.65034103393555,186561
BRG,BRG.OL,2018-01-26,70.0,71.0999984741211,69.19999694824219,69.5,56.245697021484375,259451
BRG,BRG.OL,2018-01-29,69.5999984741211,69.80000305175781,67.69999694824219,68.0,55.031761169433594,247739
BRG,BRG.OL,2018-01-30,68.0,69.69999694824219,67.5,68.69999694824219,55.5982551574707,281067
BRG,BRG.OL,2018-01-31,68.69999694824219,69.19999694824219,68.19999694824219,68.80000305175781,55.679195404052734,267883
BRG,BRG.OL,2018-02-01,69.4000015258789,69.69999694824219,67.69999694824219,69.0,55.8410530090332,262971
BRG,BRG.OL,2018-02-02,69.0,73.5,67.80000305175781,73.0,59.078216552734375,486248
BRG,BRG.OL,2018-02-05,73.0,75.0,71.0,74.0,59.88750076293945,506091
BRG,BRG.OL,2018-02-06,71.30000305175781,74.5,71.0,73.80000305175781,59.725650787353516,494017
BRG,BRG.OL,2018-02-07,74.19999694824219,74.5999984741211,73.69999694824219,74.4000015258789,60.211219787597656,433794
BRG,BRG.OL,2018-02-08,74.69999694824219,74.69999694824219,73.5,74.0999984741211,59.96843719482422,212091
BRG,BRG.OL,2018-02-09,71.0,74.0,71.0,73.5999984741211,59.56379318237305,209739
BRG,BRG.OL,2018-02-12,74.30000305175781,74.30000305175781,72.19999694824219,72.30000305175781,58.51171112060547,193884
BRG,BRG.OL,2018-02-13,73.0,73.9000015258789,72.30000305175781,72.69999694824219,58.83542251586914,153361
BRG,BRG.OL,2018-02-14,73.5999984741211,73.69999694824219,71.80000305175781,72.0,58.268917083740234,193473
BRG,BRG.OL,2018-02-15,71.9000015258789,73.30000305175781,71.80000305175781,73.0999984741211,59.159141540527344,217647
BRG,BRG.OL,2018-02-16,73.0,73.5,72.69999694824219,72.9000015258789,58.997291564941406,111219
BRG,BRG.OL,2018-02-19,73.0,73.80000305175781,72.9000015258789,72.9000015258789,58.997291564941406,108787
BRG,BRG.OL,2018-02-20,72.9000015258789,73.4000015258789,72.5999984741211,72.80000305175781,58.91635513305664,113511
BRG,BRG.OL,2018-02-21,73.0,73.5,72.30000305175781,73.0999984741211,59.159141540527344,136613
BRG,BRG.OL,2018-02-22,73.19999694824219,73.4000015258789,72.69999694824219,73.30000305175781,59.321006774902344,134006
BRG,BRG.OL,2018-02-23,73.30000305175781,74.19999694824219,73.19999694824219,73.5999984741211,59.56379318237305,232375
BRG,BRG.OL,2018-02-26,73.80000305175781,74.5,73.69999694824219,74.0999984741211,59.96843719482422,147367
BRG,BRG.OL,2018-02-27,74.5999984741211,74.5999984741211,73.30000305175781,74.0,59.88750076293945,184212
BRG,BRG.OL,2018-02-28,73.5999984741211,74.9000015258789,73.4000015258789,74.5,60.29214096069336,137099
BRG,BRG.OL,2018-03-01,74.5999984741211,74.5999984741211,73.30000305175781,73.5,59.48286056518555,165544
BRG,BRG.OL,2018-03-02,73.5,73.80000305175781,71.0,71.30000305175781,57.70242691040039,257903
BRG,BRG.OL,2018-03-05,71.80000305175781,74.0,71.4000015258789,73.5999984741211,59.56379318237305,149952
BRG,BRG.OL,2018-03-06,73.69999694824219,75.19999694824219,73.69999694824219,74.9000015258789,60.615875244140625,152286
BRG,BRG.OL,2018-03-07,74.5999984741211,75.19999694824219,73.0999984741211,73.5,59.48286056518555,200008
BRG,BRG.OL,2018-03-08,73.69999694824219,74.5,73.0,74.0999984741211,59.96843719482422,88003
BRG,BRG.OL,2018-03-09,73.5999984741211,74.9000015258789,73.19999694824219,74.9000015258789,60.615875244140625,164000
BRG,BRG.OL,2018-03-12,74.69999694824219,74.9000015258789,74.0,74.4000015258789,60.211219787597656,58338
BRG,BRG.OL,2018-03-13,74.5,74.9000015258789,73.80000305175781,74.5,60.29214096069336,134601
BRG,BRG.OL,2018-03-14,74.0,74.4000015258789,72.19999694824219,72.30000305175781,58.51171112060547,204979
BRG,BRG.OL,2018-03-15,72.5999984741211,74.0999984741211,72.19999694824219,74.0999984741211,59.96843719482422,150990
BRG,BRG.OL,2018-03-16,74.0999984741211,75.19999694824219,72.30000305175781,72.5,58.67356491088867,282958
BRG,BRG.OL,2018-03-19,72.69999694824219,73.30000305175781,71.5999984741211,72.5,58.67356491088867,179758
BRG,BRG.OL,2018-03-20,72.9000015258789,72.9000015258789,71.80000305175781,72.0,58.268917083740234,126266
BRG,BRG.OL,2018-03-21,72.4000015258789,74.19999694824219,71.69999694824219,72.19999694824219,58.430782318115234,122370
BRG,BRG.OL,2018-03-22,72.5,72.5,71.9000015258789,71.9000015258789,58.187992095947266,183092
BRG,BRG.OL,2018-03-23,71.19999694824219,72.0999984741211,71.19999694824219,72.0,58.268917083740234,177306
BRG,BRG.OL,2018-03-26,72.0,72.19999694824219,71.5,71.69999694824219,58.02613067626953,211083
BRG,BRG.OL,2018-03-27,71.5,72.69999694824219,71.5,72.4000015258789,58.59263610839844,153113
BRG,BRG.OL,2018-03-28,72.0,74.0999984741211,71.5999984741211,74.0,59.88750076293945,144070
BRG,BRG.OL,2018-04-03,73.5,73.80000305175781,71.0,71.80000305175781,58.10707473754883,302642
BRG,BRG.OL,2018-04-04,72.0,72.80000305175781,71.69999694824219,72.5,58.67356491088867,176411
BRG,BRG.OL,2018-04-05,72.5999984741211,73.5,72.5,73.5,59.48286056518555,95699
BRG,BRG.OL,2018-04-06,72.5999984741211,73.4000015258789,72.0,72.9000015258789,58.997291564941406,117143
BRG,BRG.OL,2018-04-09,73.0,73.80000305175781,72.5,72.5999984741211,58.75449752807617,69188
BRG,BRG.OL,2018-04-10,73.0,73.0999984741211,71.80000305175781,72.0,58.268917083740234,213236
BRG,BRG.OL,2018-04-11,72.0999984741211,73.5999984741211,72.0999984741211,72.5999984741211,58.75449752807617,139927
BRG,BRG.OL,2018-04-12,72.5999984741211,73.19999694824219,71.80000305175781,72.0999984741211,58.349857330322266,246501
BRG,BRG.OL,2018-04-13,71.4000015258789,71.4000015258789,70.19999694824219,70.19999694824219,58.43308639526367,118514
BRG,BRG.OL,2018-04-16,70.5,70.9000015258789,70.19999694824219,70.30000305175781,58.516334533691406,104588
BRG,BRG.OL,2018-04-17,71.5,71.69999694824219,70.4000015258789,71.30000305175781,59.348716735839844,94199
BRG,BRG.OL,2018-04-18,72.0999984741211,73.0,71.69999694824219,72.69999694824219,60.514034271240234,152040
BRG,BRG.OL,2018-04-19,73.0,73.5,72.5,73.0,60.763755798339844,84921
BRG,BRG.OL,2018-04-20,72.4000015258789,73.30000305175781,71.69999694824219,73.0999984741211,60.846988677978516,148464
BRG,BRG.OL,2018-04-23,73.0999984741211,73.4000015258789,72.0,72.9000015258789,60.680519104003906,79738
BRG,BRG.OL,2018-04-24,73.0,74.0,72.4000015258789,73.80000305175781,61.429656982421875,170310
BRG,BRG.OL,2018-04-25,73.80000305175781,74.0,72.9000015258789,73.4000015258789,61.09669876098633,73389
BRG,BRG.OL,2018-04-26,76.0,81.80000305175781,76.0,81.69999694824219,68.00545501708984,933350
BRG,BRG.OL,2018-04-27,81.5,86.9000015258789,81.30000305175781,86.30000305175781,71.83440399169922,794445
BRG,BRG.OL,2018-04-30,86.0,86.0999984741211,84.19999694824219,85.30000305175781,71.00203704833984,182496
BRG,BRG.OL,2018-05-02,85.0,85.19999694824219,83.9000015258789,84.5999984741211,70.41934967041016,141000
BRG,BRG.OL,2018-05-03,84.5999984741211,84.69999694824219,83.5999984741211,84.4000015258789,70.25289154052734,127102
BRG,BRG.OL,2018-05-04,83.30000305175781,84.5,83.30000305175781,83.5999984741211,69.58697509765625,66699
BRG,BRG.OL,2018-05-07,83.4000015258789,84.5999984741211,83.0999984741211,84.0,69.91992950439453,135178
BRG,BRG.OL,2018-05-08,84.0,84.19999694824219,83.0,83.0,69.0875473022461,108472
BRG,BRG.OL,2018-05-09,83.0,83.69999694824219,82.30000305175781,82.69999694824219,68.83784484863281,69175
BRG,BRG.OL,2018-05-11,82.30000305175781,82.9000015258789,81.5,82.5,68.67135620117188,106671
BRG,BRG.OL,2018-05-14,84.0,85.5999984741211,83.69999694824219,85.4000015258789,71.08525848388672,294550
BRG,BRG.OL,2018-05-15,85.80000305175781,86.30000305175781,84.80000305175781,86.0999984741211,71.66793823242188,187416
BRG,BRG.OL,2018-05-16,86.0999984741211,87.69999694824219,86.0,87.4000015258789,72.75003051757812,143921
BRG,BRG.OL,2018-05-18,88.4000015258789,88.4000015258789,87.19999694824219,88.0999984741211,73.33269500732422,118942
BRG,BRG.OL,2018-05-22,88.0999984741211,88.5999984741211,87.30000305175781,87.9000015258789,73.16621398925781,185761
BRG,BRG.OL,2018-05-23,88.0,88.4000015258789,86.19999694824219,87.0,72.41707611083984,133844
BRG,BRG.OL,2018-05-24,87.0,88.80000305175781,87.0,88.0999984741211,73.33269500732422,172695
BRG,BRG.OL,2018-05-25,88.0,88.80000305175781,87.30000305175781,88.80000305175781,73.91536712646484,137209
BRG,BRG.OL,2018-05-28,88.80000305175781,89.0,87.30000305175781,87.4000015258789,72.75003051757812,127047
BRG,BRG.OL,2018-05-29,87.5,87.9000015258789,85.5,85.80000305175781,71.41822814941406,113295
BRG,BRG.OL,2018-05-30,86.0,90.19999694824219,85.5,89.80000305175781,74.74774932861328,233659
BRG,BRG.OL,2018-05-31,90.0,90.80000305175781,88.69999694824219,90.80000305175781,75.58012390136719,357376
BRG,BRG.OL,2018-06-01,91.0999984741211,91.4000015258789,90.0,91.4000015258789,76.07955169677734,279810
BRG,BRG.OL,2018-06-04,90.80000305175781,91.5,89.9000015258789,91.5,76.16278839111328,192577
BRG,BRG.OL,2018-06-05,90.9000015258789,91.4000015258789,90.5,91.0,75.74658966064453,128209
BRG,BRG.OL,2018-06-06,91.19999694824219,92.0,90.30000305175781,92.0,76.57897186279297,148463
BRG,BRG.OL,2018-06-07,91.69999694824219,92.9000015258789,90.80000305175781,91.4000015258789,76.07955169677734,171027
BRG,BRG.OL,2018-06-08,91.0999984741211,91.5999984741211,90.4000015258789,91.4000015258789,76.07955169677734,102495
BRG,BRG.OL,2018-06-11,90.0,91.9000015258789,90.0,90.9000015258789,75.66336059570312,145861
BRG,BRG.OL,2018-06-12,91.4000015258789,92.69999694824219,90.9000015258789,92.5999984741211,77.07839965820312,179542
BRG,BRG.OL,2018-06-13,92.80000305175781,93.5,92.30000305175781,93.0999984741211,77.49459838867188,158609
BRG,BRG.OL,2018-06-14,91.19999694824219,93.19999694824219,90.69999694824219,93.19999694824219,77.57782745361328,141305
BRG,BRG.OL,2018-06-15,93.19999694824219,93.19999694824219,90.80000305175781,91.19999694824219,75.91307830810547,153869
BRG,BRG.OL,2018-06-18,91.19999694824219,91.19999694824219,89.9000015258789,90.0,74.91422271728516,66880
BRG,BRG.OL,2018-06-19,90.0,90.0,88.5999984741211,88.5999984741211,73.74888610839844,157955
BRG,BRG.OL,2018-06-20,88.9000015258789,89.9000015258789,88.5,88.5999984741211,73.74888610839844,126341
BRG,BRG.OL,2018-06-21,89.19999694824219,89.30000305175781,86.4000015258789,86.69999694824219,72.16736602783203,144443
BRG,BRG.OL,2018-06-22,87.0999984741211,87.80000305175781,84.0,87.0999984741211,72.50031280517578,416394
BRG,BRG.OL,2018-06-25,86.80000305175781,87.5999984741211,86.80000305175781,87.4000015258789,72.75003051757812,54449
BRG,BRG.OL,2018-06-26,87.5,87.5,85.30000305175781,86.30000305175781,71.83440399169922,140174
BRG,BRG.OL,2018-06-27,86.30000305175781,87.9000015258789,86.30000305175781,87.5,72.83325958251953,113817
BRG,BRG.OL,2018-06-28,87.5,87.9000015258789,86.0,86.0,71.5846939086914,158228
BRG,BRG.OL,2018-06-29,87.5,88.5,87.4000015258789,88.0,73.24945068359375,76173
BRG,BRG.OL,2018-07-02,87.69999694824219,88.80000305175781,87.0999984741211,88.4000015258789,73.58240509033203,80948
BRG,BRG.OL,2018-07-03,89.0,89.19999694824219,87.80000305175781,89.19999694824219,74.24830627441406,78581
BRG,BRG.OL,2018-07-04,89.19999694824219,89.19999694824219,83.4000015258789,84.5,70.33612060546875,178325
BRG,BRG.OL,2018-07-05,84.30000305175781,85.0,80.4000015258789,80.69999694824219,67.1730728149414,249031
BRG,BRG.OL,2018-07-06,80.9000015258789,82.30000305175781,80.30000305175781,80.4000015258789,66.92337036132812,179405
BRG,BRG.OL,2018-07-09,80.69999694824219,82.9000015258789,79.30000305175781,79.5999984741211,66.25746154785156,165534
BRG,BRG.OL,2018-07-10,79.5999984741211,82.30000305175781,79.30000305175781,81.5,67.83897399902344,149349
BRG,BRG.OL,2018-07-11,81.0,81.4000015258789,79.9000015258789,80.69999694824219,67.1730728149414,133506
BRG,BRG.OL,2018-07-12,80.69999694824219,81.4000015258789,79.80000305175781,80.9000015258789,67.33955383300781,65460
BRG,BRG.OL,2018-07-13,81.4000015258789,81.5999984741211,79.5,80.19999694824219,66.75688934326172,86653
BRG,BRG.OL,2018-07-16,80.0,81.69999694824219,80.0,81.0999984741211,67.50601959228516,97266
BRG,BRG.OL,2018-07-17,76.80000305175781,77.80000305175781,73.0999984741211,74.5,62.0123176574707,715642
BRG,BRG.OL,2018-07-18,75.0,77.0,73.30000305175781,74.80000305175781,62.26203918457031,380860
BRG,BRG.OL,2018-07-19,75.0,75.19999694824219,74.0,74.30000305175781,61.845855712890625,296061
BRG,BRG.OL,2018-07-20,74.5,76.4000015258789,74.5,76.19999694824219,63.427364349365234,300428
BRG,BRG.OL,2018-07-23,76.19999694824219,76.80000305175781,75.5,76.19999694824219,63.427364349365234,97484
BRG,BRG.OL,2018-07-24,76.0,77.0,75.5,76.5,63.67708206176758,171559
BRG,BRG.OL,2018-07-25,76.5,76.5999984741211,75.5999984741211,75.69999694824219,63.01118469238281,140963
BRG,BRG.OL,2018-07-26,75.80000305175781,76.19999694824219,75.30000305175781,75.69999694824219,63.01118469238281,141805
BRG,BRG.OL,2018-07-27,75.80000305175781,78.19999694824219,75.80000305175781,77.9000015258789,64.84242248535156,132542
BRG,BRG.OL,2018-07-30,78.4000015258789,78.4000015258789,76.80000305175781,77.5999984741211,64.59270477294922,125807
BRG,BRG.OL,2018-07-31,77.5999984741211,77.80000305175781,76.9000015258789,77.4000015258789,64.42623138427734,108516
BRG,BRG.OL,2018-08-01,77.4000015258789,77.4000015258789,75.9000015258789,75.9000015258789,63.17765426635742,115144
BRG,BRG.OL,2018-08-02,75.69999694824219,76.4000015258789,75.69999694824219,75.80000305175781,63.094417572021484,68053
BRG,BRG.OL,2018-08-03,76.0999984741211,77.19999694824219,76.0999984741211,76.4000015258789,63.593849182128906,85669
BRG,BRG.OL,2018-08-06,77.0,77.4000015258789,76.4000015258789,76.5999984741211,63.760318756103516,79021
BRG,BRG.OL,2018-08-07,76.5999984741211,77.30000305175781,75.80000305175781,76.5999984741211,63.760318756103516,76608
BRG,BRG.OL,2018-08-08,76.5999984741211,77.0999984741211,76.0,76.5,63.67708206176758,105409
BRG,BRG.OL,2018-08-09,76.69999694824219,77.69999694824219,76.69999694824219,77.30000305175781,64.3429946899414,109218
BRG,BRG.OL,2018-08-10,77.69999694824219,77.69999694824219,76.19999694824219,76.19999694824219,63.427364349365234,95149
BRG,BRG.OL,2018-08-13,76.0,76.80000305175781,75.69999694824219,76.5,63.67708206176758,81630
BRG,BRG.OL,2018-08-14,76.19999694824219,76.9000015258789,76.0,76.4000015258789,63.593849182128906,87280
BRG,BRG.OL,2018-08-15,76.5,76.5999984741211,75.9000015258789,76.0999984741211,63.34413146972656,125989
BRG,BRG.OL,2018-08-16,76.0999984741211,76.80000305175781,76.0,76.5,63.67708206176758,61253
BRG,BRG.OL,2018-08-17,77.0,77.0,76.0,76.0999984741211,63.34413146972656,109652
BRG,BRG.OL,2018-08-20,76.4000015258789,78.0,76.4000015258789,77.4000015258789,64.42623138427734,71621
BRG,BRG.OL,2018-08-21,78.69999694824219,79.30000305175781,77.69999694824219,77.69999694824219,64.67594146728516,128434
BRG,BRG.OL,2018-08-22,79.0,79.0,77.4000015258789,78.5999984741211,65.42508697509766,135024
BRG,BRG.OL,2018-08-23,79.5,79.80000305175781,78.0999984741211,78.5,65.34185028076172,123007
BRG,BRG.OL,2018-08-24,79.30000305175781,79.30000305175781,78.0,78.5999984741211,65.42508697509766,88220
BRG,BRG.OL,2018-08-27,78.9000015258789,79.5,78.0999984741211,78.0999984741211,65.00889587402344,90871
BRG,BRG.OL,2018-08-28,79.0,80.4000015258789,78.5,79.0,65.75804138183594,115224
BRG,BRG.OL,2018-08-29,79.30000305175781,79.30000305175781,76.9000015258789,77.5999984741211,64.59270477294922,121885
BRG,BRG.OL,2018-08-30,77.5999984741211,78.9000015258789,77.0999984741211,78.9000015258789,65.67479705810547,110581
BRG,BRG.OL,2018-08-31,79.0,79.69999694824219,78.0,79.69999694824219,66.34070587158203,115538
BRG,BRG.OL,2018-09-03,79.80000305175781,80.5,79.30000305175781,80.0,66.59042358398438,124393
BRG,BRG.OL,2018-09-04,80.5,80.5999984741211,78.69999694824219,79.0999984741211,65.84127044677734,103640
BRG,BRG.OL,2018-09-05,79.4000015258789,79.4000015258789,76.9000015258789,77.19999694824219,64.2597427368164,159185
BRG,BRG.OL,2018-09-06,77.0,78.5,76.69999694824219,78.0999984741211,65.00889587402344,71408
BRG,BRG.OL,2018-09-07,78.69999694824219,78.69999694824219,76.69999694824219,77.0,64.09326934814453,138265
BRG,BRG.OL,2018-09-10,77.30000305175781,78.0,76.80000305175781,77.69999694824219,64.67594146728516,56375
BRG,BRG.OL,2018-09-11,78.0,79.0,77.4000015258789,79.0,65.75804138183594,166304
BRG,BRG.OL,2018-09-12,79.69999694824219,80.5,79.5,80.0999984741211,66.67364501953125,108283
BRG,BRG.OL,2018-09-13,80.0999984741211,81.0,79.9000015258789,80.5999984741211,67.08984375,93971
BRG,BRG.OL,2018-09-14,81.0,82.30000305175781,79.80000305175781,80.69999694824219,67.1730728149414,195459
BRG,BRG.OL,2018-09-17,80.69999694824219,82.9000015258789,79.69999694824219,82.4000015258789,68.58812713623047,164685
BRG,BRG.OL,2018-09-18,82.9000015258789,84.80000305175781,82.69999694824219,84.0,69.91992950439453,151155
BRG,BRG.OL,2018-09-19,84.0,84.0,82.0999984741211,82.0999984741211,68.33840942382812,188582
BRG,BRG.OL,2018-09-20,82.0999984741211,83.80000305175781,82.0999984741211,82.5,68.67135620117188,78089
BRG,BRG.OL,2018-09-21,83.0,83.9000015258789,82.5,83.5999984741211,69.58697509765625,134921
BRG,BRG.OL,2018-09-24,82.0,83.19999694824219,80.9000015258789,82.80000305175781,68.92107391357422,278318
BRG,BRG.OL,2018-09-25,82.4000015258789,86.19999694824219,82.4000015258789,84.5,70.33612060546875,253426
BRG,BRG.OL,2018-09-26,84.69999694824219,84.69999694824219,83.5,84.5,70.33612060546875,61690
BRG,BRG.OL,2018-09-27,84.30000305175781,84.9000015258789,83.5,84.5999984741211,70.41934967041016,134094
BRG,BRG.OL,2018-09-28,84.5999984741211,84.69999694824219,83.4000015258789,83.4000015258789,69.42050170898438,91564
BRG,BRG.OL,2018-10-01,83.4000015258789,83.4000015258789,80.0999984741211,80.0999984741211,66.67364501953125,223258
BRG,BRG.OL,2018-10-02,80.0999984741211,83.80000305175781,80.0999984741211,83.80000305175781,69.75345611572266,141591
BRG,BRG.OL,2018-10-03,83.5999984741211,84.5999984741211,82.0999984741211,84.30000305175781,70.16964721679688,100633
BRG,BRG.OL,2018-10-04,84.0,84.19999694824219,83.30000305175781,83.5999984741211,69.58697509765625,124837
BRG,BRG.OL,2018-10-05,84.0,84.0,82.5,83.0999984741211,69.17078399658203,82279
BRG,BRG.OL,2018-10-08,83.30000305175781,83.69999694824219,81.80000305175781,83.5999984741211,69.58697509765625,102102
BRG,BRG.OL,2018-10-09,83.80000305175781,85.0,83.4000015258789,85.0,70.75231170654297,123061
BRG,BRG.OL,2018-10-10,84.5999984741211,84.69999694824219,82.80000305175781,82.9000015258789,69.00431060791016,93929
BRG,BRG.OL,2018-10-11,80.30000305175781,82.0999984741211,80.30000305175781,81.30000305175781,67.6725082397461,163372
BRG,BRG.OL,2018-10-12,81.0999984741211,83.0,81.0999984741211,82.19999694824219,68.42163848876953,113493
BRG,BRG.OL,2018-10-15,80.4000015258789,82.4000015258789,80.0999984741211,80.5,67.006591796875,99725
BRG,BRG.OL,2018-10-16,80.69999694824219,83.0,80.69999694824219,82.4000015258789,68.58812713623047,98192
BRG,BRG.OL,2018-10-17,83.0999984741211,84.0,81.19999694824219,81.5,67.83897399902344,172173
BRG,BRG.OL,2018-10-18,81.0,82.0,80.0999984741211,80.80000305175781,67.25630950927734,130949
BRG,BRG.OL,2018-10-19,81.30000305175781,82.69999694824219,79.5999984741211,80.19999694824219,66.75688934326172,256165
BRG,BRG.OL,2018-10-22,81.0999984741211,83.0,80.5,80.5,67.006591796875,151356
BRG,BRG.OL,2018-10-23,75.0,75.5,71.9000015258789,73.0,60.763755798339844,453163
BRG,BRG.OL,2018-10-24,74.19999694824219,74.5999984741211,72.0999984741211,73.0999984741211,60.846988677978516,220507
BRG,BRG.OL,2018-10-25,72.5999984741211,73.19999694824219,70.69999694824219,73.19999694824219,60.93022155761719,209709
BRG,BRG.OL,2018-10-26,73.30000305175781,75.0,72.30000305175781,74.0999984741211,61.67937469482422,153909
BRG,BRG.OL,2018-10-29,74.30000305175781,75.30000305175781,73.5999984741211,74.30000305175781,61.845855712890625,139485
BRG,BRG.OL,2018-10-30,74.30000305175781,75.5,73.4000015258789,74.5,62.0123176574707,181747
BRG,BRG.OL,2018-10-31,74.5,76.0,74.5,76.0,63.260894775390625,65806
BRG,BRG.OL,2018-11-01,76.0999984741211,77.4000015258789,75.80000305175781,76.30000305175781,63.51061248779297,70179
BRG,BRG.OL,2018-11-02,79.0,79.0,77.0999984741211,77.19999694824219,64.2597427368164,45465
BRG,BRG.OL,2018-11-05,77.5999984741211,77.5999984741211,76.19999694824219,76.5999984741211,63.760318756103516,31856
BRG,BRG.OL,2018-11-06,76.5999984741211,77.19999694824219,75.9000015258789,76.9000015258789,64.01004791259766,81389
BRG,BRG.OL,2018-11-07,77.5,80.5999984741211,77.5,80.5,67.006591796875,226581
BRG,BRG.OL,2018-11-08,80.4000015258789,81.5999984741211,80.0,80.69999694824219,67.1730728149414,84678
BRG,BRG.OL,2018-11-09,80.80000305175781,80.80000305175781,79.30000305175781,79.69999694824219,66.34070587158203,83353
BRG,BRG.OL,2018-11-12,79.69999694824219,80.4000015258789,79.19999694824219,80.0,66.59042358398438,68858
BRG,BRG.OL,2018-11-13,79.5999984741211,81.9000015258789,79.5999984741211,81.4000015258789,67.75574493408203,60482
BRG,BRG.OL,2018-11-14,80.5,81.30000305175781,79.0999984741211,79.19999694824219,65.92451477050781,89753
BRG,BRG.OL,2018-11-15,79.0,80.5,78.9000015258789,79.69999694824219,66.34070587158203,72112
BRG,BRG.OL,2018-11-16,80.30000305175781,81.5999984741211,80.0999984741211,81.0,67.42279052734375,80858
BRG,BRG.OL,2018-11-19,78.0,81.9000015258789,78.0,81.0,67.42279052734375,86419
BRG,BRG.OL,2018-11-20,79.0,80.4000015258789,78.0,78.69999694824219,65.50830841064453,57256
BRG,BRG.OL,2018-11-21,78.69999694824219,81.19999694824219,78.69999694824219,80.69999694824219,67.1730728149414,45285
BRG,BRG.OL,2018-11-22,80.69999694824219,81.69999694824219,80.30000305175781,80.5,67.006591796875,83678
BRG,BRG.OL,2018-11-23,80.0,80.5999984741211,78.30000305175781,78.5,65.34185028076172,72887
BRG,BRG.OL,2018-11-26,79.30000305175781,79.69999694824219,78.5,79.0,65.75804138183594,31304
BRG,BRG.OL,2018-11-27,79.0,79.19999694824219,76.80000305175781,77.80000305175781,64.75918579101562,127309
BRG,BRG.OL,2018-11-28,80.69999694824219,80.69999694824219,75.5999984741211,76.30000305175781,63.51061248779297,114894
BRG,BRG.OL,2018-11-29,76.5999984741211,79.9000015258789,76.5999984741211,79.0,65.75804138183594,144008
BRG,BRG.OL,2018-11-30,79.0,79.0999984741211,77.5,79.0,65.75804138183594,110026
BRG,BRG.OL,2018-12-03,80.19999694824219,80.4000015258789,78.5,78.80000305175781,65.59156799316406,45181
BRG,BRG.OL,2018-12-04,78.5,79.80000305175781,78.5,79.5,66.17422485351562,43618
BRG,BRG.OL,2018-12-05,78.9000015258789,79.5,78.69999694824219,79.0999984741211,65.84127044677734,58551
BRG,BRG.OL,2018-12-06,78.69999694824219,78.69999694824219,74.5999984741211,74.69999694824219,62.178802490234375,84682
BRG,BRG.OL,2018-12-07,76.0999984741211,77.30000305175781,75.30000305175781,77.0,64.09326934814453,125411
BRG,BRG.OL,2018-12-10,77.0,77.19999694824219,75.5999984741211,76.80000305175781,63.92679977416992,39232
BRG,BRG.OL,2018-12-11,74.0,76.9000015258789,74.0,76.9000015258789,64.01004791259766,61780
BRG,BRG.OL,2018-12-12,77.0,77.30000305175781,76.0999984741211,76.80000305175781,63.92679977416992,94158
BRG,BRG.OL,2018-12-13,77.30000305175781,77.30000305175781,75.9000015258789,76.80000305175781,63.92679977416992,69042
BRG,BRG.OL,2018-12-14,76.19999694824219,77.5,75.5999984741211,77.19999694824219,64.2597427368164,102562
BRG,BRG.OL,2018-12-17,77.80000305175781,77.80000305175781,74.69999694824219,74.9000015258789,62.345279693603516,50910
BRG,BRG.OL,2018-12-18,75.0,75.0,73.0999984741211,74.30000305175781,61.845855712890625,90056
BRG,BRG.OL,2018-12-19,74.30000305175781,76.0,73.9000015258789,76.0,63.260894775390625,64504
BRG,BRG.OL,2018-12-20,76.0,76.0,72.9000015258789,75.80000305175781,63.094417572021484,128750
BRG,BRG.OL,2018-12-21,74.5,75.30000305175781,74.0,74.5999984741211,62.095558166503906,119951
BRG,BRG.OL,2018-12-27,74.0,75.69999694824219,73.0,73.5,61.1799430847168,57644
BRG,BRG.OL,2018-12-28,73.5,76.0,73.5,74.80000305175781,62.26203918457031,47173
BRG,BRG.OL,2019-01-02,74.80000305175781,76.5,73.80000305175781,75.30000305175781,62.67823791503906,61587
BRG,BRG.OL,2019-01-03,75.30000305175781,77.0,74.0,76.0,63.260894775390625,42189
BRG,BRG.OL,2019-01-04,75.5999984741211,77.9000015258789,75.5999984741211,77.0,64.09326934814453,37328
BRG,BRG.OL,2019-01-07,78.19999694824219,79.80000305175781,75.0999984741211,78.5,65.34185028076172,49184
BRG,BRG.OL,2019-01-08,78.9000015258789,78.9000015258789,77.80000305175781,77.80000305175781,64.75918579101562,40070
BRG,BRG.OL,2019-01-09,78.30000305175781,78.9000015258789,78.0,78.4000015258789,65.25860595703125,68790
BRG,BRG.OL,2019-01-10,78.4000015258789,78.5,77.19999694824219,77.69999694824219,64.67594146728516,42966
BRG,BRG.OL,2019-01-11,77.69999694824219,78.5,77.69999694824219,78.30000305175781,65.17537689208984,29009
BRG,BRG.OL,2019-01-14,77.5,77.9000015258789,76.5,76.5,63.67708206176758,23832
BRG,BRG.OL,2019-01-15,76.5,77.19999694824219,76.30000305175781,76.5,63.67708206176758,50814
BRG,BRG.OL,2019-01-16,74.30000305175781,76.5999984741211,74.30000305175781,75.30000305175781,62.67823791503906,79504
BRG,BRG.OL,2019-01-17,75.30000305175781,75.4000015258789,74.0,74.0999984741211,61.67937469482422,102665
BRG,BRG.OL,2019-01-18,74.30000305175781,75.9000015258789,73.80000305175781,74.69999694824219,62.178802490234375,131946
BRG,BRG.OL,2019-01-21,74.9000015258789,75.69999694824219,74.5999984741211,75.0,62.428524017333984,116919
BRG,BRG.OL,2019-01-22,75.9000015258789,77.19999694824219,75.19999694824219,75.30000305175781,62.67823791503906,115190
BRG,BRG.OL,2019-01-23,75.30000305175781,75.30000305175781,74.19999694824219,74.9000015258789,62.345279693603516,75170
BRG,BRG.OL,2019-01-24,75.0,75.0,73.5,74.0,61.596134185791016,114378
BRG,BRG.OL,2019-01-25,73.0,75.0,73.0,75.0,62.428524017333984,38141
BRG,BRG.OL,2019-01-28,75.0,75.0,74.0999984741211,74.69999694824219,62.178802490234375,79191
BRG,BRG.OL,2019-01-29,75.19999694824219,75.19999694824219,73.4000015258789,73.5,61.1799430847168,70511
BRG,BRG.OL,2019-01-30,73.9000015258789,75.0999984741211,73.69999694824219,74.80000305175781,62.26203918457031,66179
BRG,BRG.OL,2019-01-31,73.5,75.5999984741211,73.5,74.80000305175781,62.26203918457031,227580
BRG,BRG.OL,2019-02-01,75.0,75.69999694824219,74.0,75.69999694824219,63.01118469238281,106446
BRG,BRG.OL,2019-02-04,75.0,75.0999984741211,74.30000305175781,75.0,62.428524017333984,114369
BRG,BRG.OL,2019-02-05,75.0,75.0999984741211,74.5,75.0,62.428524017333984,119339
BRG,BRG.OL,2019-02-06,75.80000305175781,77.0,75.0999984741211,76.69999694824219,63.84355926513672,106246
BRG,BRG.OL,2019-02-07,76.80000305175781,77.5,76.4000015258789,77.19999694824219,64.2597427368164,34795
BRG,BRG.OL,2019-02-08,76.5,77.4000015258789,76.5,77.19999694824219,64.2597427368164,70378
BRG,BRG.OL,2019-02-11,77.19999694824219,77.80000305175781,77.0,77.30000305175781,64.3429946899414,39996
BRG,BRG.OL,2019-02-12,78.5,79.80000305175781,78.0,79.5,66.17422485351562,236698
BRG,BRG.OL,2019-02-13,79.5,81.19999694824219,79.5,81.0,67.42279052734375,77291
BRG,BRG.OL,2019-02-14,80.30000305175781,82.5,80.30000305175781,82.5,68.67135620117188,121373
BRG,BRG.OL,2019-02-15,82.30000305175781,82.30000305175781,81.0,81.5999984741211,67.92222595214844,77194
BRG,BRG.OL,2019-02-18,81.5,81.80000305175781,81.0,81.0,67.42279052734375,43027
BRG,BRG.OL,2019-02-19,80.80000305175781,81.4000015258789,79.5999984741211,80.0,66.59042358398438,94088
BRG,BRG.OL,2019-02-20,80.0,81.69999694824219,79.5999984741211,81.30000305175781,67.6725082397461,54549
BRG,BRG.OL,2019-02-21,81.30000305175781,81.80000305175781,81.0,81.30000305175781,67.6725082397461,41673
BRG,BRG.OL,2019-02-22,80.0,81.69999694824219,79.4000015258789,81.69999694824219,68.00545501708984,45525
BRG,BRG.OL,2019-02-25,81.4000015258789,81.80000305175781,81.0,81.0999984741211,67.50601959228516,43208
BRG,BRG.OL,2019-02-26,80.5999984741211,81.19999694824219,80.5,81.0,67.42279052734375,33816
BRG,BRG.OL,2019-02-27,77.0999984741211,81.5999984741211,77.0999984741211,81.0999984741211,67.50601959228516,44209
BRG,BRG.OL,2019-02-28,81.0,81.9000015258789,80.0999984741211,81.0999984741211,67.50601959228516,109195
BRG,BRG.OL,2019-03-01,80.30000305175781,81.5999984741211,80.30000305175781,80.9000015258789,67.33955383300781,35760
BRG,BRG.OL,2019-03-04,80.9000015258789,82.69999694824219,80.9000015258789,82.5999984741211,68.75460052490234,62995
BRG,BRG.OL,2019-03-05,82.5,83.30000305175781,81.80000305175781,82.9000015258789,69.00431060791016,116162
BRG,BRG.OL,2019-03-06,82.9000015258789,83.19999694824219,81.5,81.9000015258789,68.17192840576172,37735
BRG,BRG.OL,2019-03-07,81.69999694824219,82.30000305175781,80.80000305175781,82.19999694824219,68.42163848876953,46804
BRG,BRG.OL,2019-03-08,82.19999694824219,82.5999984741211,81.30000305175781,82.5,68.67135620117188,38381
BRG,BRG.OL,2019-03-11,82.9000015258789,84.9000015258789,82.4000015258789,84.69999694824219,70.50260162353516,115495
BRG,BRG.OL,2019-03-12,84.69999694824219,85.9000015258789,84.19999694824219,85.5,71.16851043701172,88352
BRG,BRG.OL,2019-03-13,85.0,86.19999694824219,84.80000305175781,85.69999694824219,71.33497619628906,62061
BRG,BRG.OL,2019-03-14,85.30000305175781,85.9000015258789,85.0999984741211,85.5,71.16851043701172,31413
BRG,BRG.OL,2019-03-15,85.0,86.30000305175781,84.9000015258789,86.0999984741211,71.66793823242188,71508
BRG,BRG.OL,2019-03-18,86.19999694824219,87.4000015258789,86.0,87.4000015258789,72.75003051757812,78636
BRG,BRG.OL,2019-03-19,87.4000015258789,88.0,86.5999984741211,86.69999694824219,72.16736602783203,46870
BRG,BRG.OL,2019-03-20,86.5999984741211,86.5999984741211,85.4000015258789,85.80000305175781,71.41822814941406,36844
BRG,BRG.OL,2019-03-21,86.69999694824219,86.69999694824219,85.4000015258789,85.4000015258789,71.08525848388672,23452
BRG,BRG.OL,2019-03-22,85.80000305175781,85.80000305175781,84.0,84.0999984741211,70.00318145751953,32634
BRG,BRG.OL,2019-03-25,84.0999984741211,84.0999984741211,82.0999984741211,82.4000015258789,68.58812713623047,57411
BRG,BRG.OL,2019-03-26,85.0,85.0,81.80000305175781,83.0999984741211,69.17078399658203,88056
BRG,BRG.OL,2019-03-27,84.69999694824219,85.0,83.0999984741211,84.9000015258789,70.6690673828125,37587
BRG,BRG.OL,2019-03-28,85.0,85.0,82.5,84.19999694824219,70.08639526367188,69073
BRG,BRG.OL,2019-03-29,84.19999694824219,85.9000015258789,83.80000305175781,85.5,71.16851043701172,79548
BRG,BRG.OL,2019-04-01,85.30000305175781,85.3499984741211,83.69999694824219,83.69999694824219,69.67021179199219,44716
BRG,BRG.OL,2019-04-02,84.0,84.9000015258789,84.0,84.5999984741211,70.41934967041016,37545
BRG,BRG.OL,2019-04-03,84.80000305175781,85.3499984741211,84.3499984741211,84.75,70.5442123413086,27128
BRG,BRG.OL,2019-04-04,82.5999984741211,85.0,82.5999984741211,84.8499984741211,70.6274642944336,21842
BRG,BRG.OL,2019-04-05,84.0,85.5,84.0,84.30000305175781,70.16964721679688,47330
BRG,BRG.OL,2019-04-08,84.30000305175781,85.0,84.30000305175781,84.69999694824219,70.50260162353516,49560
BRG,BRG.OL,2019-04-09,84.69999694824219,85.5,83.0999984741211,84.44999694824219,70.29450225830078,45460
BRG,BRG.OL,2019-04-10,84.5999984741211,85.69999694824219,84.0,85.69999694824219,71.33497619628906,48258
BRG,BRG.OL,2019-04-11,86.0999984741211,87.5999984741211,84.5999984741211,85.0,70.75231170654297,197213
BRG,BRG.OL,2019-04-12,85.0,87.19999694824219,82.9000015258789,87.19999694824219,74.55712890625,75408
BRG,BRG.OL,2019-04-15,87.19999694824219,87.5,86.19999694824219,87.19999694824219,74.55712890625,24373
BRG,BRG.OL,2019-04-16,87.19999694824219,89.44999694824219,87.19999694824219,89.30000305175781,76.35265350341797,64816
BRG,BRG.OL,2019-04-17,89.30000305175781,89.30000305175781,89.30000305175781,89.30000305175781,76.35265350341797,0
BRG,BRG.OL,2019-04-23,87.0,88.55000305175781,85.80000305175781,87.80000305175781,75.07012939453125,104433
BRG,BRG.OL,2019-04-24,87.30000305175781,88.4000015258789,87.0,88.4000015258789,75.58313751220703,30553
BRG,BRG.OL,2019-04-25,88.4000015258789,88.55000305175781,87.9000015258789,88.4000015258789,75.58313751220703,25564
BRG,BRG.OL,2019-04-26,88.4000015258789,88.5,87.0,88.30000305175781,75.49763488769531,45355
BRG,BRG.OL,2019-04-29,88.30000305175781,88.5999984741211,87.5999984741211,88.4000015258789,75.58313751220703,39639
BRG,BRG.OL,2019-04-30,88.4000015258789,88.4000015258789,87.44999694824219,87.55000305175781,74.85638427734375,41978
BRG,BRG.OL,2019-05-02,88.5,88.5,86.5999984741211,87.19999694824219,74.55712890625,60621
BRG,BRG.OL,2019-05-03,88.0,92.69999694824219,88.0,89.30000305175781,76.35265350341797,237149
BRG,BRG.OL,2019-05-06,86.5,89.94999694824219,86.5,89.5,76.52364349365234,35005
BRG,BRG.OL,2019-05-07,89.5,91.80000305175781,88.75,90.5,77.37867736816406,194349
BRG,BRG.OL,2019-05-08,90.0,91.3499984741211,89.9000015258789,91.0999984741211,77.89167022705078,46545
BRG,BRG.OL,2019-05-09,90.75,92.8499984741211,90.5999984741211,91.5,78.23367309570312,92993
BRG,BRG.OL,2019-05-10,90.5,92.5999984741211,90.5,91.44999694824219,78.19093322753906,68280
BRG,BRG.OL,2019-05-13,90.0,91.05000305175781,87.6500015258789,87.94999694824219,75.1983871459961,65832
BRG,BRG.OL,2019-05-14,88.19999694824219,89.55000305175781,88.19999694824219,89.5,76.52364349365234,40014
BRG,BRG.OL,2019-05-15,89.75,89.94999694824219,89.0,89.5,76.52364349365234,47447
BRG,BRG.OL,2019-05-16,90.25,92.5999984741211,89.69999694824219,92.05000305175781,78.70394897460938,94290
BRG,BRG.OL,2019-05-20,92.30000305175781,92.9000015258789,88.8499984741211,90.25,77.1649169921875,75509
BRG,BRG.OL,2019-05-21,91.6500015258789,91.6500015258789,89.80000305175781,90.5999984741211,77.46415710449219,53703
BRG,BRG.OL,2019-05-22,90.5999984741211,94.0999984741211,90.25,93.55000305175781,79.98645782470703,73912
BRG,BRG.OL,2019-05-23,93.55000305175781,94.1500015258789,92.0999984741211,93.0,79.51618957519531,83294
BRG,BRG.OL,2019-05-24,93.0999984741211,94.55000305175781,93.05000305175781,94.3499984741211,80.67047119140625,110187
BRG,BRG.OL,2019-05-27,94.3499984741211,95.55000305175781,94.25,95.0,81.22622680664062,132229
BRG,BRG.OL,2019-05-28,95.19999694824219,99.0,95.19999694824219,97.4000015258789,83.27824401855469,210898
BRG,BRG.OL,2019-05-29,97.30000305175781,97.30000305175781,96.0,96.80000305175781,82.76524353027344,112358
BRG,BRG.OL,2019-05-31,96.4000015258789,96.4000015258789,94.30000305175781,95.0,81.22622680664062,70981
BRG,BRG.OL,2019-06-03,95.0,96.0,95.0,95.75,81.86747741699219,73475
BRG,BRG.OL,2019-06-04,93.8499984741211,95.6500015258789,91.5,93.0,79.51618957519531,110434
BRG,BRG.OL,2019-06-05,93.0,94.05000305175781,92.69999694824219,93.6500015258789,80.07196044921875,37193
BRG,BRG.OL,2019-06-06,93.69999694824219,93.8499984741211,91.75,92.0,78.66118621826172,63586
BRG,BRG.OL,2019-06-07,92.0,93.69999694824219,91.9000015258789,93.55000305175781,79.98645782470703,60253
BRG,BRG.OL,2019-06-11,93.55000305175781,93.69999694824219,92.69999694824219,93.5,79.94369506835938,21537
BRG,BRG.OL,2019-06-12,93.5999984741211,93.5999984741211,92.5,93.0,79.51618957519531,62936
BRG,BRG.OL,2019-06-13,93.0,94.0,91.3499984741211,93.8499984741211,80.24295806884766,109738
BRG,BRG.OL,2019-06-14,94.8499984741211,94.8499984741211,90.5999984741211,92.5999984741211,79.17418670654297,77971
BRG,BRG.OL,2019-06-17,92.6500015258789,93.55000305175781,91.25,91.25,78.01992797851562,60099
BRG,BRG.OL,2019-06-18,91.3499984741211,92.1500015258789,90.44999694824219,92.0,78.66118621826172,63582
BRG,BRG.OL,2019-06-19,91.5999984741211,94.44999694824219,91.5999984741211,93.5999984741211,80.02920532226562,74827
BRG,BRG.OL,2019-06-20,93.6500015258789,94.30000305175781,93.0,94.0,80.3712158203125,51341
BRG,BRG.OL,2019-06-21,93.5,94.1500015258789,92.30000305175781,93.94999694824219,80.32845306396484,119267
BRG,BRG.OL,2019-06-24,93.9000015258789,94.80000305175781,93.30000305175781,93.30000305175781,79.772705078125,38476
BRG,BRG.OL,2019-06-25,93.30000305175781,94.44999694824219,93.19999694824219,94.0,80.3712158203125,41082
BRG,BRG.OL,2019-06-26,94.0,94.94999694824219,94.0,94.0999984741211,80.45670318603516,37349
BRG,BRG.OL,2019-06-27,94.0,96.0,92.75,96.0,82.08123779296875,58157
BRG,BRG.OL,2019-06-28,96.0,99.25,96.0,98.80000305175781,84.47528076171875,165375
BRG,BRG.OL,2019-07-01,99.0,99.94999694824219,97.6500015258789,98.4000015258789,84.13326263427734,55174
BRG,BRG.OL,2019-07-02,98.0,99.0999984741211,95.5999984741211,98.94999694824219,84.603515625,33977
BRG,BRG.OL,2019-07-03,98.94999694824219,99.5,97.75,99.4000015258789,84.98828887939453,53013
BRG,BRG.OL,2019-07-04,98.05000305175781,98.05000305175781,96.1500015258789,96.75,82.72248840332031,89754
BRG,BRG.OL,2019-07-05,96.75,97.25,95.55000305175781,96.4000015258789,82.4232406616211,58991
BRG,BRG.OL,2019-07-08,96.4000015258789,98.25,95.94999694824219,97.55000305175781,83.40650177001953,62605
BRG,BRG.OL,2019-07-09,98.69999694824219,99.1500015258789,97.25,99.0999984741211,84.73177337646484,60202
BRG,BRG.OL,2019-07-10,99.05000305175781,99.0999984741211,97.3499984741211,97.5,83.36375427246094,30884
BRG,BRG.OL,2019-07-11,97.9000015258789,97.9000015258789,96.4000015258789,97.0,82.93624114990234,22445
BRG,BRG.OL,2019-07-12,96.0999984741211,97.19999694824219,96.0999984741211,97.0,82.93624114990234,46032
BRG,BRG.OL,2019-07-15,96.05000305175781,97.0,96.05000305175781,96.55000305175781,82.5514907836914,28055
BRG,BRG.OL,2019-07-16,96.1500015258789,96.6500015258789,92.55000305175781,95.25,81.43998718261719,71854
BRG,BRG.OL,2019-07-17,92.94999694824219,94.9000015258789,92.94999694824219,94.5,80.79872131347656,43307
BRG,BRG.OL,2019-07-18,93.30000305175781,94.5999984741211,92.9000015258789,94.4000015258789,80.71321105957031,43008
BRG,BRG.OL,2019-07-19,95.19999694824219,95.25,93.9000015258789,94.69999694824219,80.96971893310547,37925
BRG,BRG.OL,2019-07-22,97.5,97.5,94.0,94.0,80.3712158203125,42846
BRG,BRG.OL,2019-07-23,92.30000305175781,95.1500015258789,92.1500015258789,94.0,80.3712158203125,112525
BRG,BRG.OL,2019-07-24,93.3499984741211,95.75,93.3499984741211,94.0,80.3712158203125,57599
BRG,BRG.OL,2019-07-25,93.5,95.5,93.5,94.9000015258789,81.1407241821289,71700
BRG,BRG.OL,2019-07-26,94.9000015258789,97.55000305175781,94.80000305175781,96.9000015258789,82.85074615478516,55580
BRG,BRG.OL,2019-07-29,95.0999984741211,97.19999694824219,95.0999984741211,95.6500015258789,81.78199768066406,21795
BRG,BRG.OL,2019-07-30,95.6500015258789,95.6500015258789,93.4000015258789,94.0,80.3712158203125,43380
BRG,BRG.OL,2019-07-31,94.0,94.9000015258789,92.4000015258789,92.75,79.30244445800781,45575
BRG,BRG.OL,2019-08-01,94.0,94.80000305175781,93.25,93.55000305175781,79.98645782470703,55024
BRG,BRG.OL,2019-08-02,93.19999694824219,94.8499984741211,93.19999694824219,94.0,80.3712158203125,28228
BRG,BRG.OL,2019-08-05,93.5,93.5,92.05000305175781,93.0,79.51618957519531,34929
BRG,BRG.OL,2019-08-06,92.0,92.6500015258789,91.0,92.25,78.87493133544922,58217
BRG,BRG.OL,2019-08-07,92.0,93.5999984741211,91.9000015258789,92.3499984741211,78.96044921875,32391
BRG,BRG.OL,2019-08-08,92.75,95.19999694824219,92.5,95.0999984741211,81.31172180175781,22723
BRG,BRG.OL,2019-08-09,95.0999984741211,95.80000305175781,93.80000305175781,95.3499984741211,81.52547454833984,24224
BRG,BRG.OL,2019-08-12,92.0,95.3499984741211,92.0,95.0999984741211,81.31172180175781,18571
BRG,BRG.OL,2019-08-13,94.75,95.30000305175781,93.19999694824219,95.0,81.22622680664062,36125
BRG,BRG.OL,2019-08-14,93.44999694824219,94.30000305175781,92.69999694824219,93.19999694824219,79.68719482421875,65714
BRG,BRG.OL,2019-08-15,93.0,93.69999694824219,90.5,92.0,78.66118621826172,61383
BRG,BRG.OL,2019-08-16,92.5,93.69999694824219,91.5,92.0,78.66118621826172,28477
BRG,BRG.OL,2019-08-19,94.55000305175781,94.80000305175781,92.0,93.8499984741211,80.24295806884766,27644
BRG,BRG.OL,2019-08-20,91.5,94.44999694824219,91.5,93.44999694824219,79.90094757080078,28745
BRG,BRG.OL,2019-08-21,93.44999694824219,94.25,93.25,93.25,79.72994995117188,11826
BRG,BRG.OL,2019-08-22,91.4000015258789,93.80000305175781,91.4000015258789,92.19999694824219,78.83218383789062,24711
BRG,BRG.OL,2019-08-23,92.4000015258789,93.05000305175781,90.5999984741211,91.0,77.8061752319336,62580
BRG,BRG.OL,2019-08-26,87.0,89.0,85.69999694824219,87.80000305175781,75.07012939453125,74348
BRG,BRG.OL,2019-08-27,87.80000305175781,89.0999984741211,86.5999984741211,87.0999984741211,74.47161102294922,94818
BRG,BRG.OL,2019-08-28,87.5,87.94999694824219,85.6500015258789,87.5,74.81362915039062,62237
BRG,BRG.OL,2019-08-29,87.9000015258789,90.0,87.9000015258789,90.0,76.95115661621094,46703
BRG,BRG.OL,2019-08-30,88.0,91.5,88.0,91.19999694824219,77.9771728515625,35769
BRG,BRG.OL,2019-09-02,91.0,92.19999694824219,88.69999694824219,88.69999694824219,75.83963775634766,66174
BRG,BRG.OL,2019-09-03,91.0,93.80000305175781,90.3499984741211,93.0999984741211,79.60169982910156,98925
BRG,BRG.OL,2019-09-04,91.5,93.44999694824219,91.1500015258789,91.1500015258789,77.93443298339844,41542
BRG,BRG.OL,2019-09-05,91.1500015258789,93.5,91.1500015258789,92.30000305175781,78.91768646240234,73921
BRG,BRG.OL,2019-09-06,93.0,93.5,92.8499984741211,92.8499984741211,79.38794708251953,21057
BRG,BRG.OL,2019-09-09,93.05000305175781,93.0999984741211,91.9000015258789,92.0,78.66118621826172,13807
BRG,BRG.OL,2019-09-10,92.3499984741211,94.1500015258789,91.6500015258789,93.75,80.15745544433594,60067
BRG,BRG.OL,2019-09-11,92.80000305175781,97.0,92.80000305175781,97.0,82.93624114990234,28945
BRG,BRG.OL,2019-09-12,95.1500015258789,96.0999984741211,94.94999694824219,95.5999984741211,81.73922729492188,40672
BRG,BRG.OL,2019-09-13,94.94999694824219,97.3499984741211,94.94999694824219,96.69999694824219,82.67974090576172,28126
BRG,BRG.OL,2019-09-16,96.0,97.5,95.9000015258789,97.5,83.36375427246094,58949
BRG,BRG.OL,2019-09-17,97.0,97.5,96.19999694824219,97.44999694824219,83.32099914550781,69119
BRG,BRG.OL,2019-09-18,97.0,98.0,96.30000305175781,96.6500015258789,82.6369857788086,73849
BRG,BRG.OL,2019-09-19,95.94999694824219,97.19999694824219,95.5,96.30000305175781,82.3377456665039,44372
BRG,BRG.OL,2019-09-20,95.9000015258789,97.3499984741211,95.55000305175781,95.55000305175781,81.69649505615234,135960
BRG,BRG.OL,2019-09-23,90.0,96.5,90.0,95.55000305175781,81.69649505615234,55915
BRG,BRG.OL,2019-09-24,93.0999984741211,96.0,93.0999984741211,94.75,81.01248168945312,55378
BRG,BRG.OL,2019-09-25,93.0999984741211,94.5,92.80000305175781,92.80000305175781,79.34519958496094,13194
BRG,BRG.OL,2019-09-26,92.0,95.5,92.0,95.0,81.22622680664062,75754
BRG,BRG.OL,2019-09-27,95.0999984741211,95.0999984741211,92.80000305175781,93.30000305175781,79.772705078125,21947
BRG,BRG.OL,2019-09-30,93.30000305175781,97.30000305175781,92.9000015258789,97.0,82.93624114990234,116824
BRG,BRG.OL,2019-10-01,96.75,99.19999694824219,95.44999694824219,98.55000305175781,84.26151275634766,121209
BRG,BRG.OL,2019-10-02,97.94999694824219,98.30000305175781,96.9000015258789,98.05000305175781,83.83399963378906,44808
BRG,BRG.OL,2019-10-03,96.19999694824219,98.5,96.0,98.0,83.79126739501953,58731
BRG,BRG.OL,2019-10-04,97.9000015258789,101.80000305175781,97.9000015258789,101.69999694824219,86.95480346679688,97048
BRG,BRG.OL,2019-10-07,101.5,101.5999984741211,100.30000305175781,100.5,85.92878723144531,56877
BRG,BRG.OL,2019-10-08,99.4000015258789,101.30000305175781,99.4000015258789,100.0,85.50128173828125,46429
BRG,BRG.OL,2019-10-09,100.0,100.19999694824219,97.5,98.4000015258789,84.13326263427734,45518
BRG,BRG.OL,2019-10-10,98.4000015258789,99.55000305175781,97.19999694824219,97.5,83.36375427246094,39844
BRG,BRG.OL,2019-10-11,97.5,97.9000015258789,96.3499984741211,96.75,82.72248840332031,63691
BRG,BRG.OL,2019-10-14,96.75,98.75,96.75,97.5999984741211,83.44925689697266,53652
BRG,BRG.OL,2019-10-15,97.5999984741211,98.25,97.5999984741211,98.0,83.79126739501953,17309
BRG,BRG.OL,2019-10-16,99.0,99.0,97.5,98.25,84.00501251220703,28553
BRG,BRG.OL,2019-10-17,98.0,98.8499984741211,97.1500015258789,97.1500015258789,83.06449890136719,52469
BRG,BRG.OL,2019-10-18,98.94999694824219,98.94999694824219,97.80000305175781,98.0,83.79126739501953,59759
BRG,BRG.OL,2019-10-21,97.5,97.6500015258789,93.6500015258789,94.0,80.3712158203125,123726
BRG,BRG.OL,2019-10-22,94.5,94.69999694824219,93.3499984741211,93.80000305175781,80.20020294189453,78943
BRG,BRG.OL,2019-10-23,94.0,94.0,91.75,91.75,78.44743347167969,110574
BRG,BRG.OL,2019-10-24,91.6500015258789,92.9000015258789,89.30000305175781,89.30000305175781,76.35265350341797,141677
BRG,BRG.OL,2019-10-25,89.5,92.44999694824219,89.5,92.44999694824219,79.04594421386719,70936
BRG,BRG.OL,2019-10-28,92.44999694824219,92.80000305175781,91.5999984741211,92.1500015258789,78.78943634033203,19481
BRG,BRG.OL,2019-10-29,92.0999984741211,92.1500015258789,89.6500015258789,90.05000305175781,76.99391174316406,106626
BRG,BRG.OL,2019-10-30,90.80000305175781,91.0,88.6500015258789,89.0,76.09613800048828,72189
BRG,BRG.OL,2019-10-31,89.0,89.30000305175781,88.1500015258789,88.44999694824219,75.62588500976562,81172
BRG,BRG.OL,2019-11-01,88.19999694824219,90.0,75.0,89.5,76.52364349365234,161014
BRG,BRG.OL,2019-11-04,89.5,90.44999694824219,89.0,90.0,76.95115661621094,50925
BRG,BRG.OL,2019-11-05,90.4000015258789,90.4000015258789,89.5999984741211,89.80000305175781,76.7801513671875,47832
BRG,BRG.OL,2019-11-06,90.19999694824219,90.19999694824219,88.0,88.5,75.66864013671875,74391
BRG,BRG.OL,2019-11-07,88.0,90.94999694824219,88.0,90.94999694824219,77.76342010498047,58119
BRG,BRG.OL,2019-11-08,91.0,91.3499984741211,90.4000015258789,90.9000015258789,77.72067260742188,32627
BRG,BRG.OL,2019-11-11,89.0,92.0,89.0,92.0,78.66118621826172,90542
BRG,BRG.OL,2019-11-12,92.0,93.25,91.25,93.25,79.72994995117188,52566
BRG,BRG.OL,2019-11-13,93.44999694824219,93.44999694824219,91.44999694824219,92.6500015258789,79.21694946289062,32350
BRG,BRG.OL,2019-11-14,93.44999694824219,94.0,92.30000305175781,94.0,80.3712158203125,54303
BRG,BRG.OL,2019-11-15,92.19999694824219,94.55000305175781,92.19999694824219,94.55000305175781,80.84146881103516,73864
BRG,BRG.OL,2019-11-18,94.55000305175781,94.5999984741211,94.05000305175781,94.4000015258789,80.71321105957031,44693
BRG,BRG.OL,2019-11-19,94.0,95.69999694824219,93.9000015258789,95.69999694824219,81.8247299194336,36875
BRG,BRG.OL,2019-11-20,95.69999694824219,95.69999694824219,94.5999984741211,95.0,81.22622680664062,46649
BRG,BRG.OL,2019-11-21,95.0,96.25,94.1500015258789,95.69999694824219,81.8247299194336,40294
BRG,BRG.OL,2019-11-22,95.0,96.69999694824219,94.9000015258789,96.0,82.08123779296875,26301
BRG,BRG.OL,2019-11-25,97.0,97.0,95.5999984741211,97.0,82.93624114990234,69513
BRG,BRG.OL,2019-11-26,97.80000305175781,98.9000015258789,96.8499984741211,98.0,83.79126739501953,111132
BRG,BRG.OL,2019-11-27,98.0,98.19999694824219,96.0999984741211,97.0,82.93624114990234,82368
BRG,BRG.OL,2019-11-28,96.25,97.0,94.25,94.5,80.79872131347656,57861
BRG,BRG.OL,2019-11-29,95.0,95.0,92.80000305175781,93.5,79.94369506835938,43978
BRG,BRG.OL,2019-12-02,92.0,93.75,92.0,92.55000305175781,79.13143920898438,52929
BRG,BRG.OL,2019-12-03,92.55000305175781,92.6500015258789,91.3499984741211,91.75,78.44743347167969,21082
BRG,BRG.OL,2019-12-04,92.5,93.80000305175781,91.4000015258789,93.80000305175781,80.20020294189453,51376
BRG,BRG.OL,2019-12-05,92.5,94.44999694824219,92.44999694824219,94.44999694824219,80.75596618652344,26159
BRG,BRG.OL,2019-12-06,94.44999694824219,95.19999694824219,93.75,95.05000305175781,81.26898193359375,26187
BRG,BRG.OL,2019-12-09,95.05000305175781,95.05000305175781,93.94999694824219,94.69999694824219,80.96971893310547,40006
BRG,BRG.OL,2019-12-10,94.5999984741211,96.1500015258789,94.1500015258789,96.1500015258789,82.20948791503906,43479
BRG,BRG.OL,2019-12-11,95.94999694824219,96.19999694824219,94.19999694824219,95.0,81.22622680664062,46485
BRG,BRG.OL,2019-12-12,94.55000305175781,95.55000305175781,94.4000015258789,95.55000305175781,81.69649505615234,22692
BRG,BRG.OL,2019-12-13,96.0,96.0,94.69999694824219,95.75,81.86747741699219,17016
BRG,BRG.OL,2019-12-16,95.75,95.75,91.25,92.5,79.08869171142578,150807
BRG,BRG.OL,2019-12-17,92.8499984741211,93.3499984741211,90.5,93.05000305175781,79.55895233154297,68580
BRG,BRG.OL,2019-12-18,92.05000305175781,93.0,90.8499984741211,91.19999694824219,77.9771728515625,53382
BRG,BRG.OL,2019-12-19,91.5,94.94999694824219,91.19999694824219,94.94999694824219,81.18347930908203,79489
BRG,BRG.OL,2019-12-20,94.5999984741211,96.5,94.0999984741211,94.5,80.79872131347656,66693
BRG,BRG.OL,2019-12-23,94.5,95.94999694824219,94.44999694824219,95.4000015258789,81.5682373046875,41077
BRG,BRG.OL,2019-12-27,95.69999694824219,95.9000015258789,94.80000305175781,95.5999984741211,81.73922729492188,37620
BRG,BRG.OL,2019-12-30,94.4000015258789,95.25,94.3499984741211,95.0,81.22622680664062,51440
BRG,BRG.OL,2020-01-02,95.0,95.6500015258789,93.44999694824219,95.0,81.22622680664062,26989
BRG,BRG.OL,2020-01-03,95.0,95.0,93.69999694824219,94.05000305175781,80.4139633178711,15885
BRG,BRG.OL,2020-01-06,94.0,94.0,91.44999694824219,92.05000305175781,78.70394897460938,24663
BRG,BRG.OL,2020-01-07,91.19999694824219,92.3499984741211,91.0,91.0,77.8061752319336,41584
BRG,BRG.OL,2020-01-08,90.5999984741211,91.6500015258789,90.44999694824219,91.4000015258789,78.14817810058594,56256
BRG,BRG.OL,2020-01-09,91.4000015258789,92.19999694824219,90.4000015258789,90.4000015258789,77.29316711425781,41314
BRG,BRG.OL,2020-01-10,91.5,92.80000305175781,91.19999694824219,92.80000305175781,79.34519958496094,23807
BRG,BRG.OL,2020-01-13,92.5,93.30000305175781,91.19999694824219,92.80000305175781,79.34519958496094,48927
BRG,BRG.OL,2020-01-14,92.80000305175781,93.0,91.75,91.75,78.44743347167969,52666
BRG,BRG.OL,2020-01-15,91.5,92.69999694824219,91.5,92.0,78.66118621826172,30495
BRG,BRG.OL,2020-01-16,91.94999694824219,92.0,90.94999694824219,91.8499984741211,78.53292846679688,46468
BRG,BRG.OL,2020-01-17,91.8499984741211,92.75,91.69999694824219,91.94999694824219,78.6184310913086,22651
BRG,BRG.OL,2020-01-20,91.94999694824219,92.80000305175781,91.6500015258789,91.69999694824219,78.4046859741211,44460
BRG,BRG.OL,2020-01-21,91.69999694824219,91.69999694824219,90.6500015258789,90.8499984741211,77.67792510986328,35289
BRG,BRG.OL,2020-01-22,90.80000305175781,91.5999984741211,90.80000305175781,90.80000305175781,77.63517761230469,63185
BRG,BRG.OL,2020-01-23,90.69999694824219,91.0,88.44999694824219,90.0,76.95115661621094,116039
BRG,BRG.OL,2020-01-24,91.0,91.0,89.4000015258789,90.4000015258789,77.29316711425781,51572
BRG,BRG.OL,2020-01-27,90.9000015258789,90.9000015258789,88.1500015258789,89.4000015258789,76.43814086914062,32478
BRG,BRG.OL,2020-01-28,89.0,90.25,88.05000305175781,89.1500015258789,76.22440338134766,42444
BRG,BRG.OL,2020-01-29,89.1500015258789,89.6500015258789,88.25,88.9000015258789,76.0106430053711,80998
BRG,BRG.OL,2020-01-30,89.19999694824219,89.19999694824219,87.5999984741211,88.0,75.24112701416016,48288
BRG,BRG.OL,2020-01-31,87.94999694824219,89.19999694824219,87.6500015258789,88.0,75.24112701416016,154065
BRG,BRG.OL,2020-02-03,88.0,89.55000305175781,87.30000305175781,89.55000305175781,76.56640625,36337
BRG,BRG.OL,2020-02-04,91.0,91.0,89.5,89.6500015258789,76.65190124511719,43391
BRG,BRG.OL,2020-02-05,91.0,95.0,90.8499984741211,95.0,81.22622680664062,144279
BRG,BRG.OL,2020-02-06,95.0,97.8499984741211,94.94999694824219,97.5,83.36375427246094,109183
BRG,BRG.OL,2020-02-07,97.5,97.8499984741211,96.8499984741211,97.0,82.93624114990234,56511
BRG,BRG.OL,2020-02-10,97.5,98.94999694824219,96.05000305175781,98.4000015258789,84.13326263427734,102742
BRG,BRG.OL,2020-02-11,99.0,103.30000305175781,98.5999984741211,103.0,88.06633758544922,278145
BRG,BRG.OL,2020-02-12,101.0,102.9000015258789,100.4000015258789,101.9000015258789,87.12580871582031,117370
BRG,BRG.OL,2020-02-13,101.30000305175781,102.5999984741211,100.4000015258789,102.5,87.6388168334961,50897
BRG,BRG.OL,2020-02-14,102.0,105.19999694824219,100.4000015258789,105.19999694824219,89.94734954833984,121853
BRG,BRG.OL,2020-02-17,97.55000305175781,104.69999694824219,97.55000305175781,104.5,89.34883880615234,43533
BRG,BRG.OL,2020-02-18,104.0999984741211,108.4000015258789,104.0,108.0999984741211,92.42689514160156,89259
BRG,BRG.OL,2020-02-19,107.69999694824219,110.80000305175781,107.0,110.5,94.47891998291016,148736
BRG,BRG.OL,2020-02-20,110.0,114.0999984741211,109.80000305175781,114.0999984741211,97.55696105957031,135129
BRG,BRG.OL,2020-02-21,113.0,114.9000015258789,112.5,114.9000015258789,98.24097442626953,99114
BRG,BRG.OL,2020-02-24,113.9000015258789,113.9000015258789,109.4000015258789,110.4000015258789,94.39341735839844,87239
BRG,BRG.OL,2020-02-25,106.0,109.4000015258789,106.0,108.0,92.34139251708984,84292
BRG,BRG.OL,2020-02-26,106.0,111.0,104.0999984741211,109.69999694824219,93.79491424560547,146695
BRG,BRG.OL,2020-02-27,109.0,109.0,102.69999694824219,103.0,88.06633758544922,161639
BRG,BRG.OL,2020-02-28,102.0,102.69999694824219,99.6500015258789,99.6500015258789,85.20203399658203,254790
BRG,BRG.OL,2020-03-02,99.6500015258789,104.19999694824219,99.6500015258789,101.0,86.3563003540039,218351
BRG,BRG.OL,2020-03-03,107.0,108.0,102.5,105.80000305175781,90.46036529541016,204385
BRG,BRG.OL,2020-03-04,103.0,107.69999694824219,103.0,104.5999984741211,89.4343490600586,105059
BRG,BRG.OL,2020-03-05,107.69999694824219,107.69999694824219,103.5,105.19999694824219,89.94734954833984,81150
BRG,BRG.OL,2020-03-06,102.0,103.80000305175781,100.4000015258789,101.5999984741211,86.86930084228516,77342
BRG,BRG.OL,2020-03-09,98.0,99.4000015258789,95.5999984741211,96.0,82.08123779296875,155101
BRG,BRG.OL,2020-03-10,94.44999694824219,99.0999984741211,94.44999694824219,94.55000305175781,80.84146881103516,132318
BRG,BRG.OL,2020-03-11,96.75,96.75,89.1500015258789,89.1500015258789,76.22440338134766,216189
BRG,BRG.OL,2020-03-12,88.44999694824219,88.44999694824219,81.5,82.75,70.7523193359375,213904
BRG,BRG.OL,2020-03-13,83.0,87.25,80.30000305175781,82.5,70.53855895996094,252027
BRG,BRG.OL,2020-03-16,80.25,82.5999984741211,75.05000305175781,81.8499984741211,69.9828109741211,424368
BRG,BRG.OL,2020-03-17,82.05000305175781,86.69999694824219,80.94999694824219,85.69999694824219,73.27458953857422,299142
BRG,BRG.OL,2020-03-18,84.94999694824219,84.94999694824219,80.0,82.8499984741211,70.83781433105469,207713
BRG,BRG.OL,2020-03-19,84.05000305175781,86.75,82.80000305175781,85.69999694824219,73.27458953857422,328984
BRG,BRG.OL,2020-03-20,89.0999984741211,93.5,88.80000305175781,89.30000305175781,76.35265350341797,340727
BRG,BRG.OL,2020-03-23,87.5,87.5999984741211,84.0,87.5999984741211,74.89912414550781,138293
BRG,BRG.OL,2020-03-24,90.0,92.80000305175781,89.8499984741211,92.80000305175781,79.34519958496094,111988
BRG,BRG.OL,2020-03-25,95.0,95.0,86.80000305175781,90.0,76.95115661621094,191984
BRG,BRG.OL,2020-03-26,88.5,90.0,86.30000305175781,87.75,75.02738189697266,134831
BRG,BRG.OL,2020-03-27,87.0,87.5,84.4000015258789,84.4000015258789,72.1630859375,113905
BRG,BRG.OL,2020-03-30,89.94999694824219,91.3499984741211,83.44999694824219,91.3499984741211,78.10542297363281,143957
BRG,BRG.OL,2020-03-31,91.3499984741211,96.80000305175781,91.3499984741211,96.80000305175781,82.76524353027344,164445
BRG,BRG.OL,2020-04-01,95.0,97.0,93.0,96.5,82.50873565673828,203339
BRG,BRG.OL,2020-04-02,99.80000305175781,99.80000305175781,93.9000015258789,93.9000015258789,80.28569793701172,182233
BRG,BRG.OL,2020-04-03,96.80000305175781,96.80000305175781,90.4000015258789,92.80000305175781,79.34519958496094,55797
BRG,BRG.OL,2020-04-06,91.30000305175781,93.5999984741211,91.0999984741211,92.9000015258789,79.43069458007812,92057
BRG,BRG.OL,2020-04-07,96.5,96.5,92.19999694824219,92.30000305175781,78.91768646240234,98163
BRG,BRG.OL,2020-04-08,92.5,92.80000305175781,88.5999984741211,92.80000305175781,79.34519958496094,142727
BRG,BRG.OL,2020-04-14,92.80000305175781,94.0,90.5999984741211,92.69999694824219,79.25968933105469,233609
BRG,BRG.OL,2020-04-15,92.69999694824219,92.69999694824219,89.69999694824219,90.30000305175781,77.2076644897461,80290
BRG,BRG.OL,2020-04-16,92.19999694824219,93.19999694824219,89.0,92.80000305175781,79.34519958496094,185385
BRG,BRG.OL,2020-04-17,95.0,97.19999694824219,94.5,94.80000305175781,81.05522918701172,153142
BRG,BRG.OL,2020-04-20,96.5,96.5,93.5999984741211,94.80000305175781,81.05522918701172,101576
BRG,BRG.OL,2020-04-21,94.5,94.5,91.69999694824219,93.69999694824219,80.11470031738281,54225
BRG,BRG.OL,2020-04-22,92.4000015258789,96.19999694824219,92.4000015258789,95.80000305175781,81.91023254394531,70230
BRG,BRG.OL,2020-04-23,96.0999984741211,100.80000305175781,96.0999984741211,100.0,85.50128173828125,122959
BRG,BRG.OL,2020-04-24,100.0,100.0,95.5999984741211,97.0,82.93624114990234,94294
BRG,BRG.OL,2020-04-27,97.5999984741211,99.0,96.5,97.19999694824219,83.10725402832031,76927
BRG,BRG.OL,2020-04-28,98.4000015258789,101.0,97.4000015258789,98.69999694824219,84.3897705078125,114050
BRG,BRG.OL,2020-04-29,99.30000305175781,99.30000305175781,95.0999984741211,97.0,82.93624114990234,112960
BRG,BRG.OL,2020-04-30,96.0,97.0999984741211,94.0999984741211,95.30000305175781,81.48272705078125,82558
BRG,BRG.OL,2020-05-04,96.19999694824219,96.19999694824219,92.0999984741211,92.30000305175781,78.91768646240234,87981
BRG,BRG.OL,2020-05-05,90.5999984741211,94.5,90.5999984741211,93.19999694824219,79.68719482421875,87259
BRG,BRG.OL,2020-05-06,95.0,95.0,91.9000015258789,92.5,79.08869171142578,99944
BRG,BRG.OL,2020-05-07,94.80000305175781,94.80000305175781,92.0,92.9000015258789,79.43069458007812,90014
BRG,BRG.OL,2020-05-08,94.9000015258789,94.9000015258789,90.30000305175781,93.5,79.94369506835938,98862
BRG,BRG.OL,2020-05-11,94.0,94.5,92.80000305175781,94.5,80.79872131347656,42099
BRG,BRG.OL,2020-05-12,94.5,96.0,92.5,92.5,79.08869171142578,52845
BRG,BRG.OL,2020-05-13,92.80000305175781,93.5,91.5,91.80000305175781,78.49018096923828,42863
BRG,BRG.OL,2020-05-14,92.0,92.0,89.19999694824219,90.5999984741211,77.46415710449219,50553
BRG,BRG.OL,2020-05-15,91.69999694824219,92.5,90.69999694824219,91.19999694824219,77.9771728515625,28146
BRG,BRG.OL,2020-05-18,91.0,94.0,91.0,93.0,79.51618957519531,66245
BRG,BRG.OL,2020-05-19,93.0,94.0,92.0,93.0,79.51618957519531,40454
BRG,BRG.OL,2020-05-20,93.0,94.69999694824219,92.30000305175781,93.5,79.94369506835938,40994
BRG,BRG.OL,2020-05-22,94.5,96.9000015258789,91.69999694824219,96.4000015258789,82.4232406616211,55921
BRG,BRG.OL,2020-05-25,96.5,100.0,96.5,99.5,85.07379150390625,95718
BRG,BRG.OL,2020-05-26,99.5999984741211,99.80000305175781,97.80000305175781,99.0,84.64627838134766,39879
BRG,BRG.OL,2020-05-27,99.0,105.5999984741211,98.69999694824219,104.4000015258789,89.26334381103516,103740
BRG,BRG.OL,2020-05-28,103.4000015258789,107.4000015258789,103.4000015258789,105.4000015258789,90.11835479736328,84540
BRG,BRG.OL,2020-05-29,107.0,107.0,104.0,105.4000015258789,90.11835479736328,104881
BRG,BRG.OL,2020-06-02,105.4000015258789,106.19999694824219,103.80000305175781,105.0,89.7763442993164,44800
BRG,BRG.OL,2020-06-03,105.0,105.0,100.19999694824219,102.0,87.21131134033203,95913
BRG,BRG.OL,2020-06-04,102.5999984741211,102.5999984741211,99.4000015258789,101.5999984741211,86.86930084228516,94626
BRG,BRG.OL,2020-06-05,102.5999984741211,104.5999984741211,101.5999984741211,104.5999984741211,89.4343490600586,71264
BRG,BRG.OL,2020-06-08,105.0,105.5999984741211,103.19999694824219,105.5999984741211,90.28936004638672,87548
BRG,BRG.OL,2020-06-09,107.0,107.0,103.19999694824219,104.0,88.92134094238281,73320
BRG,BRG.OL,2020-06-10,104.5999984741211,105.0,103.19999694824219,103.5999984741211,88.57933044433594,66710
BRG,BRG.OL,2020-06-11,104.0,104.0,101.5999984741211,102.80000305175781,87.89532470703125,57556
BRG,BRG.OL,2020-06-12,102.4000015258789,105.5999984741211,99.69999694824219,101.5999984741211,86.86930084228516,101578
BRG,BRG.OL,2020-06-15,100.4000015258789,102.5999984741211,99.0,101.5999984741211,86.86930084228516,79440
BRG,BRG.OL,2020-06-16,101.0,103.5999984741211,100.19999694824219,103.19999694824219,90.28108215332031,69981
BRG,BRG.OL,2020-06-17,102.0,105.19999694824219,102.0,104.4000015258789,91.33087158203125,39193
BRG,BRG.OL,2020-06-18,103.80000305175781,105.4000015258789,103.0,105.0,91.85575866699219,90228
BRG,BRG.OL,2020-06-19,104.5999984741211,106.4000015258789,104.5999984741211,106.4000015258789,93.08049774169922,88843
BRG,BRG.OL,2020-06-22,107.0,108.0,105.80000305175781,108.0,94.48021697998047,94337
BRG,BRG.OL,2020-06-23,107.0,108.0,104.80000305175781,105.80000305175781,92.55561828613281,71358
BRG,BRG.OL,2020-06-24,105.5999984741211,106.19999694824219,103.80000305175781,104.0,90.98094940185547,82042
BRG,BRG.OL,2020-06-25,103.80000305175781,103.80000305175781,101.4000015258789,102.4000015258789,89.58123779296875,99492
BRG,BRG.OL,2020-06-26,103.0,103.0,101.0,102.0,89.23130798339844,85125
BRG,BRG.OL,2020-06-29,102.0,102.80000305175781,101.4000015258789,102.0,89.23130798339844,33611
BRG,BRG.OL,2020-06-30,103.0,103.80000305175781,101.0,102.19999694824219,89.4062728881836,60042
BRG,BRG.OL,2020-07-01,102.0,102.80000305175781,100.19999694824219,101.0,88.35649871826172,60688
BRG,BRG.OL,2020-07-02,103.5999984741211,103.5999984741211,100.19999694824219,101.5999984741211,88.88137817382812,58362
BRG,BRG.OL,2020-07-03,101.4000015258789,102.80000305175781,98.5999984741211,99.30000305175781,86.86930847167969,124693
BRG,BRG.OL,2020-07-06,99.0,99.5,95.5999984741211,96.30000305175781,84.24486541748047,131469
BRG,BRG.OL,2020-07-07,97.0,98.9000015258789,95.5,98.5,86.16944885253906,114864
BRG,BRG.OL,2020-07-08,98.5,98.5,96.80000305175781,97.69999694824219,85.46958923339844,83019
BRG,BRG.OL,2020-07-09,98.0,98.0,96.5,97.5999984741211,85.38211822509766,67590
BRG,BRG.OL,2020-07-10,97.5999984741211,98.0,95.0,98.0,85.73204803466797,48558
BRG,BRG.OL,2020-07-13,98.0,98.0,96.30000305175781,97.69999694824219,85.46958923339844,106921
BRG,BRG.OL,2020-07-14,97.69999694824219,98.5999984741211,96.4000015258789,97.0999984741211,84.9447021484375,38758
BRG,BRG.OL,2020-07-15,97.19999694824219,98.80000305175781,96.9000015258789,97.0999984741211,84.9447021484375,76924
BRG,BRG.OL,2020-07-16,100.80000305175781,110.4000015258789,99.19999694824219,109.0,95.35502624511719,409405
BRG,BRG.OL,2020-07-17,108.19999694824219,116.5999984741211,108.19999694824219,115.5999984741211,101.12882232666016,286991
BRG,BRG.OL,2020-07-20,115.19999694824219,120.5999984741211,114.0,120.0,104.97801971435547,231542
BRG,BRG.OL,2020-07-21,120.0,121.0,117.4000015258789,118.0,103.22837829589844,145576
BRG,BRG.OL,2020-07-22,117.0,120.0,115.19999694824219,120.0,104.97801971435547,201507
BRG,BRG.OL,2020-07-23,120.0,123.0,119.0,122.0,106.72765350341797,127297
BRG,BRG.OL,2020-07-24,123.0,123.0,120.0,121.19999694824219,106.02779388427734,78353
BRG,BRG.OL,2020-07-27,121.0,121.0,116.80000305175781,118.5999984741211,103.75325775146484,94363
BRG,BRG.OL,2020-07-28,118.0,121.80000305175781,117.80000305175781,121.5999984741211,106.37771606445312,66871
BRG,BRG.OL,2020-07-29,122.0,122.19999694824219,120.80000305175781,121.4000015258789,106.2027587890625,33145
BRG,BRG.OL,2020-07-30,121.0,122.0,117.4000015258789,117.5999984741211,102.87844848632812,85374
BRG,BRG.OL,2020-07-31,117.5999984741211,120.80000305175781,117.5999984741211,120.0,104.97801971435547,73465
BRG,BRG.OL,2020-08-03,120.0,121.80000305175781,120.0,121.5999984741211,106.37771606445312,66464
BRG,BRG.OL,2020-08-04,120.0,121.4000015258789,118.5999984741211,119.4000015258789,104.45311737060547,28924
BRG,BRG.OL,2020-08-05,120.0,120.5999984741211,119.4000015258789,120.19999694824219,105.1529769897461,77525
BRG,BRG.OL,2020-08-06,120.0,121.4000015258789,119.4000015258789,119.4000015258789,104.45311737060547,51961
BRG,BRG.OL,2020-08-07,120.0,120.0,117.5999984741211,118.4000015258789,103.57830810546875,62985
BRG,BRG.OL,2020-08-10,118.4000015258789,120.19999694824219,117.4000015258789,120.0,104.97801971435547,27521
BRG,BRG.OL,2020-08-11,120.0,120.4000015258789,118.80000305175781,119.5999984741211,104.62808990478516,45064
BRG,BRG.OL,2020-08-12,119.4000015258789,122.0,118.4000015258789,122.0,106.72765350341797,67725
BRG,BRG.OL,2020-08-13,122.0,126.0,119.5999984741211,125.80000305175781,110.05195617675781,66250
BRG,BRG.OL,2020-08-14,125.80000305175781,125.80000305175781,122.0,122.4000015258789,107.07757568359375,27101
BRG,BRG.OL,2020-08-17,122.5999984741211,124.0,119.19999694824219,119.19999694824219,104.27815246582031,57587
BRG,BRG.OL,2020-08-18,120.0,120.0,117.5999984741211,118.0,103.22837829589844,44022
BRG,BRG.OL,2020-08-19,117.80000305175781,123.4000015258789,117.19999694824219,120.4000015258789,105.32794189453125,107490
BRG,BRG.OL,2020-08-20,120.4000015258789,122.19999694824219,118.80000305175781,121.80000305175781,106.55268096923828,39722
BRG,BRG.OL,2020-08-21,122.0,122.80000305175781,120.5999984741211,121.5999984741211,106.37771606445312,52464
BRG,BRG.OL,2020-08-24,121.19999694824219,125.80000305175781,121.19999694824219,124.19999694824219,108.6522445678711,55483
BRG,BRG.OL,2020-08-25,124.19999694824219,125.4000015258789,121.80000305175781,123.5999984741211,108.12734985351562,57934
BRG,BRG.OL,2020-08-26,121.0,129.8000030517578,121.0,125.80000305175781,110.05195617675781,110473
BRG,BRG.OL,2020-08-27,125.80000305175781,129.39999389648438,125.80000305175781,129.0,112.85137176513672,47607
BRG,BRG.OL,2020-08-28,128.8000030517578,132.0,126.4000015258789,126.4000015258789,110.57685089111328,61804
BRG,BRG.OL,2020-08-31,126.0,131.8000030517578,126.0,127.19999694824219,111.27668762207031,95361
BRG,BRG.OL,2020-09-01,127.19999694824219,127.5999984741211,124.4000015258789,124.80000305175781,109.17713928222656,71041
BRG,BRG.OL,2020-09-02,124.0,127.0,124.0,126.19999694824219,110.40187072753906,75558
BRG,BRG.OL,2020-09-03,123.0,127.5999984741211,123.0,126.0,110.22691345214844,43999
BRG,BRG.OL,2020-09-04,125.80000305175781,128.39999389648438,124.19999694824219,128.0,111.97655487060547,49345
BRG,BRG.OL,2020-09-07,128.0,130.0,126.80000305175781,128.8000030517578,112.67640686035156,77864
BRG,BRG.OL,2020-09-08,129.0,129.0,125.80000305175781,128.0,111.97655487060547,46638
BRG,BRG.OL,2020-09-09,125.0,134.0,125.0,131.8000030517578,115.30084991455078,97068
BRG,BRG.OL,2020-09-10,133.0,134.39999389648438,130.39999389648438,131.0,114.60099792480469,105228
BRG,BRG.OL,2020-09-11,134.1999969482422,140.0,133.0,137.1999969482422,120.02485656738281,224907
BRG,BRG.OL,2020-09-14,137.1999969482422,138.60000610351562,133.39999389648438,133.39999389648438,116.7005615234375,55909
BRG,BRG.OL,2020-09-15,134.0,134.8000030517578,131.39999389648438,131.39999389648438,114.95092010498047,123133
BRG,BRG.OL,2020-09-16,132.1999969482422,133.0,128.1999969482422,129.60000610351562,113.37626647949219,160758
BRG,BRG.OL,2020-09-17,132.0,135.8000030517578,129.39999389648438,135.8000030517578,118.80012512207031,93945
BRG,BRG.OL,2020-09-18,137.8000030517578,144.8000030517578,137.1999969482422,143.0,125.09880828857422,202581
BRG,BRG.OL,2020-09-21,143.1999969482422,144.0,140.60000610351562,140.8000030517578,123.17420196533203,130486
BRG,BRG.OL,2020-09-22,141.0,144.0,141.0,142.0,124.22398376464844,116580
BRG,BRG.OL,2020-09-23,142.0,143.0,139.60000610351562,140.0,122.47434997558594,49092
BRG,BRG.OL,2020-09-24,139.60000610351562,139.8000030517578,136.39999389648438,139.0,121.59952545166016,71713
BRG,BRG.OL,2020-09-25,139.0,139.39999389648438,135.0,137.1999969482422,120.02485656738281,48282
BRG,BRG.OL,2020-09-28,140.0,141.8000030517578,137.8000030517578,141.39999389648438,123.6990966796875,47525
BRG,BRG.OL,2020-09-29,142.0,142.0,139.39999389648438,139.60000610351562,122.12443542480469,33688
BRG,BRG.OL,2020-09-30,140.0,143.0,139.8000030517578,142.8000030517578,124.923828125,116943
BRG,BRG.OL,2020-10-01,143.1999969482422,143.1999969482422,141.0,142.1999969482422,124.3989486694336,52092
BRG,BRG.OL,2020-10-02,140.8000030517578,142.8000030517578,139.8000030517578,140.60000610351562,122.99925994873047,59371
BRG,BRG.OL,2020-10-05,142.1999969482422,144.0,141.1999969482422,142.60000610351562,124.7488784790039,47503
BRG,BRG.OL,2020-10-06,143.0,143.39999389648438,140.39999389648438,142.1999969482422,124.3989486694336,41628
BRG,BRG.OL,2020-10-07,142.1999969482422,142.1999969482422,140.1999969482422,141.1999969482422,123.52413177490234,98408
BRG,BRG.OL,2020-10-08,142.60000610351562,142.60000610351562,139.39999389648438,140.1999969482422,122.6493148803711,46693
BRG,BRG.OL,2020-10-09,140.0,141.0,138.39999389648438,140.0,122.47434997558594,54758
BRG,BRG.OL,2020-10-12,140.0,143.60000610351562,140.0,142.60000610351562,124.7488784790039,107043
BRG,BRG.OL,2020-10-13,143.0,143.0,141.60000610351562,142.60000610351562,124.7488784790039,56184
BRG,BRG.OL,2020-10-14,142.60000610351562,143.39999389648438,142.0,142.0,124.22398376464844,140742
BRG,BRG.OL,2020-10-15,142.0,142.0,139.8000030517578,140.0,122.47434997558594,59260
BRG,BRG.OL,2020-10-16,140.0,143.39999389648438,140.0,142.1999969482422,124.3989486694336,132829
BRG,BRG.OL,2020-10-19,142.1999969482422,145.0,142.0,144.39999389648438,126.32353210449219,66500
BRG,BRG.OL,2020-10-20,144.39999389648438,146.0,141.1999969482422,141.60000610351562,123.87406921386719,99551
BRG,BRG.OL,2020-10-21,139.0,139.0,128.1999969482422,131.0,114.60099792480469,271735
BRG,BRG.OL,2020-10-22,132.0,132.39999389648438,121.80000305175781,127.5999984741211,111.62661743164062,344196
BRG,BRG.OL,2020-10-23,127.5999984741211,134.39999389648438,125.0,134.39999389648438,117.57536315917969,142894
BRG,BRG.OL,2020-10-26,133.39999389648438,133.39999389648438,126.4000015258789,127.19999694824219,111.27668762207031,195887
BRG,BRG.OL,2020-10-27,125.19999694824219,127.4000015258789,124.0,127.19999694824219,111.27668762207031,71746
BRG,BRG.OL,2020-10-28,127.19999694824219,127.19999694824219,121.19999694824219,124.19999694824219,108.6522445678711,139713
BRG,BRG.OL,2020-10-29,125.4000015258789,127.19999694824219,124.0,126.19999694824219,110.40187072753906,50661
BRG,BRG.OL,2020-10-30,126.0,129.0,125.5999984741211,127.80000305175781,111.80158996582031,79193
BRG,BRG.OL,2020-11-02,130.1999969482422,132.39999389648438,128.1999969482422,129.8000030517578,113.55121612548828,105825
BRG,BRG.OL,2020-11-03,131.8000030517578,133.39999389648438,130.8000030517578,131.8000030517578,115.30084991455078,79584
BRG,BRG.OL,2020-11-04,134.0,135.60000610351562,132.39999389648438,133.8000030517578,117.05049133300781,97512
BRG,BRG.OL,2020-11-05,135.60000610351562,136.8000030517578,132.60000610351562,133.60000610351562,116.87552642822266,306536
BRG,BRG.OL,2020-11-06,133.39999389648438,138.0,133.39999389648438,137.39999389648438,120.19982147216797,77054
BRG,BRG.OL,2020-11-09,139.0,142.1999969482422,138.1999969482422,140.0,122.47434997558594,80844
BRG,BRG.OL,2020-11-10,142.0,142.0,132.60000610351562,132.8000030517578,116.17567443847656,76370
BRG,BRG.OL,2020-11-11,135.0,135.0,128.8000030517578,128.8000030517578,112.67640686035156,108655
BRG,BRG.OL,2020-11-12,130.0,137.0,129.39999389648438,136.0,118.97509002685547,121409
BRG,BRG.OL,2020-11-13,136.0,136.60000610351562,132.39999389648438,132.39999389648438,115.82572937011719,56311
BRG,BRG.OL,2020-11-16,133.0,136.1999969482422,131.60000610351562,134.8000030517578,117.92530059814453,84121
BRG,BRG.OL,2020-11-17,134.0,134.39999389648438,130.60000610351562,132.0,115.4758071899414,76261
BRG,BRG.OL,2020-11-18,132.1999969482422,139.0,132.1999969482422,134.1999969482422,117.4004135131836,122543
BRG,BRG.OL,2020-11-19,134.1999969482422,134.8000030517578,132.60000610351562,132.60000610351562,116.00071716308594,39581
BRG,BRG.OL,2020-11-20,132.60000610351562,135.1999969482422,132.39999389648438,132.8000030517578,116.17567443847656,54137
BRG,BRG.OL,2020-11-23,134.1999969482422,134.1999969482422,128.1999969482422,129.1999969482422,113.02632904052734,104295
BRG,BRG.OL,2020-11-24,129.0,131.0,128.1999969482422,129.60000610351562,113.37626647949219,89335
BRG,BRG.OL,2020-11-25,131.8000030517578,131.8000030517578,129.0,129.0,112.85137176513672,72237
BRG,BRG.OL,2020-11-26,129.8000030517578,130.39999389648438,128.39999389648438,129.39999389648438,113.20128631591797,67183
BRG,BRG.OL,2020-11-27,130.0,130.8000030517578,129.60000610351562,130.39999389648438,114.07609558105469,57897
BRG,BRG.OL,2020-11-30,131.0,135.8000030517578,130.8000030517578,130.8000030517578,114.42603302001953,254974
BRG,BRG.OL,2020-12-01,133.0,135.0,132.0,133.0,116.35063171386719,104057
BRG,BRG.OL,2020-12-02,133.8000030517578,133.8000030517578,131.39999389648438,132.60000610351562,116.00071716308594,74397
BRG,BRG.OL,2020-12-03,133.8000030517578,133.8000030517578,132.39999389648438,132.8000030517578,116.17567443847656,51582
BRG,BRG.OL,2020-12-04,132.60000610351562,134.0,132.1999969482422,133.8000030517578,117.05049133300781,156824
BRG,BRG.OL,2020-12-07,134.0,135.39999389648438,133.39999389648438,133.8000030517578,117.05049133300781,44004
BRG,BRG.OL,2020-12-08,132.0,134.0,132.0,133.39999389648438,116.7005615234375,345793
BRG,BRG.OL,2020-12-09,133.0,135.60000610351562,132.8000030517578,133.60000610351562,116.87552642822266,73964
BRG,BRG.OL,2020-12-10,135.0,135.0,131.8000030517578,132.60000610351562,116.00071716308594,92400
BRG,BRG.OL,2020-12-11,132.0,132.1999969482422,130.39999389648438,132.1999969482422,115.65078735351562,142720
BRG,BRG.OL,2020-12-14,132.39999389648438,134.1999969482422,132.1999969482422,133.0,116.35063171386719,39805
BRG,BRG.OL,2020-12-15,134.0,134.39999389648438,132.1999969482422,133.0,116.35063171386719,112162
BRG,BRG.OL,2020-12-16,135.0,137.39999389648438,133.8000030517578,135.8000030517578,118.80012512207031,84699
BRG,BRG.OL,2020-12-17,136.1999969482422,136.8000030517578,134.60000610351562,136.60000610351562,119.49998474121094,45639
BRG,BRG.OL,2020-12-18,137.0,137.0,135.39999389648438,136.0,118.97509002685547,73632
BRG,BRG.OL,2020-12-21,136.0,136.1999969482422,132.39999389648438,134.0,117.22544860839844,145928
BRG,BRG.OL,2020-12-22,136.0,137.39999389648438,134.8000030517578,137.0,119.84991455078125,88963
BRG,BRG.OL,2020-12-23,136.8000030517578,139.0,136.60000610351562,137.60000610351562,120.37480163574219,49853
BRG,BRG.OL,2020-12-28,138.1999969482422,142.60000610351562,136.8000030517578,140.8000030517578,123.17420196533203,68777
BRG,BRG.OL,2020-12-29,142.0,143.0,140.1999969482422,142.8000030517578,124.923828125,34388
BRG,BRG.OL,2020-12-30,143.0,143.0,139.8000030517578,141.8000030517578,124.04902648925781,79995
BRG,BRG.OL,2021-01-04,142.8000030517578,144.0,140.1999969482422,143.0,125.09880828857422,410599
BRG,BRG.OL,2021-01-05,141.39999389648438,146.1999969482422,141.39999389648438,143.0,125.09880828857422,121103
BRG,BRG.OL,2021-01-06,143.8000030517578,144.1999969482422,142.1999969482422,143.0,125.09880828857422,124322
BRG,BRG.OL,2021-01-07,141.0,145.0,141.0,143.1999969482422,125.27376556396484,95209
BRG,BRG.OL,2021-01-08,143.0,146.60000610351562,141.8000030517578,145.8000030517578,127.54829406738281,289068
BRG,BRG.OL,2021-01-11,146.39999389648438,147.0,144.0,146.39999389648438,128.0731658935547,69826
BRG,BRG.OL,2021-01-12,147.60000610351562,148.60000610351562,146.60000610351562,147.39999389648438,128.947998046875,49451
BRG,BRG.OL,2021-01-13,149.39999389648438,149.39999389648438,146.1999969482422,147.1999969482422,128.7730255126953,51053
BRG,BRG.OL,2021-01-14,147.60000610351562,148.8000030517578,146.60000610351562,148.1999969482422,129.64785766601562,100921
BRG,BRG.OL,2021-01-15,148.1999969482422,148.8000030517578,147.0,147.39999389648438,128.947998046875,276710
BRG,BRG.OL,2021-01-18,144.8000030517578,151.1999969482422,144.8000030517578,151.0,132.0973358154297,86423
BRG,BRG.OL,2021-01-19,152.1999969482422,157.8000030517578,152.1999969482422,157.8000030517578,138.0460968017578,535662
BRG,BRG.OL,2021-01-20,158.0,160.0,156.60000610351562,160.0,139.97068786621094,311548
BRG,BRG.OL,2021-01-21,165.0,166.0,161.0,163.39999389648438,142.94503784179688,175308
BRG,BRG.OL,2021-01-22,163.60000610351562,163.8000030517578,160.0,161.1999969482422,141.0204620361328,137153
BRG,BRG.OL,2021-01-25,161.1999969482422,162.1999969482422,155.8000030517578,155.8000030517578,136.29647827148438,197141
BRG,BRG.OL,2021-01-26,155.0,160.0,155.0,158.0,138.22105407714844,80094
BRG,BRG.OL,2021-01-27,158.1999969482422,158.1999969482422,152.60000610351562,153.60000610351562,134.37185668945312,153484
BRG,BRG.OL,2021-01-28,150.0,157.39999389648438,148.0,157.39999389648438,137.6961669921875,210365
BRG,BRG.OL,2021-01-29,155.1999969482422,157.39999389648438,153.0,157.1999969482422,137.52120971679688,52763
BRG,BRG.OL,2021-02-01,159.0,159.8000030517578,157.39999389648438,159.39999389648438,139.44580078125,109725
BRG,BRG.OL,2021-02-02,160.39999389648438,163.39999389648438,158.8000030517578,159.0,139.0958709716797,67568
BRG,BRG.OL,2021-02-03,161.60000610351562,169.39999389648438,161.60000610351562,165.0,144.34475708007812,154547
BRG,BRG.OL,2021-02-04,165.0,168.8000030517578,164.8000030517578,168.0,146.96922302246094,127657
BRG,BRG.OL,2021-02-05,168.39999389648438,170.0,167.8000030517578,168.39999389648438,147.3191375732422,50407
BRG,BRG.OL,2021-02-08,169.8000030517578,171.1999969482422,165.1999969482422,165.8000030517578,145.0446319580078,118805
BRG,BRG.OL,2021-02-09,166.0,166.0,163.60000610351562,164.8000030517578,144.16981506347656,69208
BRG,BRG.OL,2021-02-10,164.1999969482422,165.60000610351562,164.0,164.60000610351562,143.99484252929688,351176
BRG,BRG.OL,2021-02-11,165.0,165.0,160.60000610351562,162.39999389648438,142.07022094726562,99142
BRG,BRG.OL,2021-02-12,163.8000030517578,164.39999389648438,161.0,162.1999969482422,141.89527893066406,47149
BRG,BRG.OL,2021-02-15,162.1999969482422,163.39999389648438,158.8000030517578,159.8000030517578,139.79571533203125,49324
BRG,BRG.OL,2021-02-16,159.0,161.60000610351562,159.0,160.0,139.97068786621094,58444
BRG,BRG.OL,2021-02-17,160.0,163.60000610351562,159.39999389648438,162.0,141.72030639648438,144113
BRG,BRG.OL,2021-02-18,162.1999969482422,162.60000610351562,161.0,161.0,140.8455047607422,172300
BRG,BRG.OL,2021-02-19,159.8000030517578,171.0,159.8000030517578,169.0,147.84402465820312,145470
BRG,BRG.OL,2021-02-22,170.0,170.0,164.39999389648438,165.0,144.34475708007812,68418
BRG,BRG.OL,2021-02-23,163.0,166.0,159.39999389648438,162.8000030517578,142.42018127441406,93668
BRG,BRG.OL,2021-02-24,160.1999969482422,164.39999389648438,160.1999969482422,163.39999389648438,142.94503784179688,48984
BRG,BRG.OL,2021-02-25,166.0,166.1999969482422,163.8000030517578,164.8000030517578,144.16981506347656,93494
BRG,BRG.OL,2021-02-26,160.0,165.1999969482422,159.60000610351562,163.8000030517578,143.29498291015625,118744
BRG,BRG.OL,2021-03-01,164.39999389648438,174.39999389648438,164.39999389648438,173.1999969482422,151.51824951171875,166522
BRG,BRG.OL,2021-03-02,173.0,173.60000610351562,170.1999969482422,172.39999389648438,150.8184051513672,109370
BRG,BRG.OL,2021-03-03,172.1999969482422,173.1999969482422,168.60000610351562,168.60000610351562,147.49411010742188,98848
BRG,BRG.OL,2021-03-04,168.0,169.8000030517578,167.0,168.8000030517578,147.6690673828125,50700
BRG,BRG.OL,2021-03-05,169.0,173.60000610351562,168.1999969482422,171.0,149.59365844726562,101771
BRG,BRG.OL,2021-03-08,171.39999389648438,173.60000610351562,169.8000030517578,172.0,150.46847534179688,240459
BRG,BRG.OL,2021-03-09,173.8000030517578,175.60000610351562,171.60000610351562,172.8000030517578,151.16835021972656,211969
BRG,BRG.OL,2021-03-10,176.0,176.0,168.60000610351562,171.0,149.59365844726562,212704
BRG,BRG.OL,2021-03-11,172.0,174.60000610351562,171.60000610351562,172.60000610351562,150.99337768554688,152864
BRG,BRG.OL,2021-03-12,171.8000030517578,172.0,169.60000610351562,170.0,148.71885681152344,77774
BRG,BRG.OL,2021-03-15,170.60000610351562,174.0,170.1999969482422,171.60000610351562,150.11856079101562,185662
BRG,BRG.OL,2021-03-16,172.1999969482422,177.0,172.1999969482422,175.8000030517578,153.79278564453125,190824
BRG,BRG.OL,2021-03-17,179.0,181.60000610351562,176.0,181.0,158.34185791015625,254475
BRG,BRG.OL,2021-03-18,181.1999969482422,183.1999969482422,178.39999389648438,183.0,160.09146118164062,124675
BRG,BRG.OL,2021-03-19,183.0,185.0,178.8000030517578,185.0,161.8411102294922,1569047
BRG,BRG.OL,2021-03-22,185.0,185.8000030517578,182.1999969482422,184.0,160.96629333496094,267255
BRG,BRG.OL,2021-03-23,183.39999389648438,184.39999389648438,181.60000610351562,181.60000610351562,158.8667449951172,168626
BRG,BRG.OL,2021-03-24,181.60000610351562,181.60000610351562,176.39999389648438,177.60000610351562,155.36746215820312,53092
BRG,BRG.OL,2021-03-25,174.0,176.39999389648438,173.39999389648438,175.8000030517578,153.79278564453125,219873
BRG,BRG.OL,2021-03-26,178.1999969482422,181.60000610351562,177.60000610351562,181.1999969482422,158.51678466796875,372070
BRG,BRG.OL,2021-03-29,183.0,185.0,181.0,185.0,161.8411102294922,128688
BRG,BRG.OL,2021-03-30,185.0,185.8000030517578,182.0,184.1999969482422,161.14125061035156,267325
BRG,BRG.OL,2021-03-31,184.1999969482422,187.39999389648438,183.60000610351562,186.1999969482422,162.89088439941406,439705
BRG,BRG.OL,2021-04-06,193.0,195.60000610351562,188.39999389648438,188.60000610351562,164.99044799804688,176160
BRG,BRG.OL,2021-04-07,186.0,186.0,180.0,181.1999969482422,158.51678466796875,152189
BRG,BRG.OL,2021-04-08,180.1999969482422,182.60000610351562,180.1999969482422,182.0,159.21665954589844,121521
BRG,BRG.OL,2021-04-09,182.0,187.1999969482422,182.0,186.1999969482422,162.89088439941406,87970
BRG,BRG.OL,2021-04-12,187.0,187.39999389648438,183.8000030517578,187.39999389648438,163.94065856933594,128484
BRG,BRG.OL,2021-04-13,187.60000610351562,190.60000610351562,187.60000610351562,190.0,166.21519470214844,134868
BRG,BRG.OL,2021-04-14,190.0,192.0,185.39999389648438,183.60000610351562,160.61636352539062,191405
BRG,BRG.OL,2021-04-15,184.60000610351562,186.0,181.0,182.1999969482422,161.59193420410156,66290
BRG,BRG.OL,2021-04-16,183.0,184.8000030517578,182.0,184.39999389648438,163.54310607910156,89533
BRG,BRG.OL,2021-04-19,184.39999389648438,185.39999389648438,180.8000030517578,181.39999389648438,160.88243103027344,43310
BRG,BRG.OL,2021-04-20,180.1999969482422,182.8000030517578,178.1999969482422,178.8000030517578,158.57650756835938,74753
BRG,BRG.OL,2021-04-21,178.0,179.8000030517578,177.0,178.60000610351562,158.3991241455078,75855
BRG,BRG.OL,2021-04-22,176.8000030517578,182.8000030517578,176.8000030517578,182.39999389648438,161.76931762695312,55519
BRG,BRG.OL,2021-04-23,183.0,184.60000610351562,182.1999969482422,184.1999969482422,163.36573791503906,51628
BRG,BRG.OL,2021-04-26,184.8000030517578,186.60000610351562,183.39999389648438,185.39999389648438,164.4300079345703,61666
BRG,BRG.OL,2021-04-27,185.39999389648438,185.39999389648438,181.8000030517578,181.8000030517578,161.2371826171875,60276
BRG,BRG.OL,2021-04-28,182.60000610351562,184.0,180.0,184.0,163.1883544921875,171350
BRG,BRG.OL,2021-04-29,184.1999969482422,185.0,180.39999389648438,180.60000610351562,160.17291259765625,179907
BRG,BRG.OL,2021-04-30,180.0,184.1999969482422,176.1999969482422,183.39999389648438,162.65621948242188,135049
BRG,BRG.OL,2021-05-03,184.0,184.0,181.39999389648438,181.8000030517578,161.2371826171875,81658
BRG,BRG.OL,2021-05-04,181.0,181.8000030517578,177.1999969482422,178.0,157.8669891357422,158932
BRG,BRG.OL,2021-05-05,179.1999969482422,184.0,179.1999969482422,183.39999389648438,162.65621948242188,82761
BRG,BRG.OL,2021-05-06,183.60000610351562,184.0,180.0,181.39999389648438,160.88243103027344,35924
BRG,BRG.OL,2021-05-07,183.60000610351562,188.0,182.39999389648438,188.0,166.73593139648438,57416
BRG,BRG.OL,2021-05-10,187.39999389648438,187.39999389648438,185.39999389648438,186.1999969482422,165.1395263671875,30866
BRG,BRG.OL,2021-05-11,185.0,185.1999969482422,180.0,180.8000030517578,160.3502960205078,71409
BRG,BRG.OL,2021-05-12,180.39999389648438,182.0,178.1999969482422,180.0,159.64077758789062,50722
BRG,BRG.OL,2021-05-14,181.0,181.8000030517578,177.60000610351562,179.8000030517578,159.46340942382812,51745
BRG,BRG.OL,2021-05-18,182.39999389648438,182.39999389648438,177.1999969482422,178.1999969482422,158.04437255859375,79182
BRG,BRG.OL,2021-05-19,180.0,180.0,176.1999969482422,177.39999389648438,157.3348388671875,87255
BRG,BRG.OL,2021-05-20,176.0,181.39999389648438,176.0,181.0,160.52767944335938,42646
BRG,BRG.OL,2021-05-21,181.8000030517578,183.60000610351562,179.0,183.60000610351562,162.83360290527344,63368
BRG,BRG.OL,2021-05-25,183.60000610351562,184.60000610351562,182.0,184.60000610351562,163.72048950195312,47375
BRG,BRG.OL,2021-05-26,185.0,186.39999389648438,184.39999389648438,185.39999389648438,164.4300079345703,41427
BRG,BRG.OL,2021-05-27,186.0,187.0,184.39999389648438,187.0,165.84902954101562,119838
BRG,BRG.OL,2021-05-28,187.39999389648438,191.39999389648438,186.39999389648438,191.1999969482422,169.573974609375,52379
BRG,BRG.OL,2021-05-31,191.0,191.8000030517578,188.39999389648438,189.1999969482422,167.80020141601562,27493
BRG,BRG.OL,2021-06-01,190.1999969482422,190.1999969482422,188.1999969482422,188.1999969482422,166.91329956054688,36996
BRG,BRG.OL,2021-06-02,190.0,191.0,187.8000030517578,187.8000030517578,166.55853271484375,71260
BRG,BRG.OL,2021-06-03,187.0,189.0,185.0,186.0,164.96214294433594,23815
BRG,BRG.OL,2021-06-04,186.0,190.60000610351562,186.0,190.0,168.5097198486328,25797
BRG,BRG.OL,2021-06-07,190.0,191.8000030517578,188.60000610351562,188.8000030517578,167.4454345703125,55528
BRG,BRG.OL,2021-06-08,189.0,189.0,183.39999389648438,183.39999389648438,162.65621948242188,73144
BRG,BRG.OL,2021-06-09,184.39999389648438,184.8000030517578,181.0,181.0,160.52767944335938,30243
BRG,BRG.OL,2021-06-10,180.8000030517578,181.39999389648438,176.60000610351562,176.8000030517578,156.80271911621094,72194
BRG,BRG.OL,2021-06-11,176.8000030517578,182.0,176.8000030517578,179.39999389648438,159.10861206054688,97774
BRG,BRG.OL,2021-06-14,180.0,182.0,179.0,179.1999969482422,158.93125915527344,34810
BRG,BRG.OL,2021-06-15,178.0,178.8000030517578,177.39999389648438,178.0,157.8669891357422,48859
BRG,BRG.OL,2021-06-16,179.0,182.8000030517578,178.39999389648438,181.0,160.52767944335938,58945
BRG,BRG.OL,2021-06-17,180.0,181.39999389648438,177.39999389648438,177.39999389648438,157.3348388671875,36055
BRG,BRG.OL,2021-06-18,177.0,180.0,175.8000030517578,178.60000610351562,158.3991241455078,116545
BRG,BRG.OL,2021-06-21,177.0,179.8000030517578,175.60000610351562,178.60000610351562,158.3991241455078,32366
BRG,BRG.OL,2021-06-22,178.1999969482422,180.39999389648438,178.0,179.39999389648438,159.10861206054688,47817
BRG,BRG.OL,2021-06-23,180.1999969482422,184.39999389648438,180.1999969482422,183.39999389648438,162.65621948242188,93650
BRG,BRG.OL,2021-06-24,183.39999389648438,183.8000030517578,179.8000030517578,179.8000030517578,159.46340942382812,23263
BRG,BRG.OL,2021-06-25,180.0,182.1999969482422,180.0,182.1999969482422,161.59193420410156,31305
BRG,BRG.OL,2021-06-28,181.60000610351562,184.39999389648438,181.60000610351562,183.0,162.30145263671875,24601
BRG,BRG.OL,2021-06-29,183.39999389648438,183.60000610351562,182.0,183.60000610351562,162.83360290527344,20081
BRG,BRG.OL,2021-06-30,183.1999969482422,189.0,183.1999969482422,188.0,166.73593139648438,67932
BRG,BRG.OL,2021-07-01,188.1999969482422,188.39999389648438,186.0,186.60000610351562,165.49427795410156,31302
BRG,BRG.OL,2021-07-02,187.0,189.8000030517578,186.60000610351562,189.8000030517578,168.3323516845703,29374
BRG,BRG.OL,2021-07-05,189.0,192.0,189.0,189.60000610351562,168.1549530029297,38871
BRG,BRG.OL,2021-07-06,190.0,193.60000610351562,188.39999389648438,191.0,169.39659118652344,53636
BRG,BRG.OL,2021-07-07,191.1999969482422,191.60000610351562,190.1999969482422,190.39999389648438,168.86447143554688,38218
BRG,BRG.OL,2021-07-08,190.0,190.39999389648438,185.60000610351562,186.60000610351562,165.49427795410156,29740
BRG,BRG.OL,2021-07-09,185.1999969482422,191.1999969482422,185.1999969482422,190.39999389648438,168.86447143554688,28199
BRG,BRG.OL,2021-07-12,190.39999389648438,192.1999969482422,189.39999389648438,191.1999969482422,169.573974609375,45688
BRG,BRG.OL,2021-07-13,192.60000610351562,194.8000030517578,191.1999969482422,194.0,172.05728149414062,38241
BRG,BRG.OL,2021-07-14,192.0,194.8000030517578,190.60000610351562,192.8000030517578,170.99301147460938,67670
BRG,BRG.OL,2021-07-15,197.39999389648438,218.5,197.39999389648438,213.0,188.90826416015625,331515
BRG,BRG.OL,2021-07-16,208.0,219.5,208.0,212.5,188.46481323242188,145838
BRG,BRG.OL,2021-07-19,212.5,213.0,208.5,210.5,186.69102478027344,73631
BRG,BRG.OL,2021-07-20,211.5,216.0,208.5,213.0,188.90826416015625,46990
BRG,BRG.OL,2021-07-21,214.0,216.5,212.0,214.0,189.79515075683594,68320
BRG,BRG.OL,2021-07-22,214.0,215.5,211.0,213.5,189.35169982910156,45409
BRG,BRG.OL,2021-07-23,213.5,223.5,212.0,222.0,196.8903045654297,65535
BRG,BRG.OL,2021-07-26,223.5,225.0,220.5,224.5,199.1075439453125,74942
BRG,BRG.OL,2021-07-27,225.0,225.0,221.0,223.5,198.22064208984375,22871
BRG,BRG.OL,2021-07-28,225.0,231.5,223.0,231.0,204.87234497070312,75994
BRG,BRG.OL,2021-07-29,230.0,235.0,228.5,230.5,204.42889404296875,128191
BRG,BRG.OL,2021-07-30,230.5,232.5,226.5,230.0,203.9854278564453,59050
BRG,BRG.OL,2021-08-02,231.5,232.5,226.0,227.5,201.76820373535156,70506
BRG,BRG.OL,2021-08-03,227.0,228.5,224.5,227.5,201.76820373535156,19806
BRG,BRG.OL,2021-08-04,227.5,233.0,226.0,232.0,205.7592315673828,33100
BRG,BRG.OL,2021-08-05,232.0,232.0,227.0,229.0,203.09854125976562,27102
BRG,BRG.OL,2021-08-06,228.0,228.0,222.0,222.0,196.8903045654297,31561
BRG,BRG.OL,2021-08-09,222.0,225.0,220.5,225.0,199.55096435546875,24589
BRG,BRG.OL,2021-08-10,225.0,229.5,224.0,228.0,202.21163940429688,26172
BRG,BRG.OL,2021-08-11,226.0,228.5,222.5,224.0,198.66407775878906,36829
BRG,BRG.OL,2021-08-12,226.0,230.0,224.0,230.0,203.9854278564453,92657
BRG,BRG.OL,2021-08-13,230.0,230.0,226.5,227.0,201.3247528076172,38325
BRG,BRG.OL,2021-08-16,227.0,227.5,223.5,225.0,199.55096435546875,21610
BRG,BRG.OL,2021-08-17,225.0,229.5,224.0,229.0,203.09854125976562,60766
BRG,BRG.OL,2021-08-18,228.5,230.0,225.0,226.5,200.88133239746094,41203
BRG,BRG.OL,2021-08-19,224.5,224.5,220.0,223.0,197.77719116210938,41412
BRG,BRG.OL,2021-08-20,216.0,226.5,216.0,226.5,200.88133239746094,37828
BRG,BRG.OL,2021-08-23,227.0,227.0,222.0,225.0,199.55096435546875,33587
BRG,BRG.OL,2021-08-24,223.0,225.5,223.0,224.5,199.1075439453125,16395
BRG,BRG.OL,2021-08-25,224.0,225.0,222.0,225.0,199.55096435546875,32050
BRG,BRG.OL,2021-08-26,225.5,226.5,222.5,224.5,199.1075439453125,24696
BRG,BRG.OL,2021-08-27,225.5,225.5,221.5,222.5,197.33372497558594,39276
BRG,BRG.OL,2021-08-30,222.0,227.0,222.0,226.5,200.88133239746094,27246
BRG,BRG.OL,2021-08-31,226.5,231.0,225.0,227.5,201.76820373535156,107722
BRG,BRG.OL,2021-09-01,225.5,228.5,223.0,223.0,197.77719116210938,50847
BRG,BRG.OL,2021-09-02,223.0,227.0,223.0,227.0,201.3247528076172,31599
BRG,BRG.OL,2021-09-03,227.0,230.5,226.0,228.5,202.6551055908203,42365
BRG,BRG.OL,2021-09-06,230.0,230.5,224.5,227.5,201.76820373535156,17532
BRG,BRG.OL,2021-09-07,228.0,228.0,222.0,222.0,196.8903045654297,106576
BRG,BRG.OL,2021-09-08,223.5,223.5,214.0,216.0,191.56893920898438,57797
BRG,BRG.OL,2021-09-09,213.5,220.5,211.5,220.0,195.11651611328125,67984
BRG,BRG.OL,2021-09-10,220.5,221.5,219.0,221.5,196.44683837890625,145129
BRG,BRG.OL,2021-09-13,220.0,223.0,219.0,222.5,197.33372497558594,27519
BRG,BRG.OL,2021-09-14,219.5,224.0,219.5,220.5,195.5599365234375,25859
BRG,BRG.OL,2021-09-15,220.0,221.5,216.0,217.0,192.45584106445312,29478
BRG,BRG.OL,2021-09-16,217.0,219.0,215.0,215.0,190.6820526123047,57679
BRG,BRG.OL,2021-09-17,215.5,220.5,209.0,209.0,185.3606719970703,225789
BRG,BRG.OL,2021-09-20,208.5,209.0,202.0,206.5,183.14344787597656,57193
BRG,BRG.OL,2021-09-21,210.5,221.0,210.0,219.0,194.2296142578125,162470
BRG,BRG.OL,2021-09-22,221.5,222.0,213.0,213.0,188.90826416015625,125352
BRG,BRG.OL,2021-09-23,214.0,216.0,212.5,215.0,190.6820526123047,66202
BRG,BRG.OL,2021-09-24,213.0,215.5,212.0,213.0,188.90826416015625,45021
BRG,BRG.OL,2021-09-27,213.0,214.5,208.5,209.0,185.3606719970703,66065
BRG,BRG.OL,2021-09-28,207.0,208.0,202.5,207.0,183.58689880371094,56238
BRG,BRG.OL,2021-09-29,207.0,212.5,206.0,209.5,185.8041229248047,198353
BRG,BRG.OL,2021-09-30,209.5,215.0,209.0,212.5,188.46481323242188,194528
BRG,BRG.OL,2021-10-01,210.0,213.5,206.0,212.0,188.0213623046875,239522
BRG,BRG.OL,2021-10-04,210.5,210.5,202.5,204.0,180.9262237548828,183009
BRG,BRG.OL,2021-10-05,202.5,209.5,202.5,209.5,185.8041229248047,163057
BRG,BRG.OL,2021-10-06,209.5,209.5,205.0,207.0,183.58689880371094,137906
BRG,BRG.OL,2021-10-07,214.0,217.0,210.0,213.5,189.35169982910156,402922
BRG,BRG.OL,2021-10-08,214.5,218.5,213.0,214.0,189.79515075683594,50133
BRG,BRG.OL,2021-10-11,214.0,216.0,209.0,212.0,188.0213623046875,140068
BRG,BRG.OL,2021-10-12,212.0,216.0,211.0,215.5,191.12550354003906,64329
BRG,BRG.OL,2021-10-13,216.0,217.0,213.5,216.5,192.0123748779297,30310
BRG,BRG.OL,2021-10-14,217.0,220.0,217.0,219.5,194.6730499267578,83105
BRG,BRG.OL,2021-10-15,220.0,225.0,220.0,222.0,196.8903045654297,79123
BRG,BRG.OL,2021-10-18,225.5,227.0,223.0,223.0,197.77719116210938,61679
BRG,BRG.OL,2021-10-19,226.5,226.5,222.0,222.0,196.8903045654297,121166
BRG,BRG.OL,2021-10-20,225.0,225.0,220.0,223.5,198.22064208984375,57619
BRG,BRG.OL,2021-10-21,224.0,225.5,213.0,214.5,190.2386016845703,82869
BRG,BRG.OL,2021-10-22,213.5,215.0,209.0,215.0,190.6820526123047,168175
BRG,BRG.OL,2021-10-25,213.5,214.0,208.5,209.0,185.3606719970703,81212
BRG,BRG.OL,2021-10-26,209.0,209.5,205.5,208.0,184.4738006591797,96749
BRG,BRG.OL,2021-10-27,208.0,212.5,207.0,209.5,185.8041229248047,91483
BRG,BRG.OL,2021-10-28,208.0,209.5,203.5,206.5,183.14344787597656,109005
BRG,BRG.OL,2021-10-29,206.5,207.0,202.5,205.0,181.8131103515625,69074
BRG,BRG.OL,2021-11-01,207.0,210.0,205.5,207.5,184.03033447265625,179189
BRG,BRG.OL,2021-11-02,207.5,211.0,205.0,211.0,187.1344757080078,58477
BRG,BRG.OL,2021-11-03,210.0,217.0,210.0,217.0,192.45584106445312,108515
BRG,BRG.OL,2021-11-04,217.0,218.5,212.0,217.0,192.45584106445312,233898
BRG,BRG.OL,2021-11-05,216.5,218.0,212.0,214.5,190.2386016845703,52685
BRG,BRG.OL,2021-11-08,214.0,219.0,213.0,218.0,193.34271240234375,51642
BRG,BRG.OL,2021-11-09,220.0,220.0,214.5,215.0,190.6820526123047,37825
BRG,BRG.OL,2021-11-10,215.0,216.0,212.5,215.0,190.6820526123047,46780
BRG,BRG.OL,2021-11-11,213.0,218.0,213.0,218.0,193.34271240234375,41182
BRG,BRG.OL,2021-11-12,218.0,222.0,217.5,220.5,195.5599365234375,30387
BRG,BRG.OL,2021-11-15,219.5,221.0,217.0,218.0,193.34271240234375,28816
BRG,BRG.OL,2021-11-16,218.0,218.5,216.0,217.0,192.45584106445312,34315
BRG,BRG.OL,2021-11-17,217.0,220.5,214.5,220.5,195.5599365234375,102949
BRG,BRG.OL,2021-11-18,220.5,223.0,218.0,220.5,195.5599365234375,80073
BRG,BRG.OL,2021-11-19,219.0,225.0,219.0,224.0,198.66407775878906,36266
BRG,BRG.OL,2021-11-22,220.5,226.5,220.5,225.0,199.55096435546875,34589
BRG,BRG.OL,2021-11-23,223.0,226.5,222.0,226.5,200.88133239746094,59350
BRG,BRG.OL,2021-11-24,222.5,224.5,219.0,222.5,197.33372497558594,198706
BRG,BRG.OL,2021-11-25,222.0,225.0,221.0,222.0,196.8903045654297,22085
BRG,BRG.OL,2021-11-26,216.0,221.0,214.0,218.5,193.78614807128906,61324
BRG,BRG.OL,2021-11-29,218.0,220.5,215.0,217.5,192.89927673339844,227930
BRG,BRG.OL,2021-11-30,215.0,216.5,213.0,216.0,191.56893920898438,45105
BRG,BRG.OL,2021-12-01,216.0,220.0,213.5,220.0,195.11651611328125,43765
BRG,BRG.OL,2021-12-02,218.0,219.0,216.0,218.0,193.34271240234375,32816
BRG,BRG.OL,2021-12-03,218.0,220.5,217.5,218.5,193.78614807128906,33888
BRG,BRG.OL,2021-12-06,218.0,220.0,213.0,213.0,188.90826416015625,45856
BRG,BRG.OL,2021-12-07,214.0,217.0,213.5,215.0,190.6820526123047,83340
BRG,BRG.OL,2021-12-08,214.0,217.0,213.0,213.0,188.90826416015625,46841
BRG,BRG.OL,2021-12-09,212.0,213.5,210.5,212.5,188.46481323242188,32110
BRG,BRG.OL,2021-12-10,212.5,212.5,209.0,209.0,185.3606719970703,40315
BRG,BRG.OL,2021-12-13,209.0,213.5,209.0,209.5,185.8041229248047,94038
BRG,BRG.OL,2021-12-14,212.0,212.0,205.0,205.0,181.8131103515625,78205
BRG,BRG.OL,2021-12-15,206.0,210.0,204.0,210.0,186.24757385253906,142226
BRG,BRG.OL,2021-12-16,210.0,212.5,206.5,209.0,185.3606719970703,80314
BRG,BRG.OL,2021-12-17,210.0,210.0,207.0,207.5,184.03033447265625,375598
BRG,BRG.OL,2021-12-20,207.0,208.5,203.5,206.0,182.70001220703125,134309
BRG,BRG.OL,2021-12-21,207.5,212.0,207.5,210.5,186.69102478027344,319770
BRG,BRG.OL,2021-12-22,211.0,211.5,209.0,211.5,187.57791137695312,103098
BRG,BRG.OL,2021-12-23,214.0,214.0,211.0,213.5,189.35169982910156,58988
BRG,BRG.OL,2021-12-27,213.5,217.5,212.5,217.5,192.89927673339844,27681
BRG,BRG.OL,2021-12-28,218.0,223.0,218.0,220.0,195.11651611328125,34442
BRG,BRG.OL,2021-12-29,221.5,222.0,217.5,220.5,195.5599365234375,36779
BRG,BRG.OL,2021-12-30,220.0,222.0,219.0,222.0,196.8903045654297,34016
BRG,BRG.OL,2022-01-03,223.0,223.0,217.0,217.0,192.45584106445312,21142
BRG,BRG.OL,2022-01-04,217.5,220.0,215.5,216.0,191.56893920898438,33994
BRG,BRG.OL,2022-01-05,216.5,217.0,215.0,215.0,190.6820526123047,45504
BRG,BRG.OL,2022-01-06,214.0,215.5,211.0,215.0,190.6820526123047,28210
BRG,BRG.OL,2022-01-07,215.0,215.5,212.0,213.5,189.35169982910156,34535
BRG,BRG.OL,2022-01-10,216.0,216.0,206.5,208.5,184.91725158691406,38807
BRG,BRG.OL,2022-01-11,210.0,211.0,208.0,210.0,186.24757385253906,45878
BRG,BRG.OL,2022-01-12,212.0,216.0,210.0,214.5,190.2386016845703,69604
BRG,BRG.OL,2022-01-13,219.0,222.0,215.0,215.5,191.12550354003906,77667
BRG,BRG.OL,2022-01-14,215.5,215.5,210.5,213.0,188.90826416015625,71595
BRG,BRG.OL,2022-01-17,216.0,216.0,211.0,212.0,188.0213623046875,20717
BRG,BRG.OL,2022-01-18,210.0,212.0,207.0,210.5,186.69102478027344,93095
BRG,BRG.OL,2022-01-19,210.0,211.0,208.5,211.0,187.1344757080078,32290
BRG,BRG.OL,2022-01-20,212.0,213.5,208.5,213.5,189.35169982910156,44399
BRG,BRG.OL,2022-01-21,210.0,210.5,208.0,208.5,184.91725158691406,39904
BRG,BRG.OL,2022-01-24,207.0,208.0,200.5,201.5,178.70896911621094,82712
BRG,BRG.OL,2022-01-25,201.5,207.0,201.0,206.5,183.14344787597656,43787
BRG,BRG.OL,2022-01-26,207.0,211.5,205.0,211.0,187.1344757080078,61065
BRG,BRG.OL,2022-01-27,206.0,210.0,204.0,210.0,186.24757385253906,40723
BRG,BRG.OL,2022-01-28,211.0,211.5,206.5,207.0,183.58689880371094,31148
BRG,BRG.OL,2022-01-31,212.0,212.0,206.5,208.0,184.4738006591797,38028
BRG,BRG.OL,2022-02-01,209.0,210.5,208.0,210.0,186.24757385253906,48866
BRG,BRG.OL,2022-02-02,208.5,212.0,208.5,210.5,186.69102478027344,80818
BRG,BRG.OL,2022-02-03,211.5,214.0,203.5,211.0,187.1344757080078,182126
BRG,BRG.OL,2022-02-04,214.5,215.0,204.5,207.0,183.58689880371094,104107
BRG,BRG.OL,2022-02-07,208.0,208.0,203.0,206.5,183.14344787597656,49525
BRG,BRG.OL,2022-02-08,205.5,206.5,198.60000610351562,199.39999389648438,176.8465118408203,72993
BRG,BRG.OL,2022-02-09,199.0,205.5,199.0,204.0,180.9262237548828,66387
BRG,BRG.OL,2022-02-10,205.0,205.5,199.8000030517578,201.5,178.70896911621094,110672
BRG,BRG.OL,2022-02-11,201.0,205.5,199.8000030517578,204.5,181.36964416503906,46929
BRG,BRG.OL,2022-02-14,205.5,205.5,200.5,202.0,179.15243530273438,81131
BRG,BRG.OL,2022-02-15,201.0,203.0,200.0,203.0,180.03932189941406,64211
BRG,BRG.OL,2022-02-16,203.5,206.5,203.5,204.5,181.36964416503906,133208
BRG,BRG.OL,2022-02-17,204.5,205.0,200.0,201.5,178.70896911621094,59573
BRG,BRG.OL,2022-02-18,201.5,201.5,194.1999969482422,197.39999389648438,175.0727081298828,178604
BRG,BRG.OL,2022-02-21,198.0,198.0,187.39999389648438,189.0,167.62281799316406,299965
BRG,BRG.OL,2022-02-22,185.0,193.1999969482422,184.60000610351562,190.39999389648438,168.86447143554688,140152
BRG,BRG.OL,2022-02-23,189.8000030517578,194.1999969482422,189.8000030517578,193.0,171.17039489746094,51578
BRG,BRG.OL,2022-02-24,191.8000030517578,191.8000030517578,183.8000030517578,189.1999969482422,167.80020141601562,149618
BRG,BRG.OL,2022-02-25,189.0,192.0,188.39999389648438,189.60000610351562,168.1549530029297,68175
BRG,BRG.OL,2022-02-28,189.0,195.39999389648438,188.0,194.60000610351562,172.58941650390625,80295
BRG,BRG.OL,2022-03-01,196.0,196.0,191.60000610351562,196.0,173.83106994628906,28053
BRG,BRG.OL,2022-03-02,191.60000610351562,196.0,191.60000610351562,192.8000030517578,170.99301147460938,51207
BRG,BRG.OL,2022-03-03,192.0,195.0,190.8000030517578,190.8000030517578,169.21923828125,33133
BRG,BRG.OL,2022-03-04,190.0,190.0,185.39999389648438,185.39999389648438,164.4300079345703,55031
BRG,BRG.OL,2022-03-07,180.0,181.0,174.1999969482422,175.0,155.20631408691406,127430
BRG,BRG.OL,2022-03-08,172.0,177.39999389648438,170.39999389648438,171.60000610351562,152.1908721923828,97475
BRG,BRG.OL,2022-03-09,172.0,178.1999969482422,172.0,176.0,156.09320068359375,101658
BRG,BRG.OL,2022-03-10,178.0,179.8000030517578,176.0,178.1999969482422,158.04437255859375,45771
BRG,BRG.OL,2022-03-11,178.1999969482422,179.8000030517578,174.0,177.39999389648438,157.3348388671875,57934
BRG,BRG.OL,2022-03-14,177.0,185.1999969482422,177.0,184.1999969482422,163.36573791503906,61006
BRG,BRG.OL,2022-03-15,185.1999969482422,185.1999969482422,179.0,181.39999389648438,160.88243103027344,61405
BRG,BRG.OL,2022-03-16,185.60000610351562,187.0,184.0,185.1999969482422,164.25262451171875,36528
BRG,BRG.OL,2022-03-17,190.0,190.39999389648438,184.0,184.1999969482422,163.36573791503906,46796
BRG,BRG.OL,2022-03-18,184.60000610351562,185.8000030517578,182.39999389648438,184.60000610351562,163.72048950195312,105821
BRG,BRG.OL,2022-03-21,185.0,187.0,184.8000030517578,186.0,164.96214294433594,38677
BRG,BRG.OL,2022-03-22,188.0,188.1999969482422,185.1999969482422,186.1999969482422,165.1395263671875,39155
BRG,BRG.OL,2022-03-23,187.0,189.1999969482422,182.8000030517578,184.0,163.1883544921875,45734
BRG,BRG.OL,2022-03-24,183.0,184.8000030517578,180.60000610351562,180.8000030517578,160.3502960205078,47967
BRG,BRG.OL,2022-03-25,183.0,183.0,179.60000610351562,179.60000610351562,159.28602600097656,37224
BRG,BRG.OL,2022-03-28,180.0,181.60000610351562,178.8000030517578,178.8000030517578,158.57650756835938,30558
BRG,BRG.OL,2022-03-29,179.0,184.8000030517578,179.0,182.39999389648438,161.76931762695312,74554
BRG,BRG.OL,2022-03-30,182.0,182.8000030517578,178.39999389648438,180.1999969482422,159.8181610107422,55599
BRG,BRG.OL,2022-03-31,181.0,182.60000610351562,174.39999389648438,174.39999389648438,154.67417907714844,112312
BRG,BRG.OL,2022-04-01,174.39999389648438,176.60000610351562,174.1999969482422,176.1999969482422,156.27056884765625,53246
BRG,BRG.OL,2022-04-04,176.39999389648438,178.39999389648438,175.1999969482422,178.39999389648438,158.22174072265625,51576
BRG,BRG.OL,2022-04-05,179.0,180.0,173.1999969482422,174.60000610351562,154.8515625,102364
BRG,BRG.OL,2022-04-06,178.1999969482422,181.60000610351562,176.8000030517578,180.0,159.64077758789062,139768
BRG,BRG.OL,2022-04-07,182.0,187.8000030517578,180.60000610351562,178.60000610351562,158.3991241455078,128985
BRG,BRG.OL,2022-04-08,183.0,183.0,177.1999969482422,179.39999389648438,163.6912384033203,71309
BRG,BRG.OL,2022-04-11,180.0,180.1999969482422,173.60000610351562,174.39999389648438,159.1290740966797,66945
BRG,BRG.OL,2022-04-12,173.0,173.8000030517578,171.60000610351562,172.60000610351562,157.4866943359375,56160
BRG,BRG.OL,2022-04-13,174.0,174.0,171.1999969482422,172.8000030517578,157.66917419433594,41187
BRG,BRG.OL,2022-04-19,173.39999389648438,173.8000030517578,171.0,171.1999969482422,156.20928955078125,38248
BRG,BRG.OL,2022-04-20,171.1999969482422,174.0,171.0,173.1999969482422,158.03414916992188,34121
BRG,BRG.OL,2022-04-21,175.0,179.60000610351562,173.8000030517578,178.1999969482422,162.59634399414062,41344
BRG,BRG.OL,2022-04-22,177.0,178.39999389648438,173.39999389648438,176.0,160.58897399902344,63423
BRG,BRG.OL,2022-04-25,174.0,176.0,170.8000030517578,173.8000030517578,158.5816192626953,49899
BRG,BRG.OL,2022-04-26,175.0,180.60000610351562,174.0,178.0,162.41384887695312,60212
BRG,BRG.OL,2022-04-27,177.0,179.60000610351562,174.60000610351562,176.0,160.58897399902344,46830
BRG,BRG.OL,2022-04-28,176.0,180.8000030517578,176.0,179.0,163.3262939453125,30186
BRG,BRG.OL,2022-04-29,180.0,182.8000030517578,179.8000030517578,180.0,164.2387237548828,45187
BRG,BRG.OL,2022-05-02,179.0,181.0,172.0,180.39999389648438,164.60369873046875,49609
BRG,BRG.OL,2022-05-03,185.39999389648438,187.0,177.0,183.8000030517578,167.70599365234375,117300
BRG,BRG.OL,2022-05-04,183.0,185.39999389648438,181.60000610351562,185.39999389648438,169.1658935546875,67425
BRG,BRG.OL,2022-05-05,185.0,187.0,185.0,187.0,170.62579345703125,76595
BRG,BRG.OL,2022-05-06,186.0,186.0,181.39999389648438,183.39999389648438,167.3410186767578,68546
BRG,BRG.OL,2022-05-09,184.0,184.0,178.60000610351562,180.0,164.2387237548828,126595
BRG,BRG.OL,2022-05-10,180.0,184.1999969482422,179.1999969482422,182.60000610351562,166.61106872558594,81730
BRG,BRG.OL,2022-05-11,185.0,185.0,180.8000030517578,182.1999969482422,166.24607849121094,125396
BRG,BRG.OL,2022-05-12,181.0,183.0,178.1999969482422,182.60000610351562,166.61106872558594,46810
BRG,BRG.OL,2022-05-13,183.0,183.0,180.0,182.0,166.0635986328125,93820
BRG,BRG.OL,2022-05-16,182.60000610351562,185.1999969482422,181.60000610351562,184.60000610351562,168.43594360351562,63491
BRG,BRG.OL,2022-05-18,185.0,187.0,183.1999969482422,184.60000610351562,168.43594360351562,79674
BRG,BRG.OL,2022-05-19,187.0,187.0,179.8000030517578,180.1999969482422,164.4212188720703,44230
BRG,BRG.OL,2022-05-20,182.0,184.1999969482422,180.0,180.0,164.2387237548828,61785
BRG,BRG.OL,2022-05-23,180.0,181.39999389648438,177.39999389648438,180.0,164.2387237548828,69848
BRG,BRG.OL,2022-05-24,181.0,181.0,176.0,176.1999969482422,160.77145385742188,50515
BRG,BRG.OL,2022-05-25,176.0,177.39999389648438,174.1999969482422,176.0,160.58897399902344,142101
BRG,BRG.OL,2022-05-27,177.0,180.60000610351562,177.0,179.60000610351562,163.87376403808594,98898
BRG,BRG.OL,2022-05-30,179.0,183.0,179.0,180.0,164.2387237548828,42352
BRG,BRG.OL,2022-05-31,183.0,184.60000610351562,179.0,184.60000610351562,168.43594360351562,220971
BRG,BRG.OL,2022-06-01,185.0,188.60000610351562,184.39999389648438,187.1999969482422,170.80828857421875,80406
BRG,BRG.OL,2022-06-02,190.0,190.0,186.1999969482422,186.1999969482422,169.89584350585938,39047
BRG,BRG.OL,2022-06-03,186.0,187.60000610351562,184.8000030517578,184.8000030517578,168.61842346191406,17409
BRG,BRG.OL,2022-06-07,185.0,185.0,181.39999389648438,183.39999389648438,167.3410186767578,29278
BRG,BRG.OL,2022-06-08,181.0,184.8000030517578,181.0,184.39999389648438,168.25344848632812,135758
BRG,BRG.OL,2022-06-09,184.0,185.60000610351562,181.8000030517578,184.60000610351562,168.43594360351562,28140
BRG,BRG.OL,2022-06-10,185.0,185.1999969482422,183.60000610351562,184.60000610351562,168.43594360351562,163849
BRG,BRG.OL,2022-06-13,182.1999969482422,183.8000030517578,179.8000030517578,182.60000610351562,166.61106872558594,64020
BRG,BRG.OL,2022-06-14,180.60000610351562,183.1999969482422,175.60000610351562,179.39999389648438,163.6912384033203,62427
BRG,BRG.OL,2022-06-15,178.0,179.60000610351562,175.8000030517578,176.60000610351562,161.13644409179688,143954
BRG,BRG.OL,2022-06-16,178.0,178.0,169.8000030517578,171.1999969482422,156.20928955078125,57897
BRG,BRG.OL,2022-06-17,171.1999969482422,174.0,169.0,169.0,154.201904296875,56446
BRG,BRG.OL,2022-06-20,169.0,169.8000030517578,164.39999389648438,165.1999969482422,150.73463439941406,49396
BRG,BRG.OL,2022-06-21,167.0,167.8000030517578,163.0,163.60000610351562,149.27476501464844,52871
BRG,BRG.OL,2022-06-22,163.0,163.0,158.39999389648438,159.0,145.0775604248047,48665
BRG,BRG.OL,2022-06-23,159.0,159.39999389648438,156.0,157.0,143.25267028808594,47324
BRG,BRG.OL,2022-06-24,156.60000610351562,159.0,156.39999389648438,158.60000610351562,144.71258544921875,48902
BRG,BRG.OL,2022-06-27,159.1999969482422,164.0,158.1999969482422,162.1999969482422,147.99734497070312,84765
BRG,BRG.OL,2022-06-28,162.0,164.39999389648438,162.0,163.8000030517578,149.45724487304688,47828
BRG,BRG.OL,2022-06-29,164.8000030517578,164.8000030517578,159.60000610351562,160.39999389648438,146.35496520996094,24056
BRG,BRG.OL,2022-06-30,160.1999969482422,160.60000610351562,156.0,160.1999969482422,146.17247009277344,48127
BRG,BRG.OL,2022-07-01,160.0,161.60000610351562,158.1999969482422,161.0,146.9024200439453,60947
BRG,BRG.OL,2022-07-04,161.1999969482422,163.60000610351562,160.0,163.60000610351562,149.27476501464844,30652
BRG,BRG.OL,2022-07-05,164.1999969482422,166.1999969482422,163.1999969482422,165.1999969482422,150.73463439941406,176899
BRG,BRG.OL,2022-07-06,165.0,169.39999389648438,165.0,168.0,153.2894744873047,38138
BRG,BRG.OL,2022-07-07,168.39999389648438,172.1999969482422,168.39999389648438,171.8000030517578,156.75674438476562,49646
BRG,BRG.OL,2022-07-08,164.1999969482422,168.0,156.39999389648438,157.0,143.25267028808594,452521
BRG,BRG.OL,2022-07-11,156.39999389648438,156.39999389648438,150.8000030517578,155.1999969482422,141.61029052734375,119443
BRG,BRG.OL,2022-07-12,155.1999969482422,155.1999969482422,151.8000030517578,152.39999389648438,139.05545043945312,78023
BRG,BRG.OL,2022-07-13,152.1999969482422,153.0,149.8000030517578,151.1999969482422,137.9605255126953,41261
BRG,BRG.OL,2022-07-14,151.0,151.8000030517578,149.39999389648438,150.1999969482422,137.048095703125,234750
BRG,BRG.OL,2022-07-15,154.60000610351562,166.39999389648438,148.0,166.39999389648438,151.82957458496094,153784
BRG,BRG.OL,2022-07-18,166.60000610351562,166.60000610351562,160.0,164.1999969482422,149.82220458984375,94784
BRG,BRG.OL,2022-07-19,165.0,166.0,160.39999389648438,166.0,151.464599609375,59449
BRG,BRG.OL,2022-07-20,166.0,169.1999969482422,165.8000030517578,168.0,153.2894744873047,49702
BRG,BRG.OL,2022-07-21,167.0,167.60000610351562,164.60000610351562,166.1999969482422,151.64707946777344,37575
BRG,BRG.OL,2022-07-22,169.0,169.8000030517578,167.0,168.0,153.2894744873047,41953
BRG,BRG.OL,2022-07-25,168.0,168.1999969482422,164.60000610351562,166.1999969482422,151.64707946777344,37907
BRG,BRG.OL,2022-07-26,166.60000610351562,167.1999969482422,162.39999389648438,163.1999969482422,148.90975952148438,26836
BRG,BRG.OL,2022-07-27,165.0,165.0,162.39999389648438,164.1999969482422,149.82220458984375,26559
BRG,BRG.OL,2022-07-28,165.0,167.39999389648438,164.8000030517578,166.39999389648438,151.82957458496094,29838
BRG,BRG.OL,2022-07-29,165.39999389648438,173.39999389648438,165.39999389648438,173.0,157.85166931152344,59831
BRG,BRG.OL,2022-08-01,171.1999969482422,177.8000030517578,171.1999969482422,175.0,159.67654418945312,88189
BRG,BRG.OL,2022-08-02,177.0,177.0,172.39999389648438,173.60000610351562,158.3991241455078,30887
BRG,BRG.OL,2022-08-03,177.0,177.0,169.60000610351562,172.39999389648438,157.30419921875,70344
BRG,BRG.OL,2022-08-04,173.0,175.39999389648438,172.0,172.0,156.93923950195312,47726
BRG,BRG.OL,2022-08-05,172.0,174.8000030517578,170.39999389648438,171.60000610351562,156.57424926757812,23278
BRG,BRG.OL,2022-08-08,171.0,171.60000610351562,169.8000030517578,170.39999389648438,155.47930908203125,26243
BRG,BRG.OL,2022-08-09,171.1999969482422,171.1999969482422,168.1999969482422,169.0,154.201904296875,21981
BRG,BRG.OL,2022-08-10,168.0,170.60000610351562,165.8000030517578,170.1999969482422,155.29684448242188,27038
BRG,BRG.OL,2022-08-11,170.60000610351562,172.1999969482422,167.8000030517578,168.1999969482422,153.4719696044922,15459
BRG,BRG.OL,2022-08-12,168.1999969482422,170.39999389648438,167.60000610351562,169.0,154.201904296875,28337
BRG,BRG.OL,2022-08-15,170.0,170.0,167.8000030517578,168.8000030517578,154.01942443847656,24123
BRG,BRG.OL,2022-08-16,170.0,170.0,166.39999389648438,167.8000030517578,153.1069793701172,100706
BRG,BRG.OL,2022-08-17,167.60000610351562,172.0,167.0,171.0,156.02679443359375,62967
BRG,BRG.OL,2022-08-18,167.8000030517578,170.8000030517578,164.60000610351562,169.8000030517578,154.93185424804688,55770
BRG,BRG.OL,2022-08-19,169.0,170.1999969482422,168.39999389648438,169.60000610351562,154.74937438964844,31888
BRG,BRG.OL,2022-08-22,168.0,169.0,166.8000030517578,167.1999969482422,152.55950927734375,66910
BRG,BRG.OL,2022-08-23,167.1999969482422,167.1999969482422,163.8000030517578,165.60000610351562,151.09963989257812,36896
BRG,BRG.OL,2022-08-24,164.0,167.1999969482422,163.1999969482422,166.39999389648438,151.82957458496094,42370
BRG,BRG.OL,2022-08-25,165.8000030517578,166.60000610351562,161.1999969482422,161.39999389648438,147.26736450195312,49126
BRG,BRG.OL,2022-08-26,163.0,163.0,158.8000030517578,159.39999389648438,145.44252014160156,38033
BRG,BRG.OL,2022-08-29,159.0,159.0,154.39999389648438,154.60000610351562,141.06283569335938,41395
BRG,BRG.OL,2022-08-30,156.0,156.39999389648438,151.8000030517578,151.8000030517578,138.50799560546875,44208
BRG,BRG.OL,2022-08-31,153.0,153.39999389648438,151.0,151.8000030517578,138.50799560546875,64849
BRG,BRG.OL,2022-09-01,151.8000030517578,151.8000030517578,146.39999389648438,148.39999389648438,135.40570068359375,76693
BRG,BRG.OL,2022-09-02,147.0,148.39999389648438,143.39999389648438,144.1999969482422,131.573486328125,84630
BRG,BRG.OL,2022-09-05,144.8000030517578,146.0,142.0,145.0,132.30343627929688,46759
BRG,BRG.OL,2022-09-06,145.0,145.39999389648438,139.8000030517578,140.8000030517578,128.47117614746094,62507
BRG,BRG.OL,2022-09-07,140.0,141.1999969482422,138.39999389648438,139.8000030517578,127.55874633789062,111860
BRG,BRG.OL,2022-09-08,140.0,142.60000610351562,138.1999969482422,139.1999969482422,127.01128387451172,68066
BRG,BRG.OL,2022-09-09,141.0,143.39999389648438,140.0,143.0,130.4785614013672,65667
BRG,BRG.OL,2022-09-12,144.0,144.0,140.39999389648438,142.1999969482422,129.74859619140625,33583
BRG,BRG.OL,2022-09-13,143.0,144.8000030517578,140.60000610351562,140.8000030517578,128.47117614746094,42265
BRG,BRG.OL,2022-09-14,141.0,141.0,138.0,138.0,125.9163589477539,35755
BRG,BRG.OL,2022-09-15,138.0,141.1999969482422,138.0,140.39999389648438,128.10621643066406,67505
BRG,BRG.OL,2022-09-16,141.0,141.0,134.0,134.60000610351562,122.81407165527344,274695
BRG,BRG.OL,2022-09-19,134.60000610351562,135.8000030517578,131.0,135.39999389648438,123.54401397705078,80201
BRG,BRG.OL,2022-09-20,135.0,136.1999969482422,132.60000610351562,134.1999969482422,122.4490966796875,85440
BRG,BRG.OL,2022-09-21,133.1999969482422,135.1999969482422,133.0,134.0,122.26660919189453,68257
BRG,BRG.OL,2022-09-22,133.60000610351562,134.8000030517578,131.8000030517578,131.8000030517578,120.25924682617188,29397
BRG,BRG.OL,2022-09-23,132.0,132.1999969482422,129.0,130.1999969482422,118.79934692382812,63172
BRG,BRG.OL,2022-09-26,129.0,131.0,127.19999694824219,129.0,117.70442199707031,89432
BRG,BRG.OL,2022-09-27,129.0,129.8000030517578,127.80000305175781,129.8000030517578,118.43437194824219,59297
BRG,BRG.OL,2022-09-28,127.4000015258789,128.0,124.0,127.5999984741211,116.427001953125,56105
BRG,BRG.OL,2022-09-29,128.0,128.0,125.0,125.5999984741211,114.60213470458984,57149
BRG,BRG.OL,2022-09-30,124.5999984741211,129.8000030517578,124.5999984741211,128.60000610351562,117.3394546508789,100391
BRG,BRG.OL,2022-10-03,129.0,133.60000610351562,128.39999389648438,132.0,120.44173431396484,37760
BRG,BRG.OL,2022-10-04,134.0,137.0,132.8000030517578,134.8000030517578,122.99656677246094,45649
BRG,BRG.OL,2022-10-05,136.0,136.0,132.60000610351562,132.8000030517578,121.17168426513672,28499
BRG,BRG.OL,2022-10-06,132.1999969482422,133.8000030517578,130.39999389648438,132.0,120.44173431396484,35037
BRG,BRG.OL,2022-10-07,133.0,133.1999969482422,129.60000610351562,130.39999389648438,118.98182678222656,25728
BRG,BRG.OL,2022-10-10,130.39999389648438,131.60000610351562,127.19999694824219,130.0,118.61685943603516,82391
BRG,BRG.OL,2022-10-11,131.0,131.0,126.19999694824219,126.80000305175781,115.69706726074219,33623
BRG,BRG.OL,2022-10-12,126.19999694824219,127.19999694824219,124.4000015258789,125.5999984741211,114.60213470458984,53696
BRG,BRG.OL,2022-10-13,125.5999984741211,126.19999694824219,122.5999984741211,124.0,113.1422348022461,66757
BRG,BRG.OL,2022-10-14,125.4000015258789,127.5999984741211,124.19999694824219,124.5999984741211,113.689697265625,102355
BRG,BRG.OL,2022-10-17,124.4000015258789,130.60000610351562,124.0,130.60000610351562,119.1643295288086,44079
BRG,BRG.OL,2022-10-18,132.0,133.60000610351562,131.1999969482422,132.0,120.44173431396484,74710
BRG,BRG.OL,2022-10-19,134.0,135.0,131.8000030517578,135.0,123.17904663085938,82412
BRG,BRG.OL,2022-10-20,136.0,136.0,131.39999389648438,133.8000030517578,122.0841293334961,24468
BRG,BRG.OL,2022-10-21,135.0,140.39999389648438,134.39999389648438,139.0,126.82878875732422,69285
BRG,BRG.OL,2022-10-24,141.0,143.60000610351562,135.39999389648438,142.8000030517578,130.29605102539062,115728
BRG,BRG.OL,2022-10-25,143.39999389648438,145.60000610351562,140.60000610351562,145.39999389648438,132.6683807373047,54411
BRG,BRG.OL,2022-10-26,147.60000610351562,148.1999969482422,144.0,147.39999389648438,134.49327087402344,86948
BRG,BRG.OL,2022-10-27,149.1999969482422,149.1999969482422,140.8000030517578,142.39999389648438,129.93109130859375,67035
BRG,BRG.OL,2022-10-28,143.0,143.60000610351562,140.8000030517578,142.8000030517578,130.29605102539062,54824
BRG,BRG.OL,2022-10-31,143.39999389648438,144.39999389648438,139.8000030517578,139.8000030517578,127.55874633789062,83213
BRG,BRG.OL,2022-11-01,142.0,145.39999389648438,141.60000610351562,141.8000030517578,129.3836212158203,73931
BRG,BRG.OL,2022-11-02,142.0,142.0,137.1999969482422,137.1999969482422,125.1864013671875,69136
BRG,BRG.OL,2022-11-03,136.0,137.1999969482422,133.0,135.0,123.17904663085938,47687
BRG,BRG.OL,2022-11-04,135.0,138.60000610351562,135.0,137.8000030517578,125.73388671875,46773
BRG,BRG.OL,2022-11-07,137.8000030517578,140.0,137.8000030517578,138.8000030517578,126.64631652832031,45472
BRG,BRG.OL,2022-11-08,138.0,140.0,137.0,139.39999389648438,127.19377136230469,79710
BRG,BRG.OL,2022-11-09,139.39999389648438,141.1999969482422,139.39999389648438,140.0,127.7412338256836,58055
BRG,BRG.OL,2022-11-10,142.0,146.39999389648438,139.0,146.39999389648438,133.58082580566406,94532
BRG,BRG.OL,2022-11-11,147.8000030517578,147.8000030517578,143.0,144.0,131.3909912109375,116916
BRG,BRG.OL,2022-11-14,146.8000030517578,148.39999389648438,144.1999969482422,148.39999389648438,135.40570068359375,70875
BRG,BRG.OL,2022-11-15,148.39999389648438,148.8000030517578,146.60000610351562,147.60000610351562,134.67578125,83584
BRG,BRG.OL,2022-11-16,148.60000610351562,149.39999389648438,142.39999389648438,142.39999389648438,129.93109130859375,86443
BRG,BRG.OL,2022-11-17,144.0,148.39999389648438,142.60000610351562,148.1999969482422,135.2232208251953,132516
BRG,BRG.OL,2022-11-18,147.8000030517578,155.60000610351562,146.8000030517578,153.60000610351562,140.150390625,135262
BRG,BRG.OL,2022-11-21,155.0,155.1999969482422,151.1999969482422,153.0,139.60292053222656,122439
BRG,BRG.OL,2022-11-22,158.0,158.0,153.0,157.0,143.25267028808594,105926
BRG,BRG.OL,2022-11-23,158.0,162.0,156.39999389648438,160.1999969482422,146.17247009277344,167728
BRG,BRG.OL,2022-11-24,160.0,161.1999969482422,157.39999389648438,160.0,145.989990234375,115366
BRG,BRG.OL,2022-11-25,162.0,162.0,156.0,156.8000030517578,143.0701904296875,52977
BRG,BRG.OL,2022-11-28,155.0,158.1999969482422,155.0,158.1999969482422,144.34759521484375,44646
BRG,BRG.OL,2022-11-29,157.60000610351562,159.0,156.60000610351562,158.0,144.1651153564453,31981
BRG,BRG.OL,2022-11-30,158.0,159.1999969482422,156.39999389648438,156.60000610351562,142.88771057128906,224247
BRG,BRG.OL,2022-12-01,161.39999389648438,161.8000030517578,158.0,161.0,146.9024200439453,67250
BRG,BRG.OL,2022-12-02,162.0,162.0,159.0,160.60000610351562,146.5374298095703,71323
BRG,BRG.OL,2022-12-05,162.1999969482422,162.1999969482422,159.60000610351562,160.0,145.989990234375,102112
BRG,BRG.OL,2022-12-06,160.0,162.39999389648438,159.0,160.1999969482422,146.17247009277344,70374
BRG,BRG.OL,2022-12-07,160.0,160.0,157.60000610351562,159.8000030517578,145.8074951171875,62943
BRG,BRG.OL,2022-12-08,158.0,158.60000610351562,156.1999969482422,157.60000610351562,143.80014038085938,50407
BRG,BRG.OL,2022-12-09,159.0,161.1999969482422,157.60000610351562,161.1999969482422,147.08489990234375,24631
BRG,BRG.OL,2022-12-12,161.0,161.0,157.8000030517578,159.39999389648438,145.44252014160156,49338
BRG,BRG.OL,2022-12-13,159.0,162.60000610351562,156.60000610351562,162.0,147.81484985351562,90423
BRG,BRG.OL,2022-12-14,160.39999389648438,160.39999389648438,158.0,158.39999389648438,144.53009033203125,116451
BRG,BRG.OL,2022-12-15,158.39999389648438,158.39999389648438,154.39999389648438,155.39999389648438,141.7927703857422,27285
BRG,BRG.OL,2022-12-16,158.39999389648438,158.39999389648438,151.1999969482422,154.1999969482422,140.69784545898438,140171
BRG,BRG.OL,2022-12-19,155.0,155.0,150.0,152.8000030517578,139.42044067382812,134930
BRG,BRG.OL,2022-12-20,151.8000030517578,153.1999969482422,150.39999389648438,152.1999969482422,138.8729705810547,76147
BRG,BRG.OL,2022-12-21,154.0,154.1999969482422,151.0,152.1999969482422,138.8729705810547,82889
BRG,BRG.OL,2022-12-22,154.0,154.39999389648438,150.60000610351562,152.0,138.69049072265625,26241
BRG,BRG.OL,2022-12-23,151.0,152.8000030517578,150.8000030517578,152.60000610351562,139.2379608154297,15365
BRG,BRG.OL,2022-12-27,152.1999969482422,154.39999389648438,152.1999969482422,154.39999389648438,140.8803253173828,17559
BRG,BRG.OL,2022-12-28,153.8000030517578,154.1999969482422,151.1999969482422,152.60000610351562,139.2379608154297,32408
BRG,BRG.OL,2022-12-29,154.0,154.0,151.0,153.60000610351562,140.150390625,35383
BRG,BRG.OL,2022-12-30,154.0,154.0,150.39999389648438,152.0,138.69049072265625,34038
BRG,BRG.OL,2023-01-02,153.0,153.39999389648438,152.0,153.0,139.60292053222656,10418
BRG,BRG.OL,2023-01-03,153.8000030517578,154.39999389648438,151.60000610351562,154.1999969482422,140.69784545898438,38674
BRG,BRG.OL,2023-01-04,155.0,156.1999969482422,152.1999969482422,156.1999969482422,142.52272033691406,27333
BRG,BRG.OL,2023-01-05,156.0,158.0,154.39999389648438,158.0,144.1651153564453,32332
BRG,BRG.OL,2023-01-06,158.0,160.8000030517578,156.8000030517578,158.1999969482422,144.34759521484375,48530
BRG,BRG.OL,2023-01-09,160.1999969482422,164.39999389648438,160.0,162.39999389648438,148.1798095703125,55646
BRG,BRG.OL,2023-01-10,162.39999389648438,164.8000030517578,160.60000610351562,162.60000610351562,148.36231994628906,37164
BRG,BRG.OL,2023-01-11,164.8000030517578,164.8000030517578,159.0,160.1999969482422,146.17247009277344,45952
BRG,BRG.OL,2023-01-12,161.1999969482422,161.60000610351562,158.1999969482422,159.1999969482422,145.26004028320312,27998
BRG,BRG.OL,2023-01-13,160.8000030517578,160.8000030517578,154.1999969482422,154.60000610351562,141.06283569335938,80372
BRG,BRG.OL,2023-01-16,156.60000610351562,156.60000610351562,151.39999389648438,151.60000610351562,138.3255157470703,72051
BRG,BRG.OL,2023-01-17,151.0,155.39999389648438,151.0,154.8000030517578,141.2453155517578,26715
BRG,BRG.OL,2023-01-18,153.0,155.1999969482422,153.0,154.60000610351562,141.06283569335938,32785
BRG,BRG.OL,2023-01-19,153.0,155.1999969482422,152.60000610351562,154.8000030517578,141.2453155517578,33473
BRG,BRG.OL,2023-01-20,155.0,155.0,153.1999969482422,153.60000610351562,140.150390625,203668
BRG,BRG.OL,2023-01-23,153.0,153.60000610351562,150.1999969482422,151.0,137.77804565429688,39629
BRG,BRG.OL,2023-01-24,151.0,154.0,151.0,151.8000030517578,138.50799560546875,59690
BRG,BRG.OL,2023-01-25,153.0,153.39999389648438,151.1999969482422,153.0,139.60292053222656,191990
BRG,BRG.OL,2023-01-26,152.60000610351562,154.8000030517578,151.8000030517578,152.8000030517578,139.42044067382812,386827
BRG,BRG.OL,2023-01-27,153.0,157.0,152.8000030517578,156.60000610351562,142.88771057128906,39778
BRG,BRG.OL,2023-01-30,156.60000610351562,156.60000610351562,152.39999389648438,153.8000030517578,140.33287048339844,34464
BRG,BRG.OL,2023-01-31,155.0,155.0,152.0,153.60000610351562,140.150390625,80110
BRG,BRG.OL,2023-02-01,155.8000030517578,161.0,155.8000030517578,160.39999389648438,146.35496520996094,109056
BRG,BRG.OL,2023-02-02,164.1999969482422,176.8000030517578,164.1999969482422,175.8000030517578,160.406494140625,186568
BRG,BRG.OL,2023-02-03,176.60000610351562,181.0,173.39999389648438,181.0,165.1511688232422,209388
BRG,BRG.OL,2023-02-06,180.60000610351562,182.0,177.60000610351562,181.8000030517578,165.88111877441406,108267
BRG,BRG.OL,2023-02-07,187.60000610351562,188.39999389648438,181.60000610351562,184.39999389648438,168.25344848632812,62892
BRG,BRG.OL,2023-02-08,187.0,190.1999969482422,183.8000030517578,187.60000610351562,171.17324829101562,165027
BRG,BRG.OL,2023-02-09,186.8000030517578,186.8000030517578,180.60000610351562,180.60000610351562,164.78619384765625,83191
BRG,BRG.OL,2023-02-10,180.1999969482422,180.1999969482422,175.1999969482422,176.60000610351562,161.13644409179688,58688
BRG,BRG.OL,2023-02-13,176.0,177.39999389648438,174.39999389648438,175.8000030517578,160.406494140625,62758
BRG,BRG.OL,2023-02-14,177.1999969482422,181.60000610351562,176.0,180.8000030517578,164.96868896484375,41902
BRG,BRG.OL,2023-02-15,179.0,183.1999969482422,178.60000610351562,182.60000610351562,166.61106872558594,141863
BRG,BRG.OL,2023-02-16,183.0,185.1999969482422,182.60000610351562,185.1999969482422,168.9833984375,47622
BRG,BRG.OL,2023-02-17,184.0,184.8000030517578,182.1999969482422,183.60000610351562,167.5235137939453,46459
BRG,BRG.OL,2023-02-20,184.0,186.0,183.1999969482422,183.1999969482422,167.1585235595703,134702
BRG,BRG.OL,2023-02-21,182.8000030517578,183.1999969482422,178.39999389648438,178.39999389648438,162.77882385253906,59610
BRG,BRG.OL,2023-02-22,179.0,179.0,177.0,177.60000610351562,162.04888916015625,35801
BRG,BRG.OL,2023-02-23,178.60000610351562,179.39999389648438,177.39999389648438,178.1999969482422,162.59634399414062,90965
BRG,BRG.OL,2023-02-24,175.1999969482422,180.1999969482422,175.1999969482422,178.1999969482422,162.59634399414062,37879
BRG,BRG.OL,2023-02-27,179.0,181.1999969482422,178.39999389648438,180.8000030517578,164.96868896484375,26731
BRG,BRG.OL,2023-02-28,179.0,179.0,176.1999969482422,176.1999969482422,160.77145385742188,82997
BRG,BRG.OL,2023-03-01,175.1999969482422,179.0,172.1999969482422,178.39999389648438,162.77882385253906,68693
BRG,BRG.OL,2023-03-02,177.0,178.39999389648438,176.39999389648438,176.8000030517578,161.3189239501953,37533
BRG,BRG.OL,2023-03-03,177.60000610351562,179.0,177.60000610351562,178.8000030517578,163.143798828125,23610
BRG,BRG.OL,2023-03-06,176.8000030517578,178.39999389648438,175.39999389648438,176.60000610351562,161.13644409179688,39894
BRG,BRG.OL,2023-03-07,176.39999389648438,176.39999389648438,171.39999389648438,171.60000610351562,156.57424926757812,82906
BRG,BRG.OL,2023-03-08,171.0,172.0,168.8000030517578,170.8000030517578,155.84429931640625,57335
BRG,BRG.OL,2023-03-09,170.0,172.60000610351562,169.8000030517578,171.8000030517578,156.75674438476562,24202
BRG,BRG.OL,2023-03-10,170.0,172.60000610351562,169.8000030517578,172.60000610351562,157.4866943359375,126369
BRG,BRG.OL,2023-03-13,169.0,173.0,169.0,171.1999969482422,156.20928955078125,54006
BRG,BRG.OL,2023-03-14,170.39999389648438,172.39999389648438,169.8000030517578,172.0,156.93923950195312,63954
BRG,BRG.OL,2023-03-15,172.0,173.0,165.39999389648438,165.8000030517578,151.28211975097656,70367
BRG,BRG.OL,2023-03-16,167.8000030517578,169.39999389648438,167.0,169.1999969482422,154.38441467285156,85726
BRG,BRG.OL,2023-03-17,170.1999969482422,173.0,166.0,167.8000030517578,153.1069793701172,97916
BRG,BRG.OL,2023-03-20,166.8000030517578,168.8000030517578,163.8000030517578,168.1999969482422,153.4719696044922,22681
BRG,BRG.OL,2023-03-21,169.0,171.8000030517578,168.1999969482422,171.39999389648438,156.39175415039062,54282
BRG,BRG.OL,2023-03-22,172.0,172.0,166.60000610351562,168.60000610351562,153.83694458007812,27097
BRG,BRG.OL,2023-03-23,169.0,169.0,166.1999969482422,168.1999969482422,153.4719696044922,26028
BRG,BRG.OL,2023-03-24,167.0,167.60000610351562,164.0,164.0,149.6397247314453,56811
BRG,BRG.OL,2023-03-27,165.60000610351562,170.0,164.8000030517578,169.8000030517578,154.93185424804688,51266
BRG,BRG.OL,2023-03-28,170.0,170.0,162.8000030517578,165.0,150.55215454101562,42766
BRG,BRG.OL,2023-03-29,167.0,169.8000030517578,165.39999389648438,169.0,154.201904296875,69304
BRG,BRG.OL,2023-03-30,170.0,174.1999969482422,168.60000610351562,174.1999969482422,158.9465789794922,144865
BRG,BRG.OL,2023-03-31,175.0,175.39999389648438,173.0,174.8000030517578,159.4940643310547,39803
BRG,BRG.OL,2023-04-03,175.0,176.0,172.0,172.1999969482422,157.1217041015625,31517
BRG,BRG.OL,2023-04-04,175.0,175.0,171.39999389648438,171.39999389648438,156.39175415039062,21310
BRG,BRG.OL,2023-04-05,174.0,174.0,170.0,171.0,156.02679443359375,8569
BRG,BRG.OL,2023-04-11,173.0,173.0,170.39999389648438,171.1999969482422,156.20928955078125,30542
BRG,BRG.OL,2023-04-12,172.0,172.0,169.39999389648438,170.0,155.11434936523438,36251
BRG,BRG.OL,2023-04-13,171.0,172.1999969482422,170.1999969482422,172.1999969482422,157.1217041015625,25941
BRG,BRG.OL,2023-04-14,173.0,175.8000030517578,171.0,175.8000030517578,160.406494140625,105509
BRG,BRG.OL,2023-04-17,176.1999969482422,180.0,175.0,176.0,160.58897399902344,54018
BRG,BRG.OL,2023-04-18,178.0,178.0,175.1999969482422,172.39999389648438,157.30419921875,113629
BRG,BRG.OL,2023-04-19,172.0,174.1999969482422,169.0,174.1999969482422,162.0005340576172,119956
BRG,BRG.OL,2023-04-20,174.1999969482422,174.8000030517578,172.1999969482422,173.8000030517578,161.62857055664062,27539
BRG,BRG.OL,2023-04-21,171.60000610351562,173.8000030517578,169.39999389648438,173.8000030517578,161.62857055664062,118264
BRG,BRG.OL,2023-04-24,173.60000610351562,175.1999969482422,172.60000610351562,173.1999969482422,161.07057189941406,91842
BRG,BRG.OL,2023-04-25,173.0,174.0,169.8000030517578,173.60000610351562,161.44256591796875,107906
BRG,BRG.OL,2023-04-26,177.0,177.0,171.60000610351562,173.0,160.88458251953125,85393
BRG,BRG.OL,2023-04-27,176.0,178.60000610351562,172.60000610351562,178.60000610351562,166.0924072265625,83034
BRG,BRG.OL,2023-04-28,179.60000610351562,179.60000610351562,175.39999389648438,178.1999969482422,165.72042846679688,75246
BRG,BRG.OL,2023-05-02,180.0,184.39999389648438,179.1999969482422,182.1999969482422,169.44029235839844,178761
BRG,BRG.OL,2023-05-03,184.39999389648438,184.8000030517578,178.8000030517578,184.8000030517578,171.85821533203125,113515
BRG,BRG.OL,2023-05-04,184.8000030517578,184.8000030517578,176.8000030517578,182.39999389648438,169.62628173828125,132480
BRG,BRG.OL,2023-05-05,184.60000610351562,184.60000610351562,181.39999389648438,183.0,170.18426513671875,50053
BRG,BRG.OL,2023-05-08,183.1999969482422,186.0,182.1999969482422,186.0,172.97418212890625,69649
BRG,BRG.OL,2023-05-09,186.0,188.60000610351562,180.8000030517578,181.8000030517578,169.0683135986328,306313
BRG,BRG.OL,2023-05-10,181.8000030517578,185.1999969482422,177.0,184.60000610351562,171.67222595214844,92415
BRG,BRG.OL,2023-05-11,184.0,186.0,184.0,186.0,172.97418212890625,89312
BRG,BRG.OL,2023-05-12,186.0,190.0,186.0,188.1999969482422,175.02011108398438,86352
BRG,BRG.OL,2023-05-15,189.1999969482422,191.1999969482422,186.8000030517578,187.8000030517578,174.6481170654297,67470
BRG,BRG.OL,2023-05-16,188.0,190.39999389648438,186.39999389648438,186.39999389648438,173.34616088867188,105796
BRG,BRG.OL,2023-05-19,188.1999969482422,192.1999969482422,188.1999969482422,192.1999969482422,178.73997497558594,46559
BRG,BRG.OL,2023-05-22,191.39999389648438,191.8000030517578,188.39999389648438,188.60000610351562,175.39210510253906,129478
BRG,BRG.OL,2023-05-23,188.60000610351562,190.39999389648438,187.39999389648438,188.0,174.83412170410156,76802
BRG,BRG.OL,2023-05-24,187.1999969482422,187.8000030517578,184.60000610351562,186.8000030517578,173.71815490722656,39535
BRG,BRG.OL,2023-05-25,187.39999389648438,188.60000610351562,186.0,186.0,172.97418212890625,57359
BRG,BRG.OL,2023-05-26,190.0,190.0,184.0,184.0,171.11424255371094,57231
BRG,BRG.OL,2023-05-30,184.1999969482422,186.8000030517578,183.0,184.1999969482422,171.30023193359375,110693
BRG,BRG.OL,2023-05-31,184.1999969482422,187.1999969482422,182.60000610351562,184.60000610351562,171.67222595214844,181913
BRG,BRG.OL,2023-06-01,184.0,185.0,180.39999389648438,184.60000610351562,171.67222595214844,189995
BRG,BRG.OL,2023-06-02,187.8000030517578,190.0,185.1999969482422,190.0,176.69406127929688,78758
BRG,BRG.OL,2023-06-05,190.0,190.39999389648438,185.39999389648438,185.39999389648438,172.41619873046875,44325
BRG,BRG.OL,2023-06-06,184.60000610351562,184.8000030517578,182.0,184.8000030517578,171.85821533203125,87781
BRG,BRG.OL,2023-06-07,184.0,185.39999389648438,183.0,185.0,172.04420471191406,60834
BRG,BRG.OL,2023-06-08,184.39999389648438,185.60000610351562,183.60000610351562,183.60000610351562,170.7422637939453,70960
BRG,BRG.OL,2023-06-09,184.0,185.0,182.0,182.60000610351562,169.81228637695312,208635
BRG,BRG.OL,2023-06-12,182.39999389648438,183.39999389648438,180.39999389648438,180.8000030517578,168.1383514404297,85794
BRG,BRG.OL,2023-06-13,180.8000030517578,180.8000030517578,177.60000610351562,178.8000030517578,166.2783966064453,97256
BRG,BRG.OL,2023-06-14,178.39999389648438,180.1999969482422,177.8000030517578,179.8000030517578,167.2083740234375,46104
BRG,BRG.OL,2023-06-15,180.0,180.0,175.8000030517578,176.8000030517578,164.41845703125,34209
BRG,BRG.OL,2023-06-16,176.0,176.8000030517578,175.0,175.60000610351562,163.30250549316406,71274
BRG,BRG.OL,2023-06-19,172.0,172.8000030517578,170.8000030517578,171.1999969482422,159.2106475830078,131996
BRG,BRG.OL,2023-06-20,169.0,169.0,163.39999389648438,167.60000610351562,155.86276245117188,166000
BRG,BRG.OL,2023-06-21,167.0,168.39999389648438,166.1999969482422,168.1999969482422,156.4207305908203,90624
BRG,BRG.OL,2023-06-22,163.0,166.8000030517578,163.0,163.8000030517578,152.32887268066406,102385
BRG,BRG.OL,2023-06-23,163.8000030517578,164.0,158.8000030517578,159.8000030517578,148.60899353027344,90767
BRG,BRG.OL,2023-06-26,159.8000030517578,160.39999389648438,157.60000610351562,158.60000610351562,147.49305725097656,121443
BRG,BRG.OL,2023-06-27,158.0,158.39999389648438,157.0,157.60000610351562,146.56307983398438,36400
BRG,BRG.OL,2023-06-28,159.39999389648438,159.39999389648438,157.1999969482422,159.39999389648438,148.2370147705078,319754
BRG,BRG.OL,2023-06-29,159.60000610351562,162.0,158.8000030517578,161.1999969482422,149.91094970703125,77641
BRG,BRG.OL,2023-06-30,161.39999389648438,161.60000610351562,158.60000610351562,158.8000030517578,147.6790313720703,44456
BRG,BRG.OL,2023-07-03,159.60000610351562,161.0,158.0,160.39999389648438,149.1669921875,135637
BRG,BRG.OL,2023-07-04,159.39999389648438,160.60000610351562,158.60000610351562,160.60000610351562,149.35296630859375,37306
BRG,BRG.OL,2023-07-05,161.0,161.0,158.60000610351562,160.0,148.7949981689453,32084
BRG,BRG.OL,2023-07-06,159.0,160.60000610351562,158.8000030517578,159.0,147.8650360107422,77107
BRG,BRG.OL,2023-07-07,159.1999969482422,161.60000610351562,158.8000030517578,161.60000610351562,150.28294372558594,66351
BRG,BRG.OL,2023-07-10,162.0,162.39999389648438,160.0,160.39999389648438,149.1669921875,106887
BRG,BRG.OL,2023-07-11,160.39999389648438,162.39999389648438,159.8000030517578,160.8000030517578,149.53895568847656,102879
BRG,BRG.OL,2023-07-12,161.0,163.1999969482422,160.1999969482422,163.1999969482422,151.7708740234375,96910
BRG,BRG.OL,2023-07-13,164.0,164.0,159.8000030517578,160.0,148.7949981689453,39700
BRG,BRG.OL,2023-07-14,160.0,160.0,156.8000030517578,158.0,146.93505859375,34523
BRG,BRG.OL,2023-07-17,159.0,159.0,155.1999969482422,155.8000030517578,144.88914489746094,63076
BRG,BRG.OL,2023-07-18,158.0,162.1999969482422,156.39999389648438,159.0,147.8650360107422,311577
BRG,BRG.OL,2023-07-19,159.39999389648438,160.0,158.0,159.0,147.8650360107422,111587
BRG,BRG.OL,2023-07-20,159.1999969482422,162.0,158.0,161.60000610351562,150.28294372558594,139894
BRG,BRG.OL,2023-07-21,163.0,163.60000610351562,160.8000030517578,163.60000610351562,152.14288330078125,47548
BRG,BRG.OL,2023-07-24,164.0,164.0,161.8000030517578,163.0,151.58489990234375,22122
BRG,BRG.OL,2023-07-25,163.0,163.60000610351562,161.60000610351562,163.60000610351562,152.14288330078125,44663
BRG,BRG.OL,2023-07-26,163.39999389648438,163.39999389648438,161.8000030517578,163.0,151.58489990234375,20561
BRG,BRG.OL,2023-07-27,162.0,165.8000030517578,162.0,165.39999389648438,153.8168182373047,39199
BRG,BRG.OL,2023-07-28,165.39999389648438,165.8000030517578,162.8000030517578,165.60000610351562,154.00282287597656,39557
BRG,BRG.OL,2023-07-31,165.60000610351562,167.39999389648438,165.1999969482422,165.60000610351562,154.00282287597656,50638
BRG,BRG.OL,2023-08-01,168.0,168.0,164.0,164.39999389648438,152.8868408203125,40515
BRG,BRG.OL,2023-08-02,164.0,164.60000610351562,162.60000610351562,163.8000030517578,152.32887268066406,39786
BRG,BRG.OL,2023-08-03,163.0,163.60000610351562,162.0,162.8000030517578,151.39891052246094,33405
BRG,BRG.OL,2023-08-04,162.8000030517578,162.8000030517578,161.60000610351562,162.0,150.65492248535156,22005
BRG,BRG.OL,2023-08-07,161.0,162.0,158.8000030517578,159.0,147.8650360107422,32187
BRG,BRG.OL,2023-08-08,159.0,160.39999389648438,157.1999969482422,158.0,146.93505859375,53926
BRG,BRG.OL,2023-08-09,159.0,160.0,157.1999969482422,159.39999389648438,148.2370147705078,37238
BRG,BRG.OL,2023-08-10,160.0,160.8000030517578,159.1999969482422,160.0,148.7949981689453,24984
BRG,BRG.OL,2023-08-11,159.8000030517578,160.60000610351562,158.8000030517578,159.1999969482422,148.051025390625,23353
BRG,BRG.OL,2023-08-14,159.1999969482422,159.39999389648438,156.60000610351562,158.39999389648438,147.3070526123047,23658
BRG,BRG.OL,2023-08-15,158.0,158.0,155.8000030517578,156.1999969482422,145.2611083984375,26615
BRG,BRG.OL,2023-08-16,155.39999389648438,158.0,153.8000030517578,157.8000030517578,146.7490692138672,32012
BRG,BRG.OL,2023-08-17,158.0,158.0,154.39999389648438,156.0,145.0751190185547,57359
BRG,BRG.OL,2023-08-18,155.39999389648438,155.39999389648438,152.0,153.0,142.28521728515625,43923
BRG,BRG.OL,2023-08-21,153.0,156.39999389648438,153.0,154.0,143.21519470214844,39578
BRG,BRG.OL,2023-08-22,156.0,156.0,152.8000030517578,153.1999969482422,142.47122192382812,40605
BRG,BRG.OL,2023-08-23,153.0,154.1999969482422,152.1999969482422,152.8000030517578,142.09922790527344,27452
BRG,BRG.OL,2023-08-24,152.0,153.0,149.60000610351562,149.60000610351562,139.1233367919922,47632
BRG,BRG.OL,2023-08-25,150.0,154.0,149.39999389648438,152.8000030517578,142.09922790527344,46049
BRG,BRG.OL,2023-08-28,154.0,154.8000030517578,152.8000030517578,154.39999389648438,143.587158203125,31782
BRG,BRG.OL,2023-08-29,155.0,155.39999389648438,154.0,154.0,143.21519470214844,14177
BRG,BRG.OL,2023-08-30,154.0,157.39999389648438,154.0,156.1999969482422,145.2611083984375,33040
BRG,BRG.OL,2023-08-31,157.39999389648438,157.39999389648438,155.0,155.39999389648438,144.5171356201172,48698
BRG,BRG.OL,2023-09-01,156.0,156.1999969482422,155.0,155.60000610351562,144.70314025878906,26959
BRG,BRG.OL,2023-09-04,157.0,157.0,153.1999969482422,153.39999389648438,142.65719604492188,28474
BRG,BRG.OL,2023-09-05,153.0,153.39999389648438,151.60000610351562,151.60000610351562,140.98326110839844,26050
BRG,BRG.OL,2023-09-06,151.60000610351562,151.60000610351562,148.39999389648438,149.0,138.56533813476562,33401
BRG,BRG.OL,2023-09-07,149.0,153.60000610351562,147.8000030517578,153.39999389648438,142.65719604492188,89118
BRG,BRG.OL,2023-09-08,153.39999389648438,155.39999389648438,152.60000610351562,154.1999969482422,143.4011688232422,50618
BRG,BRG.OL,2023-09-11,155.0,155.60000610351562,153.8000030517578,154.60000610351562,143.77317810058594,111150
BRG,BRG.OL,2023-09-12,155.0,157.8000030517578,155.0,156.0,145.0751190185547,67489
BRG,BRG.OL,2023-09-13,155.0,157.1999969482422,154.60000610351562,155.1999969482422,144.33114624023438,44390
BRG,BRG.OL,2023-09-14,154.0,156.0,154.0,155.8000030517578,144.88914489746094,94186
BRG,BRG.OL,2023-09-15,156.60000610351562,160.39999389648438,156.39999389648438,160.39999389648438,149.1669921875,89438
BRG,BRG.OL,2023-09-18,160.39999389648438,161.39999389648438,157.8000030517578,159.0,147.8650360107422,19537
BRG,BRG.OL,2023-09-19,158.39999389648438,160.0,158.39999389648438,158.60000610351562,147.49305725097656,28591
BRG,BRG.OL,2023-09-20,158.0,160.39999389648438,157.1999969482422,160.1999969482422,148.98098754882812,46931
BRG,BRG.OL,2023-09-21,158.60000610351562,161.0,158.39999389648438,160.39999389648438,149.1669921875,80809
BRG,BRG.OL,2023-09-22,160.39999389648438,160.39999389648438,153.60000610351562,157.0,146.0050811767578,97022
BRG,BRG.OL,2023-09-25,158.0,158.0,151.0,151.60000610351562,140.98326110839844,86898
BRG,BRG.OL,2023-09-26,153.0,155.0,151.0,152.1999969482422,141.54124450683594,37597
BRG,BRG.OL,2023-09-27,155.1999969482422,157.60000610351562,153.0,156.8000030517578,145.81910705566406,57899
BRG,BRG.OL,2023-09-28,157.60000610351562,158.1999969482422,155.60000610351562,158.1999969482422,147.1210479736328,65636
BRG,BRG.OL,2023-09-29,159.1999969482422,161.60000610351562,158.0,158.0,146.93505859375,89426
BRG,BRG.OL,2023-10-02,163.0,163.0,157.60000610351562,158.60000610351562,147.49305725097656,36500
BRG,BRG.OL,2023-10-03,157.0,160.1999969482422,156.60000610351562,159.1999969482422,148.051025390625,33925
BRG,BRG.OL,2023-10-04,160.8000030517578,160.8000030517578,157.39999389648438,158.39999389648438,147.3070526123047,53694
BRG,BRG.OL,2023-10-05,158.0,163.60000610351562,156.60000610351562,163.1999969482422,151.7708740234375,66285
BRG,BRG.OL,2023-10-06,163.39999389648438,163.8000030517578,159.60000610351562,162.8000030517578,151.39891052246094,289713
BRG,BRG.OL,2023-10-09,163.8000030517578,164.39999389648438,159.1999969482422,159.1999969482422,148.051025390625,60093
BRG,BRG.OL,2023-10-10,163.0,163.0,158.1999969482422,158.60000610351562,147.49305725097656,66515
BRG,BRG.OL,2023-10-11,162.1999969482422,162.1999969482422,158.39999389648438,159.60000610351562,148.42300415039062,42286
BRG,BRG.OL,2023-10-12,159.60000610351562,162.0,159.1999969482422,161.39999389648438,150.096923828125,64353
BRG,BRG.OL,2023-10-13,159.0,160.0,156.8000030517578,159.8000030517578,148.60899353027344,132418
BRG,BRG.OL,2023-10-16,160.0,160.0,156.1999969482422,157.8000030517578,146.7490692138672,100152
BRG,BRG.OL,2023-10-17,158.39999389648438,158.39999389648438,155.8000030517578,156.8000030517578,145.81910705566406,227472
BRG,BRG.OL,2023-10-18,155.8000030517578,156.0,153.0,153.1999969482422,142.47122192382812,39837
BRG,BRG.OL,2023-10-19,152.8000030517578,154.0,151.39999389648438,152.0,141.35525512695312,74161
BRG,BRG.OL,2023-10-20,151.0,152.1999969482422,149.0,152.1999969482422,141.54124450683594,91509
BRG,BRG.OL,2023-10-23,151.1999969482422,151.8000030517578,148.1999969482422,151.39999389648438,140.79727172851562,160618
BRG,BRG.OL,2023-10-24,153.0,161.39999389648438,152.8000030517578,159.0,147.8650360107422,90472
BRG,BRG.OL,2023-10-25,161.8000030517578,161.8000030517578,150.8000030517578,152.0,141.35525512695312,90866
BRG,BRG.OL,2023-10-26,150.8000030517578,153.60000610351562,149.1999969482422,150.0,139.4953155517578,85174
BRG,BRG.OL,2023-10-27,150.0,151.60000610351562,149.60000610351562,150.60000610351562,140.0532989501953,130055
BRG,BRG.OL,2023-10-30,158.0,158.0,151.60000610351562,152.1999969482422,141.54124450683594,55786
BRG,BRG.OL,2023-10-31,151.0,153.39999389648438,150.8000030517578,151.39999389648438,140.79727172851562,106330
BRG,BRG.OL,2023-11-01,150.0,154.60000610351562,149.1999969482422,154.1999969482422,143.4011688232422,66722
BRG,BRG.OL,2023-11-02,154.0,159.0,154.0,158.60000610351562,147.49305725097656,72561
BRG,BRG.OL,2023-11-03,159.0,159.0,154.39999389648438,155.0,144.14515686035156,36756
BRG,BRG.OL,2023-11-06,155.0,157.39999389648438,155.0,157.1999969482422,146.1910858154297,31044
BRG,BRG.OL,2023-11-07,158.0,158.0,154.60000610351562,156.1999969482422,145.2611083984375,38360
BRG,BRG.OL,2023-11-08,154.60000610351562,159.60000610351562,154.60000610351562,159.60000610351562,148.42300415039062,100430
BRG,BRG.OL,2023-11-09,159.39999389648438,162.0,159.0,161.39999389648438,150.096923828125,60161
BRG,BRG.OL,2023-11-10,157.0,162.8000030517578,157.0,162.60000610351562,151.21290588378906,28473
BRG,BRG.OL,2023-11-13,163.0,165.1999969482422,162.8000030517578,164.0,152.51486206054688,75191
BRG,BRG.OL,2023-11-14,164.0,169.8000030517578,163.8000030517578,169.8000030517578,157.90867614746094,63718
BRG,BRG.OL,2023-11-15,170.0,172.8000030517578,169.60000610351562,169.8000030517578,157.90867614746094,453258
BRG,BRG.OL,2023-11-16,171.39999389648438,172.0,168.39999389648438,168.60000610351562,156.792724609375,149086
BRG,BRG.OL,2023-11-17,170.0,172.39999389648438,169.0,170.8000030517578,158.83865356445312,35591
BRG,BRG.OL,2023-11-20,172.39999389648438,172.39999389648438,168.0,169.0,157.16470336914062,68663
BRG,BRG.OL,2023-11-21,172.8000030517578,172.8000030517578,167.60000610351562,167.60000610351562,155.86276245117188,73926
BRG,BRG.OL,2023-11-22,169.1999969482422,169.8000030517578,166.8000030517578,168.0,156.2347412109375,55245
BRG,BRG.OL,2023-11-23,172.0,172.0,167.0,170.39999389648438,158.46664428710938,51544
BRG,BRG.OL,2023-11-24,172.0,172.0,168.39999389648438,169.39999389648438,157.5366973876953,57587
BRG,BRG.OL,2023-11-27,167.8000030517578,171.39999389648438,167.8000030517578,170.1999969482422,158.28067016601562,46445
BRG,BRG.OL,2023-11-28,169.0,171.0,168.39999389648438,171.0,159.02464294433594,76204
BRG,BRG.OL,2023-11-29,170.0,174.60000610351562,169.8000030517578,174.39999389648438,162.18653869628906,50046
BRG,BRG.OL,2023-11-30,174.1999969482422,174.1999969482422,171.60000610351562,172.39999389648438,160.32659912109375,96673
BRG,BRG.OL,2023-12-01,174.39999389648438,174.39999389648438,171.8000030517578,173.0,160.88458251953125,205848
BRG,BRG.OL,2023-12-04,170.60000610351562,174.8000030517578,170.60000610351562,173.1999969482422,161.07057189941406,59445
BRG,BRG.OL,2023-12-05,173.8000030517578,173.8000030517578,169.60000610351562,170.39999389648438,158.46664428710938,51578
BRG,BRG.OL,2023-12-06,173.0,173.0,169.0,170.60000610351562,158.6526641845703,139299
BRG,BRG.OL,2023-12-07,171.0,171.0,167.8000030517578,169.1999969482422,157.3507080078125,31014
BRG,BRG.OL,2023-12-08,170.0,172.0,168.0,172.0,159.95462036132812,67356
BRG,BRG.OL,2023-12-11,164.60000610351562,164.60000610351562,157.0,159.60000610351562,148.42300415039062,407072
BRG,BRG.OL,2023-12-12,159.39999389648438,161.1999969482422,157.39999389648438,161.0,149.72496032714844,317741
BRG,BRG.OL,2023-12-13,161.60000610351562,162.39999389648438,158.60000610351562,162.39999389648438,151.0269012451172,102720
BRG,BRG.OL,2023-12-14,162.60000610351562,167.0,162.39999389648438,164.60000610351562,153.07284545898438,48501
BRG,BRG.OL,2023-12-15,164.60000610351562,167.39999389648438,164.60000610351562,164.60000610351562,153.07284545898438,140036
BRG,BRG.OL,2023-12-18,164.1999969482422,168.8000030517578,164.1999969482422,167.1999969482422,155.49075317382812,120511
BRG,BRG.OL,2023-12-19,165.60000610351562,169.8000030517578,163.8000030517578,163.8000030517578,152.32887268066406,59472
BRG,BRG.OL,2023-12-20,162.0,164.60000610351562,161.1999969482422,162.60000610351562,151.21290588378906,39935
BRG,BRG.OL,2023-12-21,170.0,170.0,160.1999969482422,161.0,149.72496032714844,42266
BRG,BRG.OL,2023-12-22,159.0,162.39999389648438,159.0,162.1999969482422,150.84092712402344,63302
BRG,BRG.OL,2023-12-27,162.1999969482422,166.39999389648438,162.0,166.1999969482422,154.560791015625,76717
BRG,BRG.OL,2023-12-28,169.0,170.60000610351562,165.8000030517578,170.60000610351562,158.6526641845703,46621
BRG,BRG.OL,2023-12-29,171.0,172.0,170.1999969482422,171.39999389648438,159.39662170410156,23803
BRG,BRG.OL,2024-01-02,171.39999389648438,173.0,170.1999969482422,171.1999969482422,159.2106475830078,24890
BRG,BRG.OL,2024-01-03,170.0,171.0,165.8000030517578,165.8000030517578,154.18881225585938,32318
BRG,BRG.OL,2024-01-04,165.0,168.8000030517578,165.0,166.8000030517578,155.1187744140625,63795
BRG,BRG.OL,2024-01-05,167.60000610351562,168.0,162.0,163.1999969482422,151.7708740234375,31706
BRG,BRG.OL,2024-01-08,165.39999389648438,167.0,161.39999389648438,167.0,155.3047637939453,41314
BRG,BRG.OL,2024-01-09,166.39999389648438,168.60000610351562,164.0,168.0,156.2347412109375,59575
BRG,BRG.OL,2024-01-10,167.0,168.39999389648438,165.8000030517578,168.0,156.2347412109375,41019
BRG,BRG.OL,2024-01-11,170.0,170.0,166.0,166.1999969482422,154.560791015625,50813
BRG,BRG.OL,2024-01-12,169.8000030517578,169.8000030517578,163.39999389648438,163.60000610351562,152.14288330078125,70674
BRG,BRG.OL,2024-01-15,164.39999389648438,164.60000610351562,161.8000030517578,164.60000610351562,153.07284545898438,27054
BRG,BRG.OL,2024-01-16,163.8000030517578,164.39999389648438,160.8000030517578,162.0,150.65492248535156,128303
BRG,BRG.OL,2024-01-17,162.0,162.0,156.8000030517578,158.0,146.93505859375,127115
BRG,BRG.OL,2024-01-18,161.39999389648438,161.39999389648438,156.1999969482422,158.1999969482422,147.1210479736328,42935
BRG,BRG.OL,2024-01-19,160.0,160.0,157.60000610351562,159.8000030517578,148.60899353027344,29785
BRG,BRG.OL,2024-01-22,160.0,161.39999389648438,159.1999969482422,160.60000610351562,149.35296630859375,23646
BRG,BRG.OL,2024-01-23,161.60000610351562,163.8000030517578,161.0,163.0,151.58489990234375,34876
BRG,BRG.OL,2024-01-24,164.39999389648438,164.39999389648438,161.60000610351562,162.39999389648438,151.0269012451172,41248
BRG,BRG.OL,2024-01-25,165.0,165.0,161.60000610351562,163.39999389648438,151.9568634033203,12823
BRG,BRG.OL,2024-01-26,164.8000030517578,168.1999969482422,163.8000030517578,167.60000610351562,155.86276245117188,43530
BRG,BRG.OL,2024-01-29,168.0,168.0,166.0,168.0,156.2347412109375,72679
BRG,BRG.OL,2024-01-30,169.0,170.60000610351562,166.60000610351562,166.60000610351562,154.9327850341797,32692
BRG,BRG.OL,2024-01-31,174.0,183.0,174.0,179.39999389648438,166.83636474609375,349529
BRG,BRG.OL,2024-02-01,179.0,185.8000030517578,179.0,185.0,172.04420471191406,227414
BRG,BRG.OL,2024-02-02,186.0,186.1999969482422,180.60000610351562,182.0,169.25430297851562,73840
BRG,BRG.OL,2024-02-05,180.0,181.8000030517578,177.8000030517578,181.1999969482422,168.51031494140625,35940
BRG,BRG.OL,2024-02-06,179.0,180.1999969482422,176.39999389648438,176.39999389648438,164.04647827148438,51270
BRG,BRG.OL,2024-02-07,176.39999389648438,176.39999389648438,172.60000610351562,174.39999389648438,162.18653869628906,57612
BRG,BRG.OL,2024-02-08,173.0,174.60000610351562,171.8000030517578,173.60000610351562,161.44256591796875,35848
BRG,BRG.OL,2024-02-09,172.1999969482422,173.60000610351562,172.0,172.0,159.95462036132812,51489
BRG,BRG.OL,2024-02-12,174.0,174.8000030517578,172.1999969482422,174.60000610351562,162.37254333496094,39176
BRG,BRG.OL,2024-02-13,174.39999389648438,175.39999389648438,171.8000030517578,174.8000030517578,162.55853271484375,50171
BRG,BRG.OL,2024-02-14,174.0,179.8000030517578,174.0,179.8000030517578,167.2083740234375,134085
BRG,BRG.OL,2024-02-15,179.0,182.8000030517578,179.0,182.0,169.25430297851562,75665
BRG,BRG.OL,2024-02-16,182.0,183.8000030517578,180.39999389648438,183.0,170.18426513671875,87248
BRG,BRG.OL,2024-02-19,183.1999969482422,183.39999389648438,179.1999969482422,180.1999969482422,167.5803680419922,23841
BRG,BRG.OL,2024-02-20,180.0,181.8000030517578,179.1999969482422,181.39999389648438,168.69631958007812,38177
BRG,BRG.OL,2024-02-21,181.0,181.39999389648438,178.1999969482422,181.1999969482422,168.51031494140625,35007
BRG,BRG.OL,2024-02-22,182.0,184.39999389648438,181.1999969482422,182.39999389648438,169.62628173828125,48923
BRG,BRG.OL,2024-02-23,182.60000610351562,184.60000610351562,181.1999969482422,184.39999389648438,171.48622131347656,24751
BRG,BRG.OL,2024-02-26,184.0,185.1999969482422,182.60000610351562,183.60000610351562,170.7422637939453,37020
BRG,BRG.OL,2024-02-27,183.60000610351562,184.60000610351562,183.1999969482422,183.8000030517578,170.92825317382812,56603
BRG,BRG.OL,2024-02-28,182.0,183.8000030517578,181.60000610351562,182.0,169.25430297851562,23175
BRG,BRG.OL,2024-02-29,181.0,184.0,181.0,184.0,171.11424255371094,91690
BRG,BRG.OL,2024-03-01,184.39999389648438,186.0,183.8000030517578,185.8000030517578,172.78817749023438,90369
BRG,BRG.OL,2024-03-04,186.0,187.39999389648438,183.8000030517578,184.60000610351562,171.67222595214844,80324
BRG,BRG.OL,2024-03-05,182.0,185.0,182.0,183.8000030517578,170.92825317382812,248931
BRG,BRG.OL,2024-03-06,184.0,184.0,181.0,181.0,168.3243408203125,41023
BRG,BRG.OL,2024-03-07,181.0,181.8000030517578,181.0,181.0,168.3243408203125,29035
BRG,BRG.OL,2024-03-08,180.0,185.60000610351562,180.0,182.60000610351562,169.81228637695312,21854
BRG,BRG.OL,2024-03-11,182.60000610351562,183.39999389648438,181.1999969482422,182.39999389648438,169.62628173828125,20286
BRG,BRG.OL,2024-03-12,183.0,185.8000030517578,182.8000030517578,185.8000030517578,172.78817749023438,35084
BRG,BRG.OL,2024-03-13,186.0,187.0,184.0,185.0,172.04420471191406,23994
BRG,BRG.OL,2024-03-14,185.0,185.1999969482422,182.0,182.0,169.25430297851562,25113
BRG,BRG.OL,2024-03-15,182.0,184.39999389648438,182.0,183.8000030517578,170.92825317382812,145302
BRG,BRG.OL,2024-03-18,183.1999969482422,186.1999969482422,183.1999969482422,185.39999389648438,172.41619873046875,28101
BRG,BRG.OL,2024-03-19,186.0,186.60000610351562,183.60000610351562,183.60000610351562,170.7422637939453,91252
BRG,BRG.OL,2024-03-20,184.8000030517578,185.1999969482422,183.60000610351562,183.60000610351562,170.7422637939453,43554
BRG,BRG.OL,2024-03-21,184.8000030517578,184.8000030517578,181.60000610351562,183.8000030517578,170.92825317382812,65916
BRG,BRG.OL,2024-03-22,183.1999969482422,184.8000030517578,182.0,183.0,170.18426513671875,60890
BRG,BRG.OL,2024-03-25,183.0,185.8000030517578,182.1999969482422,185.1999969482422,172.23019409179688,88756
BRG,BRG.OL,2024-03-26,185.39999389648438,188.0,184.1999969482422,188.0,174.83412170410156,26621
BRG,BRG.OL,2024-03-27,188.0,191.0,188.0,189.1999969482422,175.95008850097656,22861
BRG,BRG.OL,2024-04-02,189.0,190.1999969482422,186.0,187.60000610351562,174.46212768554688,110637
BRG,BRG.OL,2024-04-03,186.60000610351562,187.8000030517578,184.8000030517578,187.0,173.90414428710938,281994
BRG,BRG.OL,2024-04-04,187.8000030517578,192.0,187.1999969482422,191.8000030517578,178.36801147460938,115692
BRG,BRG.OL,2024-04-05,190.0,202.5,189.8000030517578,200.0,185.9937286376953,109845
BRG,BRG.OL,2024-04-08,199.39999389648438,200.0,192.8000030517578,194.1999969482422,180.59991455078125,45526
BRG,BRG.OL,2024-04-09,194.0,197.39999389648438,193.8000030517578,195.39999389648438,181.71588134765625,23000
BRG,BRG.OL,2024-04-10,196.39999389648438,197.60000610351562,193.60000610351562,195.60000610351562,181.90188598632812,33295
BRG,BRG.OL,2024-04-11,196.1999969482422,196.1999969482422,194.39999389648438,190.8000030517578,177.4380340576172,53323
BRG,BRG.OL,2024-04-12,192.39999389648438,197.39999389648438,192.39999389648438,195.60000610351562,185.54867553710938,85664
BRG,BRG.OL,2024-04-15,195.60000610351562,195.60000610351562,190.39999389648438,191.8000030517578,181.94393920898438,35809
BRG,BRG.OL,2024-04-16,191.0,191.0,187.60000610351562,191.0,181.18504333496094,54350
BRG,BRG.OL,2024-04-17,190.8000030517578,195.8000030517578,189.39999389648438,191.39999389648438,181.56448364257812,66488
BRG,BRG.OL,2024-04-18,192.0,192.39999389648438,188.8000030517578,191.1999969482422,181.37477111816406,31615
BRG,BRG.OL,2024-04-19,192.0,194.60000610351562,190.0,193.60000610351562,183.6514434814453,63686
BRG,BRG.OL,2024-04-22,194.8000030517578,197.0,191.39999389648438,191.39999389648438,181.56448364257812,30099
BRG,BRG.OL,2024-04-23,191.39999389648438,193.39999389648438,191.0,191.60000610351562,181.7542266845703,26280
BRG,BRG.OL,2024-04-24,192.0,192.0,188.0,191.0,181.18504333496094,59006
BRG,BRG.OL,2024-04-25,190.60000610351562,190.60000610351562,187.60000610351562,190.0,180.23643493652344,92860
BRG,BRG.OL,2024-04-26,190.1999969482422,190.60000610351562,187.8000030517578,187.8000030517578,178.1494903564453,106366
BRG,BRG.OL,2024-04-29,186.1999969482422,191.1999969482422,186.1999969482422,191.1999969482422,181.37477111816406,74467
BRG,BRG.OL,2024-04-30,190.0,192.1999969482422,190.0,190.39999389648438,180.61587524414062,92350
BRG,BRG.OL,2024-05-02,190.60000610351562,191.60000610351562,186.60000610351562,188.8000030517578,179.0980987548828,56031
BRG,BRG.OL,2024-05-03,189.39999389648438,194.0,189.39999389648438,191.1999969482422,181.37477111816406,83390
BRG,BRG.OL,2024-05-06,192.1999969482422,193.0,190.60000610351562,192.1999969482422,182.32337951660156,44390
BRG,BRG.OL,2024-05-07,192.0,192.1999969482422,189.60000610351562,189.8000030517578,180.04672241210938,65701
BRG,BRG.OL,2024-05-08,189.8000030517578,193.0,187.1999969482422,191.8000030517578,181.94393920898438,63393
BRG,BRG.OL,2024-05-10,192.39999389648438,196.39999389648438,192.39999389648438,196.39999389648438,186.30755615234375,140317
BRG,BRG.OL,2024-05-13,193.8000030517578,195.1999969482422,192.8000030517578,193.60000610351562,183.6514434814453,44637
BRG,BRG.OL,2024-05-14,193.0,194.39999389648438,190.39999389648438,193.1999969482422,183.27200317382812,168129
BRG,BRG.OL,2024-05-15,193.0,196.60000610351562,193.0,196.39999389648438,186.30755615234375,57271
BRG,BRG.OL,2024-05-16,196.39999389648438,196.60000610351562,193.8000030517578,196.60000610351562,186.49728393554688,28007
BRG,BRG.OL,2024-05-21,197.1999969482422,202.0,197.1999969482422,200.0,189.72256469726562,75228
BRG,BRG.OL,2024-05-22,201.0,201.0,198.1999969482422,199.8000030517578,189.53285217285156,47808
BRG,BRG.OL,2024-05-23,199.8000030517578,201.0,199.8000030517578,200.5,190.19686889648438,31276
BRG,BRG.OL,2024-05-24,200.0,201.5,198.60000610351562,201.5,191.14547729492188,55848
BRG,BRG.OL,2024-05-27,200.0,201.5,199.8000030517578,201.5,191.14547729492188,41615
BRG,BRG.OL,2024-05-28,200.0,203.5,191.1999969482422,194.0,184.0308837890625,123400
BRG,BRG.OL,2024-05-29,194.39999389648438,195.60000610351562,192.1999969482422,192.1999969482422,182.32337951660156,49283
BRG,BRG.OL,2024-05-30,191.39999389648438,194.8000030517578,191.39999389648438,193.8000030517578,183.84117126464844,42549
BRG,BRG.OL,2024-05-31,193.8000030517578,193.8000030517578,192.1999969482422,192.39999389648438,182.5131072998047,78313
BRG,BRG.OL,2024-06-03,193.39999389648438,193.39999389648438,189.0,189.0,179.28782653808594,36033
BRG,BRG.OL,2024-06-04,192.0,192.0,186.8000030517578,189.0,179.28782653808594,26623
BRG,BRG.OL,2024-06-05,190.0,190.39999389648438,186.8000030517578,187.0,177.39059448242188,19088
BRG,BRG.OL,2024-06-06,188.0,189.60000610351562,187.0,189.1999969482422,179.4775390625,73224
BRG,BRG.OL,2024-06-07,189.1999969482422,191.60000610351562,187.8000030517578,191.60000610351562,181.7542266845703,87592
BRG,BRG.OL,2024-06-10,191.60000610351562,192.60000610351562,190.39999389648438,192.60000610351562,182.7028350830078,25013
BRG,BRG.OL,2024-06-11,192.8000030517578,194.0,191.8000030517578,192.8000030517578,182.89256286621094,30179
BRG,BRG.OL,2024-06-12,192.8000030517578,194.39999389648438,192.8000030517578,194.39999389648438,184.4103240966797,70484
BRG,BRG.OL,2024-06-13,195.0,195.0,190.39999389648438,190.60000610351562,180.8056182861328,35309
BRG,BRG.OL,2024-06-14,193.60000610351562,194.0,190.60000610351562,191.60000610351562,181.7542266845703,48852
BRG,BRG.OL,2024-06-17,190.60000610351562,193.60000610351562,190.39999389648438,192.0,182.1336669921875,55197
BRG,BRG.OL,2024-06-18,195.0,195.0,191.1999969482422,192.60000610351562,182.7028350830078,18431
BRG,BRG.OL,2024-06-19,192.0,194.60000610351562,192.0,193.60000610351562,183.6514434814453,22167
BRG,BRG.OL,2024-06-20,193.60000610351562,194.60000610351562,193.1999969482422,193.1999969482422,183.27200317382812,25893
BRG,BRG.OL,2024-06-21,193.1999969482422,199.39999389648438,192.39999389648438,199.39999389648438,189.1533966064453,117754
BRG,BRG.OL,2024-06-24,199.0,199.0,192.1999969482422,194.8000030517578,184.78977966308594,38725
BRG,BRG.OL,2024-06-25,195.0,195.60000610351562,191.8000030517578,193.39999389648438,183.4617156982422,19574
BRG,BRG.OL,2024-06-26,194.0,194.60000610351562,191.8000030517578,192.8000030517578,182.89256286621094,15172
BRG,BRG.OL,2024-06-27,192.8000030517578,196.1999969482422,192.8000030517578,196.0,185.92811584472656,44754
BRG,BRG.OL,2024-06-28,196.39999389648438,196.39999389648438,192.39999389648438,192.39999389648438,182.5131072998047,19763
BRG,BRG.OL,2024-07-01,194.1999969482422,194.1999969482422,191.0,191.39999389648438,181.56448364257812,18617
BRG,BRG.OL,2024-07-02,191.1999969482422,191.8000030517578,190.39999389648438,190.39999389648438,180.61587524414062,18461
BRG,BRG.OL,2024-07-03,195.0,195.0,189.60000610351562,190.60000610351562,180.8056182861328,41425
BRG,BRG.OL,2024-07-04,191.0,191.1999969482422,189.8000030517578,189.8000030517578,180.04672241210938,27378
BRG,BRG.OL,2024-07-05,189.8000030517578,191.0,189.39999389648438,191.0,181.18504333496094,60367
BRG,BRG.OL,2024-07-08,195.0,195.0,190.0,191.8000030517578,181.94393920898438,38853
BRG,BRG.OL,2024-07-09,192.0,193.0,189.60000610351562,190.8000030517578,180.99533081054688,31899
BRG,BRG.OL,2024-07-10,190.60000610351562,192.39999389648438,188.60000610351562,189.39999389648438,179.66726684570312,22075
BRG,BRG.OL,2024-07-11,191.0,192.1999969482422,190.0,191.1999969482422,181.37477111816406,24331
BRG,BRG.OL,2024-07-12,193.0,193.0,188.8000030517578,190.60000610351562,180.8056182861328,33784
BRG,BRG.OL,2024-07-15,190.60000610351562,192.1999969482422,189.60000610351562,190.60000610351562,180.8056182861328,14887
BRG,BRG.OL,2024-07-16,191.0,191.1999969482422,188.0,190.0,180.23643493652344,31142
BRG,BRG.OL,2024-07-17,189.39999389648438,190.1999969482422,181.39999389648438,190.0,180.23643493652344,94827
BRG,BRG.OL,2024-07-18,188.60000610351562,188.60000610351562,184.1999969482422,186.0,176.44198608398438,32026
BRG,BRG.OL,2024-07-19,186.0,186.39999389648438,184.0,185.60000610351562,176.0625457763672,20751
BRG,BRG.OL,2024-07-22,184.1999969482422,185.8000030517578,184.1999969482422,185.0,175.49337768554688,29557
BRG,BRG.OL,2024-07-23,186.0,186.8000030517578,183.60000610351562,186.60000610351562,177.0111541748047,26240
BRG,BRG.OL,2024-07-24,186.39999389648438,187.0,185.0,186.0,176.44198608398438,31844
BRG,BRG.OL,2024-07-25,185.0,185.0,181.39999389648438,182.8000030517578,173.40643310546875,36264
BRG,BRG.OL,2024-07-26,183.0,184.60000610351562,181.8000030517578,183.0,173.5961456298828,45544
BRG,BRG.OL,2024-07-29,183.0,186.0,183.0,186.0,176.44198608398438,18964
BRG,BRG.OL,2024-07-30,186.1999969482422,186.60000610351562,184.8000030517578,185.39999389648438,175.87281799316406,16271
BRG,BRG.OL,2024-07-31,184.60000610351562,187.0,184.60000610351562,187.0,177.39059448242188,32883
BRG,BRG.OL,2024-08-01,189.1999969482422,194.8000030517578,189.1999969482422,192.39999389648438,182.5131072998047,55213
BRG,BRG.OL,2024-08-02,192.0,192.0,185.0,185.0,175.49337768554688,44024
BRG,BRG.OL,2024-08-05,181.0,182.1999969482422,176.60000610351562,181.0,171.69891357421875,37575
BRG,BRG.OL,2024-08-06,181.0,185.60000610351562,179.0,182.1999969482422,172.83724975585938,26759
BRG,BRG.OL,2024-08-07,185.39999389648438,185.39999389648438,182.8000030517578,183.39999389648438,173.9755859375,32299
BRG,BRG.OL,2024-08-08,183.39999389648438,185.39999389648438,182.0,184.60000610351562,175.1139373779297,16360
BRG,BRG.OL,2024-08-09,185.39999389648438,188.60000610351562,185.39999389648438,188.60000610351562,178.90838623046875,26596
BRG,BRG.OL,2024-08-12,188.60000610351562,190.0,187.1999969482422,189.0,179.28782653808594,22524
BRG,BRG.OL,2024-08-13,188.0,190.0,185.0,187.8000030517578,178.1494903564453,20152
BRG,BRG.OL,2024-08-14,187.1999969482422,188.60000610351562,187.1999969482422,188.39999389648438,178.71865844726562,18578
BRG,BRG.OL,2024-08-15,190.0,190.1999969482422,186.39999389648438,190.1999969482422,180.42616271972656,23749
BRG,BRG.OL,2024-08-16,190.0,193.0,188.0,189.0,179.28782653808594,33204
BRG,BRG.OL,2024-08-19,186.0,190.0,185.8000030517578,189.39999389648438,179.66726684570312,47983
BRG,BRG.OL,2024-08-20,189.39999389648438,189.39999389648438,186.1999969482422,186.60000610351562,177.0111541748047,21013
BRG,BRG.OL,2024-08-21,186.60000610351562,190.0,186.60000610351562,190.0,180.23643493652344,27697
BRG,BRG.OL,2024-08-22,190.0,190.60000610351562,189.1999969482422,190.39999389648438,180.61587524414062,14219
BRG,BRG.OL,2024-08-23,190.39999389648438,190.60000610351562,188.8000030517578,190.60000610351562,180.8056182861328,52886
BRG,BRG.OL,2024-08-26,188.1999969482422,193.0,188.1999969482422,193.0,183.082275390625,24938
BRG,BRG.OL,2024-08-27,190.1999969482422,192.60000610351562,190.0,190.8000030517578,180.99533081054688,35443
BRG,BRG.OL,2024-08-28,190.0,194.60000610351562,190.0,193.0,183.082275390625,52870
BRG,BRG.OL,2024-08-29,193.0,195.0,193.0,194.0,184.0308837890625,41757
BRG,BRG.OL,2024-08-30,193.8000030517578,198.0,193.8000030517578,197.1999969482422,187.0664520263672,345730
BRG,BRG.OL,2024-09-02,198.60000610351562,199.8000030517578,195.60000610351562,199.60000610351562,189.34312438964844,30280
BRG,BRG.OL,2024-09-03,199.8000030517578,199.8000030517578,197.39999389648438,197.39999389648438,187.25616455078125,113058
BRG,BRG.OL,2024-09-04,197.0,197.8000030517578,194.60000610351562,194.60000610351562,184.60006713867188,141232
BRG,BRG.OL,2024-09-05,192.60000610351562,196.60000610351562,192.60000610351562,194.60000610351562,184.60006713867188,26236
BRG,BRG.OL,2024-09-06,192.0,197.1999969482422,192.0,196.0,185.92811584472656,23416
BRG,BRG.OL,2024-09-09,197.0,197.0,193.8000030517578,196.0,185.92811584472656,57691
BRG,BRG.OL,2024-09-10,196.0,197.1999969482422,195.60000610351562,195.60000610351562,185.54867553710938,75897
BRG,BRG.OL,2024-09-11,192.60000610351562,196.8000030517578,192.60000610351562,194.60000610351562,184.60006713867188,46259
BRG,BRG.OL,2024-09-12,192.8000030517578,197.0,192.8000030517578,193.0,183.082275390625,66212
BRG,BRG.OL,2024-09-13,196.8000030517578,196.8000030517578,192.0,193.1999969482422,183.27200317382812,57805
BRG,BRG.OL,2024-09-16,193.1999969482422,193.1999969482422,189.60000610351562,191.39999389648438,181.56448364257812,50698
BRG,BRG.OL,2024-09-17,191.0,198.0,191.0,198.0,187.82534790039062,183569
BRG,BRG.OL,2024-09-18,198.0,198.0,194.0,194.0,184.0308837890625,84686
BRG,BRG.OL,2024-09-19,194.0,196.8000030517578,187.8000030517578,188.0,178.33921813964844,175251
BRG,BRG.OL,2024-09-20,188.1999969482422,189.1999969482422,183.0,186.60000610351562,177.0111541748047,363853
BRG,BRG.OL,2024-09-23,186.60000610351562,191.60000610351562,185.8000030517578,191.60000610351562,181.7542266845703,64578
BRG,BRG.OL,2024-09-24,193.0,193.0,190.0,192.0,182.1336669921875,35954
BRG,BRG.OL,2024-09-25,192.0,194.60000610351562,191.39999389648438,194.0,184.0308837890625,31266
BRG,BRG.OL,2024-09-26,195.8000030517578,197.8000030517578,194.0,194.39999389648438,184.4103240966797,53930
BRG,BRG.OL,2024-09-27,191.1999969482422,195.0,191.1999969482422,194.1999969482422,184.22061157226562,86365
BRG,BRG.OL,2024-09-30,194.0,199.8000030517578,194.0,198.39999389648438,188.2047882080078,72895
BRG,BRG.OL,2024-10-01,193.1999969482422,198.8000030517578,193.0,197.8000030517578,187.6356201171875,57720
BRG,BRG.OL,2024-10-02,195.0,197.60000610351562,194.60000610351562,194.8000030517578,184.78977966308594,34223
BRG,BRG.OL,2024-10-03,195.0,198.0,194.8000030517578,195.1999969482422,185.16921997070312,44127
BRG,BRG.OL,2024-10-04,198.1999969482422,198.1999969482422,194.60000610351562,196.0,185.92811584472656,34558
BRG,BRG.OL,2024-10-07,197.39999389648438,202.0,197.1999969482422,199.39999389648438,189.1533966064453,63381
BRG,BRG.OL,2024-10-08,200.0,204.0,199.1999969482422,199.39999389648438,189.1533966064453,83200
BRG,BRG.OL,2024-10-09,200.0,206.5,199.8000030517578,205.0,194.46563720703125,63001
BRG,BRG.OL,2024-10-10,208.0,208.0,203.0,206.0,195.41424560546875,67208
BRG,BRG.OL,2024-10-11,206.0,206.0,202.5,205.5,194.93992614746094,41233
BRG,BRG.OL,2024-10-14,204.0,207.5,203.0,203.0,192.5684051513672,46009
BRG,BRG.OL,2024-10-15,203.0,209.0,203.0,208.5,197.7857666015625,108793
BRG,BRG.OL,2024-10-16,205.0,207.0,200.5,200.5,190.19686889648438,67065
BRG,BRG.OL,2024-10-17,200.0,202.5,200.0,201.0,190.6711883544922,52047
BRG,BRG.OL,2024-10-18,209.5,209.5,202.5,203.5,193.04270935058594,43027
BRG,BRG.OL,2024-10-21,204.0,207.5,203.5,206.5,195.8885498046875,36000
BRG,BRG.OL,2024-10-22,205.0,206.5,201.0,202.0,191.6197967529297,38664
BRG,BRG.OL,2024-10-23,201.0,204.5,201.0,203.0,192.5684051513672,73018
BRG,BRG.OL,2024-10-24,207.0,207.0,201.5,203.0,192.5684051513672,117056
BRG,BRG.OL,2024-10-25,203.0,204.0,202.5,203.0,192.5684051513672,55781
BRG,BRG.OL,2024-10-28,204.0,204.5,202.0,204.5,193.99131774902344,48673
BRG,BRG.OL,2024-10-29,204.5,205.5,203.0,205.0,194.46563720703125,38526
BRG,BRG.OL,2024-10-30,202.5,204.0,200.5,200.5,190.19686889648438,114494
BRG,BRG.OL,2024-10-31,201.5,202.0,192.0,194.0,184.0308837890625,110009
BRG,BRG.OL,2024-11-01,195.39999389648438,195.39999389648438,188.1999969482422,188.8000030517578,179.0980987548828,82358
BRG,BRG.OL,2024-11-04,188.8000030517578,188.8000030517578,185.8000030517578,186.1999969482422,176.63169860839844,60980
BRG,BRG.OL,2024-11-05,185.8000030517578,186.8000030517578,183.8000030517578,185.1999969482422,175.68309020996094,66233
BRG,BRG.OL,2024-11-06,186.0,189.0,182.0,182.0,172.6475372314453,90408
BRG,BRG.OL,2024-11-07,180.1999969482422,182.39999389648438,179.0,181.39999389648438,172.07835388183594,175804
BRG,BRG.OL,2024-11-08,181.0,182.0,179.60000610351562,180.39999389648438,171.12974548339844,88957
BRG,BRG.OL,2024-11-11,179.0,182.0,179.0,179.39999389648438,170.18113708496094,88165
BRG,BRG.OL,2024-11-12,179.0,179.8000030517578,176.60000610351562,179.1999969482422,169.9914093017578,103140
BRG,BRG.OL,2024-11-13,178.0,179.1999969482422,176.0,177.39999389648438,168.28390502929688,69905
BRG,BRG.OL,2024-11-14,178.0,182.8000030517578,176.1999969482422,182.8000030517578,173.40643310546875,64591
BRG,BRG.OL,2024-11-15,182.60000610351562,183.39999389648438,180.39999389648438,183.39999389648438,173.9755859375,64038
BRG,BRG.OL,2024-11-18,182.8000030517578,182.8000030517578,180.1999969482422,182.39999389648438,173.0269775390625,106177
BRG,BRG.OL,2024-11-19,182.0,183.1999969482422,181.8000030517578,182.0,172.6475372314453,81180
BRG,BRG.OL,2024-11-20,182.0,184.8000030517578,180.39999389648438,183.1999969482422,173.78587341308594,136603
BRG,BRG.OL,2024-11-21,182.0,183.60000610351562,180.1999969482422,182.39999389648438,173.0269775390625,160709
BRG,BRG.OL,2024-11-22,182.60000610351562,185.0,182.0,183.8000030517578,174.35504150390625,91108
BRG,BRG.OL,2024-11-25,184.39999389648438,188.1999969482422,181.0,181.0,171.69891357421875,3465570
BRG,BRG.OL,2024-11-26,181.0,184.39999389648438,181.0,181.60000610351562,172.26809692382812,148934
BRG,BRG.OL,2024-11-27,181.0,183.8000030517578,180.60000610351562,182.60000610351562,173.21670532226562,98447
BRG,BRG.OL,2024-11-28,183.0,185.0,182.39999389648438,184.8000030517578,175.30364990234375,66022
BRG,BRG.OL,2024-11-29,184.0,184.8000030517578,182.39999389648438,183.0,173.5961456298828,61990
BRG,BRG.OL,2024-12-02,184.1999969482422,185.1999969482422,183.0,183.60000610351562,174.16531372070312,54180
BRG,BRG.OL,2024-12-03,183.60000610351562,185.60000610351562,183.39999389648438,185.60000610351562,176.0625457763672,56224
BRG,BRG.OL,2024-12-04,185.0,189.60000610351562,185.0,189.39999389648438,179.66726684570312,77520
BRG,BRG.OL,2024-12-05,189.39999389648438,189.39999389648438,183.8000030517578,184.8000030517578,175.30364990234375,137471
BRG,BRG.OL,2024-12-06,186.0,187.1999969482422,182.0,183.39999389648438,173.9755859375,55320
BRG,BRG.OL,2024-12-09,183.60000610351562,183.60000610351562,181.8000030517578,182.1999969482422,172.83724975585938,68624
BRG,BRG.OL,2024-12-10,181.8000030517578,182.0,178.1999969482422,178.1999969482422,169.0428009033203,126616
BRG,BRG.OL,2024-12-11,180.60000610351562,181.0,178.1999969482422,178.8000030517578,169.61196899414062,89698
BRG,BRG.OL,2024-12-12,178.1999969482422,180.0,176.8000030517578,178.60000610351562,169.42225646972656,69248
BRG,BRG.OL,2024-12-13,178.39999389648438,178.8000030517578,176.8000030517578,177.8000030517578,168.66336059570312,79728
BRG,BRG.OL,2024-12-16,178.0,178.1999969482422,175.1999969482422,176.0,166.9558563232422,49261
BRG,BRG.OL,2024-12-17,175.8000030517578,178.8000030517578,174.39999389648438,177.8000030517578,168.66336059570312,126908
BRG,BRG.OL,2024-12-18,175.8000030517578,179.60000610351562,175.8000030517578,176.39999389648438,167.33529663085938,69131
BRG,BRG.OL,2024-12-19,174.1999969482422,177.1999969482422,174.1999969482422,177.1999969482422,168.0941925048828,126038
BRG,BRG.OL,2024-12-20,177.0,177.0,175.39999389648438,177.0,167.9044647216797,133358
BRG,BRG.OL,2024-12-23,176.60000610351562,178.1999969482422,176.0,178.1999969482422,169.0428009033203,33662
BRG,BRG.OL,2024-12-27,178.1999969482422,179.8000030517578,177.60000610351562,179.0,169.80169677734375,33012
BRG,BRG.OL,2024-12-30,180.39999389648438,183.0,180.39999389648438,182.39999389648438,173.0269775390625,53324
BRG,BRG.OL,2025-01-02,183.39999389648438,184.1999969482422,180.8000030517578,181.39999389648438,172.07835388183594,57033
BRG,BRG.OL,2025-01-03,181.39999389648438,181.60000610351562,179.60000610351562,181.60000610351562,172.26809692382812,36081
BRG,BRG.OL,2025-01-06,181.8000030517578,182.60000610351562,180.8000030517578,182.39999389648438,173.0269775390625,32924
BRG,BRG.OL,2025-01-07,182.8000030517578,183.0,181.0,181.8000030517578,172.4578094482422,40903
BRG,BRG.OL,2025-01-08,181.60000610351562,184.39999389648438,180.1999969482422,181.8000030517578,172.4578094482422,66038
BRG,BRG.OL,2025-01-09,180.8000030517578,185.39999389648438,180.39999389648438,184.8000030517578,175.30364990234375,53306
BRG,BRG.OL,2025-01-10,184.39999389648438,185.0,183.60000610351562,184.60000610351562,175.1139373779297,126117
BRG,BRG.OL,2025-01-13,183.8000030517578,185.8000030517578,182.0,185.8000030517578,176.25225830078125,65837
BRG,BRG.OL,2025-01-14,185.8000030517578,185.8000030517578,182.0,182.0,172.6475372314453,80436
BRG,BRG.OL,2025-01-15,182.0,186.8000030517578,182.0,186.8000030517578,177.2008819580078,43650
BRG,BRG.OL,2025-01-16,187.0,187.60000610351562,183.8000030517578,185.0,175.49337768554688,92930
BRG,BRG.OL,2025-01-17,185.39999389648438,187.0,185.0,186.0,176.44198608398438,30081
BRG,BRG.OL,2025-01-20,186.1999969482422,186.8000030517578,185.1999969482422,186.0,176.44198608398438,21767
BRG,BRG.OL,2025-01-21,185.39999389648438,186.60000610351562,184.8000030517578,186.39999389648438,176.82142639160156,35151
BRG,BRG.OL,2025-01-22,186.39999389648438,190.39999389648438,186.0,190.39999389648438,180.61587524414062,231386
BRG,BRG.OL,2025-01-23,190.0,192.60000610351562,189.8000030517578,191.1999969482422,181.37477111816406,91705
BRG,BRG.OL,2025-01-24,191.8000030517578,192.60000610351562,190.39999389648438,191.8000030517578,181.94393920898438,37426
BRG,BRG.OL,2025-01-27,191.1999969482422,192.8000030517578,188.8000030517578,191.0,181.18504333496094,119562
BRG,BRG.OL,2025-01-28,190.0,198.39999389648438,189.39999389648438,196.8000030517578,186.68701171875,110580
BRG,BRG.OL,2025-01-29,206.0,206.0,196.1999969482422,197.1999969482422,187.0664520263672,231651
BRG,BRG.OL,2025-01-30,199.8000030517578,202.0,198.1999969482422,202.0,191.6197967529297,65864
BRG,BRG.OL,2025-01-31,204.0,204.5,202.0,203.0,192.5684051513672,92335
BRG,BRG.OL,2025-02-03,198.8000030517578,200.0,194.39999389648438,197.0,186.87672424316406,105236
BRG,BRG.OL,2025-02-04,196.0,199.1999969482422,195.39999389648438,199.1999969482422,188.9636688232422,32778
BRG,BRG.OL,2025-02-05,200.0,200.0,196.1999969482422,197.0,186.87672424316406,47369
BRG,BRG.OL,2025-02-06,197.39999389648438,198.1999969482422,194.60000610351562,197.0,186.87672424316406,55334
BRG,BRG.OL,2025-02-07,195.0,197.60000610351562,195.0,197.0,186.87672424316406,31919
BRG,BRG.OL,2025-02-10,197.0,197.8000030517578,195.1999969482422,195.60000610351562,185.54867553710938,81775
BRG,BRG.OL,2025-02-11,195.0,197.0,192.8000030517578,197.0,186.87672424316406,90479
BRG,BRG.OL,2025-02-12,196.0,197.39999389648438,196.0,197.0,186.87672424316406,161475
BRG,BRG.OL,2025-02-13,195.8000030517578,198.1999969482422,195.60000610351562,196.39999389648438,186.30755615234375,65840
BRG,BRG.OL,2025-02-14,195.60000610351562,196.60000610351562,195.1999969482422,196.1999969482422,186.11782836914062,46891
BRG,BRG.OL,2025-02-17,195.1999969482422,199.39999389648438,195.1999969482422,198.1999969482422,188.0150604248047,45273
BRG,BRG.OL,2025-02-18,197.8000030517578,199.1999969482422,197.0,199.1999969482422,188.9636688232422,54342
BRG,BRG.OL,2025-02-19,199.1999969482422,199.39999389648438,195.0,196.39999389648438,186.30755615234375,45244
BRG,BRG.OL,2025-02-20,196.39999389648438,197.60000610351562,196.0,196.60000610351562,186.49728393554688,39060
BRG,BRG.OL,2025-02-21,196.60000610351562,197.0,193.8000030517578,196.0,185.92811584472656,49357
BRG,BRG.OL,2025-02-24,196.0,196.1999969482422,192.8000030517578,194.8000030517578,184.78977966308594,55021
BRG,BRG.OL,2025-02-25,195.0,196.39999389648438,193.8000030517578,195.1999969482422,185.16921997070312,17572
BRG,BRG.OL,2025-02-26,195.60000610351562,195.8000030517578,193.39999389648438,195.0,184.97950744628906,35528
BRG,BRG.OL,2025-02-27,194.39999389648438,194.60000610351562,189.8000030517578,189.8000030517578,180.04672241210938,150512
BRG,BRG.OL,2025-02-28,188.0,189.39999389648438,183.0,186.39999389648438,176.82142639160156,55402
BRG,BRG.OL,2025-03-03,186.39999389648438,187.1999969482422,185.39999389648438,185.8000030517578,176.25225830078125,39251
BRG,BRG.OL,2025-03-04,183.0,184.1999969482422,179.39999389648438,179.39999389648438,170.18113708496094,62257
BRG,BRG.OL,2025-03-05,180.8000030517578,181.60000610351562,178.0,180.1999969482422,170.94003295898438,78557
BRG,BRG.OL,2025-03-06,180.39999389648438,181.39999389648438,178.60000610351562,179.1999969482422,169.9914093017578,39728
BRG,BRG.OL,2025-03-07,178.0,180.39999389648438,178.0,180.0,170.75030517578125,26011
BRG,BRG.OL,2025-03-10,179.39999389648438,180.8000030517578,175.0,175.0,166.0072479248047,217817
BRG,BRG.OL,2025-03-11,174.0,175.8000030517578,170.39999389648438,170.39999389648438,161.64361572265625,89498
BRG,BRG.OL,2025-03-12,171.0,172.8000030517578,169.0,169.60000610351562,160.88473510742188,94087
BRG,BRG.OL,2025-03-13,171.0,175.39999389648438,169.0,174.60000610351562,165.6278076171875,57441
BRG,BRG.OL,2025-03-14,175.1999969482422,175.39999389648438,172.1999969482422,173.1999969482422,164.2997283935547,126014
BRG,BRG.OL,2025-03-17,174.0,176.0,173.1999969482422,175.1999969482422,166.19696044921875,37476
BRG,BRG.OL,2025-03-18,175.1999969482422,178.1999969482422,174.8000030517578,177.0,167.9044647216797,46276
BRG,BRG.OL,2025-03-19,177.0,177.60000610351562,174.60000610351562,176.0,166.9558563232422,41549
BRG,BRG.OL,2025-03-20,176.39999389648438,177.0,173.39999389648438,174.8000030517578,165.81752014160156,28968
BRG,BRG.OL,2025-03-21,175.0,175.60000610351562,172.39999389648438,173.60000610351562,164.67918395996094,102329
BRG,BRG.OL,2025-03-24,173.60000610351562,174.1999969482422,170.60000610351562,171.8000030517578,162.9716796875,45395
BRG,BRG.OL,2025-03-25,171.0,173.8000030517578,170.0,172.60000610351562,163.73057556152344,305185
BRG,BRG.OL,2025-03-26,172.1999969482422,172.8000030517578,171.0,171.39999389648438,162.59222412109375,96230
BRG,BRG.OL,2025-03-27,172.1999969482422,172.1999969482422,169.0,171.39999389648438,162.59222412109375,35541
BRG,BRG.OL,2025-03-28,172.0,172.0,169.1999969482422,169.39999389648438,160.69500732421875,95304
BRG,BRG.OL,2025-03-31,169.0,171.1999969482422,166.8000030517578,171.1999969482422,162.4025115966797,65804
BRG,BRG.OL,2025-04-01,172.0,172.0,169.0,169.60000610351562,160.88473510742188,63995
BRG,BRG.OL,2025-04-02,170.39999389648438,170.39999389648438,166.60000610351562,168.1999969482422,159.55667114257812,49413
BRG,BRG.OL,2025-04-03,168.0,168.0,165.1999969482422,167.8000030517578,159.17723083496094,60039
BRG,BRG.OL,2025-04-04,166.0,169.39999389648438,161.39999389648438,162.60000610351562,154.24444580078125,108372
BRG,BRG.OL,2025-04-07,154.60000610351562,162.60000610351562,151.39999389648438,160.60000610351562,152.3472137451172,167463
BRG,BRG.OL,2025-04-08,162.60000610351562,162.60000610351562,158.39999389648438,162.0,153.67527770996094,120960
BRG,BRG.OL,2025-04-09,162.0,164.0,159.39999389648438,164.0,155.57249450683594,260872
BRG,BRG.OL,2025-04-10,167.39999389648438,171.39999389648438,167.0,171.39999389648438,162.59222412109375,176774
BRG,BRG.OL,2025-04-11,167.0,168.0,162.60000610351562,162.60000610351562,158.1663055419922,81975
BRG,BRG.OL,2025-04-14,163.8000030517578,166.0,163.60000610351562,166.0,161.4735870361328,80835
BRG,BRG.OL,2025-04-15,166.1999969482422,166.8000030517578,165.8000030517578,166.60000610351562,162.05723571777344,24066
BRG,BRG.OL,2025-04-16,166.0,166.39999389648438,164.1999969482422,165.8000030517578,161.279052734375,30941
BRG,BRG.OL,2025-04-22,165.8000030517578,165.8000030517578,161.0,164.1999969482422,159.72267150878906,68779
BRG,BRG.OL,2025-04-23,165.39999389648438,169.0,165.39999389648438,167.39999389648438,162.83541870117188,44277
BRG,BRG.OL,2025-04-24,167.39999389648438,167.60000610351562,165.39999389648438,167.0,162.44631958007812,67433
BRG,BRG.OL,2025-04-25,168.0,169.60000610351562,168.0,169.0,164.39178466796875,119700
BRG,BRG.OL,2025-04-28,169.60000610351562,175.0,169.0,172.8000030517578,168.0881805419922,106918
BRG,BRG.OL,2025-04-29,173.0,174.39999389648438,171.8000030517578,173.8000030517578,169.0609130859375,66284
BRG,BRG.OL,2025-04-30,175.60000610351562,182.8000030517578,175.60000610351562,178.39999389648438,173.5354766845703,122318
BRG,BRG.OL,2025-05-02,179.1999969482422,180.39999389648438,174.0,180.39999389648438,175.48094177246094,234600
BRG,BRG.OL,2025-05-05,180.1999969482422,184.0,179.39999389648438,184.0,178.98277282714844,82012
BRG,BRG.OL,2025-05-06,184.1999969482422,185.0,181.60000610351562,184.0,178.98277282714844,131313
BRG,BRG.OL,2025-05-07,183.0,183.1999969482422,181.60000610351562,182.1999969482422,177.2318572998047,52663
BRG,BRG.OL,2025-05-08,182.8000030517578,185.0,181.60000610351562,185.0,179.95550537109375,63315
BRG,BRG.OL,2025-05-09,185.39999389648438,185.8000030517578,183.60000610351562,185.0,179.95550537109375,66898
BRG,BRG.OL,2025-05-12,186.60000610351562,189.1999969482422,186.0,187.60000610351562,182.484619140625,77421
BRG,BRG.OL,2025-05-13,187.60000610351562,187.60000610351562,183.1999969482422,185.0,179.95550537109375,99708
BRG,BRG.OL,2025-05-14,185.0,187.1999969482422,183.8000030517578,186.1999969482422,181.12278747558594,68060
BRG,BRG.OL,2025-05-15,186.39999389648438,189.39999389648438,185.0,187.39999389648438,182.29005432128906,52161
BRG,BRG.OL,2025-05-16,188.0,189.8000030517578,187.60000610351562,188.60000610351562,183.4573516845703,46142
BRG,BRG.OL,2025-05-19,188.39999389648438,188.39999389648438,184.8000030517578,185.39999389648438,180.34458923339844,48250
BRG,BRG.OL,2025-05-20,186.0,186.8000030517578,184.1999969482422,184.60000610351562,179.56642150878906,107125
BRG,BRG.OL,2025-05-21,185.0,186.0,182.60000610351562,186.0,180.92823791503906,106336
BRG,BRG.OL,2025-05-22,185.0,185.0,182.60000610351562,184.0,178.98277282714844,52607
BRG,BRG.OL,2025-05-23,183.0,188.1999969482422,183.0,188.0,182.8737030029297,61291
BRG,BRG.OL,2025-05-26,188.60000610351562,189.0,185.60000610351562,188.1999969482422,183.06825256347656,47350
BRG,BRG.OL,2025-05-27,188.0,188.8000030517578,186.8000030517578,187.60000610351562,182.484619140625,39389
BRG,BRG.OL,2025-05-28,188.0,189.60000610351562,187.1999969482422,188.39999389648438,183.26278686523438,74685
BRG,BRG.OL,2025-05-30,189.8000030517578,189.8000030517578,186.39999389648438,187.39999389648438,182.29005432128906,61177
BRG,BRG.OL,2025-06-02,185.60000610351562,186.1999969482422,183.1999969482422,185.39999389648438,180.34458923339844,60694
BRG,BRG.OL,2025-06-03,186.0,186.1999969482422,184.39999389648438,184.8000030517578,179.76097106933594,59836
BRG,BRG.OL,2025-06-04,185.1999969482422,189.0,185.1999969482422,188.39999389648438,183.26278686523438,34551
BRG,BRG.OL,2025-06-05,188.39999389648438,189.39999389648438,187.60000610351562,188.60000610351562,183.4573516845703,92451
BRG,BRG.OL,2025-06-06,188.60000610351562,191.0,188.39999389648438,190.0,184.8191680908203,28318
BRG,BRG.OL,2025-06-10,191.1999969482422,194.0,189.60000610351562,190.0,184.8191680908203,49924
BRG,BRG.OL,2025-06-11,190.0,192.39999389648438,190.0,190.8000030517578,185.5973663330078,45097
BRG,BRG.OL,2025-06-12,190.8000030517578,192.8000030517578,190.1999969482422,191.39999389648438,186.1809844970703,31351
BRG,BRG.OL,2025-06-13,192.8000030517578,192.8000030517578,190.1999969482422,191.1999969482422,185.9864501953125,29753
BRG,BRG.OL,2025-06-16,192.0,192.0,188.1999969482422,188.60000610351562,183.4573516845703,48373
BRG,BRG.OL,2025-06-17,188.60000610351562,188.60000610351562,185.1999969482422,186.1999969482422,181.12278747558594,44414
BRG,BRG.OL,2025-06-18,186.0,186.39999389648438,184.60000610351562,186.39999389648438,181.31732177734375,34346
BRG,BRG.OL,2025-06-19,186.39999389648438,189.1999969482422,185.60000610351562,189.0,183.846435546875,42076
BRG,BRG.OL,2025-06-20,190.60000610351562,191.1999969482422,188.1999969482422,189.39999389648438,184.2355194091797,229896
BRG,BRG.OL,2025-06-23,188.1999969482422,191.1999969482422,188.1999969482422,190.0,184.8191680908203,102543
BRG,BRG.OL,2025-06-24,191.0,193.1999969482422,190.39999389648438,192.39999389648438,187.15371704101562,52103
BRG,BRG.OL,2025-06-25,193.1999969482422,198.0,193.1999969482422,198.0,192.6010284423828,142023
BRG,BRG.OL,2025-06-26,199.0,201.0,197.0,198.39999389648438,192.9901123046875,68591
BRG,BRG.OL,2025-06-27,197.0,198.60000610351562,195.0,195.39999389648438,190.07191467285156,87606
BRG,BRG.OL,2025-06-30,198.1999969482422,198.8000030517578,195.8000030517578,198.39999389648438,192.9901123046875,167386
BRG,BRG.OL,2025-07-01,199.0,199.60000610351562,198.1999969482422,199.39999389648438,193.9628448486328,36467
BRG,BRG.OL,2025-07-02,199.60000610351562,200.0,198.60000610351562,199.60000610351562,194.15740966796875,51331
BRG,BRG.OL,2025-07-03,200.0,200.5,199.0,200.5,195.03286743164062,60396
BRG,BRG.OL,2025-07-04,201.0,203.0,200.0,203.0,197.46469116210938,79863
BRG,BRG.OL,2025-07-07,202.0,203.5,197.0,199.8000030517578,194.35195922851562,67794
BRG,BRG.OL,2025-07-08,200.0,200.0,197.60000610351562,198.60000610351562,193.18467712402344,45318
BRG,BRG.OL,2025-07-09,200.0,201.5,198.39999389648438,201.0,195.51922607421875,40754
BRG,BRG.OL,2025-07-10,201.5,203.5,200.5,202.5,196.97833251953125,34891
BRG,BRG.OL,2025-07-11,203.0,204.0,202.0,204.0,198.4374237060547,41645
BRG,BRG.OL,2025-07-14,204.5,205.0,202.5,202.5,196.97833251953125,65785
BRG,BRG.OL,2025-07-15,202.5,207.5,202.5,207.5,201.8419952392578,82418
BRG,BRG.OL,2025-07-16,204.0,205.0,193.39999389648438,194.0,188.71009826660156,290727
BRG,BRG.OL,2025-07-17,194.0,195.39999389648438,190.0,195.1999969482422,189.87738037109375,113204
BRG,BRG.OL,2025-07-18,196.0,196.8000030517578,194.8000030517578,196.0,190.6555633544922,59755
BRG,BRG.OL,2025-07-21,196.1999969482422,197.8000030517578,195.0,195.8000030517578,190.46102905273438,70486
BRG,BRG.OL,2025-07-22,195.8000030517578,195.8000030517578,193.39999389648438,193.39999389648438,188.12644958496094,39399
BRG,BRG.OL,2025-07-23,194.0,196.60000610351562,194.0,196.60000610351562,191.2392120361328,41166
BRG,BRG.OL,2025-07-24,198.0,198.1999969482422,196.0,196.60000610351562,191.2392120361328,34927
BRG,BRG.OL,2025-07-25,197.0,197.8000030517578,194.39999389648438,194.39999389648438,189.09918212890625,42074
BRG,BRG.OL,2025-07-28,197.60000610351562,201.0,196.60000610351562,199.0,193.57376098632812,61338
BRG,BRG.OL,2025-07-29,200.0,200.5,197.0,198.39999389648438,192.9901123046875,52515
BRG,BRG.OL,2025-07-30,200.0,201.0,198.1999969482422,199.0,193.57376098632812,30236
BRG,BRG.OL,2025-07-31,199.60000610351562,201.5,199.60000610351562,199.8000030517578,194.35195922851562,39774
BRG,BRG.OL,2025-08-01,201.0,201.0,197.60000610351562,197.60000610351562,192.21194458007812,43411
BRG,BRG.OL,2025-08-04,197.60000610351562,199.60000610351562,197.60000610351562,199.0,193.57376098632812,27178
BRG,BRG.OL,2025-08-05,199.0,201.0,199.0,199.39999389648438,193.9628448486328,39219
BRG,BRG.OL,2025-08-06,200.0,201.0,198.1999969482422,198.39999389648438,192.9901123046875,23985
BRG,BRG.OL,2025-08-07,201.0,201.5,198.60000610351562,201.5,196.00559997558594,24319
BRG,BRG.OL,2025-08-08,202.0,204.0,201.5,202.5,196.97833251953125,26002
BRG,BRG.OL,2025-08-11,203.0,204.5,203.0,203.5,197.95106506347656,34683
BRG,BRG.OL,2025-08-12,204.0,204.5,203.0,204.5,198.92379760742188,33218
BRG,BRG.OL,2025-08-13,204.5,206.5,204.0,204.5,198.92379760742188,53734
BRG,BRG.OL,2025-08-14,204.5,205.5,204.5,205.0,199.41015625,19307
BRG,BRG.OL,2025-08-15,206.0,207.5,205.5,206.0,200.3828887939453,26515
BRG,BRG.OL,2025-08-18,208.0,208.5,205.5,206.5,200.8692626953125,69018
BRG,BRG.OL,2025-08-19,206.0,210.0,206.0,210.0,204.27381896972656,58660
BRG,BRG.OL,2025-08-20,209.0,211.0,209.0,210.5,204.76019287109375,165630
BRG,BRG.OL,2025-08-21,211.0,212.0,208.0,209.0,203.30108642578125,123478
BRG,BRG.OL,2025-08-22,209.5,210.5,208.5,209.5,203.78746032714844,28557
BRG,BRG.OL,2025-08-25,210.0,211.5,209.5,211.5,205.73292541503906,20849
BRG,BRG.OL,2025-08-26,211.5,211.5,210.5,211.0,205.24655151367188,31723
BRG,BRG.OL,2025-08-27,210.0,212.0,209.5,210.0,204.27381896972656,41207
BRG,BRG.OL,2025-08-28,209.0,210.0,205.0,206.5,200.8692626953125,70901
BRG,BRG.OL,2025-08-29,210.0,211.0,207.0,209.0,203.30108642578125,73444
BRG,BRG.OL,2025-09-01,209.0,209.0,204.0,206.0,200.3828887939453,30290
BRG,BRG.OL,2025-09-02,205.5,207.0,204.5,205.5,199.8965301513672,28164
BRG,BRG.OL,2025-09-03,206.0,209.0,205.5,206.0,200.3828887939453,52992
BRG,BRG.OL,2025-09-04,206.5,209.0,205.5,207.0,201.35562133789062,34433
BRG,BRG.OL,2025-09-05,206.5,209.5,206.5,209.5,203.78746032714844,44126
BRG,BRG.OL,2025-09-08,209.0,209.0,206.5,208.0,202.32835388183594,38577
BRG,BRG.OL,2025-09-09,207.0,209.5,206.5,209.0,203.30108642578125,329953
BRG,BRG.OL,2025-09-10,208.5,209.0,206.5,206.5,200.8692626953125,47106
BRG,BRG.OL,2025-09-11,205.0,208.0,202.0,205.5,199.8965301513672,79762
BRG,BRG.OL,2025-09-12,206.0,208.5,206.0,208.0,202.32835388183594,35667
BRG,BRG.OL,2025-09-15,208.0,209.0,206.5,208.0,202.32835388183594,48188
BRG,BRG.OL,2025-09-16,203.0,205.0,200.5,203.0,197.46469116210938,123516
BRG,BRG.OL,2025-09-17,203.0,203.0,200.0,200.5,195.03286743164062,52984
BRG,BRG.OL,2025-09-18,200.0,201.0,198.0,199.0,193.57376098632812,34157
BRG,BRG.OL,2025-09-19,199.0,200.5,196.39999389648438,197.0,191.6282958984375,201697
BRG,BRG.OL,2025-09-22,196.0,198.60000610351562,196.0,197.1999969482422,191.82284545898438,41740
BRG,BRG.OL,2025-09-23,200.0,200.5,197.39999389648438,199.8000030517578,194.35195922851562,91658
BRG,BRG.OL,2025-09-24,199.0,199.1999969482422,197.1999969482422,198.1999969482422,192.7955780029297,42722
BRG,BRG.OL,2025-09-25,197.60000610351562,197.60000610351562,195.0,195.60000610351562,190.2664794921875,52867
BRG,BRG.OL,2025-09-26,195.0,196.39999389648438,192.8000030517578,192.8000030517578,187.54283142089844,52694
BRG,BRG.OL,2025-09-29,193.0,194.8000030517578,193.0,193.0,187.73736572265625,95780
BRG,BRG.OL,2025-09-30,194.0,195.8000030517578,193.0,194.1999969482422,188.90464782714844,80283
BRG,BRG.OL,2025-10-01,194.0,195.1999969482422,192.1999969482422,192.60000610351562,187.34828186035156,73289
BRG,BRG.OL,2025-10-02,192.0,193.8000030517578,190.39999389648438,191.1999969482422,185.9864501953125,46223
BRG,BRG.OL,2025-10-03,191.60000610351562,194.0,191.0,191.0,185.79190063476562,39662
BRG,BRG.OL,2025-10-06,192.0,193.1999969482422,190.1999969482422,191.60000610351562,186.37554931640625,25619
BRG,BRG.OL,2025-10-07,191.60000610351562,192.39999389648438,189.60000610351562,189.60000610351562,184.43008422851562,37632
BRG,BRG.OL,2025-10-08,189.60000610351562,190.8000030517578,188.60000610351562,190.0,184.8191680908203,26699
BRG,BRG.OL,2025-10-09,192.0,192.39999389648438,189.8000030517578,190.39999389648438,185.208251953125,66406
BRG,BRG.OL,2025-10-10,192.60000610351562,192.60000610351562,190.0,191.0,185.79190063476562,21749
BRG,BRG.OL,2025-10-13,190.0,193.0,190.0,193.0,187.73736572265625,42136
BRG,BRG.OL,2025-10-14,193.0,193.0,189.39999389648438,191.60000610351562,186.37554931640625,56959
BRG,BRG.OL,2025-10-15,192.1999969482422,195.0,192.0,192.0,186.76463317871094,41179
BRG,BRG.OL,2025-10-16,191.39999389648438,193.1999969482422,191.39999389648438,191.60000610351562,186.37554931640625,33041
BRG,BRG.OL,2025-10-17,191.39999389648438,194.0,189.60000610351562,192.8000030517578,187.54283142089844,37817
BRG,BRG.OL,2025-10-20,191.8000030517578,195.60000610351562,191.8000030517578,195.1999969482422,189.87738037109375,31294
BRG,BRG.OL,2025-10-21,196.0,196.60000610351562,195.0,195.39999389648438,190.07191467285156,48778
BRG,BRG.OL,2025-10-22,189.0,190.0,184.8000030517578,189.39999389648438,184.2355194091797,170535
BRG,BRG.OL,2025-10-23,195.0,195.0,187.1999969482422,187.8000030517578,182.67916870117188,105290
BRG,BRG.OL,2025-10-24,187.0,187.8000030517578,184.1999969482422,185.60000610351562,180.53915405273438,72447
BRG,BRG.OL,2025-10-27,184.8000030517578,185.39999389648438,184.0,185.39999389648438,180.34458923339844,96732
BRG,BRG.OL,2025-10-28,185.0,185.0,183.0,183.39999389648438,178.3991241455078,29728
BRG,BRG.OL,2025-10-29,184.0,188.0,183.1999969482422,188.0,182.8737030029297,41604
BRG,BRG.OL,2025-10-30,187.60000610351562,190.1999969482422,186.1999969482422,190.1999969482422,185.0137176513672,90296
BRG,BRG.OL,2025-10-31,195.0,195.0,190.8000030517578,192.0,186.76463317871094,85541
BRG,BRG.OL,2025-11-03,190.39999389648438,191.0,189.60000610351562,191.0,185.79190063476562,42799
BRG,BRG.OL,2025-11-04,190.0,191.0,190.0,190.60000610351562,185.40281677246094,38741
BRG,BRG.OL,2025-11-05,190.0,191.60000610351562,190.0,191.0,185.79190063476562,29254
BRG,BRG.OL,2025-11-06,190.60000610351562,191.0,183.8000030517578,184.60000610351562,179.56642150878906,94565
BRG,BRG.OL,2025-11-07,185.60000610351562,186.8000030517578,182.1999969482422,183.39999389648438,178.3991241455078,113640
BRG,BRG.OL,2025-11-10,184.1999969482422,184.39999389648438,183.39999389648438,184.0,178.98277282714844,55706
BRG,BRG.OL,2025-11-11,184.0,186.60000610351562,182.1999969482422,186.60000610351562,181.5118865966797,219379
BRG,BRG.OL,2025-11-12,186.0,190.0,186.0,190.0,184.8191680908203,43734
BRG,BRG.OL,2025-11-13,190.0,190.39999389648438,188.1999969482422,189.0,183.846435546875,26520
BRG,BRG.OL,2025-11-14,185.0,190.0,184.8000030517578,186.39999389648438,181.31732177734375,105454
BRG,BRG.OL,2025-11-17,188.0,188.60000610351562,184.1999969482422,185.39999389648438,180.34458923339844,23421
BRG,BRG.OL,2025-11-18,185.0,185.0,180.39999389648438,180.39999389648438,175.48094177246094,42930
BRG,BRG.OL,2025-11-19,180.60000610351562,185.0,180.60000610351562,185.0,179.95550537109375,124391
BRG,BRG.OL,2025-11-20,185.0,186.8000030517578,184.1999969482422,186.60000610351562,181.5118865966797,25682
BRG,BRG.OL,2025-11-21,187.0,187.0,182.60000610351562,184.8000030517578,179.76097106933594,45653
BRG,BRG.OL,2025-11-24,184.0,187.0,184.0,186.0,180.92823791503906,22574
BRG,BRG.OL,2025-11-25,185.0,188.60000610351562,184.39999389648438,188.39999389648438,183.26278686523438,76404
BRG,BRG.OL,2025-11-26,188.39999389648438,190.0,187.1999969482422,189.0,183.846435546875,45512
BRG,BRG.OL,2025-11-27,186.0,190.0,186.0,190.0,184.8191680908203,31041
BRG,BRG.OL,2025-11-28,189.60000610351562,191.1999969482422,189.60000610351562,190.0,184.8191680908203,35075
BRG,BRG.OL,2025-12-01,189.0,192.39999389648438,188.60000610351562,192.0,186.76463317871094,24100
BRG,BRG.OL,2025-12-02,193.0,194.60000610351562,191.60000610351562,194.0,188.71009826660156,47120
BRG,BRG.OL,2025-12-03,194.39999389648438,194.39999389648438,189.60000610351562,190.8000030517578,185.5973663330078,44297
BRG,BRG.OL,2025-12-04,190.8000030517578,193.0,190.8000030517578,192.1999969482422,186.9591827392578,71191
BRG,BRG.OL,2025-12-05,192.60000610351562,194.39999389648438,191.39999389648438,192.0,186.76463317871094,27626
BRG,BRG.OL,2025-12-08,194.1999969482422,194.1999969482422,189.60000610351562,191.8000030517578,186.57009887695312,145659
BRG,BRG.OL,2025-12-09,191.8000030517578,191.8000030517578,189.60000610351562,190.0,184.8191680908203,123429
BRG,BRG.OL,2025-12-10,190.0,190.39999389648438,188.60000610351562,190.0,184.8191680908203,80137
BRG,BRG.OL,2025-12-11,190.60000610351562,191.0,188.1999969482422,188.1999969482422,183.06825256347656,190671
BRG,BRG.OL,2025-12-12,185.1999969482422,192.60000610351562,185.1999969482422,192.39999389648438,187.15371704101562,58070
BRG,BRG.OL,2025-12-15,194.0,194.39999389648438,192.39999389648438,193.39999389648438,188.12644958496094,49890
BRG,BRG.OL,2025-12-16,194.60000610351562,194.60000610351562,192.8000030517578,194.0,188.71009826660156,35418
BRG,BRG.OL,2025-12-17,194.60000610351562,197.60000610351562,193.39999389648438,197.60000610351562,192.21194458007812,65691
BRG,BRG.OL,2025-12-18,197.8000030517578,197.8000030517578,192.8000030517578,194.60000610351562,189.2937469482422,80100
BRG,BRG.OL,2025-12-19,195.60000610351562,196.8000030517578,193.60000610351562,193.8000030517578,188.51556396484375,81004
BRG,BRG.OL,2025-12-22,193.8000030517578,195.8000030517578,193.8000030517578,193.8000030517578,188.51556396484375,31626
BRG,BRG.OL,2025-12-23,194.8000030517578,196.0,192.60000610351562,196.0,190.6555633544922,39372
BRG,BRG.OL,2025-12-29,196.0,198.1999969482422,195.39999389648438,197.60000610351562,192.21194458007812,37091
BRG,BRG.OL,2025-12-30,198.39999389648438,200.5,197.39999389648438,199.39999389648438,193.9628448486328,38770
BRG,BRG.OL,2026-01-02,199.39999389648438,199.39999389648438,196.60000610351562,196.60000610351562,191.2392120361328,20696
BRG,BRG.OL,2026-01-05,197.0,198.60000610351562,194.0,195.60000610351562,190.2664794921875,80497
BRG,BRG.OL,2026-01-06,196.0,197.8000030517578,194.8000030517578,197.1999969482422,191.82284545898438,57536
BRG,BRG.OL,2026-01-07,198.0,198.60000610351562,196.60000610351562,197.8000030517578,192.406494140625,40353
BRG,BRG.OL,2026-01-08,197.8000030517578,199.0,195.1999969482422,195.1999969482422,189.87738037109375,35779
BRG,BRG.OL,2026-01-09,196.39999389648438,197.0,195.0,196.0,190.6555633544922,53093
BRG,BRG.OL,2026-01-12,195.60000610351562,196.1999969482422,194.1999969482422,194.8000030517578,189.48829650878906,33656
BRG,BRG.OL,2026-01-13,195.60000610351562,197.60000610351562,194.60000610351562,196.60000610351562,191.2392120361328,909562
BRG,BRG.OL,2026-01-14,196.0,200.5,196.0,198.39999389648438,192.9901123046875,94872
BRG,BRG.OL,2026-01-15,198.1999969482422,200.5,197.0,199.60000610351562,194.15740966796875,49855
BRG,BRG.OL,2026-01-16,199.8000030517578,200.5,198.1999969482422,198.1999969482422,192.7955780029297,36013
BRG,BRG.OL,2026-01-19,195.39999389648438,198.8000030517578,195.39999389648438,196.39999389648438,191.04464721679688,39560
BRG,BRG.OL,2026-01-20,194.0,196.0,194.0,195.0,189.68283081054688,52656
BRG,BRG.OL,2026-01-21,195.0,195.0,192.39999389648438,194.8000030517578,189.48829650878906,83029
BRG,BRG.OL,2026-01-22,195.1999969482422,197.60000610351562,195.1999969482422,196.39999389648438,191.04464721679688,30527
BRG,BRG.OL,2026-01-23,196.60000610351562,198.0,195.60000610351562,197.0,191.6282958984375,32380
BRG,BRG.OL,2026-01-26,197.39999389648438,198.0,196.1999969482422,197.39999389648438,192.0173797607422,44513
BRG,BRG.OL,2026-01-27,196.0,196.1999969482422,190.0,193.0,187.73736572265625,43660
BRG,BRG.OL,2026-01-28,193.8000030517578,197.60000610351562,193.60000610351562,194.60000610351562,189.2937469482422,44238
BRG,BRG.OL,2026-01-29,195.8000030517578,196.39999389648438,191.60000610351562,192.1999969482422,186.9591827392578,48730
BRG,BRG.OL,2026-01-30,192.39999389648438,193.8000030517578,191.60000610351562,193.8000030517578,188.51556396484375,44000
BRG,BRG.OL,2026-02-02,193.0,193.0,190.39999389648438,190.39999389648438,185.208251953125,33511
BRG,BRG.OL,2026-02-03,191.8000030517578,193.60000610351562,190.60000610351562,193.39999389648438,188.12644958496094,45448
BRG,BRG.OL,2026-02-04,183.60000610351562,185.0,178.0,181.60000610351562,176.64822387695312,505852
BRG,BRG.OL,2026-02-05,181.0,181.0,171.39999389648438,171.39999389648438,166.72634887695312,247066
BRG,BRG.OL,2026-02-06,171.39999389648438,173.0,168.1999969482422,172.60000610351562,167.8936309814453,625236
BRG,BRG.OL,2026-02-09,173.60000610351562,176.39999389648438,173.60000610351562,176.0,171.20091247558594,244460
BRG,BRG.OL,2026-02-10,177.0,178.8000030517578,173.1999969482422,175.0,170.22817993164062,108734
BRG,BRG.OL,2026-02-11,175.60000610351562,178.0,174.0,174.0,169.2554473876953,135800
BRG,BRG.OL,2026-02-12,175.0,176.0,172.8000030517578,172.8000030517578,168.0881805419922,142665
BRG,BRG.OL,2026-02-13,172.8000030517578,174.39999389648438,171.8000030517578,173.0,168.28271484375,144780
BRG,BRG.OL,2026-02-16,173.1999969482422,176.39999389648438,173.0,176.0,171.20091247558594,66802
BRG,BRG.OL,2026-02-17,176.60000610351562,179.39999389648438,176.0,176.1999969482422,171.3954620361328,69202
BRG,BRG.OL,2026-02-18,176.1999969482422,177.39999389648438,174.8000030517578,175.60000610351562,170.81182861328125,57759
BRG,BRG.OL,2026-02-19,175.60000610351562,176.39999389648438,174.1999969482422,175.39999389648438,170.61727905273438,116523
BRG,BRG.OL,2026-02-20,176.0,180.39999389648438,175.60000610351562,179.39999389648438,174.50820922851562,118036
BRG,BRG.OL,2026-02-23,180.0,180.0,175.0,176.1999969482422,171.3954620361328,94296
BRG,BRG.OL,2026-02-24,176.39999389648438,178.1999969482422,176.39999389648438,176.60000610351562,171.78456115722656,44200
BRG,BRG.OL,2026-02-25,177.39999389648438,177.39999389648438,175.0,176.0,171.20091247558594,74364
BRG,BRG.OL,2026-02-26,176.0,177.8000030517578,175.60000610351562,176.0,171.20091247558594,73933
BRG,BRG.OL,2026-02-27,176.39999389648438,177.39999389648438,176.0,176.8000030517578,171.97911071777344,79486
BRG,BRG.OL,2026-03-02,176.39999389648438,177.0,175.0,175.39999389648438,170.61727905273438,95420
BRG,BRG.OL,2026-03-03,170.8000030517578,174.39999389648438,169.1999969482422,172.0,167.3099822998047,125954
BRG,BRG.OL,2026-03-04,172.8000030517578,174.39999389648438,171.60000610351562,174.1999969482422,169.4499969482422,69596
BRG,BRG.OL,2026-03-05,175.8000030517578,175.8000030517578,172.8000030517578,172.8000030517578,168.0881805419922,65477
BRG,BRG.OL,2026-03-06,172.8000030517578,173.8000030517578,172.1999969482422,173.1999969482422,168.47726440429688,334935
BRG,BRG.OL,2026-03-09,169.60000610351562,172.0,168.60000610351562,170.0,165.36451721191406,186247
BRG,BRG.OL,2026-03-10,171.0,171.0,169.1999969482422,169.60000610351562,164.97543334960938,137146
BRG,BRG.OL,2026-03-11,169.1999969482422,170.0,168.1999969482422,169.8000030517578,165.16998291015625,90468
BRG,BRG.OL,2026-03-12,168.8000030517578,172.0,168.8000030517578,171.39999389648438,166.72634887695312,80269
BRG,BRG.OL,2026-03-13,171.60000610351562,172.1999969482422,170.1999969482422,170.60000610351562,165.9481658935547,151550
BRG,BRG.OL,2026-03-16,170.39999389648438,171.60000610351562,170.0,170.1999969482422,165.55906677246094,182119
BRG,BRG.OL,2026-03-17,170.39999389648438,170.60000610351562,168.60000610351562,170.0,165.36451721191406,118005
BRG,BRG.OL,2026-03-18,170.0,171.8000030517578,167.60000610351562,167.60000610351562,163.02996826171875,183679
BRG,BRG.OL,2026-03-19,167.60000610351562,168.1999969482422,164.0,164.0,159.5281219482422,266291
BRG,BRG.OL,2026-03-20,164.8000030517578,166.0,163.8000030517578,163.8000030517578,159.33358764648438,332082
BRG,BRG.OL,2026-03-23,162.8000030517578,166.60000610351562,159.8000030517578,165.60000610351562,161.08450317382812,166064
BRG,BRG.OL,2026-03-24,165.1999969482422,167.0,163.60000610351562,166.0,161.4735870361328,87833
BRG,BRG.OL,2026-03-25,170.0,170.0,166.39999389648438,168.0,163.41905212402344,99554
BRG,BRG.OL,2026-03-26,168.0,171.60000610351562,167.8000030517578,170.8000030517578,166.14271545410156,75170
BRG,BRG.OL,2026-03-27,170.8000030517578,170.8000030517578,167.8000030517578,168.0,163.41905212402344,185223
BRG,BRG.OL,2026-03-30,168.0,172.1999969482422,167.8000030517578,171.0,166.33724975585938,114404
BRG,BRG.OL,2026-03-31,174.1999969482422,179.39999389648438,174.1999969482422,174.8000030517578,170.0336456298828,101987
BRG,BRG.OL,2026-04-01,175.0,176.0,173.1999969482422,175.1999969482422,170.4227294921875,60423
BRG,BRG.OL,2026-04-07,175.39999389648438,176.1999969482422,173.60000610351562,173.8000030517578,169.0609130859375,129954
BRG,BRG.OL,2026-04-08,176.60000610351562,176.60000610351562,174.0,174.60000610351562,169.83909606933594,79872
BRG,BRG.OL,2026-04-09,175.60000610351562,177.0,175.1999969482422,175.60000610351562,170.81182861328125,87115
BRG,BRG.OL,2026-04-10,176.60000610351562,177.39999389648438,175.1999969482422,176.60000610351562,171.78456115722656,84713
BRG,BRG.OL,2026-04-13,177.0,177.8000030517578,175.1999969482422,175.60000610351562,170.81182861328125,96964
BRG,BRG.OL,2026-04-14,175.8000030517578,177.60000610351562,174.0,176.60000610351562,171.78456115722656,138701
BRG,BRG.OL,2026-04-15,177.39999389648438,177.39999389648438,174.1999969482422,174.1999969482422,169.4499969482422,58248
BRG,BRG.OL,2026-04-16,175.0,175.60000610351562,174.0,174.1999969482422,169.4499969482422,51564
BRG,BRG.OL,2026-04-17,169.0,171.60000610351562,169.0,171.1999969482422,171.1999969482422,73717
BRG,BRG.OL,2026-04-20,170.8000030517578,171.39999389648438,169.1999969482422,170.1999969482422,170.1999969482422,63457
BRG,BRG.OL,2026-04-21,170.60000610351562,171.1999969482422,169.8000030517578,170.39999389648438,170.39999389648438,60973
BRG,BRG.OL,2026-04-22,170.8000030517578,171.39999389648438,170.1999969482422,170.60000610351562,170.60000610351562,32254
BRG,BRG.OL,2026-04-23,170.60000610351562,170.60000610351562,166.60000610351562,166.8000030517578,166.8000030517578,62214
BRG,BRG.OL,2026-04-24,167.60000610351562,171.60000610351562,167.0,169.1999969482422,169.1999969482422,51709
BRG,BRG.OL,2026-04-27,169.60000610351562,169.60000610351562,165.39999389648438,166.1999969482422,166.1999969482422,160233
BRG,BRG.OL,2026-04-28,166.0,167.8000030517578,165.0,166.60000610351562,166.60000610351562,172181
BRG,BRG.OL,2026-04-29,156.1999969482422,156.1999969482422,142.0,151.0,151.0,1298291
BRG,BRG.OL,2026-04-30,151.39999389648438,153.39999389648438,149.60000610351562,152.39999389648438,152.39999389648438,266333
BRG,BRG.OL,2026-05-04,152.0,154.39999389648438,149.0,149.0,149.0,213400
BRG,BRG.OL,2026-05-05,149.39999389648438,152.8000030517578,147.60000610351562,147.8000030517578,147.8000030517578,133887
BRG,BRG.OL,2026-05-06,148.39999389648438,152.0,147.60000610351562,149.0,149.0,476792
BRG,BRG.OL,2026-05-07,150.0,150.39999389648438,147.0,147.0,147.0,86492
BRG,BRG.OL,2026-05-08,146.60000610351562,148.0,146.39999389648438,146.8000030517578,146.8000030517578,128951
BRG,BRG.OL,2026-05-11,147.1999969482422,147.60000610351562,146.39999389648438,146.39999389648438,146.39999389648438,22647
