ticker,yahoo_symbol,date,open,high,low,close,adj_close,volume
DNB,DNB.OL,2000-01-03,31.336055755615234,31.620927810668945,30.861265182495117,31.24109649658203,11.186863899230957,920605
DNB,DNB.OL,2000-01-04,30.481435775756836,30.95622444152832,29.91168975830078,30.196561813354492,10.812838554382324,1007804
DNB,DNB.OL,2000-01-05,29.91168975830078,30.00664710998535,29.057069778442383,29.246984481811523,10.472808837890625,1583258
DNB,DNB.OL,2000-01-06,29.436899185180664,29.91168975830078,28.96211051940918,28.96211051940918,10.370803833007812,1754422
DNB,DNB.OL,2000-01-07,29.91168975830078,29.91168975830078,28.582279205322266,28.77219581604004,10.302797317504883,2236527
DNB,DNB.OL,2000-01-10,29.152027130126953,29.246984481811523,28.67723846435547,29.152027130126953,10.438807487487793,2198987
DNB,DNB.OL,2000-01-11,29.057069778442383,29.057069778442383,28.582279205322266,28.67723846435547,10.268795013427734,1378287
DNB,DNB.OL,2000-01-12,28.67723846435547,28.86715316772461,28.582279205322266,28.77219581604004,10.302797317504883,1325762
DNB,DNB.OL,2000-01-13,28.67723846435547,29.341941833496094,28.67723846435547,29.152027130126953,10.438807487487793,730964
DNB,DNB.OL,2000-01-14,29.152027130126953,30.101604461669922,28.96211051940918,29.91168975830078,10.710827827453613,2659850
DNB,DNB.OL,2000-01-17,30.00664710998535,30.101604461669922,29.436899185180664,29.91168975830078,10.710827827453613,786762
DNB,DNB.OL,2000-01-18,29.721773147583008,30.196561813354492,29.721773147583008,30.00664710998535,10.744832992553711,2161132
DNB,DNB.OL,2000-01-19,29.91168975830078,30.291519165039062,29.91168975830078,30.101604461669922,10.778831481933594,1020613
DNB,DNB.OL,2000-01-20,30.196561813354492,31.05118179321289,29.531858444213867,29.626815795898438,10.608821868896484,2555771
DNB,DNB.OL,2000-01-21,30.576393127441406,30.576393127441406,29.246984481811523,29.341941833496094,10.506814002990723,2282591
DNB,DNB.OL,2000-01-24,29.91168975830078,29.91168975830078,29.246984481811523,29.531858444213867,10.57481861114502,2288885
DNB,DNB.OL,2000-01-25,29.436899185180664,29.436899185180664,28.86715316772461,28.96211051940918,10.370803833007812,1728554
DNB,DNB.OL,2000-01-26,29.341941833496094,29.341941833496094,28.77219581604004,28.77219581604004,10.302797317504883,1190318
DNB,DNB.OL,2000-01-27,28.96211051940918,29.057069778442383,28.582279205322266,28.67723846435547,10.268795013427734,3015288
DNB,DNB.OL,2000-01-28,28.77219581604004,29.057069778442383,28.487323760986328,28.77219581604004,10.302797317504883,1480855
DNB,DNB.OL,2000-01-31,28.77219581604004,28.77219581604004,28.297407150268555,28.297407150268555,10.132784843444824,1122393
DNB,DNB.OL,2000-02-01,28.67723846435547,28.96211051940918,28.392364501953125,28.67723846435547,10.268795013427734,1067882
DNB,DNB.OL,2000-02-02,28.67723846435547,28.96211051940918,28.487323760986328,28.77219581604004,10.302797317504883,2431231
DNB,DNB.OL,2000-02-03,28.86715316772461,28.96211051940918,28.487323760986328,28.582279205322266,10.234790802001953,1740760
DNB,DNB.OL,2000-02-04,28.67723846435547,28.77219581604004,28.01253318786621,28.297407150268555,10.132784843444824,2235332
DNB,DNB.OL,2000-02-07,28.67723846435547,28.67723846435547,27.82261848449707,28.202449798583984,10.098780632019043,2163217
DNB,DNB.OL,2000-02-08,28.01253318786621,28.487323760986328,27.7276611328125,28.01253318786621,10.030776023864746,887516
DNB,DNB.OL,2000-02-09,28.202449798583984,28.202449798583984,27.347829818725586,27.537744522094727,9.860761642456055,2191116
DNB,DNB.OL,2000-02-10,27.252872467041016,28.487323760986328,27.252872467041016,27.91757583618164,9.996773719787598,1859144
DNB,DNB.OL,2000-02-11,28.77219581604004,28.96211051940918,28.01253318786621,28.582279205322266,10.234790802001953,1076321
DNB,DNB.OL,2000-02-14,28.107492446899414,28.67723846435547,28.107492446899414,28.202449798583984,10.098780632019043,1231417
DNB,DNB.OL,2000-02-15,28.86715316772461,29.057069778442383,27.91757583618164,28.107492446899414,10.064779281616211,2432400
DNB,DNB.OL,2000-02-16,28.487323760986328,28.77219581604004,28.202449798583984,28.582279205322266,10.234790802001953,1551278
DNB,DNB.OL,2000-02-17,28.582279205322266,29.341941833496094,28.487323760986328,29.057069778442383,10.404805183410645,2826625
DNB,DNB.OL,2000-02-18,29.436899185180664,29.531858444213867,28.96211051940918,29.057069778442383,10.404805183410645,2375797
DNB,DNB.OL,2000-02-21,28.96211051940918,29.246984481811523,28.582279205322266,29.057069778442383,10.404805183410645,1447937
DNB,DNB.OL,2000-02-22,29.152027130126953,29.91168975830078,29.152027130126953,29.816730499267578,10.676827430725098,2546261
DNB,DNB.OL,2000-02-23,30.101604461669922,30.766307830810547,30.00664710998535,30.386478424072266,10.880843162536621,3729249
DNB,DNB.OL,2000-02-24,30.861265182495117,31.05118179321289,29.531858444213867,30.386478424072266,10.880843162536621,1699923
DNB,DNB.OL,2000-02-25,30.386478424072266,30.671350479125977,28.487323760986328,28.487323760986328,10.200789451599121,2818059
DNB,DNB.OL,2000-02-28,28.582279205322266,28.86715316772461,28.392364501953125,28.67723846435547,10.268795013427734,1707522
DNB,DNB.OL,2000-02-29,28.96211051940918,28.96211051940918,27.7276611328125,28.86715316772461,10.336796760559082,2097581
DNB,DNB.OL,2000-03-01,28.67723846435547,28.77219581604004,28.202449798583984,28.77219581604004,10.302797317504883,1376576
DNB,DNB.OL,2000-03-02,28.96211051940918,28.96211051940918,28.107492446899414,28.392364501953125,10.166787147521973,989213
DNB,DNB.OL,2000-03-03,28.96211051940918,29.436899185180664,28.582279205322266,29.057069778442383,10.404805183410645,1925636
DNB,DNB.OL,2000-03-06,29.152027130126953,29.436899185180664,28.67723846435547,28.96211051940918,10.370803833007812,1268137
DNB,DNB.OL,2000-03-07,28.86715316772461,31.24109649658203,28.67723846435547,31.05118179321289,11.118860244750977,4482385
DNB,DNB.OL,2000-03-08,30.671350479125977,31.620927810668945,30.671350479125977,31.05118179321289,11.118860244750977,5929445
DNB,DNB.OL,2000-03-09,30.861265182495117,32.00075912475586,30.861265182495117,31.715885162353516,11.356881141662598,4368802
DNB,DNB.OL,2000-03-10,31.81084442138672,32.190673828125,31.05118179321289,31.431013107299805,11.254871368408203,1210103
DNB,DNB.OL,2000-03-13,31.431013107299805,31.431013107299805,31.431013107299805,31.431013107299805,11.254871368408203,0
DNB,DNB.OL,2000-03-14,30.861265182495117,30.861265182495117,30.291519165039062,30.481435775756836,10.914844512939453,678302
DNB,DNB.OL,2000-03-15,30.196561813354492,30.386478424072266,29.626815795898438,29.816730499267578,10.676827430725098,2396335
DNB,DNB.OL,2000-03-16,30.386478424072266,30.386478424072266,29.152027130126953,29.436899185180664,10.540816307067871,1610854
DNB,DNB.OL,2000-03-17,30.101604461669922,30.101604461669922,28.96211051940918,29.152027130126953,10.438807487487793,2190316
DNB,DNB.OL,2000-03-20,29.436899185180664,29.816730499267578,29.246984481811523,29.626815795898438,10.608821868896484,1051010
DNB,DNB.OL,2000-03-21,29.626815795898438,30.196561813354492,29.436899185180664,29.436899185180664,10.540816307067871,2243330
DNB,DNB.OL,2000-03-22,29.531858444213867,29.721773147583008,29.246984481811523,29.531858444213867,10.57481861114502,1405325
DNB,DNB.OL,2000-03-23,29.626815795898438,29.91168975830078,29.341941833496094,29.816730499267578,10.676827430725098,1790613
DNB,DNB.OL,2000-03-24,29.91168975830078,29.91168975830078,29.246984481811523,29.246984481811523,10.472808837890625,631878
DNB,DNB.OL,2000-03-27,29.91168975830078,29.91168975830078,29.341941833496094,29.531858444213867,10.57481861114502,333232
DNB,DNB.OL,2000-03-28,29.626815795898438,29.626815795898438,29.436899185180664,29.531858444213867,10.57481861114502,661526
DNB,DNB.OL,2000-03-29,29.531858444213867,29.626815795898438,28.96211051940918,29.057069778442383,10.404805183410645,1016833
DNB,DNB.OL,2000-03-30,28.96211051940918,29.436899185180664,28.77219581604004,28.96211051940918,10.370803833007812,138377
DNB,DNB.OL,2000-03-31,29.436899185180664,30.861265182495117,29.436899185180664,30.766307830810547,11.016851425170898,2339526
DNB,DNB.OL,2000-04-03,30.766307830810547,30.861265182495117,29.91168975830078,30.196561813354492,10.812838554382324,1158646
DNB,DNB.OL,2000-04-04,30.196561813354492,30.766307830810547,30.00664710998535,30.101604461669922,10.778831481933594,1571385
DNB,DNB.OL,2000-04-05,30.00664710998535,30.386478424072266,29.531858444213867,29.721773147583008,10.642824172973633,1670850
DNB,DNB.OL,2000-04-06,29.531858444213867,29.91168975830078,29.436899185180664,29.816730499267578,10.676827430725098,866591
DNB,DNB.OL,2000-04-07,29.91168975830078,30.386478424072266,29.816730499267578,30.291519165039062,10.846839904785156,527275
DNB,DNB.OL,2000-04-10,30.386478424072266,30.386478424072266,29.721773147583008,29.816730499267578,10.676827430725098,2238270
DNB,DNB.OL,2000-04-11,29.816730499267578,30.196561813354492,29.626815795898438,30.00664710998535,10.744832992553711,536127
DNB,DNB.OL,2000-04-12,29.91168975830078,30.291519165039062,29.531858444213867,30.291519165039062,10.846839904785156,341085
DNB,DNB.OL,2000-04-13,30.101604461669922,30.861265182495117,29.91168975830078,30.671350479125977,10.982851028442383,890899
DNB,DNB.OL,2000-04-14,30.766307830810547,31.336055755615234,30.576393127441406,31.05118179321289,11.118860244750977,1166748
DNB,DNB.OL,2000-04-17,28.487323760986328,30.671350479125977,28.487323760986328,30.671350479125977,10.982851028442383,937067
DNB,DNB.OL,2000-04-18,30.95622444152832,31.14613914489746,30.291519165039062,31.05118179321289,11.118860244750977,3183458
DNB,DNB.OL,2000-04-19,31.336055755615234,31.525970458984375,31.14613914489746,31.24109649658203,11.186863899230957,643291
DNB,DNB.OL,2000-04-20,31.24109649658203,31.24109649658203,31.24109649658203,31.24109649658203,11.186863899230957,0
DNB,DNB.OL,2000-04-21,31.24109649658203,31.24109649658203,31.24109649658203,31.24109649658203,11.186863899230957,0
DNB,DNB.OL,2000-04-24,31.24109649658203,31.24109649658203,31.24109649658203,31.24109649658203,11.186863899230957,0
DNB,DNB.OL,2000-04-25,31.14613914489746,31.525970458984375,31.14613914489746,31.431013107299805,11.254871368408203,5535827
DNB,DNB.OL,2000-04-26,31.431013107299805,31.431013107299805,30.671350479125977,31.24109649658203,11.186863899230957,1849496
DNB,DNB.OL,2000-04-27,30.766307830810547,31.336055755615234,30.386478424072266,30.95622444152832,11.084858894348145,1368808
DNB,DNB.OL,2000-04-28,29.91168975830078,30.196561813354492,29.341941833496094,29.91168975830078,10.710827827453613,2195381
DNB,DNB.OL,2000-05-01,29.91168975830078,29.91168975830078,29.91168975830078,29.91168975830078,10.710827827453613,0
DNB,DNB.OL,2000-05-02,29.91168975830078,30.576393127441406,29.341941833496094,30.386478424072266,10.880843162536621,6400243
DNB,DNB.OL,2000-05-03,30.196561813354492,30.386478424072266,29.91168975830078,30.101604461669922,10.778831481933594,544646
DNB,DNB.OL,2000-05-04,29.626815795898438,30.291519165039062,29.626815795898438,30.196561813354492,10.812838554382324,800461
DNB,DNB.OL,2000-05-05,30.386478424072266,30.576393127441406,30.101604461669922,30.196561813354492,10.812838554382324,2029997
DNB,DNB.OL,2000-05-08,30.196561813354492,30.196561813354492,30.196561813354492,30.196561813354492,10.812838554382324,0
DNB,DNB.OL,2000-05-09,30.196561813354492,30.196561813354492,30.196561813354492,30.196561813354492,10.812838554382324,0
DNB,DNB.OL,2000-05-10,30.196561813354492,30.196561813354492,30.196561813354492,30.196561813354492,10.812838554382324,0
DNB,DNB.OL,2000-05-11,30.576393127441406,31.14613914489746,30.576393127441406,30.861265182495117,11.050853729248047,927149
DNB,DNB.OL,2000-05-12,30.861265182495117,30.95622444152832,30.386478424072266,30.671350479125977,10.982851028442383,410536
DNB,DNB.OL,2000-05-15,30.671350479125977,30.671350479125977,30.671350479125977,30.671350479125977,10.982851028442383,0
DNB,DNB.OL,2000-05-16,30.766307830810547,30.766307830810547,30.101604461669922,30.291519165039062,10.846839904785156,1170232
DNB,DNB.OL,2000-05-17,30.291519165039062,30.291519165039062,30.291519165039062,30.291519165039062,10.846839904785156,0
DNB,DNB.OL,2000-05-18,30.386478424072266,30.671350479125977,30.291519165039062,30.576393127441406,10.948847770690918,2446547
DNB,DNB.OL,2000-05-19,30.671350479125977,30.766307830810547,29.91168975830078,30.101604461669922,10.778831481933594,3326682
DNB,DNB.OL,2000-05-22,30.101604461669922,30.196561813354492,29.626815795898438,29.721773147583008,10.642824172973633,936922
DNB,DNB.OL,2000-05-23,30.386478424072266,31.14613914489746,30.101604461669922,30.386478424072266,10.880843162536621,2733587
DNB,DNB.OL,2000-05-24,30.481435775756836,31.05118179321289,30.00664710998535,30.766307830810547,11.016851425170898,2622363
DNB,DNB.OL,2000-05-25,30.766307830810547,30.766307830810547,30.291519165039062,30.671350479125977,10.982851028442383,727112
DNB,DNB.OL,2000-05-26,30.481435775756836,30.481435775756836,30.196561813354492,30.386478424072266,10.880843162536621,1673740
DNB,DNB.OL,2000-05-29,30.386478424072266,30.386478424072266,30.386478424072266,30.386478424072266,10.880843162536621,0
DNB,DNB.OL,2000-05-30,30.291519165039062,30.386478424072266,29.816730499267578,30.196561813354492,10.812838554382324,884963
DNB,DNB.OL,2000-05-31,30.196561813354492,30.386478424072266,30.00664710998535,30.196561813354492,10.812838554382324,806066
DNB,DNB.OL,2000-06-01,30.196561813354492,30.196561813354492,30.196561813354492,30.196561813354492,10.812838554382324,0
DNB,DNB.OL,2000-06-02,30.671350479125977,31.24109649658203,30.671350479125977,31.14613914489746,11.152862548828125,2034896
DNB,DNB.OL,2000-06-05,30.861265182495117,31.14613914489746,30.576393127441406,30.861265182495117,11.050853729248047,301122
DNB,DNB.OL,2000-06-06,30.861265182495117,30.861265182495117,30.00664710998535,30.00664710998535,10.744832992553711,656544
DNB,DNB.OL,2000-06-07,30.386478424072266,31.14613914489746,30.00664710998535,30.95622444152832,11.084858894348145,975400
DNB,DNB.OL,2000-06-08,31.14613914489746,31.81084442138672,31.14613914489746,31.525970458984375,11.288873672485352,1448748
DNB,DNB.OL,2000-06-09,31.525970458984375,32.2856330871582,31.24109649658203,32.2856330871582,11.560894966125488,1362368
DNB,DNB.OL,2000-06-12,32.2856330871582,32.2856330871582,32.2856330871582,32.2856330871582,11.560894966125488,0
DNB,DNB.OL,2000-06-13,32.2856330871582,33.709999084472656,31.620927810668945,33.520084381103516,12.002928733825684,2475953
DNB,DNB.OL,2000-06-14,33.23521041870117,33.23521041870117,31.81084442138672,32.76042175292969,11.730910301208496,1976929
DNB,DNB.OL,2000-06-15,32.95033645629883,33.42512512207031,32.855377197265625,32.95033645629883,11.798912048339844,1320028
DNB,DNB.OL,2000-06-16,32.76042175292969,33.14025115966797,32.665462493896484,32.95033645629883,11.798912048339844,710896
DNB,DNB.OL,2000-06-19,32.95033645629883,32.95033645629883,32.95033645629883,32.95033645629883,11.798912048339844,0
DNB,DNB.OL,2000-06-20,32.855377197265625,34.469661712646484,32.76042175292969,34.37470245361328,12.308955192565918,1679999
DNB,DNB.OL,2000-06-21,34.27974319458008,34.659576416015625,33.8999137878418,34.469661712646484,12.342954635620117,1528329
DNB,DNB.OL,2000-06-22,34.37470245361328,34.37470245361328,33.709999084472656,34.18478775024414,12.240948677062988,723895
DNB,DNB.OL,2000-06-23,34.18478775024414,34.37470245361328,33.804954528808594,34.37470245361328,12.308955192565918,690234
DNB,DNB.OL,2000-06-26,34.08982849121094,34.27974319458008,33.709999084472656,33.709999084472656,12.070934295654297,958157
DNB,DNB.OL,2000-06-27,33.23521041870117,33.709999084472656,33.23521041870117,33.709999084472656,12.070934295654297,892932
DNB,DNB.OL,2000-06-28,33.709999084472656,33.804954528808594,33.520084381103516,33.61503982543945,12.036930084228516,629279
DNB,DNB.OL,2000-06-29,33.23521041870117,33.804954528808594,33.23521041870117,33.61503982543945,12.036930084228516,1045899
DNB,DNB.OL,2000-06-30,33.61503982543945,34.18478775024414,33.520084381103516,33.804954528808594,12.104936599731445,1220954
DNB,DNB.OL,2000-07-03,33.8999137878418,34.56461715698242,33.804954528808594,34.56461715698242,12.376956939697266,237170
DNB,DNB.OL,2000-07-04,34.56461715698242,34.56461715698242,34.08982849121094,34.08982849121094,12.206947326660156,101768
DNB,DNB.OL,2000-07-05,34.18478775024414,34.18478775024414,33.61503982543945,33.709999084472656,12.070934295654297,700254
DNB,DNB.OL,2000-07-06,33.709999084472656,33.994873046875,33.23521041870117,33.520084381103516,12.002928733825684,1530798
DNB,DNB.OL,2000-07-07,33.520084381103516,33.520084381103516,33.520084381103516,33.520084381103516,12.002928733825684,0
DNB,DNB.OL,2000-07-10,33.709999084472656,33.994873046875,33.61503982543945,33.8999137878418,12.138940811157227,193353
DNB,DNB.OL,2000-07-11,33.709999084472656,33.994873046875,33.709999084472656,33.994873046875,12.172943115234375,610145
DNB,DNB.OL,2000-07-12,34.18478775024414,34.849491119384766,33.994873046875,34.659576416015625,12.410962104797363,684315
DNB,DNB.OL,2000-07-13,34.659576416015625,35.22932052612305,34.659576416015625,35.22932052612305,12.614974975585938,1091982
DNB,DNB.OL,2000-07-14,35.13436508178711,35.89402770996094,34.75453567504883,35.13436508178711,12.580974578857422,403545
DNB,DNB.OL,2000-07-17,35.039405822753906,35.41923904418945,34.18478775024414,34.659576416015625,12.410962104797363,724050
DNB,DNB.OL,2000-07-18,35.13436508178711,35.13436508178711,34.18478775024414,34.18478775024414,12.240948677062988,1992764
DNB,DNB.OL,2000-07-19,34.37470245361328,34.37470245361328,33.61503982543945,33.8999137878418,12.138940811157227,465418
DNB,DNB.OL,2000-07-20,33.8999137878418,33.994873046875,33.520084381103516,33.804954528808594,12.104936599731445,518515
DNB,DNB.OL,2000-07-21,33.994873046875,33.994873046875,33.8999137878418,33.8999137878418,12.138940811157227,259373
DNB,DNB.OL,2000-07-24,33.8999137878418,33.8999137878418,33.8999137878418,33.8999137878418,12.138940811157227,0
DNB,DNB.OL,2000-07-25,33.709999084472656,34.659576416015625,33.709999084472656,34.18478775024414,12.240948677062988,276552
DNB,DNB.OL,2000-07-26,34.18478775024414,34.469661712646484,33.994873046875,34.37470245361328,12.308955192565918,264738
DNB,DNB.OL,2000-07-27,34.37470245361328,34.37470245361328,34.37470245361328,34.37470245361328,12.308955192565918,0
DNB,DNB.OL,2000-07-28,34.27974319458008,34.56461715698242,34.18478775024414,34.37470245361328,12.308955192565918,384674
DNB,DNB.OL,2000-07-31,34.37470245361328,34.659576416015625,34.18478775024414,34.659576416015625,12.410962104797363,417782
DNB,DNB.OL,2000-08-01,34.659576416015625,35.32427978515625,34.37470245361328,35.13436508178711,12.580974578857422,711188
DNB,DNB.OL,2000-08-02,34.94445037841797,35.039405822753906,34.659576416015625,34.75453567504883,12.444965362548828,555931
DNB,DNB.OL,2000-08-03,34.94445037841797,35.32427978515625,34.849491119384766,35.039405822753906,12.546971321105957,589575
DNB,DNB.OL,2000-08-04,35.13436508178711,35.32427978515625,34.659576416015625,34.94445037841797,12.512969017028809,543768
DNB,DNB.OL,2000-08-07,34.849491119384766,36.843605041503906,34.849491119384766,36.08394241333008,12.921000480651855,1533761
DNB,DNB.OL,2000-08-08,36.27385711669922,36.46377182006836,35.70410919189453,35.70410919189453,12.784987449645996,452005
DNB,DNB.OL,2000-08-09,36.17890167236328,37.50830841064453,36.17890167236328,37.31839370727539,13.363033294677734,7514615
DNB,DNB.OL,2000-08-10,37.50830841064453,38.173011779785156,36.843605041503906,37.69822311401367,13.49904727935791,2319558
DNB,DNB.OL,2000-08-11,37.603267669677734,38.742759704589844,37.603267669677734,38.4578857421875,13.77106761932373,5319408
DNB,DNB.OL,2000-08-14,38.3629264831543,39.88225173950195,37.983097076416016,39.312503814697266,14.0770902633667,5301309
DNB,DNB.OL,2000-08-15,39.88225173950195,39.88225173950195,39.40746307373047,39.88225173950195,14.281102180480957,1594907
DNB,DNB.OL,2000-08-16,39.40746307373047,39.69233703613281,38.932674407958984,39.50242233276367,14.145095825195312,1628940
DNB,DNB.OL,2000-08-17,39.312503814697266,39.40746307373047,38.55284118652344,38.932674407958984,13.941078186035156,632061
DNB,DNB.OL,2000-08-18,39.122589111328125,40.64191436767578,39.122589111328125,40.35704040527344,14.451118469238281,2428287
DNB,DNB.OL,2000-08-21,40.072166442871094,40.35704040527344,39.40746307373047,39.88225173950195,14.281102180480957,1405432
DNB,DNB.OL,2000-08-22,39.78729248046875,39.78729248046875,37.983097076416016,38.26797103881836,13.7030611038208,1528737
DNB,DNB.OL,2000-08-23,37.983097076416016,38.4578857421875,36.938560485839844,37.983097076416016,13.601052284240723,860296
DNB,DNB.OL,2000-08-24,37.793182373046875,38.932674407958984,37.50830841064453,37.88813781738281,13.567047119140625,2269827
DNB,DNB.OL,2000-08-25,37.88813781738281,37.983097076416016,37.22343444824219,37.50830841064453,13.431042671203613,631279
DNB,DNB.OL,2000-08-28,37.69822311401367,37.88813781738281,37.31839370727539,37.50830841064453,13.431042671203613,1719685
DNB,DNB.OL,2000-08-29,37.50830841064453,37.983097076416016,37.22343444824219,37.69822311401367,13.49904727935791,885484
DNB,DNB.OL,2000-08-30,37.69822311401367,38.26797103881836,37.41334915161133,37.983097076416016,13.601052284240723,460454
DNB,DNB.OL,2000-08-31,37.983097076416016,39.122589111328125,37.983097076416016,39.122589111328125,14.009082794189453,712234
DNB,DNB.OL,2000-09-01,38.932674407958984,39.122589111328125,38.26797103881836,39.122589111328125,14.009082794189453,878619
DNB,DNB.OL,2000-09-04,38.932674407958984,38.932674407958984,37.983097076416016,38.07805633544922,13.63505744934082,539959
DNB,DNB.OL,2000-09-05,37.50830841064453,37.793182373046875,37.03351974487305,37.50830841064453,13.431042671203613,1084377
DNB,DNB.OL,2000-09-06,37.128475189208984,37.69822311401367,36.7486457824707,36.843605041503906,13.193022727966309,3491745
DNB,DNB.OL,2000-09-07,37.03351974487305,37.31839370727539,36.55873107910156,36.843605041503906,13.193022727966309,1138243
DNB,DNB.OL,2000-09-08,36.843605041503906,37.03351974487305,36.27385711669922,36.653690338134766,13.125016212463379,1139181
DNB,DNB.OL,2000-09-11,36.46377182006836,37.31839370727539,36.46377182006836,37.128475189208984,13.295027732849121,208471
DNB,DNB.OL,2000-09-12,37.03351974487305,37.03351974487305,36.27385711669922,36.46377182006836,13.05700969696045,353775
DNB,DNB.OL,2000-09-13,36.653690338134766,36.653690338134766,36.17890167236328,36.55873107910156,13.091012954711914,1432606
DNB,DNB.OL,2000-09-14,36.55873107910156,37.22343444824219,36.55873107910156,36.938560485839844,13.22702407836914,1487986
DNB,DNB.OL,2000-09-15,36.7486457824707,36.843605041503906,36.55873107910156,36.843605041503906,13.193022727966309,304168
DNB,DNB.OL,2000-09-18,36.653690338134766,37.03351974487305,36.08394241333008,36.843605041503906,13.193022727966309,352876
DNB,DNB.OL,2000-09-19,36.7486457824707,37.603267669677734,36.653690338134766,37.603267669677734,13.465044021606445,2390002
DNB,DNB.OL,2000-09-20,37.41334915161133,37.50830841064453,36.653690338134766,37.41334915161133,13.397035598754883,641196
DNB,DNB.OL,2000-09-21,37.31839370727539,37.41334915161133,36.938560485839844,37.22343444824219,13.329029083251953,1021741
DNB,DNB.OL,2000-09-22,36.938560485839844,37.22343444824219,36.55873107910156,37.03351974487305,13.26102352142334,1289712
DNB,DNB.OL,2000-09-25,37.03351974487305,37.128475189208984,36.17890167236328,36.27385711669922,12.989004135131836,1393968
DNB,DNB.OL,2000-09-26,36.27385711669922,37.128475189208984,36.27385711669922,37.03351974487305,13.26102352142334,1456318
DNB,DNB.OL,2000-09-27,37.03351974487305,37.31839370727539,36.938560485839844,37.22343444824219,13.329029083251953,1330296
DNB,DNB.OL,2000-09-28,37.22343444824219,37.50830841064453,37.03351974487305,37.50830841064453,13.431042671203613,695920
DNB,DNB.OL,2000-09-29,37.603267669677734,37.603267669677734,36.7486457824707,37.50830841064453,13.431042671203613,1135983
DNB,DNB.OL,2000-10-02,37.50830841064453,37.88813781738281,37.31839370727539,37.69822311401367,13.49904727935791,357164
DNB,DNB.OL,2000-10-03,37.69822311401367,38.07805633544922,37.603267669677734,37.983097076416016,13.601052284240723,1087894
DNB,DNB.OL,2000-10-04,37.50830841064453,37.88813781738281,37.50830841064453,37.50830841064453,13.431042671203613,362204
DNB,DNB.OL,2000-10-05,37.22343444824219,37.88813781738281,37.22343444824219,37.88813781738281,13.567047119140625,153853
DNB,DNB.OL,2000-10-06,37.22343444824219,38.173011779785156,37.22343444824219,38.173011779785156,13.669058799743652,706700
DNB,DNB.OL,2000-10-09,37.603267669677734,37.88813781738281,37.50830841064453,37.603267669677734,13.465044021606445,282978
DNB,DNB.OL,2000-10-10,37.603267669677734,37.983097076416016,37.41334915161133,37.603267669677734,13.465044021606445,511067
DNB,DNB.OL,2000-10-11,37.41334915161133,37.793182373046875,36.46377182006836,36.938560485839844,13.22702407836914,1503998
DNB,DNB.OL,2000-10-12,36.938560485839844,37.22343444824219,36.36881637573242,36.843605041503906,13.193022727966309,1682905
DNB,DNB.OL,2000-10-13,36.55873107910156,36.843605041503906,35.799068450927734,36.08394241333008,12.921000480651855,1611882
DNB,DNB.OL,2000-10-16,37.03351974487305,37.22343444824219,35.89402770996094,36.36881637573242,13.023009300231934,587126
DNB,DNB.OL,2000-10-17,36.46377182006836,36.46377182006836,35.13436508178711,35.51419448852539,12.716983795166016,2042926
DNB,DNB.OL,2000-10-18,35.32427978515625,35.609153747558594,34.659576416015625,34.659576416015625,12.410962104797363,1049810
DNB,DNB.OL,2000-10-19,35.22932052612305,35.89402770996094,34.849491119384766,35.51419448852539,12.716983795166016,1628929
DNB,DNB.OL,2000-10-20,35.799068450927734,35.799068450927734,35.13436508178711,35.609153747558594,12.750986099243164,673534
DNB,DNB.OL,2000-10-23,35.609153747558594,36.08394241333008,35.22932052612305,35.988983154296875,12.886998176574707,434931
DNB,DNB.OL,2000-10-24,36.08394241333008,36.653690338134766,35.799068450927734,36.653690338134766,13.125016212463379,1197690
DNB,DNB.OL,2000-10-25,36.938560485839844,36.938560485839844,36.08394241333008,36.55873107910156,13.091012954711914,750666
DNB,DNB.OL,2000-10-26,36.55873107910156,36.843605041503906,36.36881637573242,36.36881637573242,13.023009300231934,250142
DNB,DNB.OL,2000-10-27,36.55873107910156,36.7486457824707,36.17890167236328,36.7486457824707,13.159018516540527,181683
DNB,DNB.OL,2000-10-30,36.938560485839844,37.128475189208984,36.55873107910156,37.128475189208984,13.295027732849121,275061
DNB,DNB.OL,2000-10-31,37.128475189208984,37.128475189208984,37.128475189208984,37.128475189208984,13.295027732849121,0
DNB,DNB.OL,2000-11-01,38.3629264831543,38.3629264831543,37.50830841064453,37.983097076416016,13.601052284240723,750869
DNB,DNB.OL,2000-11-02,38.173011779785156,38.3629264831543,37.793182373046875,37.983097076416016,13.601052284240723,1963542
DNB,DNB.OL,2000-11-03,37.983097076416016,39.69233703613281,37.983097076416016,39.69233703613281,14.213096618652344,1765388
DNB,DNB.OL,2000-11-06,39.40746307373047,39.88225173950195,38.932674407958984,39.21754837036133,14.043088912963867,700606
DNB,DNB.OL,2000-11-07,38.932674407958984,39.69233703613281,38.742759704589844,39.40746307373047,14.111089706420898,895424
DNB,DNB.OL,2000-11-08,39.122589111328125,41.876365661621094,39.122589111328125,41.306617736816406,14.791149139404297,2172666
DNB,DNB.OL,2000-11-09,41.306617736816406,41.97132110595703,40.83182907104492,41.59149169921875,14.893152236938477,1801454
DNB,DNB.OL,2000-11-10,41.68644714355469,41.68644714355469,40.64191436767578,40.83182907104492,14.621131896972656,1391444
DNB,DNB.OL,2000-11-13,39.88225173950195,40.64191436767578,39.88225173950195,40.35704040527344,14.451118469238281,561411
DNB,DNB.OL,2000-11-14,40.35704040527344,40.736873626708984,40.1671257019043,40.35704040527344,14.451118469238281,352866
DNB,DNB.OL,2000-11-15,40.072166442871094,41.2116584777832,40.072166442871094,41.2116584777832,14.7571439743042,1321490
DNB,DNB.OL,2000-11-16,40.54695510864258,41.68644714355469,40.54695510864258,41.306617736816406,14.791149139404297,1130786
DNB,DNB.OL,2000-11-17,41.306617736816406,41.59149169921875,41.116703033447266,41.306617736816406,14.791149139404297,1969656
DNB,DNB.OL,2000-11-20,41.306617736816406,41.40157699584961,41.116703033447266,41.116703033447266,14.723139762878418,1033820
DNB,DNB.OL,2000-11-21,41.116703033447266,41.40157699584961,41.116703033447266,41.40157699584961,14.825148582458496,903996
DNB,DNB.OL,2000-11-22,40.83182907104492,41.116703033447266,40.35704040527344,40.45199966430664,14.485121726989746,1425474
DNB,DNB.OL,2000-11-23,40.262081146240234,41.02174377441406,40.262081146240234,41.02174377441406,14.689135551452637,324608
DNB,DNB.OL,2000-11-24,41.02174377441406,41.40157699584961,40.54695510864258,41.306617736816406,14.791149139404297,239174
DNB,DNB.OL,2000-11-27,41.2116584777832,42.35115432739258,41.2116584777832,41.49653244018555,14.859148025512695,750062
DNB,DNB.OL,2000-11-28,41.49653244018555,42.636024475097656,41.40157699584961,42.636024475097656,15.267183303833008,1889521
DNB,DNB.OL,2000-11-29,42.066280364990234,43.30073165893555,41.876365661621094,42.446109771728516,15.199173927307129,2548712
DNB,DNB.OL,2000-11-30,42.256195068359375,42.256195068359375,40.54695510864258,40.54695510864258,14.519121170043945,1573012
DNB,DNB.OL,2000-12-01,40.83182907104492,42.636024475097656,40.83182907104492,42.636024475097656,15.267183303833008,1292592
DNB,DNB.OL,2000-12-04,42.256195068359375,42.636024475097656,40.54695510864258,40.54695510864258,14.519121170043945,1163816
DNB,DNB.OL,2000-12-05,41.306617736816406,41.40157699584961,40.736873626708984,40.736873626708984,14.587130546569824,1479574
DNB,DNB.OL,2000-12-06,41.306617736816406,41.306617736816406,40.64191436767578,41.116703033447266,14.723139762878418,1941508
DNB,DNB.OL,2000-12-07,41.02174377441406,41.40157699584961,40.83182907104492,41.306617736816406,14.791149139404297,3245580
DNB,DNB.OL,2000-12-08,41.306617736816406,41.68644714355469,41.306617736816406,41.49653244018555,14.859148025512695,1573843
DNB,DNB.OL,2000-12-11,41.68644714355469,43.11081314086914,41.49653244018555,42.82594299316406,15.335184097290039,906447
DNB,DNB.OL,2000-12-12,42.73098373413086,44.15534973144531,42.256195068359375,43.30073165893555,15.505199432373047,925911
DNB,DNB.OL,2000-12-13,43.205772399902344,43.68056106567383,42.73098373413086,43.68056106567383,15.641209602355957,881540
DNB,DNB.OL,2000-12-14,43.58560562133789,44.15534973144531,43.0158576965332,43.395687103271484,15.539203643798828,2744062
DNB,DNB.OL,2000-12-15,43.49064636230469,43.96543502807617,42.9208984375,43.77552032470703,15.675215721130371,1003972
DNB,DNB.OL,2000-12-18,42.73098373413086,44.15534973144531,42.73098373413086,43.87047576904297,15.709216117858887,713137
DNB,DNB.OL,2000-12-19,43.68056106567383,44.440223693847656,43.68056106567383,44.15534973144531,15.811223983764648,1403086
DNB,DNB.OL,2000-12-20,44.15534973144531,44.250308990478516,43.30073165893555,43.30073165893555,15.505199432373047,1215225
DNB,DNB.OL,2000-12-21,43.205772399902344,43.68056106567383,42.54106903076172,43.49064636230469,15.57320785522461,2704219
DNB,DNB.OL,2000-12-22,44.34526443481445,44.6301383972168,43.0158576965332,43.77552032470703,15.675215721130371,1529881
DNB,DNB.OL,2000-12-25,43.77552032470703,43.77552032470703,43.77552032470703,43.77552032470703,15.675215721130371,0
DNB,DNB.OL,2000-12-26,43.77552032470703,43.77552032470703,43.77552032470703,43.77552032470703,15.675215721130371,0
DNB,DNB.OL,2000-12-27,43.77552032470703,45.009971618652344,43.77552032470703,44.72509765625,16.015239715576172,203038
DNB,DNB.OL,2000-12-28,44.6301383972168,45.199886322021484,44.6301383972168,45.199886322021484,16.18524932861328,466651
DNB,DNB.OL,2000-12-29,45.199886322021484,45.579715728759766,45.10492706298828,45.10492706298828,16.1512508392334,415789
DNB,DNB.OL,2001-01-01,45.10492706298828,45.10492706298828,45.10492706298828,45.10492706298828,16.1512508392334,0
DNB,DNB.OL,2001-01-02,45.29484176635742,45.579715728759766,45.10492706298828,45.199886322021484,16.18524932861328,519167
DNB,DNB.OL,2001-01-03,45.48476028442383,45.48476028442383,43.87047576904297,43.87047576904297,15.709216117858887,860603
DNB,DNB.OL,2001-01-04,44.6301383972168,44.82005310058594,44.060394287109375,44.440223693847656,15.913229942321777,717537
DNB,DNB.OL,2001-01-05,44.535179138183594,45.579715728759766,44.535179138183594,44.82005310058594,16.04924201965332,2050958
DNB,DNB.OL,2001-01-08,44.72509765625,45.199886322021484,44.060394287109375,44.82005310058594,16.04924201965332,552465
DNB,DNB.OL,2001-01-09,44.82005310058594,44.82005310058594,43.68056106567383,44.15534973144531,15.811223983764648,603368
DNB,DNB.OL,2001-01-10,44.15534973144531,44.440223693847656,43.77552032470703,43.96543502807617,15.743221282958984,1018185
DNB,DNB.OL,2001-01-11,43.77552032470703,44.060394287109375,43.58560562133789,43.68056106567383,15.641209602355957,732479
DNB,DNB.OL,2001-01-12,43.68056106567383,44.250308990478516,41.78140640258789,42.446109771728516,15.199173927307129,2013702
DNB,DNB.OL,2001-01-15,42.446109771728516,42.446109771728516,41.59149169921875,41.68644714355469,14.927156448364258,1814139
DNB,DNB.OL,2001-01-16,41.97132110595703,41.97132110595703,40.54695510864258,41.116703033447266,14.723139762878418,1397676
DNB,DNB.OL,2001-01-17,41.78140640258789,41.78140640258789,41.116703033447266,41.306617736816406,14.791149139404297,1709363
DNB,DNB.OL,2001-01-18,41.02174377441406,41.2116584777832,40.45199966430664,40.736873626708984,14.587130546569824,2020992
DNB,DNB.OL,2001-01-19,41.306617736816406,41.97132110595703,41.116703033447266,41.59149169921875,14.893152236938477,1414988
DNB,DNB.OL,2001-01-22,41.59149169921875,41.78140640258789,41.2116584777832,41.40157699584961,14.825148582458496,1870120
DNB,DNB.OL,2001-01-23,41.59149169921875,41.59149169921875,41.116703033447266,41.306617736816406,14.791149139404297,1435196
DNB,DNB.OL,2001-01-24,41.306617736816406,41.306617736816406,41.306617736816406,41.306617736816406,14.791149139404297,0
DNB,DNB.OL,2001-01-25,39.88225173950195,40.35704040527344,39.312503814697266,39.78729248046875,14.247103691101074,1740634
DNB,DNB.OL,2001-01-26,39.78729248046875,39.78729248046875,39.78729248046875,39.78729248046875,14.247103691101074,0
DNB,DNB.OL,2001-01-29,40.54695510864258,40.54695510864258,39.69233703613281,40.072166442871094,14.349108695983887,1233270
DNB,DNB.OL,2001-01-30,40.45199966430664,41.02174377441406,39.977210998535156,40.926788330078125,14.655133247375488,1978231
DNB,DNB.OL,2001-01-31,41.306617736816406,41.306617736816406,40.54695510864258,40.83182907104492,14.621131896972656,1441495
DNB,DNB.OL,2001-02-01,40.83182907104492,41.306617736816406,40.35704040527344,41.306617736816406,14.791149139404297,1233675
DNB,DNB.OL,2001-02-02,41.2116584777832,41.306617736816406,40.926788330078125,41.02174377441406,14.689135551452637,1250530
DNB,DNB.OL,2001-02-05,41.2116584777832,41.78140640258789,41.116703033447266,41.59149169921875,14.893152236938477,2545964
DNB,DNB.OL,2001-02-06,41.78140640258789,42.35115432739258,41.40157699584961,42.35115432739258,15.16517162322998,846603
DNB,DNB.OL,2001-02-07,42.35115432739258,43.49064636230469,42.35115432739258,43.49064636230469,15.57320785522461,3377382
DNB,DNB.OL,2001-02-08,43.49064636230469,43.58560562133789,43.205772399902344,43.49064636230469,15.57320785522461,1450649
DNB,DNB.OL,2001-02-09,43.30073165893555,43.68056106567383,43.11081314086914,43.49064636230469,15.57320785522461,778614
DNB,DNB.OL,2001-02-12,43.30073165893555,43.30073165893555,42.82594299316406,43.205772399902344,15.471198081970215,689798
DNB,DNB.OL,2001-02-13,43.395687103271484,43.395687103271484,42.446109771728516,42.54106903076172,15.233181953430176,2210074
DNB,DNB.OL,2001-02-14,42.636024475097656,42.82594299316406,42.16123962402344,42.636024475097656,15.267183303833008,1565104
DNB,DNB.OL,2001-02-15,42.73098373413086,43.68056106567383,42.73098373413086,43.30073165893555,15.505199432373047,1745029
DNB,DNB.OL,2001-02-16,43.30073165893555,43.68056106567383,43.11081314086914,43.68056106567383,15.641209602355957,1375478
DNB,DNB.OL,2001-02-19,43.58560562133789,44.060394287109375,43.49064636230469,43.58560562133789,15.607208251953125,1250130
DNB,DNB.OL,2001-02-20,43.58560562133789,43.58560562133789,43.11081314086914,43.58560562133789,15.607208251953125,761075
DNB,DNB.OL,2001-02-21,43.49064636230469,44.34526443481445,43.205772399902344,43.30073165893555,15.505199432373047,1056095
DNB,DNB.OL,2001-02-22,43.30073165893555,44.15534973144531,43.30073165893555,43.77552032470703,15.675215721130371,682761
DNB,DNB.OL,2001-02-23,43.49064636230469,44.15534973144531,43.205772399902344,43.68056106567383,15.641209602355957,504283
DNB,DNB.OL,2001-02-26,43.49064636230469,43.68056106567383,43.205772399902344,43.395687103271484,15.539203643798828,643730
DNB,DNB.OL,2001-02-27,43.58560562133789,43.58560562133789,43.11081314086914,43.30073165893555,15.505199432373047,647537
DNB,DNB.OL,2001-02-28,43.205772399902344,43.30073165893555,42.82594299316406,43.11081314086914,15.437193870544434,709786
DNB,DNB.OL,2001-03-01,43.11081314086914,43.11081314086914,41.97132110595703,42.066280364990234,15.063165664672852,795406
DNB,DNB.OL,2001-03-02,42.066280364990234,42.066280364990234,40.83182907104492,41.306617736816406,14.791149139404297,1422872
DNB,DNB.OL,2001-03-05,41.59149169921875,41.97132110595703,41.306617736816406,41.97132110595703,15.029162406921387,1608607
DNB,DNB.OL,2001-03-06,42.73098373413086,43.0158576965332,42.35115432739258,42.54106903076172,15.233181953430176,1505266
DNB,DNB.OL,2001-03-07,42.54106903076172,42.54106903076172,42.066280364990234,42.54106903076172,15.233181953430176,1285707
DNB,DNB.OL,2001-03-08,42.73098373413086,42.73098373413086,42.16123962402344,42.446109771728516,15.199173927307129,634166
DNB,DNB.OL,2001-03-09,41.97132110595703,42.636024475097656,41.97132110595703,42.636024475097656,15.267183303833008,767191
DNB,DNB.OL,2001-03-12,42.54106903076172,42.54106903076172,41.306617736816406,41.78140640258789,14.96115493774414,744879
DNB,DNB.OL,2001-03-13,40.926788330078125,41.2116584777832,40.83182907104492,41.116703033447266,14.723139762878418,829669
DNB,DNB.OL,2001-03-14,41.116703033447266,41.116703033447266,41.116703033447266,41.116703033447266,14.723139762878418,0
DNB,DNB.OL,2001-03-15,39.88225173950195,41.306617736816406,38.932674407958984,41.306617736816406,14.791149139404297,8552375
DNB,DNB.OL,2001-03-16,40.83182907104492,40.83182907104492,39.40746307373047,39.40746307373047,14.111089706420898,738114
DNB,DNB.OL,2001-03-19,39.88225173950195,40.35704040527344,39.50242233276367,39.69233703613281,14.213096618652344,1156846
DNB,DNB.OL,2001-03-20,39.78729248046875,39.88225173950195,39.312503814697266,39.40746307373047,14.111089706420898,741696
DNB,DNB.OL,2001-03-21,39.40746307373047,40.35704040527344,38.932674407958984,40.35704040527344,14.451118469238281,950375
DNB,DNB.OL,2001-03-22,40.35704040527344,40.45199966430664,39.40746307373047,40.35704040527344,14.451118469238281,2500570
DNB,DNB.OL,2001-03-23,40.35704040527344,41.2116584777832,40.35704040527344,41.116703033447266,14.723139762878418,2863829
DNB,DNB.OL,2001-03-26,40.83182907104492,41.68644714355469,40.83182907104492,41.68644714355469,14.927156448364258,1059815
DNB,DNB.OL,2001-03-27,41.68644714355469,41.68644714355469,40.83182907104492,41.02174377441406,14.689135551452637,1089693
DNB,DNB.OL,2001-03-28,40.83182907104492,40.83182907104492,40.54695510864258,40.64191436767578,14.553126335144043,1140555
DNB,DNB.OL,2001-03-29,40.35704040527344,40.35704040527344,39.40746307373047,39.40746307373047,14.111089706420898,1734215
DNB,DNB.OL,2001-03-30,39.88225173950195,39.88225173950195,39.122589111328125,39.312503814697266,14.0770902633667,1826205
DNB,DNB.OL,2001-04-02,39.69233703613281,41.78140640258789,39.69233703613281,41.78140640258789,14.96115493774414,120347006
DNB,DNB.OL,2001-04-03,40.83182907104492,41.59149169921875,40.35704040527344,41.40157699584961,14.825148582458496,5267180
DNB,DNB.OL,2001-04-04,40.83182907104492,41.306617736816406,40.736873626708984,41.2116584777832,14.7571439743042,8677486
DNB,DNB.OL,2001-04-05,41.116703033447266,41.40157699584961,40.926788330078125,41.306617736816406,14.791149139404297,2788497
DNB,DNB.OL,2001-04-06,41.116703033447266,41.40157699584961,40.83182907104492,41.40157699584961,14.825148582458496,3085636
DNB,DNB.OL,2001-04-09,40.83182907104492,41.49653244018555,40.64191436767578,41.306617736816406,14.791149139404297,1150022
DNB,DNB.OL,2001-04-10,41.40157699584961,41.68644714355469,41.306617736816406,41.68644714355469,14.927156448364258,736011
DNB,DNB.OL,2001-04-11,41.59149169921875,42.446109771728516,41.49653244018555,42.446109771728516,15.199173927307129,979888
DNB,DNB.OL,2001-04-12,42.446109771728516,42.446109771728516,42.446109771728516,42.446109771728516,15.199173927307129,0
DNB,DNB.OL,2001-04-13,42.446109771728516,42.446109771728516,42.446109771728516,42.446109771728516,15.199173927307129,0
DNB,DNB.OL,2001-04-16,42.446109771728516,42.446109771728516,42.446109771728516,42.446109771728516,15.199173927307129,0
DNB,DNB.OL,2001-04-17,42.636024475097656,42.636024475097656,41.306617736816406,41.59149169921875,14.893152236938477,1123648
DNB,DNB.OL,2001-04-18,41.68644714355469,41.876365661621094,41.2116584777832,41.306617736816406,14.791149139404297,793461
DNB,DNB.OL,2001-04-19,41.40157699584961,41.49653244018555,41.116703033447266,41.306617736816406,14.791149139404297,958410
DNB,DNB.OL,2001-04-20,41.02174377441406,41.78140640258789,41.02174377441406,41.78140640258789,14.96115493774414,866288
DNB,DNB.OL,2001-04-23,41.78140640258789,41.78140640258789,41.116703033447266,41.306617736816406,14.791149139404297,584845
DNB,DNB.OL,2001-04-24,41.40157699584961,41.49653244018555,40.83182907104492,41.306617736816406,14.791149139404297,562279
DNB,DNB.OL,2001-04-25,41.306617736816406,41.49653244018555,41.2116584777832,41.49653244018555,14.859148025512695,609953
DNB,DNB.OL,2001-04-26,41.68644714355469,41.68644714355469,41.116703033447266,41.306617736816406,14.791149139404297,1262826
DNB,DNB.OL,2001-04-27,39.312503814697266,39.312503814697266,37.88813781738281,37.983097076416016,13.601052284240723,2446469
DNB,DNB.OL,2001-04-30,38.83771514892578,38.83771514892578,37.69822311401367,37.983097076416016,13.601052284240723,4407595
DNB,DNB.OL,2001-05-01,37.983097076416016,37.983097076416016,37.983097076416016,37.983097076416016,13.601052284240723,0
DNB,DNB.OL,2001-05-02,37.983097076416016,38.173011779785156,37.603267669677734,37.88813781738281,13.567047119140625,1961640
DNB,DNB.OL,2001-05-03,37.88813781738281,38.07805633544922,37.03351974487305,37.88813781738281,13.567047119140625,1741108
DNB,DNB.OL,2001-05-04,38.173011779785156,38.26797103881836,38.173011779785156,38.07805633544922,13.63505744934082,982998
DNB,DNB.OL,2001-05-07,38.07805633544922,38.07805633544922,38.07805633544922,38.07805633544922,13.63505744934082,0
DNB,DNB.OL,2001-05-08,37.983097076416016,38.07805633544922,37.88813781738281,37.983097076416016,13.601052284240723,1067944
DNB,DNB.OL,2001-05-09,38.4578857421875,38.55284118652344,37.88813781738281,37.88813781738281,13.567047119140625,3739363
DNB,DNB.OL,2001-05-10,38.3629264831543,38.83771514892578,38.07805633544922,38.64780044555664,13.839069366455078,3181322
DNB,DNB.OL,2001-05-11,38.64780044555664,40.736873626708984,38.64780044555664,40.54695510864258,14.519121170043945,6212341
DNB,DNB.OL,2001-05-14,40.54695510864258,40.54695510864258,39.78729248046875,39.78729248046875,14.247103691101074,2349823
DNB,DNB.OL,2001-05-15,39.78729248046875,40.54695510864258,39.59737777709961,40.35704040527344,14.451118469238281,2728654
DNB,DNB.OL,2001-05-16,40.1671257019043,40.926788330078125,39.88225173950195,40.736873626708984,14.587130546569824,1660211
DNB,DNB.OL,2001-05-17,40.736873626708984,40.736873626708984,40.736873626708984,40.736873626708984,14.587130546569824,0
DNB,DNB.OL,2001-05-18,40.64191436767578,41.306617736816406,40.1671257019043,40.262081146240234,14.417116165161133,2709428
DNB,DNB.OL,2001-05-21,39.02763366699219,39.977210998535156,38.4578857421875,39.88225173950195,14.281102180480957,5894435
DNB,DNB.OL,2001-05-22,39.78729248046875,39.78729248046875,38.742759704589844,38.83771514892578,13.907075881958008,2564009
DNB,DNB.OL,2001-05-23,38.64780044555664,38.64780044555664,37.50830841064453,37.603267669677734,13.465044021606445,7277428
DNB,DNB.OL,2001-05-24,37.603267669677734,37.603267669677734,37.603267669677734,37.603267669677734,13.465044021606445,0
DNB,DNB.OL,2001-05-25,37.983097076416016,37.983097076416016,36.938560485839844,37.50830841064453,13.431042671203613,4115674
DNB,DNB.OL,2001-05-28,37.22343444824219,37.50830841064453,37.22343444824219,37.31839370727539,13.363033294677734,1009975
DNB,DNB.OL,2001-05-29,37.22343444824219,37.41334915161133,36.46377182006836,37.03351974487305,13.26102352142334,3955571
DNB,DNB.OL,2001-05-30,36.843605041503906,37.128475189208984,36.55873107910156,36.7486457824707,13.159018516540527,5941271
DNB,DNB.OL,2001-05-31,36.55873107910156,37.69822311401367,36.55873107910156,37.603267669677734,13.465044021606445,17209263
DNB,DNB.OL,2001-06-01,37.983097076416016,37.983097076416016,37.22343444824219,37.41334915161133,13.397035598754883,955168
DNB,DNB.OL,2001-06-04,37.41334915161133,37.41334915161133,37.41334915161133,37.41334915161133,13.397035598754883,0
DNB,DNB.OL,2001-06-05,37.50830841064453,38.07805633544922,37.31839370727539,37.793182373046875,13.533049583435059,2492794
DNB,DNB.OL,2001-06-06,37.88813781738281,38.173011779785156,37.793182373046875,37.983097076416016,13.601052284240723,2539911
DNB,DNB.OL,2001-06-07,37.983097076416016,38.07805633544922,37.793182373046875,38.07805633544922,13.63505744934082,1403495
DNB,DNB.OL,2001-06-08,37.793182373046875,37.983097076416016,37.603267669677734,37.88813781738281,13.567047119140625,1722385
DNB,DNB.OL,2001-06-11,37.793182373046875,37.88813781738281,37.31839370727539,37.31839370727539,13.363033294677734,627447
DNB,DNB.OL,2001-06-12,37.41334915161133,37.41334915161133,36.938560485839844,37.22343444824219,13.329029083251953,964240
DNB,DNB.OL,2001-06-13,37.128475189208984,37.69822311401367,37.128475189208984,37.69822311401367,13.49904727935791,338422
DNB,DNB.OL,2001-06-14,37.603267669677734,37.603267669677734,37.22343444824219,37.22343444824219,13.329029083251953,985366
DNB,DNB.OL,2001-06-15,37.50830841064453,37.88813781738281,37.22343444824219,37.793182373046875,13.533049583435059,1006816
DNB,DNB.OL,2001-06-18,37.03351974487305,37.50830841064453,36.938560485839844,37.03351974487305,13.26102352142334,944638
DNB,DNB.OL,2001-06-19,37.128475189208984,37.31839370727539,36.7486457824707,37.22343444824219,13.329029083251953,2617569
DNB,DNB.OL,2001-06-20,36.938560485839844,38.26797103881836,36.938560485839844,38.07805633544922,13.63505744934082,2311851
DNB,DNB.OL,2001-06-21,37.983097076416016,38.26797103881836,37.793182373046875,37.793182373046875,13.533049583435059,1732219
DNB,DNB.OL,2001-06-22,37.69822311401367,38.173011779785156,37.50830841064453,37.88813781738281,13.567047119140625,1078960
DNB,DNB.OL,2001-06-25,37.69822311401367,38.4578857421875,37.128475189208984,38.26797103881836,13.7030611038208,2758064
DNB,DNB.OL,2001-06-26,38.26797103881836,38.26797103881836,37.603267669677734,38.07805633544922,13.63505744934082,1867420
DNB,DNB.OL,2001-06-27,37.88813781738281,38.3629264831543,37.88813781738281,38.3629264831543,13.737062454223633,1228459
DNB,DNB.OL,2001-06-28,38.26797103881836,39.21754837036133,38.26797103881836,39.122589111328125,14.009082794189453,1928948
DNB,DNB.OL,2001-06-29,38.932674407958984,39.21754837036133,38.4578857421875,38.4578857421875,13.77106761932373,2208053
DNB,DNB.OL,2001-07-02,38.55284118652344,38.932674407958984,38.3629264831543,38.4578857421875,13.77106761932373,1675922
DNB,DNB.OL,2001-07-03,38.4578857421875,38.932674407958984,38.4578857421875,38.83771514892578,13.907075881958008,665772
DNB,DNB.OL,2001-07-04,38.742759704589844,38.742759704589844,38.26797103881836,38.55284118652344,13.805068016052246,571686
DNB,DNB.OL,2001-07-05,38.55284118652344,38.742759704589844,38.26797103881836,38.55284118652344,13.805068016052246,1324551
DNB,DNB.OL,2001-07-06,38.55284118652344,38.64780044555664,38.4578857421875,38.64780044555664,13.839069366455078,1818988
DNB,DNB.OL,2001-07-09,38.55284118652344,38.64780044555664,38.3629264831543,38.3629264831543,13.737062454223633,1679741
DNB,DNB.OL,2001-07-10,38.932674407958984,39.312503814697266,38.55284118652344,38.83771514892578,13.907075881958008,4009123
DNB,DNB.OL,2001-07-11,38.83771514892578,39.02763366699219,38.4578857421875,38.932674407958984,13.941078186035156,2031255
DNB,DNB.OL,2001-07-12,39.122589111328125,39.78729248046875,38.83771514892578,39.69233703613281,14.213096618652344,1820101
DNB,DNB.OL,2001-07-13,39.69233703613281,39.69233703613281,39.69233703613281,39.69233703613281,14.213096618652344,0
DNB,DNB.OL,2001-07-16,39.50242233276367,39.50242233276367,39.02763366699219,39.21754837036133,14.043088912963867,294243
DNB,DNB.OL,2001-07-17,39.21754837036133,39.21754837036133,38.3629264831543,38.64780044555664,13.839069366455078,1301743
DNB,DNB.OL,2001-07-18,37.983097076416016,38.932674407958984,37.983097076416016,38.932674407958984,13.941078186035156,361380
DNB,DNB.OL,2001-07-19,38.932674407958984,39.78729248046875,38.64780044555664,39.69233703613281,14.213096618652344,990164
DNB,DNB.OL,2001-07-20,39.40746307373047,39.59737777709961,39.122589111328125,39.312503814697266,14.0770902633667,789393
DNB,DNB.OL,2001-07-23,39.312503814697266,39.78729248046875,39.312503814697266,39.40746307373047,14.111089706420898,1185255
DNB,DNB.OL,2001-07-24,39.122589111328125,39.122589111328125,38.932674407958984,39.02763366699219,13.975083351135254,671127
DNB,DNB.OL,2001-07-25,38.932674407958984,39.40746307373047,38.64780044555664,38.64780044555664,13.839069366455078,797879
DNB,DNB.OL,2001-07-26,38.932674407958984,38.932674407958984,38.55284118652344,38.742759704589844,13.873076438903809,1048060
DNB,DNB.OL,2001-07-27,38.3629264831543,39.122589111328125,38.26797103881836,39.122589111328125,14.009082794189453,906304
DNB,DNB.OL,2001-07-30,39.02763366699219,39.122589111328125,38.4578857421875,38.742759704589844,13.873076438903809,358731
DNB,DNB.OL,2001-07-31,38.55284118652344,38.64780044555664,37.983097076416016,37.983097076416016,13.601052284240723,1498900
DNB,DNB.OL,2001-08-01,38.07805633544922,38.4578857421875,38.07805633544922,38.4578857421875,13.77106761932373,572324
DNB,DNB.OL,2001-08-02,38.4578857421875,38.4578857421875,37.88813781738281,37.88813781738281,13.567047119140625,664560
DNB,DNB.OL,2001-08-03,37.88813781738281,38.26797103881836,37.88813781738281,37.88813781738281,13.567047119140625,1790480
DNB,DNB.OL,2001-08-06,37.983097076416016,38.173011779785156,37.88813781738281,38.173011779785156,13.669058799743652,2161938
DNB,DNB.OL,2001-08-07,38.173011779785156,38.173011779785156,37.88813781738281,38.07805633544922,13.63505744934082,1688253
DNB,DNB.OL,2001-08-08,38.07805633544922,38.26797103881836,37.88813781738281,38.173011779785156,13.669058799743652,1024889
DNB,DNB.OL,2001-08-09,38.3629264831543,39.40746307373047,38.3629264831543,39.312503814697266,14.0770902633667,2055703
DNB,DNB.OL,2001-08-10,39.02763366699219,40.926788330078125,39.02763366699219,40.736873626708984,14.587130546569824,4951883
DNB,DNB.OL,2001-08-13,40.736873626708984,41.2116584777832,40.1671257019043,40.1671257019043,14.383112907409668,1715090
DNB,DNB.OL,2001-08-14,40.35704040527344,40.64191436767578,40.1671257019043,40.35704040527344,14.451118469238281,882821
DNB,DNB.OL,2001-08-15,40.35704040527344,40.54695510864258,40.262081146240234,40.262081146240234,14.417116165161133,446951
DNB,DNB.OL,2001-08-16,39.977210998535156,40.83182907104492,39.977210998535156,40.64191436767578,14.553126335144043,1480024
DNB,DNB.OL,2001-08-17,40.64191436767578,40.736873626708984,39.88225173950195,40.262081146240234,14.417116165161133,1317854
DNB,DNB.OL,2001-08-20,40.072166442871094,40.35704040527344,39.50242233276367,39.69233703613281,14.213096618652344,548219
DNB,DNB.OL,2001-08-21,39.88225173950195,40.1671257019043,39.69233703613281,39.88225173950195,14.281102180480957,973337
DNB,DNB.OL,2001-08-22,39.69233703613281,40.35704040527344,39.59737777709961,40.35704040527344,14.451118469238281,585471
DNB,DNB.OL,2001-08-23,39.88225173950195,40.54695510864258,39.88225173950195,40.54695510864258,14.519121170043945,291898
DNB,DNB.OL,2001-08-24,39.88225173950195,41.2116584777832,39.88225173950195,40.926788330078125,14.655133247375488,2132865
DNB,DNB.OL,2001-08-27,40.64191436767578,41.306617736816406,40.1671257019043,40.262081146240234,14.417116165161133,1138448
DNB,DNB.OL,2001-08-28,40.262081146240234,41.02174377441406,40.262081146240234,41.02174377441406,14.689135551452637,718512
DNB,DNB.OL,2001-08-29,40.83182907104492,41.2116584777832,40.83182907104492,41.2116584777832,14.7571439743042,1429094
DNB,DNB.OL,2001-08-30,40.83182907104492,41.68644714355469,40.83182907104492,41.59149169921875,14.893152236938477,1711494
DNB,DNB.OL,2001-08-31,41.59149169921875,41.68644714355469,41.306617736816406,41.59149169921875,14.893152236938477,1447263
DNB,DNB.OL,2001-09-03,41.40157699584961,42.066280364990234,41.306617736816406,41.68644714355469,14.927156448364258,1514132
DNB,DNB.OL,2001-09-04,41.59149169921875,41.68644714355469,41.306617736816406,41.59149169921875,14.893152236938477,1810846
DNB,DNB.OL,2001-09-05,41.59149169921875,41.876365661621094,41.40157699584961,41.78140640258789,14.96115493774414,761842
DNB,DNB.OL,2001-09-06,41.78140640258789,41.876365661621094,41.68644714355469,41.876365661621094,14.995159149169922,1777231
DNB,DNB.OL,2001-09-07,41.68644714355469,41.68644714355469,41.306617736816406,41.40157699584961,14.825148582458496,2198736
DNB,DNB.OL,2001-09-10,41.40157699584961,41.40157699584961,40.072166442871094,40.35704040527344,14.451118469238281,1347858
DNB,DNB.OL,2001-09-11,39.977210998535156,41.68644714355469,39.977210998535156,40.736873626708984,14.587130546569824,1810470
DNB,DNB.OL,2001-09-12,38.932674407958984,39.78729248046875,37.88813781738281,38.26797103881836,13.7030611038208,2190237
DNB,DNB.OL,2001-09-13,38.64780044555664,39.40746307373047,38.26797103881836,39.40746307373047,14.111089706420898,1490031
DNB,DNB.OL,2001-09-14,38.932674407958984,39.122589111328125,38.173011779785156,38.173011779785156,13.669058799743652,1154914
DNB,DNB.OL,2001-09-17,37.128475189208984,37.793182373046875,36.938560485839844,37.793182373046875,13.533049583435059,2691685
DNB,DNB.OL,2001-09-18,37.793182373046875,37.793182373046875,36.08394241333008,36.36881637573242,13.023009300231934,3124637
DNB,DNB.OL,2001-09-19,36.08394241333008,37.03351974487305,35.51419448852539,35.70410919189453,12.784987449645996,3584675
DNB,DNB.OL,2001-09-20,35.13436508178711,35.13436508178711,30.576393127441406,31.81084442138672,11.390884399414062,7739071
DNB,DNB.OL,2001-09-21,31.336055755615234,31.336055755615234,28.96211051940918,29.91168975830078,10.710827827453613,4246377
DNB,DNB.OL,2001-09-24,30.481435775756836,31.620927810668945,29.91168975830078,31.525970458984375,11.288873672485352,2463575
DNB,DNB.OL,2001-09-25,32.09571838378906,32.190673828125,30.291519165039062,30.386478424072266,10.880843162536621,5935451
DNB,DNB.OL,2001-09-26,30.861265182495117,33.14025115966797,30.766307830810547,31.81084442138672,11.390884399414062,6476299
DNB,DNB.OL,2001-09-27,31.90580177307129,32.665462493896484,31.90580177307129,32.475547790527344,11.628899574279785,909202
DNB,DNB.OL,2001-09-28,32.475547790527344,32.475547790527344,32.475547790527344,32.475547790527344,11.628899574279785,0
DNB,DNB.OL,2001-10-01,32.09571838378906,32.76042175292969,30.196561813354492,32.76042175292969,11.730910301208496,4087226
DNB,DNB.OL,2001-10-02,32.76042175292969,32.76042175292969,31.81084442138672,32.00075912475586,11.45888614654541,1594886
DNB,DNB.OL,2001-10-03,32.00075912475586,32.00075912475586,30.671350479125977,31.05118179321289,11.118860244750977,4319929
DNB,DNB.OL,2001-10-04,31.05118179321289,31.05118179321289,30.291519165039062,30.861265182495117,11.050853729248047,3353991
DNB,DNB.OL,2001-10-05,30.671350479125977,31.14613914489746,30.386478424072266,30.671350479125977,10.982851028442383,1444264
DNB,DNB.OL,2001-10-08,30.196561813354492,30.481435775756836,29.721773147583008,30.291519165039062,10.846839904785156,2017437
DNB,DNB.OL,2001-10-09,30.386478424072266,31.24109649658203,30.196561813354492,30.576393127441406,10.948847770690918,992337
DNB,DNB.OL,2001-10-10,30.386478424072266,31.336055755615234,30.101604461669922,31.24109649658203,11.186863899230957,1706665
DNB,DNB.OL,2001-10-11,31.525970458984375,33.61503982543945,31.336055755615234,33.61503982543945,12.036930084228516,2463499
DNB,DNB.OL,2001-10-12,33.330169677734375,34.56461715698242,33.04529571533203,34.56461715698242,12.376956939697266,2581676
DNB,DNB.OL,2001-10-15,33.8999137878418,34.37470245361328,33.23521041870117,33.23521041870117,11.900920867919922,674311
DNB,DNB.OL,2001-10-16,33.23521041870117,33.23521041870117,33.23521041870117,33.23521041870117,11.900920867919922,0
DNB,DNB.OL,2001-10-17,34.469661712646484,35.609153747558594,34.469661712646484,35.13436508178711,12.580974578857422,960630
DNB,DNB.OL,2001-10-18,34.75453567504883,34.75453567504883,34.18478775024414,34.37470245361328,12.308955192565918,2552490
DNB,DNB.OL,2001-10-19,34.94445037841797,34.94445037841797,34.18478775024414,34.18478775024414,12.240948677062988,1130179
DNB,DNB.OL,2001-10-22,34.659576416015625,34.849491119384766,33.709999084472656,34.08982849121094,12.206947326660156,1794818
DNB,DNB.OL,2001-10-23,34.18478775024414,34.659576416015625,34.18478775024414,34.56461715698242,12.376956939697266,899353
DNB,DNB.OL,2001-10-24,34.94445037841797,35.13436508178711,33.520084381103516,33.61503982543945,12.036930084228516,1402504
DNB,DNB.OL,2001-10-25,33.61503982543945,34.08982849121094,31.81084442138672,32.475547790527344,11.628899574279785,2731955
DNB,DNB.OL,2001-10-26,32.475547790527344,32.475547790527344,32.475547790527344,32.475547790527344,11.628899574279785,0
DNB,DNB.OL,2001-10-29,32.2856330871582,33.709999084472656,32.2856330871582,33.04529571533203,11.832918167114258,987715
DNB,DNB.OL,2001-10-30,32.95033645629883,33.14025115966797,32.09571838378906,32.57050704956055,11.662901878356934,1794658
DNB,DNB.OL,2001-10-31,33.04529571533203,33.04529571533203,31.81084442138672,31.90580177307129,11.424883842468262,2982164
DNB,DNB.OL,2001-11-01,33.23521041870117,33.61503982543945,32.665462493896484,33.23521041870117,11.900920867919922,3086961
DNB,DNB.OL,2001-11-02,33.520084381103516,34.08982849121094,33.520084381103516,33.520084381103516,12.002928733825684,2097263
DNB,DNB.OL,2001-11-05,33.994873046875,34.56461715698242,33.23521041870117,34.469661712646484,12.342954635620117,2645951
DNB,DNB.OL,2001-11-06,34.659576416015625,36.08394241333008,34.659576416015625,35.988983154296875,12.886998176574707,3743790
DNB,DNB.OL,2001-11-07,36.08394241333008,37.128475189208984,35.609153747558594,36.36881637573242,13.023009300231934,2177450
DNB,DNB.OL,2001-11-08,36.46377182006836,36.7486457824707,36.36881637573242,36.55873107910156,13.091012954711914,963868
DNB,DNB.OL,2001-11-09,36.27385711669922,37.22343444824219,36.08394241333008,36.843605041503906,13.193022727966309,2092454
DNB,DNB.OL,2001-11-12,36.653690338134766,36.653690338134766,34.659576416015625,36.08394241333008,12.921000480651855,799690
DNB,DNB.OL,2001-11-13,36.08394241333008,36.653690338134766,35.799068450927734,36.08394241333008,12.921000480651855,779312
DNB,DNB.OL,2001-11-14,36.27385711669922,36.46377182006836,35.70410919189453,36.08394241333008,12.921000480651855,1140612
DNB,DNB.OL,2001-11-15,35.988983154296875,36.27385711669922,35.32427978515625,35.51419448852539,12.716983795166016,716473
DNB,DNB.OL,2001-11-16,35.51419448852539,36.08394241333008,34.27974319458008,34.27974319458008,12.27495002746582,2404552
DNB,DNB.OL,2001-11-19,34.849491119384766,36.55873107910156,34.849491119384766,36.17890167236328,12.955001831054688,1405494
DNB,DNB.OL,2001-11-20,36.17890167236328,36.55873107910156,35.41923904418945,35.89402770996094,12.852996826171875,1086305
DNB,DNB.OL,2001-11-21,35.609153747558594,35.70410919189453,35.13436508178711,35.32427978515625,12.648978233337402,3470447
DNB,DNB.OL,2001-11-22,35.32427978515625,35.32427978515625,34.94445037841797,35.039405822753906,12.546971321105957,1138822
DNB,DNB.OL,2001-11-23,35.039405822753906,36.08394241333008,34.659576416015625,35.41923904418945,12.682982444763184,1550996
DNB,DNB.OL,2001-11-26,35.41923904418945,35.41923904418945,34.849491119384766,35.13436508178711,12.580974578857422,1115167
DNB,DNB.OL,2001-11-27,35.13436508178711,35.32427978515625,34.94445037841797,35.039405822753906,12.546971321105957,1531534
DNB,DNB.OL,2001-11-28,35.22932052612305,35.51419448852539,34.94445037841797,34.94445037841797,12.512969017028809,1656146
DNB,DNB.OL,2001-11-29,35.13436508178711,35.22932052612305,34.75453567504883,35.13436508178711,12.580974578857422,3438108
DNB,DNB.OL,2001-11-30,35.22932052612305,35.609153747558594,34.94445037841797,35.41923904418945,12.682982444763184,1866774
DNB,DNB.OL,2001-12-03,35.41923904418945,35.41923904418945,34.94445037841797,35.039405822753906,12.546971321105957,654614
DNB,DNB.OL,2001-12-04,34.94445037841797,35.51419448852539,34.75453567504883,35.51419448852539,12.716983795166016,1560778
DNB,DNB.OL,2001-12-05,35.22932052612305,35.89402770996094,34.94445037841797,34.94445037841797,12.512969017028809,1348869
DNB,DNB.OL,2001-12-06,35.13436508178711,35.70410919189453,35.13436508178711,35.609153747558594,12.750986099243164,1285901
DNB,DNB.OL,2001-12-07,35.70410919189453,36.36881637573242,35.70410919189453,36.27385711669922,12.989004135131836,1137600
DNB,DNB.OL,2001-12-10,36.08394241333008,36.653690338134766,36.08394241333008,36.653690338134766,13.125016212463379,908609
DNB,DNB.OL,2001-12-11,37.03351974487305,37.03351974487305,36.27385711669922,36.843605041503906,13.193022727966309,1225341
DNB,DNB.OL,2001-12-12,37.128475189208984,37.41334915161133,36.7486457824707,36.7486457824707,13.159018516540527,1767258
DNB,DNB.OL,2001-12-13,37.03351974487305,37.03351974487305,36.36881637573242,36.7486457824707,13.159018516540527,722599
DNB,DNB.OL,2001-12-14,36.55873107910156,37.03351974487305,36.36881637573242,36.7486457824707,13.159018516540527,1323707
DNB,DNB.OL,2001-12-17,36.843605041503906,36.843605041503906,35.89402770996094,35.988983154296875,12.886998176574707,2397713
DNB,DNB.OL,2001-12-18,36.17890167236328,37.03351974487305,35.988983154296875,36.938560485839844,13.22702407836914,2034812
DNB,DNB.OL,2001-12-19,36.938560485839844,36.938560485839844,36.17890167236328,36.17890167236328,12.955001831054688,1332674
DNB,DNB.OL,2001-12-20,36.27385711669922,36.653690338134766,35.988983154296875,36.27385711669922,12.989004135131836,1091873
DNB,DNB.OL,2001-12-21,36.17890167236328,36.938560485839844,35.988983154296875,36.938560485839844,13.22702407836914,1225516
DNB,DNB.OL,2001-12-24,36.938560485839844,36.938560485839844,36.938560485839844,36.938560485839844,13.22702407836914,0
DNB,DNB.OL,2001-12-25,36.938560485839844,36.938560485839844,36.938560485839844,36.938560485839844,13.22702407836914,0
DNB,DNB.OL,2001-12-26,36.938560485839844,36.938560485839844,36.938560485839844,36.938560485839844,13.22702407836914,0
DNB,DNB.OL,2001-12-27,37.03351974487305,37.793182373046875,37.03351974487305,37.793182373046875,13.533049583435059,1334625
DNB,DNB.OL,2001-12-28,37.69822311401367,38.3629264831543,37.603267669677734,38.3629264831543,13.737062454223633,580640
DNB,DNB.OL,2001-12-31,38.3629264831543,38.3629264831543,38.3629264831543,38.3629264831543,13.737062454223633,0
DNB,DNB.OL,2002-01-01,38.3629264831543,38.3629264831543,38.3629264831543,38.3629264831543,13.737062454223633,0
DNB,DNB.OL,2002-01-02,37.983097076416016,38.07805633544922,37.69822311401367,37.983097076416016,13.601052284240723,799946
DNB,DNB.OL,2002-01-03,37.983097076416016,38.173011779785156,37.69822311401367,37.69822311401367,13.49904727935791,449925
DNB,DNB.OL,2002-01-04,37.88813781738281,38.173011779785156,37.69822311401367,37.983097076416016,13.601052284240723,907350
DNB,DNB.OL,2002-01-07,37.983097076416016,39.312503814697266,37.793182373046875,39.122589111328125,14.009082794189453,1166785
DNB,DNB.OL,2002-01-08,39.88225173950195,40.35704040527344,39.21754837036133,39.69233703613281,14.213096618652344,1876700
DNB,DNB.OL,2002-01-09,39.40746307373047,39.78729248046875,39.21754837036133,39.78729248046875,14.247103691101074,1295018
DNB,DNB.OL,2002-01-10,39.78729248046875,39.78729248046875,38.932674407958984,39.40746307373047,14.111089706420898,828723
DNB,DNB.OL,2002-01-11,39.312503814697266,39.50242233276367,39.02763366699219,39.40746307373047,14.111089706420898,1190468
DNB,DNB.OL,2002-01-14,39.21754837036133,39.312503814697266,38.64780044555664,38.83771514892578,13.907075881958008,989612
DNB,DNB.OL,2002-01-15,38.83771514892578,38.83771514892578,38.3629264831543,38.55284118652344,13.805068016052246,613638
DNB,DNB.OL,2002-01-16,38.742759704589844,38.742759704589844,37.793182373046875,37.88813781738281,13.567047119140625,1325908
DNB,DNB.OL,2002-01-17,37.603267669677734,38.742759704589844,37.603267669677734,38.4578857421875,13.77106761932373,1610415
DNB,DNB.OL,2002-01-18,38.932674407958984,39.02763366699219,38.173011779785156,38.26797103881836,13.7030611038208,1062116
DNB,DNB.OL,2002-01-21,38.4578857421875,38.932674407958984,38.3629264831543,38.932674407958984,13.941078186035156,1213144
DNB,DNB.OL,2002-01-22,38.742759704589844,39.21754837036133,38.26797103881836,38.4578857421875,13.77106761932373,1293116
DNB,DNB.OL,2002-01-23,38.26797103881836,38.83771514892578,38.173011779785156,38.173011779785156,13.669058799743652,1781580
DNB,DNB.OL,2002-01-24,38.4578857421875,38.742759704589844,38.3629264831543,38.64780044555664,13.839069366455078,2967298
DNB,DNB.OL,2002-01-25,38.4578857421875,38.742759704589844,38.4578857421875,38.64780044555664,13.839069366455078,621475
DNB,DNB.OL,2002-01-28,38.55284118652344,39.40746307373047,38.55284118652344,39.40746307373047,14.111089706420898,731542
DNB,DNB.OL,2002-01-29,39.02763366699219,39.977210998535156,39.02763366699219,39.977210998535156,14.315107345581055,2078736
DNB,DNB.OL,2002-01-30,39.69233703613281,39.69233703613281,38.83771514892578,38.83771514892578,13.907075881958008,1366928
DNB,DNB.OL,2002-01-31,38.932674407958984,39.312503814697266,38.83771514892578,38.932674407958984,13.941078186035156,732146
DNB,DNB.OL,2002-02-01,38.932674407958984,39.02763366699219,38.4578857421875,38.4578857421875,13.77106761932373,1281528
DNB,DNB.OL,2002-02-04,38.4578857421875,39.21754837036133,38.4578857421875,39.21754837036133,14.043088912963867,829598
DNB,DNB.OL,2002-02-05,38.932674407958984,39.02763366699219,38.64780044555664,38.83771514892578,13.907075881958008,961171
DNB,DNB.OL,2002-02-06,38.64780044555664,38.742759704589844,38.173011779785156,38.26797103881836,13.7030611038208,1469514
DNB,DNB.OL,2002-02-07,38.4578857421875,38.55284118652344,37.793182373046875,37.983097076416016,13.601052284240723,1638733
DNB,DNB.OL,2002-02-08,37.983097076416016,38.64780044555664,37.983097076416016,38.26797103881836,13.7030611038208,1317471
DNB,DNB.OL,2002-02-11,38.64780044555664,39.122589111328125,38.64780044555664,38.742759704589844,13.873076438903809,1293279
DNB,DNB.OL,2002-02-12,39.02763366699219,39.122589111328125,38.742759704589844,38.932674407958984,13.941078186035156,1287507
DNB,DNB.OL,2002-02-13,39.02763366699219,39.88225173950195,39.02763366699219,39.78729248046875,14.247103691101074,1867984
DNB,DNB.OL,2002-02-14,40.072166442871094,41.306617736816406,39.977210998535156,41.02174377441406,14.689135551452637,6744774
DNB,DNB.OL,2002-02-15,40.736873626708984,41.306617736816406,40.54695510864258,41.02174377441406,14.689135551452637,1092812
DNB,DNB.OL,2002-02-18,40.926788330078125,41.116703033447266,40.64191436767578,40.83182907104492,14.621131896972656,0
DNB,DNB.OL,2002-02-19,40.83182907104492,41.02174377441406,40.736873626708984,40.83182907104492,14.621131896972656,0
DNB,DNB.OL,2002-02-20,40.83182907104492,41.306617736816406,40.83182907104492,41.2116584777832,14.7571439743042,0
DNB,DNB.OL,2002-02-21,41.306617736816406,41.97132110595703,41.306617736816406,41.876365661621094,14.995159149169922,0
DNB,DNB.OL,2002-02-22,41.876365661621094,41.876365661621094,41.02174377441406,41.49653244018555,14.859148025512695,0
DNB,DNB.OL,2002-02-25,41.306617736816406,41.40157699584961,41.116703033447266,41.306617736816406,14.791149139404297,0
DNB,DNB.OL,2002-02-26,41.59149169921875,42.35115432739258,41.49653244018555,42.066280364990234,15.063165664672852,0
DNB,DNB.OL,2002-02-27,42.256195068359375,42.9208984375,42.16123962402344,42.54106903076172,15.233181953430176,0
DNB,DNB.OL,2002-02-28,42.446109771728516,42.446109771728516,42.16123962402344,42.446109771728516,15.199173927307129,0
DNB,DNB.OL,2002-03-01,42.446109771728516,42.636024475097656,41.40157699584961,41.40157699584961,14.825148582458496,0
DNB,DNB.OL,2002-03-04,41.876365661621094,42.066280364990234,41.306617736816406,41.49653244018555,14.859148025512695,0
DNB,DNB.OL,2002-03-05,41.78140640258789,41.78140640258789,41.306617736816406,41.40157699584961,14.825148582458496,0
DNB,DNB.OL,2002-03-06,41.306617736816406,42.636024475097656,41.306617736816406,42.256195068359375,15.1311674118042,0
DNB,DNB.OL,2002-03-07,42.636024475097656,42.636024475097656,42.066280364990234,42.35115432739258,15.16517162322998,0
DNB,DNB.OL,2002-03-08,42.256195068359375,42.256195068359375,41.97132110595703,42.066280364990234,15.063165664672852,0
DNB,DNB.OL,2002-03-11,42.066280364990234,42.35115432739258,41.97132110595703,42.066280364990234,15.063165664672852,0
DNB,DNB.OL,2002-03-12,42.256195068359375,42.446109771728516,41.97132110595703,42.446109771728516,15.199173927307129,0
DNB,DNB.OL,2002-03-13,42.636024475097656,43.11081314086914,42.35115432739258,42.446109771728516,15.199173927307129,0
DNB,DNB.OL,2002-03-14,42.446109771728516,42.73098373413086,42.256195068359375,42.636024475097656,15.267183303833008,0
DNB,DNB.OL,2002-03-15,42.636024475097656,42.73098373413086,42.54106903076172,42.636024475097656,15.267183303833008,0
DNB,DNB.OL,2002-03-18,42.636024475097656,42.9208984375,42.54106903076172,42.73098373413086,15.30118179321289,0
DNB,DNB.OL,2002-03-19,42.82594299316406,43.395687103271484,42.73098373413086,43.205772399902344,15.471198081970215,0
DNB,DNB.OL,2002-03-20,43.205772399902344,44.250308990478516,43.205772399902344,43.87047576904297,15.709216117858887,0
DNB,DNB.OL,2002-03-21,43.87047576904297,44.6301383972168,43.87047576904297,44.060394287109375,15.7772216796875,0
DNB,DNB.OL,2002-03-22,44.15534973144531,44.34526443481445,43.68056106567383,43.96543502807617,15.743221282958984,0
DNB,DNB.OL,2002-03-25,43.96543502807617,44.34526443481445,43.96543502807617,44.34526443481445,15.879229545593262,0
DNB,DNB.OL,2002-03-26,44.250308990478516,44.34526443481445,44.15534973144531,44.250308990478516,15.84522533416748,0
DNB,DNB.OL,2002-03-27,44.34526443481445,44.535179138183594,43.96543502807617,44.250308990478516,15.84522533416748,0
DNB,DNB.OL,2002-03-28,44.250308990478516,44.250308990478516,44.250308990478516,44.250308990478516,15.84522533416748,0
DNB,DNB.OL,2002-03-29,44.250308990478516,44.250308990478516,44.250308990478516,44.250308990478516,15.84522533416748,0
DNB,DNB.OL,2002-04-01,44.250308990478516,44.250308990478516,44.250308990478516,44.250308990478516,15.84522533416748,0
DNB,DNB.OL,2002-04-02,43.68056106567383,44.34526443481445,43.68056106567383,44.15534973144531,15.811223983764648,1591263
DNB,DNB.OL,2002-04-03,43.96543502807617,45.29484176635742,43.96543502807617,44.6301383972168,15.981237411499023,1808975
DNB,DNB.OL,2002-04-04,44.6301383972168,44.6301383972168,44.060394287109375,44.34526443481445,15.879229545593262,1352992
DNB,DNB.OL,2002-04-05,44.15534973144531,44.6301383972168,44.15534973144531,44.6301383972168,15.981237411499023,1548595
DNB,DNB.OL,2002-04-08,44.440223693847656,44.6301383972168,44.15534973144531,44.15534973144531,15.811223983764648,369720
DNB,DNB.OL,2002-04-09,44.250308990478516,44.250308990478516,43.395687103271484,43.58560562133789,15.607208251953125,1301892
DNB,DNB.OL,2002-04-10,43.58560562133789,44.15534973144531,43.30073165893555,43.87047576904297,15.709216117858887,1340385
DNB,DNB.OL,2002-04-11,43.87047576904297,44.250308990478516,43.87047576904297,43.87047576904297,15.709216117858887,709293
DNB,DNB.OL,2002-04-12,43.96543502807617,44.535179138183594,43.96543502807617,44.34526443481445,15.879229545593262,1241040
DNB,DNB.OL,2002-04-15,44.34526443481445,44.91501235961914,44.34526443481445,44.82005310058594,16.04924201965332,1850833
DNB,DNB.OL,2002-04-16,45.009971618652344,45.29484176635742,44.91501235961914,45.009971618652344,16.117246627807617,1385561
DNB,DNB.OL,2002-04-17,45.10492706298828,45.48476028442383,45.009971618652344,45.29484176635742,16.219257354736328,24102527
DNB,DNB.OL,2002-04-18,45.389801025390625,45.67467498779297,43.49064636230469,43.68056106567383,15.641209602355957,8172961
DNB,DNB.OL,2002-04-19,43.68056106567383,44.34526443481445,42.9208984375,44.15534973144531,15.811223983764648,5083059
DNB,DNB.OL,2002-04-22,44.060394287109375,45.009971618652344,44.060394287109375,44.72509765625,16.015239715576172,3268089
DNB,DNB.OL,2002-04-23,44.6301383972168,44.6301383972168,43.96543502807617,44.15534973144531,15.811223983764648,1416507
DNB,DNB.OL,2002-04-24,44.15534973144531,44.15534973144531,43.11081314086914,43.87047576904297,15.709216117858887,2391703
DNB,DNB.OL,2002-04-25,43.68056106567383,43.96543502807617,43.49064636230469,43.77552032470703,15.675215721130371,1826630
DNB,DNB.OL,2002-04-26,41.306617736816406,41.68644714355469,41.2116584777832,41.68644714355469,14.927156448364258,1673687
DNB,DNB.OL,2002-04-29,41.68644714355469,41.876365661621094,41.40157699584961,41.78140640258789,14.96115493774414,1661244
DNB,DNB.OL,2002-04-30,41.876365661621094,42.446109771728516,41.876365661621094,42.16123962402344,15.097172737121582,1701255
DNB,DNB.OL,2002-05-01,42.16123962402344,42.16123962402344,42.16123962402344,42.16123962402344,15.097172737121582,0
DNB,DNB.OL,2002-05-02,42.256195068359375,42.35115432739258,41.97132110595703,42.256195068359375,15.1311674118042,3184548
DNB,DNB.OL,2002-05-03,42.256195068359375,42.82594299316406,41.876365661621094,42.636024475097656,15.267183303833008,4200649
DNB,DNB.OL,2002-05-06,42.256195068359375,43.0158576965332,42.256195068359375,42.636024475097656,15.267183303833008,913926
DNB,DNB.OL,2002-05-07,42.256195068359375,43.0158576965332,42.16123962402344,43.0158576965332,15.403189659118652,1173676
DNB,DNB.OL,2002-05-08,43.30073165893555,43.77552032470703,43.205772399902344,43.77552032470703,15.675215721130371,1882030
DNB,DNB.OL,2002-05-09,43.77552032470703,43.77552032470703,43.77552032470703,43.77552032470703,15.675215721130371,0
DNB,DNB.OL,2002-05-10,43.68056106567383,44.6301383972168,43.58560562133789,44.440223693847656,15.913229942321777,2029251
DNB,DNB.OL,2002-05-13,44.060394287109375,44.6301383972168,43.68056106567383,44.15534973144531,15.811223983764648,1487215
DNB,DNB.OL,2002-05-14,44.15534973144531,44.6301383972168,44.15534973144531,44.15534973144531,15.811223983764648,1528339
DNB,DNB.OL,2002-05-15,44.15534973144531,44.250308990478516,43.77552032470703,43.87047576904297,15.709216117858887,774471
DNB,DNB.OL,2002-05-16,44.15534973144531,44.15534973144531,43.77552032470703,43.87047576904297,15.709216117858887,889247
DNB,DNB.OL,2002-05-17,43.87047576904297,43.87047576904297,43.87047576904297,43.87047576904297,15.709216117858887,0
DNB,DNB.OL,2002-05-20,43.87047576904297,43.87047576904297,43.87047576904297,43.87047576904297,15.709216117858887,0
DNB,DNB.OL,2002-05-21,43.87047576904297,43.96543502807617,42.82594299316406,42.9208984375,15.369190216064453,2605337
DNB,DNB.OL,2002-05-22,43.205772399902344,43.205772399902344,41.78140640258789,42.636024475097656,15.267183303833008,1318453
DNB,DNB.OL,2002-05-23,42.54106903076172,43.30073165893555,41.78140640258789,43.30073165893555,15.505199432373047,2534772
DNB,DNB.OL,2002-05-24,43.205772399902344,43.205772399902344,42.066280364990234,42.256195068359375,15.1311674118042,1571903
DNB,DNB.OL,2002-05-27,41.306617736816406,41.78140640258789,40.35704040527344,40.83182907104492,14.621131896972656,797048
DNB,DNB.OL,2002-05-28,40.83182907104492,40.83182907104492,39.78729248046875,39.88225173950195,14.281102180480957,9014361
DNB,DNB.OL,2002-05-29,39.88225173950195,39.88225173950195,38.26797103881836,38.932674407958984,13.941078186035156,17009917
DNB,DNB.OL,2002-05-30,38.83771514892578,39.59737777709961,38.83771514892578,39.312503814697266,14.0770902633667,26396999
DNB,DNB.OL,2002-05-31,39.312503814697266,40.1671257019043,38.932674407958984,39.40746307373047,14.111089706420898,8500598
DNB,DNB.OL,2002-06-03,39.40746307373047,39.59737777709961,39.21754837036133,39.50242233276367,14.145095825195312,2213239
DNB,DNB.OL,2002-06-04,39.122589111328125,39.122589111328125,37.983097076416016,38.26797103881836,13.7030611038208,2397034
DNB,DNB.OL,2002-06-05,38.55284118652344,38.742759704589844,38.07805633544922,38.55284118652344,13.805068016052246,3001824
DNB,DNB.OL,2002-06-06,38.64780044555664,39.50242233276367,38.55284118652344,39.40746307373047,14.111089706420898,3108238
DNB,DNB.OL,2002-06-07,38.932674407958984,39.122589111328125,38.4578857421875,38.742759704589844,13.873076438903809,2951546
DNB,DNB.OL,2002-06-10,38.64780044555664,38.742759704589844,38.4578857421875,38.742759704589844,13.873076438903809,2069057
DNB,DNB.OL,2002-06-11,38.55284118652344,39.122589111328125,38.4578857421875,39.122589111328125,14.009082794189453,2728707
DNB,DNB.OL,2002-06-12,38.83771514892578,39.59737777709961,38.742759704589844,39.40746307373047,14.111089706420898,2525614
DNB,DNB.OL,2002-06-13,39.40746307373047,40.072166442871094,39.312503814697266,39.312503814697266,14.0770902633667,4777902
DNB,DNB.OL,2002-06-14,38.932674407958984,39.02763366699219,37.88813781738281,38.55284118652344,13.805068016052246,2154285
DNB,DNB.OL,2002-06-17,38.55284118652344,39.312503814697266,38.55284118652344,39.21754837036133,14.043088912963867,1550067
DNB,DNB.OL,2002-06-18,39.21754837036133,39.312503814697266,38.932674407958984,39.02763366699219,13.975083351135254,1847618
DNB,DNB.OL,2002-06-19,38.55284118652344,38.83771514892578,37.793182373046875,37.88813781738281,13.567047119140625,2153732
DNB,DNB.OL,2002-06-20,37.983097076416016,37.983097076416016,36.17890167236328,36.843605041503906,13.193022727966309,4211179
DNB,DNB.OL,2002-06-21,36.7486457824707,37.603267669677734,36.653690338134766,37.603267669677734,13.465044021606445,4104790
DNB,DNB.OL,2002-06-24,37.41334915161133,37.88813781738281,35.70410919189453,35.988983154296875,12.886998176574707,3292233
DNB,DNB.OL,2002-06-25,36.55873107910156,38.173011779785156,36.36881637573242,38.173011779785156,13.669058799743652,2009692
DNB,DNB.OL,2002-06-26,36.55873107910156,37.03351974487305,35.41923904418945,35.70410919189453,12.784987449645996,4209639
DNB,DNB.OL,2002-06-27,36.36881637573242,37.50830841064453,36.36881637573242,36.7486457824707,13.159018516540527,1720765
DNB,DNB.OL,2002-06-28,37.603267669677734,38.83771514892578,37.603267669677734,38.83771514892578,13.907075881958008,5508175
DNB,DNB.OL,2002-07-01,38.742759704589844,41.49653244018555,38.742759704589844,40.83182907104492,14.621131896972656,10300636
DNB,DNB.OL,2002-07-02,40.64191436767578,40.64191436767578,39.40746307373047,39.977210998535156,14.315107345581055,4370953
DNB,DNB.OL,2002-07-03,39.88225173950195,39.88225173950195,39.312503814697266,39.69233703613281,14.213096618652344,3101078
DNB,DNB.OL,2002-07-04,39.78729248046875,39.88225173950195,39.122589111328125,39.59737777709961,14.179097175598145,4229478
DNB,DNB.OL,2002-07-05,39.59737777709961,39.88225173950195,39.59737777709961,39.88225173950195,14.281102180480957,1276041
DNB,DNB.OL,2002-07-08,39.88225173950195,40.072166442871094,39.69233703613281,39.88225173950195,14.281102180480957,998233
DNB,DNB.OL,2002-07-09,39.88225173950195,39.977210998535156,39.40746307373047,39.69233703613281,14.213096618652344,1905618
DNB,DNB.OL,2002-07-10,39.40746307373047,39.40746307373047,38.932674407958984,38.932674407958984,13.941078186035156,2519324
DNB,DNB.OL,2002-07-11,39.02763366699219,39.02763366699219,37.983097076416016,38.173011779785156,13.669058799743652,1631159
DNB,DNB.OL,2002-07-12,38.4578857421875,38.4578857421875,37.41334915161133,37.41334915161133,13.397035598754883,3279462
DNB,DNB.OL,2002-07-15,38.3629264831543,38.3629264831543,37.41334915161133,37.41334915161133,13.397035598754883,569163
DNB,DNB.OL,2002-07-16,37.603267669677734,37.603267669677734,36.55873107910156,37.41334915161133,13.397035598754883,665328
DNB,DNB.OL,2002-07-17,37.603267669677734,37.603267669677734,36.843605041503906,37.128475189208984,13.295027732849121,1926771
DNB,DNB.OL,2002-07-18,37.50830841064453,37.50830841064453,36.7486457824707,37.22343444824219,13.329029083251953,1389303
DNB,DNB.OL,2002-07-19,35.988983154296875,36.653690338134766,35.70410919189453,36.36881637573242,13.023009300231934,2532348
DNB,DNB.OL,2002-07-22,35.609153747558594,36.08394241333008,35.609153747558594,35.799068450927734,12.818990707397461,1359129
DNB,DNB.OL,2002-07-23,35.41923904418945,35.799068450927734,32.855377197265625,33.709999084472656,12.070934295654297,2910541
DNB,DNB.OL,2002-07-24,33.709999084472656,33.709999084472656,31.336055755615234,32.665462493896484,11.696905136108398,2551244
DNB,DNB.OL,2002-07-25,34.37470245361328,35.22932052612305,33.8999137878418,34.659576416015625,12.410962104797363,2444815
DNB,DNB.OL,2002-07-26,34.94445037841797,35.13436508178711,33.04529571533203,33.8999137878418,12.138940811157227,4013372
DNB,DNB.OL,2002-07-29,34.27974319458008,35.039405822753906,33.994873046875,34.75453567504883,12.444965362548828,2515771
DNB,DNB.OL,2002-07-30,35.609153747558594,36.36881637573242,35.13436508178711,36.36881637573242,13.023009300231934,3719786
DNB,DNB.OL,2002-07-31,35.988983154296875,36.843605041503906,35.70410919189453,36.55873107910156,13.091012954711914,2521482
DNB,DNB.OL,2002-08-01,36.55873107910156,37.50830841064453,36.55873107910156,37.22343444824219,13.329029083251953,3159530
DNB,DNB.OL,2002-08-02,36.08394241333008,36.938560485839844,36.08394241333008,36.36881637573242,13.023009300231934,1830273
DNB,DNB.OL,2002-08-05,36.27385711669922,36.55873107910156,34.94445037841797,35.51419448852539,12.716983795166016,1221102
DNB,DNB.OL,2002-08-06,35.13436508178711,35.609153747558594,34.469661712646484,34.75453567504883,12.444965362548828,2227351
DNB,DNB.OL,2002-08-07,35.70410919189453,36.17890167236328,34.37470245361328,34.849491119384766,12.478965759277344,3414634
DNB,DNB.OL,2002-08-08,35.13436508178711,35.70410919189453,34.849491119384766,35.22932052612305,12.614974975585938,2678343
DNB,DNB.OL,2002-08-09,35.609153747558594,36.7486457824707,35.32427978515625,36.7486457824707,13.159018516540527,2404178
DNB,DNB.OL,2002-08-12,36.36881637573242,36.843605041503906,36.36881637573242,36.55873107910156,13.091012954711914,1420775
DNB,DNB.OL,2002-08-13,36.55873107910156,37.41334915161133,36.27385711669922,37.31839370727539,13.363033294677734,1199894
DNB,DNB.OL,2002-08-14,36.7486457824707,36.843605041503906,35.89402770996094,35.89402770996094,12.852996826171875,1365840
DNB,DNB.OL,2002-08-15,36.55873107910156,36.7486457824707,35.89402770996094,36.27385711669922,12.989004135131836,2737379
DNB,DNB.OL,2002-08-16,36.46377182006836,37.03351974487305,36.36881637573242,36.843605041503906,13.193022727966309,2473856
DNB,DNB.OL,2002-08-19,36.843605041503906,37.03351974487305,36.55873107910156,36.55873107910156,13.091012954711914,684537
DNB,DNB.OL,2002-08-20,36.653690338134766,36.938560485839844,36.46377182006836,36.653690338134766,13.125016212463379,1595435
DNB,DNB.OL,2002-08-21,36.843605041503906,37.31839370727539,36.653690338134766,37.128475189208984,13.295027732849121,1486321
DNB,DNB.OL,2002-08-22,37.50830841064453,38.173011779785156,37.50830841064453,37.69822311401367,13.49904727935791,3236836
DNB,DNB.OL,2002-08-23,37.69822311401367,37.983097076416016,37.22343444824219,37.88813781738281,13.567047119140625,2999434
DNB,DNB.OL,2002-08-26,37.603267669677734,37.603267669677734,37.03351974487305,37.03351974487305,13.26102352142334,637506
DNB,DNB.OL,2002-08-27,37.31839370727539,37.31839370727539,36.7486457824707,36.843605041503906,13.193022727966309,1419437
DNB,DNB.OL,2002-08-28,36.55873107910156,36.843605041503906,36.46377182006836,36.55873107910156,13.091012954711914,1496309
DNB,DNB.OL,2002-08-29,36.08394241333008,36.36881637573242,35.609153747558594,35.988983154296875,12.886998176574707,1815217
DNB,DNB.OL,2002-08-30,35.799068450927734,36.55873107910156,35.70410919189453,36.17890167236328,12.955001831054688,1490312
DNB,DNB.OL,2002-09-02,35.89402770996094,35.988983154296875,34.659576416015625,35.13436508178711,12.580974578857422,1712155
DNB,DNB.OL,2002-09-03,34.849491119384766,34.849491119384766,33.994873046875,34.18478775024414,12.240948677062988,2236862
DNB,DNB.OL,2002-09-04,33.520084381103516,34.659576416015625,33.23521041870117,34.27974319458008,12.27495002746582,1940417
DNB,DNB.OL,2002-09-05,34.469661712646484,34.659576416015625,32.76042175292969,33.23521041870117,11.900920867919922,1709116
DNB,DNB.OL,2002-09-06,33.330169677734375,34.469661712646484,33.330169677734375,34.469661712646484,12.342954635620117,2431698
DNB,DNB.OL,2002-09-09,34.469661712646484,34.469661712646484,33.330169677734375,33.42512512207031,11.968927383422852,1122510
DNB,DNB.OL,2002-09-10,33.61503982543945,33.994873046875,33.42512512207031,33.61503982543945,12.036930084228516,2558555
DNB,DNB.OL,2002-09-11,33.709999084472656,34.469661712646484,33.520084381103516,33.8999137878418,12.138940811157227,3265785
DNB,DNB.OL,2002-09-12,34.08982849121094,34.08982849121094,33.04529571533203,33.520084381103516,12.002928733825684,1920099
DNB,DNB.OL,2002-09-13,33.23521041870117,34.27974319458008,33.23521041870117,33.994873046875,12.172943115234375,5896945
DNB,DNB.OL,2002-09-16,33.8999137878418,34.27974319458008,33.14025115966797,33.520084381103516,12.002928733825684,2294496
DNB,DNB.OL,2002-09-17,33.709999084472656,34.37470245361328,33.709999084472656,34.08982849121094,12.206947326660156,2603651
DNB,DNB.OL,2002-09-18,33.61503982543945,33.804954528808594,32.76042175292969,33.04529571533203,11.832918167114258,3747181
DNB,DNB.OL,2002-09-19,32.95033645629883,32.95033645629883,30.861265182495117,31.431013107299805,11.254871368408203,4289771
DNB,DNB.OL,2002-09-20,31.336055755615234,31.81084442138672,31.05118179321289,31.14613914489746,11.152862548828125,5179227
DNB,DNB.OL,2002-09-23,31.525970458984375,31.715885162353516,29.341941833496094,29.721773147583008,10.642824172973633,2766010
DNB,DNB.OL,2002-09-24,29.531858444213867,29.91168975830078,28.392364501953125,29.152027130126953,10.438807487487793,4361154
DNB,DNB.OL,2002-09-25,29.531858444213867,32.00075912475586,29.531858444213867,31.336055755615234,11.220867156982422,2789933
DNB,DNB.OL,2002-09-26,31.715885162353516,32.190673828125,31.336055755615234,31.620927810668945,11.322876930236816,2554696
DNB,DNB.OL,2002-09-27,31.81084442138672,32.09571838378906,31.14613914489746,31.81084442138672,11.390884399414062,2404519
DNB,DNB.OL,2002-09-30,30.861265182495117,31.24109649658203,30.101604461669922,30.766307830810547,11.016851425170898,2835128
DNB,DNB.OL,2002-10-01,29.91168975830078,30.861265182495117,29.816730499267578,30.576393127441406,10.948847770690918,2021430
DNB,DNB.OL,2002-10-02,31.14613914489746,31.525970458984375,30.386478424072266,30.861265182495117,11.050853729248047,828018
DNB,DNB.OL,2002-10-03,30.386478424072266,31.431013107299805,30.386478424072266,30.95622444152832,11.084858894348145,1239598
DNB,DNB.OL,2002-10-04,30.576393127441406,30.861265182495117,29.436899185180664,29.91168975830078,10.710827827453613,2595398
DNB,DNB.OL,2002-10-07,28.86715316772461,30.00664710998535,28.01253318786621,29.721773147583008,10.642824172973633,2134864
DNB,DNB.OL,2002-10-08,30.00664710998535,30.00664710998535,28.96211051940918,29.057069778442383,10.404805183410645,964577
DNB,DNB.OL,2002-10-09,29.057069778442383,29.531858444213867,28.67723846435547,28.77219581604004,10.302797317504883,1623738
DNB,DNB.OL,2002-10-10,29.057069778442383,29.721773147583008,28.86715316772461,29.436899185180664,10.540816307067871,3004152
DNB,DNB.OL,2002-10-11,30.671350479125977,31.81084442138672,30.101604461669922,31.81084442138672,11.390884399414062,2258979
DNB,DNB.OL,2002-10-14,31.81084442138672,32.00075912475586,31.336055755615234,31.620927810668945,11.322876930236816,1293043
DNB,DNB.OL,2002-10-15,31.90580177307129,32.665462493896484,31.620927810668945,32.665462493896484,11.696905136108398,2129451
DNB,DNB.OL,2002-10-16,32.95033645629883,33.23521041870117,31.90580177307129,32.2856330871582,11.560894966125488,2767781
DNB,DNB.OL,2002-10-17,32.855377197265625,33.61503982543945,32.665462493896484,33.04529571533203,11.832918167114258,3486741
DNB,DNB.OL,2002-10-18,33.04529571533203,33.04529571533203,31.525970458984375,31.81084442138672,11.390884399414062,2207429
DNB,DNB.OL,2002-10-21,32.09571838378906,32.855377197265625,31.90580177307129,32.76042175292969,11.730910301208496,1916962
DNB,DNB.OL,2002-10-22,32.855377197265625,33.61503982543945,32.76042175292969,32.76042175292969,11.730910301208496,1635572
DNB,DNB.OL,2002-10-23,33.04529571533203,33.04529571533203,30.95622444152832,31.90580177307129,11.424883842468262,1778347
DNB,DNB.OL,2002-10-24,31.81084442138672,32.38058853149414,31.431013107299805,31.81084442138672,11.390884399414062,2221385
DNB,DNB.OL,2002-10-25,31.336055755615234,31.715885162353516,30.95622444152832,31.336055755615234,11.220867156982422,894688
DNB,DNB.OL,2002-10-28,31.431013107299805,32.09571838378906,31.336055755615234,32.09571838378906,11.492888450622559,1870084
DNB,DNB.OL,2002-10-29,32.00075912475586,32.00075912475586,30.861265182495117,30.95622444152832,11.084858894348145,1306957
DNB,DNB.OL,2002-10-30,30.95622444152832,32.190673828125,30.671350479125977,31.81084442138672,11.390884399414062,2155521
DNB,DNB.OL,2002-10-31,32.2856330871582,32.665462493896484,32.09571838378906,32.57050704956055,11.662901878356934,10191880
DNB,DNB.OL,2002-11-01,32.2856330871582,32.665462493896484,31.431013107299805,31.431013107299805,11.254871368408203,1388999
DNB,DNB.OL,2002-11-04,32.09571838378906,32.76042175292969,32.00075912475586,32.2856330871582,11.560894966125488,3090893
DNB,DNB.OL,2002-11-05,32.2856330871582,32.665462493896484,32.00075912475586,32.57050704956055,11.662901878356934,3030792
DNB,DNB.OL,2002-11-06,32.95033645629883,33.04529571533203,32.475547790527344,32.475547790527344,11.628899574279785,1337228
DNB,DNB.OL,2002-11-07,32.665462493896484,32.95033645629883,32.09571838378906,32.190673828125,11.52689266204834,2005203
DNB,DNB.OL,2002-11-08,32.2856330871582,32.2856330871582,31.81084442138672,32.00075912475586,11.45888614654541,1250563
DNB,DNB.OL,2002-11-11,31.336055755615234,31.715885162353516,31.14613914489746,31.24109649658203,11.186863899230957,788738
DNB,DNB.OL,2002-11-12,31.336055755615234,31.525970458984375,30.766307830810547,30.95622444152832,11.084858894348145,2125167
DNB,DNB.OL,2002-11-13,30.95622444152832,30.95622444152832,30.196561813354492,30.576393127441406,10.948847770690918,3241912
DNB,DNB.OL,2002-11-14,30.766307830810547,31.05118179321289,30.386478424072266,30.576393127441406,10.948847770690918,2029245
DNB,DNB.OL,2002-11-15,31.05118179321289,31.14613914489746,30.671350479125977,31.14613914489746,11.152862548828125,5054207
DNB,DNB.OL,2002-11-18,31.24109649658203,31.715885162353516,30.95622444152832,31.336055755615234,11.220867156982422,1966732
DNB,DNB.OL,2002-11-19,31.14613914489746,31.14613914489746,30.481435775756836,30.576393127441406,10.948847770690918,1124960
DNB,DNB.OL,2002-11-20,30.671350479125977,30.671350479125977,30.386478424072266,30.481435775756836,10.914844512939453,616333
DNB,DNB.OL,2002-11-21,31.05118179321289,31.525970458984375,30.861265182495117,31.431013107299805,11.254871368408203,2197660
DNB,DNB.OL,2002-11-22,31.715885162353516,31.90580177307129,31.620927810668945,31.81084442138672,11.390884399414062,2888643
DNB,DNB.OL,2002-11-25,32.00075912475586,32.76042175292969,31.90580177307129,32.38058853149414,11.594898223876953,1788872
DNB,DNB.OL,2002-11-26,32.2856330871582,32.855377197265625,32.2856330871582,32.855377197265625,11.764909744262695,2104733
DNB,DNB.OL,2002-11-27,32.2856330871582,33.04529571533203,32.2856330871582,33.04529571533203,11.832918167114258,1686316
DNB,DNB.OL,2002-11-28,33.23521041870117,33.994873046875,33.23521041870117,33.520084381103516,12.002928733825684,2518477
DNB,DNB.OL,2002-11-29,33.709999084472656,34.08982849121094,33.709999084472656,34.08982849121094,12.206947326660156,9358730
DNB,DNB.OL,2002-12-02,34.08982849121094,34.849491119384766,34.08982849121094,34.849491119384766,12.478965759277344,2124799
DNB,DNB.OL,2002-12-03,34.56461715698242,34.56461715698242,33.709999084472656,33.994873046875,12.172943115234375,2061583
DNB,DNB.OL,2002-12-04,33.709999084472656,33.8999137878418,33.04529571533203,33.61503982543945,12.036930084228516,2761321
DNB,DNB.OL,2002-12-05,33.709999084472656,34.27974319458008,33.709999084472656,34.18478775024414,12.240948677062988,715926
DNB,DNB.OL,2002-12-06,33.994873046875,33.994873046875,32.09571838378906,32.57050704956055,11.662901878356934,2050270
DNB,DNB.OL,2002-12-09,32.95033645629883,32.95033645629883,32.09571838378906,32.09571838378906,11.492888450622559,972067
DNB,DNB.OL,2002-12-10,32.2856330871582,32.76042175292969,31.90580177307129,32.665462493896484,11.696905136108398,1232128
DNB,DNB.OL,2002-12-11,32.665462493896484,33.61503982543945,32.475547790527344,32.57050704956055,11.662901878356934,1768491
DNB,DNB.OL,2002-12-12,32.76042175292969,33.520084381103516,32.09571838378906,33.14025115966797,11.866915702819824,2302575
DNB,DNB.OL,2002-12-13,32.76042175292969,32.76042175292969,32.2856330871582,32.2856330871582,11.560894966125488,2049905
DNB,DNB.OL,2002-12-16,32.2856330871582,33.04529571533203,32.2856330871582,32.76042175292969,11.730910301208496,1564888
DNB,DNB.OL,2002-12-17,32.57050704956055,32.665462493896484,32.09571838378906,32.2856330871582,11.560894966125488,1322720
DNB,DNB.OL,2002-12-18,32.2856330871582,32.57050704956055,32.00075912475586,32.38058853149414,11.594898223876953,2071808
DNB,DNB.OL,2002-12-19,32.38058853149414,32.95033645629883,32.190673828125,32.475547790527344,11.628899574279785,3986538
DNB,DNB.OL,2002-12-20,32.475547790527344,32.76042175292969,32.00075912475586,32.190673828125,11.52689266204834,3563486
DNB,DNB.OL,2002-12-23,32.09571838378906,32.2856330871582,31.90580177307129,32.09571838378906,11.492888450622559,814572
DNB,DNB.OL,2002-12-24,32.09571838378906,32.09571838378906,32.09571838378906,32.09571838378906,11.492888450622559,0
DNB,DNB.OL,2002-12-25,32.09571838378906,32.09571838378906,32.09571838378906,32.09571838378906,11.492888450622559,0
DNB,DNB.OL,2002-12-26,32.09571838378906,32.09571838378906,32.09571838378906,32.09571838378906,11.492888450622559,0
DNB,DNB.OL,2002-12-27,32.2856330871582,32.2856330871582,31.620927810668945,31.90580177307129,11.424883842468262,423038
DNB,DNB.OL,2002-12-30,31.431013107299805,31.525970458984375,30.861265182495117,30.95622444152832,11.084858894348145,1622596
DNB,DNB.OL,2002-12-31,30.95622444152832,30.95622444152832,30.95622444152832,30.95622444152832,11.084858894348145,0
DNB,DNB.OL,2003-01-01,30.95622444152832,30.95622444152832,30.95622444152832,30.95622444152832,11.084858894348145,0
DNB,DNB.OL,2003-01-02,30.95622444152832,32.665462493896484,30.95622444152832,32.475547790527344,11.628899574279785,1579338
DNB,DNB.OL,2003-01-03,32.76042175292969,33.14025115966797,32.475547790527344,32.95033645629883,11.798912048339844,1300988
DNB,DNB.OL,2003-01-06,32.95033645629883,33.42512512207031,32.665462493896484,33.23521041870117,11.900920867919922,1973026
DNB,DNB.OL,2003-01-07,33.04529571533203,33.23521041870117,32.76042175292969,33.14025115966797,11.866915702819824,2208786
DNB,DNB.OL,2003-01-08,32.95033645629883,33.04529571533203,32.190673828125,32.475547790527344,11.628899574279785,1509599
DNB,DNB.OL,2003-01-09,32.475547790527344,32.855377197265625,32.09571838378906,32.665462493896484,11.696905136108398,2613899
DNB,DNB.OL,2003-01-10,32.665462493896484,33.14025115966797,32.665462493896484,33.04529571533203,11.832918167114258,1283672
DNB,DNB.OL,2003-01-13,33.330169677734375,33.61503982543945,33.04529571533203,33.61503982543945,12.036930084228516,1752989
DNB,DNB.OL,2003-01-14,33.520084381103516,33.804954528808594,33.14025115966797,33.23521041870117,11.900920867919922,1495995
DNB,DNB.OL,2003-01-15,33.520084381103516,33.61503982543945,33.14025115966797,33.330169677734375,11.934924125671387,1607524
DNB,DNB.OL,2003-01-16,33.04529571533203,33.61503982543945,33.04529571533203,33.42512512207031,11.968927383422852,1310302
DNB,DNB.OL,2003-01-17,33.330169677734375,33.8999137878418,33.04529571533203,33.520084381103516,12.002928733825684,4684711
DNB,DNB.OL,2003-01-20,33.330169677734375,33.804954528808594,33.330169677734375,33.804954528808594,12.104936599731445,1357814
DNB,DNB.OL,2003-01-21,33.994873046875,34.469661712646484,33.709999084472656,34.08982849121094,12.206947326660156,3178754
DNB,DNB.OL,2003-01-22,34.08982849121094,34.37470245361328,33.61503982543945,33.61503982543945,12.036930084228516,7814096
DNB,DNB.OL,2003-01-23,33.709999084472656,34.18478775024414,33.520084381103516,33.8999137878418,12.138940811157227,3306226
DNB,DNB.OL,2003-01-24,33.8999137878418,34.08982849121094,33.709999084472656,33.804954528808594,12.104936599731445,2905558
DNB,DNB.OL,2003-01-27,33.330169677734375,33.42512512207031,32.95033645629883,33.23521041870117,11.900920867919922,5238679
DNB,DNB.OL,2003-01-28,33.04529571533203,33.23521041870117,32.2856330871582,32.2856330871582,11.560894966125488,3379383
DNB,DNB.OL,2003-01-29,31.81084442138672,32.2856330871582,31.336055755615234,32.09571838378906,11.492888450622559,3422676
DNB,DNB.OL,2003-01-30,32.09571838378906,32.2856330871582,31.90580177307129,32.00075912475586,11.45888614654541,1964458
DNB,DNB.OL,2003-01-31,31.715885162353516,31.81084442138672,31.525970458984375,31.715885162353516,11.356881141662598,3978167
DNB,DNB.OL,2003-02-03,32.190673828125,32.665462493896484,32.190673828125,32.57050704956055,11.662901878356934,2092747
DNB,DNB.OL,2003-02-04,32.190673828125,32.2856330871582,31.525970458984375,31.81084442138672,11.390884399414062,1622554
DNB,DNB.OL,2003-02-05,31.620927810668945,32.00075912475586,31.525970458984375,32.00075912475586,11.45888614654541,1992002
DNB,DNB.OL,2003-02-06,32.00075912475586,32.09571838378906,31.715885162353516,31.81084442138672,11.390884399414062,1499380
DNB,DNB.OL,2003-02-07,31.620927810668945,31.620927810668945,30.95622444152832,30.95622444152832,11.084858894348145,2823063
DNB,DNB.OL,2003-02-10,30.861265182495117,30.861265182495117,29.91168975830078,30.101604461669922,10.778831481933594,3364384
DNB,DNB.OL,2003-02-11,30.386478424072266,30.576393127441406,30.196561813354492,30.386478424072266,10.880843162536621,2650516
DNB,DNB.OL,2003-02-12,30.196561813354492,30.291519165039062,29.626815795898438,29.91168975830078,10.710827827453613,1523019
DNB,DNB.OL,2003-02-13,29.436899185180664,29.436899185180664,28.77219581604004,28.77219581604004,10.302797317504883,8457926
DNB,DNB.OL,2003-02-14,28.96211051940918,29.341941833496094,28.392364501953125,29.246984481811523,10.472808837890625,3372752
DNB,DNB.OL,2003-02-17,29.626815795898438,29.816730499267578,28.202449798583984,28.582279205322266,10.234790802001953,5710830
DNB,DNB.OL,2003-02-18,28.77219581604004,29.436899185180664,28.582279205322266,29.341941833496094,10.506814002990723,4597241
DNB,DNB.OL,2003-02-19,30.386478424072266,30.386478424072266,28.96211051940918,28.96211051940918,10.370803833007812,6672504
DNB,DNB.OL,2003-02-20,28.487323760986328,28.67723846435547,27.7276611328125,27.82261848449707,9.962773323059082,8210121
DNB,DNB.OL,2003-02-21,27.537744522094727,28.487323760986328,27.537744522094727,28.297407150268555,10.132784843444824,4511974
DNB,DNB.OL,2003-02-24,28.392364501953125,28.392364501953125,27.82261848449707,28.202449798583984,10.098780632019043,2010950
DNB,DNB.OL,2003-02-25,27.91757583618164,27.91757583618164,26.8730411529541,27.252872467041016,9.75875473022461,3827829
DNB,DNB.OL,2003-02-26,27.347829818725586,27.347829818725586,26.303295135498047,26.588167190551758,9.520737648010254,2554078
DNB,DNB.OL,2003-02-27,26.113378524780273,26.208337783813477,25.258758544921875,25.54363250732422,9.146708488464355,3152179
DNB,DNB.OL,2003-02-28,25.54363250732422,26.398252487182617,25.54363250732422,25.73354721069336,9.214713096618652,4321490
DNB,DNB.OL,2003-03-03,26.208337783813477,27.252872467041016,26.113378524780273,27.062955856323242,9.69074821472168,5520864
DNB,DNB.OL,2003-03-04,26.68312644958496,27.252872467041016,26.588167190551758,26.68312644958496,9.554738998413086,3919960
DNB,DNB.OL,2003-03-05,26.493209838867188,27.062955856323242,26.398252487182617,27.062955856323242,9.69074821472168,3576968
DNB,DNB.OL,2003-03-06,26.77808380126953,27.442787170410156,26.77808380126953,26.8730411529541,9.622745513916016,3435360
DNB,DNB.OL,2003-03-07,26.77808380126953,27.157913208007812,26.113378524780273,26.113378524780273,9.350723266601562,2339485
DNB,DNB.OL,2003-03-10,26.113378524780273,26.493209838867188,25.068843841552734,25.44867515563965,9.112707138061523,1519096
DNB,DNB.OL,2003-03-11,25.44867515563965,26.303295135498047,25.163801193237305,26.303295135498047,9.418729782104492,2673292
DNB,DNB.OL,2003-03-12,26.303295135498047,26.398252487182617,25.923463821411133,26.303295135498047,9.418729782104492,1900714
DNB,DNB.OL,2003-03-13,25.828506469726562,27.7276611328125,25.54363250732422,26.967998504638672,9.656747817993164,13864768
DNB,DNB.OL,2003-03-14,27.537744522094727,29.152027130126953,27.442787170410156,29.152027130126953,10.438807487487793,9357888
DNB,DNB.OL,2003-03-17,28.297407150268555,28.96211051940918,28.297407150268555,28.67723846435547,10.268795013427734,2736955
DNB,DNB.OL,2003-03-18,29.721773147583008,30.386478424072266,28.487323760986328,28.582279205322266,10.234790802001953,8274394
DNB,DNB.OL,2003-03-19,28.86715316772461,29.626815795898438,28.487323760986328,29.152027130126953,10.438807487487793,2160726
DNB,DNB.OL,2003-03-20,29.341941833496094,29.341941833496094,28.67723846435547,28.67723846435547,10.268795013427734,2137209
DNB,DNB.OL,2003-03-21,29.057069778442383,29.057069778442383,28.487323760986328,28.487323760986328,10.200789451599121,1802791
DNB,DNB.OL,2003-03-24,28.487323760986328,28.582279205322266,27.82261848449707,28.01253318786621,10.030776023864746,1871214
DNB,DNB.OL,2003-03-25,27.63270378112793,28.582279205322266,27.63270378112793,28.202449798583984,10.098780632019043,2534110
DNB,DNB.OL,2003-03-26,28.202449798583984,28.96211051940918,27.91757583618164,27.91757583618164,9.996773719787598,5283264
DNB,DNB.OL,2003-03-27,27.63270378112793,28.202449798583984,27.63270378112793,27.7276611328125,9.9287691116333,1303737
DNB,DNB.OL,2003-03-28,27.82261848449707,28.202449798583984,27.7276611328125,27.7276611328125,9.9287691116333,2065663
DNB,DNB.OL,2003-03-31,27.63270378112793,27.63270378112793,27.062955856323242,27.252872467041016,9.75875473022461,1219248
DNB,DNB.OL,2003-04-01,27.062955856323242,27.7276611328125,26.8730411529541,27.7276611328125,9.9287691116333,2421540
DNB,DNB.OL,2003-04-02,27.252872467041016,27.442787170410156,26.113378524780273,26.588167190551758,9.520737648010254,14057152
DNB,DNB.OL,2003-04-03,26.77808380126953,27.82261848449707,26.493209838867188,27.7276611328125,9.9287691116333,11786822
DNB,DNB.OL,2003-04-04,27.537744522094727,28.297407150268555,27.252872467041016,28.297407150268555,10.132784843444824,9638834
DNB,DNB.OL,2003-04-07,28.582279205322266,29.531858444213867,28.487323760986328,28.86715316772461,10.336796760559082,10040117
DNB,DNB.OL,2003-04-08,28.487323760986328,28.86715316772461,28.107492446899414,28.392364501953125,10.166787147521973,3285542
DNB,DNB.OL,2003-04-09,28.202449798583984,28.77219581604004,27.63270378112793,28.582279205322266,10.234790802001953,2489803
DNB,DNB.OL,2003-04-10,28.487323760986328,28.67723846435547,28.202449798583984,28.67723846435547,10.268795013427734,1966811
DNB,DNB.OL,2003-04-11,28.392364501953125,28.67723846435547,27.7276611328125,28.392364501953125,10.166787147521973,9416328
DNB,DNB.OL,2003-04-14,28.392364501953125,28.487323760986328,28.01253318786621,28.202449798583984,10.098780632019043,2025658
DNB,DNB.OL,2003-04-15,28.582279205322266,29.057069778442383,28.582279205322266,28.86715316772461,10.336796760559082,3862721
DNB,DNB.OL,2003-04-16,29.246984481811523,29.721773147583008,29.246984481811523,29.341941833496094,10.506814002990723,2960621
DNB,DNB.OL,2003-04-17,29.341941833496094,29.341941833496094,29.341941833496094,29.341941833496094,10.506814002990723,0
DNB,DNB.OL,2003-04-18,29.341941833496094,29.341941833496094,29.341941833496094,29.341941833496094,10.506814002990723,0
DNB,DNB.OL,2003-04-21,29.341941833496094,29.341941833496094,29.341941833496094,29.341941833496094,10.506814002990723,0
DNB,DNB.OL,2003-04-22,29.721773147583008,29.721773147583008,28.86715316772461,28.96211051940918,10.370803833007812,7071500
DNB,DNB.OL,2003-04-23,29.436899185180664,30.576393127441406,29.341941833496094,30.481435775756836,10.914844512939453,6699531
DNB,DNB.OL,2003-04-24,30.576393127441406,30.766307830810547,30.101604461669922,30.576393127441406,10.948847770690918,8017168
DNB,DNB.OL,2003-04-25,28.297407150268555,28.77219581604004,28.202449798583984,28.297407150268555,10.132784843444824,6372747
DNB,DNB.OL,2003-04-28,28.297407150268555,28.67723846435547,28.107492446899414,28.487323760986328,10.200789451599121,3790325
DNB,DNB.OL,2003-04-29,28.67723846435547,30.671350479125977,28.67723846435547,30.671350479125977,10.982851028442383,7891210
DNB,DNB.OL,2003-04-30,30.386478424072266,31.81084442138672,30.196561813354492,31.715885162353516,11.356881141662598,12510225
DNB,DNB.OL,2003-05-01,31.715885162353516,31.715885162353516,31.715885162353516,31.715885162353516,11.356881141662598,0
DNB,DNB.OL,2003-05-02,31.715885162353516,31.90580177307129,30.95622444152832,31.525970458984375,11.288873672485352,6573989
DNB,DNB.OL,2003-05-05,31.81084442138672,32.00075912475586,31.431013107299805,31.431013107299805,11.254871368408203,3547721
DNB,DNB.OL,2003-05-06,31.620927810668945,32.09571838378906,31.431013107299805,31.90580177307129,11.424883842468262,4195468
DNB,DNB.OL,2003-05-07,32.190673828125,32.190673828125,31.715885162353516,31.90580177307129,11.424883842468262,4185568
DNB,DNB.OL,2003-05-08,31.336055755615234,32.09571838378906,31.14613914489746,31.715885162353516,11.356881141662598,7942401
DNB,DNB.OL,2003-05-09,31.81084442138672,32.855377197265625,31.715885162353516,32.855377197265625,11.764909744262695,5986984
DNB,DNB.OL,2003-05-12,32.665462493896484,33.804954528808594,32.38058853149414,33.23521041870117,11.900920867919922,6160641
DNB,DNB.OL,2003-05-13,33.42512512207031,33.520084381103516,32.76042175292969,33.23521041870117,11.900920867919922,5529891
DNB,DNB.OL,2003-05-14,33.23521041870117,34.18478775024414,33.23521041870117,33.709999084472656,12.070934295654297,7902186
DNB,DNB.OL,2003-05-15,33.61503982543945,33.709999084472656,33.14025115966797,33.709999084472656,12.070934295654297,6262050
DNB,DNB.OL,2003-05-16,33.709999084472656,33.994873046875,33.520084381103516,33.709999084472656,12.070934295654297,3837650
DNB,DNB.OL,2003-05-19,33.330169677734375,33.42512512207031,33.04529571533203,33.330169677734375,11.934924125671387,4609756
DNB,DNB.OL,2003-05-20,32.855377197265625,33.14025115966797,32.38058853149414,32.38058853149414,11.594898223876953,8373094
DNB,DNB.OL,2003-05-21,32.2856330871582,32.2856330871582,31.715885162353516,31.715885162353516,11.356881141662598,7969609
DNB,DNB.OL,2003-05-22,31.525970458984375,32.665462493896484,31.431013107299805,32.57050704956055,11.662901878356934,3954852
DNB,DNB.OL,2003-05-23,32.76042175292969,32.95033645629883,32.190673828125,32.57050704956055,11.662901878356934,5469242
DNB,DNB.OL,2003-05-26,32.475547790527344,32.95033645629883,32.475547790527344,32.665462493896484,11.696905136108398,1539473
DNB,DNB.OL,2003-05-27,32.2856330871582,32.38058853149414,32.190673828125,32.2856330871582,11.560894966125488,4053749
DNB,DNB.OL,2003-05-28,32.855377197265625,34.27974319458008,32.855377197265625,33.804954528808594,12.104936599731445,6681448
DNB,DNB.OL,2003-05-29,33.804954528808594,33.804954528808594,33.804954528808594,33.804954528808594,12.104936599731445,0
DNB,DNB.OL,2003-05-30,33.804954528808594,34.56461715698242,33.804954528808594,34.56461715698242,12.376956939697266,4613559
DNB,DNB.OL,2003-06-02,34.94445037841797,35.609153747558594,34.75453567504883,35.51419448852539,12.716983795166016,3185625
DNB,DNB.OL,2003-06-03,35.13436508178711,36.27385711669922,35.039405822753906,35.70410919189453,12.784987449645996,4405272
DNB,DNB.OL,2003-06-04,35.988983154296875,36.17890167236328,35.609153747558594,35.799068450927734,12.818990707397461,3841061
DNB,DNB.OL,2003-06-05,35.89402770996094,35.89402770996094,34.849491119384766,35.13436508178711,12.580974578857422,4617944
DNB,DNB.OL,2003-06-06,35.41923904418945,35.609153747558594,35.13436508178711,35.13436508178711,12.580974578857422,5193702
DNB,DNB.OL,2003-06-09,35.13436508178711,35.13436508178711,35.13436508178711,35.13436508178711,12.580974578857422,0
DNB,DNB.OL,2003-06-10,35.039405822753906,35.039405822753906,34.18478775024414,34.27974319458008,12.27495002746582,4221598
DNB,DNB.OL,2003-06-11,34.56461715698242,34.75453567504883,34.08982849121094,34.37470245361328,12.308955192565918,11415558
DNB,DNB.OL,2003-06-12,34.75453567504883,34.849491119384766,33.42512512207031,33.42512512207031,11.968927383422852,7467684
DNB,DNB.OL,2003-06-13,33.42512512207031,33.709999084472656,32.95033645629883,32.95033645629883,11.798912048339844,4970646
DNB,DNB.OL,2003-06-16,32.665462493896484,33.61503982543945,32.38058853149414,33.61503982543945,12.036930084228516,4413633
DNB,DNB.OL,2003-06-17,34.37470245361328,35.70410919189453,34.18478775024414,34.849491119384766,12.478965759277344,9576055
DNB,DNB.OL,2003-06-18,34.56461715698242,35.32427978515625,34.08982849121094,34.75453567504883,12.444965362548828,6087236
DNB,DNB.OL,2003-06-19,34.37470245361328,35.22932052612305,34.37470245361328,34.37470245361328,12.308955192565918,2791680
DNB,DNB.OL,2003-06-20,34.27974319458008,34.56461715698242,33.994873046875,34.18478775024414,12.240948677062988,2143403
DNB,DNB.OL,2003-06-23,34.18478775024414,34.37470245361328,33.994873046875,34.27974319458008,12.27495002746582,2274598
DNB,DNB.OL,2003-06-24,34.18478775024414,34.37470245361328,33.8999137878418,33.994873046875,12.172943115234375,5040596
DNB,DNB.OL,2003-06-25,33.8999137878418,34.27974319458008,33.8999137878418,34.18478775024414,12.240948677062988,2448092
DNB,DNB.OL,2003-06-26,34.18478775024414,34.27974319458008,34.08982849121094,34.18478775024414,12.240948677062988,2726460
DNB,DNB.OL,2003-06-27,33.8999137878418,34.18478775024414,33.804954528808594,34.08982849121094,12.206947326660156,1454303
DNB,DNB.OL,2003-06-30,33.994873046875,34.27974319458008,33.804954528808594,33.804954528808594,12.104936599731445,2179572
DNB,DNB.OL,2003-07-01,33.61503982543945,33.804954528808594,33.42512512207031,33.709999084472656,12.070934295654297,1772338
DNB,DNB.OL,2003-07-02,33.8999137878418,34.56461715698242,33.8999137878418,34.469661712646484,12.342954635620117,2987459
DNB,DNB.OL,2003-07-03,34.56461715698242,34.75453567504883,34.469661712646484,34.659576416015625,12.410962104797363,2652653
DNB,DNB.OL,2003-07-04,34.469661712646484,34.94445037841797,34.469661712646484,34.659576416015625,12.410962104797363,1746289
DNB,DNB.OL,2003-07-07,34.75453567504883,35.22932052612305,34.75453567504883,34.849491119384766,12.478965759277344,1268444
DNB,DNB.OL,2003-07-08,34.659576416015625,34.659576416015625,33.709999084472656,33.804954528808594,12.104936599731445,3914211
DNB,DNB.OL,2003-07-09,33.804954528808594,33.8999137878418,33.330169677734375,33.330169677734375,11.934924125671387,6216754
DNB,DNB.OL,2003-07-10,33.23521041870117,33.520084381103516,32.57050704956055,33.04529571533203,11.832918167114258,2365831
DNB,DNB.OL,2003-07-11,33.23521041870117,34.27974319458008,33.23521041870117,34.18478775024414,12.240948677062988,3715329
DNB,DNB.OL,2003-07-14,34.18478775024414,34.37470245361328,34.08982849121094,34.37470245361328,12.308955192565918,2526455
DNB,DNB.OL,2003-07-15,34.469661712646484,34.75453567504883,33.804954528808594,34.659576416015625,12.410962104797363,2676090
DNB,DNB.OL,2003-07-16,34.849491119384766,34.849491119384766,34.37470245361328,34.37470245361328,12.308955192565918,1740229
DNB,DNB.OL,2003-07-17,34.18478775024414,34.18478775024414,33.61503982543945,33.994873046875,12.172943115234375,3053181
DNB,DNB.OL,2003-07-18,33.804954528808594,34.08982849121094,33.804954528808594,33.8999137878418,12.138940811157227,3766618
DNB,DNB.OL,2003-07-21,33.709999084472656,33.8999137878418,33.61503982543945,33.709999084472656,12.070934295654297,561895
DNB,DNB.OL,2003-07-22,33.23521041870117,33.42512512207031,32.95033645629883,33.330169677734375,11.934924125671387,3117594
DNB,DNB.OL,2003-07-23,33.330169677734375,33.994873046875,33.330169677734375,33.8999137878418,12.138940811157227,1120951
DNB,DNB.OL,2003-07-24,33.994873046875,34.56461715698242,33.804954528808594,34.469661712646484,12.342954635620117,1357631
DNB,DNB.OL,2003-07-25,34.18478775024414,34.75453567504883,34.18478775024414,34.56461715698242,12.376956939697266,1689647
DNB,DNB.OL,2003-07-28,34.94445037841797,35.22932052612305,34.75453567504883,34.849491119384766,12.478965759277344,2156837
DNB,DNB.OL,2003-07-29,35.13436508178711,35.13436508178711,34.849491119384766,34.849491119384766,12.478965759277344,1798531
DNB,DNB.OL,2003-07-30,34.37470245361328,34.849491119384766,34.37470245361328,34.75453567504883,12.444965362548828,1193621
DNB,DNB.OL,2003-07-31,34.56461715698242,35.609153747558594,34.56461715698242,35.609153747558594,12.750986099243164,1726881
DNB,DNB.OL,2003-08-01,35.609153747558594,35.70410919189453,34.75453567504883,34.75453567504883,12.444965362548828,1329347
DNB,DNB.OL,2003-08-04,34.659576416015625,35.32427978515625,34.659576416015625,35.32427978515625,12.648978233337402,1174264
DNB,DNB.OL,2003-08-05,35.609153747558594,35.799068450927734,35.32427978515625,35.70410919189453,12.784987449645996,1644954
DNB,DNB.OL,2003-08-06,35.13436508178711,35.32427978515625,34.849491119384766,34.94445037841797,12.512969017028809,2000333
DNB,DNB.OL,2003-08-07,34.659576416015625,34.75453567504883,34.27974319458008,34.659576416015625,12.410962104797363,2221993
DNB,DNB.OL,2003-08-08,34.08982849121094,34.659576416015625,33.994873046875,34.659576416015625,12.410962104797363,1850638
DNB,DNB.OL,2003-08-11,34.75453567504883,34.94445037841797,34.08982849121094,34.18478775024414,12.240948677062988,2214202
DNB,DNB.OL,2003-08-12,34.27974319458008,34.37470245361328,34.08982849121094,34.27974319458008,12.27495002746582,3011555
DNB,DNB.OL,2003-08-13,34.849491119384766,34.849491119384766,34.37470245361328,34.469661712646484,12.342954635620117,3724359
DNB,DNB.OL,2003-08-14,34.56461715698242,34.56461715698242,34.27974319458008,34.469661712646484,12.342954635620117,3405658
DNB,DNB.OL,2003-08-15,34.469661712646484,34.56461715698242,34.08982849121094,34.18478775024414,12.240948677062988,3806573
DNB,DNB.OL,2003-08-18,34.56461715698242,34.56461715698242,33.8999137878418,34.08982849121094,12.206947326660156,2135940
DNB,DNB.OL,2003-08-19,33.804954528808594,34.37470245361328,33.709999084472656,33.709999084472656,12.070934295654297,4768112
DNB,DNB.OL,2003-08-20,33.520084381103516,33.994873046875,33.520084381103516,33.994873046875,12.172943115234375,2852462
DNB,DNB.OL,2003-08-21,33.8999137878418,34.659576416015625,33.8999137878418,34.469661712646484,12.342954635620117,3979011
DNB,DNB.OL,2003-08-22,34.659576416015625,34.849491119384766,34.469661712646484,34.659576416015625,12.410962104797363,1770133
DNB,DNB.OL,2003-08-25,34.56461715698242,34.56461715698242,34.08982849121094,34.08982849121094,12.206947326660156,1542422
DNB,DNB.OL,2003-08-26,34.27974319458008,34.27974319458008,33.23521041870117,33.330169677734375,11.934924125671387,4097664
DNB,DNB.OL,2003-08-27,33.520084381103516,33.709999084472656,33.14025115966797,33.23521041870117,11.900920867919922,3816581
DNB,DNB.OL,2003-08-28,33.520084381103516,33.61503982543945,33.23521041870117,33.42512512207031,11.968927383422852,2906732
DNB,DNB.OL,2003-08-29,33.520084381103516,33.8999137878418,33.23521041870117,33.330169677734375,11.934924125671387,3163914
DNB,DNB.OL,2003-09-01,33.42512512207031,33.804954528808594,33.330169677734375,33.61503982543945,12.036930084228516,2069118
DNB,DNB.OL,2003-09-02,33.61503982543945,33.709999084472656,33.23521041870117,33.330169677734375,11.934924125671387,3754772
DNB,DNB.OL,2003-09-03,33.61503982543945,33.804954528808594,33.23521041870117,33.23521041870117,11.900920867919922,6448849
DNB,DNB.OL,2003-09-04,33.330169677734375,34.18478775024414,33.330169677734375,33.804954528808594,12.104936599731445,7612404
DNB,DNB.OL,2003-09-05,33.709999084472656,33.8999137878418,33.709999084472656,33.8999137878418,12.138940811157227,5209990
DNB,DNB.OL,2003-09-08,33.804954528808594,34.37470245361328,33.709999084472656,34.37470245361328,12.308955192565918,4099070
DNB,DNB.OL,2003-09-09,34.469661712646484,34.75453567504883,33.994873046875,34.18478775024414,12.240948677062988,2507562
DNB,DNB.OL,2003-09-10,34.18478775024414,34.18478775024414,33.709999084472656,33.8999137878418,12.138940811157227,2205331
DNB,DNB.OL,2003-09-11,33.61503982543945,33.994873046875,33.61503982543945,33.994873046875,12.172943115234375,1910145
DNB,DNB.OL,2003-09-12,33.994873046875,34.08982849121094,33.42512512207031,33.42512512207031,11.968927383422852,1312106
DNB,DNB.OL,2003-09-15,33.520084381103516,33.804954528808594,33.42512512207031,33.709999084472656,12.070934295654297,1601426
DNB,DNB.OL,2003-09-16,33.520084381103516,33.8999137878418,33.520084381103516,33.804954528808594,12.104936599731445,2913488
DNB,DNB.OL,2003-09-17,34.18478775024414,34.37470245361328,33.804954528808594,33.994873046875,12.172943115234375,3772463
DNB,DNB.OL,2003-09-18,33.8999137878418,34.08982849121094,33.520084381103516,33.804954528808594,12.104936599731445,4620097
DNB,DNB.OL,2003-09-19,33.804954528808594,34.18478775024414,33.520084381103516,33.520084381103516,12.002928733825684,4865677
DNB,DNB.OL,2003-09-22,33.23521041870117,33.330169677734375,32.95033645629883,33.04529571533203,11.832918167114258,2763515
DNB,DNB.OL,2003-09-23,33.04529571533203,33.61503982543945,32.95033645629883,33.42512512207031,11.968927383422852,1618893
DNB,DNB.OL,2003-09-24,33.520084381103516,33.994873046875,33.42512512207031,33.8999137878418,12.138940811157227,4895074
DNB,DNB.OL,2003-09-25,33.520084381103516,33.709999084472656,32.38058853149414,32.76042175292969,11.730910301208496,5145820
DNB,DNB.OL,2003-09-26,32.57050704956055,32.76042175292969,32.09571838378906,32.665462493896484,11.696905136108398,5231634
DNB,DNB.OL,2003-09-29,32.00075912475586,32.855377197265625,31.715885162353516,31.715885162353516,11.356881141662598,3115996
DNB,DNB.OL,2003-09-30,32.2856330871582,32.665462493896484,32.09571838378906,32.09571838378906,11.492888450622559,6663767
DNB,DNB.OL,2003-10-01,32.57050704956055,32.665462493896484,32.475547790527344,32.57050704956055,11.662901878356934,7229496
DNB,DNB.OL,2003-10-02,32.76042175292969,32.95033645629883,32.57050704956055,32.665462493896484,11.696905136108398,3469885
DNB,DNB.OL,2003-10-03,32.665462493896484,32.76042175292969,32.38058853149414,32.665462493896484,11.696905136108398,3451097
DNB,DNB.OL,2003-10-06,32.665462493896484,32.76042175292969,32.38058853149414,32.76042175292969,11.730910301208496,1961702
DNB,DNB.OL,2003-10-07,32.57050704956055,32.855377197265625,32.475547790527344,32.57050704956055,11.662901878356934,2232181
DNB,DNB.OL,2003-10-08,32.855377197265625,33.23521041870117,32.57050704956055,33.23521041870117,11.900920867919922,2319015
DNB,DNB.OL,2003-10-09,32.95033645629883,33.520084381103516,32.95033645629883,33.23521041870117,11.900920867919922,1267007
DNB,DNB.OL,2003-10-10,33.23521041870117,33.994873046875,33.23521041870117,33.8999137878418,12.138940811157227,2614358
DNB,DNB.OL,2003-10-13,33.42512512207031,34.18478775024414,33.42512512207031,34.18478775024414,12.240948677062988,1743654
DNB,DNB.OL,2003-10-14,34.18478775024414,34.18478775024414,33.804954528808594,34.18478775024414,12.240948677062988,1203390
DNB,DNB.OL,2003-10-15,34.27974319458008,34.659576416015625,34.27974319458008,34.469661712646484,12.342954635620117,1615822
DNB,DNB.OL,2003-10-16,34.37470245361328,35.039405822753906,34.37470245361328,34.94445037841797,12.512969017028809,6673856
DNB,DNB.OL,2003-10-17,35.32427978515625,35.32427978515625,34.849491119384766,35.039405822753906,12.546971321105957,4186307
DNB,DNB.OL,2003-10-20,34.849491119384766,34.94445037841797,34.659576416015625,34.659576416015625,12.410962104797363,2531401
DNB,DNB.OL,2003-10-21,34.849491119384766,34.849491119384766,34.659576416015625,34.75453567504883,12.444965362548828,2431675
DNB,DNB.OL,2003-10-22,34.56461715698242,34.849491119384766,34.37470245361328,34.56461715698242,12.376956939697266,1446527
DNB,DNB.OL,2003-10-23,34.27974319458008,34.849491119384766,34.18478775024414,34.849491119384766,12.478965759277344,1655512
DNB,DNB.OL,2003-10-24,34.94445037841797,34.94445037841797,34.37470245361328,34.659576416015625,12.410962104797363,2883773
DNB,DNB.OL,2003-10-27,34.94445037841797,35.32427978515625,34.75453567504883,35.32427978515625,12.648978233337402,2642471
DNB,DNB.OL,2003-10-28,35.609153747558594,36.08394241333008,35.609153747558594,35.89402770996094,12.852996826171875,4646480
DNB,DNB.OL,2003-10-29,36.08394241333008,36.08394241333008,35.41923904418945,35.799068450927734,12.818990707397461,5456481
DNB,DNB.OL,2003-10-30,36.36881637573242,38.4578857421875,36.27385711669922,38.07805633544922,13.63505744934082,18013815
DNB,DNB.OL,2003-10-31,37.983097076416016,39.312503814697266,37.88813781738281,39.21754837036133,14.043088912963867,11777747
DNB,DNB.OL,2003-11-03,39.21754837036133,39.40746307373047,38.55284118652344,38.932674407958984,13.941078186035156,5501293
DNB,DNB.OL,2003-11-04,39.21754837036133,39.21754837036133,37.793182373046875,38.26797103881836,13.7030611038208,4428291
DNB,DNB.OL,2003-11-05,38.173011779785156,38.173011779785156,37.793182373046875,37.88813781738281,13.567047119140625,4778499
DNB,DNB.OL,2003-11-06,37.983097076416016,38.742759704589844,37.88813781738281,38.64780044555664,13.839069366455078,3287463
DNB,DNB.OL,2003-11-07,39.40746307373047,39.40746307373047,38.64780044555664,38.932674407958984,13.941078186035156,5126069
DNB,DNB.OL,2003-11-10,38.83771514892578,39.312503814697266,38.26797103881836,38.4578857421875,13.77106761932373,3353720
DNB,DNB.OL,2003-11-11,38.3629264831543,38.55284118652344,38.26797103881836,38.3629264831543,13.737062454223633,3123073
DNB,DNB.OL,2003-11-12,38.3629264831543,38.932674407958984,38.07805633544922,38.932674407958984,13.941078186035156,2689984
DNB,DNB.OL,2003-11-13,39.02763366699219,39.02763366699219,38.3629264831543,38.3629264831543,13.737062454223633,2848364
DNB,DNB.OL,2003-11-14,38.4578857421875,38.932674407958984,38.4578857421875,38.64780044555664,13.839069366455078,1931264
DNB,DNB.OL,2003-11-17,38.26797103881836,38.26797103881836,37.41334915161133,37.983097076416016,13.601052284240723,3411910
DNB,DNB.OL,2003-11-18,37.983097076416016,38.173011779785156,37.793182373046875,37.793182373046875,13.533049583435059,678656
DNB,DNB.OL,2003-11-19,37.50830841064453,38.64780044555664,37.128475189208984,37.41334915161133,13.397035598754883,3614004
DNB,DNB.OL,2003-11-20,37.50830841064453,37.793182373046875,36.938560485839844,37.03351974487305,13.26102352142334,8055733
DNB,DNB.OL,2003-11-21,37.31839370727539,37.50830841064453,36.843605041503906,37.31839370727539,13.363033294677734,2562455
DNB,DNB.OL,2003-11-24,37.50830841064453,37.603267669677734,37.03351974487305,37.41334915161133,13.397035598754883,3638495
DNB,DNB.OL,2003-11-25,37.22343444824219,38.173011779785156,37.128475189208984,38.07805633544922,13.63505744934082,5125299
DNB,DNB.OL,2003-11-26,37.983097076416016,38.64780044555664,37.983097076416016,38.64780044555664,13.839069366455078,4574006
DNB,DNB.OL,2003-11-27,39.59737777709961,39.69233703613281,39.21754837036133,39.312503814697266,14.0770902633667,4800319
DNB,DNB.OL,2003-11-28,39.88225173950195,40.35704040527344,39.122589111328125,39.122589111328125,14.009082794189453,5418162
DNB,DNB.OL,2003-12-01,39.312503814697266,39.88225173950195,39.122589111328125,39.50242233276367,14.145095825195312,1962854
DNB,DNB.OL,2003-12-02,40.1671257019043,40.736873626708984,40.1671257019043,40.54695510864258,14.519121170043945,5151489
DNB,DNB.OL,2003-12-03,40.64191436767578,41.02174377441406,40.64191436767578,40.926788330078125,14.655133247375488,8216203
DNB,DNB.OL,2003-12-04,41.116703033447266,41.306617736816406,40.83182907104492,41.116703033447266,14.723139762878418,17157603
DNB,DNB.OL,2003-12-05,40.83182907104492,41.02174377441406,40.45199966430664,40.736873626708984,14.587130546569824,13711422
DNB,DNB.OL,2003-12-08,40.45199966430664,41.2116584777832,40.262081146240234,40.83182907104492,14.621131896972656,48254379
DNB,DNB.OL,2003-12-09,41.2116584777832,42.35115432739258,40.926788330078125,42.256195068359375,15.1311674118042,4095164
DNB,DNB.OL,2003-12-10,42.35115432739258,42.636024475097656,41.116703033447266,41.2116584777832,14.7571439743042,6734794
DNB,DNB.OL,2003-12-11,41.306617736816406,41.876365661621094,41.2116584777832,41.2116584777832,14.7571439743042,4037252
DNB,DNB.OL,2003-12-12,41.49653244018555,41.97132110595703,41.306617736816406,41.78140640258789,14.96115493774414,2868383
DNB,DNB.OL,2003-12-15,41.97132110595703,43.395687103271484,41.97132110595703,42.9208984375,15.369190216064453,4861250
DNB,DNB.OL,2003-12-16,42.82594299316406,43.0158576965332,42.066280364990234,43.0158576965332,15.403189659118652,2822880
DNB,DNB.OL,2003-12-17,42.82594299316406,42.9208984375,41.59149169921875,41.59149169921875,14.893152236938477,4191372
DNB,DNB.OL,2003-12-18,41.306617736816406,42.35115432739258,41.116703033447266,42.35115432739258,15.16517162322998,7628532
DNB,DNB.OL,2003-12-19,42.256195068359375,42.636024475097656,41.68644714355469,42.256195068359375,15.1311674118042,5134975
DNB,DNB.OL,2003-12-22,42.54106903076172,42.54106903076172,42.066280364990234,42.35115432739258,15.16517162322998,2635159
DNB,DNB.OL,2003-12-23,42.256195068359375,42.256195068359375,41.59149169921875,41.78140640258789,14.96115493774414,1736631
DNB,DNB.OL,2003-12-24,41.78140640258789,41.78140640258789,41.78140640258789,41.78140640258789,14.96115493774414,0
DNB,DNB.OL,2003-12-25,41.78140640258789,41.78140640258789,41.78140640258789,41.78140640258789,14.96115493774414,0
DNB,DNB.OL,2003-12-26,41.78140640258789,41.78140640258789,41.78140640258789,41.78140640258789,14.96115493774414,0
DNB,DNB.OL,2003-12-29,41.78140640258789,42.256195068359375,41.68644714355469,42.16123962402344,15.097172737121582,1838415
DNB,DNB.OL,2003-12-30,42.256195068359375,42.636024475097656,42.16123962402344,42.16123962402344,15.097172737121582,1622239
DNB,DNB.OL,2003-12-31,42.16123962402344,42.16123962402344,42.16123962402344,42.16123962402344,15.097172737121582,0
DNB,DNB.OL,2004-01-01,42.16123962402344,42.16123962402344,42.16123962402344,42.16123962402344,15.097172737121582,0
DNB,DNB.OL,2004-01-02,42.636024475097656,43.30073165893555,42.54106903076172,43.11081314086914,15.437193870544434,1926346
DNB,DNB.OL,2004-01-05,43.0158576965332,43.11081314086914,42.256195068359375,43.11081314086914,15.437193870544434,2133194
DNB,DNB.OL,2004-01-06,42.9208984375,43.30073165893555,42.636024475097656,43.0158576965332,15.403189659118652,2315172
DNB,DNB.OL,2004-01-07,42.73098373413086,42.9208984375,42.636024475097656,42.73098373413086,15.30118179321289,8049475
DNB,DNB.OL,2004-01-08,42.636024475097656,42.636024475097656,41.40157699584961,41.40157699584961,14.825148582458496,9519530
DNB,DNB.OL,2004-01-09,41.59149169921875,41.97132110595703,41.02174377441406,41.78140640258789,14.96115493774414,9762667
DNB,DNB.OL,2004-01-12,41.40157699584961,41.49653244018555,40.83182907104492,41.2116584777832,14.7571439743042,7134827
DNB,DNB.OL,2004-01-13,41.306617736816406,41.59149169921875,41.02174377441406,41.116703033447266,14.723139762878418,6100282
DNB,DNB.OL,2004-01-14,41.2116584777832,41.2116584777832,40.736873626708984,40.736873626708984,14.587130546569824,6830099
DNB,DNB.OL,2004-01-15,40.83182907104492,41.40157699584961,40.736873626708984,41.116703033447266,14.723139762878418,6446379
DNB,DNB.OL,2004-01-16,41.49653244018555,41.49653244018555,41.116703033447266,41.116703033447266,14.723139762878418,2983122
DNB,DNB.OL,2004-01-19,41.306617736816406,41.49653244018555,41.116703033447266,41.2116584777832,14.7571439743042,5118267
DNB,DNB.OL,2004-01-20,41.2116584777832,41.97132110595703,41.116703033447266,41.68644714355469,14.927156448364258,4526538
DNB,DNB.OL,2004-01-21,41.59149169921875,42.446109771728516,41.59149169921875,42.066280364990234,15.063165664672852,3748705
DNB,DNB.OL,2004-01-22,42.16123962402344,42.54106903076172,41.876365661621094,42.54106903076172,15.233181953430176,3750212
DNB,DNB.OL,2004-01-23,42.256195068359375,42.446109771728516,41.68644714355469,41.78140640258789,14.96115493774414,2353440
DNB,DNB.OL,2004-01-26,41.59149169921875,41.68644714355469,41.2116584777832,41.2116584777832,14.7571439743042,2841241
DNB,DNB.OL,2004-01-27,41.78140640258789,41.78140640258789,41.306617736816406,41.49653244018555,14.859148025512695,4118226
DNB,DNB.OL,2004-01-28,41.02174377441406,41.02174377441406,39.78729248046875,40.262081146240234,14.417116165161133,17256290
DNB,DNB.OL,2004-01-29,39.88225173950195,40.45199966430664,39.78729248046875,39.977210998535156,14.315107345581055,7399702
DNB,DNB.OL,2004-01-30,40.1671257019043,40.54695510864258,39.88225173950195,39.977210998535156,14.315107345581055,5499359
DNB,DNB.OL,2004-02-02,40.45199966430664,40.64191436767578,39.50242233276367,40.64191436767578,14.553126335144043,3903172
DNB,DNB.OL,2004-02-03,40.54695510864258,40.54695510864258,39.78729248046875,39.78729248046875,14.247103691101074,3608270
DNB,DNB.OL,2004-02-04,40.1671257019043,41.116703033447266,40.1671257019043,41.116703033447266,14.723139762878418,12900000
DNB,DNB.OL,2004-02-05,41.116703033447266,41.306617736816406,40.83182907104492,41.306617736816406,14.791149139404297,5404083
DNB,DNB.OL,2004-02-06,41.306617736816406,41.68644714355469,41.2116584777832,41.40157699584961,14.825148582458496,6586986
DNB,DNB.OL,2004-02-09,41.306617736816406,41.49653244018555,41.02174377441406,41.02174377441406,14.689135551452637,3124907
DNB,DNB.OL,2004-02-10,41.02174377441406,41.306617736816406,40.54695510864258,40.54695510864258,14.519121170043945,3789440
DNB,DNB.OL,2004-02-11,40.262081146240234,40.83182907104492,40.262081146240234,40.35704040527344,14.451118469238281,8556296
DNB,DNB.OL,2004-02-12,40.64191436767578,40.926788330078125,40.54695510864258,40.83182907104492,14.621131896972656,5490303
DNB,DNB.OL,2004-02-13,40.83182907104492,41.306617736816406,40.45199966430664,41.306617736816406,14.791149139404297,4649455
DNB,DNB.OL,2004-02-16,41.2116584777832,41.2116584777832,40.926788330078125,41.02174377441406,14.689135551452637,1705858
DNB,DNB.OL,2004-02-17,41.2116584777832,41.59149169921875,41.116703033447266,41.40157699584961,14.825148582458496,2013561
DNB,DNB.OL,2004-02-18,41.59149169921875,41.78140640258789,41.40157699584961,41.68644714355469,14.927156448364258,2326136
DNB,DNB.OL,2004-02-19,41.78140640258789,42.9208984375,41.78140640258789,42.636024475097656,15.267183303833008,5881371
DNB,DNB.OL,2004-02-20,42.73098373413086,43.0158576965332,42.446109771728516,42.82594299316406,15.335184097290039,5467932
DNB,DNB.OL,2004-02-23,42.9208984375,43.77552032470703,42.9208984375,43.68056106567383,15.641209602355957,4046004
DNB,DNB.OL,2004-02-24,43.68056106567383,43.68056106567383,43.11081314086914,43.205772399902344,15.471198081970215,4181821
DNB,DNB.OL,2004-02-25,43.68056106567383,43.77552032470703,43.11081314086914,43.11081314086914,15.437193870544434,4158848
DNB,DNB.OL,2004-02-26,42.73098373413086,42.82594299316406,41.876365661621094,42.16123962402344,15.097172737121582,11272681
DNB,DNB.OL,2004-02-27,41.78140640258789,42.256195068359375,41.49653244018555,42.16123962402344,15.097172737121582,7985399
DNB,DNB.OL,2004-03-01,42.446109771728516,43.68056106567383,42.16123962402344,43.395687103271484,15.539203643798828,7227358
DNB,DNB.OL,2004-03-02,43.30073165893555,43.87047576904297,43.205772399902344,43.49064636230469,15.57320785522461,8141098
DNB,DNB.OL,2004-03-03,43.205772399902344,43.49064636230469,42.73098373413086,43.395687103271484,15.539203643798828,7197743
DNB,DNB.OL,2004-03-04,43.395687103271484,44.440223693847656,43.395687103271484,44.440223693847656,15.913229942321777,6764155
DNB,DNB.OL,2004-03-05,44.6301383972168,45.579715728759766,44.6301383972168,45.10492706298828,16.1512508392334,9989328
DNB,DNB.OL,2004-03-08,45.579715728759766,45.579715728759766,44.6301383972168,44.72509765625,16.015239715576172,4710743
DNB,DNB.OL,2004-03-09,44.82005310058594,44.91501235961914,43.77552032470703,43.87047576904297,15.709216117858887,5539129
DNB,DNB.OL,2004-03-10,43.49064636230469,43.87047576904297,43.11081314086914,43.30073165893555,15.505199432373047,2817108
DNB,DNB.OL,2004-03-11,42.636024475097656,42.636024475097656,41.97132110595703,42.35115432739258,15.16517162322998,5559527
DNB,DNB.OL,2004-03-12,41.78140640258789,43.30073165893555,41.78140640258789,43.30073165893555,15.505199432373047,3198498
DNB,DNB.OL,2004-03-15,43.49064636230469,43.49064636230469,42.256195068359375,42.35115432739258,15.16517162322998,2729157
DNB,DNB.OL,2004-03-16,41.78140640258789,43.30073165893555,41.78140640258789,42.9208984375,15.369190216064453,3225825
DNB,DNB.OL,2004-03-17,43.49064636230469,43.68056106567383,43.11081314086914,43.205772399902344,15.471198081970215,4124234
DNB,DNB.OL,2004-03-18,43.205772399902344,43.205772399902344,42.54106903076172,42.82594299316406,15.335184097290039,1909825
DNB,DNB.OL,2004-03-19,42.82594299316406,43.0158576965332,42.16123962402344,42.446109771728516,15.199173927307129,1728285
DNB,DNB.OL,2004-03-22,42.35115432739258,42.35115432739258,41.02174377441406,41.68644714355469,14.927156448364258,2803848
DNB,DNB.OL,2004-03-23,41.876365661621094,42.35115432739258,41.59149169921875,42.35115432739258,15.16517162322998,2347007
DNB,DNB.OL,2004-03-24,42.256195068359375,42.35115432739258,41.40157699584961,41.78140640258789,14.96115493774414,3008468
DNB,DNB.OL,2004-03-25,41.59149169921875,42.35115432739258,41.49653244018555,41.49653244018555,14.859148025512695,3188823
DNB,DNB.OL,2004-03-26,41.78140640258789,42.066280364990234,41.40157699584961,41.876365661621094,14.995159149169922,3903764
DNB,DNB.OL,2004-03-29,41.306617736816406,41.97132110595703,41.02174377441406,41.97132110595703,15.029162406921387,6881753
DNB,DNB.OL,2004-03-30,41.78140640258789,41.876365661621094,41.68644714355469,41.78140640258789,14.96115493774414,3471235
DNB,DNB.OL,2004-03-31,41.68644714355469,42.73098373413086,41.68644714355469,42.73098373413086,15.30118179321289,4943137
DNB,DNB.OL,2004-04-01,42.446109771728516,42.73098373413086,42.256195068359375,42.256195068359375,15.1311674118042,3591840
DNB,DNB.OL,2004-04-02,42.35115432739258,43.0158576965332,42.35115432739258,42.82594299316406,15.335184097290039,3951538
DNB,DNB.OL,2004-04-05,42.73098373413086,43.87047576904297,42.73098373413086,43.87047576904297,15.709216117858887,3924800
DNB,DNB.OL,2004-04-06,43.77552032470703,44.060394287109375,43.205772399902344,43.205772399902344,15.471198081970215,2275807
DNB,DNB.OL,2004-04-07,43.68056106567383,43.68056106567383,43.205772399902344,43.58560562133789,15.607208251953125,1371208
DNB,DNB.OL,2004-04-08,43.58560562133789,43.58560562133789,43.58560562133789,43.58560562133789,15.607208251953125,0
DNB,DNB.OL,2004-04-09,43.58560562133789,43.58560562133789,43.58560562133789,43.58560562133789,15.607208251953125,0
DNB,DNB.OL,2004-04-12,43.58560562133789,43.58560562133789,43.58560562133789,43.58560562133789,15.607208251953125,0
DNB,DNB.OL,2004-04-13,43.77552032470703,44.15534973144531,43.395687103271484,43.49064636230469,15.57320785522461,2070416
DNB,DNB.OL,2004-04-14,43.205772399902344,43.58560562133789,43.11081314086914,43.30073165893555,15.505199432373047,8541173
DNB,DNB.OL,2004-04-15,43.58560562133789,43.68056106567383,43.30073165893555,43.395687103271484,15.539203643798828,4814227
DNB,DNB.OL,2004-04-16,43.205772399902344,43.395687103271484,42.73098373413086,42.73098373413086,15.30118179321289,1888267
DNB,DNB.OL,2004-04-19,42.82594299316406,43.68056106567383,42.82594299316406,43.49064636230469,15.57320785522461,1714881
DNB,DNB.OL,2004-04-20,43.58560562133789,43.96543502807617,43.49064636230469,43.49064636230469,15.57320785522461,3777225
DNB,DNB.OL,2004-04-21,43.58560562133789,43.68056106567383,43.395687103271484,43.49064636230469,15.57320785522461,3021313
DNB,DNB.OL,2004-04-22,43.30073165893555,43.87047576904297,43.205772399902344,43.87047576904297,15.709216117858887,3217101
DNB,DNB.OL,2004-04-23,43.77552032470703,43.77552032470703,43.205772399902344,43.205772399902344,15.471198081970215,3197436
DNB,DNB.OL,2004-04-26,43.49064636230469,44.34526443481445,43.395687103271484,44.34526443481445,15.879229545593262,5085160
DNB,DNB.OL,2004-04-27,44.440223693847656,44.535179138183594,43.87047576904297,44.250308990478516,15.84522533416748,3137954
DNB,DNB.OL,2004-04-28,43.96543502807617,44.15534973144531,43.58560562133789,43.58560562133789,15.607208251953125,2840991
DNB,DNB.OL,2004-04-29,43.11081314086914,43.30073165893555,42.73098373413086,43.11081314086914,15.437193870544434,4699217
DNB,DNB.OL,2004-04-30,41.02174377441406,41.40157699584961,41.02174377441406,41.306617736816406,15.544397354125977,3741801
DNB,DNB.OL,2004-05-03,40.64191436767578,41.49653244018555,40.45199966430664,41.306617736816406,15.544397354125977,1772060
DNB,DNB.OL,2004-05-04,41.306617736816406,42.066280364990234,41.2116584777832,41.97132110595703,15.794537544250488,2829735
DNB,DNB.OL,2004-05-05,42.066280364990234,42.35115432739258,41.876365661621094,42.35115432739258,15.93747329711914,2910805
DNB,DNB.OL,2004-05-06,42.73098373413086,43.0158576965332,42.256195068359375,42.35115432739258,15.93747329711914,6446639
DNB,DNB.OL,2004-05-07,41.78140640258789,42.35115432739258,41.49653244018555,41.59149169921875,15.65160083770752,2941663
DNB,DNB.OL,2004-05-10,40.926788330078125,41.59149169921875,40.83182907104492,41.40157699584961,15.580131530761719,4563980
DNB,DNB.OL,2004-05-11,41.49653244018555,41.876365661621094,41.306617736816406,41.78140640258789,15.723068237304688,4234418
DNB,DNB.OL,2004-05-12,41.40157699584961,41.59149169921875,41.2116584777832,41.306617736816406,15.544397354125977,4504513
DNB,DNB.OL,2004-05-13,41.116703033447266,41.49653244018555,40.83182907104492,40.83182907104492,15.365726470947266,4198296
DNB,DNB.OL,2004-05-14,40.926788330078125,40.926788330078125,40.45199966430664,40.64191436767578,15.294258117675781,2382031
DNB,DNB.OL,2004-05-17,40.64191436767578,40.64191436767578,40.64191436767578,40.64191436767578,15.294258117675781,0
DNB,DNB.OL,2004-05-18,39.977210998535156,40.83182907104492,39.977210998535156,40.262081146240234,15.151321411132812,3711304
DNB,DNB.OL,2004-05-19,40.45199966430664,41.2116584777832,40.35704040527344,41.2116584777832,15.508665084838867,3346691
DNB,DNB.OL,2004-05-20,41.2116584777832,41.2116584777832,41.2116584777832,41.2116584777832,15.508665084838867,0
DNB,DNB.OL,2004-05-21,41.306617736816406,41.306617736816406,40.736873626708984,40.83182907104492,15.365726470947266,2079742
DNB,DNB.OL,2004-05-24,41.116703033447266,41.2116584777832,40.83182907104492,40.83182907104492,15.365726470947266,2970858
DNB,DNB.OL,2004-05-25,40.64191436767578,40.926788330078125,40.45199966430664,40.64191436767578,15.294258117675781,4323237
DNB,DNB.OL,2004-05-26,40.83182907104492,41.02174377441406,40.64191436767578,40.64191436767578,15.294258117675781,2794294
DNB,DNB.OL,2004-05-27,40.64191436767578,41.02174377441406,40.64191436767578,40.736873626708984,15.329992294311523,2989129
DNB,DNB.OL,2004-05-28,40.83182907104492,40.83182907104492,40.1671257019043,40.45199966430664,15.222792625427246,3660780
DNB,DNB.OL,2004-05-31,40.45199966430664,40.45199966430664,40.45199966430664,40.45199966430664,15.222792625427246,0
DNB,DNB.OL,2004-06-01,40.45199966430664,40.736873626708984,40.1671257019043,40.35704040527344,15.187055587768555,1577087
DNB,DNB.OL,2004-06-02,40.54695510864258,41.49653244018555,40.45199966430664,41.40157699584961,15.580131530761719,3454284
DNB,DNB.OL,2004-06-03,41.2116584777832,41.2116584777832,40.926788330078125,41.2116584777832,15.508665084838867,1831058
DNB,DNB.OL,2004-06-04,41.306617736816406,41.68644714355469,41.2116584777832,41.40157699584961,15.580131530761719,3357919
DNB,DNB.OL,2004-06-07,41.59149169921875,42.16123962402344,41.59149169921875,42.066280364990234,15.830273628234863,6745537
DNB,DNB.OL,2004-06-08,42.066280364990234,42.54106903076172,41.97132110595703,42.54106903076172,16.008943557739258,4499581
DNB,DNB.OL,2004-06-09,42.73098373413086,42.9208984375,42.54106903076172,42.636024475097656,16.044677734375,5342318
DNB,DNB.OL,2004-06-10,42.636024475097656,42.9208984375,42.54106903076172,42.82594299316406,16.116146087646484,3731000
DNB,DNB.OL,2004-06-11,42.73098373413086,42.9208984375,42.636024475097656,42.73098373413086,16.080411911010742,2129784
DNB,DNB.OL,2004-06-14,42.636024475097656,42.82594299316406,42.446109771728516,42.636024475097656,16.044677734375,3498743
DNB,DNB.OL,2004-06-15,42.82594299316406,43.0158576965332,42.73098373413086,42.9208984375,16.151872634887695,3800310
DNB,DNB.OL,2004-06-16,43.0158576965332,43.49064636230469,43.0158576965332,43.0158576965332,16.18761444091797,3771563
DNB,DNB.OL,2004-06-17,43.395687103271484,44.34526443481445,43.30073165893555,44.15534973144531,16.616426467895508,6986915
DNB,DNB.OL,2004-06-18,44.15534973144531,44.72509765625,44.060394287109375,44.72509765625,16.83083152770996,5066062
DNB,DNB.OL,2004-06-21,44.72509765625,44.72509765625,44.15534973144531,44.34526443481445,16.68789291381836,4985789
DNB,DNB.OL,2004-06-22,44.15534973144531,44.440223693847656,43.77552032470703,43.96543502807617,16.544960021972656,6422325
DNB,DNB.OL,2004-06-23,44.15534973144531,44.15534973144531,43.68056106567383,43.68056106567383,16.437753677368164,10174852
DNB,DNB.OL,2004-06-24,43.96543502807617,44.440223693847656,43.96543502807617,44.440223693847656,16.7236270904541,8415742
DNB,DNB.OL,2004-06-25,44.250308990478516,44.440223693847656,44.15534973144531,44.440223693847656,16.7236270904541,5811726
DNB,DNB.OL,2004-06-28,44.440223693847656,44.440223693847656,43.96543502807617,43.96543502807617,16.544960021972656,2594637
DNB,DNB.OL,2004-06-29,43.87047576904297,44.440223693847656,43.77552032470703,44.34526443481445,16.68789291381836,2065230
DNB,DNB.OL,2004-06-30,44.6301383972168,45.389801025390625,44.440223693847656,44.91501235961914,16.902301788330078,7297225
DNB,DNB.OL,2004-07-01,45.199886322021484,46.339378356933594,45.199886322021484,46.14946365356445,17.366844177246094,17154978
DNB,DNB.OL,2004-07-02,45.67467498779297,46.14946365356445,45.29484176635742,45.389801025390625,17.080970764160156,5182617
DNB,DNB.OL,2004-07-05,45.10492706298828,45.48476028442383,45.10492706298828,45.29484176635742,17.04523468017578,4905316
DNB,DNB.OL,2004-07-06,45.199886322021484,45.579715728759766,44.91501235961914,45.389801025390625,17.080970764160156,4308829
DNB,DNB.OL,2004-07-07,45.48476028442383,45.67467498779297,45.389801025390625,45.48476028442383,17.11670684814453,4612261
DNB,DNB.OL,2004-07-08,45.389801025390625,46.05450439453125,45.29484176635742,45.95954895019531,17.29537582397461,3738042
DNB,DNB.OL,2004-07-09,45.48476028442383,45.769630432128906,45.29484176635742,45.769630432128906,17.223905563354492,3436386
DNB,DNB.OL,2004-07-12,45.579715728759766,46.05450439453125,45.579715728759766,46.05450439453125,17.33111000061035,2099352
DNB,DNB.OL,2004-07-13,46.05450439453125,46.719207763671875,46.05450439453125,46.339378356933594,17.43831443786621,6033261
DNB,DNB.OL,2004-07-14,46.05450439453125,46.529293060302734,46.05450439453125,46.529293060302734,17.509782791137695,4676109
DNB,DNB.OL,2004-07-15,46.339378356933594,47.28895568847656,46.339378356933594,47.19399642944336,17.759920120239258,10558087
DNB,DNB.OL,2004-07-16,47.28895568847656,47.4788703918457,46.24441909790039,46.62425231933594,17.545513153076172,13900577
DNB,DNB.OL,2004-07-19,46.339378356933594,46.4343376159668,45.769630432128906,45.769630432128906,17.223905563354492,3920565
DNB,DNB.OL,2004-07-20,45.579715728759766,45.579715728759766,45.199886322021484,45.199886322021484,17.009498596191406,2149674
DNB,DNB.OL,2004-07-21,45.48476028442383,46.14946365356445,45.389801025390625,45.389801025390625,17.080970764160156,4194473
DNB,DNB.OL,2004-07-22,45.199886322021484,45.67467498779297,44.91501235961914,45.10492706298828,16.973766326904297,3429213
DNB,DNB.OL,2004-07-23,45.199886322021484,45.769630432128906,45.10492706298828,45.389801025390625,17.080970764160156,2758293
DNB,DNB.OL,2004-07-26,45.29484176635742,45.95954895019531,45.199886322021484,45.95954895019531,17.29537582397461,1159823
DNB,DNB.OL,2004-07-27,45.95954895019531,46.529293060302734,45.579715728759766,46.529293060302734,17.509782791137695,2146696
DNB,DNB.OL,2004-07-28,46.529293060302734,47.09904098510742,45.48476028442383,46.529293060302734,17.509782791137695,2619480
DNB,DNB.OL,2004-07-29,46.14946365356445,46.529293060302734,45.95954895019531,45.95954895019531,17.29537582397461,1845913
DNB,DNB.OL,2004-07-30,46.339378356933594,46.339378356933594,45.579715728759766,45.579715728759766,17.15243911743164,5271769
DNB,DNB.OL,2004-08-02,45.48476028442383,46.529293060302734,45.389801025390625,46.4343376159668,17.474050521850586,2071029
DNB,DNB.OL,2004-08-03,46.339378356933594,47.00408172607422,46.339378356933594,46.719207763671875,17.581247329711914,2503869
DNB,DNB.OL,2004-08-04,46.62425231933594,46.81416702270508,46.339378356933594,46.62425231933594,17.545513153076172,3531025
DNB,DNB.OL,2004-08-05,46.529293060302734,47.28895568847656,46.14946365356445,46.339378356933594,17.43831443786621,4395956
DNB,DNB.OL,2004-08-06,46.14946365356445,46.14946365356445,45.579715728759766,45.67467498779297,17.188175201416016,3450857
DNB,DNB.OL,2004-08-09,45.10492706298828,45.95954895019531,45.10492706298828,45.769630432128906,17.223905563354492,2873489
DNB,DNB.OL,2004-08-10,45.769630432128906,46.14946365356445,45.579715728759766,46.05450439453125,17.33111000061035,1478451
DNB,DNB.OL,2004-08-11,45.95954895019531,46.4343376159668,45.86458969116211,45.86458969116211,17.259645462036133,2650635
DNB,DNB.OL,2004-08-12,47.09904098510742,48.903236389160156,46.719207763671875,47.71626663208008,17.95646095275879,17640710
DNB,DNB.OL,2004-08-13,47.71626663208008,48.903236389160156,47.71626663208008,48.42844772338867,18.22446632385254,5938718
DNB,DNB.OL,2004-08-16,47.95365905761719,48.903236389160156,47.95365905761719,47.95365905761719,18.04579734802246,5127151
DNB,DNB.OL,2004-08-17,47.4788703918457,48.903236389160156,47.383914947509766,48.903236389160156,18.403135299682617,4849216
DNB,DNB.OL,2004-08-18,48.42844772338867,49.14063262939453,48.42844772338867,48.66584396362305,18.313800811767578,5293456
DNB,DNB.OL,2004-08-19,48.66584396362305,49.14063262939453,48.42844772338867,49.14063262939453,18.492475509643555,4999551
DNB,DNB.OL,2004-08-20,48.903236389160156,49.14063262939453,48.66584396362305,49.14063262939453,18.492475509643555,4844572
DNB,DNB.OL,2004-08-23,48.903236389160156,50.0902099609375,48.903236389160156,49.852813720703125,18.760482788085938,3843124
DNB,DNB.OL,2004-08-24,49.852813720703125,50.564998626708984,49.37802505493164,50.32760238647461,18.93915367126465,5645100
DNB,DNB.OL,2004-08-25,50.0902099609375,51.51457595825195,50.0902099609375,50.802391052246094,19.117820739746094,10688607
DNB,DNB.OL,2004-08-26,50.802391052246094,51.51457595825195,50.564998626708984,51.03978729248047,19.207155227661133,8349076
DNB,DNB.OL,2004-08-27,51.03978729248047,51.27717971801758,49.615421295166016,50.0902099609375,18.849817276000977,8280789
DNB,DNB.OL,2004-08-30,49.615421295166016,50.32760238647461,49.615421295166016,50.0902099609375,18.849817276000977,2110187
DNB,DNB.OL,2004-08-31,49.852813720703125,50.32760238647461,49.615421295166016,49.852813720703125,18.760482788085938,4342185
DNB,DNB.OL,2004-09-01,50.0902099609375,50.564998626708984,49.852813720703125,50.32760238647461,18.93915367126465,5354151
DNB,DNB.OL,2004-09-02,50.802391052246094,52.70154571533203,50.802391052246094,52.22676086425781,19.65383529663086,13820007
DNB,DNB.OL,2004-09-03,51.75196838378906,51.75196838378906,50.802391052246094,50.802391052246094,19.117820739746094,11454914
DNB,DNB.OL,2004-09-06,51.03978729248047,51.03978729248047,50.0902099609375,50.802391052246094,19.117820739746094,5681350
DNB,DNB.OL,2004-09-07,50.564998626708984,50.564998626708984,49.852813720703125,50.0902099609375,18.849817276000977,4679842
DNB,DNB.OL,2004-09-08,49.852813720703125,50.0902099609375,49.37802505493164,49.615421295166016,18.671146392822266,5661884
DNB,DNB.OL,2004-09-09,49.14063262939453,49.852813720703125,48.903236389160156,49.852813720703125,18.760482788085938,4730862
DNB,DNB.OL,2004-09-10,49.615421295166016,50.0902099609375,49.37802505493164,49.852813720703125,18.760482788085938,6951497
DNB,DNB.OL,2004-09-13,49.615421295166016,50.0902099609375,49.37802505493164,49.615421295166016,18.671146392822266,3794431
DNB,DNB.OL,2004-09-14,49.37802505493164,49.37802505493164,49.14063262939453,49.14063262939453,18.492475509643555,5664155
DNB,DNB.OL,2004-09-15,49.14063262939453,49.615421295166016,48.903236389160156,48.903236389160156,18.403135299682617,5223824
DNB,DNB.OL,2004-09-16,49.14063262939453,49.37802505493164,48.903236389160156,49.37802505493164,18.58180809020996,5528718
DNB,DNB.OL,2004-09-17,49.615421295166016,50.802391052246094,49.615421295166016,50.564998626708984,19.028488159179688,8719719
DNB,DNB.OL,2004-09-20,50.564998626708984,50.564998626708984,49.852813720703125,50.32760238647461,18.93915367126465,3361683
DNB,DNB.OL,2004-09-21,50.0902099609375,50.32760238647461,49.852813720703125,50.32760238647461,18.93915367126465,3771927
DNB,DNB.OL,2004-09-22,50.32760238647461,50.32760238647461,49.615421295166016,49.615421295166016,18.671146392822266,4732679
DNB,DNB.OL,2004-09-23,49.37802505493164,49.852813720703125,49.14063262939453,49.852813720703125,18.760482788085938,1953382
DNB,DNB.OL,2004-09-24,49.852813720703125,49.852813720703125,49.37802505493164,49.37802505493164,18.58180809020996,1924383
DNB,DNB.OL,2004-09-27,49.37802505493164,49.852813720703125,49.37802505493164,49.852813720703125,18.760482788085938,2426809
DNB,DNB.OL,2004-09-28,49.852813720703125,50.564998626708984,49.852813720703125,50.32760238647461,18.93915367126465,4988466
DNB,DNB.OL,2004-09-29,50.802391052246094,51.03978729248047,50.0902099609375,50.32760238647461,18.93915367126465,4469795
DNB,DNB.OL,2004-09-30,51.03978729248047,51.27717971801758,50.32760238647461,50.564998626708984,19.028488159179688,6530892
DNB,DNB.OL,2004-10-01,50.802391052246094,51.75196838378906,50.802391052246094,51.75196838378906,19.47516441345215,4565522
DNB,DNB.OL,2004-10-04,52.46415328979492,52.938941955566406,51.75196838378906,51.98936462402344,19.564502716064453,4126449
DNB,DNB.OL,2004-10-05,51.98936462402344,52.938941955566406,51.75196838378906,52.22676086425781,19.65383529663086,5163424
DNB,DNB.OL,2004-10-06,51.98936462402344,52.46415328979492,50.802391052246094,52.22676086425781,19.65383529663086,6466449
DNB,DNB.OL,2004-10-07,51.98936462402344,52.70154571533203,51.51457595825195,51.98936462402344,19.564502716064453,6546125
DNB,DNB.OL,2004-10-08,51.75196838378906,52.46415328979492,51.51457595825195,52.22676086425781,19.65383529663086,2926751
DNB,DNB.OL,2004-10-11,52.22676086425781,52.46415328979492,51.51457595825195,51.51457595825195,19.385828018188477,3354115
DNB,DNB.OL,2004-10-12,51.03978729248047,51.27717971801758,50.32760238647461,50.564998626708984,19.028488159179688,4526577
DNB,DNB.OL,2004-10-13,50.802391052246094,51.27717971801758,50.32760238647461,50.802391052246094,19.117820739746094,4209800
DNB,DNB.OL,2004-10-14,50.564998626708984,50.564998626708984,50.0902099609375,50.564998626708984,19.028488159179688,3982892
DNB,DNB.OL,2004-10-15,50.32760238647461,51.27717971801758,50.0902099609375,51.27717971801758,19.296489715576172,5335179
DNB,DNB.OL,2004-10-18,51.27717971801758,52.22676086425781,50.802391052246094,51.98936462402344,19.564502716064453,3184820
DNB,DNB.OL,2004-10-19,52.70154571533203,53.176334381103516,51.75196838378906,52.22676086425781,19.65383529663086,3412809
DNB,DNB.OL,2004-10-20,51.98936462402344,51.98936462402344,51.27717971801758,51.75196838378906,19.47516441345215,1956866
DNB,DNB.OL,2004-10-21,51.98936462402344,52.938941955566406,51.98936462402344,52.938941955566406,19.921842575073242,3845141
DNB,DNB.OL,2004-10-22,52.46415328979492,52.938941955566406,51.98936462402344,52.70154571533203,19.83250617980957,3745509
DNB,DNB.OL,2004-10-25,51.98936462402344,52.22676086425781,51.27717971801758,51.27717971801758,19.296489715576172,2101406
DNB,DNB.OL,2004-10-26,51.51457595825195,51.98936462402344,51.03978729248047,51.03978729248047,19.207155227661133,3890875
DNB,DNB.OL,2004-10-27,51.51457595825195,51.75196838378906,51.03978729248047,51.03978729248047,19.207155227661133,4288387
DNB,DNB.OL,2004-10-28,51.75196838378906,51.75196838378906,50.802391052246094,51.51457595825195,19.385828018188477,6783786
DNB,DNB.OL,2004-10-29,50.564998626708984,51.51457595825195,50.564998626708984,51.27717971801758,19.296489715576172,7343210
DNB,DNB.OL,2004-11-01,50.802391052246094,51.27717971801758,50.564998626708984,50.564998626708984,19.028488159179688,4605434
DNB,DNB.OL,2004-11-02,50.564998626708984,51.03978729248047,50.0902099609375,51.03978729248047,19.207155227661133,11072114
DNB,DNB.OL,2004-11-03,51.27717971801758,51.51457595825195,51.03978729248047,51.03978729248047,19.207155227661133,5697950
DNB,DNB.OL,2004-11-04,51.03978729248047,51.75196838378906,51.03978729248047,51.51457595825195,19.385828018188477,3624829
DNB,DNB.OL,2004-11-05,51.51457595825195,51.75196838378906,51.27717971801758,51.51457595825195,19.385828018188477,3153199
DNB,DNB.OL,2004-11-08,51.27717971801758,52.22676086425781,51.27717971801758,52.22676086425781,19.65383529663086,4255136
DNB,DNB.OL,2004-11-09,51.98936462402344,52.70154571533203,51.98936462402344,52.46415328979492,19.743167877197266,5271215
DNB,DNB.OL,2004-11-10,52.70154571533203,52.938941955566406,51.98936462402344,51.98936462402344,19.564502716064453,1966636
DNB,DNB.OL,2004-11-11,52.22676086425781,52.22676086425781,51.75196838378906,51.98936462402344,19.564502716064453,3662581
DNB,DNB.OL,2004-11-12,52.22676086425781,52.938941955566406,52.22676086425781,52.938941955566406,19.921842575073242,2768211
DNB,DNB.OL,2004-11-15,53.176334381103516,53.41373062133789,52.70154571533203,52.70154571533203,19.83250617980957,2295195
DNB,DNB.OL,2004-11-16,52.70154571533203,53.41373062133789,52.46415328979492,52.46415328979492,19.743167877197266,3566140
DNB,DNB.OL,2004-11-17,52.938941955566406,54.125911712646484,52.70154571533203,54.125911712646484,20.368520736694336,4180870
DNB,DNB.OL,2004-11-18,54.125911712646484,55.07549285888672,53.888519287109375,54.60070037841797,20.54718780517578,3680760
DNB,DNB.OL,2004-11-19,54.838096618652344,54.838096618652344,54.125911712646484,54.125911712646484,20.368520736694336,2654191
DNB,DNB.OL,2004-11-22,53.888519287109375,54.36330795288086,53.651126861572266,53.888519287109375,20.279186248779297,2337165
DNB,DNB.OL,2004-11-23,54.125911712646484,55.07549285888672,54.125911712646484,54.838096618652344,20.636531829833984,2853802
DNB,DNB.OL,2004-11-24,54.838096618652344,55.78767395019531,54.60070037841797,54.838096618652344,20.636531829833984,4841958
DNB,DNB.OL,2004-11-25,54.838096618652344,55.07549285888672,54.60070037841797,54.60070037841797,20.54718780517578,4036435
DNB,DNB.OL,2004-11-26,54.838096618652344,55.07549285888672,54.60070037841797,54.838096618652344,20.636531829833984,2500432
DNB,DNB.OL,2004-11-29,55.07549285888672,55.5502815246582,54.60070037841797,54.60070037841797,20.54718780517578,2839556
DNB,DNB.OL,2004-11-30,54.36330795288086,54.838096618652344,54.36330795288086,54.838096618652344,20.636531829833984,3684810
DNB,DNB.OL,2004-12-01,54.60070037841797,54.838096618652344,54.36330795288086,54.60070037841797,20.54718780517578,3551073
DNB,DNB.OL,2004-12-02,54.838096618652344,55.07549285888672,53.41373062133789,53.41373062133789,20.100515365600586,7380940
DNB,DNB.OL,2004-12-03,53.651126861572266,53.651126861572266,52.70154571533203,52.938941955566406,19.921842575073242,4929018
DNB,DNB.OL,2004-12-06,52.46415328979492,52.46415328979492,51.51457595825195,52.46415328979492,19.743167877197266,7156117
DNB,DNB.OL,2004-12-07,52.46415328979492,53.888519287109375,52.46415328979492,53.888519287109375,20.279186248779297,4685398
DNB,DNB.OL,2004-12-08,53.651126861572266,54.125911712646484,53.41373062133789,54.125911712646484,20.368520736694336,4473458
DNB,DNB.OL,2004-12-09,54.125911712646484,55.07549285888672,54.125911712646484,54.60070037841797,20.54718780517578,5770321
DNB,DNB.OL,2004-12-10,54.60070037841797,55.5502815246582,54.36330795288086,55.31288528442383,20.815196990966797,8614947
DNB,DNB.OL,2004-12-13,55.5502815246582,56.02506637573242,54.838096618652344,55.07549285888672,20.72585678100586,5100511
DNB,DNB.OL,2004-12-14,55.07549285888672,55.31288528442383,54.60070037841797,55.07549285888672,20.72585678100586,2710486
DNB,DNB.OL,2004-12-15,54.838096618652344,56.2624626159668,54.838096618652344,55.78767395019531,20.993873596191406,5641274
DNB,DNB.OL,2004-12-16,55.78767395019531,56.49985885620117,55.5502815246582,56.2624626159668,21.17254066467285,6215985
DNB,DNB.OL,2004-12-17,56.49985885620117,56.73725128173828,55.5502815246582,56.02506637573242,21.083202362060547,4104807
DNB,DNB.OL,2004-12-20,56.02506637573242,57.924224853515625,55.5502815246582,57.924224853515625,21.797889709472656,5717771
DNB,DNB.OL,2004-12-21,57.44943618774414,57.924224853515625,57.212039947509766,57.44943618774414,21.619218826293945,5117370
DNB,DNB.OL,2004-12-22,57.212039947509766,57.68682861328125,56.2624626159668,56.49985885620117,21.261877059936523,3977839
DNB,DNB.OL,2004-12-23,56.2624626159668,56.974647521972656,56.02506637573242,56.02506637573242,21.083202362060547,3392172
DNB,DNB.OL,2004-12-24,56.02506637573242,56.02506637573242,56.02506637573242,56.02506637573242,21.083202362060547,0
DNB,DNB.OL,2004-12-27,56.02506637573242,56.974647521972656,56.02506637573242,56.974647521972656,21.4405517578125,895324
DNB,DNB.OL,2004-12-28,56.49985885620117,56.974647521972656,56.49985885620117,56.73725128173828,21.351211547851562,396147
DNB,DNB.OL,2004-12-29,56.974647521972656,56.974647521972656,56.2624626159668,56.974647521972656,21.4405517578125,1025876
DNB,DNB.OL,2004-12-30,56.974647521972656,57.44943618774414,56.2624626159668,56.73725128173828,21.351211547851562,1100353
DNB,DNB.OL,2004-12-31,56.73725128173828,56.73725128173828,56.73725128173828,56.73725128173828,21.351211547851562,0
DNB,DNB.OL,2005-01-03,56.73725128173828,57.44943618774414,56.49985885620117,56.49985885620117,21.261877059936523,1348976
DNB,DNB.OL,2005-01-04,56.49985885620117,57.44943618774414,56.2624626159668,57.44943618774414,21.619218826293945,1725005
DNB,DNB.OL,2005-01-05,56.974647521972656,56.974647521972656,56.49985885620117,56.49985885620117,21.261877059936523,2850171
DNB,DNB.OL,2005-01-06,56.49985885620117,56.974647521972656,55.78767395019531,55.78767395019531,20.993873596191406,4065658
DNB,DNB.OL,2005-01-07,56.2624626159668,56.974647521972656,56.2624626159668,56.49985885620117,21.261877059936523,3392286
DNB,DNB.OL,2005-01-10,56.49985885620117,56.49985885620117,55.5502815246582,55.78767395019531,20.993873596191406,3750670
DNB,DNB.OL,2005-01-11,56.02506637573242,56.2624626159668,55.5502815246582,55.78767395019531,20.993873596191406,2241106
DNB,DNB.OL,2005-01-12,55.78767395019531,56.02506637573242,55.07549285888672,55.07549285888672,20.72585678100586,3009235
DNB,DNB.OL,2005-01-13,55.31288528442383,55.78767395019531,55.07549285888672,55.78767395019531,20.993873596191406,2977529
DNB,DNB.OL,2005-01-14,55.5502815246582,56.49985885620117,55.31288528442383,56.2624626159668,21.17254066467285,2764850
DNB,DNB.OL,2005-01-17,56.49985885620117,56.73725128173828,56.2624626159668,56.2624626159668,21.17254066467285,2453787
DNB,DNB.OL,2005-01-18,56.2624626159668,56.2624626159668,55.31288528442383,55.5502815246582,20.9045352935791,2902628
DNB,DNB.OL,2005-01-19,55.31288528442383,55.78767395019531,55.31288528442383,55.5502815246582,20.9045352935791,2103866
DNB,DNB.OL,2005-01-20,55.07549285888672,55.78767395019531,54.838096618652344,55.31288528442383,20.815196990966797,3141136
DNB,DNB.OL,2005-01-21,55.5502815246582,55.5502815246582,55.07549285888672,55.07549285888672,20.72585678100586,1897815
DNB,DNB.OL,2005-01-24,54.838096618652344,54.838096618652344,54.125911712646484,54.125911712646484,20.368520736694336,3250526
DNB,DNB.OL,2005-01-25,54.36330795288086,55.07549285888672,54.36330795288086,55.07549285888672,20.72585678100586,6707355
DNB,DNB.OL,2005-01-26,55.07549285888672,55.5502815246582,54.838096618652344,55.5502815246582,20.9045352935791,3084126
DNB,DNB.OL,2005-01-27,55.78767395019531,55.78767395019531,55.07549285888672,55.31288528442383,20.815196990966797,4432922
DNB,DNB.OL,2005-01-28,55.07549285888672,55.31288528442383,54.60070037841797,54.60070037841797,20.54718780517578,2994879
DNB,DNB.OL,2005-01-31,55.07549285888672,55.5502815246582,54.838096618652344,55.31288528442383,20.815196990966797,3948994
DNB,DNB.OL,2005-02-01,55.5502815246582,55.78767395019531,54.838096618652344,55.07549285888672,20.72585678100586,3024800
DNB,DNB.OL,2005-02-02,55.5502815246582,56.49985885620117,55.5502815246582,56.02506637573242,21.083202362060547,5325238
DNB,DNB.OL,2005-02-03,55.78767395019531,56.02506637573242,55.5502815246582,56.02506637573242,21.083202362060547,5863857
DNB,DNB.OL,2005-02-04,55.78767395019531,56.49985885620117,55.5502815246582,55.5502815246582,20.9045352935791,3117970
DNB,DNB.OL,2005-02-07,56.02506637573242,56.49985885620117,55.07549285888672,55.5502815246582,20.9045352935791,5173031
DNB,DNB.OL,2005-02-08,55.31288528442383,56.02506637573242,55.07549285888672,56.02506637573242,21.083202362060547,3720587
DNB,DNB.OL,2005-02-09,55.78767395019531,56.49985885620117,55.78767395019531,56.49985885620117,21.261877059936523,2185817
DNB,DNB.OL,2005-02-10,56.2624626159668,56.974647521972656,56.2624626159668,56.73725128173828,21.351211547851562,3910951
DNB,DNB.OL,2005-02-11,56.974647521972656,57.44943618774414,56.73725128173828,56.974647521972656,21.4405517578125,2269840
DNB,DNB.OL,2005-02-14,57.212039947509766,57.44943618774414,56.73725128173828,56.974647521972656,21.4405517578125,1260041
DNB,DNB.OL,2005-02-15,57.212039947509766,57.44943618774414,56.73725128173828,57.212039947509766,21.52988052368164,1817570
DNB,DNB.OL,2005-02-16,57.44943618774414,57.44943618774414,56.73725128173828,56.974647521972656,21.4405517578125,3036169
DNB,DNB.OL,2005-02-17,56.974647521972656,57.44943618774414,56.73725128173828,56.974647521972656,21.4405517578125,3851508
DNB,DNB.OL,2005-02-18,56.974647521972656,57.212039947509766,56.73725128173828,56.974647521972656,21.4405517578125,8856986
DNB,DNB.OL,2005-02-21,57.212039947509766,57.44943618774414,56.974647521972656,57.212039947509766,21.52988052368164,8417909
DNB,DNB.OL,2005-02-22,57.212039947509766,58.39901351928711,56.974647521972656,58.39901351928711,21.976564407348633,9412658
DNB,DNB.OL,2005-02-23,57.924224853515625,58.873802185058594,57.68682861328125,58.873802185058594,22.155229568481445,7395079
DNB,DNB.OL,2005-02-24,60.29816818237305,60.535560607910156,59.34859085083008,59.82337951660156,22.5125789642334,14542487
DNB,DNB.OL,2005-02-25,59.82337951660156,60.06077194213867,59.1111946105957,59.34859085083008,22.333904266357422,10110651
DNB,DNB.OL,2005-02-28,59.58598327636719,60.06077194213867,59.58598327636719,60.06077194213867,22.60190773010254,3162951
DNB,DNB.OL,2005-03-01,60.06077194213867,60.06077194213867,59.58598327636719,59.58598327636719,22.423242568969727,2505650
DNB,DNB.OL,2005-03-02,59.58598327636719,59.82337951660156,58.63640594482422,58.63640594482422,22.065898895263672,3911976
DNB,DNB.OL,2005-03-03,59.1111946105957,59.58598327636719,58.63640594482422,59.58598327636719,22.423242568969727,2712862
DNB,DNB.OL,2005-03-04,59.58598327636719,59.82337951660156,59.34859085083008,59.58598327636719,22.423242568969727,3149969
DNB,DNB.OL,2005-03-07,59.58598327636719,59.82337951660156,59.34859085083008,59.34859085083008,22.333904266357422,5478738
DNB,DNB.OL,2005-03-08,59.58598327636719,59.82337951660156,59.1111946105957,59.82337951660156,22.5125789642334,1237948
DNB,DNB.OL,2005-03-09,59.82337951660156,60.535560607910156,59.58598327636719,60.29816818237305,22.691246032714844,4821558
DNB,DNB.OL,2005-03-10,60.06077194213867,60.535560607910156,59.82337951660156,60.535560607910156,22.78058433532715,2465560
DNB,DNB.OL,2005-03-11,60.77295684814453,61.01034927368164,60.29816818237305,61.01034927368164,22.959251403808594,2218974
DNB,DNB.OL,2005-03-14,60.77295684814453,60.77295684814453,60.06077194213867,60.29816818237305,22.691246032714844,1230851
DNB,DNB.OL,2005-03-15,60.29816818237305,61.247745513916016,60.29816818237305,61.247745513916016,23.048593521118164,2333570
DNB,DNB.OL,2005-03-16,61.485137939453125,61.7225341796875,60.77295684814453,61.247745513916016,23.048593521118164,4634519
DNB,DNB.OL,2005-03-17,61.247745513916016,61.7225341796875,60.77295684814453,61.7225341796875,23.22726058959961,5704231
DNB,DNB.OL,2005-03-18,61.7225341796875,61.7225341796875,60.77295684814453,61.485137939453125,23.137924194335938,4549398
DNB,DNB.OL,2005-03-21,61.247745513916016,61.485137939453125,61.01034927368164,61.247745513916016,23.048593521118164,3390976
DNB,DNB.OL,2005-03-22,61.247745513916016,61.95992660522461,61.01034927368164,61.7225341796875,23.22726058959961,5121606
DNB,DNB.OL,2005-03-23,61.485137939453125,61.7225341796875,61.247745513916016,61.485137939453125,23.137924194335938,6282437
DNB,DNB.OL,2005-03-24,61.485137939453125,61.485137939453125,61.485137939453125,61.485137939453125,23.137924194335938,0
DNB,DNB.OL,2005-03-25,61.485137939453125,61.485137939453125,61.485137939453125,61.485137939453125,23.137924194335938,0
DNB,DNB.OL,2005-03-28,61.485137939453125,61.485137939453125,61.485137939453125,61.485137939453125,23.137924194335938,0
DNB,DNB.OL,2005-03-29,61.7225341796875,62.197322845458984,61.01034927368164,62.197322845458984,23.405933380126953,6869717
DNB,DNB.OL,2005-03-30,61.7225341796875,61.7225341796875,60.77295684814453,61.485137939453125,23.137924194335938,5685459
DNB,DNB.OL,2005-03-31,61.485137939453125,61.7225341796875,60.77295684814453,61.485137939453125,23.137924194335938,6317164
DNB,DNB.OL,2005-04-01,61.247745513916016,61.485137939453125,60.535560607910156,61.247745513916016,23.048593521118164,4969892
DNB,DNB.OL,2005-04-04,60.77295684814453,61.7225341796875,60.77295684814453,61.7225341796875,23.22726058959961,4187912
DNB,DNB.OL,2005-04-05,61.95992660522461,62.90950393676758,61.95992660522461,62.90950393676758,23.6739444732666,4071683
DNB,DNB.OL,2005-04-06,62.90950393676758,63.38429260253906,62.67211151123047,63.38429260253906,23.852611541748047,3164840
DNB,DNB.OL,2005-04-07,63.38429260253906,63.85908126831055,63.38429260253906,63.62168884277344,23.941946029663086,4323544
DNB,DNB.OL,2005-04-08,64.09647369384766,64.33386993408203,63.38429260253906,63.62168884277344,23.941946029663086,2494254
DNB,DNB.OL,2005-04-11,63.14690017700195,63.38429260253906,62.90950393676758,63.38429260253906,23.852611541748047,2143316
DNB,DNB.OL,2005-04-12,63.14690017700195,63.14690017700195,62.434715270996094,62.434715270996094,23.49526596069336,2476615
DNB,DNB.OL,2005-04-13,62.67211151123047,63.14690017700195,62.197322845458984,63.14690017700195,23.763273239135742,4664434
DNB,DNB.OL,2005-04-14,62.67211151123047,63.38429260253906,62.434715270996094,62.90950393676758,23.6739444732666,4160873
DNB,DNB.OL,2005-04-15,62.434715270996094,62.90950393676758,61.95992660522461,62.197322845458984,23.405933380126953,2427231
DNB,DNB.OL,2005-04-18,61.01034927368164,61.01034927368164,59.82337951660156,60.535560607910156,22.78058433532715,6418811
DNB,DNB.OL,2005-04-19,60.77295684814453,61.01034927368164,60.29816818237305,60.29816818237305,22.691246032714844,3349173
DNB,DNB.OL,2005-04-20,61.01034927368164,61.95992660522461,61.01034927368164,61.01034927368164,22.959251403808594,2708542
DNB,DNB.OL,2005-04-21,61.247745513916016,61.247745513916016,60.29816818237305,61.01034927368164,22.959251403808594,3814473
DNB,DNB.OL,2005-04-22,59.34859085083008,59.34859085083008,58.39901351928711,59.34859085083008,23.256942749023438,2745731
DNB,DNB.OL,2005-04-25,59.34859085083008,60.29816818237305,59.34859085083008,60.06077194213867,23.53602409362793,3591798
DNB,DNB.OL,2005-04-26,59.58598327636719,59.58598327636719,58.161617279052734,58.161617279052734,22.791807174682617,3184472
DNB,DNB.OL,2005-04-27,57.924224853515625,57.924224853515625,56.02506637573242,56.974647521972656,22.32666778564453,6542058
DNB,DNB.OL,2005-04-28,57.212039947509766,57.68682861328125,56.49985885620117,56.974647521972656,22.32666778564453,5335051
DNB,DNB.OL,2005-04-29,56.49985885620117,57.44943618774414,56.49985885620117,56.974647521972656,22.32666778564453,3138117
DNB,DNB.OL,2005-05-02,57.212039947509766,57.68682861328125,57.212039947509766,57.212039947509766,22.419689178466797,5243478
DNB,DNB.OL,2005-05-03,56.73725128173828,58.39901351928711,56.49985885620117,58.39901351928711,22.88483238220215,6544915
DNB,DNB.OL,2005-05-04,58.63640594482422,60.77295684814453,58.63640594482422,60.06077194213867,23.53602409362793,10809403
DNB,DNB.OL,2005-05-05,60.06077194213867,60.06077194213867,60.06077194213867,60.06077194213867,23.53602409362793,0
DNB,DNB.OL,2005-05-06,60.535560607910156,61.01034927368164,60.29816818237305,61.01034927368164,23.90813636779785,6594876
DNB,DNB.OL,2005-05-09,60.77295684814453,61.7225341796875,60.77295684814453,61.7225341796875,24.187219619750977,4188498
DNB,DNB.OL,2005-05-10,61.7225341796875,61.95992660522461,60.77295684814453,60.77295684814453,23.81511116027832,6771337
DNB,DNB.OL,2005-05-11,60.29816818237305,60.77295684814453,60.06077194213867,60.535560607910156,23.722084045410156,2938459
DNB,DNB.OL,2005-05-12,60.77295684814453,61.247745513916016,60.535560607910156,61.01034927368164,23.90813636779785,4748563
DNB,DNB.OL,2005-05-13,60.535560607910156,60.535560607910156,59.58598327636719,60.06077194213867,23.53602409362793,3799234
DNB,DNB.OL,2005-05-16,60.06077194213867,60.06077194213867,60.06077194213867,60.06077194213867,23.53602409362793,0
DNB,DNB.OL,2005-05-17,60.06077194213867,60.06077194213867,60.06077194213867,60.06077194213867,23.53602409362793,0
DNB,DNB.OL,2005-05-18,60.77295684814453,61.01034927368164,58.873802185058594,59.82337951660156,23.442996978759766,5206854
DNB,DNB.OL,2005-05-19,60.06077194213867,60.29816818237305,59.58598327636719,59.58598327636719,23.349971771240234,5165992
DNB,DNB.OL,2005-05-20,59.34859085083008,59.82337951660156,58.873802185058594,59.82337951660156,23.442996978759766,4692479
DNB,DNB.OL,2005-05-23,59.58598327636719,59.82337951660156,59.1111946105957,59.58598327636719,23.349971771240234,4137854
DNB,DNB.OL,2005-05-24,59.58598327636719,60.535560607910156,59.1111946105957,59.58598327636719,23.349971771240234,2895654
DNB,DNB.OL,2005-05-25,59.1111946105957,59.58598327636719,59.1111946105957,59.1111946105957,23.163915634155273,1831276
DNB,DNB.OL,2005-05-26,59.34859085083008,59.58598327636719,59.1111946105957,59.58598327636719,23.349971771240234,1883719
DNB,DNB.OL,2005-05-27,59.58598327636719,60.06077194213867,59.34859085083008,59.34859085083008,23.256942749023438,3689833
DNB,DNB.OL,2005-05-30,59.58598327636719,60.06077194213867,59.1111946105957,60.06077194213867,23.53602409362793,2228484
DNB,DNB.OL,2005-05-31,59.82337951660156,59.82337951660156,59.34859085083008,59.34859085083008,23.256942749023438,3115469
DNB,DNB.OL,2005-06-01,59.82337951660156,60.77295684814453,59.82337951660156,60.535560607910156,23.722084045410156,4052217
DNB,DNB.OL,2005-06-02,61.01034927368164,61.7225341796875,60.77295684814453,61.485137939453125,24.094192504882812,4928757
DNB,DNB.OL,2005-06-03,61.7225341796875,61.95992660522461,61.01034927368164,61.247745513916016,24.00116729736328,3971273
DNB,DNB.OL,2005-06-06,61.247745513916016,61.247745513916016,60.535560607910156,60.535560607910156,23.722084045410156,924585
DNB,DNB.OL,2005-06-07,61.247745513916016,62.197322845458984,61.247745513916016,62.197322845458984,24.373273849487305,3274442
DNB,DNB.OL,2005-06-08,61.7225341796875,62.67211151123047,61.7225341796875,62.67211151123047,24.559329986572266,4834633
DNB,DNB.OL,2005-06-09,62.67211151123047,62.90950393676758,61.95992660522461,62.434715270996094,24.466304779052734,4522778
DNB,DNB.OL,2005-06-10,62.67211151123047,63.14690017700195,62.434715270996094,62.434715270996094,24.466304779052734,3288485
DNB,DNB.OL,2005-06-13,62.67211151123047,62.67211151123047,61.95992660522461,62.197322845458984,24.373273849487305,2675314
DNB,DNB.OL,2005-06-14,62.197322845458984,62.67211151123047,62.197322845458984,62.67211151123047,24.559329986572266,2656355
DNB,DNB.OL,2005-06-15,62.67211151123047,62.67211151123047,61.95992660522461,61.95992660522461,24.28024673461914,5850308
DNB,DNB.OL,2005-06-16,62.434715270996094,62.67211151123047,61.485137939453125,62.434715270996094,24.466304779052734,3277642
DNB,DNB.OL,2005-06-17,62.434715270996094,63.14690017700195,62.197322845458984,62.67211151123047,24.559329986572266,3339230
DNB,DNB.OL,2005-06-20,62.67211151123047,62.90950393676758,62.197322845458984,62.434715270996094,24.466304779052734,2782082
DNB,DNB.OL,2005-06-21,63.14690017700195,63.85908126831055,62.67211151123047,62.90950393676758,24.652360916137695,3368839
DNB,DNB.OL,2005-06-22,63.38429260253906,63.85908126831055,63.14690017700195,63.62168884277344,24.931446075439453,3357561
DNB,DNB.OL,2005-06-23,63.62168884277344,63.85908126831055,63.38429260253906,63.62168884277344,24.931446075439453,2633466
DNB,DNB.OL,2005-06-24,63.38429260253906,64.5712661743164,63.14690017700195,64.5712661743164,25.303552627563477,2604823
DNB,DNB.OL,2005-06-27,64.33386993408203,65.04605102539062,64.09647369384766,64.09647369384766,25.117494583129883,3155035
DNB,DNB.OL,2005-06-28,64.33386993408203,64.80866241455078,64.33386993408203,64.80866241455078,25.396583557128906,2805734
DNB,DNB.OL,2005-06-29,64.80866241455078,66.23302459716797,64.5712661743164,65.52084350585938,25.675668716430664,4783602
DNB,DNB.OL,2005-06-30,65.283447265625,65.52084350585938,64.80866241455078,64.80866241455078,25.396583557128906,3445555
DNB,DNB.OL,2005-07-01,65.04605102539062,65.283447265625,63.85908126831055,64.09647369384766,25.117494583129883,4243305
DNB,DNB.OL,2005-07-04,64.09647369384766,64.80866241455078,63.85908126831055,64.33386993408203,25.210525512695312,2281959
DNB,DNB.OL,2005-07-05,64.09647369384766,65.04605102539062,63.85908126831055,64.09647369384766,25.117494583129883,2608126
DNB,DNB.OL,2005-07-06,63.62168884277344,65.04605102539062,63.38429260253906,64.33386993408203,25.210525512695312,3969381
DNB,DNB.OL,2005-07-07,64.33386993408203,64.80866241455078,62.197322845458984,63.62168884277344,24.931446075439453,3996945
DNB,DNB.OL,2005-07-08,63.85908126831055,64.80866241455078,63.38429260253906,64.09647369384766,25.117494583129883,1801027
DNB,DNB.OL,2005-07-11,64.80866241455078,64.80866241455078,63.85908126831055,63.85908126831055,25.024471282958984,1906265
DNB,DNB.OL,2005-07-12,63.85908126831055,64.09647369384766,63.38429260253906,63.38429260253906,24.838415145874023,1869826
DNB,DNB.OL,2005-07-13,63.38429260253906,64.09647369384766,62.90950393676758,63.38429260253906,24.838415145874023,2008535
DNB,DNB.OL,2005-07-14,63.14690017700195,64.09647369384766,62.90950393676758,63.38429260253906,24.838415145874023,2354528
DNB,DNB.OL,2005-07-15,63.38429260253906,63.85908126831055,62.90950393676758,63.38429260253906,24.838415145874023,2576129
DNB,DNB.OL,2005-07-18,63.85908126831055,64.5712661743164,63.38429260253906,63.38429260253906,24.838415145874023,1464110
DNB,DNB.OL,2005-07-19,63.62168884277344,65.04605102539062,63.38429260253906,65.04605102539062,25.489606857299805,3089478
DNB,DNB.OL,2005-07-20,64.5712661743164,65.283447265625,63.85908126831055,63.85908126831055,25.024471282958984,2235107
DNB,DNB.OL,2005-07-21,64.09647369384766,65.04605102539062,63.85908126831055,64.5712661743164,25.303552627563477,2428854
DNB,DNB.OL,2005-07-22,64.33386993408203,64.80866241455078,64.09647369384766,64.33386993408203,25.210525512695312,2208661
DNB,DNB.OL,2005-07-25,64.09647369384766,64.33386993408203,63.62168884277344,63.85908126831055,25.024471282958984,1299367
DNB,DNB.OL,2005-07-26,63.85908126831055,64.33386993408203,63.38429260253906,64.33386993408203,25.210525512695312,1574867
DNB,DNB.OL,2005-07-27,64.5712661743164,65.283447265625,64.33386993408203,64.33386993408203,25.210525512695312,2940321
DNB,DNB.OL,2005-07-28,64.80866241455078,65.04605102539062,64.5712661743164,64.80866241455078,25.396583557128906,3922717
DNB,DNB.OL,2005-07-29,64.80866241455078,65.04605102539062,64.09647369384766,64.5712661743164,25.303552627563477,2524228
DNB,DNB.OL,2005-08-01,64.09647369384766,64.33386993408203,63.85908126831055,63.85908126831055,25.024471282958984,2058946
DNB,DNB.OL,2005-08-02,64.33386993408203,65.75823974609375,64.33386993408203,65.52084350585938,25.675668716430664,2298735
DNB,DNB.OL,2005-08-03,65.52084350585938,66.47042083740234,65.283447265625,66.23302459716797,25.954748153686523,2191950
DNB,DNB.OL,2005-08-04,66.23302459716797,66.23302459716797,65.04605102539062,65.04605102539062,25.489606857299805,2676590
DNB,DNB.OL,2005-08-05,65.283447265625,65.52084350585938,64.80866241455078,65.04605102539062,25.489606857299805,1782387
DNB,DNB.OL,2005-08-08,65.283447265625,66.23302459716797,65.283447265625,65.52084350585938,25.675668716430664,2636753
DNB,DNB.OL,2005-08-09,66.23302459716797,66.94520568847656,65.9956283569336,66.94520568847656,26.233829498291016,3878101
DNB,DNB.OL,2005-08-10,67.18260192871094,67.18260192871094,64.80866241455078,64.80866241455078,25.396583557128906,9346666
DNB,DNB.OL,2005-08-11,64.80866241455078,65.04605102539062,63.14690017700195,63.14690017700195,24.745386123657227,9624748
DNB,DNB.OL,2005-08-12,63.62168884277344,63.85908126831055,62.90950393676758,62.90950393676758,24.652360916137695,4313292
DNB,DNB.OL,2005-08-15,63.14690017700195,63.38429260253906,62.90950393676758,63.14690017700195,24.745386123657227,2035768
DNB,DNB.OL,2005-08-16,63.14690017700195,63.62168884277344,62.90950393676758,62.90950393676758,24.652360916137695,1901913
DNB,DNB.OL,2005-08-17,62.67211151123047,63.62168884277344,62.434715270996094,63.62168884277344,24.931446075439453,2928117
DNB,DNB.OL,2005-08-18,63.38429260253906,64.09647369384766,62.90950393676758,63.85908126831055,25.024471282958984,2015788
DNB,DNB.OL,2005-08-19,64.33386993408203,64.5712661743164,64.09647369384766,64.5712661743164,25.303552627563477,3337445
DNB,DNB.OL,2005-08-22,64.33386993408203,64.5712661743164,64.09647369384766,64.33386993408203,25.210525512695312,707473
DNB,DNB.OL,2005-08-23,64.33386993408203,65.04605102539062,63.85908126831055,64.80866241455078,25.396583557128906,2637449
DNB,DNB.OL,2005-08-24,64.5712661743164,65.283447265625,64.09647369384766,64.33386993408203,25.210525512695312,3503425
DNB,DNB.OL,2005-08-25,64.33386993408203,65.04605102539062,63.62168884277344,64.5712661743164,25.303552627563477,2801133
DNB,DNB.OL,2005-08-26,65.04605102539062,65.04605102539062,63.62168884277344,63.62168884277344,24.931446075439453,2127489
DNB,DNB.OL,2005-08-29,63.38429260253906,64.5712661743164,63.14690017700195,64.5712661743164,25.303552627563477,1559382
DNB,DNB.OL,2005-08-30,64.33386993408203,65.04605102539062,63.85908126831055,64.09647369384766,25.117494583129883,1518125
DNB,DNB.OL,2005-08-31,64.33386993408203,64.80866241455078,63.62168884277344,63.85908126831055,25.024471282958984,3932184
DNB,DNB.OL,2005-09-01,64.09647369384766,64.33386993408203,63.62168884277344,63.62168884277344,24.931446075439453,2844662
DNB,DNB.OL,2005-09-02,63.85908126831055,64.09647369384766,63.14690017700195,64.09647369384766,25.117494583129883,2076710
DNB,DNB.OL,2005-09-05,64.09647369384766,64.09647369384766,63.38429260253906,63.38429260253906,24.838415145874023,1848033
DNB,DNB.OL,2005-09-06,63.85908126831055,64.33386993408203,63.62168884277344,64.33386993408203,25.210525512695312,2375799
DNB,DNB.OL,2005-09-07,64.09647369384766,64.5712661743164,63.14690017700195,64.09647369384766,25.117494583129883,3705217
DNB,DNB.OL,2005-09-08,63.85908126831055,63.85908126831055,62.90950393676758,63.14690017700195,24.745386123657227,4197523
DNB,DNB.OL,2005-09-09,62.90950393676758,63.14690017700195,62.197322845458984,62.90950393676758,24.652360916137695,4934282
DNB,DNB.OL,2005-09-12,62.67211151123047,63.14690017700195,62.434715270996094,62.90950393676758,24.652360916137695,3544491
DNB,DNB.OL,2005-09-13,62.67211151123047,63.38429260253906,62.197322845458984,62.90950393676758,24.652360916137695,3678976
DNB,DNB.OL,2005-09-14,62.67211151123047,63.38429260253906,62.67211151123047,62.90950393676758,24.652360916137695,2404398
DNB,DNB.OL,2005-09-15,63.14690017700195,63.85908126831055,62.90950393676758,63.62168884277344,24.931446075439453,3385961
DNB,DNB.OL,2005-09-16,63.38429260253906,63.62168884277344,62.67211151123047,63.14690017700195,24.745386123657227,7691000
DNB,DNB.OL,2005-09-19,62.90950393676758,63.14690017700195,62.434715270996094,62.67211151123047,24.559329986572266,6697213
DNB,DNB.OL,2005-09-20,62.90950393676758,63.62168884277344,62.90950393676758,63.62168884277344,24.931446075439453,2396280
DNB,DNB.OL,2005-09-21,63.62168884277344,64.09647369384766,63.38429260253906,63.62168884277344,24.931446075439453,3195797
DNB,DNB.OL,2005-09-22,63.38429260253906,64.09647369384766,63.38429260253906,63.62168884277344,24.931446075439453,2731386
DNB,DNB.OL,2005-09-23,64.09647369384766,64.33386993408203,64.09647369384766,64.09647369384766,25.117494583129883,2375838
DNB,DNB.OL,2005-09-26,64.33386993408203,64.5712661743164,63.85908126831055,64.33386993408203,25.210525512695312,2035162
DNB,DNB.OL,2005-09-27,64.5712661743164,64.5712661743164,63.85908126831055,63.85908126831055,25.024471282958984,2695314
DNB,DNB.OL,2005-09-28,63.62168884277344,64.5712661743164,63.38429260253906,64.09647369384766,25.117494583129883,5110277
DNB,DNB.OL,2005-09-29,64.5712661743164,65.04605102539062,64.33386993408203,64.5712661743164,25.303552627563477,3174826
DNB,DNB.OL,2005-09-30,64.80866241455078,64.80866241455078,63.85908126831055,64.09647369384766,25.117494583129883,4553549
DNB,DNB.OL,2005-10-03,64.5712661743164,65.04605102539062,63.85908126831055,65.04605102539062,25.489606857299805,2231017
DNB,DNB.OL,2005-10-04,64.80866241455078,64.80866241455078,63.62168884277344,63.62168884277344,24.931446075439453,5819135
DNB,DNB.OL,2005-10-05,63.38429260253906,63.62168884277344,63.14690017700195,63.38429260253906,24.838415145874023,3055809
DNB,DNB.OL,2005-10-06,62.197322845458984,62.90950393676758,61.7225341796875,62.197322845458984,24.373273849487305,3726988
DNB,DNB.OL,2005-10-07,61.95992660522461,62.67211151123047,61.95992660522461,62.434715270996094,24.466304779052734,2206663
DNB,DNB.OL,2005-10-10,62.90950393676758,62.90950393676758,61.95992660522461,61.95992660522461,24.28024673461914,2297247
DNB,DNB.OL,2005-10-11,62.434715270996094,62.90950393676758,61.485137939453125,61.7225341796875,24.187219619750977,3835851
DNB,DNB.OL,2005-10-12,61.247745513916016,62.434715270996094,61.247745513916016,61.485137939453125,24.094192504882812,2298656
DNB,DNB.OL,2005-10-13,61.7225341796875,62.197322845458984,61.01034927368164,61.7225341796875,24.187219619750977,8275854
DNB,DNB.OL,2005-10-14,61.485137939453125,62.197322845458984,60.535560607910156,60.77295684814453,23.81511116027832,7971359
DNB,DNB.OL,2005-10-17,61.247745513916016,62.434715270996094,60.77295684814453,61.95992660522461,24.28024673461914,3472913
DNB,DNB.OL,2005-10-18,62.197322845458984,62.197322845458984,60.06077194213867,60.29816818237305,23.629053115844727,8734550
DNB,DNB.OL,2005-10-19,59.58598327636719,60.06077194213867,57.924224853515625,58.873802185058594,23.07088851928711,7024204
DNB,DNB.OL,2005-10-20,60.77295684814453,61.485137939453125,60.06077194213867,61.01034927368164,23.90813636779785,5905417
DNB,DNB.OL,2005-10-21,61.247745513916016,61.247745513916016,60.29816818237305,61.01034927368164,23.90813636779785,3170219
DNB,DNB.OL,2005-10-24,61.01034927368164,62.67211151123047,61.01034927368164,62.67211151123047,24.559329986572266,3186821
DNB,DNB.OL,2005-10-25,62.67211151123047,63.14690017700195,61.485137939453125,63.14690017700195,24.745386123657227,3278208
DNB,DNB.OL,2005-10-26,62.67211151123047,63.14690017700195,61.485137939453125,62.67211151123047,24.559329986572266,4390440
DNB,DNB.OL,2005-10-27,63.14690017700195,63.14690017700195,61.7225341796875,62.434715270996094,24.466304779052734,4118649
DNB,DNB.OL,2005-10-28,62.197322845458984,62.434715270996094,61.247745513916016,62.197322845458984,24.373273849487305,3486897
DNB,DNB.OL,2005-10-31,62.434715270996094,63.14690017700195,61.7225341796875,63.14690017700195,24.745386123657227,4268685
DNB,DNB.OL,2005-11-01,62.67211151123047,63.85908126831055,62.197322845458984,63.62168884277344,24.931446075439453,4392769
DNB,DNB.OL,2005-11-02,62.90950393676758,63.62168884277344,62.90950393676758,63.62168884277344,24.931446075439453,2181986
DNB,DNB.OL,2005-11-03,63.85908126831055,64.80866241455078,63.62168884277344,64.5712661743164,25.303552627563477,3550150
DNB,DNB.OL,2005-11-04,64.5712661743164,64.5712661743164,63.85908126831055,64.09647369384766,25.117494583129883,3312493
DNB,DNB.OL,2005-11-07,64.33386993408203,65.283447265625,64.09647369384766,65.04605102539062,25.489606857299805,1972117
DNB,DNB.OL,2005-11-08,65.75823974609375,65.75823974609375,63.85908126831055,63.85908126831055,25.024471282958984,2103864
DNB,DNB.OL,2005-11-09,63.85908126831055,65.04605102539062,63.85908126831055,65.04605102539062,25.489606857299805,4107301
DNB,DNB.OL,2005-11-10,65.04605102539062,66.94520568847656,64.80866241455078,66.23302459716797,25.954748153686523,6615353
DNB,DNB.OL,2005-11-11,66.70781707763672,67.41999816894531,65.9956283569336,66.70781707763672,26.14080238342285,3843486
DNB,DNB.OL,2005-11-14,66.47042083740234,66.70781707763672,65.9956283569336,66.23302459716797,25.954748153686523,3870662
DNB,DNB.OL,2005-11-15,66.47042083740234,66.47042083740234,66.23302459716797,66.23302459716797,25.954748153686523,3716941
DNB,DNB.OL,2005-11-16,65.9956283569336,65.9956283569336,65.283447265625,65.283447265625,25.58263397216797,4731026
DNB,DNB.OL,2005-11-17,65.52084350585938,65.52084350585938,64.5712661743164,64.80866241455078,25.396583557128906,6589249
DNB,DNB.OL,2005-11-18,65.04605102539062,65.75823974609375,64.80866241455078,65.283447265625,25.58263397216797,3648242
DNB,DNB.OL,2005-11-21,65.52084350585938,65.52084350585938,64.5712661743164,64.5712661743164,25.303552627563477,3270509
DNB,DNB.OL,2005-11-22,65.04605102539062,66.47042083740234,64.80866241455078,66.47042083740234,26.047771453857422,2786322
DNB,DNB.OL,2005-11-23,66.23302459716797,67.18260192871094,65.75823974609375,66.94520568847656,26.233829498291016,5384893
DNB,DNB.OL,2005-11-24,66.94520568847656,66.94520568847656,65.9956283569336,66.47042083740234,26.047771453857422,2680662
DNB,DNB.OL,2005-11-25,66.47042083740234,67.18260192871094,66.23302459716797,66.94520568847656,26.233829498291016,2234466
DNB,DNB.OL,2005-11-28,67.18260192871094,67.18260192871094,66.47042083740234,66.70781707763672,26.14080238342285,2301831
DNB,DNB.OL,2005-11-29,66.23302459716797,66.70781707763672,65.52084350585938,65.9956283569336,25.861719131469727,2730830
DNB,DNB.OL,2005-11-30,65.9956283569336,68.1321792602539,65.75823974609375,67.18260192871094,26.326860427856445,5616651
DNB,DNB.OL,2005-12-01,67.41999816894531,68.1321792602539,67.18260192871094,67.89478302001953,26.605945587158203,4327386
DNB,DNB.OL,2005-12-02,67.89478302001953,68.36957550048828,67.65739440917969,68.1321792602539,26.6989688873291,4319769
DNB,DNB.OL,2005-12-05,67.89478302001953,68.36957550048828,66.94520568847656,66.94520568847656,26.233829498291016,3194155
DNB,DNB.OL,2005-12-06,66.47042083740234,67.18260192871094,66.47042083740234,66.94520568847656,26.233829498291016,3285247
DNB,DNB.OL,2005-12-07,67.41999816894531,69.31915283203125,67.18260192871094,69.08175659179688,27.071077346801758,5390529
DNB,DNB.OL,2005-12-08,68.8443603515625,69.31915283203125,68.36957550048828,68.36957550048828,26.7919979095459,3284935
DNB,DNB.OL,2005-12-09,68.36957550048828,69.31915283203125,67.89478302001953,69.31915283203125,27.16411018371582,3180648
DNB,DNB.OL,2005-12-12,69.31915283203125,69.55654907226562,68.36957550048828,68.36957550048828,26.7919979095459,1937367
DNB,DNB.OL,2005-12-13,68.8443603515625,68.8443603515625,67.41999816894531,67.41999816894531,26.41988182067871,3953961
DNB,DNB.OL,2005-12-14,67.65739440917969,67.89478302001953,66.94520568847656,67.65739440917969,26.512916564941406,2948914
DNB,DNB.OL,2005-12-15,67.89478302001953,67.89478302001953,66.94520568847656,67.18260192871094,26.326860427856445,2100784
DNB,DNB.OL,2005-12-16,67.18260192871094,67.89478302001953,67.18260192871094,67.65739440917969,26.512916564941406,2187802
DNB,DNB.OL,2005-12-19,67.65739440917969,68.36957550048828,67.18260192871094,67.18260192871094,26.326860427856445,1839448
DNB,DNB.OL,2005-12-20,67.18260192871094,68.60697174072266,67.18260192871094,68.36957550048828,26.7919979095459,1756617
DNB,DNB.OL,2005-12-21,68.60697174072266,68.8443603515625,67.65739440917969,67.89478302001953,26.605945587158203,3601814
DNB,DNB.OL,2005-12-22,67.65739440917969,68.1321792602539,67.18260192871094,67.41999816894531,26.41988182067871,3270481
DNB,DNB.OL,2005-12-23,67.18260192871094,67.89478302001953,66.94520568847656,67.65739440917969,26.512916564941406,1511921
DNB,DNB.OL,2005-12-26,67.65739440917969,67.65739440917969,67.65739440917969,67.65739440917969,26.512916564941406,0
DNB,DNB.OL,2005-12-27,67.18260192871094,68.60697174072266,67.18260192871094,67.41999816894531,26.41988182067871,1066275
DNB,DNB.OL,2005-12-28,67.41999816894531,68.36957550048828,67.41999816894531,68.1321792602539,26.6989688873291,1150508
DNB,DNB.OL,2005-12-29,68.36957550048828,69.08175659179688,68.1321792602539,68.8443603515625,26.978052139282227,1737758
DNB,DNB.OL,2005-12-30,69.31915283203125,69.31915283203125,68.1321792602539,68.36957550048828,26.7919979095459,943491
DNB,DNB.OL,2006-01-02,68.36957550048828,68.60697174072266,68.1321792602539,68.60697174072266,26.885026931762695,1171819
DNB,DNB.OL,2006-01-03,68.8443603515625,68.8443603515625,68.1321792602539,68.36957550048828,26.7919979095459,3230559
DNB,DNB.OL,2006-01-04,68.8443603515625,69.79393768310547,68.8443603515625,69.08175659179688,27.071077346801758,3742844
DNB,DNB.OL,2006-01-05,69.08175659179688,70.5061264038086,68.8443603515625,69.31915283203125,27.16411018371582,4586879
DNB,DNB.OL,2006-01-06,69.55654907226562,70.26873016357422,69.31915283203125,69.79393768310547,27.35016441345215,1658275
DNB,DNB.OL,2006-01-09,69.79393768310547,69.79393768310547,68.8443603515625,69.55654907226562,27.25714111328125,4329914
DNB,DNB.OL,2006-01-10,69.55654907226562,70.03133392333984,68.60697174072266,70.03133392333984,27.443191528320312,3923724
DNB,DNB.OL,2006-01-11,69.79393768310547,70.26873016357422,69.55654907226562,69.79393768310547,27.35016441345215,2081980
DNB,DNB.OL,2006-01-12,69.79393768310547,70.5061264038086,69.31915283203125,70.5061264038086,27.629247665405273,2366285
DNB,DNB.OL,2006-01-13,70.26873016357422,70.26873016357422,69.08175659179688,69.55654907226562,27.25714111328125,3327420
DNB,DNB.OL,2006-01-16,69.31915283203125,69.31915283203125,68.60697174072266,69.08175659179688,27.071077346801758,2611917
DNB,DNB.OL,2006-01-17,68.36957550048828,69.31915283203125,68.36957550048828,68.36957550048828,26.7919979095459,2325798
DNB,DNB.OL,2006-01-18,67.89478302001953,68.8443603515625,67.65739440917969,68.8443603515625,26.978052139282227,3906179
DNB,DNB.OL,2006-01-19,69.08175659179688,71.93048858642578,69.08175659179688,71.6930923461914,28.094383239746094,8427273
DNB,DNB.OL,2006-01-20,71.45570373535156,72.40528106689453,70.5061264038086,71.93048858642578,28.187419891357422,5226456
DNB,DNB.OL,2006-01-23,70.98091125488281,71.6930923461914,70.98091125488281,71.21830749511719,27.9083309173584,3033841
DNB,DNB.OL,2006-01-24,71.21830749511719,72.16788482666016,71.21830749511719,71.6930923461914,28.094383239746094,2242779
DNB,DNB.OL,2006-01-25,71.6930923461914,72.16788482666016,70.74352264404297,71.6930923461914,28.094383239746094,3566634
DNB,DNB.OL,2006-01-26,71.45570373535156,73.11746215820312,71.45570373535156,72.40528106689453,28.373476028442383,2982215
DNB,DNB.OL,2006-01-27,72.88006591796875,73.11746215820312,71.45570373535156,71.93048858642578,28.187419891357422,3283745
DNB,DNB.OL,2006-01-30,72.16788482666016,72.40528106689453,71.21830749511719,71.45570373535156,28.001359939575195,2362026
DNB,DNB.OL,2006-01-31,71.6930923461914,71.93048858642578,70.74352264404297,70.74352264404297,27.722278594970703,2812928
DNB,DNB.OL,2006-02-01,70.98091125488281,72.16788482666016,70.5061264038086,71.93048858642578,28.187419891357422,2777945
DNB,DNB.OL,2006-02-02,71.93048858642578,73.3548583984375,71.45570373535156,73.3548583984375,28.745580673217773,3526268
DNB,DNB.OL,2006-02-03,72.6426773071289,73.3548583984375,71.6930923461914,71.6930923461914,28.094383239746094,3041504
DNB,DNB.OL,2006-02-06,72.16788482666016,72.88006591796875,71.45570373535156,72.16788482666016,28.280439376831055,2255856
DNB,DNB.OL,2006-02-07,72.16788482666016,72.16788482666016,71.21830749511719,71.6930923461914,28.094383239746094,2872983
DNB,DNB.OL,2006-02-08,70.98091125488281,73.3548583984375,70.26873016357422,73.3548583984375,28.745580673217773,4567382
DNB,DNB.OL,2006-02-09,73.3548583984375,74.30443572998047,73.11746215820312,73.82964324951172,28.931636810302734,2606962
DNB,DNB.OL,2006-02-10,73.82964324951172,74.77922058105469,73.59225463867188,74.54182434082031,29.21072006225586,2986621
DNB,DNB.OL,2006-02-13,74.0670394897461,75.72879791259766,73.82964324951172,75.49140930175781,29.58283233642578,5736486
DNB,DNB.OL,2006-02-14,75.01661682128906,75.96619415283203,73.59225463867188,74.0670394897461,29.024660110473633,4320865
DNB,DNB.OL,2006-02-15,74.30443572998047,75.49140930175781,73.3548583984375,75.25401306152344,29.48979949951172,2195539
DNB,DNB.OL,2006-02-16,75.25401306152344,75.96619415283203,74.54182434082031,75.01661682128906,29.396774291992188,3526400
DNB,DNB.OL,2006-02-17,75.01661682128906,76.44098663330078,74.54182434082031,75.72879791259766,29.675851821899414,9628717
DNB,DNB.OL,2006-02-20,75.49140930175781,76.44098663330078,74.77922058105469,75.49140930175781,29.58283233642578,1759275
DNB,DNB.OL,2006-02-21,75.96619415283203,77.15316772460938,75.49140930175781,76.915771484375,30.14099884033203,3581840
DNB,DNB.OL,2006-02-22,76.915771484375,77.6279525756836,76.44098663330078,76.67837524414062,30.047971725463867,2376368
DNB,DNB.OL,2006-02-23,77.6279525756836,79.05232238769531,77.39056396484375,77.39056396484375,30.32705307006836,7400937
DNB,DNB.OL,2006-02-24,77.6279525756836,78.10274505615234,76.44098663330078,77.15316772460938,30.234025955200195,2983412
DNB,DNB.OL,2006-02-27,77.86534881591797,78.34014129638672,77.15316772460938,77.6279525756836,30.420082092285156,1844327
DNB,DNB.OL,2006-02-28,78.10274505615234,78.10274505615234,77.15316772460938,77.86534881591797,30.51310920715332,2167830
DNB,DNB.OL,2006-03-01,77.86534881591797,78.10274505615234,77.15316772460938,77.86534881591797,30.51310920715332,1803413
DNB,DNB.OL,2006-03-02,78.34014129638672,78.34014129638672,76.915771484375,77.15316772460938,30.234025955200195,4195082
DNB,DNB.OL,2006-03-03,76.915771484375,77.6279525756836,76.44098663330078,76.67837524414062,30.047971725463867,2836754
DNB,DNB.OL,2006-03-06,76.67837524414062,76.915771484375,75.49140930175781,75.72879791259766,29.675851821899414,4960747
DNB,DNB.OL,2006-03-07,75.01661682128906,75.72879791259766,74.77922058105469,75.49140930175781,29.58283233642578,6805780
DNB,DNB.OL,2006-03-08,75.49140930175781,75.72879791259766,74.0670394897461,75.72879791259766,29.675851821899414,8723368
DNB,DNB.OL,2006-03-09,75.72879791259766,77.15316772460938,75.72879791259766,76.44098663330078,29.954946517944336,2780069
DNB,DNB.OL,2006-03-10,75.96619415283203,76.915771484375,75.96619415283203,76.915771484375,30.14099884033203,3724936
DNB,DNB.OL,2006-03-13,77.15316772460938,77.6279525756836,76.915771484375,77.39056396484375,30.32705307006836,2147584
DNB,DNB.OL,2006-03-14,77.6279525756836,77.86534881591797,77.39056396484375,77.6279525756836,30.420082092285156,2386714
DNB,DNB.OL,2006-03-15,77.86534881591797,78.81492614746094,77.6279525756836,78.57752990722656,30.79218864440918,4372128
DNB,DNB.OL,2006-03-16,78.81492614746094,79.52710723876953,78.34014129638672,79.52710723876953,31.164295196533203,2888050
DNB,DNB.OL,2006-03-17,79.7645034790039,80.23929595947266,79.05232238769531,79.7645034790039,31.257326126098633,2459895
DNB,DNB.OL,2006-03-20,79.28971862792969,80.4766845703125,79.28971862792969,80.23929595947266,31.443384170532227,1958288
DNB,DNB.OL,2006-03-21,80.4766845703125,80.4766845703125,79.05232238769531,79.05232238769531,30.978252410888672,3279217
DNB,DNB.OL,2006-03-22,79.05232238769531,80.00189971923828,78.81492614746094,79.28971862792969,31.071269989013672,3040608
DNB,DNB.OL,2006-03-23,78.81492614746094,80.00189971923828,78.81492614746094,79.52710723876953,31.164295196533203,1872749
DNB,DNB.OL,2006-03-24,78.81492614746094,80.95147705078125,78.81492614746094,80.71408081054688,31.629446029663086,13658482
DNB,DNB.OL,2006-03-27,80.23929595947266,81.66365814208984,80.23929595947266,80.71408081054688,31.629446029663086,2614077
DNB,DNB.OL,2006-03-28,81.18887329101562,81.42626190185547,79.7645034790039,80.00189971923828,31.35036277770996,1350576
DNB,DNB.OL,2006-03-29,79.7645034790039,80.95147705078125,79.7645034790039,80.95147705078125,31.72246742248535,2965925
DNB,DNB.OL,2006-03-30,81.18887329101562,83.3254165649414,81.18887329101562,83.3254165649414,32.65274429321289,4826862
DNB,DNB.OL,2006-03-31,83.3254165649414,84.74978637695312,83.3254165649414,83.80020904541016,32.83880615234375,8340629
DNB,DNB.OL,2006-04-03,84.03760528564453,84.51239013671875,82.37583923339844,82.61323547363281,32.3736686706543,3481836
DNB,DNB.OL,2006-04-04,82.85063171386719,83.08802795410156,81.42626190185547,81.42626190185547,31.908523559570312,5505358
DNB,DNB.OL,2006-04-05,81.42626190185547,81.90105438232422,80.71408081054688,80.95147705078125,31.72246742248535,4317233
DNB,DNB.OL,2006-04-06,81.18887329101562,82.61323547363281,81.18887329101562,81.90105438232422,32.09458541870117,5257359
DNB,DNB.OL,2006-04-07,82.1384506225586,82.85063171386719,81.18887329101562,82.61323547363281,32.3736686706543,14648262
DNB,DNB.OL,2006-04-10,82.85063171386719,82.85063171386719,82.37583923339844,82.61323547363281,32.3736686706543,1833850
DNB,DNB.OL,2006-04-11,83.08802795410156,83.56281280517578,82.61323547363281,82.61323547363281,32.3736686706543,2186298
DNB,DNB.OL,2006-04-12,83.08802795410156,83.08802795410156,81.18887329101562,81.42626190185547,31.908523559570312,1816376
DNB,DNB.OL,2006-04-13,81.42626190185547,81.42626190185547,81.42626190185547,81.42626190185547,31.908523559570312,0
DNB,DNB.OL,2006-04-14,81.42626190185547,81.42626190185547,81.42626190185547,81.42626190185547,31.908523559570312,0
DNB,DNB.OL,2006-04-17,81.42626190185547,81.42626190185547,81.42626190185547,81.42626190185547,31.908523559570312,0
DNB,DNB.OL,2006-04-18,81.42626190185547,82.61323547363281,81.42626190185547,81.66365814208984,32.00155258178711,5542920
DNB,DNB.OL,2006-04-19,82.1384506225586,82.37583923339844,81.42626190185547,81.66365814208984,32.00155258178711,7170072
DNB,DNB.OL,2006-04-20,82.1384506225586,83.80020904541016,82.1384506225586,83.3254165649414,32.65274429321289,4724641
DNB,DNB.OL,2006-04-21,83.80020904541016,86.17414855957031,83.56281280517578,86.17414855957031,33.769081115722656,5895528
DNB,DNB.OL,2006-04-24,85.46196746826172,86.88633728027344,85.46196746826172,86.88633728027344,34.04816436767578,4371537
DNB,DNB.OL,2006-04-25,86.88633728027344,88.07330322265625,86.64894104003906,86.88633728027344,34.04816436767578,6351901
DNB,DNB.OL,2006-04-26,84.27499389648438,84.51239013671875,81.66365814208984,82.1384506225586,33.467803955078125,5008945
DNB,DNB.OL,2006-04-27,82.1384506225586,82.61323547363281,80.71408081054688,81.90105438232422,33.37107467651367,3853366
DNB,DNB.OL,2006-04-28,82.1384506225586,82.1384506225586,80.95147705078125,81.18887329101562,33.08088684082031,3666449
DNB,DNB.OL,2006-05-01,81.18887329101562,81.18887329101562,81.18887329101562,81.18887329101562,33.08088684082031,0
DNB,DNB.OL,2006-05-02,82.1384506225586,82.61323547363281,81.18887329101562,81.66365814208984,33.27434158325195,2718933
DNB,DNB.OL,2006-05-03,81.90105438232422,82.1384506225586,81.42626190185547,81.66365814208984,33.27434158325195,3054212
DNB,DNB.OL,2006-05-04,81.66365814208984,83.08802795410156,81.42626190185547,82.85063171386719,33.75797653198242,2776124
DNB,DNB.OL,2006-05-05,83.08802795410156,83.3254165649414,82.61323547363281,82.85063171386719,33.75797653198242,2521366
DNB,DNB.OL,2006-05-08,83.08802795410156,83.56281280517578,82.61323547363281,83.3254165649414,33.95143508911133,2345622
DNB,DNB.OL,2006-05-09,84.27499389648438,84.51239013671875,83.3254165649414,84.27499389648438,34.33835220336914,6151133
DNB,DNB.OL,2006-05-10,84.03760528564453,85.22457122802734,84.03760528564453,85.22457122802734,34.725250244140625,1789760
DNB,DNB.OL,2006-05-11,86.17414855957031,86.41154479980469,83.3254165649414,83.80020904541016,34.144893646240234,4313658
DNB,DNB.OL,2006-05-12,82.37583923339844,83.80020904541016,81.66365814208984,82.1384506225586,33.467803955078125,2759072
DNB,DNB.OL,2006-05-15,81.18887329101562,81.18887329101562,78.57752990722656,79.05232238769531,32.21034240722656,3801648
DNB,DNB.OL,2006-05-16,79.28971862792969,79.7645034790039,78.10274505615234,79.52710723876953,32.40378189086914,6065308
DNB,DNB.OL,2006-05-17,79.52710723876953,79.52710723876953,79.52710723876953,79.52710723876953,32.40378189086914,0
DNB,DNB.OL,2006-05-18,76.2035903930664,79.28971862792969,73.3548583984375,73.82964324951172,30.082326889038086,8845183
DNB,DNB.OL,2006-05-19,75.01661682128906,78.10274505615234,74.77922058105469,77.15316772460938,31.43651580810547,13769640
DNB,DNB.OL,2006-05-22,77.15316772460938,77.15316772460938,73.59225463867188,74.0670394897461,30.17905044555664,8614741
DNB,DNB.OL,2006-05-23,74.0670394897461,76.67837524414062,74.0670394897461,76.2035903930664,31.04960823059082,6041982
DNB,DNB.OL,2006-05-24,73.59225463867188,76.67837524414062,73.3548583984375,74.0670394897461,30.17905044555664,4456273
DNB,DNB.OL,2006-05-25,74.0670394897461,74.0670394897461,74.0670394897461,74.0670394897461,30.17905044555664,0
DNB,DNB.OL,2006-05-26,75.49140930175781,76.67837524414062,73.82964324951172,75.72879791259766,30.856143951416016,4271711
DNB,DNB.OL,2006-05-29,76.44098663330078,76.67837524414062,75.49140930175781,76.44098663330078,31.14633560180664,3312341
DNB,DNB.OL,2006-05-30,76.2035903930664,76.2035903930664,74.54182434082031,74.77922058105469,30.4692325592041,4586469
DNB,DNB.OL,2006-05-31,74.0670394897461,76.2035903930664,73.11746215820312,74.30443572998047,30.275785446166992,7023822
DNB,DNB.OL,2006-06-01,75.96619415283203,75.96619415283203,74.30443572998047,75.01661682128906,30.565961837768555,4329197
DNB,DNB.OL,2006-06-02,75.96619415283203,77.6279525756836,75.25401306152344,76.915771484375,31.339784622192383,3447036
DNB,DNB.OL,2006-06-05,76.915771484375,76.915771484375,76.915771484375,76.915771484375,31.339784622192383,0
DNB,DNB.OL,2006-06-06,75.49140930175781,75.96619415283203,73.11746215820312,73.59225463867188,29.9856014251709,8618184
DNB,DNB.OL,2006-06-07,73.82964324951172,74.77922058105469,73.3548583984375,74.54182434082031,30.372509002685547,6558028
DNB,DNB.OL,2006-06-08,73.11746215820312,73.59225463867188,71.45570373535156,71.45570373535156,29.11505126953125,7147513
DNB,DNB.OL,2006-06-09,72.6426773071289,75.01661682128906,72.40528106689453,74.0670394897461,30.17905044555664,4892480
DNB,DNB.OL,2006-06-12,75.01661682128906,75.01661682128906,71.6930923461914,71.6930923461914,29.211774826049805,3356789
DNB,DNB.OL,2006-06-13,70.03133392333984,71.21830749511719,69.79393768310547,70.98091125488281,28.92159080505371,3919463
DNB,DNB.OL,2006-06-14,71.93048858642578,72.16788482666016,68.8443603515625,71.6930923461914,29.211774826049805,4607070
DNB,DNB.OL,2006-06-15,72.16788482666016,74.54182434082031,72.16788482666016,74.30443572998047,30.275785446166992,5287914
DNB,DNB.OL,2006-06-16,75.25401306152344,75.96619415283203,73.59225463867188,74.0670394897461,30.17905044555664,4952172
DNB,DNB.OL,2006-06-19,74.30443572998047,75.01661682128906,73.82964324951172,74.0670394897461,30.17905044555664,1547057
DNB,DNB.OL,2006-06-20,73.82964324951172,73.82964324951172,72.40528106689453,72.6426773071289,29.598690032958984,3704293
DNB,DNB.OL,2006-06-21,72.88006591796875,72.88006591796875,70.03133392333984,71.45570373535156,29.11505126953125,8397681
DNB,DNB.OL,2006-06-22,72.88006591796875,73.59225463867188,71.6930923461914,71.6930923461914,29.211774826049805,6400131
DNB,DNB.OL,2006-06-23,72.16788482666016,72.88006591796875,71.6930923461914,72.88006591796875,29.69541358947754,2890144
DNB,DNB.OL,2006-06-26,73.11746215820312,73.82964324951172,71.93048858642578,72.40528106689453,29.501962661743164,1927057
DNB,DNB.OL,2006-06-27,72.6426773071289,73.11746215820312,71.6930923461914,72.16788482666016,29.405229568481445,4673490
DNB,DNB.OL,2006-06-28,71.6930923461914,71.6930923461914,70.74352264404297,70.98091125488281,28.92159080505371,4598525
DNB,DNB.OL,2006-06-29,71.6930923461914,72.40528106689453,71.21830749511719,71.45570373535156,29.11505126953125,3156982
DNB,DNB.OL,2006-06-30,72.88006591796875,73.59225463867188,72.6426773071289,73.3548583984375,29.888870239257812,4997295
DNB,DNB.OL,2006-07-03,73.11746215820312,75.25401306152344,73.11746215820312,74.30443572998047,30.275785446166992,2599079
DNB,DNB.OL,2006-07-04,75.01661682128906,75.96619415283203,74.77922058105469,75.49140930175781,30.75942039489746,1123386
DNB,DNB.OL,2006-07-05,75.49140930175781,76.44098663330078,73.59225463867188,73.82964324951172,30.082326889038086,2800736
DNB,DNB.OL,2006-07-06,73.59225463867188,75.72879791259766,73.59225463867188,74.54182434082031,30.372509002685547,1439378
DNB,DNB.OL,2006-07-07,74.54182434082031,75.72879791259766,74.30443572998047,75.01661682128906,30.565961837768555,1836863
DNB,DNB.OL,2006-07-10,75.25401306152344,75.72879791259766,74.54182434082031,75.01661682128906,30.565961837768555,1442186
DNB,DNB.OL,2006-07-11,74.54182434082031,75.72879791259766,74.54182434082031,75.25401306152344,30.66269302368164,2193310
DNB,DNB.OL,2006-07-12,74.77922058105469,75.72879791259766,74.54182434082031,74.54182434082031,30.372509002685547,1755486
DNB,DNB.OL,2006-07-13,74.0670394897461,74.54182434082031,71.93048858642578,71.93048858642578,29.308509826660156,4203789
DNB,DNB.OL,2006-07-14,71.21830749511719,72.16788482666016,70.26873016357422,70.26873016357422,28.63140869140625,5050443
DNB,DNB.OL,2006-07-17,70.74352264404297,70.74352264404297,68.60697174072266,69.79393768310547,28.437955856323242,1606167
DNB,DNB.OL,2006-07-18,69.31915283203125,70.26873016357422,68.1321792602539,69.31915283203125,28.24449920654297,2465608
DNB,DNB.OL,2006-07-19,70.03133392333984,70.5061264038086,69.08175659179688,70.03133392333984,28.534679412841797,2099102
DNB,DNB.OL,2006-07-20,71.21830749511719,73.11746215820312,71.21830749511719,72.88006591796875,29.69541358947754,2303828
DNB,DNB.OL,2006-07-21,72.16788482666016,72.6426773071289,70.74352264404297,71.6930923461914,29.211774826049805,1923789
DNB,DNB.OL,2006-07-24,72.16788482666016,72.16788482666016,70.98091125488281,71.45570373535156,29.11505126953125,1204683
DNB,DNB.OL,2006-07-25,73.59225463867188,73.59225463867188,71.93048858642578,72.16788482666016,29.405229568481445,2298477
DNB,DNB.OL,2006-07-26,72.88006591796875,73.11746215820312,72.40528106689453,73.11746215820312,29.792142868041992,2233899
DNB,DNB.OL,2006-07-27,73.3548583984375,73.59225463867188,72.88006591796875,73.3548583984375,29.888870239257812,1731363
DNB,DNB.OL,2006-07-28,73.3548583984375,74.0670394897461,72.88006591796875,73.59225463867188,29.9856014251709,1302017
DNB,DNB.OL,2006-07-31,73.82964324951172,74.54182434082031,73.11746215820312,74.0670394897461,30.17905044555664,1673859
DNB,DNB.OL,2006-08-01,74.30443572998047,75.49140930175781,74.0670394897461,74.54182434082031,30.372509002685547,5133924
DNB,DNB.OL,2006-08-02,75.49140930175781,75.49140930175781,74.54182434082031,75.01661682128906,30.565961837768555,3323723
DNB,DNB.OL,2006-08-03,75.49140930175781,75.96619415283203,73.82964324951172,74.0670394897461,30.17905044555664,2395680
DNB,DNB.OL,2006-08-04,74.0670394897461,74.77922058105469,73.82964324951172,74.0670394897461,30.17905044555664,3036375
DNB,DNB.OL,2006-08-07,74.0670394897461,74.77922058105469,73.59225463867188,74.54182434082031,30.372509002685547,3026699
DNB,DNB.OL,2006-08-08,75.01661682128906,75.01661682128906,73.59225463867188,73.82964324951172,30.082326889038086,3122903
DNB,DNB.OL,2006-08-09,74.30443572998047,74.30443572998047,72.16788482666016,72.40528106689453,29.501962661743164,5460032
DNB,DNB.OL,2006-08-10,73.82964324951172,73.82964324951172,70.98091125488281,72.16788482666016,29.405229568481445,8224467
DNB,DNB.OL,2006-08-11,72.6426773071289,73.11746215820312,71.93048858642578,72.6426773071289,29.598690032958984,5806615
DNB,DNB.OL,2006-08-14,72.6426773071289,73.82964324951172,72.6426773071289,73.59225463867188,29.9856014251709,3000253
DNB,DNB.OL,2006-08-15,73.59225463867188,74.77922058105469,73.11746215820312,74.54182434082031,30.372509002685547,3498885
DNB,DNB.OL,2006-08-16,74.77922058105469,74.77922058105469,73.11746215820312,73.82964324951172,30.082326889038086,5278605
DNB,DNB.OL,2006-08-17,73.82964324951172,75.72879791259766,73.11746215820312,75.49140930175781,30.75942039489746,5973779
DNB,DNB.OL,2006-08-18,75.49140930175781,76.44098663330078,75.25401306152344,75.96619415283203,30.95287322998047,3891625
DNB,DNB.OL,2006-08-21,76.44098663330078,76.915771484375,75.72879791259766,76.67837524414062,31.24306297302246,3806151
DNB,DNB.OL,2006-08-22,76.44098663330078,77.6279525756836,76.2035903930664,77.15316772460938,31.43651580810547,5448490
DNB,DNB.OL,2006-08-23,76.915771484375,78.34014129638672,76.67837524414062,77.6279525756836,31.62997055053711,2998911
DNB,DNB.OL,2006-08-24,77.6279525756836,77.6279525756836,76.44098663330078,76.915771484375,31.339784622192383,3914912
DNB,DNB.OL,2006-08-25,76.67837524414062,77.15316772460938,76.2035903930664,76.915771484375,31.339784622192383,3845608
DNB,DNB.OL,2006-08-28,76.67837524414062,77.39056396484375,76.44098663330078,76.915771484375,31.339784622192383,2200508
DNB,DNB.OL,2006-08-29,76.915771484375,77.6279525756836,76.915771484375,77.15316772460938,31.43651580810547,2637675
DNB,DNB.OL,2006-08-30,77.6279525756836,77.86534881591797,77.15316772460938,77.86534881591797,31.726699829101562,2158646
DNB,DNB.OL,2006-08-31,77.86534881591797,77.86534881591797,75.96619415283203,77.6279525756836,31.62997055053711,3760524
DNB,DNB.OL,2006-09-01,77.6279525756836,77.6279525756836,76.44098663330078,77.15316772460938,31.43651580810547,3110649
DNB,DNB.OL,2006-09-04,76.915771484375,78.34014129638672,76.915771484375,78.10274505615234,31.82343101501465,2101510
DNB,DNB.OL,2006-09-05,77.86534881591797,79.05232238769531,77.86534881591797,78.34014129638672,31.92015838623047,3221278
DNB,DNB.OL,2006-09-06,78.81492614746094,78.81492614746094,75.96619415283203,76.44098663330078,31.14633560180664,4831943
DNB,DNB.OL,2006-09-07,76.67837524414062,77.15316772460938,75.49140930175781,76.67837524414062,31.24306297302246,3653695
DNB,DNB.OL,2006-09-08,76.44098663330078,76.915771484375,76.2035903930664,76.44098663330078,31.14633560180664,2103695
DNB,DNB.OL,2006-09-11,76.44098663330078,76.44098663330078,75.01661682128906,75.25401306152344,30.66269302368164,3337707
DNB,DNB.OL,2006-09-12,75.01661682128906,76.67837524414062,74.30443572998047,76.44098663330078,31.14633560180664,4641509
DNB,DNB.OL,2006-09-13,76.44098663330078,76.915771484375,75.96619415283203,75.96619415283203,30.95287322998047,3065541
DNB,DNB.OL,2006-09-14,75.96619415283203,76.915771484375,75.72879791259766,76.2035903930664,31.04960823059082,3782792
DNB,DNB.OL,2006-09-15,76.2035903930664,76.44098663330078,75.01661682128906,75.49140930175781,30.75942039489746,2832893
DNB,DNB.OL,2006-09-18,75.96619415283203,77.15316772460938,75.96619415283203,76.915771484375,31.339784622192383,4435757
DNB,DNB.OL,2006-09-19,77.39056396484375,77.39056396484375,75.49140930175781,76.2035903930664,31.04960823059082,4547518
DNB,DNB.OL,2006-09-20,76.67837524414062,76.67837524414062,75.49140930175781,76.44098663330078,31.14633560180664,3188767
DNB,DNB.OL,2006-09-21,76.44098663330078,76.44098663330078,74.77922058105469,75.01661682128906,30.565961837768555,4660767
DNB,DNB.OL,2006-09-22,74.77922058105469,75.01661682128906,73.82964324951172,74.30443572998047,30.275785446166992,3288290
DNB,DNB.OL,2006-09-25,73.97208404541016,74.35191345214844,73.30738067626953,73.30738067626953,29.869525909423828,510757
DNB,DNB.OL,2006-09-26,73.68721008300781,75.39644622802734,73.59225463867188,75.39644622802734,30.720727920532227,4185758
DNB,DNB.OL,2006-09-27,76.25106811523438,76.82081604003906,75.49140930175781,75.77627563476562,30.8754940032959,4249966
DNB,DNB.OL,2006-09-28,76.63089752197266,76.63089752197266,74.0670394897461,75.01661682128906,30.565961837768555,4208200
DNB,DNB.OL,2006-09-29,75.8712387084961,75.96619415283203,75.3014907836914,75.8712387084961,30.9141845703125,3721756
DNB,DNB.OL,2006-10-02,75.8712387084961,76.44098663330078,75.01661682128906,75.58636474609375,30.798112869262695,1757675
DNB,DNB.OL,2006-10-03,75.8712387084961,75.8712387084961,73.87712097167969,73.97208404541016,30.14036750793457,3422549
DNB,DNB.OL,2006-10-04,74.0670394897461,75.8712387084961,73.97208404541016,75.77627563476562,30.8754940032959,3718845
DNB,DNB.OL,2006-10-05,76.44098663330078,76.44098663330078,76.15611267089844,76.15611267089844,31.030261993408203,122083
DNB,DNB.OL,2006-10-06,75.68132019042969,76.34602355957031,75.49140930175781,76.06114959716797,30.991558074951172,2222741
DNB,DNB.OL,2006-10-09,75.68132019042969,77.39056396484375,75.68132019042969,77.29560089111328,31.494550704956055,4845744
DNB,DNB.OL,2006-10-10,77.29560089111328,79.66954803466797,77.29560089111328,78.90988159179688,32.15229797363281,8484937
DNB,DNB.OL,2006-10-11,79.19475555419922,80.04937744140625,78.719970703125,79.7645034790039,32.50051498413086,4245383
DNB,DNB.OL,2006-10-12,80.04937744140625,80.3342514038086,79.47962951660156,80.23929595947266,32.693973541259766,2970253
DNB,DNB.OL,2006-10-13,80.04937744140625,81.09391021728516,80.04937744140625,80.52416229248047,32.8100471496582,3693880
DNB,DNB.OL,2006-10-16,80.80903625488281,81.5687026977539,79.57459259033203,80.61912536621094,32.8487434387207,4456490
DNB,DNB.OL,2006-10-17,80.80903625488281,80.80903625488281,78.81492614746094,79.28971862792969,32.30706024169922,3153948
DNB,DNB.OL,2006-10-18,79.28971862792969,81.66365814208984,79.00484466552734,80.99895477294922,33.00350570678711,3770468
DNB,DNB.OL,2006-10-19,80.71408081054688,81.94853210449219,80.52416229248047,81.85357666015625,33.351722717285156,4283049
DNB,DNB.OL,2006-10-20,82.04348754882812,82.04348754882812,81.18887329101562,81.3787841796875,33.158260345458984,3474929
DNB,DNB.OL,2006-10-23,81.66365814208984,81.75861358642578,80.52416229248047,80.99895477294922,33.00350570678711,1879018
DNB,DNB.OL,2006-10-24,80.99895477294922,82.1384506225586,79.95442199707031,80.71408081054688,32.88743209838867,4246074
DNB,DNB.OL,2006-10-25,80.71408081054688,81.28382873535156,79.38467407226562,79.7645034790039,32.50051498413086,4236380
DNB,DNB.OL,2006-10-26,80.90399932861328,81.75861358642578,80.23929595947266,81.47374725341797,33.196964263916016,3524803
DNB,DNB.OL,2006-10-27,81.3787841796875,81.66365814208984,80.52416229248047,80.99895477294922,33.00350570678711,2037406
DNB,DNB.OL,2006-10-30,80.90399932861328,80.99895477294922,79.95442199707031,80.61912536621094,32.8487434387207,1463494
DNB,DNB.OL,2006-10-31,80.71408081054688,81.75861358642578,80.61912536621094,81.28382873535156,33.11957931518555,3104082
DNB,DNB.OL,2006-11-01,81.75861358642578,82.70819091796875,81.47374725341797,81.85357666015625,33.351722717285156,5471016
DNB,DNB.OL,2006-11-02,81.47374725341797,81.47374725341797,78.81492614746094,79.47962951660156,32.38444137573242,8787539
DNB,DNB.OL,2006-11-03,79.7645034790039,80.61912536621094,79.66954803466797,80.42920684814453,32.771358489990234,3506574
DNB,DNB.OL,2006-11-06,80.61912536621094,81.5687026977539,80.42920684814453,81.47374725341797,33.196964263916016,2562506
DNB,DNB.OL,2006-11-07,81.66365814208984,82.1384506225586,80.61912536621094,80.99895477294922,33.00350570678711,3861725
DNB,DNB.OL,2006-11-08,81.09391021728516,81.5687026977539,80.52416229248047,81.18887329101562,33.08088684082031,2945699
DNB,DNB.OL,2006-11-09,81.09391021728516,81.3787841796875,80.23929595947266,80.52416229248047,32.8100471496582,3228359
DNB,DNB.OL,2006-11-10,80.42920684814453,80.99895477294922,79.7645034790039,80.04937744140625,32.61659622192383,2917031
DNB,DNB.OL,2006-11-13,79.85945892333984,81.18887329101562,79.28971862792969,80.99895477294922,33.00350570678711,2658360
DNB,DNB.OL,2006-11-14,81.47374725341797,81.66365814208984,80.80903625488281,80.99895477294922,33.00350570678711,3386732
DNB,DNB.OL,2006-11-15,81.18887329101562,81.47374725341797,80.71408081054688,80.99895477294922,33.00350570678711,2869245
DNB,DNB.OL,2006-11-16,80.71408081054688,80.99895477294922,80.61912536621094,80.71408081054688,32.88743209838867,4564686
DNB,DNB.OL,2006-11-17,80.3342514038086,80.99895477294922,79.66954803466797,79.7645034790039,32.50051498413086,5066932
DNB,DNB.OL,2006-11-20,79.7645034790039,80.04937744140625,79.19475555419922,79.66954803466797,32.46182632446289,2000714
DNB,DNB.OL,2006-11-21,79.7645034790039,80.42920684814453,79.7645034790039,80.23929595947266,32.693973541259766,3177856
DNB,DNB.OL,2006-11-22,80.52416229248047,80.71408081054688,79.38467407226562,79.47962951660156,32.38444137573242,2760100
DNB,DNB.OL,2006-11-23,79.47962951660156,80.3342514038086,79.19475555419922,79.66954803466797,32.46182632446289,2108125
DNB,DNB.OL,2006-11-24,79.57459259033203,79.66954803466797,78.62500762939453,78.81492614746094,32.113609313964844,2244006
DNB,DNB.OL,2006-11-27,78.81492614746094,79.28971862792969,77.29560089111328,77.48551940917969,31.57193946838379,2505412
DNB,DNB.OL,2006-11-28,77.58047485351562,77.58047485351562,76.15611267089844,76.915771484375,31.339784622192383,3942710
DNB,DNB.OL,2006-11-29,77.9603042602539,80.23929595947266,77.67543029785156,80.23929595947266,32.693973541259766,7991487
DNB,DNB.OL,2006-11-30,80.23929595947266,80.61912536621094,79.19475555419922,79.47962951660156,32.38444137573242,4848453
DNB,DNB.OL,2006-12-01,79.66954803466797,80.42920684814453,78.62500762939453,79.00484466552734,32.19099426269531,4550875
DNB,DNB.OL,2006-12-04,79.7645034790039,80.04937744140625,78.62500762939453,79.00484466552734,32.19099426269531,3329012
DNB,DNB.OL,2006-12-05,79.19475555419922,79.85945892333984,79.09980010986328,79.47962951660156,32.38444137573242,3655994
DNB,DNB.OL,2006-12-06,79.7645034790039,79.7645034790039,78.62500762939453,78.719970703125,32.07491683959961,2625346
DNB,DNB.OL,2006-12-07,78.34014129638672,79.00484466552734,77.77039337158203,78.62500762939453,32.03622055053711,2942013
DNB,DNB.OL,2006-12-08,78.43509674072266,79.00484466552734,78.05526733398438,78.43509674072266,31.958843231201172,2339572
DNB,DNB.OL,2006-12-11,78.43509674072266,79.19475555419922,78.34014129638672,78.81492614746094,32.113609313964844,4475244
DNB,DNB.OL,2006-12-12,78.43509674072266,78.90988159179688,77.67543029785156,78.81492614746094,32.113609313964844,5689802
DNB,DNB.OL,2006-12-13,79.00484466552734,80.52416229248047,78.719970703125,79.85945892333984,32.53920364379883,6617460
DNB,DNB.OL,2006-12-14,80.23929595947266,81.5687026977539,80.23929595947266,81.3787841796875,33.158260345458984,6852087
DNB,DNB.OL,2006-12-15,80.99895477294922,83.3729019165039,80.99895477294922,83.3729019165039,33.970787048339844,6831276
DNB,DNB.OL,2006-12-18,83.27793884277344,84.03760528564453,82.70819091796875,82.70819091796875,33.6999397277832,4897587
DNB,DNB.OL,2006-12-19,82.70819091796875,82.9930648803711,82.04348754882812,82.89810943603516,33.77732849121094,4909957
DNB,DNB.OL,2006-12-20,83.46785736083984,85.27205657958984,83.27793884277344,85.08213806152344,34.6672248840332,6957072
DNB,DNB.OL,2006-12-21,85.36701202392578,85.36701202392578,83.84768676757812,83.94264221191406,34.20292663574219,2486529
DNB,DNB.OL,2006-12-22,84.89221954345703,84.89221954345703,83.46785736083984,83.75273132324219,34.125545501708984,1335874
DNB,DNB.OL,2006-12-27,83.56281280517578,84.51239013671875,83.46785736083984,84.03760528564453,34.241615295410156,740833
DNB,DNB.OL,2006-12-28,83.46785736083984,85.36701202392578,83.3729019165039,84.9871826171875,34.6285285949707,1420581
DNB,DNB.OL,2006-12-29,84.60734558105469,85.27205657958984,83.94264221191406,84.03760528564453,34.241615295410156,1138524
DNB,DNB.OL,2007-01-02,83.84768676757812,85.27205657958984,83.84768676757812,85.08213806152344,34.6672248840332,1681698
DNB,DNB.OL,2007-01-03,85.36701202392578,85.65188598632812,84.89221954345703,85.27205657958984,34.744606018066406,3142236
DNB,DNB.OL,2007-01-04,84.89221954345703,84.9871826171875,83.75273132324219,84.13256072998047,34.28030776977539,4058347
DNB,DNB.OL,2007-01-05,84.13256072998047,84.13256072998047,82.89810943603516,83.3729019165039,33.970787048339844,3550138
DNB,DNB.OL,2007-01-08,84.51239013671875,84.89221954345703,83.65776824951172,83.84768676757812,34.16423416137695,2668862
DNB,DNB.OL,2007-01-09,84.51239013671875,84.9871826171875,83.65776824951172,84.51239013671875,34.4350700378418,4800003
DNB,DNB.OL,2007-01-10,84.32247924804688,84.41743469238281,82.23340606689453,82.32836151123047,33.54518127441406,5700306
DNB,DNB.OL,2007-01-11,82.61323547363281,83.84768676757812,82.1384506225586,83.27793884277344,33.932090759277344,4652333
DNB,DNB.OL,2007-01-12,83.27793884277344,83.94264221191406,82.89810943603516,83.27793884277344,33.932090759277344,2800043
DNB,DNB.OL,2007-01-15,84.2275161743164,85.36701202392578,83.94264221191406,85.17709350585938,34.70591354370117,1936492
DNB,DNB.OL,2007-01-16,84.9871826171875,86.12667083740234,84.13256072998047,85.65188598632812,34.89936447143555,5868596
DNB,DNB.OL,2007-01-17,85.17709350585938,86.22163391113281,84.60734558105469,85.17709350585938,34.70591354370117,4002911
DNB,DNB.OL,2007-01-18,85.55693054199219,86.88633728027344,85.27205657958984,85.46196746826172,34.821983337402344,5485323
DNB,DNB.OL,2007-01-19,85.841796875,87.55104064941406,85.74684143066406,87.45608520507812,35.63450241088867,6701195
DNB,DNB.OL,2007-01-22,87.45608520507812,88.97540283203125,87.45608520507812,88.12078857421875,35.90533447265625,4841315
DNB,DNB.OL,2007-01-23,88.31069946289062,88.4056625366211,86.98129272460938,87.07624816894531,35.479732513427734,4042362
DNB,DNB.OL,2007-01-24,87.8359146118164,88.12078857421875,87.55104064941406,87.8359146118164,35.78926086425781,3495728
DNB,DNB.OL,2007-01-25,88.59557342529297,88.6905288696289,87.74095153808594,88.12078857421875,35.90533447265625,3950836
DNB,DNB.OL,2007-01-26,87.8359146118164,88.6905288696289,87.36112213134766,88.50061798095703,36.06010437011719,2611349
DNB,DNB.OL,2007-01-29,88.78549194335938,89.2602767944336,88.31069946289062,88.6905288696289,36.137481689453125,3260362
DNB,DNB.OL,2007-01-30,88.97540283203125,89.07036590576172,88.21574401855469,88.31069946289062,35.982723236083984,3746102
DNB,DNB.OL,2007-01-31,88.97540283203125,89.4501953125,88.21574401855469,88.97540283203125,36.25355911254883,3426920
DNB,DNB.OL,2007-02-01,89.4501953125,89.54515075683594,88.4056625366211,88.4056625366211,36.02140808105469,4474568
DNB,DNB.OL,2007-02-02,88.6905288696289,89.35523223876953,88.21574401855469,88.97540283203125,36.25355911254883,3720824
DNB,DNB.OL,2007-02-05,89.2602767944336,89.2602767944336,88.21574401855469,88.21574401855469,35.944026947021484,4256620
DNB,DNB.OL,2007-02-06,88.31069946289062,89.54515075683594,88.21574401855469,89.07036590576172,36.29225158691406,4692631
DNB,DNB.OL,2007-02-07,89.35523223876953,89.4501953125,88.50061798095703,88.78549194335938,36.176170349121094,3849607
DNB,DNB.OL,2007-02-08,88.59557342529297,89.16532135009766,88.02582550048828,88.59557342529297,36.09879684448242,2524973
DNB,DNB.OL,2007-02-09,88.88044738769531,89.92498016357422,88.88044738769531,89.92498016357422,36.64046096801758,4279038
DNB,DNB.OL,2007-02-12,89.35523223876953,89.73506927490234,88.59557342529297,88.59557342529297,36.09879684448242,2318765
DNB,DNB.OL,2007-02-13,89.2602767944336,89.4501953125,88.78549194335938,89.2602767944336,36.36962890625,1587535
DNB,DNB.OL,2007-02-14,89.2602767944336,89.54515075683594,88.78549194335938,89.07036590576172,36.29225158691406,2408354
DNB,DNB.OL,2007-02-15,89.2602767944336,89.35523223876953,87.93087005615234,88.31069946289062,35.982723236083984,7828887
DNB,DNB.OL,2007-02-16,88.31069946289062,88.88044738769531,86.98129272460938,88.12078857421875,35.90533447265625,11461960
DNB,DNB.OL,2007-02-19,88.02582550048828,88.59557342529297,87.93087005615234,88.50061798095703,36.06010437011719,2713214
DNB,DNB.OL,2007-02-20,88.97540283203125,89.07036590576172,88.02582550048828,88.02582550048828,35.86664962768555,3842825
DNB,DNB.OL,2007-02-21,88.31069946289062,88.6905288696289,86.6014633178711,87.17121124267578,35.518428802490234,6866961
DNB,DNB.OL,2007-02-22,85.74684143066406,86.22163391113281,83.65776824951172,83.75273132324219,34.125545501708984,18531337
DNB,DNB.OL,2007-02-23,84.2275161743164,84.60734558105469,83.1829833984375,84.03760528564453,34.241615295410156,8571561
DNB,DNB.OL,2007-02-26,84.32247924804688,84.89221954345703,83.56281280517578,84.13256072998047,34.28030776977539,8183520
DNB,DNB.OL,2007-02-27,84.2275161743164,84.2275161743164,80.52416229248047,81.66365814208984,33.27434158325195,8575026
DNB,DNB.OL,2007-02-28,80.04937744140625,81.28382873535156,78.81492614746094,78.81492614746094,32.113609313964844,8973136
DNB,DNB.OL,2007-03-01,79.47962951660156,80.3342514038086,76.34602355957031,77.86534881591797,31.726699829101562,12974728
DNB,DNB.OL,2007-03-02,78.81492614746094,79.28971862792969,77.20064544677734,78.81492614746094,32.113609313964844,6631423
DNB,DNB.OL,2007-03-05,76.44098663330078,78.05526733398438,76.06114959716797,78.05526733398438,31.80408477783203,10375987
DNB,DNB.OL,2007-03-06,78.5300521850586,78.81492614746094,77.39056396484375,77.86534881591797,31.726699829101562,6680928
DNB,DNB.OL,2007-03-07,78.43509674072266,78.62500762939453,76.7258529663086,77.39056396484375,31.53324317932129,9285265
DNB,DNB.OL,2007-03-08,77.86534881591797,80.14433288574219,77.67543029785156,80.14433288574219,32.65528106689453,15821602
DNB,DNB.OL,2007-03-09,79.57459259033203,81.09391021728516,79.38467407226562,80.14433288574219,32.65528106689453,5361321
DNB,DNB.OL,2007-03-12,80.61912536621094,81.09391021728516,79.57459259033203,79.66954803466797,32.46182632446289,4618696
DNB,DNB.OL,2007-03-13,79.85945892333984,80.3342514038086,79.19475555419922,79.28971862792969,32.30706024169922,4984198
DNB,DNB.OL,2007-03-14,77.77039337158203,78.24517822265625,77.1056900024414,77.58047485351562,31.610628128051758,8251094
DNB,DNB.OL,2007-03-15,78.5300521850586,79.57459259033203,77.86534881591797,79.57459259033203,32.42313766479492,11561929
DNB,DNB.OL,2007-03-16,79.28971862792969,79.28971862792969,78.24517822265625,78.90988159179688,32.15229797363281,8784189
DNB,DNB.OL,2007-03-19,79.19475555419922,79.95442199707031,79.09980010986328,79.7645034790039,32.50051498413086,5648451
DNB,DNB.OL,2007-03-20,80.3342514038086,80.71408081054688,79.57459259033203,80.04937744140625,32.61659622192383,4475985
DNB,DNB.OL,2007-03-21,80.23929595947266,80.61912536621094,79.7645034790039,80.61912536621094,32.8487434387207,3872954
DNB,DNB.OL,2007-03-22,81.47374725341797,81.5687026977539,80.61912536621094,80.71408081054688,32.88743209838867,5650772
DNB,DNB.OL,2007-03-23,80.90399932861328,81.75861358642578,80.3342514038086,81.75861358642578,33.31303024291992,4378106
DNB,DNB.OL,2007-03-26,82.1384506225586,82.1384506225586,80.52416229248047,80.52416229248047,32.8100471496582,4383833
DNB,DNB.OL,2007-03-27,80.61912536621094,81.47374725341797,79.7645034790039,79.85945892333984,32.53920364379883,5101999
DNB,DNB.OL,2007-03-28,80.42920684814453,81.5687026977539,79.47962951660156,80.14433288574219,32.65528106689453,4967829
DNB,DNB.OL,2007-03-29,80.42920684814453,81.18887329101562,80.04937744140625,80.99895477294922,33.00350570678711,9345047
DNB,DNB.OL,2007-03-30,80.90399932861328,81.75861358642578,80.90399932861328,81.47374725341797,33.196964263916016,9030043
DNB,DNB.OL,2007-04-02,81.28382873535156,83.27793884277344,81.28382873535156,82.51828002929688,33.622562408447266,5134184
DNB,DNB.OL,2007-04-03,83.27793884277344,83.56281280517578,82.42332458496094,83.08802795410156,33.85470962524414,8465961
DNB,DNB.OL,2007-04-04,83.46785736083984,83.56281280517578,82.9930648803711,83.08802795410156,33.85470962524414,3387090
DNB,DNB.OL,2007-04-10,84.32247924804688,84.32247924804688,82.51828002929688,83.75273132324219,34.125545501708984,6123665
DNB,DNB.OL,2007-04-11,83.27793884277344,83.65776824951172,82.70819091796875,82.80315399169922,33.7386360168457,12689226
DNB,DNB.OL,2007-04-12,83.08802795410156,83.27793884277344,81.5687026977539,81.66365814208984,33.27434158325195,5034986
DNB,DNB.OL,2007-04-13,82.32836151123047,82.42332458496094,81.47374725341797,81.75861358642578,33.31303024291992,8792194
DNB,DNB.OL,2007-04-16,82.04348754882812,82.89810943603516,81.85357666015625,82.61323547363281,33.661258697509766,6379767
DNB,DNB.OL,2007-04-17,83.27793884277344,83.65776824951172,82.61323547363281,83.1829833984375,33.89340591430664,8681374
DNB,DNB.OL,2007-04-18,83.08802795410156,83.65776824951172,82.9930648803711,83.65776824951172,34.086849212646484,6666545
DNB,DNB.OL,2007-04-19,83.08802795410156,83.1829833984375,81.66365814208984,82.32836151123047,33.54518127441406,14149470
DNB,DNB.OL,2007-04-20,82.61323547363281,84.13256072998047,82.42332458496094,84.03760528564453,34.241615295410156,7592695
DNB,DNB.OL,2007-04-23,84.41743469238281,84.7972640991211,83.75273132324219,84.2275161743164,34.31900405883789,9897835
DNB,DNB.OL,2007-04-24,84.2275161743164,84.32247924804688,82.61323547363281,82.9930648803711,33.816017150878906,8762822
DNB,DNB.OL,2007-04-25,79.66954803466797,80.04937744140625,78.90988159179688,79.47962951660156,33.937652587890625,15568505
DNB,DNB.OL,2007-04-26,80.52416229248047,81.47374725341797,79.85945892333984,81.47374725341797,34.789146423339844,4248397
DNB,DNB.OL,2007-04-27,81.5687026977539,81.5687026977539,80.04937744140625,80.42920684814453,34.34312438964844,2812397
DNB,DNB.OL,2007-04-30,80.23929595947266,81.5687026977539,80.04937744140625,81.18887329101562,34.66749572753906,2034560
DNB,DNB.OL,2007-05-02,81.66365814208984,81.66365814208984,80.14433288574219,80.61912536621094,34.424217224121094,6834299
DNB,DNB.OL,2007-05-03,79.57459259033203,79.7645034790039,77.86534881591797,77.86534881591797,33.24835968017578,7941179
DNB,DNB.OL,2007-05-04,78.34014129638672,78.719970703125,77.58047485351562,77.86534881591797,33.24835968017578,7805862
DNB,DNB.OL,2007-05-07,77.9603042602539,78.5300521850586,77.67543029785156,78.43509674072266,33.49163818359375,3576469
DNB,DNB.OL,2007-05-08,78.43509674072266,78.5300521850586,75.8712387084961,76.15611267089844,32.518516540527344,9008805
DNB,DNB.OL,2007-05-09,76.34602355957031,76.63089752197266,74.73174285888672,75.01661682128906,32.031959533691406,9540564
DNB,DNB.OL,2007-05-10,74.92166137695312,75.58636474609375,73.97208404541016,75.01661682128906,32.031959533691406,9626991
DNB,DNB.OL,2007-05-11,73.97208404541016,75.49140930175781,73.78216552734375,75.3014907836914,32.153602600097656,8057647
DNB,DNB.OL,2007-05-14,75.96619415283203,76.53594207763672,75.58636474609375,75.8712387084961,32.396881103515625,5710897
DNB,DNB.OL,2007-05-15,75.96619415283203,78.24517822265625,75.39644622802734,78.24517822265625,33.410545349121094,9353563
DNB,DNB.OL,2007-05-16,78.15022277832031,78.15022277832031,77.1056900024414,77.67543029785156,33.167266845703125,6840055
DNB,DNB.OL,2007-05-18,77.39056396484375,77.9603042602539,76.63089752197266,77.86534881591797,33.24835968017578,7471366
DNB,DNB.OL,2007-05-21,77.58047485351562,78.24517822265625,77.48551940917969,77.9603042602539,33.288909912109375,7778642
DNB,DNB.OL,2007-05-22,78.15022277832031,78.34014129638672,77.1056900024414,77.29560089111328,33.00507736206055,3604790
DNB,DNB.OL,2007-05-23,77.29560089111328,77.67543029785156,77.01072692871094,77.01072692871094,32.88343811035156,4227902
DNB,DNB.OL,2007-05-24,76.915771484375,77.20064544677734,76.06114959716797,76.53594207763672,32.68070983886719,6845285
DNB,DNB.OL,2007-05-25,75.96619415283203,76.25106811523438,75.49140930175781,75.96619415283203,32.43741989135742,5250389
DNB,DNB.OL,2007-05-29,76.15611267089844,76.53594207763672,75.49140930175781,75.77627563476562,32.3563346862793,8741109
DNB,DNB.OL,2007-05-30,75.3014907836914,76.915771484375,75.111572265625,76.915771484375,32.842899322509766,12664051
DNB,DNB.OL,2007-05-31,77.29560089111328,77.48551940917969,76.63089752197266,77.29560089111328,33.00507736206055,9335739
DNB,DNB.OL,2007-06-01,77.1056900024414,77.86534881591797,76.63089752197266,77.20064544677734,32.96453094482422,6039837
DNB,DNB.OL,2007-06-04,77.29560089111328,77.39056396484375,76.63089752197266,76.915771484375,32.842899322509766,2297588
DNB,DNB.OL,2007-06-05,77.29560089111328,77.39056396484375,76.44098663330078,76.63089752197266,32.72125244140625,7506796
DNB,DNB.OL,2007-06-06,76.63089752197266,76.82081604003906,75.49140930175781,75.96619415283203,32.43741989135742,4487052
DNB,DNB.OL,2007-06-07,75.96619415283203,76.44098663330078,74.54182434082031,74.73174285888672,31.91031265258789,4423412
DNB,DNB.OL,2007-06-08,73.87712097167969,75.3014907836914,73.02250671386719,74.92166137695312,31.991416931152344,6050313
DNB,DNB.OL,2007-06-11,75.111572265625,75.77627563476562,74.92166137695312,75.3014907836914,32.153602600097656,3518721
DNB,DNB.OL,2007-06-12,75.8712387084961,75.8712387084961,73.68721008300781,73.78216552734375,31.504846572875977,4944871
DNB,DNB.OL,2007-06-13,73.59225463867188,74.63678741455078,73.59225463867188,73.87712097167969,31.545392990112305,5169343
DNB,DNB.OL,2007-06-14,74.92166137695312,75.20653533935547,74.35191345214844,75.01661682128906,32.031959533691406,3885817
DNB,DNB.OL,2007-06-15,75.111572265625,75.58636474609375,74.73174285888672,75.39644622802734,32.19414138793945,4751347
DNB,DNB.OL,2007-06-18,75.39644622802734,75.8712387084961,75.111572265625,75.20653533935547,32.113059997558594,3696036
DNB,DNB.OL,2007-06-19,75.20653533935547,75.49140930175781,74.54182434082031,74.63678741455078,31.869773864746094,4463922
DNB,DNB.OL,2007-06-20,75.01661682128906,75.111572265625,73.78216552734375,74.0670394897461,31.626489639282227,8462151
DNB,DNB.OL,2007-06-21,73.87712097167969,74.0670394897461,73.02250671386719,73.68721008300781,31.464303970336914,4980837
DNB,DNB.OL,2007-06-22,73.59225463867188,73.68721008300781,72.73763275146484,72.73763275146484,31.058839797973633,4279407
DNB,DNB.OL,2007-06-25,72.2628402709961,73.30738067626953,72.16788482666016,73.30738067626953,31.3021183013916,7488466
DNB,DNB.OL,2007-06-26,73.30738067626953,73.87712097167969,72.92754364013672,73.40233612060547,31.342668533325195,8432361
DNB,DNB.OL,2007-06-27,73.11746215820312,73.21241760253906,71.78805541992188,71.78805541992188,30.65336799621582,4950268
DNB,DNB.OL,2007-06-28,72.4527587890625,72.92754364013672,71.97796630859375,72.35780334472656,30.896650314331055,5214424
DNB,DNB.OL,2007-06-29,72.54771423339844,73.11746215820312,72.35780334472656,72.35780334472656,30.896650314331055,9844670
DNB,DNB.OL,2007-07-02,72.4527587890625,72.83258819580078,71.02838897705078,71.21830749511719,30.410085678100586,6904619
DNB,DNB.OL,2007-07-03,71.78805541992188,73.02250671386719,71.78805541992188,72.73763275146484,31.058839797973633,6529096
DNB,DNB.OL,2007-07-04,73.02250671386719,75.20653533935547,72.83258819580078,74.44686889648438,31.788673400878906,21355831
DNB,DNB.OL,2007-07-05,74.63678741455078,74.73174285888672,72.73763275146484,72.92754364013672,31.139928817749023,8626882
DNB,DNB.OL,2007-07-06,72.92754364013672,73.59225463867188,72.6426773071289,73.40233612060547,31.342668533325195,3308462
DNB,DNB.OL,2007-07-09,73.87712097167969,74.73174285888672,73.59225463867188,73.59225463867188,31.42376136779785,5159818
DNB,DNB.OL,2007-07-10,73.59225463867188,73.97208404541016,73.02250671386719,73.59225463867188,31.42376136779785,5284312
DNB,DNB.OL,2007-07-11,72.73763275146484,73.11746215820312,72.16788482666016,72.35780334472656,30.896650314331055,5534019
DNB,DNB.OL,2007-07-12,72.54771423339844,73.87712097167969,71.88301086425781,73.40233612060547,31.342668533325195,5622140
DNB,DNB.OL,2007-07-13,74.2569580078125,74.2569580078125,73.40233612060547,73.4972915649414,31.383207321166992,5168260
DNB,DNB.OL,2007-07-16,73.59225463867188,74.44686889648438,73.59225463867188,74.0670394897461,31.626489639282227,2825527
DNB,DNB.OL,2007-07-17,73.59225463867188,73.97208404541016,73.11746215820312,73.11746215820312,31.221025466918945,3963568
DNB,DNB.OL,2007-07-18,73.4972915649414,74.82669830322266,72.92754364013672,74.63678741455078,31.869773864746094,8374221
DNB,DNB.OL,2007-07-19,75.20653533935547,77.58047485351562,75.111572265625,77.39056396484375,33.045631408691406,13991584
DNB,DNB.OL,2007-07-20,77.58047485351562,77.67543029785156,76.63089752197266,77.01072692871094,32.88343811035156,5670422
DNB,DNB.OL,2007-07-23,77.01072692871094,77.67543029785156,75.96619415283203,75.96619415283203,32.43741989135742,3335950
DNB,DNB.OL,2007-07-24,76.06114959716797,76.7258529663086,75.68132019042969,76.15611267089844,32.518516540527344,4810526
DNB,DNB.OL,2007-07-25,75.96619415283203,76.53594207763672,75.3014907836914,75.68132019042969,32.31578826904297,6989074
DNB,DNB.OL,2007-07-26,75.96619415283203,76.53594207763672,74.0670394897461,74.54182434082031,31.829219818115234,6054820
DNB,DNB.OL,2007-07-27,72.6426773071289,75.68132019042969,72.6426773071289,75.68132019042969,32.31578826904297,6821612
DNB,DNB.OL,2007-07-30,75.58636474609375,75.58636474609375,72.83258819580078,73.78216552734375,31.504846572875977,7737601
DNB,DNB.OL,2007-07-31,74.44686889648438,74.63678741455078,73.4972915649414,73.78216552734375,31.504846572875977,9696334
DNB,DNB.OL,2007-08-01,72.4527587890625,73.40233612060547,71.78805541992188,73.30738067626953,31.3021183013916,7003547
DNB,DNB.OL,2007-08-02,74.0670394897461,74.0670394897461,72.54771423339844,73.68721008300781,31.464303970336914,3829736
DNB,DNB.OL,2007-08-03,74.16199493408203,74.35191345214844,72.07292938232422,72.07292938232422,30.77501106262207,4119956
DNB,DNB.OL,2007-08-06,71.31326293945312,71.97796630859375,70.93343353271484,71.6930923461914,30.612817764282227,3042713
DNB,DNB.OL,2007-08-07,73.11746215820312,74.54182434082031,72.73763275146484,74.54182434082031,31.829219818115234,7510345
DNB,DNB.OL,2007-08-08,75.20653533935547,75.68132019042969,74.63678741455078,75.68132019042969,32.31578826904297,8028938
DNB,DNB.OL,2007-08-09,77.48551940917969,77.48551940917969,74.16199493408203,75.111572265625,32.072505950927734,11418235
DNB,DNB.OL,2007-08-10,74.2569580078125,74.2569580078125,71.78805541992188,73.59225463867188,31.42376136779785,16184474
DNB,DNB.OL,2007-08-13,74.0670394897461,75.96619415283203,73.78216552734375,75.49140930175781,32.23469543457031,7586638
DNB,DNB.OL,2007-08-14,75.39644622802734,75.49140930175781,74.35191345214844,74.73174285888672,31.91031265258789,3422940
DNB,DNB.OL,2007-08-15,73.68721008300781,74.35191345214844,73.02250671386719,74.2569580078125,31.707582473754883,4524103
DNB,DNB.OL,2007-08-16,73.21241760253906,73.87712097167969,72.16788482666016,73.21241760253906,31.261564254760742,8212060
DNB,DNB.OL,2007-08-17,72.16788482666016,76.63089752197266,71.6930923461914,74.82669830322266,31.95086669921875,11855728
DNB,DNB.OL,2007-08-20,76.06114959716797,76.44098663330078,74.82669830322266,75.96619415283203,32.43741989135742,6197360
DNB,DNB.OL,2007-08-21,75.49140930175781,75.77627563476562,73.59225463867188,73.87712097167969,31.545392990112305,6762518
DNB,DNB.OL,2007-08-22,74.44686889648438,75.3014907836914,74.0670394897461,74.35191345214844,31.748132705688477,4354049
DNB,DNB.OL,2007-08-23,75.111572265625,75.8712387084961,74.54182434082031,75.77627563476562,32.3563346862793,8515631
DNB,DNB.OL,2007-08-24,75.58636474609375,76.44098663330078,75.111572265625,76.44098663330078,32.64015579223633,6334321
DNB,DNB.OL,2007-08-27,76.63089752197266,76.7258529663086,75.68132019042969,75.68132019042969,32.31578826904297,3053435
DNB,DNB.OL,2007-08-28,75.20653533935547,76.06114959716797,74.82669830322266,75.20653533935547,32.113059997558594,5991512
DNB,DNB.OL,2007-08-29,74.35191345214844,75.77627563476562,73.78216552734375,75.20653533935547,32.113059997558594,7215442
DNB,DNB.OL,2007-08-30,76.44098663330078,76.44098663330078,74.63678741455078,75.77627563476562,32.3563346862793,4161903
DNB,DNB.OL,2007-08-31,75.77627563476562,76.25106811523438,74.54182434082031,75.8712387084961,32.396881103515625,5129766
DNB,DNB.OL,2007-09-03,76.25106811523438,76.915771484375,75.96619415283203,76.15611267089844,32.518516540527344,4397427
DNB,DNB.OL,2007-09-04,76.06114959716797,77.58047485351562,75.68132019042969,77.48551940917969,33.086181640625,5491174
DNB,DNB.OL,2007-09-05,77.67543029785156,77.67543029785156,76.15611267089844,76.44098663330078,32.64015579223633,6191661
DNB,DNB.OL,2007-09-06,76.915771484375,77.20064544677734,74.92166137695312,75.39644622802734,32.19414138793945,4077811
DNB,DNB.OL,2007-09-07,74.92166137695312,75.58636474609375,74.54182434082031,75.20653533935547,32.113059997558594,8796143
DNB,DNB.OL,2007-09-10,74.73174285888672,75.39644622802734,74.16199493408203,74.92166137695312,31.991416931152344,5909278
DNB,DNB.OL,2007-09-11,75.3014907836914,76.34602355957031,75.111572265625,76.34602355957031,32.599613189697266,4851309
DNB,DNB.OL,2007-09-12,76.25106811523438,76.34602355957031,74.82669830322266,75.49140930175781,32.23469543457031,4743291
DNB,DNB.OL,2007-09-13,75.77627563476562,75.8712387084961,74.82669830322266,75.49140930175781,32.23469543457031,6066534
DNB,DNB.OL,2007-09-14,75.8712387084961,75.8712387084961,74.73174285888672,75.39644622802734,32.19414138793945,5532369
DNB,DNB.OL,2007-09-17,75.3014907836914,75.39644622802734,74.2569580078125,75.111572265625,32.072505950927734,4655571
DNB,DNB.OL,2007-09-18,74.54182434082031,75.3014907836914,73.87712097167969,75.111572265625,32.072505950927734,7865896
DNB,DNB.OL,2007-09-19,76.34602355957031,77.01072692871094,76.06114959716797,76.7258529663086,32.76179504394531,6633007
DNB,DNB.OL,2007-09-20,76.63089752197266,76.915771484375,75.96619415283203,76.53594207763672,32.68070983886719,5908535
DNB,DNB.OL,2007-09-21,76.15611267089844,76.63089752197266,75.96619415283203,76.44098663330078,32.64015579223633,4576538
DNB,DNB.OL,2007-09-24,76.44098663330078,76.915771484375,76.25106811523438,76.44098663330078,32.64015579223633,4794719
DNB,DNB.OL,2007-09-25,76.15611267089844,76.63089752197266,74.73174285888672,75.01661682128906,32.031959533691406,5696005
DNB,DNB.OL,2007-09-26,75.49140930175781,76.44098663330078,75.20653533935547,75.96619415283203,32.43741989135742,4376089
DNB,DNB.OL,2007-09-27,76.82081604003906,77.58047485351562,76.53594207763672,77.39056396484375,33.045631408691406,6047602
DNB,DNB.OL,2007-09-28,77.39056396484375,78.81492614746094,76.44098663330078,78.5300521850586,33.532188415527344,9161518
DNB,DNB.OL,2007-10-01,78.15022277832031,79.95442199707031,77.39056396484375,79.7645034790039,34.059295654296875,6105884
DNB,DNB.OL,2007-10-02,80.3342514038086,80.90399932861328,78.90988159179688,78.90988159179688,33.69437789916992,6098029
DNB,DNB.OL,2007-10-03,79.28971862792969,79.66954803466797,77.20064544677734,77.9603042602539,33.288909912109375,6207508
DNB,DNB.OL,2007-10-04,77.39056396484375,79.00484466552734,77.39056396484375,78.24517822265625,33.410545349121094,5304195
DNB,DNB.OL,2007-10-05,78.34014129638672,78.34014129638672,77.39056396484375,77.77039337158203,33.20781707763672,3320176
DNB,DNB.OL,2007-10-08,77.86534881591797,78.62500762939453,77.86534881591797,78.43509674072266,33.49163818359375,2693342
DNB,DNB.OL,2007-10-09,78.43509674072266,80.71408081054688,78.24517822265625,80.3342514038086,34.302581787109375,8950055
DNB,DNB.OL,2007-10-10,80.71408081054688,80.90399932861328,79.00484466552734,80.04937744140625,34.180938720703125,6120459
DNB,DNB.OL,2007-10-11,80.3342514038086,81.75861358642578,79.7645034790039,81.75861358642578,34.9107780456543,7451880
DNB,DNB.OL,2007-10-12,80.90399932861328,82.42332458496094,80.90399932861328,82.42332458496094,35.19460678100586,7154929
DNB,DNB.OL,2007-10-15,82.04348754882812,82.70819091796875,81.66365814208984,82.1384506225586,35.072967529296875,3582456
DNB,DNB.OL,2007-10-16,81.94853210449219,83.56281280517578,81.28382873535156,81.66365814208984,34.87023162841797,6053170
DNB,DNB.OL,2007-10-17,81.09391021728516,83.08802795410156,81.09391021728516,82.61323547363281,35.27571105957031,4027828
DNB,DNB.OL,2007-10-18,83.08802795410156,83.56281280517578,81.75861358642578,82.32836151123047,35.1540641784668,5534294
DNB,DNB.OL,2007-10-19,82.51828002929688,82.80315399169922,81.18887329101562,81.47374725341797,34.789146423339844,3604560
DNB,DNB.OL,2007-10-22,80.52416229248047,80.90399932861328,80.04937744140625,80.80903625488281,34.505313873291016,5511748
DNB,DNB.OL,2007-10-23,81.66365814208984,82.32836151123047,80.99895477294922,82.23340606689453,35.11351776123047,4361436
DNB,DNB.OL,2007-10-24,81.85357666015625,82.23340606689453,80.99895477294922,81.5687026977539,34.829689025878906,3489050
DNB,DNB.OL,2007-10-25,81.94853210449219,82.51828002929688,81.3787841796875,81.75861358642578,34.9107780456543,3100032
DNB,DNB.OL,2007-10-26,82.89810943603516,82.89810943603516,80.90399932861328,82.32836151123047,35.1540641784668,3558234
DNB,DNB.OL,2007-10-29,83.08802795410156,83.46785736083984,82.61323547363281,83.46785736083984,35.640621185302734,3054036
DNB,DNB.OL,2007-10-30,83.46785736083984,84.32247924804688,83.08802795410156,83.94264221191406,35.843353271484375,3735334
DNB,DNB.OL,2007-10-31,83.94264221191406,85.17709350585938,83.75273132324219,84.03760528564453,35.88389587402344,4635019
DNB,DNB.OL,2007-11-01,85.93675994873047,86.12667083740234,81.94853210449219,82.61323547363281,35.27571105957031,7240602
DNB,DNB.OL,2007-11-02,82.42332458496094,83.56281280517578,81.66365814208984,83.1829833984375,35.51898193359375,5454166
DNB,DNB.OL,2007-11-05,82.61323547363281,83.08802795410156,82.1384506225586,82.61323547363281,35.27571105957031,4016135
DNB,DNB.OL,2007-11-06,83.56281280517578,83.56281280517578,82.9930648803711,83.46785736083984,35.640621185302734,3758736
DNB,DNB.OL,2007-11-07,83.3729019165039,84.51239013671875,83.08802795410156,84.03760528564453,35.88389587402344,5374534
DNB,DNB.OL,2007-11-08,83.08802795410156,83.84768676757812,82.32836151123047,83.1829833984375,35.51898193359375,7050262
DNB,DNB.OL,2007-11-09,83.3729019165039,84.70230865478516,82.32836151123047,82.61323547363281,35.27571105957031,7514309
DNB,DNB.OL,2007-11-12,82.04348754882812,83.08802795410156,81.75861358642578,82.04348754882812,35.03242111206055,3527993
DNB,DNB.OL,2007-11-13,81.66365814208984,82.70819091796875,81.18887329101562,81.94853210449219,34.99187469482422,8774833
DNB,DNB.OL,2007-11-14,83.08802795410156,83.46785736083984,81.09391021728516,81.3787841796875,34.748592376708984,6086253
DNB,DNB.OL,2007-11-15,81.85357666015625,82.51828002929688,80.61912536621094,81.5687026977539,34.829689025878906,6837378
DNB,DNB.OL,2007-11-16,80.61912536621094,81.18887329101562,80.23929595947266,80.90399932861328,34.54586410522461,5810845
DNB,DNB.OL,2007-11-19,81.18887329101562,81.3787841796875,77.9603042602539,78.24517822265625,33.410545349121094,7989887
DNB,DNB.OL,2007-11-20,79.66954803466797,79.66954803466797,76.53594207763672,78.24517822265625,33.410545349121094,6994321
DNB,DNB.OL,2007-11-21,77.77039337158203,77.9603042602539,76.06114959716797,76.82081604003906,32.80235290527344,5924624
DNB,DNB.OL,2007-11-22,77.1056900024414,78.34014129638672,76.25106811523438,76.34602355957031,32.599613189697266,7508128
DNB,DNB.OL,2007-11-23,76.25106811523438,80.14433288574219,76.25106811523438,79.95442199707031,34.1403923034668,5384246
DNB,DNB.OL,2007-11-26,81.09391021728516,81.18887329101562,79.09980010986328,80.3342514038086,34.302581787109375,3963799
DNB,DNB.OL,2007-11-27,79.19475555419922,81.18887329101562,78.62500762939453,78.81492614746094,33.653831481933594,3690518
DNB,DNB.OL,2007-11-28,79.85945892333984,81.18887329101562,79.09980010986328,81.18887329101562,34.66749572753906,4558120
DNB,DNB.OL,2007-11-29,82.1384506225586,82.42332458496094,80.14433288574219,80.71408081054688,34.46476364135742,3066615
DNB,DNB.OL,2007-11-30,81.5687026977539,82.9930648803711,80.42920684814453,82.51828002929688,35.23515701293945,5430952
DNB,DNB.OL,2007-12-03,82.32836151123047,82.80315399169922,80.80903625488281,80.99895477294922,34.58640670776367,4260509
DNB,DNB.OL,2007-12-04,81.47374725341797,81.47374725341797,77.58047485351562,78.5300521850586,33.532188415527344,6969462
DNB,DNB.OL,2007-12-05,78.34014129638672,79.09980010986328,77.86534881591797,78.34014129638672,33.45109558105469,4564986
DNB,DNB.OL,2007-12-06,79.19475555419922,79.85945892333984,78.15022277832031,79.7645034790039,34.059295654296875,4484253
DNB,DNB.OL,2007-12-07,80.23929595947266,82.51828002929688,79.7645034790039,82.1384506225586,35.072967529296875,5608255
DNB,DNB.OL,2007-12-10,83.08802795410156,83.08802795410156,81.75861358642578,82.80315399169922,35.35679244995117,3346323
DNB,DNB.OL,2007-12-11,83.46785736083984,83.46785736083984,81.94853210449219,82.70819091796875,35.31624984741211,2824754
DNB,DNB.OL,2007-12-12,81.66365814208984,82.80315399169922,80.61912536621094,82.61323547363281,35.27571105957031,9423041
DNB,DNB.OL,2007-12-13,81.75861358642578,81.75861358642578,79.28971862792969,80.61912536621094,34.424217224121094,5263095
DNB,DNB.OL,2007-12-14,81.75861358642578,81.75861358642578,79.85945892333984,80.61912536621094,34.424217224121094,2756942
DNB,DNB.OL,2007-12-17,79.09980010986328,80.14433288574219,79.09980010986328,79.95442199707031,34.1403923034668,2008434
DNB,DNB.OL,2007-12-18,79.7645034790039,81.75861358642578,78.81492614746094,80.42920684814453,34.34312438964844,3724684
DNB,DNB.OL,2007-12-19,80.52416229248047,80.52416229248047,78.719970703125,79.7645034790039,34.059295654296875,3599462
DNB,DNB.OL,2007-12-20,79.7645034790039,80.23929595947266,79.09980010986328,79.66954803466797,34.01874542236328,40597
DNB,DNB.OL,2007-12-21,79.7645034790039,80.14433288574219,79.09980010986328,79.28971862792969,33.856563568115234,4174281
DNB,DNB.OL,2007-12-27,79.09980010986328,81.5687026977539,79.09980010986328,80.23929595947266,34.26203155517578,2288356
DNB,DNB.OL,2007-12-28,79.47962951660156,80.14433288574219,78.62500762939453,78.81492614746094,33.653831481933594,31066
DNB,DNB.OL,2008-01-02,79.47962951660156,80.90399932861328,79.28971862792969,79.7645034790039,34.059295654296875,3231651
DNB,DNB.OL,2008-01-03,79.38467407226562,79.85945892333984,77.48551940917969,78.05526733398438,33.329463958740234,4945553
DNB,DNB.OL,2008-01-04,77.67543029785156,78.719970703125,76.44098663330078,77.29560089111328,33.00507736206055,6341517
DNB,DNB.OL,2008-01-07,76.915771484375,77.77039337158203,76.06114959716797,77.29560089111328,33.00507736206055,5335066
DNB,DNB.OL,2008-01-08,78.05526733398438,78.719970703125,77.86534881591797,78.43509674072266,33.49163818359375,6076971
DNB,DNB.OL,2008-01-09,77.29560089111328,78.719970703125,77.29560089111328,77.77039337158203,33.20781707763672,9765589
DNB,DNB.OL,2008-01-10,78.719970703125,78.719970703125,76.34602355957031,77.1056900024414,32.92399215698242,9346052
DNB,DNB.OL,2008-01-11,76.7258529663086,77.39056396484375,75.68132019042969,76.44098663330078,32.64015579223633,9400366
DNB,DNB.OL,2008-01-14,76.06114959716797,77.1056900024414,74.0670394897461,75.77627563476562,32.3563346862793,8847047
DNB,DNB.OL,2008-01-15,76.44098663330078,76.44098663330078,72.83258819580078,73.02250671386719,31.180479049682617,5570620
DNB,DNB.OL,2008-01-16,72.16788482666016,73.30738067626953,70.45864868164062,71.21830749511719,30.410085678100586,8849713
DNB,DNB.OL,2008-01-17,72.2628402709961,73.87712097167969,71.6930923461914,73.11746215820312,31.221025466918945,7383511
DNB,DNB.OL,2008-01-18,72.6426773071289,73.11746215820312,70.36368560791016,71.59813690185547,30.572267532348633,7611128
DNB,DNB.OL,2008-01-21,70.17377471923828,70.17377471923828,66.28050231933594,67.13512420654297,28.666574478149414,6199264
DNB,DNB.OL,2008-01-22,62.577152252197266,70.26873016357422,62.197322845458984,68.93932342529297,29.436962127685547,10742681
DNB,DNB.OL,2008-01-23,69.31915283203125,70.26873016357422,66.47042083740234,68.17965698242188,29.112590789794922,7318109
DNB,DNB.OL,2008-01-24,68.8443603515625,70.55360412597656,68.8443603515625,69.98385620117188,29.882978439331055,6683646
DNB,DNB.OL,2008-01-25,70.74352264404297,70.93343353271484,69.41410827636719,69.98385620117188,29.882978439331055,6281240
DNB,DNB.OL,2008-01-28,68.08470153808594,68.55949401855469,65.61579895019531,66.28050231933594,28.301651000976562,9858799
DNB,DNB.OL,2008-01-29,67.32504272460938,67.89478302001953,66.75529479980469,67.04016876220703,28.626035690307617,5875889
DNB,DNB.OL,2008-01-30,66.94520568847656,68.27462005615234,66.47042083740234,68.27462005615234,29.153139114379883,3415573
DNB,DNB.OL,2008-01-31,67.41999816894531,67.7998275756836,65.90067291259766,66.09059143066406,28.220565795898438,8381358
DNB,DNB.OL,2008-02-01,68.36957550048828,70.26873016357422,66.09059143066406,69.69898223876953,29.761335372924805,7047395
DNB,DNB.OL,2008-02-04,70.17377471923828,70.36368560791016,68.46453094482422,68.74940490722656,29.355873107910156,3519286
DNB,DNB.OL,2008-02-05,68.08470153808594,68.65444946289062,66.56537628173828,67.2300796508789,28.707122802734375,5920400
DNB,DNB.OL,2008-02-06,65.52084350585938,67.7998275756836,65.42588806152344,67.7998275756836,28.950401306152344,4561599
DNB,DNB.OL,2008-02-07,67.7998275756836,68.8443603515625,67.04016876220703,68.36957550048828,29.19368553161621,5975704
DNB,DNB.OL,2008-02-08,69.6040267944336,69.6040267944336,65.9956283569336,67.04016876220703,28.626035690307617,4132692
DNB,DNB.OL,2008-02-11,65.90067291259766,67.2300796508789,65.90067291259766,66.3754653930664,28.342201232910156,4838030
DNB,DNB.OL,2008-02-12,67.41999816894531,68.17965698242188,64.85614013671875,67.89478302001953,28.990947723388672,3709274
DNB,DNB.OL,2008-02-13,66.85025024414062,71.50318145751953,66.85025024414062,70.26873016357422,30.004621505737305,6831395
DNB,DNB.OL,2008-02-14,72.6426773071289,73.11746215820312,71.21830749511719,73.11746215820312,31.221025466918945,9993377
DNB,DNB.OL,2008-02-15,72.4527587890625,73.68721008300781,70.55360412597656,72.16788482666016,30.815553665161133,5957167
DNB,DNB.OL,2008-02-18,71.4082260131836,75.111572265625,71.4082260131836,74.54182434082031,31.829219818115234,3277888
DNB,DNB.OL,2008-02-19,74.35191345214844,76.25106811523438,73.21241760253906,75.68132019042969,32.31578826904297,5828682
DNB,DNB.OL,2008-02-20,74.63678741455078,74.82669830322266,73.40233612060547,73.87712097167969,31.545392990112305,4527217
DNB,DNB.OL,2008-02-21,74.73174285888672,75.3014907836914,73.78216552734375,74.44686889648438,31.788673400878906,4155353
DNB,DNB.OL,2008-02-22,73.40233612060547,74.73174285888672,73.40233612060547,74.16199493408203,31.667036056518555,4238635
DNB,DNB.OL,2008-02-25,75.01661682128906,76.63089752197266,74.44686889648438,74.63678741455078,31.869773864746094,3329861
DNB,DNB.OL,2008-02-26,75.77627563476562,76.53594207763672,75.01661682128906,76.25106811523438,32.55906295776367,4582308
DNB,DNB.OL,2008-02-27,76.44098663330078,76.63089752197266,74.44686889648438,74.82669830322266,31.95086669921875,4020251
DNB,DNB.OL,2008-02-28,74.2569580078125,75.49140930175781,73.68721008300781,73.97208404541016,31.585947036743164,4328036
DNB,DNB.OL,2008-02-29,73.59225463867188,74.44686889648438,72.73763275146484,73.11746215820312,31.221025466918945,5274816
DNB,DNB.OL,2008-03-03,72.16788482666016,72.54771423339844,71.50318145751953,72.35780334472656,30.896650314331055,4338976
DNB,DNB.OL,2008-03-04,72.16788482666016,72.4527587890625,70.74352264404297,72.07292938232422,30.77501106262207,5418630
DNB,DNB.OL,2008-03-05,72.4527587890625,74.0670394897461,72.07292938232422,73.40233612060547,31.342668533325195,5497847
DNB,DNB.OL,2008-03-06,74.0670394897461,74.0670394897461,72.2628402709961,72.6426773071289,31.018285751342773,3874894
DNB,DNB.OL,2008-03-07,71.59813690185547,73.78216552734375,71.31326293945312,73.11746215820312,31.221025466918945,9878898
DNB,DNB.OL,2008-03-10,72.6426773071289,73.40233612060547,72.16788482666016,73.02250671386719,31.180479049682617,4453288
DNB,DNB.OL,2008-03-11,72.92754364013672,74.63678741455078,72.54771423339844,73.68721008300781,31.464303970336914,7235932
DNB,DNB.OL,2008-03-12,74.54182434082031,75.20653533935547,73.87712097167969,74.82669830322266,31.95086669921875,4986939
DNB,DNB.OL,2008-03-13,73.21241760253906,73.97208404541016,71.31326293945312,72.2628402709961,30.85610008239746,4595158
DNB,DNB.OL,2008-03-14,71.97796630859375,74.0670394897461,71.4082260131836,71.4082260131836,30.491180419921875,5655988
DNB,DNB.OL,2008-03-17,69.31915283203125,70.36368560791016,67.98974609375,69.31915283203125,29.599151611328125,4516876
DNB,DNB.OL,2008-03-18,71.66461181640625,72.4527587890625,69.88890075683594,72.4527587890625,30.93720054626465,4408381
DNB,DNB.OL,2008-03-19,73.02250671386719,74.63678741455078,70.55360412597656,70.55360412597656,30.12626075744629,5341126
DNB,DNB.OL,2008-03-25,72.6426773071289,73.97208404541016,72.35780334472656,73.97208404541016,31.585947036743164,7405419
DNB,DNB.OL,2008-03-26,73.30738067626953,73.87712097167969,72.92754364013672,73.40233612060547,31.342668533325195,5775621
DNB,DNB.OL,2008-03-27,73.40233612060547,74.54182434082031,73.30738067626953,73.87712097167969,31.545392990112305,4658713
DNB,DNB.OL,2008-03-28,74.16199493408203,74.16199493408203,73.11746215820312,73.59225463867188,31.42376136779785,2672396
DNB,DNB.OL,2008-03-31,72.73763275146484,73.68721008300781,71.97796630859375,73.40233612060547,31.342668533325195,3682071
DNB,DNB.OL,2008-04-01,72.2628402709961,75.96619415283203,72.2628402709961,75.68132019042969,32.31578826904297,7670825
DNB,DNB.OL,2008-04-02,77.20064544677734,77.39056396484375,76.25106811523438,77.20064544677734,32.96453094482422,4780494
DNB,DNB.OL,2008-04-03,77.39056396484375,77.39056396484375,74.2569580078125,74.2569580078125,31.707582473754883,4262718
DNB,DNB.OL,2008-04-04,74.63678741455078,75.20653533935547,74.16199493408203,74.54182434082031,31.829219818115234,3395954
DNB,DNB.OL,2008-04-07,74.63678741455078,75.96619415283203,74.63678741455078,75.68132019042969,32.31578826904297,3260007
DNB,DNB.OL,2008-04-08,74.73174285888672,75.01661682128906,74.0670394897461,74.73174285888672,31.91031265258789,2438624
DNB,DNB.OL,2008-04-09,74.54182434082031,74.73174285888672,73.40233612060547,73.97208404541016,31.585947036743164,7335595
DNB,DNB.OL,2008-04-10,73.4972915649414,73.97208404541016,72.2628402709961,73.30738067626953,31.3021183013916,4881637
DNB,DNB.OL,2008-04-11,73.68721008300781,73.97208404541016,72.54771423339844,73.11746215820312,31.221025466918945,3664035
DNB,DNB.OL,2008-04-14,72.2628402709961,72.6426773071289,69.0342788696289,70.26873016357422,30.004621505737305,10184240
DNB,DNB.OL,2008-04-15,70.93343353271484,71.12335205078125,69.31915283203125,69.6040267944336,29.72079086303711,6140121
DNB,DNB.OL,2008-04-16,69.88890075683594,71.21830749511719,68.17965698242188,70.93343353271484,30.288442611694336,7240507
DNB,DNB.OL,2008-04-17,71.88301086425781,71.97796630859375,68.08470153808594,69.12923431396484,29.518056869506836,5605841
DNB,DNB.OL,2008-04-18,69.6040267944336,71.97796630859375,69.41410827636719,71.6930923461914,30.612817764282227,9614931
DNB,DNB.OL,2008-04-21,72.54771423339844,72.83258819580078,69.50907135009766,69.69898223876953,29.761335372924805,4631405
DNB,DNB.OL,2008-04-22,69.98385620117188,70.93343353271484,69.41410827636719,70.55360412597656,30.12626075744629,4387737
DNB,DNB.OL,2008-04-23,71.21830749511719,72.54771423339844,70.74352264404297,72.2628402709961,30.85610008239746,12444119
DNB,DNB.OL,2008-04-24,71.88301086425781,72.54771423339844,71.02838897705078,71.31326293945312,30.450632095336914,7900632
DNB,DNB.OL,2008-04-25,72.4527587890625,74.0670394897461,72.2628402709961,72.6426773071289,31.018285751342773,4942266
DNB,DNB.OL,2008-04-28,73.11746215820312,74.0670394897461,72.35780334472656,72.83258819580078,31.099382400512695,6997980
DNB,DNB.OL,2008-04-29,70.26873016357422,71.21830749511719,68.36957550048828,68.93932342529297,29.436962127685547,18416162
DNB,DNB.OL,2008-04-30,69.69898223876953,72.6426773071289,69.69898223876953,72.4527587890625,30.93720054626465,22641
DNB,DNB.OL,2008-05-02,69.98385620117188,70.55360412597656,68.46453094482422,70.26873016357422,31.885129928588867,9855784
DNB,DNB.OL,2008-05-05,69.41410827636719,70.36368560791016,69.22419738769531,69.31915283203125,31.454252243041992,3597491
DNB,DNB.OL,2008-05-06,69.0342788696289,69.6040267944336,67.51495361328125,67.89478302001953,30.807931900024414,5775074
DNB,DNB.OL,2008-05-07,68.891845703125,70.36368560791016,67.70487213134766,70.17377471923828,31.842042922973633,7026529
DNB,DNB.OL,2008-05-08,69.31915283203125,71.88301086425781,69.31915283203125,71.4082260131836,32.402191162109375,11132625
DNB,DNB.OL,2008-05-09,71.21830749511719,72.07292938232422,70.93343353271484,72.07292938232422,32.70381164550781,7166486
DNB,DNB.OL,2008-05-13,73.11746215820312,74.44686889648438,71.97796630859375,72.35780334472656,32.83306884765625,11521003
DNB,DNB.OL,2008-05-14,72.4527587890625,72.54771423339844,71.59813690185547,72.16788482666016,32.746891021728516,8951327
DNB,DNB.OL,2008-05-15,72.35780334472656,73.4972915649414,71.78805541992188,73.02250671386719,33.134681701660156,6691578
DNB,DNB.OL,2008-05-16,74.16199493408203,74.35191345214844,71.6930923461914,71.97796630859375,32.660709381103516,6944424
DNB,DNB.OL,2008-05-19,71.88301086425781,73.21241760253906,71.59813690185547,72.92754364013672,33.09159469604492,2781168
DNB,DNB.OL,2008-05-20,72.73763275146484,73.59225463867188,71.88301086425781,71.97796630859375,32.660709381103516,3443929
DNB,DNB.OL,2008-05-21,72.07292938232422,72.6426773071289,70.45864868164062,71.02838897705078,32.229835510253906,3954565
DNB,DNB.OL,2008-05-22,70.36368560791016,72.16788482666016,70.26873016357422,71.88301086425781,32.61763000488281,3558025
DNB,DNB.OL,2008-05-23,72.07292938232422,72.07292938232422,70.17377471923828,70.17377471923828,31.842042922973633,4808703
DNB,DNB.OL,2008-05-26,70.07881164550781,70.93343353271484,68.8443603515625,69.22419738769531,31.411163330078125,5115180
DNB,DNB.OL,2008-05-27,69.79393768310547,69.98385620117188,68.27462005615234,68.55949401855469,31.109548568725586,3749918
DNB,DNB.OL,2008-05-28,68.74940490722656,70.55360412597656,68.17965698242188,68.55949401855469,31.109548568725586,4304381
DNB,DNB.OL,2008-05-29,69.22419738769531,69.88890075683594,68.74940490722656,69.79393768310547,31.66969108581543,3912828
DNB,DNB.OL,2008-05-30,69.98385620117188,69.98385620117188,68.93932342529297,69.69898223876953,31.626602172851562,4872557
DNB,DNB.OL,2008-06-02,69.31915283203125,69.31915283203125,67.89478302001953,68.27462005615234,30.98027992248535,3648524
DNB,DNB.OL,2008-06-03,68.36957550048828,69.22419738769531,68.27462005615234,68.74940490722656,31.195724487304688,3088981
DNB,DNB.OL,2008-06-04,68.65444946289062,68.8443603515625,67.41999816894531,68.55949401855469,31.109548568725586,3520630
DNB,DNB.OL,2008-06-05,68.8443603515625,69.69898223876953,67.89478302001953,68.8443603515625,31.238811492919922,3369448
DNB,DNB.OL,2008-06-06,69.31915283203125,69.69898223876953,68.36957550048828,69.0342788696289,31.32499122619629,3932701
DNB,DNB.OL,2008-06-09,68.27462005615234,68.8443603515625,67.70487213134766,68.46453094482422,31.06645965576172,3326108
DNB,DNB.OL,2008-06-10,67.41999816894531,68.8443603515625,66.66033935546875,68.27462005615234,30.98027992248535,5160900
DNB,DNB.OL,2008-06-11,68.55949401855469,69.50907135009766,67.89478302001953,67.89478302001953,30.807931900024414,7080017
DNB,DNB.OL,2008-06-12,67.60991668701172,68.8443603515625,67.41999816894531,68.08470153808594,30.894107818603516,4740121
DNB,DNB.OL,2008-06-13,67.98974609375,69.88890075683594,67.60991668701172,69.69898223876953,31.626602172851562,3658931
DNB,DNB.OL,2008-06-16,69.69898223876953,70.36368560791016,68.8443603515625,69.41410827636719,31.497331619262695,2717086
DNB,DNB.OL,2008-06-17,69.12923431396484,70.55360412597656,69.12923431396484,70.17377471923828,31.842042922973633,2551626
DNB,DNB.OL,2008-06-18,69.6040267944336,69.98385620117188,68.17965698242188,69.0342788696289,31.32499122619629,3660927
DNB,DNB.OL,2008-06-19,68.46453094482422,69.12923431396484,67.89478302001953,68.55949401855469,31.109548568725586,10505777
DNB,DNB.OL,2008-06-20,68.65444946289062,68.74940490722656,67.2300796508789,67.32504272460938,30.54940414428711,4408658
DNB,DNB.OL,2008-06-23,66.94520568847656,67.89478302001953,66.47042083740234,66.66033935546875,30.24778938293457,3318205
DNB,DNB.OL,2008-06-24,66.85025024414062,66.85025024414062,64.76118469238281,65.52084350585938,29.730730056762695,7675920
DNB,DNB.OL,2008-06-25,65.61579895019531,66.09059143066406,64.09647369384766,64.5712661743164,29.299850463867188,6358794
DNB,DNB.OL,2008-06-26,64.19143676757812,64.76118469238281,63.526729583740234,64.09647369384766,29.084413528442383,4437659
DNB,DNB.OL,2008-06-27,63.43177032470703,64.66622161865234,61.247745513916016,63.24185562133789,28.696619033813477,7096082
DNB,DNB.OL,2008-06-30,63.43177032470703,63.81160354614258,61.437660217285156,61.532615661621094,27.921030044555664,5348580
DNB,DNB.OL,2008-07-01,61.34270095825195,62.387237548828125,58.77884292602539,59.9183349609375,27.188539505004883,6903721
DNB,DNB.OL,2008-07-02,60.77295684814453,62.29227828979492,60.0132942199707,60.86791229248047,27.619415283203125,8137189
DNB,DNB.OL,2008-07-03,60.10824966430664,60.67799758911133,58.873802185058594,59.63346481323242,27.05927848815918,5952081
DNB,DNB.OL,2008-07-04,60.29816818237305,60.393123626708984,59.253631591796875,59.72842025756836,27.102357864379883,4450415
DNB,DNB.OL,2008-07-07,60.393123626708984,60.48808288574219,57.63935089111328,58.49396896362305,26.542217254638672,6096202
DNB,DNB.OL,2008-07-08,57.44943618774414,57.924224853515625,56.59481430053711,56.78472900390625,25.766632080078125,6528885
DNB,DNB.OL,2008-07-09,58.01918029785156,59.34859085083008,57.54439163208008,58.96875762939453,26.757658004760742,8186112
DNB,DNB.OL,2008-07-10,58.114139556884766,60.77295684814453,57.1645622253418,59.72842025756836,27.102357864379883,15294550
DNB,DNB.OL,2008-07-11,60.0132942199707,60.393123626708984,56.78472900390625,57.73430633544922,26.19751739501953,7340603
DNB,DNB.OL,2008-07-14,57.924224853515625,59.53850555419922,56.87968826293945,57.63935089111328,26.15442657470703,5367760
DNB,DNB.OL,2008-07-15,56.78472900390625,56.78472900390625,53.7460823059082,54.50574493408203,24.732521057128906,537
DNB,DNB.OL,2008-07-16,54.88557434082031,55.740196228027344,52.89146423339844,53.27129364013672,24.172374725341797,6557099
DNB,DNB.OL,2008-07-17,55.5502815246582,59.63346481323242,55.455322265625,59.34859085083008,26.930007934570312,9325479
DNB,DNB.OL,2008-07-18,58.77884292602539,59.82337951660156,58.2090950012207,59.53850555419922,27.016189575195312,5036729
DNB,DNB.OL,2008-07-21,59.15867233276367,61.81748962402344,58.873802185058594,60.96287155151367,27.662508010864258,5156060
DNB,DNB.OL,2008-07-22,60.67799758911133,61.34270095825195,59.253631591796875,59.53850555419922,27.016189575195312,4970460
DNB,DNB.OL,2008-07-23,61.247745513916016,62.577152252197266,61.057830810546875,62.387237548828125,28.308826446533203,5205534
DNB,DNB.OL,2008-07-24,62.67211151123047,63.24185562133789,61.15278625488281,61.34270095825195,27.83485984802246,4415899
DNB,DNB.OL,2008-07-25,59.15867233276367,61.15278625488281,59.15867233276367,60.10824966430664,27.27471160888672,3962466
DNB,DNB.OL,2008-07-28,60.10824966430664,60.77295684814453,59.063716888427734,59.34859085083008,26.930007934570312,3963625
DNB,DNB.OL,2008-07-29,58.68388366699219,60.393123626708984,57.73430633544922,60.29816818237305,27.360891342163086,7119482
DNB,DNB.OL,2008-07-30,61.057830810546875,61.91244888305664,60.0132942199707,61.7225341796875,28.007205963134766,3928378
DNB,DNB.OL,2008-07-31,62.67211151123047,64.76118469238281,61.81748962402344,62.95698547363281,28.567352294921875,6625473
DNB,DNB.OL,2008-08-01,62.48219680786133,63.14690017700195,61.7225341796875,62.29227828979492,28.26573371887207,2716471
DNB,DNB.OL,2008-08-04,62.67211151123047,63.05194091796875,61.7225341796875,62.10236358642578,28.179561614990234,2404332
DNB,DNB.OL,2008-08-05,62.577152252197266,63.81160354614258,61.247745513916016,63.62168884277344,28.86897087097168,5235065
DNB,DNB.OL,2008-08-06,63.43177032470703,65.42588806152344,63.43177032470703,64.09647369384766,29.084413528442383,4180807
DNB,DNB.OL,2008-08-07,64.09647369384766,66.3754653930664,63.336814880371094,63.90656280517578,28.99822998046875,5503500
DNB,DNB.OL,2008-08-08,63.90656280517578,64.38134765625,62.00740432739258,63.336814880371094,28.739707946777344,1718237
DNB,DNB.OL,2008-08-11,63.43177032470703,64.09647369384766,61.532615661621094,62.48219680786133,28.351909637451172,4254102
DNB,DNB.OL,2008-08-12,62.67211151123047,62.67211151123047,60.29816818237305,61.057830810546875,27.705596923828125,4693666
DNB,DNB.OL,2008-08-13,60.203208923339844,60.67799758911133,58.68388366699219,59.253631591796875,26.88692283630371,5005489
DNB,DNB.OL,2008-08-14,59.9183349609375,60.29816818237305,58.68388366699219,59.53850555419922,27.016189575195312,4216717
DNB,DNB.OL,2008-08-15,60.203208923339844,61.057830810546875,60.0132942199707,60.583038330078125,27.490154266357422,3436370
DNB,DNB.OL,2008-08-18,60.583038330078125,60.77295684814453,59.63346481323242,60.10824966430664,27.27471160888672,4382528
DNB,DNB.OL,2008-08-19,59.63346481323242,59.82337951660156,58.01918029785156,58.01918029785156,26.326778411865234,3186958
DNB,DNB.OL,2008-08-20,58.58892822265625,59.15867233276367,57.54439163208008,58.68388366699219,26.628395080566406,5257411
DNB,DNB.OL,2008-08-21,58.49396896362305,59.063716888427734,57.63935089111328,58.58892822265625,26.585304260253906,3928843
DNB,DNB.OL,2008-08-22,59.253631591796875,60.29816818237305,57.82926559448242,59.9183349609375,27.188539505004883,6020002
DNB,DNB.OL,2008-08-25,60.203208923339844,60.203208923339844,58.304054260253906,58.39901351928711,26.499130249023438,1757575
DNB,DNB.OL,2008-08-26,58.2090950012207,58.49396896362305,57.54439163208008,58.01918029785156,26.326778411865234,2643668
DNB,DNB.OL,2008-08-27,57.924224853515625,59.063716888427734,57.069602966308594,58.873802185058594,26.714567184448242,4087207
DNB,DNB.OL,2008-08-28,58.58892822265625,59.9183349609375,58.114139556884766,59.72842025756836,27.102357864379883,5092438
DNB,DNB.OL,2008-08-29,60.0132942199707,60.77295684814453,59.53850555419922,59.9183349609375,27.188539505004883,5660421
DNB,DNB.OL,2008-09-01,59.253631591796875,59.82337951660156,58.68388366699219,59.443546295166016,26.97309684753418,2156711
DNB,DNB.OL,2008-09-02,59.15867233276367,61.15278625488281,58.873802185058594,60.29816818237305,27.360891342163086,3936768
DNB,DNB.OL,2008-09-03,59.34859085083008,59.72842025756836,57.35447692871094,57.35447692871094,26.025161743164062,7165234
DNB,DNB.OL,2008-09-04,58.304054260253906,58.49396896362305,55.07549285888672,55.07549285888672,24.991050720214844,7012596
DNB,DNB.OL,2008-09-05,54.31583023071289,55.26540756225586,52.41667556762695,53.7460823059082,24.3878173828125,8965739
DNB,DNB.OL,2008-09-08,56.87968826293945,57.924224853515625,53.935997009277344,54.31583023071289,24.646339416503906,9408609
DNB,DNB.OL,2008-09-09,53.841041564941406,56.02506637573242,53.55616760253906,55.26540756225586,25.077220916748047,9921932
DNB,DNB.OL,2008-09-10,55.26540756225586,55.26540756225586,52.51163101196289,52.70154571533203,23.913846969604492,7410455
DNB,DNB.OL,2008-09-11,52.70154571533203,52.70154571533203,48.99819564819336,51.37213897705078,23.310619354248047,13280807
DNB,DNB.OL,2008-09-12,52.51163101196289,54.790618896484375,52.036842346191406,54.41078567504883,24.68943214416504,8633130
DNB,DNB.OL,2008-09-15,51.27717971801758,52.70154571533203,48.23853302001953,51.27717971801758,23.267526626586914,8272408
DNB,DNB.OL,2008-09-16,50.13768768310547,50.32760238647461,47.19399642944336,48.713321685791016,22.10415267944336,13067888
DNB,DNB.OL,2008-09-17,48.903236389160156,51.27717971801758,46.529293060302734,46.95660400390625,21.307018280029297,13252794
DNB,DNB.OL,2008-09-18,46.291900634765625,50.802391052246094,45.67467498779297,49.2830696105957,22.362686157226562,12818464
DNB,DNB.OL,2008-09-19,54.88557434082031,57.1645622253418,53.36625289916992,55.64523696899414,25.24958038330078,13042032
DNB,DNB.OL,2008-09-22,54.31583023071289,56.21498489379883,52.796504974365234,53.176334381103516,24.129291534423828,7869059
DNB,DNB.OL,2008-09-23,51.18222427368164,52.22676086425781,49.852813720703125,50.707435607910156,23.009000778198242,7828407
DNB,DNB.OL,2008-09-24,51.94188690185547,52.13180160522461,50.517520904541016,51.56205368041992,23.39678955078125,5001360
DNB,DNB.OL,2008-09-25,50.61247634887695,51.846927642822266,47.95365905761719,50.517520904541016,22.922822952270508,10562529
DNB,DNB.OL,2008-09-26,50.32760238647461,50.32760238647461,47.76374435424805,47.95365905761719,21.759450912475586,76507
DNB,DNB.OL,2008-09-29,47.76374435424805,47.95365905761719,42.73098373413086,42.73098373413086,19.389606475830078,9821270
DNB,DNB.OL,2008-09-30,39.977210998535156,44.82005310058594,39.977210998535156,42.16123962402344,19.131080627441406,13563799
DNB,DNB.OL,2008-10-01,43.96543502807617,44.86753463745117,42.39863204956055,43.205772399902344,19.60504150390625,10554460
DNB,DNB.OL,2008-10-02,43.205772399902344,45.009971618652344,42.9208984375,43.158294677734375,19.583505630493164,12928298
DNB,DNB.OL,2008-10-03,43.96543502807617,46.339378356933594,41.73392868041992,46.291900634765625,21.005414962768555,16317803
DNB,DNB.OL,2008-10-06,42.446109771728516,42.73098373413086,36.7486457824707,38.41040802001953,17.42910385131836,11866590
DNB,DNB.OL,2008-10-07,39.88225173950195,40.64191436767578,34.659576416015625,35.32427978515625,16.02873992919922,14870597
DNB,DNB.OL,2008-10-08,32.09571838378906,36.08394241333008,30.291519165039062,32.190673828125,14.606837272644043,16167622
DNB,DNB.OL,2008-10-09,36.79612350463867,36.79612350463867,31.24109649658203,31.81084442138672,14.43448543548584,18663039
DNB,DNB.OL,2008-10-10,28.487323760986328,31.525970458984375,27.537744522094727,29.436899185180664,13.357283592224121,15917420
DNB,DNB.OL,2008-10-13,34.32722473144531,36.08394241333008,32.04823684692383,33.14025115966797,15.037715911865234,11457094
DNB,DNB.OL,2008-10-14,37.983097076416016,42.68350601196289,36.55873107910156,37.983097076416016,17.23520278930664,17620887
DNB,DNB.OL,2008-10-15,39.40746307373047,39.40746307373047,34.18478775024414,34.75453567504883,15.770215034484863,7469147
DNB,DNB.OL,2008-10-16,34.08982849121094,34.707054138183594,30.196561813354492,30.196561813354492,13.701990127563477,9169013
DNB,DNB.OL,2008-10-17,33.994873046875,34.08982849121094,30.576393127441406,32.71294021606445,14.843823432922363,5894060
DNB,DNB.OL,2008-10-20,34.18478775024414,35.70410919189453,32.2856330871582,35.70410919189453,16.201095581054688,5601307
DNB,DNB.OL,2008-10-21,37.793182373046875,39.075111389160156,36.27385711669922,37.03351974487305,16.804325103759766,6353521
DNB,DNB.OL,2008-10-22,36.55873107910156,36.79612350463867,34.32722473144531,35.039405822753906,15.899476051330566,4267365
DNB,DNB.OL,2008-10-23,36.08394241333008,36.938560485839844,32.665462493896484,33.709999084472656,15.296248435974121,7961890
DNB,DNB.OL,2008-10-24,32.38058853149414,33.23521041870117,28.67723846435547,30.528913497924805,13.85279655456543,6747329
DNB,DNB.OL,2008-10-27,29.626815795898438,29.626815795898438,26.8255615234375,28.487323760986328,12.926406860351562,7924920
DNB,DNB.OL,2008-10-28,29.674293518066406,30.671350479125977,26.73060417175293,27.537744522094727,12.495524406433105,5656437
DNB,DNB.OL,2008-10-29,29.721773147583008,30.196561813354492,26.63564682006836,27.6801815032959,12.560155868530273,6433373
DNB,DNB.OL,2008-10-30,29.389421463012695,34.75453567504883,26.63564682006836,34.18478775024414,15.511686325073242,15820632
DNB,DNB.OL,2008-10-31,33.994873046875,36.55873107910156,33.04529571533203,36.55873107910156,16.58888816833496,6147475
DNB,DNB.OL,2008-11-03,37.36587142944336,38.173011779785156,34.469661712646484,37.03351974487305,16.804325103759766,7222085
DNB,DNB.OL,2008-11-04,36.653690338134766,38.932674407958984,35.37175750732422,38.932674407958984,17.666088104248047,7188444
DNB,DNB.OL,2008-11-05,39.21754837036133,39.2650260925293,36.55873107910156,37.983097076416016,17.23520278930664,4697308
DNB,DNB.OL,2008-11-06,35.22932052612305,35.51419448852539,32.09571838378906,32.76042175292969,14.865365028381348,10716376
DNB,DNB.OL,2008-11-07,34.18478775024414,34.469661712646484,32.617984771728516,33.66252136230469,15.274702072143555,4948889
DNB,DNB.OL,2008-11-10,34.659576416015625,35.13436508178711,30.90874481201172,32.2856330871582,14.649925231933594,4152197
DNB,DNB.OL,2008-11-11,32.09571838378906,32.76042175292969,29.436899185180664,29.579336166381836,13.421916961669922,3413041
DNB,DNB.OL,2008-11-12,30.196561813354492,30.433956146240234,27.63270378112793,27.87009620666504,12.646332740783691,6864058
DNB,DNB.OL,2008-11-13,27.91757583618164,29.436899185180664,27.252872467041016,27.7276611328125,12.581701278686523,5466326
DNB,DNB.OL,2008-11-14,29.341941833496094,29.436899185180664,27.7276611328125,29.436899185180664,13.357283592224121,4977743
DNB,DNB.OL,2008-11-17,29.76925277709961,29.76925277709961,27.585224151611328,27.63270378112793,12.538610458374023,3822950
DNB,DNB.OL,2008-11-18,27.537744522094727,27.537744522094727,23.264646530151367,24.68901252746582,11.202882766723633,9042482
DNB,DNB.OL,2008-11-19,25.163801193237305,25.163801193237305,20.41591453552246,20.890703201293945,9.479362487792969,9892449
DNB,DNB.OL,2008-11-20,19.893646240234375,22.64742088317871,19.086505889892578,22.125154495239258,10.039506912231445,10408644
DNB,DNB.OL,2008-11-21,22.41002655029297,23.54952049255371,21.840280532836914,21.840280532836914,9.91024398803711,7554036
DNB,DNB.OL,2008-11-24,22.979774475097656,25.163801193237305,22.077674865722656,25.163801193237305,11.418323516845703,5426831
DNB,DNB.OL,2008-11-25,26.113378524780273,26.445730209350586,24.68901252746582,26.113378524780273,11.849203109741211,6760937
DNB,DNB.OL,2008-11-26,25.63858985900879,26.065900802612305,24.49909782409668,25.68606948852539,11.655309677124023,5915929
DNB,DNB.OL,2008-11-27,26.113378524780273,26.493209838867188,25.78102684020996,26.255815505981445,11.913837432861328,3992590
DNB,DNB.OL,2008-11-28,26.493209838867188,26.77808380126953,24.973886489868164,24.973886489868164,11.332147598266602,2631526
DNB,DNB.OL,2008-12-01,25.591110229492188,25.591110229492188,23.31212615966797,24.024309158325195,10.901266098022461,4007328
DNB,DNB.OL,2008-12-02,23.929351806640625,23.929351806640625,21.840280532836914,23.73943519592285,10.77200698852539,8358834
DNB,DNB.OL,2008-12-03,24.356660842895508,24.59405517578125,23.454561233520508,24.309181213378906,11.030531883239746,3853194
DNB,DNB.OL,2008-12-04,23.73943519592285,25.54363250732422,23.73943519592285,23.834392547607422,10.815093994140625,7096325
DNB,DNB.OL,2008-12-05,23.73943519592285,24.071788787841797,22.220111846923828,22.45750617980957,10.190315246582031,4080271
DNB,DNB.OL,2008-12-08,23.786914825439453,24.214223861694336,22.220111846923828,23.50204086303711,10.664281845092773,7995164
DNB,DNB.OL,2008-12-09,23.359603881835938,25.306238174438477,22.694900512695312,25.306238174438477,11.482955932617188,5837422
DNB,DNB.OL,2008-12-10,25.163801193237305,27.205392837524414,24.68901252746582,26.967998504638672,12.236995697021484,5172639
DNB,DNB.OL,2008-12-11,26.967998504638672,27.157913208007812,25.353717803955078,26.018421173095703,11.80611515045166,4360993
DNB,DNB.OL,2008-12-12,24.831449508666992,25.068843841552734,23.454561233520508,23.786914825439453,10.793546676635742,8067776
DNB,DNB.OL,2008-12-15,24.64153480529785,24.68901252746582,23.40708351135254,23.929351806640625,10.858180046081543,2944414
DNB,DNB.OL,2008-12-16,23.929351806640625,25.258758544921875,23.929351806640625,25.116323471069336,11.396780967712402,4207446
DNB,DNB.OL,2008-12-17,25.9709415435791,26.160858154296875,24.54657554626465,25.63858985900879,11.633763313293457,4606638
DNB,DNB.OL,2008-12-18,26.018421173095703,26.065900802612305,25.068843841552734,25.353717803955078,11.504500389099121,4226571
DNB,DNB.OL,2008-12-19,25.44867515563965,25.591110229492188,23.786914825439453,24.119266510009766,10.944356918334961,2987703
DNB,DNB.OL,2008-12-22,24.119266510009766,24.49909782409668,22.884815216064453,22.979774475097656,10.427300453186035,3124543
DNB,DNB.OL,2008-12-23,22.789857864379883,23.691957473754883,22.599943161010742,23.64447784423828,10.72891616821289,1424687
DNB,DNB.OL,2008-12-29,23.264646530151367,24.261703491210938,23.264646530151367,24.261703491210938,11.008988380432129,1197240
DNB,DNB.OL,2008-12-30,24.356660842895508,25.63858985900879,24.309181213378906,25.63858985900879,11.633763313293457,2636277
DNB,DNB.OL,2009-01-02,26.065900802612305,27.062955856323242,25.923463821411133,27.062955856323242,12.280086517333984,1596915
DNB,DNB.OL,2009-01-05,27.537744522094727,27.7276611328125,25.306238174438477,25.63858985900879,11.633763313293457,4045796
DNB,DNB.OL,2009-01-06,25.44867515563965,25.591110229492188,24.119266510009766,24.214223861694336,10.987443923950195,10930891
DNB,DNB.OL,2009-01-07,24.356660842895508,24.783971786499023,23.73943519592285,24.49909782409668,11.116708755493164,8012013
DNB,DNB.OL,2009-01-08,24.214223861694336,25.68606948852539,23.73943519592285,25.68606948852539,11.655309677124023,7219662
DNB,DNB.OL,2009-01-09,25.828506469726562,25.87598419189453,24.87892723083496,25.211280822753906,11.439868927001953,4665151
DNB,DNB.OL,2009-01-12,24.783971786499023,25.63858985900879,24.68901252746582,24.87892723083496,11.289058685302734,3771794
DNB,DNB.OL,2009-01-13,24.68901252746582,24.87892723083496,23.2171688079834,23.264646530151367,10.556562423706055,4483955
DNB,DNB.OL,2009-01-14,23.929351806640625,23.929351806640625,20.653308868408203,21.55540657043457,9.780980110168457,8385306
DNB,DNB.OL,2009-01-15,21.697843551635742,21.792802810668945,20.6058292388916,21.36549186706543,9.694803237915039,7591088
DNB,DNB.OL,2009-01-16,21.935237884521484,22.3150691986084,21.36549186706543,22.3150691986084,10.125682830810547,6690636
DNB,DNB.OL,2009-01-19,22.3150691986084,22.504985809326172,18.849111557006836,19.466337203979492,8.833044052124023,11023906
DNB,DNB.OL,2009-01-20,18.991548538208008,19.22894287109375,15.857942581176758,15.857942581176758,7.195698261260986,20907171
DNB,DNB.OL,2009-01-21,15.762985229492188,18.991548538208008,14.148702621459961,17.13987159729004,7.77738618850708,35126386
DNB,DNB.OL,2009-01-22,18.516759872436523,18.944068908691406,17.47222328186035,17.519702911376953,7.949738025665283,16917771
DNB,DNB.OL,2009-01-23,17.709619522094727,18.421802520751953,16.902477264404297,18.421802520751953,8.359076499938965,9165148
DNB,DNB.OL,2009-01-26,18.421802520751953,21.36549186706543,18.27936553955078,21.36549186706543,9.694803237915039,14351337
DNB,DNB.OL,2009-01-27,21.55540657043457,21.55540657043457,19.656251907348633,20.131040573120117,9.134658813476562,7454663
DNB,DNB.OL,2009-01-28,20.890703201293945,22.789857864379883,20.6058292388916,21.840280532836914,9.91024398803711,19413685
DNB,DNB.OL,2009-01-29,21.840280532836914,22.362548828125,21.223054885864258,22.125154495239258,10.039506912231445,10835821
DNB,DNB.OL,2009-01-30,22.125154495239258,22.694900512695312,21.55540657043457,22.41002655029297,10.168770790100098,6596267
DNB,DNB.OL,2009-02-02,21.650365829467773,22.077674865722656,21.27053451538086,21.27053451538086,9.651713371276855,3420237
DNB,DNB.OL,2009-02-03,21.697843551635742,21.697843551635742,20.368436813354492,20.700788497924805,9.393189430236816,5129025
DNB,DNB.OL,2009-02-04,21.033140182495117,22.884815216064453,20.41591453552246,22.55246353149414,10.233404159545898,7628831
DNB,DNB.OL,2009-02-05,22.3150691986084,23.169689178466797,21.46044921875,22.41002655029297,10.168770790100098,7038703
DNB,DNB.OL,2009-02-06,23.122209548950195,25.163801193237305,22.932294845581055,25.163801193237305,11.418323516845703,13453604
DNB,DNB.OL,2009-02-09,26.63564682006836,27.537744522094727,25.63858985900879,26.493209838867188,12.021554946899414,15893766
DNB,DNB.OL,2009-02-10,25.68606948852539,28.392364501953125,25.54363250732422,27.347829818725586,12.409348487854004,15817800
DNB,DNB.OL,2009-02-11,26.398252487182617,26.920520782470703,25.63858985900879,26.113378524780273,11.849203109741211,10113315
DNB,DNB.OL,2009-02-12,26.63564682006836,27.062955856323242,23.929351806640625,24.024309158325195,10.901266098022461,9942729
DNB,DNB.OL,2009-02-13,24.68901252746582,24.736492156982422,22.220111846923828,23.122209548950195,10.491931915283203,7428506
DNB,DNB.OL,2009-02-16,22.45750617980957,23.264646530151367,22.077674865722656,22.077674865722656,10.017963409423828,4426781
DNB,DNB.OL,2009-02-17,22.030195236206055,22.077674865722656,20.27347755432129,20.27347755432129,9.199291229248047,8512316
DNB,DNB.OL,2009-02-18,20.131040573120117,21.27053451538086,20.131040573120117,20.890703201293945,9.479362487792969,4445952
DNB,DNB.OL,2009-02-19,20.22599983215332,22.030195236206055,20.17852020263672,21.46044921875,9.737890243530273,6142915
DNB,DNB.OL,2009-02-20,21.46044921875,21.46044921875,19.656251907348633,19.656251907348633,8.919219970703125,4489806
DNB,DNB.OL,2009-02-23,20.32095718383789,20.890703201293945,19.988605499267578,20.46339225769043,9.285466194152832,5797037
DNB,DNB.OL,2009-02-24,19.751209259033203,21.318012237548828,19.751209259033203,21.175575256347656,9.608628273010254,6142376
DNB,DNB.OL,2009-02-25,21.840280532836914,22.220111846923828,20.843223571777344,21.697843551635742,9.845610618591309,6731198
DNB,DNB.OL,2009-02-26,21.840280532836914,23.691957473754883,21.5079288482666,23.691957473754883,10.750460624694824,6665684
DNB,DNB.OL,2009-02-27,22.979774475097656,24.356660842895508,22.789857864379883,24.356660842895508,11.05207633972168,5688738
DNB,DNB.OL,2009-03-02,23.40708351135254,23.54952049255371,22.41002655029297,22.789857864379883,10.341123580932617,5410867
DNB,DNB.OL,2009-03-03,22.504985809326172,22.932294845581055,21.128097534179688,21.36549186706543,9.694803237915039,8721289
DNB,DNB.OL,2009-03-04,22.3150691986084,22.3150691986084,21.033140182495117,22.125154495239258,10.039506912231445,5902929
DNB,DNB.OL,2009-03-05,22.125154495239258,22.125154495239258,20.938182830810547,21.318012237548828,9.673258781433105,3432452
DNB,DNB.OL,2009-03-06,22.125154495239258,22.125154495239258,20.843223571777344,20.843223571777344,9.457819938659668,4170152
DNB,DNB.OL,2009-03-09,21.175575256347656,21.318012237548828,20.17852020263672,20.41591453552246,9.263922691345215,4107932
DNB,DNB.OL,2009-03-10,20.558351516723633,22.884815216064453,20.22599983215332,22.599943161010742,10.254947662353516,6098965
DNB,DNB.OL,2009-03-11,23.027252197265625,24.49909782409668,22.789857864379883,24.40414047241211,11.073619842529297,7832995
DNB,DNB.OL,2009-03-12,24.024309158325195,24.309181213378906,23.264646530151367,23.786914825439453,10.793546676635742,4697647
DNB,DNB.OL,2009-03-13,24.40414047241211,25.591110229492188,24.166744232177734,24.87892723083496,11.289058685302734,6616457
DNB,DNB.OL,2009-03-16,25.163801193237305,25.591110229492188,24.926406860351562,25.49615478515625,11.569132804870605,5104008
DNB,DNB.OL,2009-03-17,25.44867515563965,26.588167190551758,25.163801193237305,26.588167190551758,12.064645767211914,5134319
DNB,DNB.OL,2009-03-18,27.252872467041016,27.537744522094727,26.113378524780273,26.588167190551758,12.064645767211914,6483377
DNB,DNB.OL,2009-03-19,27.252872467041016,30.101604461669922,27.205392837524414,30.05412483215332,13.63735580444336,12353032
DNB,DNB.OL,2009-03-20,29.436899185180664,31.193618774414062,28.724716186523438,29.436899185180664,13.357283592224121,11498195
DNB,DNB.OL,2009-03-23,29.91168975830078,31.24109649658203,29.91168975830078,31.24109649658203,14.175954818725586,5613155
DNB,DNB.OL,2009-03-24,32.09571838378906,32.2856330871582,30.00664710998535,30.433956146240234,13.809707641601562,8142692
DNB,DNB.OL,2009-03-25,30.766307830810547,30.766307830810547,29.246984481811523,29.86421012878418,13.551178932189941,8137574
DNB,DNB.OL,2009-03-26,30.00664710998535,30.576393127441406,29.341941833496094,29.91168975830078,13.572725296020508,7300718
DNB,DNB.OL,2009-03-27,29.626815795898438,30.14908218383789,29.436899185180664,29.436899185180664,13.357283592224121,4848449
DNB,DNB.OL,2009-03-30,28.67723846435547,29.10454750061035,26.208337783813477,26.208337783813477,11.892293930053711,4831842
DNB,DNB.OL,2009-03-31,26.350772857666016,28.724716186523438,25.73354721069336,28.724716186523438,13.034123420715332,8130664
DNB,DNB.OL,2009-04-01,28.582279205322266,30.718830108642578,28.249927520751953,30.576393127441406,13.874341011047363,7641697
DNB,DNB.OL,2009-04-02,31.05118179321289,32.807899475097656,30.81378746032715,32.57050704956055,14.779191017150879,8865626
DNB,DNB.OL,2009-04-03,32.665462493896484,33.709999084472656,30.861265182495117,30.861265182495117,14.003602981567383,8803268
DNB,DNB.OL,2009-04-06,31.715885162353516,32.52302551269531,31.00370216369629,31.00370216369629,14.0682373046875,4118709
DNB,DNB.OL,2009-04-07,31.00370216369629,31.383533477783203,28.67723846435547,28.81967544555664,13.077213287353516,4687608
DNB,DNB.OL,2009-04-08,28.67723846435547,29.721773147583008,27.91757583618164,29.721773147583008,13.48654842376709,2388314
DNB,DNB.OL,2009-04-14,31.431013107299805,33.14025115966797,30.90874481201172,32.238155364990234,14.628378868103027,7984844
DNB,DNB.OL,2009-04-15,31.668407440185547,33.804954528808594,31.288576126098633,33.804954528808594,15.339330673217773,9023802
DNB,DNB.OL,2009-04-16,34.659576416015625,35.799068450927734,33.85243606567383,35.609153747558594,16.158004760742188,8646348
DNB,DNB.OL,2009-04-17,36.08394241333008,40.11964416503906,35.89402770996094,39.02763366699219,17.709171295166016,11413636
DNB,DNB.OL,2009-04-20,39.122589111328125,40.736873626708984,37.17595672607422,37.22343444824219,16.890501022338867,9219129
DNB,DNB.OL,2009-04-21,37.03351974487305,38.173011779785156,35.32427978515625,38.173011779785156,17.321382522583008,8913464
DNB,DNB.OL,2009-04-22,37.88813781738281,41.25914001464844,37.6507453918457,40.87930679321289,18.549392700195312,6940207
DNB,DNB.OL,2009-04-23,38.173011779785156,41.0692253112793,38.173011779785156,40.072166442871094,18.183143615722656,7693786
DNB,DNB.OL,2009-04-24,39.59737777709961,40.64191436767578,39.50242233276367,39.69233703613281,18.01078987121582,2896544
DNB,DNB.OL,2009-04-27,39.69233703613281,39.977210998535156,37.50830841064453,37.5557861328125,17.041309356689453,4907163
DNB,DNB.OL,2009-04-28,37.41334915161133,37.50830841064453,34.99192810058594,35.89402770996094,16.287269592285156,5152486
DNB,DNB.OL,2009-04-29,35.89402770996094,38.932674407958984,35.89402770996094,38.030574798583984,17.256750106811523,10018799
DNB,DNB.OL,2009-04-30,38.98015213012695,40.64191436767578,38.41040802001953,39.644859313964844,17.989248275756836,9658352
DNB,DNB.OL,2009-05-04,40.30956268310547,40.45199966430664,38.3629264831543,39.075111389160156,17.7307186126709,4037725
DNB,DNB.OL,2009-05-05,39.977210998535156,42.73098373413086,39.50242233276367,41.2116584777832,18.7001953125,11961383
DNB,DNB.OL,2009-05-06,40.83182907104492,43.58560562133789,40.11964416503906,41.44905471801758,18.807918548583984,12779645
DNB,DNB.OL,2009-05-07,42.35115432739258,43.58560562133789,40.78435134887695,41.02174377441406,18.61402130126953,13352968
DNB,DNB.OL,2009-05-08,42.256195068359375,46.90912628173828,42.066280364990234,46.90912628173828,21.285480499267578,9817420
DNB,DNB.OL,2009-05-11,46.05450439453125,47.383914947509766,44.15534973144531,46.4343376159668,21.070039749145508,5547581
DNB,DNB.OL,2009-05-12,45.342323303222656,46.4343376159668,43.72804260253906,45.199886322021484,20.50989532470703,7990145
DNB,DNB.OL,2009-05-13,45.579715728759766,46.24441909790039,41.97132110595703,42.636024475097656,19.34651756286621,9761431
DNB,DNB.OL,2009-05-14,41.68644714355469,45.48476028442383,41.63896942138672,45.48476028442383,20.63916015625,4817874
DNB,DNB.OL,2009-05-15,46.05450439453125,46.339378356933594,44.15534973144531,45.29484176635742,20.552982330322266,4340676
DNB,DNB.OL,2009-05-18,45.10492706298828,45.10492706298828,44.060394287109375,45.009971618652344,20.423717498779297,4469977
DNB,DNB.OL,2009-05-19,45.579715728759766,46.719207763671875,44.82005310058594,45.579715728759766,20.682247161865234,5978813
DNB,DNB.OL,2009-05-20,45.86458969116211,46.24441909790039,44.487701416015625,44.487701416015625,20.186737060546875,9673831
DNB,DNB.OL,2009-05-22,43.72804260253906,45.342323303222656,43.68056106567383,44.91501235961914,20.380630493164062,5724833
DNB,DNB.OL,2009-05-25,44.77257537841797,45.10492706298828,44.34526443481445,45.10492706298828,20.466808319091797,1348072
DNB,DNB.OL,2009-05-26,44.6301383972168,45.86458969116211,44.34526443481445,45.627193450927734,20.70379066467285,3719441
DNB,DNB.OL,2009-05-27,46.14946365356445,47.00408172607422,45.86458969116211,47.00408172607422,21.328563690185547,3138193
DNB,DNB.OL,2009-05-28,45.5322380065918,48.713321685791016,45.342323303222656,48.42844772338867,21.97488784790039,4811293
DNB,DNB.OL,2009-05-29,49.852813720703125,49.852813720703125,48.04861831665039,49.37802505493164,22.405765533447266,4789873
DNB,DNB.OL,2009-06-02,51.37213897705078,54.790618896484375,50.8973503112793,54.790618896484375,24.861787796020508,6308575
DNB,DNB.OL,2009-06-03,52.70154571533203,52.986419677734375,50.32760238647461,50.32760238647461,22.836647033691406,6789388
DNB,DNB.OL,2009-06-04,50.42256164550781,52.51163101196289,48.523406982421875,51.27717971801758,23.267526626586914,9681230
DNB,DNB.OL,2009-06-05,50.802391052246094,51.846927642822266,49.1881103515625,50.517520904541016,22.922822952270508,5621179
DNB,DNB.OL,2009-06-08,50.802391052246094,50.802391052246094,48.333492279052734,48.333492279052734,21.93180274963379,2728146
DNB,DNB.OL,2009-06-09,49.37802505493164,51.467098236083984,48.523406982421875,50.9923095703125,23.13826560974121,2986263
DNB,DNB.OL,2009-06-10,51.75196838378906,52.22676086425781,51.18222427368164,51.94188690185547,23.56913948059082,2819986
DNB,DNB.OL,2009-06-11,51.75196838378906,52.22676086425781,49.56794357299805,50.802391052246094,23.052087783813477,3318390
DNB,DNB.OL,2009-06-12,50.8973503112793,51.75196838378906,50.517520904541016,51.08726501464844,23.18135643005371,1806916
DNB,DNB.OL,2009-06-15,51.18222427368164,51.27717971801758,48.04861831665039,48.04861831665039,21.802532196044922,2293771
DNB,DNB.OL,2009-06-16,48.523406982421875,49.37802505493164,47.241477966308594,47.668785095214844,21.63018798828125,3325222
DNB,DNB.OL,2009-06-17,47.668785095214844,48.333492279052734,45.199886322021484,45.24736404418945,20.531436920166016,4320002
DNB,DNB.OL,2009-06-18,45.29484176635742,47.383914947509766,45.199886322021484,47.241477966308594,21.436288833618164,4243339
DNB,DNB.OL,2009-06-19,47.4788703918457,47.4788703918457,45.29484176635742,45.579715728759766,20.682247161865234,4936895
DNB,DNB.OL,2009-06-22,45.437278747558594,46.19694137573242,44.677616119384766,45.10492706298828,20.466808319091797,3825503
DNB,DNB.OL,2009-06-23,43.87047576904297,45.389801025390625,43.158294677734375,45.05744934082031,20.445262908935547,4551972
DNB,DNB.OL,2009-06-24,45.579715728759766,47.95365905761719,44.440223693847656,47.95365905761719,21.759450912475586,2526321
DNB,DNB.OL,2009-06-25,47.431392669677734,47.668785095214844,45.199886322021484,46.291900634765625,21.005414962768555,3412073
DNB,DNB.OL,2009-06-26,47.00408172607422,47.4788703918457,45.86458969116211,46.24441909790039,20.983863830566406,2108525
DNB,DNB.OL,2009-06-29,46.529293060302734,46.90912628173828,45.29484176635742,45.48476028442383,20.63916015625,2702311
DNB,DNB.OL,2009-06-30,45.769630432128906,46.529293060302734,45.10492706298828,46.529293060302734,21.11312484741211,2916240
DNB,DNB.OL,2009-07-01,46.19694137573242,46.81416702270508,45.579715728759766,46.529293060302734,21.11312484741211,3495851
DNB,DNB.OL,2009-07-02,46.529293060302734,46.529293060302734,45.152408599853516,45.342323303222656,20.57452964782715,2725617
DNB,DNB.OL,2009-07-03,45.009971618652344,45.579715728759766,44.107872009277344,45.5322380065918,20.660707473754883,1944848
DNB,DNB.OL,2009-07-06,45.769630432128906,45.769630432128906,43.205772399902344,43.68056106567383,19.82048797607422,2381837
DNB,DNB.OL,2009-07-07,44.72509765625,44.72509765625,42.16123962402344,42.22770690917969,19.161239624023438,4164045
DNB,DNB.OL,2009-07-08,41.92384338378906,42.58854675292969,40.4425048828125,41.97132110595703,19.044902801513672,4164459
DNB,DNB.OL,2009-07-09,42.46510314941406,43.538124084472656,42.066280364990234,43.538124084472656,19.7558536529541,3014562
DNB,DNB.OL,2009-07-10,42.73098373413086,42.82594299316406,41.59149169921875,41.97132110595703,19.044902801513672,4700685
DNB,DNB.OL,2009-07-13,41.544010162353516,42.018802642822266,40.45199966430664,42.018802642822266,19.066444396972656,3644858
DNB,DNB.OL,2009-07-14,42.77846145629883,44.59215545654297,42.28468322753906,44.59215545654297,20.234130859375,4679317
DNB,DNB.OL,2009-07-15,44.677616119384766,46.7951774597168,44.6301383972168,46.38685607910156,21.048494338989258,4463765
DNB,DNB.OL,2009-07-16,46.472320556640625,46.529293060302734,45.87408447265625,45.931060791015625,20.8416748046875,4275430
DNB,DNB.OL,2009-07-17,46.481815338134766,47.28895568847656,46.14946365356445,47.070552825927734,21.358726501464844,2405010
DNB,DNB.OL,2009-07-20,48.42844772338867,48.523406982421875,47.76374435424805,48.390464782714844,21.957653045654297,1362552
DNB,DNB.OL,2009-07-21,48.570884704589844,51.704490661621094,48.42844772338867,51.704490661621094,23.461423873901367,3240719
DNB,DNB.OL,2009-07-22,51.27717971801758,52.17927932739258,49.96676254272461,51.305667877197266,23.280454635620117,3749576
DNB,DNB.OL,2009-07-23,50.8973503112793,51.894405364990234,49.92877960205078,51.676002502441406,23.448495864868164,1973816
DNB,DNB.OL,2009-07-24,51.846927642822266,53.651126861572266,51.03978729248047,53.651126861572266,24.344728469848633,2511175
DNB,DNB.OL,2009-07-27,53.651126861572266,54.31583023071289,53.176334381103516,54.125911712646484,24.56017303466797,1845264
DNB,DNB.OL,2009-07-28,54.125911712646484,54.31583023071289,50.8973503112793,51.18222427368164,23.224437713623047,2555060
DNB,DNB.OL,2009-07-29,51.56205368041992,51.657012939453125,50.13768768310547,51.08726501464844,23.18135643005371,2329590
DNB,DNB.OL,2009-07-30,50.916343688964844,51.18222427368164,49.90029525756836,50.23264694213867,22.793561935424805,2340931
DNB,DNB.OL,2009-07-31,50.23264694213867,50.707435607910156,49.52046203613281,50.65045928955078,22.98314666748047,3199593
DNB,DNB.OL,2009-08-03,50.13768768310547,52.5211296081543,50.13768768310547,52.217262268066406,23.69409942626953,4398601
DNB,DNB.OL,2009-08-04,52.986419677734375,54.09742736816406,51.657012939453125,52.17927932739258,23.67686653137207,1897633
DNB,DNB.OL,2009-08-05,52.47364807128906,53.176334381103516,51.75196838378906,52.22676086425781,23.698408126831055,2564976
DNB,DNB.OL,2009-08-06,52.976924896240234,53.698604583740234,52.70154571533203,53.651126861572266,24.344728469848633,2352607
DNB,DNB.OL,2009-08-07,53.42322540283203,54.36330795288086,51.37213897705078,54.36330795288086,24.667888641357422,2237902
DNB,DNB.OL,2009-08-10,54.125911712646484,54.60070037841797,52.036842346191406,52.198272705078125,23.685483932495117,1710380
DNB,DNB.OL,2009-08-11,52.08432388305664,52.198272705078125,49.852813720703125,49.852813720703125,22.621204376220703,2717229
DNB,DNB.OL,2009-08-12,49.86231231689453,51.9798698425293,49.435001373291016,51.9798698425293,23.586380004882812,3577566
DNB,DNB.OL,2009-08-13,51.56205368041992,54.078433990478516,51.37213897705078,53.36625289916992,24.21546745300293,3906334
DNB,DNB.OL,2009-08-14,53.22381591796875,54.125911712646484,50.707435607910156,51.94188690185547,23.56913948059082,3028528
DNB,DNB.OL,2009-08-17,50.77390670776367,51.27717971801758,49.86231231689453,50.31810760498047,22.83233642578125,2843489
DNB,DNB.OL,2009-08-18,50.65995788574219,52.12230682373047,50.3560905456543,52.12230682373047,23.6510066986084,2488432
DNB,DNB.OL,2009-08-19,52.51163101196289,54.60070037841797,51.846927642822266,54.60070037841797,24.775611877441406,3063604
DNB,DNB.OL,2009-08-20,54.6481819152832,57.1645622253418,54.125911712646484,56.120025634765625,25.465017318725586,6683945
DNB,DNB.OL,2009-08-21,56.06304931640625,61.6275749206543,56.03456497192383,61.6275749206543,27.96411895751953,8688
DNB,DNB.OL,2009-08-24,61.6275749206543,62.225807189941406,59.063716888427734,59.82337951660156,27.145450592041016,3840080
DNB,DNB.OL,2009-08-25,59.39606857299805,60.535560607910156,57.44943618774414,58.2090950012207,26.41295623779297,4532446
DNB,DNB.OL,2009-08-26,58.39901351928711,59.72842025756836,57.36397171020508,57.36397171020508,26.02946662902832,2511388
DNB,DNB.OL,2009-08-27,57.73430633544922,58.58892822265625,56.49985885620117,56.9841423034668,25.85711669921875,2506601
DNB,DNB.OL,2009-08-28,57.924224853515625,58.01918029785156,56.613807678222656,57.44943618774414,26.06825065612793,4093280
DNB,DNB.OL,2009-08-31,56.45237731933594,58.44649124145508,55.5502815246582,58.39901351928711,26.499130249023438,5639010
DNB,DNB.OL,2009-09-01,58.73136520385742,59.253631591796875,54.17339324951172,56.92716598510742,25.831268310546875,5408028
DNB,DNB.OL,2009-09-02,56.357421875,56.357421875,54.69565963745117,55.028011322021484,24.969511032104492,3812590
DNB,DNB.OL,2009-09-03,55.64523696899414,56.49985885620117,55.07549285888672,55.21792984008789,25.055683135986328,2226796
DNB,DNB.OL,2009-09-04,55.64523696899414,57.59186935424805,55.50279998779297,57.212039947509766,25.960533142089844,5193783
DNB,DNB.OL,2009-09-07,57.401954650878906,58.39901351928711,57.30699920654297,58.161617279052734,26.391408920288086,20866
DNB,DNB.OL,2009-09-08,58.2090950012207,58.304054260253906,55.64523696899414,56.2624626159668,25.529645919799805,5996062
DNB,DNB.OL,2009-09-09,55.59775924682617,58.58892822265625,55.5502815246582,58.58892822265625,26.585304260253906,4493429
DNB,DNB.OL,2009-09-10,58.39901351928711,58.82632064819336,56.2624626159668,57.212039947509766,25.960533142089844,5671848
DNB,DNB.OL,2009-09-11,57.259517669677734,57.78178787231445,56.78472900390625,56.87968826293945,25.80971908569336,4571827
DNB,DNB.OL,2009-09-14,55.455322265625,56.45237731933594,55.455322265625,55.78767395019531,25.314208984375,1475574
DNB,DNB.OL,2009-09-15,56.49985885620117,58.0666618347168,56.120025634765625,57.44943618774414,26.06825065612793,3803018
DNB,DNB.OL,2009-09-16,58.68388366699219,59.443546295166016,57.78178787231445,58.2090950012207,26.41295623779297,4296319
DNB,DNB.OL,2009-09-17,58.77884292602539,59.53850555419922,58.58892822265625,59.1111946105957,26.82229232788086,3807456
DNB,DNB.OL,2009-09-18,59.34859085083008,59.58598327636719,58.63640594482422,59.253631591796875,26.88692283630371,3910212
DNB,DNB.OL,2009-09-21,59.063716888427734,59.063716888427734,58.2090950012207,58.39901351928711,26.499130249023438,1802832
DNB,DNB.OL,2009-09-22,58.39901351928711,59.965816497802734,58.39901351928711,59.63346481323242,27.05927848815918,3373492
DNB,DNB.OL,2009-09-23,59.63346481323242,61.58009719848633,58.873802185058594,60.06077194213867,27.253177642822266,4512743
DNB,DNB.OL,2009-09-24,59.15867233276367,63.479251861572266,59.15867233276367,60.8204345703125,27.597875595092773,6107311
DNB,DNB.OL,2009-09-25,63.62168884277344,66.85025024414062,62.6246337890625,66.85025024414062,30.33396339416504,14795462
DNB,DNB.OL,2009-09-28,66.3754653930664,66.47042083740234,63.336814880371094,65.04605102539062,29.515295028686523,8144583
DNB,DNB.OL,2009-09-29,65.04605102539062,65.1410140991211,63.62168884277344,64.66622161865234,29.34293556213379,5611941
DNB,DNB.OL,2009-09-30,65.09353637695312,65.4733657836914,62.67211151123047,63.526729583740234,28.825885772705078,6943107
DNB,DNB.OL,2009-10-01,63.24185562133789,64.19143676757812,61.675052642822266,62.197322845458984,28.22265625,3607887
DNB,DNB.OL,2009-10-02,61.20026397705078,62.577152252197266,60.535560607910156,60.7254753112793,27.55478286743164,4328232
DNB,DNB.OL,2009-10-05,61.247745513916016,61.95992660522461,59.301109313964844,61.86497116088867,28.071840286254883,3589559
DNB,DNB.OL,2009-10-06,62.67211151123047,66.28050231933594,62.387237548828125,66.28050231933594,30.07543182373047,8712816
DNB,DNB.OL,2009-10-07,65.94815063476562,67.2300796508789,64.99857330322266,66.09059143066406,29.9892578125,4932322
DNB,DNB.OL,2009-10-08,66.75529479980469,67.18260192871094,66.09059143066406,67.13512420654297,30.46323013305664,5871236
DNB,DNB.OL,2009-10-09,67.18260192871094,69.12923431396484,66.61285400390625,69.12923431396484,31.36807632446289,4583728
DNB,DNB.OL,2009-10-12,69.41410827636719,70.26873016357422,67.7998275756836,68.17965698242188,30.93720054626465,5278491
DNB,DNB.OL,2009-10-13,68.1321792602539,68.1321792602539,65.9956283569336,66.3754653930664,30.1185302734375,5851445
DNB,DNB.OL,2009-10-14,67.37252044677734,68.36957550048828,66.51789855957031,67.65739440917969,30.700214385986328,4742201
DNB,DNB.OL,2009-10-15,67.98974609375,68.46453094482422,65.56832122802734,65.85319519042969,29.88153839111328,6415241
DNB,DNB.OL,2009-10-16,65.9956283569336,67.51495361328125,64.95109558105469,64.95109558105469,29.47220230102539,4648215
DNB,DNB.OL,2009-10-19,65.42588806152344,67.75234985351562,65.283447265625,67.51495361328125,30.63558006286621,5492907
DNB,DNB.OL,2009-10-20,68.22713470458984,68.22713470458984,66.66033935546875,67.087646484375,30.441679000854492,3900095
DNB,DNB.OL,2009-10-21,67.65739440917969,67.7998275756836,65.56832122802734,67.087646484375,30.441679000854492,4698787
DNB,DNB.OL,2009-10-22,67.7998275756836,69.12923431396484,66.56537628173828,67.04016876220703,30.420137405395508,6918992
DNB,DNB.OL,2009-10-23,65.9956283569336,66.66033935546875,64.47631072998047,64.47631072998047,29.256757736206055,32192320
DNB,DNB.OL,2009-10-26,65.1410140991211,66.32798767089844,64.09647369384766,64.33386993408203,29.192127227783203,7263079
DNB,DNB.OL,2009-10-27,64.99857330322266,66.94520568847656,64.42882537841797,66.75529479980469,30.290874481201172,7334621
DNB,DNB.OL,2009-10-28,66.51789855957031,66.94520568847656,61.81748962402344,61.81748962402344,28.05030059814453,9466507
DNB,DNB.OL,2009-10-29,61.7225341796875,64.52378845214844,61.01034927368164,64.38134765625,29.213674545288086,8217498
DNB,DNB.OL,2009-10-30,64.38134765625,64.95109558105469,61.81748962402344,62.6246337890625,28.416542053222656,5024185
DNB,DNB.OL,2009-11-02,62.434715270996094,62.577152252197266,59.72842025756836,61.91244888305664,28.093393325805664,4212900
DNB,DNB.OL,2009-11-03,61.532615661621094,61.532615661621094,59.443546295166016,61.01034927368164,27.684049606323242,4240007
DNB,DNB.OL,2009-11-04,61.7225341796875,63.90656280517578,61.34270095825195,63.85908126831055,28.976686477661133,3952511
DNB,DNB.OL,2009-11-05,62.95698547363281,64.09647369384766,61.7225341796875,63.336814880371094,28.739707946777344,3790793
DNB,DNB.OL,2009-11-06,62.81454849243164,63.716644287109375,62.00740432739258,63.00446319580078,28.588903427124023,3699606
DNB,DNB.OL,2009-11-09,63.81160354614258,66.28050231933594,63.81160354614258,65.90067291259766,29.90308380126953,3275785
DNB,DNB.OL,2009-11-10,66.13806915283203,66.94520568847656,65.37840270996094,65.37840270996094,29.666101455688477,4050861
DNB,DNB.OL,2009-11-11,66.185546875,66.61285400390625,63.526729583740234,64.38134765625,29.213674545288086,4482410
DNB,DNB.OL,2009-11-12,64.14395141601562,64.38134765625,62.5296745300293,62.767066955566406,28.48118019104004,5722269
DNB,DNB.OL,2009-11-13,62.67211151123047,63.81160354614258,62.00740432739258,63.479251861572266,28.804338455200195,3607796
DNB,DNB.OL,2009-11-16,63.81160354614258,66.42294311523438,63.81160354614258,66.42294311523438,30.140071868896484,4955720
DNB,DNB.OL,2009-11-17,65.90067291259766,66.42294311523438,65.18849182128906,65.52084350585938,29.730730056762695,3256210
DNB,DNB.OL,2009-11-18,66.32798767089844,66.94520568847656,64.38134765625,64.90361785888672,29.450658798217773,5838840
DNB,DNB.OL,2009-11-19,64.00151824951172,64.76118469238281,61.81748962402344,62.14984130859375,28.201107025146484,5752565
DNB,DNB.OL,2009-11-20,62.5,64.80000305175781,62.400001525878906,63.400001525878906,28.768383026123047,7222080
DNB,DNB.OL,2009-11-23,64.4000015258789,66.30000305175781,64.4000015258789,65.5,29.72127342224121,4049299
DNB,DNB.OL,2009-11-24,64.9000015258789,65.94999694824219,64.75,65.25,29.60783576965332,3965558
DNB,DNB.OL,2009-11-25,65.30000305175781,65.8499984741211,64.0,65.05000305175781,29.5170841217041,3643381
DNB,DNB.OL,2009-11-26,64.25,64.5999984741211,61.5,61.70000076293945,27.996986389160156,10216413
DNB,DNB.OL,2009-11-27,60.150001525878906,65.05000305175781,59.45000076293945,65.05000305175781,29.5170841217041,8623464
DNB,DNB.OL,2009-11-30,65.44999694824219,65.5,62.79999923706055,63.79999923706055,28.94988250732422,8776727
DNB,DNB.OL,2009-12-01,64.3499984741211,65.0,63.599998474121094,65.0,29.4943904876709,11600618
DNB,DNB.OL,2009-12-02,64.5,64.75,62.70000076293945,63.29999923706055,28.723007202148438,9834665
DNB,DNB.OL,2009-12-03,63.599998474121094,63.900001525878906,62.5,62.599998474121094,28.405370712280273,9582474
DNB,DNB.OL,2009-12-04,62.650001525878906,64.44999694824219,62.099998474121094,64.44999694824219,29.24482536315918,11042297
DNB,DNB.OL,2009-12-07,64.25,65.9000015258789,63.70000076293945,65.0,29.4943904876709,7475955
DNB,DNB.OL,2009-12-08,64.5999984741211,65.44999694824219,63.650001525878906,64.80000305175781,29.40364646911621,2933054
DNB,DNB.OL,2009-12-09,64.5,65.3499984741211,64.0,64.75,29.38095474243164,4544333
DNB,DNB.OL,2009-12-10,64.69999694824219,65.75,63.900001525878906,65.75,29.8347110748291,5177892
DNB,DNB.OL,2009-12-11,65.94999694824219,66.6500015258789,65.05000305175781,65.19999694824219,29.585142135620117,4477422
DNB,DNB.OL,2009-12-14,65.80000305175781,66.0,64.55000305175781,65.0999984741211,29.539766311645508,2800256
DNB,DNB.OL,2009-12-15,64.9000015258789,65.5,63.599998474121094,64.0999984741211,29.086008071899414,4777628
DNB,DNB.OL,2009-12-16,64.19999694824219,65.4000015258789,64.0,65.4000015258789,29.6758975982666,4023651
DNB,DNB.OL,2009-12-17,65.1500015258789,65.8499984741211,64.5999984741211,65.8499984741211,29.880090713500977,5885781
DNB,DNB.OL,2009-12-18,65.30000305175781,65.5,62.75,63.150001525878906,28.654937744140625,7839030
DNB,DNB.OL,2009-12-21,63.599998474121094,64.0999984741211,62.400001525878906,64.0999984741211,29.086008071899414,3430328
DNB,DNB.OL,2009-12-22,64.5,64.9000015258789,63.70000076293945,64.5,29.267515182495117,3477378
DNB,DNB.OL,2009-12-23,64.25,64.75,63.400001525878906,64.25,29.15407371520996,2491099
DNB,DNB.OL,2009-12-28,64.1500015258789,64.19999694824219,63.650001525878906,64.19999694824219,29.13138198852539,1001418
DNB,DNB.OL,2009-12-29,64.19999694824219,64.5,63.75,64.0999984741211,29.086008071899414,1313564
DNB,DNB.OL,2009-12-30,63.599998474121094,64.0,62.75,62.75,28.473432540893555,2224166
DNB,DNB.OL,2010-01-04,63.20000076293945,64.3499984741211,63.0,64.3499984741211,29.19944953918457,3023832
DNB,DNB.OL,2010-01-05,64.3499984741211,64.9000015258789,63.5,63.5,28.813751220703125,5677384
DNB,DNB.OL,2010-01-06,63.70000076293945,64.0999984741211,62.900001525878906,63.54999923706055,28.836437225341797,2780148
DNB,DNB.OL,2010-01-07,63.349998474121094,64.0999984741211,63.04999923706055,63.70000076293945,28.90450668334961,6253350
DNB,DNB.OL,2010-01-08,64.19999694824219,67.0999984741211,64.0999984741211,66.4000015258789,30.129657745361328,10945466
DNB,DNB.OL,2010-01-11,67.1500015258789,68.75,67.05000305175781,67.8499984741211,30.787609100341797,10324825
DNB,DNB.OL,2010-01-12,67.8499984741211,69.0999984741211,66.69999694824219,67.0,30.401914596557617,6252675
DNB,DNB.OL,2010-01-13,66.6500015258789,68.4000015258789,66.5,68.25,30.969112396240234,8807456
DNB,DNB.OL,2010-01-14,69.0,70.75,69.0,70.44999694824219,31.967384338378906,12199237
DNB,DNB.OL,2010-01-15,70.55000305175781,71.69999694824219,69.30000305175781,69.5,31.53631591796875,7916975
DNB,DNB.OL,2010-01-18,69.5,69.75,68.6500015258789,68.94999694824219,31.2867431640625,3450802
DNB,DNB.OL,2010-01-19,68.75,69.75,67.25,69.0,31.309436798095703,5295530
DNB,DNB.OL,2010-01-20,68.5,70.69999694824219,67.75,68.25,30.969112396240234,10261432
DNB,DNB.OL,2010-01-21,69.0,69.0999984741211,66.8499984741211,67.44999694824219,30.606098175048828,7362531
DNB,DNB.OL,2010-01-22,67.19999694824219,67.9000015258789,64.8499984741211,65.5,29.72127342224121,7426689
DNB,DNB.OL,2010-01-25,64.9000015258789,66.80000305175781,64.6500015258789,66.0,29.948162078857422,4692915
DNB,DNB.OL,2010-01-26,64.80000305175781,65.80000305175781,63.400001525878906,64.05000305175781,29.063325881958008,6949166
DNB,DNB.OL,2010-01-27,63.650001525878906,63.900001525878906,62.349998474121094,63.099998474121094,28.63224983215332,6716517
DNB,DNB.OL,2010-01-28,64.30000305175781,65.9000015258789,63.79999923706055,64.94999694824219,29.471702575683594,10551640
DNB,DNB.OL,2010-01-29,65.5999984741211,67.69999694824219,65.30000305175781,67.6500015258789,30.696855545043945,7990614
DNB,DNB.OL,2010-02-01,67.55000305175781,69.3499984741211,67.5,68.44999694824219,31.059864044189453,6581950
DNB,DNB.OL,2010-02-02,68.94999694824219,69.0999984741211,66.94999694824219,67.55000305175781,30.651479721069336,5411588
DNB,DNB.OL,2010-02-03,68.25,68.4000015258789,66.55000305175781,67.05000305175781,30.42460060119629,5645271
DNB,DNB.OL,2010-02-04,67.3499984741211,68.25,63.54999923706055,63.54999923706055,28.836437225341797,8804281
DNB,DNB.OL,2010-02-05,63.400001525878906,64.69999694824219,62.650001525878906,63.79999923706055,28.94988250732422,7859173
DNB,DNB.OL,2010-02-08,64.19999694824219,65.0999984741211,59.349998474121094,61.70000076293945,27.996986389160156,14052167
DNB,DNB.OL,2010-02-09,61.70000076293945,63.900001525878906,61.25,62.75,28.473432540893555,9060382
DNB,DNB.OL,2010-02-10,63.099998474121094,63.95000076293945,61.5,62.79999923706055,28.49612045288086,8473321
DNB,DNB.OL,2010-02-11,63.349998474121094,64.19999694824219,61.45000076293945,62.75,28.473432540893555,7417141
DNB,DNB.OL,2010-02-12,62.900001525878906,63.79999923706055,60.849998474121094,61.79999923706055,28.0423641204834,8052507
DNB,DNB.OL,2010-02-15,62.29999923706055,63.099998474121094,61.20000076293945,62.900001525878906,28.5414981842041,5533125
DNB,DNB.OL,2010-02-16,63.70000076293945,64.8499984741211,63.0,64.5,29.267515182495117,4959365
DNB,DNB.OL,2010-02-17,64.9000015258789,65.80000305175781,64.4000015258789,64.75,29.38095474243164,6695902
DNB,DNB.OL,2010-02-18,64.25,65.44999694824219,63.900001525878906,65.44999694824219,29.698583602905273,4762199
DNB,DNB.OL,2010-02-19,64.5,66.3499984741211,64.25,65.8499984741211,29.880090713500977,7861913
DNB,DNB.OL,2010-02-22,66.0,67.44999694824219,65.5999984741211,66.75,30.288475036621094,3760043
DNB,DNB.OL,2010-02-23,67.19999694824219,67.44999694824219,64.3499984741211,64.5,29.267515182495117,3889419
DNB,DNB.OL,2010-02-24,64.6500015258789,65.1500015258789,63.54999923706055,64.55000305175781,29.29020118713379,2915609
DNB,DNB.OL,2010-02-25,64.0,65.0,63.599998474121094,63.70000076293945,28.90450668334961,3375236
DNB,DNB.OL,2010-02-26,64.75,64.9000015258789,63.5,64.19999694824219,29.13138198852539,4057899
DNB,DNB.OL,2010-03-01,65.4000015258789,67.5999984741211,64.8499984741211,67.3499984741211,30.56072998046875,5419959
DNB,DNB.OL,2010-03-02,67.0999984741211,67.8499984741211,66.30000305175781,67.1500015258789,30.4699764251709,4636355
DNB,DNB.OL,2010-03-03,67.19999694824219,68.0,66.8499984741211,67.80000305175781,30.764921188354492,2699022
DNB,DNB.OL,2010-03-04,67.1500015258789,69.19999694824219,67.0999984741211,68.05000305175781,30.87836456298828,5056516
DNB,DNB.OL,2010-03-05,68.69999694824219,69.75,68.0999984741211,69.5999984741211,31.581689834594727,3892015
DNB,DNB.OL,2010-03-08,70.0,70.25,69.30000305175781,69.5,31.53631591796875,2993142
DNB,DNB.OL,2010-03-09,69.69999694824219,70.0,68.1500015258789,69.25,31.422870635986328,3031372
DNB,DNB.OL,2010-03-10,69.0,69.5,68.6500015258789,69.44999694824219,31.51362419128418,3379894
DNB,DNB.OL,2010-03-11,68.5999984741211,68.94999694824219,67.3499984741211,67.5999984741211,30.674163818359375,6323715
DNB,DNB.OL,2010-03-12,67.94999694824219,69.1500015258789,67.80000305175781,68.0,30.855667114257812,4949487
DNB,DNB.OL,2010-03-15,68.0,68.4000015258789,67.30000305175781,67.6500015258789,30.696855545043945,2224211
DNB,DNB.OL,2010-03-16,68.0999984741211,68.4000015258789,67.75,68.30000305175781,30.991802215576172,1951533
DNB,DNB.OL,2010-03-17,68.9000015258789,69.6500015258789,68.44999694824219,68.5,31.082551956176758,5881072
DNB,DNB.OL,2010-03-18,68.4000015258789,69.4000015258789,67.3499984741211,67.5,30.628793716430664,5125075
DNB,DNB.OL,2010-03-19,67.5,67.9000015258789,65.5999984741211,65.5999984741211,29.76664924621582,7955344
DNB,DNB.OL,2010-03-22,65.80000305175781,66.80000305175781,64.44999694824219,66.5,30.17502784729004,4879828
DNB,DNB.OL,2010-03-23,66.3499984741211,67.5,66.3499984741211,67.5,30.628793716430664,3834136
DNB,DNB.OL,2010-03-24,67.5999984741211,67.75,66.1500015258789,67.1500015258789,30.4699764251709,2895845
DNB,DNB.OL,2010-03-25,67.0,68.4000015258789,66.69999694824219,68.19999694824219,30.946420669555664,3935031
DNB,DNB.OL,2010-03-26,67.25,68.1500015258789,66.6500015258789,67.6500015258789,30.696855545043945,5926465
DNB,DNB.OL,2010-03-29,68.0999984741211,68.19999694824219,67.30000305175781,67.80000305175781,30.764921188354492,1474293
DNB,DNB.OL,2010-03-30,67.9000015258789,68.0999984741211,66.44999694824219,66.5,30.17502784729004,2166392
DNB,DNB.OL,2010-03-31,66.19999694824219,67.9000015258789,65.69999694824219,67.9000015258789,30.81029510498047,2080334
DNB,DNB.OL,2010-04-06,68.8499984741211,69.30000305175781,66.4000015258789,68.30000305175781,30.991802215576172,6913189
DNB,DNB.OL,2010-04-07,68.5999984741211,68.6500015258789,68.19999694824219,68.6500015258789,31.150617599487305,2677397
DNB,DNB.OL,2010-04-08,68.1500015258789,68.44999694824219,67.4000015258789,67.8499984741211,30.787609100341797,3127054
DNB,DNB.OL,2010-04-09,68.19999694824219,68.9000015258789,68.0999984741211,68.80000305175781,31.218679428100586,4593483
DNB,DNB.OL,2010-04-12,69.0999984741211,69.25,68.4000015258789,69.0,31.309436798095703,4115020
DNB,DNB.OL,2010-04-13,68.5999984741211,68.94999694824219,68.30000305175781,68.3499984741211,31.01448631286621,2878998
DNB,DNB.OL,2010-04-14,68.4000015258789,69.44999694824219,68.0999984741211,69.1500015258789,31.377500534057617,4682358
DNB,DNB.OL,2010-04-15,68.94999694824219,69.5999984741211,68.0999984741211,69.44999694824219,31.51362419128418,6204522
DNB,DNB.OL,2010-04-16,69.30000305175781,69.5,67.8499984741211,68.05000305175781,30.87836456298828,4407103
DNB,DNB.OL,2010-04-19,67.19999694824219,67.75,66.0,67.0,30.401914596557617,4610320
DNB,DNB.OL,2010-04-20,67.19999694824219,67.5,66.55000305175781,67.44999694824219,30.606098175048828,4981739
DNB,DNB.OL,2010-04-21,67.75,67.9000015258789,66.8499984741211,67.30000305175781,30.538040161132812,3801244
DNB,DNB.OL,2010-04-22,67.0,67.94999694824219,67.0,67.30000305175781,30.538040161132812,5902156
DNB,DNB.OL,2010-04-23,67.30000305175781,69.0,67.1500015258789,68.3499984741211,31.01448631286621,4516344
DNB,DNB.OL,2010-04-26,68.6500015258789,69.80000305175781,68.5999984741211,69.1500015258789,31.377500534057617,3389529
DNB,DNB.OL,2010-04-27,69.5,70.44999694824219,67.80000305175781,68.0,30.855667114257812,7750266
DNB,DNB.OL,2010-04-28,66.5,67.30000305175781,66.0,66.19999694824219,30.832380294799805,9394819
DNB,DNB.OL,2010-04-29,67.4000015258789,69.75,67.1500015258789,69.19999694824219,32.2296257019043,10968635
DNB,DNB.OL,2010-04-30,69.19999694824219,70.9000015258789,69.19999694824219,70.44999694824219,32.81180191040039,7922540
DNB,DNB.OL,2010-05-03,70.5,71.0,69.94999694824219,70.94999694824219,33.044677734375,4461700
DNB,DNB.OL,2010-05-04,71.25,71.75,68.05000305175781,68.4000015258789,31.85702896118164,7279298
DNB,DNB.OL,2010-05-05,68.5,69.0,65.19999694824219,66.5999984741211,31.0186824798584,9395769
DNB,DNB.OL,2010-05-06,66.05000305175781,66.94999694824219,63.54999923706055,64.0,29.8077449798584,8474054
DNB,DNB.OL,2010-05-07,62.5,63.75,60.29999923706055,62.04999923706055,28.8995418548584,9119079
DNB,DNB.OL,2010-05-10,65.0,67.0,64.0,67.0,31.204984664916992,10922620
DNB,DNB.OL,2010-05-11,66.55000305175781,66.94999694824219,65.80000305175781,66.9000015258789,31.158409118652344,5181995
DNB,DNB.OL,2010-05-12,66.94999694824219,68.30000305175781,66.44999694824219,68.0,31.670730590820312,4451621
DNB,DNB.OL,2010-05-14,69.0,69.0,64.94999694824219,64.94999694824219,30.250205993652344,6319269
DNB,DNB.OL,2010-05-18,66.30000305175781,66.30000305175781,63.5,64.44999694824219,30.017332077026367,8007309
DNB,DNB.OL,2010-05-19,63.0,64.30000305175781,62.150001525878906,63.5,29.574874877929688,6655332
DNB,DNB.OL,2010-05-20,64.19999694824219,64.69999694824219,60.54999923706055,62.0,28.87625503540039,5823841
DNB,DNB.OL,2010-05-21,62.650001525878906,63.0,59.400001525878906,62.400001525878906,29.062545776367188,7052825
DNB,DNB.OL,2010-05-25,61.099998474121094,61.79999923706055,59.29999923706055,60.95000076293945,28.38722038269043,6160501
DNB,DNB.OL,2010-05-26,62.0,63.29999923706055,61.54999923706055,63.29999923706055,29.481721878051758,8748929
DNB,DNB.OL,2010-05-27,63.599998474121094,66.0,63.04999923706055,66.0,30.739240646362305,5175961
DNB,DNB.OL,2010-05-28,66.1500015258789,66.19999694824219,64.5,65.05000305175781,30.296781539916992,4461504
DNB,DNB.OL,2010-05-31,65.0,65.3499984741211,64.5,64.5,30.040620803833008,1871179
DNB,DNB.OL,2010-06-01,64.5999984741211,64.69999694824219,62.0,63.900001525878906,29.761171340942383,4881997
DNB,DNB.OL,2010-06-02,63.400001525878906,63.79999923706055,62.400001525878906,63.599998474121094,29.62144660949707,4025197
DNB,DNB.OL,2010-06-03,64.9000015258789,65.9000015258789,64.30000305175781,65.8499984741211,30.66938018798828,4060525
DNB,DNB.OL,2010-06-04,65.9000015258789,66.1500015258789,63.20000076293945,63.900001525878906,29.761171340942383,5123172
DNB,DNB.OL,2010-06-07,62.79999923706055,64.0999984741211,62.04999923706055,64.0,29.8077449798584,5657016
DNB,DNB.OL,2010-06-08,64.30000305175781,64.75,62.29999923706055,62.70000076293945,29.202272415161133,4902787
DNB,DNB.OL,2010-06-09,63.70000076293945,64.4000015258789,63.04999923706055,64.25,29.924182891845703,4122641
DNB,DNB.OL,2010-06-10,63.5,66.4000015258789,63.5,66.4000015258789,30.925537109375,4944263
DNB,DNB.OL,2010-06-11,66.94999694824219,67.1500015258789,64.75,65.69999694824219,30.59951400756836,3202096
DNB,DNB.OL,2010-06-14,66.1500015258789,67.94999694824219,65.9000015258789,67.94999694824219,31.64743995666504,2798769
DNB,DNB.OL,2010-06-15,67.69999694824219,68.19999694824219,67.0,67.9000015258789,31.624149322509766,3152310
DNB,DNB.OL,2010-06-16,67.94999694824219,68.0999984741211,66.55000305175781,67.6500015258789,31.507719039916992,3276756
DNB,DNB.OL,2010-06-17,67.6500015258789,68.9000015258789,67.1500015258789,68.9000015258789,32.089900970458984,4152246
DNB,DNB.OL,2010-06-18,69.0,69.5,68.3499984741211,69.5,32.369346618652344,3208141
DNB,DNB.OL,2010-06-21,70.0,70.5999984741211,69.5,70.5999984741211,32.88166427612305,3069754
DNB,DNB.OL,2010-06-22,69.8499984741211,70.25,68.5,68.6500015258789,31.97346305847168,3428052
DNB,DNB.OL,2010-06-23,68.05000305175781,69.1500015258789,67.5999984741211,67.5999984741211,31.484420776367188,2739626
DNB,DNB.OL,2010-06-24,68.30000305175781,68.44999694824219,67.3499984741211,67.75,31.554290771484375,5528170
DNB,DNB.OL,2010-06-25,68.0,68.0999984741211,64.9000015258789,65.05000305175781,30.296781539916992,4359761
DNB,DNB.OL,2010-06-28,65.5,66.55000305175781,64.80000305175781,66.55000305175781,30.995393753051758,3165663
DNB,DNB.OL,2010-06-29,66.25,66.25,63.099998474121094,63.099998474121094,29.388572692871094,4791142
DNB,DNB.OL,2010-06-30,63.599998474121094,64.75,62.099998474121094,63.150001525878906,29.4118595123291,5215694
DNB,DNB.OL,2010-07-01,62.29999923706055,64.69999694824219,62.150001525878906,62.79999923706055,29.248851776123047,4728714
DNB,DNB.OL,2010-07-02,63.95000076293945,64.44999694824219,63.25,63.95000076293945,29.784461975097656,3548900
DNB,DNB.OL,2010-07-05,64.55000305175781,64.55000305175781,63.400001525878906,63.79999923706055,29.714595794677734,2100922
DNB,DNB.OL,2010-07-06,64.55000305175781,66.5,64.0,65.69999694824219,30.59951400756836,4626110
DNB,DNB.OL,2010-07-07,65.4000015258789,68.9000015258789,65.1500015258789,68.9000015258789,32.089900970458984,5113180
DNB,DNB.OL,2010-07-08,69.0999984741211,70.4000015258789,68.1500015258789,68.75,32.020042419433594,7233556
DNB,DNB.OL,2010-07-09,69.1500015258789,70.1500015258789,68.30000305175781,68.75,32.020042419433594,6023295
DNB,DNB.OL,2010-07-12,68.94999694824219,73.0,68.44999694824219,72.69999694824219,33.85973358154297,8103873
DNB,DNB.OL,2010-07-13,73.19999694824219,75.44999694824219,72.1500015258789,73.80000305175781,34.372066497802734,8301469
DNB,DNB.OL,2010-07-14,73.9000015258789,74.5999984741211,72.5,74.5999984741211,34.74464797973633,5607353
DNB,DNB.OL,2010-07-15,74.5999984741211,74.80000305175781,71.5999984741211,71.94999694824219,33.51042556762695,5449473
DNB,DNB.OL,2010-07-16,71.8499984741211,72.25,70.0,70.25,32.718658447265625,4212679
DNB,DNB.OL,2010-07-19,70.4000015258789,73.5,70.0,72.30000305175781,33.67344284057617,4074736
DNB,DNB.OL,2010-07-20,72.4000015258789,73.0,70.75,71.5999984741211,33.347415924072266,2707887
DNB,DNB.OL,2010-07-21,72.55000305175781,73.5,71.80000305175781,72.30000305175781,33.67344284057617,4290363
DNB,DNB.OL,2010-07-22,72.3499984741211,76.0999984741211,71.75,75.55000305175781,35.18711471557617,4796322
DNB,DNB.OL,2010-07-23,75.05000305175781,76.19999694824219,74.0,75.05000305175781,34.95424270629883,2582343
DNB,DNB.OL,2010-07-26,75.80000305175781,76.19999694824219,74.3499984741211,75.6500015258789,35.23368453979492,3151872
DNB,DNB.OL,2010-07-27,75.9000015258789,76.80000305175781,74.75,75.5,35.163822174072266,5015238
DNB,DNB.OL,2010-07-28,75.69999694824219,76.5,75.44999694824219,75.5,35.163822174072266,4650713
DNB,DNB.OL,2010-07-29,75.55000305175781,77.55000305175781,75.55000305175781,77.0,35.86244201660156,3283308
DNB,DNB.OL,2010-07-30,76.9000015258789,76.94999694824219,74.94999694824219,75.44999694824219,35.14053726196289,3488833
DNB,DNB.OL,2010-08-02,76.44999694824219,78.5,76.25,78.44999694824219,36.53778076171875,3803266
DNB,DNB.OL,2010-08-03,77.80000305175781,78.19999694824219,76.94999694824219,77.19999694824219,35.95559310913086,4368351
DNB,DNB.OL,2010-08-04,77.19999694824219,77.9000015258789,76.4000015258789,77.80000305175781,36.23503875732422,3808470
DNB,DNB.OL,2010-08-05,78.3499984741211,79.4000015258789,77.55000305175781,77.69999694824219,36.18846130371094,3477912
DNB,DNB.OL,2010-08-06,77.0,79.19999694824219,77.0,78.0,36.32818603515625,3814766
DNB,DNB.OL,2010-08-09,78.19999694824219,79.0,75.8499984741211,76.4000015258789,35.5829963684082,3972448
DNB,DNB.OL,2010-08-10,75.69999694824219,76.4000015258789,73.8499984741211,74.5,34.698081970214844,4963376
DNB,DNB.OL,2010-08-11,73.69999694824219,74.0999984741211,72.05000305175781,72.05000305175781,33.557003021240234,3517950
DNB,DNB.OL,2010-08-12,71.44999694824219,73.3499984741211,71.30000305175781,71.80000305175781,33.44056701660156,4707948
DNB,DNB.OL,2010-08-13,72.5999984741211,73.25,71.30000305175781,72.19999694824219,33.626861572265625,2547086
DNB,DNB.OL,2010-08-16,72.5,72.80000305175781,71.9000015258789,72.44999694824219,33.7432975769043,2249382
DNB,DNB.OL,2010-08-17,72.80000305175781,74.80000305175781,72.44999694824219,74.80000305175781,34.837799072265625,2903602
DNB,DNB.OL,2010-08-18,74.44999694824219,74.75,73.5999984741211,74.4000015258789,34.65150451660156,2212726
DNB,DNB.OL,2010-08-19,74.80000305175781,75.25,72.5999984741211,72.5999984741211,33.81315994262695,3666672
DNB,DNB.OL,2010-08-20,72.25,72.94999694824219,70.25,71.5999984741211,33.347415924072266,3388073
DNB,DNB.OL,2010-08-23,71.5999984741211,72.3499984741211,71.05000305175781,71.94999694824219,33.51042556762695,2344477
DNB,DNB.OL,2010-08-24,71.6500015258789,72.4000015258789,69.55000305175781,69.75,32.485782623291016,4327518
DNB,DNB.OL,2010-08-25,70.30000305175781,70.30000305175781,67.75,68.3499984741211,31.833738327026367,5026707
DNB,DNB.OL,2010-08-26,68.94999694824219,69.69999694824219,68.4000015258789,68.75,32.020042419433594,4142585
DNB,DNB.OL,2010-08-27,68.4000015258789,69.9000015258789,68.30000305175781,69.44999694824219,32.3460578918457,1682414
DNB,DNB.OL,2010-08-30,70.0,70.3499984741211,69.3499984741211,69.9000015258789,32.55564498901367,2135826
DNB,DNB.OL,2010-08-31,69.4000015258789,69.75,67.8499984741211,69.6500015258789,32.439205169677734,4561560
DNB,DNB.OL,2010-09-01,70.3499984741211,74.05000305175781,69.69999694824219,73.9000015258789,34.41863250732422,6967958
DNB,DNB.OL,2010-09-02,74.0,74.0,72.80000305175781,73.5,34.23233413696289,3157602
DNB,DNB.OL,2010-09-03,74.0,75.0,72.19999694824219,73.8499984741211,34.395347595214844,5236876
DNB,DNB.OL,2010-09-06,74.3499984741211,75.75,74.30000305175781,75.5999984741211,35.21039581298828,3192390
DNB,DNB.OL,2010-09-07,75.0,75.25,73.9000015258789,74.30000305175781,34.60493087768555,3306044
DNB,DNB.OL,2010-09-08,73.3499984741211,75.05000305175781,72.5999984741211,74.94999694824219,34.907657623291016,3185153
DNB,DNB.OL,2010-09-09,74.4000015258789,76.69999694824219,74.30000305175781,76.1500015258789,35.466556549072266,3484853
DNB,DNB.OL,2010-09-10,75.8499984741211,76.4000015258789,74.80000305175781,75.5,35.163822174072266,2590532
DNB,DNB.OL,2010-09-13,76.94999694824219,78.5999984741211,76.69999694824219,78.4000015258789,36.514488220214844,4280100
DNB,DNB.OL,2010-09-14,78.75,78.75,76.25,77.6500015258789,36.1651725769043,3722493
DNB,DNB.OL,2010-09-15,77.44999694824219,77.80000305175781,76.55000305175781,77.44999694824219,36.072021484375,3053579
DNB,DNB.OL,2010-09-16,77.5,77.5,76.25,77.4000015258789,36.048736572265625,2204445
DNB,DNB.OL,2010-09-17,77.75,78.94999694824219,76.8499984741211,77.69999694824219,36.18846130371094,3716035
DNB,DNB.OL,2010-09-20,77.30000305175781,77.8499984741211,76.75,77.6500015258789,36.1651725769043,2382140
DNB,DNB.OL,2010-09-21,77.0999984741211,79.0,77.0999984741211,78.4000015258789,36.514488220214844,3431467
DNB,DNB.OL,2010-09-22,78.75,78.75,77.30000305175781,77.44999694824219,36.072021484375,2474968
DNB,DNB.OL,2010-09-23,78.0,78.3499984741211,76.5,77.5,36.09531784057617,3454208
DNB,DNB.OL,2010-09-24,77.80000305175781,79.25,76.75,78.80000305175781,36.70079803466797,4258211
DNB,DNB.OL,2010-09-27,78.80000305175781,80.5999984741211,78.80000305175781,80.25,37.37611770629883,4592874
DNB,DNB.OL,2010-09-28,79.69999694824219,80.9000015258789,79.25,80.5,37.4925537109375,5152841
DNB,DNB.OL,2010-09-29,80.55000305175781,81.75,79.3499984741211,79.94999694824219,37.23638916015625,6519802
DNB,DNB.OL,2010-09-30,79.5,81.3499984741211,79.3499984741211,80.05000305175781,37.2829704284668,4603588
DNB,DNB.OL,2010-10-01,80.05000305175781,81.0,78.5999984741211,78.80000305175781,36.70079803466797,3611626
DNB,DNB.OL,2010-10-04,78.69999694824219,79.8499984741211,78.5999984741211,78.8499984741211,36.72406768798828,3374565
DNB,DNB.OL,2010-10-05,78.5999984741211,80.0999984741211,78.25,79.94999694824219,37.23638916015625,3578161
DNB,DNB.OL,2010-10-06,80.6500015258789,80.75,79.0999984741211,80.19999694824219,37.35283660888672,3888358
DNB,DNB.OL,2010-10-07,79.6500015258789,80.25,79.19999694824219,80.0999984741211,37.30625534057617,2061714
DNB,DNB.OL,2010-10-08,79.69999694824219,80.0,78.19999694824219,79.25,36.91037368774414,3386048
DNB,DNB.OL,2010-10-11,80.0999984741211,80.6500015258789,78.0,79.1500015258789,36.863792419433594,2894547
DNB,DNB.OL,2010-10-12,78.19999694824219,78.75,77.8499984741211,78.55000305175781,36.584354400634766,2289039
DNB,DNB.OL,2010-10-13,78.5999984741211,80.55000305175781,78.5999984741211,80.1500015258789,37.32954025268555,4546025
DNB,DNB.OL,2010-10-14,80.1500015258789,81.94999694824219,79.44999694824219,81.55000305175781,37.98158645629883,5331941
DNB,DNB.OL,2010-10-15,81.6500015258789,82.30000305175781,80.19999694824219,80.44999694824219,37.469261169433594,3690599
DNB,DNB.OL,2010-10-18,79.9000015258789,80.9000015258789,79.5999984741211,80.5,37.4925537109375,2132964
DNB,DNB.OL,2010-10-19,80.94999694824219,81.6500015258789,80.30000305175781,80.9000015258789,37.678855895996094,3210799
DNB,DNB.OL,2010-10-20,80.3499984741211,81.1500015258789,79.75,80.44999694824219,37.469261169433594,2002860
DNB,DNB.OL,2010-10-21,80.80000305175781,83.4000015258789,80.80000305175781,82.9000015258789,38.610347747802734,4743808
DNB,DNB.OL,2010-10-22,82.75,83.3499984741211,82.3499984741211,83.1500015258789,38.726783752441406,1951396
DNB,DNB.OL,2010-10-25,83.5,83.5,82.05000305175781,82.80000305175781,38.563777923583984,2345098
DNB,DNB.OL,2010-10-26,82.75,82.8499984741211,82.0,82.8499984741211,38.587059020996094,2497452
DNB,DNB.OL,2010-10-27,82.5,84.80000305175781,81.80000305175781,83.0,38.65692138671875,4385080
DNB,DNB.OL,2010-10-28,83.80000305175781,83.80000305175781,80.75,81.75,38.07473373413086,6201637
DNB,DNB.OL,2010-10-29,81.75,81.94999694824219,79.3499984741211,80.4000015258789,37.44597244262695,6595037
DNB,DNB.OL,2010-11-01,81.5,82.1500015258789,80.55000305175781,80.9000015258789,37.678855895996094,3671220
DNB,DNB.OL,2010-11-02,80.9000015258789,81.69999694824219,80.55000305175781,81.30000305175781,37.865150451660156,3557479
DNB,DNB.OL,2010-11-03,81.8499984741211,81.8499984741211,79.05000305175781,79.19999694824219,36.887081146240234,5276176
DNB,DNB.OL,2010-11-04,80.5,81.55000305175781,80.19999694824219,81.55000305175781,37.98158645629883,4242161
DNB,DNB.OL,2010-11-05,82.0,82.25,79.75,79.75,37.14324951171875,4078282
DNB,DNB.OL,2010-11-08,79.8499984741211,80.55000305175781,79.4000015258789,79.5,37.02680587768555,2237724
DNB,DNB.OL,2010-11-09,79.30000305175781,80.1500015258789,79.0,79.1500015258789,36.863792419433594,3194166
DNB,DNB.OL,2010-11-10,79.0,79.5999984741211,77.9000015258789,78.3499984741211,36.4911994934082,3005208
DNB,DNB.OL,2010-11-11,78.5,79.0999984741211,77.8499984741211,78.4000015258789,36.514488220214844,3495073
DNB,DNB.OL,2010-11-12,77.0,80.30000305175781,76.19999694824219,79.5999984741211,37.07338333129883,6079974
DNB,DNB.OL,2010-11-15,79.94999694824219,80.25,79.44999694824219,79.75,37.14324951171875,3255566
DNB,DNB.OL,2010-11-16,79.5999984741211,79.69999694824219,77.30000305175781,77.4000015258789,36.048736572265625,3095996
DNB,DNB.OL,2010-11-17,77.05000305175781,78.8499984741211,76.69999694824219,78.69999694824219,36.65421676635742,2693080
DNB,DNB.OL,2010-11-18,79.30000305175781,79.8499984741211,79.0,79.55000305175781,37.05009460449219,2384119
DNB,DNB.OL,2010-11-19,80.0,80.0,78.44999694824219,79.69999694824219,37.119956970214844,2095026
DNB,DNB.OL,2010-11-22,80.0999984741211,80.30000305175781,78.05000305175781,78.5,36.56106185913086,2765544
DNB,DNB.OL,2010-11-23,77.9000015258789,78.0,76.3499984741211,77.0,35.86244201660156,3467242
DNB,DNB.OL,2010-11-24,77.3499984741211,78.05000305175781,76.44999694824219,78.0,36.32818603515625,4260290
DNB,DNB.OL,2010-11-25,77.75,78.25,76.80000305175781,77.5,36.09531784057617,1907787
DNB,DNB.OL,2010-11-26,77.1500015258789,77.1500015258789,75.69999694824219,76.05000305175781,35.41998291015625,2568362
DNB,DNB.OL,2010-11-29,76.80000305175781,77.94999694824219,75.6500015258789,76.3499984741211,35.55970764160156,3421796
DNB,DNB.OL,2010-11-30,76.0,76.9000015258789,75.1500015258789,76.0,35.396697998046875,3737986
DNB,DNB.OL,2010-12-01,76.5,78.9000015258789,76.19999694824219,78.9000015258789,36.74736022949219,4145175
DNB,DNB.OL,2010-12-02,79.5,81.19999694824219,78.5,81.19999694824219,37.81857681274414,5797397
DNB,DNB.OL,2010-12-03,80.94999694824219,81.0,79.0,80.44999694824219,37.469261169433594,2934161
DNB,DNB.OL,2010-12-06,79.80000305175781,80.55000305175781,79.0,80.3499984741211,37.42268371582031,2713770
DNB,DNB.OL,2010-12-07,79.8499984741211,80.75,77.05000305175781,78.44999694824219,36.53778076171875,9550472
DNB,DNB.OL,2010-12-08,78.4000015258789,79.0999984741211,77.75,78.69999694824219,36.65421676635742,4760501
DNB,DNB.OL,2010-12-09,79.25,79.44999694824219,77.55000305175781,78.0999984741211,36.37477111816406,5057055
DNB,DNB.OL,2010-12-10,78.8499984741211,78.8499984741211,77.5999984741211,77.5999984741211,36.14189529418945,4237818
DNB,DNB.OL,2010-12-13,78.19999694824219,78.4000015258789,77.6500015258789,77.75,36.211753845214844,2556779
DNB,DNB.OL,2010-12-14,77.55000305175781,78.69999694824219,77.5,78.5,36.56106185913086,2498772
DNB,DNB.OL,2010-12-15,79.4000015258789,79.4000015258789,78.0,78.9000015258789,36.74736022949219,2706785
DNB,DNB.OL,2010-12-16,79.30000305175781,80.0,78.6500015258789,79.30000305175781,36.933658599853516,3366920
DNB,DNB.OL,2010-12-17,79.30000305175781,80.4000015258789,79.05000305175781,80.4000015258789,37.44597244262695,2871445
DNB,DNB.OL,2010-12-20,80.05000305175781,81.25,79.6500015258789,80.19999694824219,37.35283660888672,2911184
DNB,DNB.OL,2010-12-21,80.9000015258789,81.80000305175781,80.55000305175781,81.80000305175781,38.0980339050293,3395512
DNB,DNB.OL,2010-12-22,81.75,82.4000015258789,81.1500015258789,81.9000015258789,38.14460754394531,2384664
DNB,DNB.OL,2010-12-23,82.4000015258789,82.5999984741211,82.0,82.30000305175781,38.330902099609375,1277655
DNB,DNB.OL,2010-12-27,82.3499984741211,82.3499984741211,81.69999694824219,82.05000305175781,38.21445846557617,499893
DNB,DNB.OL,2010-12-28,82.30000305175781,82.80000305175781,81.8499984741211,82.5999984741211,38.470619201660156,591471
DNB,DNB.OL,2010-12-29,82.55000305175781,82.8499984741211,81.80000305175781,81.8499984741211,38.12131118774414,726015
DNB,DNB.OL,2010-12-30,81.75,82.19999694824219,81.6500015258789,81.9000015258789,38.14460754394531,1167717
DNB,DNB.OL,2011-01-03,82.05000305175781,82.9000015258789,81.94999694824219,82.30000305175781,38.330902099609375,1503146
DNB,DNB.OL,2011-01-04,82.55000305175781,83.4000015258789,82.30000305175781,82.3499984741211,38.35417938232422,3900612
DNB,DNB.OL,2011-01-05,82.19999694824219,82.80000305175781,81.80000305175781,82.30000305175781,38.330902099609375,4082265
DNB,DNB.OL,2011-01-06,82.69999694824219,82.8499984741211,82.0999984741211,82.1500015258789,38.26103973388672,2299517
DNB,DNB.OL,2011-01-07,81.94999694824219,82.0999984741211,80.80000305175781,80.9000015258789,37.678855895996094,3527798
DNB,DNB.OL,2011-01-10,81.05000305175781,81.25,79.75,80.5,37.4925537109375,3022576
DNB,DNB.OL,2011-01-11,81.0999984741211,82.25,80.5,82.25,38.30760955810547,2406658
DNB,DNB.OL,2011-01-12,82.4000015258789,83.19999694824219,81.80000305175781,82.80000305175781,38.563777923583984,3335372
DNB,DNB.OL,2011-01-13,82.5,82.9000015258789,79.8499984741211,81.30000305175781,37.865150451660156,9885396
DNB,DNB.OL,2011-01-14,81.19999694824219,81.19999694824219,79.80000305175781,80.6500015258789,37.562416076660156,6818545
DNB,DNB.OL,2011-01-17,80.94999694824219,81.3499984741211,80.3499984741211,80.6500015258789,37.562416076660156,2554564
DNB,DNB.OL,2011-01-18,81.44999694824219,82.80000305175781,81.19999694824219,82.80000305175781,38.563777923583984,4235266
DNB,DNB.OL,2011-01-19,82.19999694824219,82.44999694824219,80.0999984741211,80.25,37.37611770629883,4430750
DNB,DNB.OL,2011-01-20,80.0999984741211,80.94999694824219,78.75,78.80000305175781,36.70079803466797,5098215
DNB,DNB.OL,2011-01-21,79.05000305175781,80.30000305175781,78.55000305175781,79.1500015258789,36.863792419433594,3645129
DNB,DNB.OL,2011-01-24,79.5999984741211,80.55000305175781,79.4000015258789,80.1500015258789,37.32954025268555,4315322
DNB,DNB.OL,2011-01-25,80.75,80.75,76.55000305175781,77.19999694824219,35.95559310913086,11630207
DNB,DNB.OL,2011-01-26,77.5,77.80000305175781,76.3499984741211,77.0,35.86244201660156,9976232
DNB,DNB.OL,2011-01-27,77.4000015258789,78.9000015258789,76.25,78.4000015258789,36.514488220214844,11959436
DNB,DNB.OL,2011-01-28,78.0,78.94999694824219,77.69999694824219,77.75,36.211753845214844,6018041
DNB,DNB.OL,2011-01-31,77.6500015258789,79.9000015258789,77.44999694824219,79.5,37.02680587768555,6018203
DNB,DNB.OL,2011-02-01,79.75,81.0999984741211,79.05000305175781,80.80000305175781,37.63228225708008,5768433
DNB,DNB.OL,2011-02-02,81.4000015258789,81.94999694824219,80.19999694824219,81.80000305175781,38.0980339050293,7125370
DNB,DNB.OL,2011-02-03,81.9000015258789,82.19999694824219,80.69999694824219,81.4000015258789,37.91172790527344,3599776
DNB,DNB.OL,2011-02-04,81.4000015258789,81.80000305175781,79.6500015258789,80.0,37.259681701660156,4800503
DNB,DNB.OL,2011-02-07,80.19999694824219,81.0999984741211,80.1500015258789,80.94999694824219,37.7021369934082,2307366
DNB,DNB.OL,2011-02-08,81.1500015258789,81.5999984741211,80.4000015258789,80.69999694824219,37.58570098876953,3607029
DNB,DNB.OL,2011-02-09,80.5,81.0,79.55000305175781,80.0,37.259681701660156,4952458
DNB,DNB.OL,2011-02-10,81.80000305175781,82.5,81.3499984741211,81.9000015258789,38.14460754394531,14561734
DNB,DNB.OL,2011-02-11,82.5,85.6500015258789,81.80000305175781,85.30000305175781,39.72813415527344,9286203
DNB,DNB.OL,2011-02-14,85.8499984741211,87.5,85.4000015258789,85.9000015258789,40.00758743286133,8029522
DNB,DNB.OL,2011-02-15,86.30000305175781,86.8499984741211,84.5,85.0,39.58841323852539,3427505
DNB,DNB.OL,2011-02-16,85.25,86.94999694824219,84.55000305175781,86.94999694824219,40.49660873413086,4413799
DNB,DNB.OL,2011-02-17,87.0,87.19999694824219,84.6500015258789,85.0,39.58841323852539,5385944
DNB,DNB.OL,2011-02-18,85.4000015258789,85.4000015258789,84.0999984741211,85.0999984741211,39.63499450683594,1966765
DNB,DNB.OL,2011-02-21,85.0,85.0,83.5,83.75,39.0062255859375,2709503
DNB,DNB.OL,2011-02-22,83.0,83.9000015258789,82.25,83.55000305175781,38.91307830810547,3626888
DNB,DNB.OL,2011-02-23,83.55000305175781,84.1500015258789,83.05000305175781,83.19999694824219,38.75007247924805,3477067
DNB,DNB.OL,2011-02-24,83.0,84.80000305175781,82.5,84.80000305175781,39.49526596069336,2621322
DNB,DNB.OL,2011-02-25,85.4000015258789,85.80000305175781,84.5,85.75,39.93772506713867,2960688
DNB,DNB.OL,2011-02-28,85.5999984741211,86.5999984741211,85.05000305175781,86.5999984741211,40.33360290527344,3801444
DNB,DNB.OL,2011-03-01,86.80000305175781,86.8499984741211,85.5,86.0,40.05415344238281,4410800
DNB,DNB.OL,2011-03-02,85.5,86.30000305175781,85.5,86.0,40.05415344238281,3754280
DNB,DNB.OL,2011-03-03,86.19999694824219,87.75,86.05000305175781,86.44999694824219,40.26374435424805,3284364
DNB,DNB.OL,2011-03-04,87.05000305175781,87.75,86.25,87.0,40.51990509033203,2842346
DNB,DNB.OL,2011-03-07,87.05000305175781,88.94999694824219,86.44999694824219,87.5999984741211,40.79935073852539,4503763
DNB,DNB.OL,2011-03-08,87.75,88.44999694824219,86.8499984741211,88.30000305175781,41.125370025634766,3154113
DNB,DNB.OL,2011-03-09,88.75,88.8499984741211,86.8499984741211,87.19999694824219,40.61305236816406,3749370
DNB,DNB.OL,2011-03-10,87.0,87.0999984741211,85.5999984741211,86.0,40.05415344238281,3409323
DNB,DNB.OL,2011-03-11,85.1500015258789,86.30000305175781,84.94999694824219,86.0,40.05415344238281,3412158
DNB,DNB.OL,2011-03-14,85.80000305175781,86.3499984741211,84.0,84.05000305175781,39.145957946777344,3198790
DNB,DNB.OL,2011-03-15,82.5,82.94999694824219,80.44999694824219,82.8499984741211,38.587059020996094,6742894
DNB,DNB.OL,2011-03-16,83.5,83.94999694824219,81.6500015258789,81.9000015258789,38.14460754394531,4878773
DNB,DNB.OL,2011-03-17,82.80000305175781,84.94999694824219,82.0,84.5,39.35553741455078,4486230
DNB,DNB.OL,2011-03-18,85.4000015258789,85.44999694824219,83.05000305175781,84.25,39.239105224609375,4414454
DNB,DNB.OL,2011-03-21,84.75,85.80000305175781,84.4000015258789,85.4000015258789,39.774715423583984,1856837
DNB,DNB.OL,2011-03-22,85.25,85.80000305175781,83.5999984741211,84.19999694824219,39.21581268310547,4410798
DNB,DNB.OL,2011-03-23,84.0,84.55000305175781,83.25,84.55000305175781,39.37882995605469,2858118
DNB,DNB.OL,2011-03-24,83.80000305175781,85.19999694824219,83.80000305175781,84.94999694824219,39.56512451171875,2456524
DNB,DNB.OL,2011-03-25,85.69999694824219,85.69999694824219,84.55000305175781,85.0,39.58841323852539,2221812
DNB,DNB.OL,2011-03-28,84.5,86.30000305175781,84.25,86.1500015258789,40.1240234375,2275608
DNB,DNB.OL,2011-03-29,86.5,86.5,84.69999694824219,85.75,39.93772506713867,2800181
DNB,DNB.OL,2011-03-30,85.9000015258789,86.4000015258789,85.1500015258789,85.30000305175781,39.72813415527344,2688614
DNB,DNB.OL,2011-03-31,84.9000015258789,85.94999694824219,84.5,84.8499984741211,39.51854705810547,4622847
DNB,DNB.OL,2011-04-01,85.0,86.1500015258789,84.80000305175781,85.69999694824219,39.914432525634766,3946805
DNB,DNB.OL,2011-04-04,85.5,86.30000305175781,85.44999694824219,86.0,40.05415344238281,2829183
DNB,DNB.OL,2011-04-05,86.19999694824219,86.19999694824219,85.19999694824219,85.80000305175781,39.96100997924805,2085699
DNB,DNB.OL,2011-04-06,85.69999694824219,86.5,85.3499984741211,86.4000015258789,40.24045181274414,3741278
DNB,DNB.OL,2011-04-07,86.0,87.5,86.0,86.3499984741211,40.2171630859375,3807294
DNB,DNB.OL,2011-04-08,86.5999984741211,87.69999694824219,86.55000305175781,87.4000015258789,40.70619583129883,2888570
DNB,DNB.OL,2011-04-11,86.80000305175781,88.1500015258789,86.75,88.1500015258789,41.055511474609375,2761487
DNB,DNB.OL,2011-04-12,87.69999694824219,88.0999984741211,87.25,87.6500015258789,40.8226432800293,4094821
DNB,DNB.OL,2011-04-13,88.19999694824219,90.25,87.25,89.3499984741211,41.614402770996094,5695974
DNB,DNB.OL,2011-04-14,89.5,89.5,86.5999984741211,87.55000305175781,40.77606201171875,3705761
DNB,DNB.OL,2011-04-15,87.44999694824219,87.80000305175781,86.1500015258789,87.19999694824219,40.61305236816406,3136395
DNB,DNB.OL,2011-04-18,87.30000305175781,87.5,85.6500015258789,86.0,40.05415344238281,2490376
DNB,DNB.OL,2011-04-19,85.8499984741211,88.1500015258789,85.8499984741211,87.9000015258789,40.93907165527344,1861654
DNB,DNB.OL,2011-04-20,88.9000015258789,90.0,88.55000305175781,90.0,41.917144775390625,1825353
DNB,DNB.OL,2011-04-26,89.80000305175781,90.6500015258789,89.0999984741211,90.6500015258789,42.219879150390625,4767944
DNB,DNB.OL,2011-04-27,90.0,90.5,87.69999694824219,88.69999694824219,41.31166458129883,6935190
DNB,DNB.OL,2011-04-28,89.05000305175781,89.8499984741211,87.8499984741211,88.8499984741211,41.38153076171875,5013034
DNB,DNB.OL,2011-04-29,84.8499984741211,85.30000305175781,83.8499984741211,85.30000305175781,41.60100173950195,3655669
DNB,DNB.OL,2011-05-02,85.55000305175781,86.4000015258789,85.3499984741211,86.1500015258789,42.01555633544922,2009271
DNB,DNB.OL,2011-05-03,86.25,86.3499984741211,84.80000305175781,85.5,41.69854736328125,3028981
DNB,DNB.OL,2011-05-04,86.0,87.5,85.0999984741211,85.3499984741211,41.62538528442383,5568851
DNB,DNB.OL,2011-05-05,85.4000015258789,85.9000015258789,84.0,84.44999694824219,41.18644332885742,3756656
DNB,DNB.OL,2011-05-06,81.0999984741211,81.0999984741211,78.69999694824219,80.0,39.016178131103516,17118193
DNB,DNB.OL,2011-05-09,80.05000305175781,81.4000015258789,79.6500015258789,80.80000305175781,39.40634536743164,8063462
DNB,DNB.OL,2011-05-10,81.0,81.6500015258789,79.25,80.0,39.016178131103516,6621212
DNB,DNB.OL,2011-05-11,80.30000305175781,81.19999694824219,79.69999694824219,80.80000305175781,39.40634536743164,4601385
DNB,DNB.OL,2011-05-12,79.6500015258789,80.80000305175781,79.6500015258789,80.75,39.381954193115234,3068276
DNB,DNB.OL,2011-05-13,80.5,81.0999984741211,79.80000305175781,80.0,39.016178131103516,4108901
DNB,DNB.OL,2011-05-16,79.9000015258789,80.05000305175781,78.8499984741211,80.05000305175781,39.04056167602539,4129537
DNB,DNB.OL,2011-05-18,79.5,80.55000305175781,79.5,79.69999694824219,38.869869232177734,3559597
DNB,DNB.OL,2011-05-19,79.80000305175781,81.1500015258789,79.80000305175781,81.05000305175781,39.52826690673828,4186563
DNB,DNB.OL,2011-05-20,80.80000305175781,81.44999694824219,80.1500015258789,80.1500015258789,39.08933639526367,2932170
DNB,DNB.OL,2011-05-23,79.5,79.55000305175781,78.0,78.5,38.28462219238281,2858051
DNB,DNB.OL,2011-05-24,78.9000015258789,80.6500015258789,78.69999694824219,79.75,38.894256591796875,4184161
DNB,DNB.OL,2011-05-25,79.19999694824219,80.80000305175781,79.19999694824219,80.80000305175781,39.40634536743164,2997898
DNB,DNB.OL,2011-05-26,81.19999694824219,82.69999694824219,80.0999984741211,80.3499984741211,39.18687057495117,4736849
DNB,DNB.OL,2011-05-27,80.94999694824219,81.6500015258789,80.1500015258789,80.4000015258789,39.21125411987305,3109399
DNB,DNB.OL,2011-05-30,80.0,80.6500015258789,80.0,80.5,39.26002502441406,1021137
DNB,DNB.OL,2011-05-31,80.75,82.0,80.5999984741211,81.1500015258789,39.577030181884766,3930353
DNB,DNB.OL,2011-06-01,81.8499984741211,83.0999984741211,80.80000305175781,82.75,40.35736083984375,6954877
DNB,DNB.OL,2011-06-03,82.19999694824219,82.69999694824219,81.44999694824219,82.0,39.99158477783203,3654530
DNB,DNB.OL,2011-06-06,81.4000015258789,81.44999694824219,79.5999984741211,80.0999984741211,39.064945220947266,3634520
DNB,DNB.OL,2011-06-07,80.0,80.9000015258789,79.75,79.80000305175781,38.91864013671875,2682546
DNB,DNB.OL,2011-06-08,79.5,80.55000305175781,78.8499984741211,78.8499984741211,38.455318450927734,5291915
DNB,DNB.OL,2011-06-09,78.8499984741211,79.4000015258789,78.30000305175781,79.19999694824219,38.626014709472656,3891314
DNB,DNB.OL,2011-06-10,79.05000305175781,79.94999694824219,77.55000305175781,77.94999694824219,38.016387939453125,3090774
DNB,DNB.OL,2011-06-14,78.5,79.80000305175781,78.44999694824219,79.69999694824219,38.869869232177734,3810598
DNB,DNB.OL,2011-06-15,79.94999694824219,79.94999694824219,76.0,76.05000305175781,37.089759826660156,7926790
DNB,DNB.OL,2011-06-16,75.25,76.4000015258789,73.25,74.0,36.089969635009766,9405330
DNB,DNB.OL,2011-06-17,74.0999984741211,76.9000015258789,73.25,76.5,37.309226989746094,5859851
DNB,DNB.OL,2011-06-20,75.5,76.30000305175781,75.0,76.0999984741211,37.1141357421875,4177679
DNB,DNB.OL,2011-06-21,76.30000305175781,77.30000305175781,75.69999694824219,77.30000305175781,37.699378967285156,2946439
DNB,DNB.OL,2011-06-22,77.4000015258789,77.44999694824219,75.1500015258789,75.1500015258789,36.65081787109375,4035700
DNB,DNB.OL,2011-06-23,74.69999694824219,74.94999694824219,73.25,73.55000305175781,35.87049865722656,4698404
DNB,DNB.OL,2011-06-24,74.4000015258789,74.5999984741211,71.5999984741211,71.69999694824219,34.9682502746582,5819215
DNB,DNB.OL,2011-06-27,71.0,72.44999694824219,71.0,72.0,35.11456298828125,2575102
DNB,DNB.OL,2011-06-28,72.0999984741211,72.69999694824219,71.55000305175781,72.55000305175781,35.38279724121094,4170923
DNB,DNB.OL,2011-06-29,73.05000305175781,74.5,73.05000305175781,74.0,36.089969635009766,4447109
DNB,DNB.OL,2011-06-30,74.30000305175781,75.25,73.6500015258789,75.19999694824219,36.67520523071289,4581565
DNB,DNB.OL,2011-07-01,75.44999694824219,78.6500015258789,75.0999984741211,77.75,37.918846130371094,5173248
DNB,DNB.OL,2011-07-04,78.30000305175781,78.30000305175781,76.3499984741211,77.44999694824219,37.77252960205078,1996564
DNB,DNB.OL,2011-07-05,77.1500015258789,78.0999984741211,76.75,78.0999984741211,38.08954620361328,3375370
DNB,DNB.OL,2011-07-06,78.0999984741211,78.44999694824219,76.8499984741211,77.19999694824219,37.650611877441406,4836051
DNB,DNB.OL,2011-07-07,77.1500015258789,78.9000015258789,76.55000305175781,77.55000305175781,37.82131576538086,3360552
DNB,DNB.OL,2011-07-08,77.9000015258789,78.9000015258789,76.6500015258789,76.6500015258789,37.38237762451172,3822310
DNB,DNB.OL,2011-07-11,76.5999984741211,76.9000015258789,74.6500015258789,75.80000305175781,36.967830657958984,4031103
DNB,DNB.OL,2011-07-12,74.4000015258789,76.30000305175781,73.5999984741211,75.80000305175781,36.967830657958984,4823525
DNB,DNB.OL,2011-07-13,75.8499984741211,79.19999694824219,75.75,78.8499984741211,38.455318450927734,5862819
DNB,DNB.OL,2011-07-14,78.0999984741211,80.25,78.05000305175781,78.1500015258789,38.11393356323242,5528453
DNB,DNB.OL,2011-07-15,77.9000015258789,78.3499984741211,77.3499984741211,78.0,38.040775299072266,2226419
DNB,DNB.OL,2011-07-18,77.9000015258789,78.0,76.19999694824219,76.19999694824219,37.162906646728516,2092916
DNB,DNB.OL,2011-07-19,76.19999694824219,78.0,75.9000015258789,78.0,38.040775299072266,3336724
DNB,DNB.OL,2011-07-20,78.94999694824219,80.55000305175781,78.5,80.44999694824219,39.235633850097656,4235835
DNB,DNB.OL,2011-07-21,80.44999694824219,81.4000015258789,79.1500015258789,80.30000305175781,39.1624870300293,4612855
DNB,DNB.OL,2011-07-22,81.0,81.4000015258789,80.0999984741211,80.55000305175781,39.28441619873047,4506824
DNB,DNB.OL,2011-07-25,79.3499984741211,80.80000305175781,79.25,79.80000305175781,38.91864013671875,3064195
DNB,DNB.OL,2011-07-26,80.25,80.69999694824219,78.8499984741211,80.0999984741211,39.064945220947266,2747905
DNB,DNB.OL,2011-07-27,79.0999984741211,80.0,78.1500015258789,78.5999984741211,38.333396911621094,2693590
DNB,DNB.OL,2011-07-28,78.19999694824219,79.8499984741211,77.9000015258789,79.6500015258789,38.845481872558594,2376152
DNB,DNB.OL,2011-07-29,79.05000305175781,79.25,77.5,78.5999984741211,38.333396911621094,3020256
DNB,DNB.OL,2011-08-01,79.30000305175781,79.9000015258789,76.5,76.5,37.309226989746094,2823504
DNB,DNB.OL,2011-08-02,76.19999694824219,76.80000305175781,74.25,74.44999694824219,36.30943298339844,3335885
DNB,DNB.OL,2011-08-03,73.8499984741211,75.25,72.25,72.6500015258789,35.43157196044922,4771812
DNB,DNB.OL,2011-08-04,73.9000015258789,74.0999984741211,69.75,69.75,34.01722717285156,4722965
DNB,DNB.OL,2011-08-05,68.0,71.55000305175781,67.6500015258789,69.69999694824219,33.99284362792969,6824399
DNB,DNB.OL,2011-08-08,68.30000305175781,71.0,64.4000015258789,65.5,31.944496154785156,6740986
DNB,DNB.OL,2011-08-09,64.8499984741211,66.5999984741211,62.0,64.6500015258789,31.529945373535156,10640593
DNB,DNB.OL,2011-08-10,66.0,66.9000015258789,61.45000076293945,62.75,30.603313446044922,9298366
DNB,DNB.OL,2011-08-11,63.5,64.0,58.70000076293945,63.20000076293945,30.82278060913086,10933667
DNB,DNB.OL,2011-08-12,64.80000305175781,65.5999984741211,61.900001525878906,65.5999984741211,31.993263244628906,7377491
DNB,DNB.OL,2011-08-15,65.9000015258789,67.6500015258789,65.75,65.94999694824219,32.16395950317383,7158498
DNB,DNB.OL,2011-08-16,66.0,66.0,64.3499984741211,65.75,32.0664176940918,4118530
DNB,DNB.OL,2011-08-17,65.0999984741211,67.0999984741211,65.0,65.8499984741211,32.11519241333008,3883591
DNB,DNB.OL,2011-08-18,65.25,65.30000305175781,60.900001525878906,61.79999923706055,30.14000129699707,7475344
DNB,DNB.OL,2011-08-19,61.849998474121094,61.900001525878906,58.0,60.45000076293945,29.481599807739258,7777265
DNB,DNB.OL,2011-08-22,59.900001525878906,61.650001525878906,58.5,60.20000076293945,29.359668731689453,3911684
DNB,DNB.OL,2011-08-23,61.099998474121094,61.45000076293945,58.95000076293945,59.04999923706055,28.798812866210938,5512512
DNB,DNB.OL,2011-08-24,59.70000076293945,62.150001525878906,59.29999923706055,61.599998474121094,30.042451858520508,4299988
DNB,DNB.OL,2011-08-25,62.95000076293945,64.5,62.20000076293945,62.20000076293945,30.33507537841797,6384462
DNB,DNB.OL,2011-08-26,62.0,62.54999923706055,60.099998474121094,62.0,30.237537384033203,4948503
DNB,DNB.OL,2011-08-29,63.54999923706055,63.849998474121094,62.29999923706055,63.0,30.72524070739746,2557873
DNB,DNB.OL,2011-08-30,63.849998474121094,64.30000305175781,62.349998474121094,63.45000076293945,30.944700241088867,3385195
DNB,DNB.OL,2011-08-31,64.0,65.05000305175781,63.5,64.75,31.578720092773438,4231900
DNB,DNB.OL,2011-09-01,64.94999694824219,66.44999694824219,63.400001525878906,65.69999694824219,32.04203796386719,4906713
DNB,DNB.OL,2011-09-02,64.9000015258789,65.0,62.70000076293945,63.400001525878906,30.92032241821289,3712994
DNB,DNB.OL,2011-09-05,62.5,62.54999923706055,59.75,60.20000076293945,29.359668731689453,4735919
DNB,DNB.OL,2011-09-06,60.0,60.650001525878906,58.25,58.849998474121094,28.701278686523438,7462020
DNB,DNB.OL,2011-09-07,60.0,62.650001525878906,59.20000076293945,62.650001525878906,30.554542541503906,5864456
DNB,DNB.OL,2011-09-08,62.79999923706055,63.099998474121094,61.400001525878906,62.150001525878906,30.310699462890625,4451216
DNB,DNB.OL,2011-09-09,61.70000076293945,62.20000076293945,59.849998474121094,59.849998474121094,29.18897819519043,4098508
DNB,DNB.OL,2011-09-12,57.650001525878906,58.5,56.20000076293945,56.349998474121094,27.482019424438477,6937865
DNB,DNB.OL,2011-09-13,57.400001525878906,57.75,53.54999923706055,54.5,26.579771041870117,15583912
DNB,DNB.OL,2011-09-14,53.5,55.70000076293945,53.25,55.5,27.067474365234375,10768067
DNB,DNB.OL,2011-09-15,56.0,58.70000076293945,55.70000076293945,58.04999923706055,28.311113357543945,10948245
DNB,DNB.OL,2011-09-16,59.5,61.900001525878906,58.150001525878906,61.0,29.74983787536621,12160340
DNB,DNB.OL,2011-09-19,59.349998474121094,59.900001525878906,57.29999923706055,57.400001525878906,27.994110107421875,9186856
DNB,DNB.OL,2011-09-20,56.849998474121094,59.04999923706055,56.29999923706055,58.70000076293945,28.628116607666016,6618967
DNB,DNB.OL,2011-09-21,58.70000076293945,59.20000076293945,58.20000076293945,58.95000076293945,28.75004005432129,3411281
DNB,DNB.OL,2011-09-22,56.79999923706055,57.25,55.5,55.5,27.067474365234375,5394298
DNB,DNB.OL,2011-09-23,55.79999923706055,56.54999923706055,53.75,56.04999923706055,27.335710525512695,3427031
DNB,DNB.OL,2011-09-26,54.75,59.95000076293945,52.650001525878906,58.150001525878906,28.35988426208496,9896536
DNB,DNB.OL,2011-09-27,59.900001525878906,60.75,58.849998474121094,60.70000076293945,29.603525161743164,7204959
DNB,DNB.OL,2011-09-28,60.0,60.5,58.099998474121094,58.849998474121094,28.701278686523438,6969749
DNB,DNB.OL,2011-09-29,58.599998474121094,59.75,57.900001525878906,59.75,29.140201568603516,7636180
DNB,DNB.OL,2011-09-30,59.5,59.79999923706055,58.0,59.400001525878906,28.96950912475586,4401597
DNB,DNB.OL,2011-10-03,58.29999923706055,59.29999923706055,57.29999923706055,58.5,28.530580520629883,4990155
DNB,DNB.OL,2011-10-04,56.900001525878906,56.900001525878906,53.5,53.5,26.09206771850586,10949006
DNB,DNB.OL,2011-10-05,54.650001525878906,57.650001525878906,53.0,57.0,27.79902458190918,11514418
DNB,DNB.OL,2011-10-06,58.0,59.099998474121094,57.099998474121094,59.0,28.774431228637695,8273321
DNB,DNB.OL,2011-10-07,59.20000076293945,59.54999923706055,57.70000076293945,58.29999923706055,28.433040618896484,6291697
DNB,DNB.OL,2011-10-10,59.099998474121094,61.099998474121094,58.04999923706055,61.04999923706055,29.774221420288086,6907856
DNB,DNB.OL,2011-10-11,61.150001525878906,61.650001525878906,59.400001525878906,60.349998474121094,29.43282699584961,3762431
DNB,DNB.OL,2011-10-12,60.20000076293945,63.349998474121094,60.04999923706055,63.20000076293945,30.82278060913086,4491135
DNB,DNB.OL,2011-10-13,62.95000076293945,63.599998474121094,61.349998474121094,61.599998474121094,30.042451858520508,5027137
DNB,DNB.OL,2011-10-14,61.400001525878906,64.0,60.29999923706055,63.849998474121094,31.139787673950195,6240633
DNB,DNB.OL,2011-10-17,64.0,64.6500015258789,60.95000076293945,61.45000076293945,29.969303131103516,4683951
DNB,DNB.OL,2011-10-18,61.04999923706055,62.75,60.400001525878906,62.75,30.603313446044922,4416544
DNB,DNB.OL,2011-10-19,63.650001525878906,65.6500015258789,63.150001525878906,63.95000076293945,31.188560485839844,5687810
DNB,DNB.OL,2011-10-20,63.20000076293945,63.5,61.0,61.0,29.74983787536621,5224567
DNB,DNB.OL,2011-10-21,62.70000076293945,64.3499984741211,61.599998474121094,64.30000305175781,31.3592586517334,6116698
DNB,DNB.OL,2011-10-24,65.30000305175781,65.8499984741211,62.45000076293945,64.4000015258789,31.40802574157715,5414812
DNB,DNB.OL,2011-10-25,64.0,65.55000305175781,63.29999923706055,64.1500015258789,31.28609848022461,5853242
DNB,DNB.OL,2011-10-26,65.0,65.8499984741211,63.650001525878906,64.5,31.456789016723633,3908768
DNB,DNB.OL,2011-10-27,66.0999984741211,69.0,64.6500015258789,69.0,33.651451110839844,9159221
DNB,DNB.OL,2011-10-28,69.0,71.05000305175781,65.8499984741211,66.0999984741211,32.237117767333984,8620153
DNB,DNB.OL,2011-10-31,65.8499984741211,66.05000305175781,64.5,64.94999694824219,31.676258087158203,4629314
DNB,DNB.OL,2011-11-01,62.54999923706055,62.95000076293945,61.0,61.900001525878906,30.188772201538086,6412076
DNB,DNB.OL,2011-11-02,62.099998474121094,64.0,60.599998474121094,63.75,31.09101676940918,5489874
DNB,DNB.OL,2011-11-03,62.099998474121094,65.6500015258789,61.650001525878906,65.25,31.82256507873535,6418671
DNB,DNB.OL,2011-11-04,65.9000015258789,65.9000015258789,63.5,64.05000305175781,31.237327575683594,3757546
DNB,DNB.OL,2011-11-07,63.650001525878906,66.1500015258789,62.900001525878906,64.69999694824219,31.554330825805664,3987426
DNB,DNB.OL,2011-11-08,64.5,66.5999984741211,64.5,64.8499984741211,31.627490997314453,2605456
DNB,DNB.OL,2011-11-09,66.0,66.0,61.45000076293945,62.5,30.48139190673828,6492826
DNB,DNB.OL,2011-11-10,61.0,63.75,60.849998474121094,62.54999923706055,30.505775451660156,4637445
DNB,DNB.OL,2011-11-11,63.25,64.75,62.75,64.75,31.578720092773438,2572558
DNB,DNB.OL,2011-11-14,65.0,65.4000015258789,62.70000076293945,63.599998474121094,31.01785659790039,3849641
DNB,DNB.OL,2011-11-15,63.400001525878906,63.849998474121094,62.099998474121094,63.29999923706055,30.871551513671875,2290353
DNB,DNB.OL,2011-11-16,63.099998474121094,64.5,62.900001525878906,63.79999923706055,31.115402221679688,3323294
DNB,DNB.OL,2011-11-17,63.04999923706055,64.0,62.5,63.0,30.72524070739746,4091362
DNB,DNB.OL,2011-11-18,62.54999923706055,63.29999923706055,62.0,62.29999923706055,30.38384437561035,3198858
DNB,DNB.OL,2011-11-21,62.0,62.0,59.349998474121094,59.5,29.01828384399414,4604666
DNB,DNB.OL,2011-11-22,59.79999923706055,60.349998474121094,55.900001525878906,56.20000076293945,27.408863067626953,5980911
DNB,DNB.OL,2011-11-23,55.5,55.95000076293945,53.5,53.5,26.09206771850586,9961135
DNB,DNB.OL,2011-11-24,54.20000076293945,55.5,52.25,53.25,25.97014617919922,6541124
DNB,DNB.OL,2011-11-25,53.29999923706055,54.099998474121094,52.25,53.900001525878906,26.28714942932129,5786066
DNB,DNB.OL,2011-11-28,55.0,56.150001525878906,54.79999923706055,56.150001525878906,27.384483337402344,4441367
DNB,DNB.OL,2011-11-29,56.099998474121094,56.95000076293945,54.75,56.0,27.311328887939453,5589734
DNB,DNB.OL,2011-11-30,54.79999923706055,59.29999923706055,54.45000076293945,58.79999923706055,28.676891326904297,7075777
DNB,DNB.OL,2011-12-01,59.04999923706055,59.70000076293945,58.20000076293945,58.29999923706055,28.433040618896484,4230881
DNB,DNB.OL,2011-12-02,59.5,60.349998474121094,58.75,59.04999923706055,28.798812866210938,5542888
DNB,DNB.OL,2011-12-05,60.25,60.45000076293945,59.599998474121094,59.95000076293945,29.23775291442871,3530151
DNB,DNB.OL,2011-12-06,59.5,60.29999923706055,58.70000076293945,59.79999923706055,29.164594650268555,3693472
DNB,DNB.OL,2011-12-07,59.150001525878906,60.400001525878906,55.900001525878906,56.099998474121094,27.36009979248047,9906001
DNB,DNB.OL,2011-12-08,56.75,56.900001525878906,53.45000076293945,53.650001525878906,26.16522216796875,8871903
DNB,DNB.OL,2011-12-09,53.5,56.400001525878906,53.25,56.0,27.311328887939453,7530609
DNB,DNB.OL,2011-12-12,55.79999923706055,55.79999923706055,52.25,52.599998474121094,25.65313720703125,7024289
DNB,DNB.OL,2011-12-13,52.650001525878906,53.79999923706055,51.5,51.900001525878906,25.311742782592773,7750436
DNB,DNB.OL,2011-12-14,52.25,53.599998474121094,51.25,51.25,24.99473762512207,7087765
DNB,DNB.OL,2011-12-15,52.04999923706055,54.25,51.650001525878906,54.25,26.45784568786621,7305423
DNB,DNB.OL,2011-12-16,55.400001525878906,56.04999923706055,54.349998474121094,55.0,26.823623657226562,8509744
DNB,DNB.OL,2011-12-19,54.5,57.04999923706055,54.400001525878906,55.150001525878906,26.89677619934082,6372895
DNB,DNB.OL,2011-12-20,55.349998474121094,57.5,55.20000076293945,57.5,28.04288101196289,5157848
DNB,DNB.OL,2011-12-21,57.900001525878906,58.400001525878906,56.20000076293945,56.54999923706055,27.57956314086914,4240403
DNB,DNB.OL,2011-12-22,57.099998474121094,57.599998474121094,56.650001525878906,57.599998474121094,28.091646194458008,2144307
DNB,DNB.OL,2011-12-23,57.95000076293945,58.20000076293945,57.349998474121094,58.04999923706055,28.311113357543945,1523612
DNB,DNB.OL,2011-12-27,58.0,58.20000076293945,57.54999923706055,57.849998474121094,28.213573455810547,835521
DNB,DNB.OL,2011-12-28,58.20000076293945,58.29999923706055,57.400001525878906,57.650001525878906,28.116037368774414,1755466
DNB,DNB.OL,2011-12-29,57.599998474121094,58.25,57.45000076293945,58.25,28.408658981323242,2037176
DNB,DNB.OL,2011-12-30,58.599998474121094,58.95000076293945,58.20000076293945,58.54999923706055,28.55497169494629,983519
DNB,DNB.OL,2012-01-02,58.54999923706055,58.95000076293945,57.79999923706055,58.95000076293945,28.75004005432129,1940827
DNB,DNB.OL,2012-01-03,59.400001525878906,59.400001525878906,57.400001525878906,58.25,28.408658981323242,4858985
DNB,DNB.OL,2012-01-04,57.95000076293945,58.0,56.349998474121094,57.45000076293945,28.018495559692383,5875812
DNB,DNB.OL,2012-01-05,57.45000076293945,57.95000076293945,56.95000076293945,57.849998474121094,28.213573455810547,4779265
DNB,DNB.OL,2012-01-06,57.70000076293945,58.349998474121094,57.349998474121094,57.650001525878906,28.116037368774414,4144522
DNB,DNB.OL,2012-01-09,57.900001525878906,58.20000076293945,57.25,57.5,28.04288101196289,5036156
DNB,DNB.OL,2012-01-10,58.20000076293945,60.849998474121094,58.0,60.599998474121094,29.55474853515625,6910087
DNB,DNB.OL,2012-01-11,60.70000076293945,61.599998474121094,59.45000076293945,59.900001525878906,29.21336555480957,5317672
DNB,DNB.OL,2012-01-12,60.20000076293945,61.95000076293945,59.70000076293945,61.25,29.871755599975586,4789069
DNB,DNB.OL,2012-01-13,62.0,62.0,58.5,59.099998474121094,28.823198318481445,5602846
DNB,DNB.OL,2012-01-16,58.5,60.900001525878906,58.5,60.900001525878906,29.701065063476562,2982250
DNB,DNB.OL,2012-01-17,61.400001525878906,62.75,60.70000076293945,61.25,29.871755599975586,4416650
DNB,DNB.OL,2012-01-18,60.70000076293945,61.54999923706055,59.70000076293945,60.75,29.627912521362305,4994163
DNB,DNB.OL,2012-01-19,61.04999923706055,61.70000076293945,59.849998474121094,61.70000076293945,30.091228485107422,11954068
DNB,DNB.OL,2012-01-20,61.95000076293945,62.70000076293945,61.0,62.400001525878906,30.432615280151367,6231720
DNB,DNB.OL,2012-01-23,62.650001525878906,63.5,62.099998474121094,62.79999923706055,30.62769889831543,4174015
DNB,DNB.OL,2012-01-24,62.5,62.5,60.79999923706055,62.0,30.237537384033203,9316655
DNB,DNB.OL,2012-01-25,62.25,62.75,60.5,61.150001525878906,29.822988510131836,8178541
DNB,DNB.OL,2012-01-26,61.650001525878906,61.849998474121094,60.54999923706055,61.75,30.115612030029297,9196627
DNB,DNB.OL,2012-01-27,60.95000076293945,62.099998474121094,60.29999923706055,61.900001525878906,30.188772201538086,4846671
DNB,DNB.OL,2012-01-30,61.400001525878906,61.45000076293945,60.25,60.650001525878906,29.579139709472656,3502515
DNB,DNB.OL,2012-01-31,61.150001525878906,62.150001525878906,60.70000076293945,61.900001525878906,30.188772201538086,5499056
DNB,DNB.OL,2012-02-01,61.95000076293945,63.900001525878906,61.900001525878906,63.599998474121094,31.01785659790039,6557090
DNB,DNB.OL,2012-02-02,63.95000076293945,64.05000305175781,62.79999923706055,63.95000076293945,31.188560485839844,4369860
DNB,DNB.OL,2012-02-03,63.900001525878906,66.1500015258789,63.599998474121094,66.1500015258789,32.26150131225586,5453784
DNB,DNB.OL,2012-02-06,66.4000015258789,66.4000015258789,64.5,64.94999694824219,31.676258087158203,4277009
DNB,DNB.OL,2012-02-07,65.1500015258789,65.19999694824219,63.25,63.900001525878906,31.164173126220703,5980793
DNB,DNB.OL,2012-02-08,63.75,65.4000015258789,62.400001525878906,64.1500015258789,31.28609848022461,8290224
DNB,DNB.OL,2012-02-09,67.5999984741211,70.8499984741211,66.44999694824219,69.44999694824219,33.870914459228516,19498011
DNB,DNB.OL,2012-02-10,69.19999694824219,69.25,67.55000305175781,68.19999694824219,33.261287689208984,6742512
DNB,DNB.OL,2012-02-13,68.69999694824219,69.5999984741211,67.8499984741211,68.5999984741211,33.45636749267578,4237202
DNB,DNB.OL,2012-02-14,68.25,68.9000015258789,67.69999694824219,67.9000015258789,33.11498260498047,4586225
DNB,DNB.OL,2012-02-15,68.75,70.6500015258789,68.4000015258789,69.94999694824219,34.114768981933594,5863868
DNB,DNB.OL,2012-02-16,69.44999694824219,69.69999694824219,68.55000305175781,69.69999694824219,33.99284362792969,4237737
DNB,DNB.OL,2012-02-17,70.30000305175781,71.19999694824219,69.9000015258789,70.0,34.139156341552734,3340981
DNB,DNB.OL,2012-02-20,70.5999984741211,71.30000305175781,70.19999694824219,71.05000305175781,34.651241302490234,2589451
DNB,DNB.OL,2012-02-21,71.25,71.8499984741211,70.25,71.69999694824219,34.9682502746582,2883134
DNB,DNB.OL,2012-02-22,71.69999694824219,71.94999694824219,69.6500015258789,70.19999694824219,34.236698150634766,5126721
DNB,DNB.OL,2012-02-23,69.8499984741211,70.55000305175781,68.9000015258789,69.80000305175781,34.04161834716797,2851673
DNB,DNB.OL,2012-02-24,70.6500015258789,70.69999694824219,69.75,70.0999984741211,34.187931060791016,2626057
DNB,DNB.OL,2012-02-27,69.94999694824219,70.25,69.55000305175781,70.19999694824219,34.236698150634766,2332704
DNB,DNB.OL,2012-02-28,70.1500015258789,71.05000305175781,69.8499984741211,71.0,34.62685775756836,3362991
DNB,DNB.OL,2012-02-29,71.0,72.0999984741211,70.8499984741211,71.75,34.99263000488281,3874730
DNB,DNB.OL,2012-03-01,71.6500015258789,71.94999694824219,70.69999694824219,71.30000305175781,34.77316665649414,2992159
DNB,DNB.OL,2012-03-02,71.5999984741211,72.05000305175781,71.0999984741211,72.0,35.11456298828125,2370696
DNB,DNB.OL,2012-03-05,71.80000305175781,71.80000305175781,70.44999694824219,70.75,34.50492858886719,2843149
DNB,DNB.OL,2012-03-06,70.5,70.75,67.80000305175781,67.80000305175781,33.06621170043945,4797180
DNB,DNB.OL,2012-03-07,68.19999694824219,69.19999694824219,67.80000305175781,69.05000305175781,33.67584228515625,3299526
DNB,DNB.OL,2012-03-08,69.75,71.05000305175781,69.4000015258789,70.9000015258789,34.578086853027344,4297038
DNB,DNB.OL,2012-03-09,71.0,71.3499984741211,70.5,70.75,34.50492858886719,2806769
DNB,DNB.OL,2012-03-12,71.05000305175781,71.5999984741211,70.0999984741211,70.19999694824219,34.236698150634766,2749411
DNB,DNB.OL,2012-03-13,70.5999984741211,71.44999694824219,70.4000015258789,71.44999694824219,34.84632110595703,3480536
DNB,DNB.OL,2012-03-14,72.5999984741211,73.94999694824219,72.4000015258789,73.44999694824219,35.82172775268555,5598995
DNB,DNB.OL,2012-03-15,73.30000305175781,74.0,73.0,73.4000015258789,35.79734420776367,3760811
DNB,DNB.OL,2012-03-16,73.0999984741211,74.30000305175781,73.05000305175781,74.0999984741211,36.138736724853516,3481014
DNB,DNB.OL,2012-03-19,74.0999984741211,74.80000305175781,73.5,74.80000305175781,36.480125427246094,4158508
DNB,DNB.OL,2012-03-20,74.5,74.6500015258789,73.0999984741211,73.5999984741211,35.89488983154297,2719283
DNB,DNB.OL,2012-03-21,73.80000305175781,74.3499984741211,72.1500015258789,72.6500015258789,35.43157196044922,3021119
DNB,DNB.OL,2012-03-22,72.0,72.8499984741211,71.5999984741211,72.4000015258789,35.30963897705078,4149710
DNB,DNB.OL,2012-03-23,72.4000015258789,73.25,71.9000015258789,73.0,35.602264404296875,3680605
DNB,DNB.OL,2012-03-26,73.75,74.8499984741211,73.0999984741211,74.69999694824219,36.43135452270508,4376917
DNB,DNB.OL,2012-03-27,74.94999694824219,75.30000305175781,73.25,73.25,35.72418975830078,3581666
DNB,DNB.OL,2012-03-28,73.19999694824219,73.6500015258789,72.19999694824219,73.0999984741211,35.651031494140625,2757408
DNB,DNB.OL,2012-03-29,72.9000015258789,73.5999984741211,70.5999984741211,70.9000015258789,34.578086853027344,3825556
DNB,DNB.OL,2012-03-30,71.69999694824219,73.19999694824219,71.30000305175781,73.19999694824219,35.699806213378906,3609061
DNB,DNB.OL,2012-04-02,73.69999694824219,73.69999694824219,71.69999694824219,73.4000015258789,35.79734420776367,2235027
DNB,DNB.OL,2012-04-03,73.5,74.05000305175781,72.19999694824219,72.30000305175781,35.2608757019043,2860697
DNB,DNB.OL,2012-04-04,71.55000305175781,72.05000305175781,71.0,71.0,34.62685775756836,1500080
DNB,DNB.OL,2012-04-10,69.69999694824219,70.0999984741211,67.80000305175781,68.0999984741211,33.212520599365234,5958097
DNB,DNB.OL,2012-04-11,68.0999984741211,69.55000305175781,67.8499984741211,68.5999984741211,33.45636749267578,3738796
DNB,DNB.OL,2012-04-12,69.30000305175781,70.8499984741211,68.3499984741211,70.55000305175781,34.40739440917969,4512599
DNB,DNB.OL,2012-04-13,70.5,70.5999984741211,68.55000305175781,69.0,33.651451110839844,5359375
DNB,DNB.OL,2012-04-16,68.19999694824219,68.75,67.55000305175781,68.5,33.407596588134766,3231060
DNB,DNB.OL,2012-04-17,67.75,70.94999694824219,67.69999694824219,70.55000305175781,34.40739440917969,3969992
DNB,DNB.OL,2012-04-18,70.9000015258789,70.9000015258789,69.3499984741211,69.8499984741211,34.06599807739258,2360965
DNB,DNB.OL,2012-04-19,69.6500015258789,70.6500015258789,69.5,69.80000305175781,34.04161834716797,3500747
DNB,DNB.OL,2012-04-20,69.55000305175781,70.6500015258789,69.55000305175781,69.8499984741211,34.06599807739258,2430843
DNB,DNB.OL,2012-04-23,69.5,69.69999694824219,67.0999984741211,67.69999694824219,33.01743698120117,3528171
DNB,DNB.OL,2012-04-24,68.5999984741211,70.0,68.55000305175781,69.5999984741211,33.94407272338867,3660277
DNB,DNB.OL,2012-04-25,69.8499984741211,72.1500015258789,69.8499984741211,71.94999694824219,35.090179443359375,4432770
DNB,DNB.OL,2012-04-26,70.5,71.75,69.0,70.30000305175781,35.265750885009766,5684810
DNB,DNB.OL,2012-04-27,64.0999984741211,65.5,62.0,62.79999923706055,31.503400802612305,30847115
DNB,DNB.OL,2012-04-30,63.5,63.5,61.5,61.70000076293945,30.95159339904785,8618429
DNB,DNB.OL,2012-05-02,62.70000076293945,63.099998474121094,61.650001525878906,61.900001525878906,31.05191993713379,8509984
DNB,DNB.OL,2012-05-03,62.45000076293945,62.79999923706055,62.0,62.099998474121094,31.152250289916992,5957050
DNB,DNB.OL,2012-05-04,62.0,62.599998474121094,60.95000076293945,61.349998474121094,30.776010513305664,5143533
DNB,DNB.OL,2012-05-07,60.0,61.54999923706055,59.599998474121094,61.349998474121094,30.776010513305664,3589246
DNB,DNB.OL,2012-05-08,61.25,61.54999923706055,59.29999923706055,59.70000076293945,29.94829750061035,5559307
DNB,DNB.OL,2012-05-09,60.0,60.099998474121094,57.54999923706055,58.20000076293945,29.19582748413086,7143144
DNB,DNB.OL,2012-05-10,58.5,60.349998474121094,57.400001525878906,60.0,30.098796844482422,6074682
DNB,DNB.OL,2012-05-11,59.400001525878906,60.25,58.79999923706055,60.04999923706055,30.12387466430664,3808975
DNB,DNB.OL,2012-05-14,59.5,59.650001525878906,57.45000076293945,57.70000076293945,28.945009231567383,4037274
DNB,DNB.OL,2012-05-15,58.349998474121094,58.5,56.54999923706055,56.79999923706055,28.49352264404297,3501614
DNB,DNB.OL,2012-05-16,55.79999923706055,58.70000076293945,55.25,57.75,28.9700870513916,5712468
DNB,DNB.OL,2012-05-18,56.0,57.45000076293945,55.79999923706055,55.849998474121094,28.016963958740234,5486220
DNB,DNB.OL,2012-05-21,56.0,57.20000076293945,55.79999923706055,57.20000076293945,28.694185256958008,3044800
DNB,DNB.OL,2012-05-22,57.5,58.849998474121094,56.599998474121094,58.849998474121094,29.521902084350586,4177380
DNB,DNB.OL,2012-05-23,58.20000076293945,58.20000076293945,56.150001525878906,56.150001525878906,28.167449951171875,3562504
DNB,DNB.OL,2012-05-24,56.900001525878906,56.95000076293945,55.650001525878906,56.5,28.343029022216797,2671203
DNB,DNB.OL,2012-05-25,56.54999923706055,57.400001525878906,55.79999923706055,56.349998474121094,28.26778221130371,2231854
DNB,DNB.OL,2012-05-29,56.25,56.849998474121094,55.70000076293945,56.20000076293945,28.192535400390625,3023010
DNB,DNB.OL,2012-05-30,55.5,56.349998474121094,54.349998474121094,55.04999923706055,27.61564064025879,4513644
DNB,DNB.OL,2012-05-31,55.45000076293945,56.0,54.25,55.099998474121094,27.640722274780273,3928881
DNB,DNB.OL,2012-06-01,55.5,55.650001525878906,53.04999923706055,54.20000076293945,27.189245223999023,3435419
DNB,DNB.OL,2012-06-04,53.5,54.95000076293945,53.0,54.0,27.088916778564453,2579073
DNB,DNB.OL,2012-06-05,54.79999923706055,55.0,53.599998474121094,54.5,27.339731216430664,1996028
DNB,DNB.OL,2012-06-06,55.04999923706055,56.150001525878906,54.75,56.150001525878906,28.167449951171875,3729284
DNB,DNB.OL,2012-06-07,56.5,57.400001525878906,56.04999923706055,57.29999923706055,28.74435043334961,5413639
DNB,DNB.OL,2012-06-08,56.20000076293945,56.75,55.599998474121094,56.29999923706055,28.24270248413086,2884784
DNB,DNB.OL,2012-06-11,58.0,58.150001525878906,55.849998474121094,55.849998474121094,28.016963958740234,3229759
DNB,DNB.OL,2012-06-12,55.400001525878906,56.400001525878906,55.20000076293945,56.400001525878906,28.292863845825195,2523530
DNB,DNB.OL,2012-06-13,56.29999923706055,56.45000076293945,55.29999923706055,55.400001525878906,27.791217803955078,3762137
DNB,DNB.OL,2012-06-14,55.70000076293945,56.0,54.599998474121094,55.0,27.590560913085938,4944070
DNB,DNB.OL,2012-06-15,55.599998474121094,56.25,55.099998474121094,56.150001525878906,28.167449951171875,4942898
DNB,DNB.OL,2012-06-18,57.099998474121094,57.099998474121094,55.20000076293945,55.650001525878906,27.916627883911133,4117248
DNB,DNB.OL,2012-06-19,56.349998474121094,56.95000076293945,55.45000076293945,56.75,28.468435287475586,4767661
DNB,DNB.OL,2012-06-20,56.95000076293945,58.25,56.45000076293945,58.25,29.22090721130371,6851732
DNB,DNB.OL,2012-06-21,57.70000076293945,59.099998474121094,57.45000076293945,57.54999923706055,28.869762420654297,5678258
DNB,DNB.OL,2012-06-22,57.0,57.45000076293945,55.400001525878906,55.650001525878906,27.916627883911133,5173010
DNB,DNB.OL,2012-06-25,55.099998474121094,55.900001525878906,54.75,55.29999923706055,27.741052627563477,5450124
DNB,DNB.OL,2012-06-26,55.599998474121094,55.650001525878906,54.45000076293945,54.900001525878906,27.54039764404297,3594874
DNB,DNB.OL,2012-06-27,55.400001525878906,55.5,53.849998474121094,55.45000076293945,27.816293716430664,5635191
DNB,DNB.OL,2012-06-28,55.599998474121094,55.95000076293945,54.349998474121094,55.650001525878906,27.916627883911133,5484968
DNB,DNB.OL,2012-06-29,57.5,59.0,57.04999923706055,58.95000076293945,29.572065353393555,5838925
DNB,DNB.OL,2012-07-02,59.5,60.0,58.45000076293945,59.400001525878906,29.797801971435547,3544995
DNB,DNB.OL,2012-07-03,59.79999923706055,60.70000076293945,59.400001525878906,60.70000076293945,30.4499454498291,2544932
DNB,DNB.OL,2012-07-04,60.5,60.79999923706055,59.70000076293945,60.45000076293945,30.324533462524414,2172036
DNB,DNB.OL,2012-07-05,60.849998474121094,61.95000076293945,60.099998474121094,60.650001525878906,30.42486572265625,3998229
DNB,DNB.OL,2012-07-06,60.650001525878906,60.79999923706055,58.79999923706055,58.79999923706055,29.496822357177734,2792492
DNB,DNB.OL,2012-07-09,58.75,59.400001525878906,58.20000076293945,58.75,29.47173500061035,2495914
DNB,DNB.OL,2012-07-10,59.400001525878906,60.650001525878906,58.599998474121094,60.599998474121094,30.3997745513916,4128652
DNB,DNB.OL,2012-07-11,60.29999923706055,61.25,60.0,60.54999923706055,30.374696731567383,3181776
DNB,DNB.OL,2012-07-12,61.849998474121094,62.54999923706055,61.25,62.400001525878906,31.3027400970459,7667051
DNB,DNB.OL,2012-07-13,62.79999923706055,63.29999923706055,61.849998474121094,62.54999923706055,31.37799072265625,4312292
DNB,DNB.OL,2012-07-16,62.54999923706055,62.849998474121094,61.099998474121094,61.95000076293945,31.077003479003906,3611063
DNB,DNB.OL,2012-07-17,62.0,62.900001525878906,61.650001525878906,62.54999923706055,31.37799072265625,2931436
DNB,DNB.OL,2012-07-18,62.599998474121094,63.849998474121094,62.29999923706055,63.79999923706055,32.00504684448242,3680204
DNB,DNB.OL,2012-07-19,63.900001525878906,64.0,63.0,63.54999923706055,31.879629135131836,2694079
DNB,DNB.OL,2012-07-20,63.0,63.349998474121094,62.0,62.150001525878906,31.177337646484375,1975003
DNB,DNB.OL,2012-07-23,61.45000076293945,61.45000076293945,59.70000076293945,60.599998474121094,30.3997745513916,2679361
DNB,DNB.OL,2012-07-24,60.400001525878906,61.099998474121094,59.849998474121094,60.45000076293945,30.324533462524414,1557516
DNB,DNB.OL,2012-07-25,59.79999923706055,60.75,59.70000076293945,60.400001525878906,30.29945182800293,2132653
DNB,DNB.OL,2012-07-26,60.25,62.29999923706055,59.599998474121094,61.95000076293945,31.077003479003906,3041970
DNB,DNB.OL,2012-07-27,62.5,63.54999923706055,61.599998474121094,63.54999923706055,31.879629135131836,3240830
DNB,DNB.OL,2012-07-30,63.849998474121094,63.900001525878906,62.20000076293945,62.400001525878906,31.3027400970459,3300260
DNB,DNB.OL,2012-07-31,62.54999923706055,64.0,62.400001525878906,63.5,31.85455322265625,4847216
DNB,DNB.OL,2012-08-01,63.650001525878906,63.75,62.599998474121094,63.25,31.729143142700195,2566923
DNB,DNB.OL,2012-08-02,63.599998474121094,63.95000076293945,61.75,62.0,31.102087020874023,4454223
DNB,DNB.OL,2012-08-03,62.45000076293945,64.0,62.0,63.70000076293945,31.954883575439453,3831857
DNB,DNB.OL,2012-08-06,63.900001525878906,64.6500015258789,63.54999923706055,64.25,32.23078918457031,2348863
DNB,DNB.OL,2012-08-07,64.4000015258789,64.80000305175781,62.95000076293945,64.0,32.105377197265625,2885499
DNB,DNB.OL,2012-08-08,63.900001525878906,64.55000305175781,63.5,64.5,32.356204986572266,2638141
DNB,DNB.OL,2012-08-09,65.0,65.0,64.0,64.5999984741211,32.40636444091797,2326963
DNB,DNB.OL,2012-08-10,64.3499984741211,64.75,64.25,64.69999694824219,32.45652770996094,1666679
DNB,DNB.OL,2012-08-13,64.30000305175781,65.94999694824219,64.30000305175781,65.5,32.85784912109375,3055632
DNB,DNB.OL,2012-08-14,65.69999694824219,66.55000305175781,65.69999694824219,66.30000305175781,33.25917053222656,2232571
DNB,DNB.OL,2012-08-15,66.19999694824219,67.1500015258789,66.0,67.0999984741211,33.660484313964844,2030461
DNB,DNB.OL,2012-08-16,67.1500015258789,68.44999694824219,66.69999694824219,67.75,33.98655319213867,3672733
DNB,DNB.OL,2012-08-17,68.0999984741211,69.30000305175781,67.5,69.0999984741211,34.66377639770508,3492131
DNB,DNB.OL,2012-08-20,69.0,69.0999984741211,66.5999984741211,66.94999694824219,33.58523178100586,2640897
DNB,DNB.OL,2012-08-21,66.94999694824219,68.69999694824219,66.69999694824219,68.44999694824219,34.33770751953125,1899846
DNB,DNB.OL,2012-08-22,67.94999694824219,68.0999984741211,67.4000015258789,67.55000305175781,33.88622283935547,2591456
DNB,DNB.OL,2012-08-23,67.75,68.75,66.5,66.8499984741211,33.53506851196289,2167041
DNB,DNB.OL,2012-08-24,66.80000305175781,67.30000305175781,66.5,66.8499984741211,33.53506851196289,1550510
DNB,DNB.OL,2012-08-27,67.0,68.1500015258789,67.0,67.44999694824219,33.8360595703125,1433346
DNB,DNB.OL,2012-08-28,67.5999984741211,67.75,66.5,66.69999694824219,33.45982360839844,2247068
DNB,DNB.OL,2012-08-29,66.69999694824219,67.0,65.8499984741211,67.0,33.610321044921875,2041675
DNB,DNB.OL,2012-08-30,66.80000305175781,66.80000305175781,65.0999984741211,65.0999984741211,32.65718460083008,2663868
DNB,DNB.OL,2012-08-31,64.8499984741211,66.5999984741211,64.8499984741211,66.5999984741211,33.40966033935547,3262500
DNB,DNB.OL,2012-09-03,66.5,66.94999694824219,66.4000015258789,66.9000015258789,33.560157775878906,1719475
DNB,DNB.OL,2012-09-04,66.8499984741211,66.9000015258789,65.69999694824219,65.69999694824219,32.95817565917969,1782133
DNB,DNB.OL,2012-09-05,65.69999694824219,66.6500015258789,65.6500015258789,66.6500015258789,33.43474197387695,2573449
DNB,DNB.OL,2012-09-06,66.4000015258789,69.0,65.6500015258789,69.0,34.613609313964844,5044653
DNB,DNB.OL,2012-09-07,69.0,70.4000015258789,69.0,69.5,34.86443328857422,4079483
DNB,DNB.OL,2012-09-10,69.69999694824219,70.4000015258789,69.55000305175781,70.19999694824219,35.2155876159668,3171102
DNB,DNB.OL,2012-09-11,69.80000305175781,70.5,69.5999984741211,70.19999694824219,35.2155876159668,2644862
DNB,DNB.OL,2012-09-12,70.5,72.4000015258789,70.44999694824219,71.0,35.61690902709961,4327015
DNB,DNB.OL,2012-09-13,70.94999694824219,72.19999694824219,70.80000305175781,71.80000305175781,36.018226623535156,3577469
DNB,DNB.OL,2012-09-14,73.4000015258789,74.0,73.0,73.80000305175781,37.021522521972656,4448243
DNB,DNB.OL,2012-09-17,73.44999694824219,73.9000015258789,73.0999984741211,73.3499984741211,36.7957763671875,2478857
DNB,DNB.OL,2012-09-18,72.9000015258789,73.5999984741211,71.8499984741211,73.5999984741211,36.92118453979492,3478648
DNB,DNB.OL,2012-09-19,73.55000305175781,73.75,72.05000305175781,72.05000305175781,36.14363098144531,3091738
DNB,DNB.OL,2012-09-20,71.8499984741211,72.3499984741211,70.25,70.5,35.3660774230957,3984743
DNB,DNB.OL,2012-09-21,71.19999694824219,72.30000305175781,71.0,71.94999694824219,36.093467712402344,4280551
DNB,DNB.OL,2012-09-24,72.19999694824219,72.19999694824219,71.05000305175781,71.4000015258789,35.817562103271484,1491621
DNB,DNB.OL,2012-09-25,71.0999984741211,72.30000305175781,71.0,71.9000015258789,36.068389892578125,2855574
DNB,DNB.OL,2012-09-26,71.05000305175781,71.4000015258789,69.69999694824219,69.8499984741211,35.04001235961914,2488456
DNB,DNB.OL,2012-09-27,70.6500015258789,70.80000305175781,69.9000015258789,70.75,35.491493225097656,2321199
DNB,DNB.OL,2012-09-28,70.8499984741211,71.69999694824219,70.05000305175781,70.25,35.240665435791016,2683364
DNB,DNB.OL,2012-10-01,70.05000305175781,71.0,69.9000015258789,71.0,35.61690902709961,1745250
DNB,DNB.OL,2012-10-02,70.75,71.8499984741211,70.0999984741211,71.3499984741211,35.79248046875,1708877
DNB,DNB.OL,2012-10-03,70.5999984741211,72.1500015258789,70.5999984741211,71.6500015258789,35.94297409057617,2202768
DNB,DNB.OL,2012-10-04,72.19999694824219,72.19999694824219,71.0999984741211,71.6500015258789,35.94297409057617,2679795
DNB,DNB.OL,2012-10-05,72.0999984741211,73.69999694824219,71.9000015258789,73.5,36.87101745605469,2217571
DNB,DNB.OL,2012-10-08,72.80000305175781,72.9000015258789,71.9000015258789,72.4000015258789,36.3192024230957,1837092
DNB,DNB.OL,2012-10-09,72.5999984741211,73.30000305175781,72.19999694824219,72.44999694824219,36.34428405761719,2209499
DNB,DNB.OL,2012-10-10,72.0999984741211,72.55000305175781,71.6500015258789,71.69999694824219,35.968055725097656,1379569
DNB,DNB.OL,2012-10-11,71.30000305175781,72.8499984741211,71.1500015258789,72.8499984741211,36.54494857788086,2420533
DNB,DNB.OL,2012-10-12,72.4000015258789,73.0,72.1500015258789,72.6500015258789,36.44462585449219,2590107
DNB,DNB.OL,2012-10-15,72.6500015258789,73.05000305175781,72.30000305175781,72.5999984741211,36.41953659057617,1692910
DNB,DNB.OL,2012-10-16,73.25,74.1500015258789,73.0,73.75,36.996429443359375,2720164
DNB,DNB.OL,2012-10-17,74.0,74.0999984741211,72.94999694824219,73.25,36.74561309814453,2986672
DNB,DNB.OL,2012-10-18,73.0,73.25,72.0999984741211,72.30000305175781,36.269046783447266,2784025
DNB,DNB.OL,2012-10-19,71.9000015258789,72.1500015258789,71.25,71.25,35.7423210144043,2017131
DNB,DNB.OL,2012-10-22,71.0,72.30000305175781,70.80000305175781,71.3499984741211,35.79248046875,1981277
DNB,DNB.OL,2012-10-23,71.44999694824219,71.5,69.55000305175781,69.6500015258789,34.93967819213867,3069231
DNB,DNB.OL,2012-10-24,69.9000015258789,70.9000015258789,68.5999984741211,70.3499984741211,35.290828704833984,3746673
DNB,DNB.OL,2012-10-25,71.5,73.30000305175781,71.4000015258789,72.4000015258789,36.3192024230957,5354783
DNB,DNB.OL,2012-10-26,71.80000305175781,72.75,71.5999984741211,72.0999984741211,36.1687126159668,2891309
DNB,DNB.OL,2012-10-29,72.0,72.5999984741211,71.8499984741211,72.5,36.36936950683594,1479173
DNB,DNB.OL,2012-10-30,72.19999694824219,72.44999694824219,71.1500015258789,72.0999984741211,36.1687126159668,2273179
DNB,DNB.OL,2012-10-31,71.9000015258789,72.44999694824219,70.8499984741211,71.19999694824219,35.71723556518555,2969128
DNB,DNB.OL,2012-11-01,71.3499984741211,71.4000015258789,70.05000305175781,71.0,35.61690902709961,3004877
DNB,DNB.OL,2012-11-02,71.0,71.4000015258789,70.0999984741211,70.19999694824219,35.2155876159668,2358255
DNB,DNB.OL,2012-11-05,69.8499984741211,70.69999694824219,69.44999694824219,69.80000305175781,35.014930725097656,1937680
DNB,DNB.OL,2012-11-06,70.0,71.1500015258789,69.9000015258789,71.0,35.61690902709961,2201103
DNB,DNB.OL,2012-11-07,71.0,71.80000305175781,70.5999984741211,70.8499984741211,35.54166030883789,2430811
DNB,DNB.OL,2012-11-08,70.8499984741211,71.05000305175781,70.0999984741211,70.4000015258789,35.315914154052734,1911115
DNB,DNB.OL,2012-11-09,70.19999694824219,70.69999694824219,68.3499984741211,69.4000015258789,34.81427001953125,2635763
DNB,DNB.OL,2012-11-12,69.19999694824219,70.25,68.75,70.1500015258789,35.19050598144531,1817464
DNB,DNB.OL,2012-11-13,69.8499984741211,70.0999984741211,69.1500015258789,69.9000015258789,35.065093994140625,1800054
DNB,DNB.OL,2012-11-14,69.69999694824219,70.5,69.44999694824219,70.25,35.240665435791016,1829794
DNB,DNB.OL,2012-11-15,69.5999984741211,70.05000305175781,69.25,69.9000015258789,35.065093994140625,1923299
DNB,DNB.OL,2012-11-16,70.0999984741211,70.25,68.75,69.6500015258789,34.93967819213867,2089755
DNB,DNB.OL,2012-11-19,70.4000015258789,71.5,70.4000015258789,71.25,35.7423210144043,3220543
DNB,DNB.OL,2012-11-20,71.05000305175781,71.25,70.5999984741211,71.1500015258789,35.6921501159668,1674711
DNB,DNB.OL,2012-11-21,71.0,71.44999694824219,70.9000015258789,70.9000015258789,35.566741943359375,2085708
DNB,DNB.OL,2012-11-22,71.0999984741211,71.44999694824219,70.75,71.3499984741211,35.79248046875,2271519
DNB,DNB.OL,2012-11-23,71.25,71.75,71.0999984741211,71.5,35.86772537231445,1086055
DNB,DNB.OL,2012-11-26,71.3499984741211,71.9000015258789,71.25,71.4000015258789,35.817562103271484,2031799
DNB,DNB.OL,2012-11-27,71.75,72.0,71.3499984741211,71.75,35.99314498901367,1479776
DNB,DNB.OL,2012-11-28,71.19999694824219,71.25,67.4000015258789,67.80000305175781,34.01163101196289,8286200
DNB,DNB.OL,2012-11-29,68.5,69.5999984741211,68.5,69.5,34.86443328857422,4697413
DNB,DNB.OL,2012-11-30,69.5,70.6500015258789,69.0999984741211,70.55000305175781,35.39116287231445,4025036
DNB,DNB.OL,2012-12-03,70.30000305175781,71.69999694824219,70.25,71.5,35.86772537231445,2214338
DNB,DNB.OL,2012-12-04,71.19999694824219,71.44999694824219,70.4000015258789,71.0,35.61690902709961,1911524
DNB,DNB.OL,2012-12-05,71.1500015258789,71.6500015258789,70.9000015258789,70.9000015258789,35.566741943359375,2045928
DNB,DNB.OL,2012-12-06,71.55000305175781,71.80000305175781,71.05000305175781,71.55000305175781,35.89280700683594,1353361
DNB,DNB.OL,2012-12-07,71.5999984741211,71.75,70.9000015258789,71.05000305175781,35.641990661621094,1301711
DNB,DNB.OL,2012-12-10,70.69999694824219,71.05000305175781,70.1500015258789,70.4000015258789,35.315914154052734,1739084
DNB,DNB.OL,2012-12-11,70.4000015258789,71.0,70.0,70.4000015258789,35.315914154052734,2599166
DNB,DNB.OL,2012-12-12,70.5999984741211,71.5,70.4000015258789,71.0,35.61690902709961,2045123
DNB,DNB.OL,2012-12-13,70.94999694824219,71.0999984741211,70.6500015258789,71.0,35.61690902709961,1561233
DNB,DNB.OL,2012-12-14,70.75,71.19999694824219,70.6500015258789,71.0,35.61690902709961,1341512
DNB,DNB.OL,2012-12-17,70.6500015258789,70.8499984741211,69.5,70.25,35.240665435791016,2770831
DNB,DNB.OL,2012-12-18,70.30000305175781,70.44999694824219,69.44999694824219,69.5999984741211,34.91460037231445,2567926
DNB,DNB.OL,2012-12-19,69.80000305175781,70.9000015258789,69.4000015258789,70.0999984741211,35.165428161621094,3236481
DNB,DNB.OL,2012-12-20,70.25,70.55000305175781,69.6500015258789,70.25,35.240665435791016,2740706
DNB,DNB.OL,2012-12-21,69.9000015258789,70.75,69.80000305175781,70.3499984741211,35.290828704833984,2522349
DNB,DNB.OL,2012-12-27,69.8499984741211,71.8499984741211,69.8499984741211,71.19999694824219,35.71723556518555,1356675
DNB,DNB.OL,2012-12-28,71.4000015258789,71.55000305175781,70.05000305175781,70.4000015258789,35.315914154052734,1298158
DNB,DNB.OL,2013-01-02,71.4000015258789,72.19999694824219,71.0,72.0,36.118553161621094,1773701
DNB,DNB.OL,2013-01-03,71.94999694824219,72.55000305175781,71.5999984741211,72.0,36.118553161621094,1697152
DNB,DNB.OL,2013-01-04,71.9000015258789,73.0,71.75,73.0,36.62019729614258,2107366
DNB,DNB.OL,2013-01-07,73.3499984741211,74.0,72.80000305175781,73.0,36.62019729614258,2394893
DNB,DNB.OL,2013-01-08,73.0,74.0,72.94999694824219,73.1500015258789,36.6954460144043,2224594
DNB,DNB.OL,2013-01-09,73.69999694824219,73.8499984741211,73.19999694824219,73.19999694824219,36.72052764892578,1412961
DNB,DNB.OL,2013-01-10,73.1500015258789,73.5999984741211,72.9000015258789,73.44999694824219,36.8459358215332,2763795
DNB,DNB.OL,2013-01-11,73.69999694824219,73.9000015258789,73.30000305175781,73.55000305175781,36.8961067199707,1852760
DNB,DNB.OL,2013-01-14,73.69999694824219,74.69999694824219,73.69999694824219,74.0,37.12184524536133,2472172
DNB,DNB.OL,2013-01-15,73.8499984741211,75.0,73.80000305175781,74.9000015258789,37.573326110839844,3068060
DNB,DNB.OL,2013-01-16,74.69999694824219,75.8499984741211,74.55000305175781,75.8499984741211,38.049888610839844,3154997
DNB,DNB.OL,2013-01-17,76.4000015258789,78.05000305175781,76.25,77.55000305175781,38.90269088745117,4338744
DNB,DNB.OL,2013-01-18,77.5,78.30000305175781,77.30000305175781,78.30000305175781,39.27892303466797,2558287
DNB,DNB.OL,2013-01-21,78.0,78.0,77.5,77.75,39.003013610839844,1737673
DNB,DNB.OL,2013-01-22,77.0999984741211,77.0999984741211,75.3499984741211,75.69999694824219,37.974639892578125,4653326
DNB,DNB.OL,2013-01-23,74.25,75.44999694824219,74.25,75.25,37.7489013671875,3317176
DNB,DNB.OL,2013-01-24,75.25,76.25,75.05000305175781,75.55000305175781,37.89939498901367,3061675
DNB,DNB.OL,2013-01-25,75.80000305175781,76.6500015258789,75.75,76.19999694824219,38.225460052490234,1477374
DNB,DNB.OL,2013-01-28,76.25,76.5,75.69999694824219,75.69999694824219,37.974639892578125,1526430
DNB,DNB.OL,2013-01-29,76.0999984741211,76.3499984741211,75.5,76.0,38.12513732910156,1736766
DNB,DNB.OL,2013-01-30,76.19999694824219,77.3499984741211,76.0,76.80000305175781,38.52645492553711,2261816
DNB,DNB.OL,2013-01-31,76.80000305175781,77.19999694824219,76.25,76.4000015258789,38.32579803466797,2396933
DNB,DNB.OL,2013-02-01,76.30000305175781,77.44999694824219,76.0,77.44999694824219,38.852516174316406,1759572
DNB,DNB.OL,2013-02-04,77.19999694824219,77.5,76.0,76.19999694824219,38.225460052490234,1899593
DNB,DNB.OL,2013-02-05,76.25,77.4000015258789,76.05000305175781,77.0999984741211,38.67694854736328,2474215
DNB,DNB.OL,2013-02-06,77.19999694824219,78.0999984741211,75.80000305175781,75.80000305175781,38.024803161621094,3741383
DNB,DNB.OL,2013-02-07,78.05000305175781,81.9000015258789,77.69999694824219,81.30000305175781,40.78385925292969,9584856
DNB,DNB.OL,2013-02-08,82.80000305175781,85.69999694824219,82.75,85.0,42.639949798583984,9583424
DNB,DNB.OL,2013-02-11,84.94999694824219,85.19999694824219,83.55000305175781,83.55000305175781,41.91257095336914,3183008
DNB,DNB.OL,2013-02-12,83.55000305175781,84.8499984741211,83.55000305175781,84.5,42.389129638671875,2798014
DNB,DNB.OL,2013-02-13,84.5,85.5,83.94999694824219,84.25,42.26372146606445,3003551
DNB,DNB.OL,2013-02-14,84.25,84.5,83.25,83.5999984741211,41.93764877319336,2814036
DNB,DNB.OL,2013-02-15,83.0999984741211,84.5999984741211,83.0,84.5999984741211,42.43928909301758,1555365
DNB,DNB.OL,2013-02-18,84.05000305175781,84.44999694824219,83.9000015258789,84.1500015258789,42.213565826416016,833008
DNB,DNB.OL,2013-02-19,84.05000305175781,85.0,84.0,85.0,42.639949798583984,1541453
DNB,DNB.OL,2013-02-20,85.0,85.94999694824219,84.94999694824219,85.94999694824219,43.11651611328125,1857434
DNB,DNB.OL,2013-02-21,85.30000305175781,85.4000015258789,84.75,84.80000305175781,42.53963088989258,2857512
DNB,DNB.OL,2013-02-22,84.9000015258789,85.69999694824219,84.9000015258789,85.25,42.7653694152832,2102194
DNB,DNB.OL,2013-02-25,85.25,85.69999694824219,84.75,85.55000305175781,42.91586685180664,1766981
DNB,DNB.OL,2013-02-26,83.69999694824219,85.0,83.5,84.69999694824219,42.48945617675781,2253895
DNB,DNB.OL,2013-02-27,84.69999694824219,85.44999694824219,83.5,84.19999694824219,42.23863983154297,1806498
DNB,DNB.OL,2013-02-28,84.75,86.19999694824219,84.69999694824219,85.5,42.890777587890625,2825401
DNB,DNB.OL,2013-03-01,85.5,86.0,84.30000305175781,85.25,42.7653694152832,2280958
DNB,DNB.OL,2013-03-04,84.6500015258789,86.0,84.55000305175781,85.4000015258789,42.840614318847656,1760086
DNB,DNB.OL,2013-03-05,86.75,88.6500015258789,86.4000015258789,88.5,44.395713806152344,4232178
DNB,DNB.OL,2013-03-06,88.6500015258789,89.30000305175781,88.25,88.25,44.27031326293945,2339507
DNB,DNB.OL,2013-03-07,88.6500015258789,90.19999694824219,88.25,88.55000305175781,44.420799255371094,3118078
DNB,DNB.OL,2013-03-08,89.4000015258789,93.69999694824219,89.1500015258789,92.5,46.402305603027344,5233246
DNB,DNB.OL,2013-03-11,91.0,91.5,89.75,90.30000305175781,45.29867935180664,3989117
DNB,DNB.OL,2013-03-12,90.4000015258789,93.0999984741211,90.4000015258789,91.9000015258789,46.101314544677734,3294521
DNB,DNB.OL,2013-03-13,91.69999694824219,93.3499984741211,91.55000305175781,92.1500015258789,46.22673034667969,2242880
DNB,DNB.OL,2013-03-14,92.5,93.30000305175781,92.44999694824219,93.19999694824219,46.75345993041992,1960106
DNB,DNB.OL,2013-03-15,93.6500015258789,94.0,93.19999694824219,93.8499984741211,47.079524993896484,3405792
DNB,DNB.OL,2013-03-18,91.75,92.5,91.30000305175781,92.44999694824219,46.37721633911133,2131964
DNB,DNB.OL,2013-03-19,92.30000305175781,92.4000015258789,89.69999694824219,90.9000015258789,45.59967041015625,3117770
DNB,DNB.OL,2013-03-20,90.80000305175781,91.5999984741211,89.55000305175781,90.0,45.148197174072266,2218170
DNB,DNB.OL,2013-03-21,90.25,90.5,87.19999694824219,87.55000305175781,43.91915512084961,4239463
DNB,DNB.OL,2013-03-22,87.55000305175781,88.4000015258789,85.0999984741211,87.5,43.894065856933594,4664571
DNB,DNB.OL,2013-03-25,87.94999694824219,88.69999694824219,84.5,84.5,42.389129638671875,2908855
DNB,DNB.OL,2013-03-26,84.9000015258789,86.0,84.1500015258789,85.9000015258789,43.09143829345703,2913273
DNB,DNB.OL,2013-03-27,86.0,86.30000305175781,85.05000305175781,85.5,42.890777587890625,1216002
DNB,DNB.OL,2013-04-02,87.1500015258789,88.8499984741211,86.69999694824219,88.55000305175781,44.420799255371094,3775911
DNB,DNB.OL,2013-04-03,88.05000305175781,88.80000305175781,87.44999694824219,87.5,43.894065856933594,2195258
DNB,DNB.OL,2013-04-04,87.5,87.80000305175781,86.1500015258789,86.55000305175781,43.417503356933594,2175962
DNB,DNB.OL,2013-04-05,86.8499984741211,89.0,83.69999694824219,84.30000305175781,42.28880310058594,2415718
DNB,DNB.OL,2013-04-08,85.05000305175781,85.25,83.30000305175781,83.44999694824219,41.862403869628906,1929428
DNB,DNB.OL,2013-04-09,84.0,85.0,83.8499984741211,84.0999984741211,42.188472747802734,2067244
DNB,DNB.OL,2013-04-10,84.5,86.05000305175781,84.0,86.05000305175781,43.16668701171875,1931649
DNB,DNB.OL,2013-04-11,86.6500015258789,88.1500015258789,86.25,87.75,44.01947784423828,2353447
DNB,DNB.OL,2013-04-12,87.4000015258789,87.44999694824219,85.0,85.0999984741211,42.69012451171875,2866361
DNB,DNB.OL,2013-04-15,85.0999984741211,85.75,83.0,84.6500015258789,42.46438217163086,2349923
DNB,DNB.OL,2013-04-16,84.8499984741211,86.1500015258789,84.0,85.80000305175781,43.0412712097168,2677335
DNB,DNB.OL,2013-04-17,86.19999694824219,86.44999694824219,83.30000305175781,83.30000305175781,41.78715515136719,2180277
DNB,DNB.OL,2013-04-18,83.0,83.80000305175781,82.1500015258789,82.55000305175781,41.41091537475586,2552082
DNB,DNB.OL,2013-04-19,83.1500015258789,83.55000305175781,82.0999984741211,82.69999694824219,41.48617172241211,2157863
DNB,DNB.OL,2013-04-22,83.69999694824219,84.80000305175781,83.55000305175781,83.9000015258789,42.0881462097168,2255571
DNB,DNB.OL,2013-04-23,84.05000305175781,88.55000305175781,83.75,88.25,44.27031326293945,4057455
DNB,DNB.OL,2013-04-24,88.25,88.44999694824219,86.69999694824219,87.69999694824219,43.99440383911133,3218044
DNB,DNB.OL,2013-04-25,88.05000305175781,89.8499984741211,86.55000305175781,87.94999694824219,44.11980438232422,3806516
DNB,DNB.OL,2013-04-26,90.3499984741211,92.6500015258789,89.8499984741211,92.5,46.402305603027344,6198225
DNB,DNB.OL,2013-04-29,93.44999694824219,94.1500015258789,92.0,93.4000015258789,46.85378646850586,3128979
DNB,DNB.OL,2013-04-30,93.5999984741211,94.44999694824219,92.8499984741211,94.25,47.28018569946289,3214735
DNB,DNB.OL,2013-05-02,92.25,94.80000305175781,91.05000305175781,93.0,47.716312408447266,3762457
DNB,DNB.OL,2013-05-03,93.5999984741211,94.44999694824219,92.9000015258789,94.30000305175781,48.38330841064453,2501302
DNB,DNB.OL,2013-05-06,94.5999984741211,95.80000305175781,94.44999694824219,95.1500015258789,48.81942367553711,1517799
DNB,DNB.OL,2013-05-07,96.30000305175781,97.5,95.9000015258789,96.5999984741211,49.56338119506836,2860434
DNB,DNB.OL,2013-05-08,96.25,97.1500015258789,95.0999984741211,95.8499984741211,49.17856979370117,2147899
DNB,DNB.OL,2013-05-10,96.44999694824219,97.25,94.8499984741211,95.69999694824219,49.10161590576172,2318243
DNB,DNB.OL,2013-05-13,95.5999984741211,96.4000015258789,94.5,95.0,48.74245834350586,1409037
DNB,DNB.OL,2013-05-14,95.80000305175781,96.75,94.25,95.1500015258789,48.81942367553711,1652107
DNB,DNB.OL,2013-05-15,95.0,95.0,94.19999694824219,94.94999694824219,48.71680450439453,1796297
DNB,DNB.OL,2013-05-16,94.75,95.5,94.3499984741211,95.0,48.74245834350586,1502986
DNB,DNB.OL,2013-05-21,95.0,97.0,95.0,97.0,49.76861572265625,2569060
DNB,DNB.OL,2013-05-22,97.5999984741211,97.75,96.5,97.0,49.76861572265625,2020975
DNB,DNB.OL,2013-05-23,95.44999694824219,95.9000015258789,93.94999694824219,94.9000015258789,48.691158294677734,2436246
DNB,DNB.OL,2013-05-24,95.5,96.0,93.05000305175781,93.25,47.844566345214844,1797774
DNB,DNB.OL,2013-05-27,93.5,95.05000305175781,93.4000015258789,94.9000015258789,48.691158294677734,956222
DNB,DNB.OL,2013-05-28,95.0999984741211,97.55000305175781,95.0,97.55000305175781,50.05080795288086,1868410
DNB,DNB.OL,2013-05-29,96.8499984741211,97.5999984741211,95.4000015258789,95.8499984741211,49.17856979370117,1853140
DNB,DNB.OL,2013-05-30,95.25,96.4000015258789,95.05000305175781,95.25,48.8707275390625,1264119
DNB,DNB.OL,2013-05-31,95.25,96.1500015258789,94.19999694824219,95.44999694824219,48.97333908081055,1914738
DNB,DNB.OL,2013-06-03,94.6500015258789,96.25,94.5,95.6500015258789,49.075965881347656,1233806
DNB,DNB.OL,2013-06-04,95.9000015258789,96.8499984741211,93.1500015258789,93.25,47.844566345214844,2977512
DNB,DNB.OL,2013-06-05,93.0,93.80000305175781,91.69999694824219,92.25,47.33148956298828,2320656
DNB,DNB.OL,2013-06-06,92.0,92.75,90.44999694824219,91.0,46.69014358520508,1232783
DNB,DNB.OL,2013-06-07,90.9000015258789,93.19999694824219,90.75,92.55000305175781,47.48542022705078,1731678
DNB,DNB.OL,2013-06-10,92.75,93.1500015258789,91.9000015258789,92.0,47.20322036743164,1397393
DNB,DNB.OL,2013-06-11,91.5999984741211,93.05000305175781,89.94999694824219,90.0999984741211,46.22837829589844,2053740
DNB,DNB.OL,2013-06-12,90.25,91.8499984741211,90.25,91.0999984741211,46.741455078125,1600827
DNB,DNB.OL,2013-06-13,89.6500015258789,91.80000305175781,89.5,91.5999984741211,46.99799346923828,1835878
DNB,DNB.OL,2013-06-14,92.8499984741211,93.30000305175781,91.0999984741211,91.1500015258789,46.76710891723633,1907591
DNB,DNB.OL,2013-06-17,91.30000305175781,93.0,90.8499984741211,93.0,47.716312408447266,1370049
DNB,DNB.OL,2013-06-18,92.5,94.9000015258789,92.25,94.9000015258789,48.691158294677734,2755577
DNB,DNB.OL,2013-06-19,94.5999984741211,94.75,93.25,93.5999984741211,48.024147033691406,2677934
DNB,DNB.OL,2013-06-20,91.80000305175781,92.30000305175781,89.8499984741211,90.55000305175781,46.45926284790039,3491173
DNB,DNB.OL,2013-06-21,90.55000305175781,92.9000015258789,90.0,90.3499984741211,46.356651306152344,2843176
DNB,DNB.OL,2013-06-24,89.80000305175781,89.80000305175781,85.69999694824219,85.69999694824219,43.970829010009766,4688329
DNB,DNB.OL,2013-06-25,87.69999694824219,88.0,86.0,86.55000305175781,44.40694808959961,3836038
DNB,DNB.OL,2013-06-26,86.55000305175781,89.25,86.3499984741211,88.25,45.27919006347656,2103405
DNB,DNB.OL,2013-06-27,89.25,89.9000015258789,87.0,88.75,45.53572082519531,2199556
DNB,DNB.OL,2013-06-28,89.44999694824219,89.75,87.30000305175781,87.94999694824219,45.1252555847168,1857688
DNB,DNB.OL,2013-07-01,88.3499984741211,89.8499984741211,88.0,89.75,46.048797607421875,1663557
DNB,DNB.OL,2013-07-02,90.0999984741211,90.44999694824219,89.4000015258789,90.44999694824219,46.4079475402832,2166013
DNB,DNB.OL,2013-07-03,89.9000015258789,90.25,87.9000015258789,88.25,45.27919006347656,2352587
DNB,DNB.OL,2013-07-04,88.9000015258789,92.1500015258789,88.6500015258789,91.69999694824219,47.049293518066406,2612446
DNB,DNB.OL,2013-07-05,92.0999984741211,93.80000305175781,92.0,92.44999694824219,47.43410873413086,2029326
DNB,DNB.OL,2013-07-08,92.80000305175781,94.5999984741211,92.5,94.25,48.3576545715332,1571340
DNB,DNB.OL,2013-07-09,94.94999694824219,96.0,94.05000305175781,94.05000305175781,48.255043029785156,2347205
DNB,DNB.OL,2013-07-10,93.8499984741211,95.80000305175781,93.80000305175781,95.05000305175781,48.76811599731445,1970878
DNB,DNB.OL,2013-07-11,96.0999984741211,96.94999694824219,93.0,94.80000305175781,48.63984680175781,4278617
DNB,DNB.OL,2013-07-12,93.80000305175781,95.0,93.75,93.9000015258789,48.178077697753906,1952164
DNB,DNB.OL,2013-07-15,94.4000015258789,95.19999694824219,94.25,94.80000305175781,48.63984680175781,1248464
DNB,DNB.OL,2013-07-16,94.94999694824219,95.25,94.30000305175781,95.25,48.8707275390625,1781859
DNB,DNB.OL,2013-07-17,95.44999694824219,96.0,93.6500015258789,95.6500015258789,49.075965881347656,1897329
DNB,DNB.OL,2013-07-18,95.8499984741211,95.9000015258789,94.9000015258789,95.9000015258789,49.20423126220703,1253167
DNB,DNB.OL,2013-07-19,95.80000305175781,96.9000015258789,95.69999694824219,96.9000015258789,49.71730422973633,1179935
DNB,DNB.OL,2013-07-22,97.0,97.80000305175781,96.5999984741211,97.1500015258789,49.8455810546875,942264
DNB,DNB.OL,2013-07-23,97.5999984741211,98.0999984741211,96.6500015258789,97.25,49.896888732910156,1079834
DNB,DNB.OL,2013-07-24,97.25,97.6500015258789,97.0999984741211,97.5999984741211,50.07646560668945,1124988
DNB,DNB.OL,2013-07-25,97.9000015258789,97.9000015258789,96.69999694824219,97.8499984741211,50.20473098754883,842949
DNB,DNB.OL,2013-07-26,97.8499984741211,98.94999694824219,97.80000305175781,98.30000305175781,50.435611724853516,1632672
DNB,DNB.OL,2013-07-29,98.30000305175781,98.44999694824219,97.0999984741211,98.30000305175781,50.435611724853516,948732
DNB,DNB.OL,2013-07-30,98.1500015258789,98.80000305175781,97.5,98.0,50.28169631958008,1690602
DNB,DNB.OL,2013-07-31,98.55000305175781,98.5999984741211,97.80000305175781,98.1500015258789,50.35865783691406,1583938
DNB,DNB.OL,2013-08-01,98.44999694824219,99.55000305175781,98.0,99.55000305175781,51.07696533203125,1315726
DNB,DNB.OL,2013-08-02,99.94999694824219,100.0,97.30000305175781,98.5,50.538238525390625,1744693
DNB,DNB.OL,2013-08-05,98.75,98.94999694824219,97.55000305175781,98.25,50.40995788574219,993714
DNB,DNB.OL,2013-08-06,98.3499984741211,98.4000015258789,97.25,98.0,50.28169631958008,1803734
DNB,DNB.OL,2013-08-07,97.8499984741211,98.80000305175781,97.4000015258789,98.44999694824219,50.51258087158203,1905194
DNB,DNB.OL,2013-08-08,98.6500015258789,99.9000015258789,98.55000305175781,99.80000305175781,51.205238342285156,1637925
DNB,DNB.OL,2013-08-09,100.0,101.80000305175781,99.55000305175781,100.9000015258789,51.76962661743164,1753821
DNB,DNB.OL,2013-08-12,101.0999984741211,101.80000305175781,100.5,101.30000305175781,51.97486114501953,1053984
DNB,DNB.OL,2013-08-13,101.9000015258789,102.80000305175781,101.30000305175781,101.5,52.07747268676758,2169839
DNB,DNB.OL,2013-08-14,101.80000305175781,102.0,100.19999694824219,100.9000015258789,51.76962661743164,1388772
DNB,DNB.OL,2013-08-15,100.69999694824219,100.80000305175781,97.5999984741211,98.6500015258789,50.615196228027344,1790163
DNB,DNB.OL,2013-08-16,98.80000305175781,100.4000015258789,98.6500015258789,100.30000305175781,51.4617805480957,1308854
DNB,DNB.OL,2013-08-19,100.0999984741211,100.5,98.75,99.5,51.05131530761719,1145232
DNB,DNB.OL,2013-08-20,98.94999694824219,99.0,97.30000305175781,98.0,50.28169631958008,1333614
DNB,DNB.OL,2013-08-21,98.25,98.4000015258789,97.05000305175781,97.5,50.0251579284668,809451
DNB,DNB.OL,2013-08-22,97.5999984741211,98.25,97.0999984741211,98.0,50.28169631958008,1054242
DNB,DNB.OL,2013-08-23,98.1500015258789,98.30000305175781,97.3499984741211,97.6500015258789,50.10212707519531,722187
DNB,DNB.OL,2013-08-26,98.0,98.05000305175781,96.55000305175781,96.80000305175781,49.66599655151367,574360
DNB,DNB.OL,2013-08-27,96.5,96.75,94.1500015258789,94.25,48.3576545715332,1801652
DNB,DNB.OL,2013-08-28,94.0,96.19999694824219,93.4000015258789,95.69999694824219,49.10161590576172,2485533
DNB,DNB.OL,2013-08-29,96.05000305175781,98.5,95.9000015258789,98.30000305175781,50.435611724853516,2598696
DNB,DNB.OL,2013-08-30,98.4000015258789,98.4000015258789,95.0,95.0,48.74245834350586,2431094
DNB,DNB.OL,2013-09-02,94.6500015258789,97.69999694824219,94.6500015258789,96.75,49.64033889770508,1446794
DNB,DNB.OL,2013-09-03,97.25,97.5999984741211,95.94999694824219,96.75,49.64033889770508,851092
DNB,DNB.OL,2013-09-04,96.69999694824219,97.1500015258789,95.25,95.9000015258789,49.20423126220703,1029309
DNB,DNB.OL,2013-09-05,96.30000305175781,96.5,94.8499984741211,95.6500015258789,49.075965881347656,1494359
DNB,DNB.OL,2013-09-06,95.5,96.25,95.0,95.6500015258789,49.075965881347656,1091698
DNB,DNB.OL,2013-09-09,96.44999694824219,96.69999694824219,94.80000305175781,96.30000305175781,49.40946960449219,1444164
DNB,DNB.OL,2013-09-10,97.1500015258789,98.3499984741211,96.44999694824219,97.80000305175781,50.17909240722656,1951769
DNB,DNB.OL,2013-09-11,97.44999694824219,100.0,97.3499984741211,99.3499984741211,50.97435760498047,2417114
DNB,DNB.OL,2013-09-12,97.69999694824219,98.25,94.9000015258789,96.3499984741211,49.43512725830078,2943989
DNB,DNB.OL,2013-09-13,95.9000015258789,96.25,95.05000305175781,96.0,49.255531311035156,1587777
DNB,DNB.OL,2013-09-16,96.8499984741211,96.8499984741211,94.30000305175781,95.0,48.74245834350586,1617900
DNB,DNB.OL,2013-09-17,94.05000305175781,94.94999694824219,93.05000305175781,94.55000305175781,48.511573791503906,1826349
DNB,DNB.OL,2013-09-18,94.55000305175781,95.4000015258789,93.80000305175781,94.44999694824219,48.460262298583984,1829545
DNB,DNB.OL,2013-09-19,96.30000305175781,98.4000015258789,96.0999984741211,97.0999984741211,49.81992721557617,3557411
DNB,DNB.OL,2013-09-20,96.9000015258789,98.1500015258789,96.9000015258789,97.5999984741211,50.07646560668945,1688901
DNB,DNB.OL,2013-09-23,97.94999694824219,98.05000305175781,95.5,96.1500015258789,49.33250427246094,1366356
DNB,DNB.OL,2013-09-24,95.0,96.1500015258789,95.0,95.75,49.12726593017578,1433801
DNB,DNB.OL,2013-09-25,95.6500015258789,96.05000305175781,94.55000305175781,95.0,48.74245834350586,1474930
DNB,DNB.OL,2013-09-26,95.5,95.8499984741211,94.0,94.0,48.22937774658203,1824182
DNB,DNB.OL,2013-09-27,93.9000015258789,94.6500015258789,92.80000305175781,93.1500015258789,47.79326629638672,1836281
DNB,DNB.OL,2013-09-30,92.80000305175781,93.1500015258789,91.30000305175781,91.30000305175781,46.84407424926758,2865907
DNB,DNB.OL,2013-10-01,92.0,93.9000015258789,91.9000015258789,92.9000015258789,47.665000915527344,1846040
DNB,DNB.OL,2013-10-02,92.5999984741211,93.69999694824219,92.19999694824219,93.0999984741211,47.767608642578125,1922203
DNB,DNB.OL,2013-10-03,93.19999694824219,93.69999694824219,92.19999694824219,93.55000305175781,47.99849319458008,1567020
DNB,DNB.OL,2013-10-04,93.44999694824219,94.0999984741211,93.0999984741211,93.3499984741211,47.8958854675293,1303705
DNB,DNB.OL,2013-10-07,93.05000305175781,93.30000305175781,92.30000305175781,92.94999694824219,47.69064712524414,1436953
DNB,DNB.OL,2013-10-08,92.94999694824219,93.0999984741211,91.5999984741211,92.0999984741211,47.25453567504883,1493281
DNB,DNB.OL,2013-10-09,91.6500015258789,92.25,91.4000015258789,92.05000305175781,47.2288818359375,1622325
DNB,DNB.OL,2013-10-10,93.5,93.5,91.9000015258789,92.75,47.58802795410156,2627794
DNB,DNB.OL,2013-10-11,93.30000305175781,94.05000305175781,92.8499984741211,93.69999694824219,48.0754508972168,1639348
DNB,DNB.OL,2013-10-14,93.80000305175781,94.5999984741211,93.5,94.4000015258789,48.43461608886719,1758949
DNB,DNB.OL,2013-10-15,95.05000305175781,96.0,94.80000305175781,95.5999984741211,49.05030822753906,1515787
DNB,DNB.OL,2013-10-16,95.30000305175781,96.6500015258789,95.1500015258789,96.44999694824219,49.486427307128906,1763768
DNB,DNB.OL,2013-10-17,96.0999984741211,96.9000015258789,95.94999694824219,96.75,49.64033889770508,1254819
DNB,DNB.OL,2013-10-18,96.80000305175781,97.94999694824219,96.3499984741211,96.6500015258789,49.58904266357422,1564873
DNB,DNB.OL,2013-10-21,96.69999694824219,97.8499984741211,96.69999694824219,97.69999694824219,50.12777328491211,1531793
DNB,DNB.OL,2013-10-22,98.9000015258789,100.5999984741211,98.6500015258789,98.9000015258789,50.74346923828125,3082505
DNB,DNB.OL,2013-10-23,99.0999984741211,99.4000015258789,98.1500015258789,98.30000305175781,50.435611724853516,1804986
DNB,DNB.OL,2013-10-24,104.0,104.69999694824219,101.69999694824219,104.0999984741211,53.411476135253906,6354844
DNB,DNB.OL,2013-10-25,104.0,106.0,103.4000015258789,105.80000305175781,54.28370666503906,3999445
DNB,DNB.OL,2013-10-28,106.4000015258789,107.30000305175781,104.69999694824219,105.0999984741211,53.92455291748047,2048288
DNB,DNB.OL,2013-10-29,105.4000015258789,107.9000015258789,105.19999694824219,106.5999984741211,54.69417190551758,2000812
DNB,DNB.OL,2013-10-30,107.0999984741211,107.5,106.5,106.80000305175781,54.796791076660156,1064819
DNB,DNB.OL,2013-10-31,107.19999694824219,107.9000015258789,104.9000015258789,105.5,54.129791259765625,2741695
DNB,DNB.OL,2013-11-01,105.5,105.9000015258789,103.30000305175781,105.30000305175781,54.02716827392578,1314119
DNB,DNB.OL,2013-11-04,105.4000015258789,106.80000305175781,105.4000015258789,106.5,54.642860412597656,934090
DNB,DNB.OL,2013-11-05,106.5,106.9000015258789,104.0,105.4000015258789,54.07847595214844,1619798
DNB,DNB.OL,2013-11-06,105.80000305175781,105.9000015258789,105.19999694824219,105.80000305175781,54.28370666503906,949410
DNB,DNB.OL,2013-11-07,105.80000305175781,107.0,104.9000015258789,105.9000015258789,54.335025787353516,1678790
DNB,DNB.OL,2013-11-08,105.5999984741211,105.69999694824219,103.30000305175781,105.0,53.87323760986328,1602493
DNB,DNB.OL,2013-11-11,105.0999984741211,105.9000015258789,104.69999694824219,105.69999694824219,54.232398986816406,649723
DNB,DNB.OL,2013-11-12,105.4000015258789,105.5999984741211,104.30000305175781,104.4000015258789,53.56540298461914,1413252
DNB,DNB.OL,2013-11-13,103.5999984741211,105.19999694824219,103.5999984741211,104.9000015258789,53.82194137573242,1671499
DNB,DNB.OL,2013-11-14,105.5999984741211,105.80000305175781,104.4000015258789,104.80000305175781,53.770626068115234,973522
DNB,DNB.OL,2013-11-15,105.80000305175781,106.5999984741211,105.5,106.5,54.642860412597656,1842980
DNB,DNB.OL,2013-11-18,106.80000305175781,108.5,106.80000305175781,108.0,55.41248321533203,1738831
DNB,DNB.OL,2013-11-19,107.80000305175781,108.0999984741211,107.0,107.80000305175781,55.30986404418945,1599007
DNB,DNB.OL,2013-11-20,109.4000015258789,109.4000015258789,106.4000015258789,107.0,54.899417877197266,2248664
DNB,DNB.OL,2013-11-21,107.0,109.30000305175781,106.80000305175781,107.0,54.899417877197266,2380067
DNB,DNB.OL,2013-11-22,107.9000015258789,109.30000305175781,107.4000015258789,107.80000305175781,55.30986404418945,1458017
DNB,DNB.OL,2013-11-25,108.0999984741211,109.19999694824219,107.5999984741211,107.80000305175781,55.30986404418945,913310
DNB,DNB.OL,2013-11-26,107.80000305175781,108.30000305175781,107.19999694824219,107.5,55.15595245361328,1114645
DNB,DNB.OL,2013-11-27,108.0999984741211,109.30000305175781,107.5,109.0,55.92556381225586,1568282
DNB,DNB.OL,2013-11-28,109.0999984741211,110.5,109.0999984741211,109.9000015258789,56.3873291015625,1087449
DNB,DNB.OL,2013-11-29,110.0,110.80000305175781,108.4000015258789,108.4000015258789,55.617713928222656,1535054
DNB,DNB.OL,2013-12-02,108.5999984741211,109.69999694824219,108.4000015258789,109.30000305175781,56.07948303222656,853081
DNB,DNB.OL,2013-12-03,108.4000015258789,108.9000015258789,106.9000015258789,107.80000305175781,55.30986404418945,1998090
DNB,DNB.OL,2013-12-04,107.5,107.80000305175781,105.19999694824219,106.0,54.38632583618164,1769678
DNB,DNB.OL,2013-12-05,105.5,105.5,102.5999984741211,104.5999984741211,53.66801071166992,3384623
DNB,DNB.OL,2013-12-06,104.19999694824219,106.0,103.5,104.0,53.36016845703125,1856928
DNB,DNB.OL,2013-12-09,105.0,105.9000015258789,104.5,104.5999984741211,53.66801071166992,1496597
DNB,DNB.OL,2013-12-10,104.0,104.4000015258789,103.19999694824219,103.30000305175781,53.00100326538086,2210625
DNB,DNB.OL,2013-12-11,103.0999984741211,104.5,103.0,103.30000305175781,53.00100326538086,1648409
DNB,DNB.OL,2013-12-12,103.5999984741211,104.5999984741211,102.30000305175781,102.80000305175781,52.744476318359375,1963022
DNB,DNB.OL,2013-12-13,103.80000305175781,104.9000015258789,103.5,104.4000015258789,53.56540298461914,2089673
DNB,DNB.OL,2013-12-16,104.0999984741211,105.9000015258789,104.0999984741211,105.5999984741211,54.181087493896484,1331355
DNB,DNB.OL,2013-12-17,105.30000305175781,106.4000015258789,105.30000305175781,106.30000305175781,54.540252685546875,1742756
DNB,DNB.OL,2013-12-18,106.5999984741211,106.69999694824219,104.30000305175781,105.0,53.87323760986328,2011466
DNB,DNB.OL,2013-12-19,105.80000305175781,106.80000305175781,105.4000015258789,106.19999694824219,54.48893737792969,2083916
DNB,DNB.OL,2013-12-20,106.19999694824219,107.9000015258789,106.0,107.30000305175781,55.053340911865234,1841875
DNB,DNB.OL,2013-12-23,107.69999694824219,109.0999984741211,107.30000305175781,108.9000015258789,55.87425231933594,1188817
DNB,DNB.OL,2013-12-27,109.80000305175781,109.80000305175781,108.9000015258789,109.5,56.18210983276367,864446
DNB,DNB.OL,2013-12-30,109.80000305175781,110.0999984741211,107.80000305175781,108.5,55.669010162353516,1209958
DNB,DNB.OL,2014-01-02,108.80000305175781,110.30000305175781,108.19999694824219,108.4000015258789,55.617713928222656,1751957
DNB,DNB.OL,2014-01-03,108.19999694824219,109.4000015258789,107.5999984741211,108.69999694824219,55.771636962890625,1646657
DNB,DNB.OL,2014-01-06,108.69999694824219,109.0,107.9000015258789,108.80000305175781,55.82295227050781,1069325
DNB,DNB.OL,2014-01-07,107.9000015258789,108.69999694824219,107.0999984741211,108.30000305175781,55.56639862060547,2317048
DNB,DNB.OL,2014-01-08,107.69999694824219,109.5999984741211,107.19999694824219,109.5999984741211,56.233402252197266,2228258
DNB,DNB.OL,2014-01-09,109.5,110.5999984741211,108.9000015258789,110.0,56.43863296508789,1851320
DNB,DNB.OL,2014-01-10,110.4000015258789,111.69999694824219,108.0,108.0,55.41248321533203,2754638
DNB,DNB.OL,2014-01-13,109.0,111.4000015258789,109.0,111.0,56.951717376708984,1618413
DNB,DNB.OL,2014-01-14,110.5,110.80000305175781,110.0,110.80000305175781,56.849098205566406,1779778
DNB,DNB.OL,2014-01-15,111.5999984741211,112.5,111.5,112.4000015258789,57.670021057128906,1755733
DNB,DNB.OL,2014-01-16,112.9000015258789,113.0,111.5,112.69999694824219,57.823944091796875,1732799
DNB,DNB.OL,2014-01-17,111.69999694824219,112.80000305175781,111.0,112.80000305175781,57.87525939941406,1505261
DNB,DNB.OL,2014-01-20,112.5999984741211,112.69999694824219,111.5,111.69999694824219,57.31086730957031,932331
DNB,DNB.OL,2014-01-21,111.0999984741211,112.0999984741211,110.80000305175781,111.80000305175781,57.362186431884766,1440072
DNB,DNB.OL,2014-01-22,111.5,111.69999694824219,109.80000305175781,109.80000305175781,56.33603286743164,1853123
DNB,DNB.OL,2014-01-23,109.80000305175781,111.0999984741211,109.69999694824219,110.0999984741211,56.489952087402344,1635294
DNB,DNB.OL,2014-01-24,110.30000305175781,111.30000305175781,108.80000305175781,109.5,56.18210983276367,2324434
DNB,DNB.OL,2014-01-27,108.5999984741211,109.5999984741211,108.0999984741211,108.0999984741211,55.46379470825195,1934608
DNB,DNB.OL,2014-01-28,108.5,109.5,107.5,108.80000305175781,55.82295227050781,1484161
DNB,DNB.OL,2014-01-29,109.9000015258789,110.4000015258789,107.0999984741211,107.5,55.15595245361328,2283093
DNB,DNB.OL,2014-01-30,108.0,109.30000305175781,107.4000015258789,109.0,55.92556381225586,2234016
DNB,DNB.OL,2014-01-31,108.9000015258789,109.0999984741211,105.80000305175781,106.0999984741211,54.437625885009766,2983471
DNB,DNB.OL,2014-02-03,107.19999694824219,108.0999984741211,106.0999984741211,106.0999984741211,54.437625885009766,2223741
DNB,DNB.OL,2014-02-04,105.5999984741211,107.0,105.5999984741211,107.0,54.899417877197266,1887700
DNB,DNB.OL,2014-02-05,107.5999984741211,109.0,107.19999694824219,108.5999984741211,55.7203254699707,2961597
DNB,DNB.OL,2014-02-06,110.5,110.5,107.5,108.4000015258789,55.617713928222656,4339784
DNB,DNB.OL,2014-02-07,108.4000015258789,109.30000305175781,107.9000015258789,109.19999694824219,56.02817916870117,3313650
DNB,DNB.OL,2014-02-10,109.4000015258789,109.5999984741211,107.4000015258789,108.0,55.41248321533203,1701644
DNB,DNB.OL,2014-02-11,108.80000305175781,108.80000305175781,107.69999694824219,108.4000015258789,55.617713928222656,1954786
DNB,DNB.OL,2014-02-12,108.80000305175781,108.9000015258789,107.30000305175781,108.5,55.669010162353516,2716559
DNB,DNB.OL,2014-02-13,108.0,108.19999694824219,106.4000015258789,107.5,55.15595245361328,1693271
DNB,DNB.OL,2014-02-14,107.80000305175781,108.4000015258789,107.5999984741211,108.0,55.41248321533203,1596014
DNB,DNB.OL,2014-02-17,108.19999694824219,108.30000305175781,107.69999694824219,108.0,55.41248321533203,867472
DNB,DNB.OL,2014-02-18,107.9000015258789,107.9000015258789,106.69999694824219,106.69999694824219,54.7454833984375,1081548
DNB,DNB.OL,2014-02-19,107.0,107.69999694824219,106.5999984741211,107.0,54.899417877197266,1361405
DNB,DNB.OL,2014-02-20,106.30000305175781,106.5999984741211,104.9000015258789,106.5999984741211,54.69417190551758,2277406
DNB,DNB.OL,2014-02-21,107.19999694824219,107.30000305175781,104.80000305175781,105.69999694824219,54.232398986816406,2748069
DNB,DNB.OL,2014-02-24,106.4000015258789,106.4000015258789,104.9000015258789,105.9000015258789,54.335025787353516,1805948
DNB,DNB.OL,2014-02-25,105.9000015258789,106.0,103.9000015258789,105.0,53.87323760986328,2162319
DNB,DNB.OL,2014-02-26,105.0999984741211,105.9000015258789,105.0,105.80000305175781,54.28370666503906,2261623
DNB,DNB.OL,2014-02-27,106.0,108.19999694824219,106.0,107.69999694824219,55.2585563659668,3073206
DNB,DNB.OL,2014-02-28,107.69999694824219,109.30000305175781,107.5999984741211,108.9000015258789,55.87425231933594,2957848
DNB,DNB.OL,2014-03-03,107.80000305175781,108.19999694824219,107.19999694824219,107.69999694824219,55.2585563659668,2309241
DNB,DNB.OL,2014-03-04,108.69999694824219,109.4000015258789,108.30000305175781,109.0,55.92556381225586,1514910
DNB,DNB.OL,2014-03-05,109.0,109.69999694824219,108.0,109.30000305175781,56.07948303222656,1830376
DNB,DNB.OL,2014-03-06,109.5999984741211,110.80000305175781,109.5999984741211,110.19999694824219,56.5412483215332,1118250
DNB,DNB.OL,2014-03-07,110.30000305175781,110.5,109.0999984741211,110.0,56.43863296508789,1160172
DNB,DNB.OL,2014-03-10,109.30000305175781,109.69999694824219,106.9000015258789,107.4000015258789,55.10464096069336,2096532
DNB,DNB.OL,2014-03-11,107.5,108.30000305175781,106.9000015258789,108.0999984741211,55.46379470825195,1168335
DNB,DNB.OL,2014-03-12,107.5999984741211,107.69999694824219,105.69999694824219,107.19999694824219,55.002017974853516,1764574
DNB,DNB.OL,2014-03-13,107.4000015258789,107.69999694824219,106.4000015258789,106.5999984741211,54.69417190551758,1386223
DNB,DNB.OL,2014-03-14,105.5,105.5999984741211,103.9000015258789,104.5,53.61671447753906,2428620
DNB,DNB.OL,2014-03-17,104.9000015258789,105.0999984741211,104.0999984741211,105.0999984741211,53.92455291748047,1347988
DNB,DNB.OL,2014-03-18,105.19999694824219,105.5,104.0,105.0,53.87323760986328,2320132
DNB,DNB.OL,2014-03-19,105.4000015258789,105.9000015258789,104.69999694824219,105.5,54.129791259765625,1623064
DNB,DNB.OL,2014-03-20,104.9000015258789,107.30000305175781,104.9000015258789,106.69999694824219,54.7454833984375,2398845
DNB,DNB.OL,2014-03-21,107.0999984741211,107.4000015258789,106.69999694824219,106.9000015258789,54.84809494018555,1898292
DNB,DNB.OL,2014-03-24,107.5999984741211,107.9000015258789,106.30000305175781,106.5,54.642860412597656,2044271
DNB,DNB.OL,2014-03-25,106.4000015258789,107.19999694824219,106.30000305175781,107.0,54.899417877197266,1669375
DNB,DNB.OL,2014-03-26,107.5999984741211,107.5999984741211,106.5999984741211,107.5,55.15595245361328,1374983
DNB,DNB.OL,2014-03-27,106.5999984741211,106.9000015258789,102.69999694824219,103.4000015258789,53.052310943603516,4361932
DNB,DNB.OL,2014-03-28,103.5999984741211,104.19999694824219,103.19999694824219,103.9000015258789,53.30885696411133,2116705
DNB,DNB.OL,2014-03-31,104.19999694824219,104.69999694824219,103.0,104.0999984741211,53.411476135253906,1725918
DNB,DNB.OL,2014-04-01,103.5999984741211,105.19999694824219,103.5999984741211,105.0,53.87323760986328,3096312
DNB,DNB.OL,2014-04-02,105.0999984741211,106.30000305175781,104.9000015258789,105.4000015258789,54.07847595214844,2152033
DNB,DNB.OL,2014-04-03,104.80000305175781,105.19999694824219,103.19999694824219,103.69999694824219,53.20624542236328,4804504
DNB,DNB.OL,2014-04-04,103.19999694824219,104.5,101.5999984741211,103.19999694824219,52.94969940185547,3921021
DNB,DNB.OL,2014-04-07,102.5,102.80000305175781,101.0999984741211,101.5999984741211,52.12877655029297,2041881
DNB,DNB.OL,2014-04-08,101.5999984741211,102.19999694824219,100.80000305175781,100.80000305175781,51.71831130981445,2388817
DNB,DNB.OL,2014-04-09,103.30000305175781,104.5,102.19999694824219,103.5999984741211,53.15493392944336,3438109
DNB,DNB.OL,2014-04-10,104.19999694824219,104.69999694824219,102.69999694824219,102.9000015258789,52.7957878112793,2531402
DNB,DNB.OL,2014-04-11,102.0,102.4000015258789,99.8499984741211,100.0,51.30785369873047,3647650
DNB,DNB.OL,2014-04-14,100.0,100.4000015258789,99.05000305175781,99.19999694824219,50.89738845825195,2408519
DNB,DNB.OL,2014-04-15,99.55000305175781,100.0,98.4000015258789,98.9000015258789,50.74346923828125,1799974
DNB,DNB.OL,2014-04-16,99.69999694824219,100.5999984741211,99.55000305175781,99.9000015258789,51.25654602050781,1239001
DNB,DNB.OL,2014-04-22,100.9000015258789,103.5,100.19999694824219,103.30000305175781,53.00100326538086,3596014
DNB,DNB.OL,2014-04-23,103.69999694824219,103.80000305175781,102.5999984741211,103.30000305175781,53.00100326538086,1990415
DNB,DNB.OL,2014-04-24,104.0999984741211,105.69999694824219,103.80000305175781,104.5,53.61671447753906,2815063
DNB,DNB.OL,2014-04-25,102.19999694824219,103.19999694824219,102.0,102.4000015258789,53.932716369628906,2317668
DNB,DNB.OL,2014-04-28,102.5,102.9000015258789,102.0,102.5999984741211,54.038055419921875,1711231
DNB,DNB.OL,2014-04-29,102.80000305175781,103.9000015258789,102.5,103.9000015258789,54.722740173339844,2356653
DNB,DNB.OL,2014-04-30,103.9000015258789,105.69999694824219,103.30000305175781,105.0999984741211,55.35477066040039,3067924
DNB,DNB.OL,2014-05-02,105.69999694824219,105.9000015258789,103.69999694824219,104.30000305175781,54.93341827392578,2496327
DNB,DNB.OL,2014-05-05,103.69999694824219,104.5999984741211,103.4000015258789,104.30000305175781,54.93341827392578,1298631
DNB,DNB.OL,2014-05-06,104.30000305175781,105.0,103.69999694824219,104.4000015258789,54.986080169677734,2066237
DNB,DNB.OL,2014-05-07,103.5,105.4000015258789,103.19999694824219,104.5,55.03876495361328,3299568
DNB,DNB.OL,2014-05-08,106.69999694824219,106.9000015258789,105.5,106.5999984741211,56.14480209350586,5492359
DNB,DNB.OL,2014-05-09,106.30000305175781,108.0,106.30000305175781,108.0,56.882171630859375,3203504
DNB,DNB.OL,2014-05-12,108.30000305175781,109.0,106.80000305175781,109.0,57.408851623535156,2504794
DNB,DNB.OL,2014-05-13,109.4000015258789,109.4000015258789,107.80000305175781,108.5,57.145503997802734,2695735
DNB,DNB.OL,2014-05-14,108.5999984741211,109.9000015258789,108.5,109.30000305175781,57.566864013671875,2526312
DNB,DNB.OL,2014-05-15,110.0,111.19999694824219,109.19999694824219,109.4000015258789,57.619510650634766,3361276
DNB,DNB.OL,2014-05-16,110.0,110.9000015258789,109.19999694824219,109.5,57.67218780517578,3069524
DNB,DNB.OL,2014-05-19,109.69999694824219,110.0,108.5999984741211,109.69999694824219,57.77752685546875,2068908
DNB,DNB.OL,2014-05-20,109.5,110.0,108.69999694824219,109.0,57.408851623535156,2289560
DNB,DNB.OL,2014-05-21,109.0999984741211,110.0,108.9000015258789,109.80000305175781,57.830196380615234,1804782
DNB,DNB.OL,2014-05-22,109.9000015258789,110.0999984741211,109.30000305175781,110.0,57.935543060302734,1690814
DNB,DNB.OL,2014-05-23,110.0,111.0,109.69999694824219,111.0,58.46223068237305,1775639
DNB,DNB.OL,2014-05-26,111.30000305175781,112.30000305175781,110.0999984741211,110.5999984741211,58.25155258178711,1630673
DNB,DNB.OL,2014-05-27,111.0999984741211,112.30000305175781,110.69999694824219,111.9000015258789,58.93625259399414,2451896
DNB,DNB.OL,2014-05-28,111.80000305175781,112.5999984741211,111.5999984741211,112.5999984741211,59.3049201965332,1810107
DNB,DNB.OL,2014-05-30,112.5999984741211,112.69999694824219,111.80000305175781,112.30000305175781,59.14692306518555,2831199
DNB,DNB.OL,2014-06-02,113.0,115.4000015258789,112.69999694824219,114.30000305175781,60.200294494628906,2888139
DNB,DNB.OL,2014-06-03,114.5999984741211,115.0,114.0,114.9000015258789,60.51631164550781,1787654
DNB,DNB.OL,2014-06-04,114.9000015258789,114.9000015258789,113.5999984741211,114.5,60.305625915527344,2165769
DNB,DNB.OL,2014-06-05,114.80000305175781,116.5999984741211,114.4000015258789,115.4000015258789,60.779640197753906,2689751
DNB,DNB.OL,2014-06-06,116.0,117.0,115.19999694824219,116.80000305175781,61.51701354980469,1291457
DNB,DNB.OL,2014-06-10,116.30000305175781,116.69999694824219,115.5,116.0,61.09565353393555,1544574
DNB,DNB.OL,2014-06-11,115.9000015258789,116.4000015258789,114.69999694824219,115.69999694824219,60.937644958496094,1719598
DNB,DNB.OL,2014-06-12,115.5999984741211,115.69999694824219,115.0999984741211,115.5,60.832313537597656,1025312
DNB,DNB.OL,2014-06-13,115.19999694824219,115.80000305175781,113.80000305175781,115.19999694824219,60.67430877685547,1175334
DNB,DNB.OL,2014-06-16,115.19999694824219,115.69999694824219,114.0,114.5,60.305625915527344,1105363
DNB,DNB.OL,2014-06-17,114.4000015258789,115.4000015258789,114.4000015258789,114.69999694824219,60.41096496582031,1188609
DNB,DNB.OL,2014-06-18,114.0999984741211,116.4000015258789,113.80000305175781,116.30000305175781,61.253665924072266,2083109
DNB,DNB.OL,2014-06-19,116.69999694824219,116.80000305175781,115.5,115.9000015258789,61.042991638183594,1904594
DNB,DNB.OL,2014-06-20,116.30000305175781,116.5,114.0999984741211,114.69999694824219,60.41096496582031,2880867
DNB,DNB.OL,2014-06-23,114.30000305175781,114.30000305175781,113.30000305175781,113.5,59.7789421081543,2189731
DNB,DNB.OL,2014-06-24,113.5,114.0,112.0,112.19999694824219,59.094242095947266,1807273
DNB,DNB.OL,2014-06-25,111.9000015258789,113.19999694824219,110.4000015258789,112.0,58.98891067504883,2332151
DNB,DNB.OL,2014-06-26,112.0999984741211,112.19999694824219,108.4000015258789,110.0,57.935543060302734,3076755
DNB,DNB.OL,2014-06-27,110.30000305175781,111.30000305175781,109.9000015258789,111.0999984741211,58.51488494873047,2203108
DNB,DNB.OL,2014-06-30,111.30000305175781,112.4000015258789,111.0,112.19999694824219,59.094242095947266,2513942
DNB,DNB.OL,2014-07-01,112.0999984741211,113.5999984741211,112.0999984741211,113.0999984741211,59.56825637817383,1811255
DNB,DNB.OL,2014-07-02,114.0,115.5,113.30000305175781,114.9000015258789,60.51631164550781,2911450
DNB,DNB.OL,2014-07-03,115.30000305175781,117.0999984741211,114.4000015258789,117.0,61.622337341308594,2611330
DNB,DNB.OL,2014-07-04,116.5,116.80000305175781,115.5999984741211,116.0999984741211,61.14832305908203,1475680
DNB,DNB.OL,2014-07-07,116.0,117.9000015258789,115.9000015258789,117.4000015258789,61.83301544189453,2241528
DNB,DNB.OL,2014-07-08,116.4000015258789,117.5,115.5999984741211,115.5999984741211,60.88499069213867,2530887
DNB,DNB.OL,2014-07-09,115.5,115.80000305175781,114.5999984741211,115.30000305175781,60.72697830200195,1990735
DNB,DNB.OL,2014-07-10,112.0,112.80000305175781,108.5,109.5,57.67218780517578,6402127
DNB,DNB.OL,2014-07-11,110.0,111.4000015258789,109.80000305175781,110.9000015258789,58.4095573425293,2786678
DNB,DNB.OL,2014-07-14,111.9000015258789,112.0,110.5999984741211,111.9000015258789,58.93625259399414,1755283
DNB,DNB.OL,2014-07-15,111.80000305175781,112.19999694824219,111.4000015258789,111.69999694824219,58.830902099609375,2387555
DNB,DNB.OL,2014-07-16,111.5,114.4000015258789,111.4000015258789,114.0,60.04228210449219,2192839
DNB,DNB.OL,2014-07-17,114.0,114.30000305175781,112.30000305175781,113.30000305175781,59.673606872558594,1645590
DNB,DNB.OL,2014-07-18,112.30000305175781,113.19999694824219,112.0999984741211,112.19999694824219,59.094242095947266,1463838
DNB,DNB.OL,2014-07-21,112.19999694824219,112.5999984741211,111.69999694824219,112.4000015258789,59.199581146240234,1269688
DNB,DNB.OL,2014-07-22,112.5,113.0,112.0,112.5999984741211,59.3049201965332,1397742
DNB,DNB.OL,2014-07-23,112.19999694824219,113.0,112.0999984741211,112.80000305175781,59.41025924682617,1074702
DNB,DNB.OL,2014-07-24,112.69999694824219,114.19999694824219,112.4000015258789,113.69999694824219,59.88426971435547,1161855
DNB,DNB.OL,2014-07-25,114.0999984741211,114.30000305175781,113.4000015258789,113.5999984741211,59.83161163330078,780066
DNB,DNB.OL,2014-07-28,113.0999984741211,113.5,112.30000305175781,113.0,59.515602111816406,1134076
DNB,DNB.OL,2014-07-29,113.19999694824219,113.80000305175781,112.80000305175781,113.69999694824219,59.88426971435547,1054703
DNB,DNB.OL,2014-07-30,113.30000305175781,114.30000305175781,113.19999694824219,113.69999694824219,59.88426971435547,1124056
DNB,DNB.OL,2014-07-31,113.5,113.5,111.30000305175781,112.0,58.98891067504883,1724357
DNB,DNB.OL,2014-08-01,110.9000015258789,111.5,109.9000015258789,110.19999694824219,58.040870666503906,1843526
DNB,DNB.OL,2014-08-04,110.69999694824219,112.0999984741211,110.19999694824219,110.69999694824219,58.30421447753906,1477440
DNB,DNB.OL,2014-08-05,111.0999984741211,111.5999984741211,109.5999984741211,110.0,57.935543060302734,1102804
DNB,DNB.OL,2014-08-06,109.5999984741211,109.80000305175781,107.5999984741211,108.5,57.145503997802734,1825880
DNB,DNB.OL,2014-08-07,108.69999694824219,108.69999694824219,107.30000305175781,107.80000305175781,56.776824951171875,1138139
DNB,DNB.OL,2014-08-08,105.80000305175781,107.4000015258789,98.0999984741211,105.80000305175781,55.72345733642578,2567457
DNB,DNB.OL,2014-08-11,106.5999984741211,107.80000305175781,106.5,107.30000305175781,56.51348114013672,1677725
DNB,DNB.OL,2014-08-12,107.0,108.0,106.9000015258789,107.0,56.3554801940918,1677903
DNB,DNB.OL,2014-08-13,107.0999984741211,108.9000015258789,107.0999984741211,108.0999984741211,56.934837341308594,1475220
DNB,DNB.OL,2014-08-14,108.0,109.0,107.19999694824219,108.69999694824219,57.2508430480957,1451342
DNB,DNB.OL,2014-08-15,109.0,111.30000305175781,108.9000015258789,111.30000305175781,58.620235443115234,2106073
DNB,DNB.OL,2014-08-18,110.9000015258789,112.5,110.30000305175781,111.19999694824219,58.567562103271484,1504760
DNB,DNB.OL,2014-08-19,111.5,111.9000015258789,110.69999694824219,110.80000305175781,58.35688400268555,1463716
DNB,DNB.OL,2014-08-20,110.80000305175781,111.5999984741211,110.30000305175781,111.5,58.7255744934082,1522348
DNB,DNB.OL,2014-08-21,111.30000305175781,112.4000015258789,110.30000305175781,112.4000015258789,59.199581146240234,1426274
DNB,DNB.OL,2014-08-22,112.30000305175781,113.5,112.30000305175781,113.30000305175781,59.673606872558594,1623476
DNB,DNB.OL,2014-08-25,113.5999984741211,114.0999984741211,113.0999984741211,113.5999984741211,59.83161163330078,758373
DNB,DNB.OL,2014-08-26,113.69999694824219,115.0,113.19999694824219,114.80000305175781,60.463623046875,1791430
DNB,DNB.OL,2014-08-27,114.69999694824219,115.5,114.69999694824219,115.0999984741211,60.62162780761719,1741851
DNB,DNB.OL,2014-08-28,114.9000015258789,116.30000305175781,114.80000305175781,115.19999694824219,60.67430877685547,1820538
DNB,DNB.OL,2014-08-29,115.0999984741211,115.9000015258789,114.5999984741211,115.5999984741211,60.88499069213867,1809487
DNB,DNB.OL,2014-09-01,115.9000015258789,116.80000305175781,115.30000305175781,116.0,61.09565353393555,1162029
DNB,DNB.OL,2014-09-02,116.0999984741211,116.69999694824219,115.5,116.0,61.09565353393555,1798689
DNB,DNB.OL,2014-09-03,116.30000305175781,116.5999984741211,115.80000305175781,115.9000015258789,61.042991638183594,2193849
DNB,DNB.OL,2014-09-04,115.9000015258789,116.80000305175781,115.0999984741211,116.19999694824219,61.200992584228516,2059320
DNB,DNB.OL,2014-09-05,116.4000015258789,116.5999984741211,115.5999984741211,115.69999694824219,60.937644958496094,1840847
DNB,DNB.OL,2014-09-08,116.19999694824219,116.30000305175781,114.5999984741211,115.4000015258789,60.779640197753906,1320045
DNB,DNB.OL,2014-09-09,114.69999694824219,115.5,114.0,114.0,60.04228210449219,1882625
DNB,DNB.OL,2014-09-10,113.5999984741211,115.4000015258789,113.5999984741211,115.30000305175781,60.72697830200195,1313930
DNB,DNB.OL,2014-09-11,115.69999694824219,115.80000305175781,114.19999694824219,114.5,60.305625915527344,1081434
DNB,DNB.OL,2014-09-12,114.5,116.0,114.0,115.9000015258789,61.042991638183594,1918986
DNB,DNB.OL,2014-09-15,115.30000305175781,116.0,115.19999694824219,115.5,60.832313537597656,1568129
DNB,DNB.OL,2014-09-16,115.5999984741211,115.9000015258789,115.19999694824219,115.80000305175781,60.990325927734375,1137368
DNB,DNB.OL,2014-09-17,116.9000015258789,118.5999984741211,116.30000305175781,118.5,62.41236877441406,2798195
DNB,DNB.OL,2014-09-18,118.80000305175781,120.80000305175781,118.80000305175781,120.19999694824219,63.307735443115234,3022873
DNB,DNB.OL,2014-09-19,121.0,121.0,119.5999984741211,120.5,63.46574783325195,2799919
DNB,DNB.OL,2014-09-22,120.0,120.9000015258789,119.69999694824219,120.80000305175781,63.62376022338867,1642565
DNB,DNB.OL,2014-09-23,119.9000015258789,120.0,117.5,118.0,62.14902877807617,2507562
DNB,DNB.OL,2014-09-24,118.19999694824219,119.30000305175781,117.5,119.0999984741211,62.7283935546875,1847817
DNB,DNB.OL,2014-09-25,119.4000015258789,120.69999694824219,119.4000015258789,119.80000305175781,63.09706115722656,1947191
DNB,DNB.OL,2014-09-26,119.4000015258789,121.0,118.69999694824219,120.5,63.46574783325195,2318163
DNB,DNB.OL,2014-09-29,120.69999694824219,121.19999694824219,119.9000015258789,120.4000015258789,63.41307067871094,1517137
DNB,DNB.OL,2014-09-30,120.4000015258789,120.5,119.5,120.30000305175781,63.36041259765625,2248945
DNB,DNB.OL,2014-10-01,119.5999984741211,120.0999984741211,118.0999984741211,118.30000305175781,62.307037353515625,2764950
DNB,DNB.OL,2014-10-02,118.0999984741211,118.5999984741211,116.4000015258789,117.0,61.622337341308594,4293684
DNB,DNB.OL,2014-10-03,117.30000305175781,117.9000015258789,114.69999694824219,115.5,60.832313537597656,4176615
DNB,DNB.OL,2014-10-06,115.69999694824219,116.5,114.30000305175781,116.0,61.09565353393555,2789002
DNB,DNB.OL,2014-10-07,115.5,115.80000305175781,112.69999694824219,114.0999984741211,60.09494400024414,2878134
DNB,DNB.OL,2014-10-08,112.80000305175781,114.30000305175781,112.0999984741211,113.80000305175781,59.93693923950195,2483225
DNB,DNB.OL,2014-10-09,115.0,115.69999694824219,111.19999694824219,111.4000015258789,58.67289733886719,2829414
DNB,DNB.OL,2014-10-10,110.0999984741211,111.30000305175781,108.30000305175781,108.30000305175781,57.04016876220703,4525981
DNB,DNB.OL,2014-10-13,107.69999694824219,110.80000305175781,106.80000305175781,110.0999984741211,57.988216400146484,3387045
DNB,DNB.OL,2014-10-14,109.69999694824219,111.4000015258789,108.5,110.5,58.19887924194336,2819429
DNB,DNB.OL,2014-10-15,111.0,112.0999984741211,109.0999984741211,109.9000015258789,57.88286590576172,5729967
DNB,DNB.OL,2014-10-16,110.5,111.0,105.19999694824219,106.0,55.82878112792969,6073256
DNB,DNB.OL,2014-10-17,106.5,110.5,106.19999694824219,110.30000305175781,58.09354019165039,3783564
DNB,DNB.OL,2014-10-20,110.19999694824219,110.5,108.5,109.5999984741211,57.72486114501953,3140338
DNB,DNB.OL,2014-10-21,109.5,113.9000015258789,109.5,113.19999694824219,59.620941162109375,3487124
DNB,DNB.OL,2014-10-22,114.0,115.0,113.19999694824219,115.0,60.5689697265625,3199536
DNB,DNB.OL,2014-10-23,116.5,120.5,115.9000015258789,120.4000015258789,63.41307067871094,6677835
DNB,DNB.OL,2014-10-24,121.5,122.30000305175781,120.4000015258789,121.19999694824219,63.83442687988281,4372848
DNB,DNB.OL,2014-10-27,123.9000015258789,124.30000305175781,121.80000305175781,123.0,64.78246307373047,3945372
DNB,DNB.OL,2014-10-28,123.5,124.0999984741211,122.4000015258789,124.0999984741211,65.36182403564453,2854357
DNB,DNB.OL,2014-10-29,124.30000305175781,124.9000015258789,123.0,124.0,65.30915832519531,2618917
DNB,DNB.OL,2014-10-30,123.9000015258789,124.4000015258789,121.5999984741211,123.5,65.04580688476562,3044319
DNB,DNB.OL,2014-10-31,124.69999694824219,124.80000305175781,123.69999694824219,123.9000015258789,65.2564697265625,3723937
DNB,DNB.OL,2014-11-03,123.5,124.5999984741211,123.0,123.0,64.78246307373047,1901124
DNB,DNB.OL,2014-11-04,123.0,124.19999694824219,122.4000015258789,122.5,64.51911926269531,2689587
DNB,DNB.OL,2014-11-05,123.0,125.0999984741211,122.4000015258789,124.5,65.57249450683594,2610808
DNB,DNB.OL,2014-11-06,124.5,124.5,121.5999984741211,122.30000305175781,64.41378021240234,3239864
DNB,DNB.OL,2014-11-07,123.0999984741211,123.5,121.30000305175781,122.19999694824219,64.3611068725586,2287976
DNB,DNB.OL,2014-11-10,122.5999984741211,122.9000015258789,121.30000305175781,121.5999984741211,64.04509735107422,1378599
DNB,DNB.OL,2014-11-11,122.5,123.80000305175781,122.19999694824219,122.9000015258789,64.72979736328125,1910753
DNB,DNB.OL,2014-11-12,123.0999984741211,123.5,121.19999694824219,121.5999984741211,64.04509735107422,2110157
DNB,DNB.OL,2014-11-13,121.9000015258789,123.0,120.30000305175781,121.5999984741211,64.04509735107422,2312172
DNB,DNB.OL,2014-11-14,121.69999694824219,122.0,120.19999694824219,120.5999984741211,63.51841735839844,2232569
DNB,DNB.OL,2014-11-17,119.69999694824219,121.4000015258789,119.19999694824219,121.19999694824219,63.83442687988281,2100276
DNB,DNB.OL,2014-11-18,121.5999984741211,122.19999694824219,121.0999984741211,121.80000305175781,64.15044403076172,1989232
DNB,DNB.OL,2014-11-19,123.0,124.80000305175781,122.4000015258789,124.0,65.30915832519531,3177994
DNB,DNB.OL,2014-11-20,124.4000015258789,124.5999984741211,123.19999694824219,123.5999984741211,65.09847259521484,1914694
DNB,DNB.OL,2014-11-21,123.5,124.69999694824219,123.0999984741211,123.9000015258789,65.2564697265625,3070988
DNB,DNB.OL,2014-11-24,124.0,125.9000015258789,124.0,125.4000015258789,66.04651641845703,2764982
DNB,DNB.OL,2014-11-25,125.69999694824219,126.80000305175781,125.5,126.5,66.62586212158203,2663039
DNB,DNB.OL,2014-11-26,126.5,126.9000015258789,124.80000305175781,124.9000015258789,65.78316497802734,2796892
DNB,DNB.OL,2014-11-27,124.4000015258789,124.5999984741211,119.5,120.30000305175781,63.36041259765625,6261218
DNB,DNB.OL,2014-11-28,118.69999694824219,119.0,113.9000015258789,116.5,61.35900115966797,6145650
DNB,DNB.OL,2014-12-01,115.19999694824219,115.30000305175781,112.9000015258789,113.69999694824219,59.88426971435547,4760826
DNB,DNB.OL,2014-12-02,114.5,116.19999694824219,111.5,114.0,60.04228210449219,3970648
DNB,DNB.OL,2014-12-03,114.4000015258789,117.0999984741211,113.80000305175781,116.5,61.35900115966797,2989291
DNB,DNB.OL,2014-12-04,116.19999694824219,118.0,115.5999984741211,116.30000305175781,61.253665924072266,3543388
DNB,DNB.OL,2014-12-05,116.80000305175781,117.5999984741211,115.80000305175781,116.5,61.35900115966797,2482093
DNB,DNB.OL,2014-12-08,116.19999694824219,116.5999984741211,113.5,114.0,60.04228210449219,2980768
DNB,DNB.OL,2014-12-09,112.9000015258789,114.0,111.0,113.4000015258789,59.72627639770508,3975617
DNB,DNB.OL,2014-12-10,114.5,115.0,113.69999694824219,113.9000015258789,59.98963165283203,2584382
DNB,DNB.OL,2014-12-11,113.4000015258789,114.4000015258789,112.80000305175781,113.5999984741211,59.83161163330078,2839516
DNB,DNB.OL,2014-12-12,112.19999694824219,113.4000015258789,108.30000305175781,108.30000305175781,57.04016876220703,4215337
DNB,DNB.OL,2014-12-15,107.9000015258789,108.80000305175781,105.69999694824219,108.0,56.882171630859375,4406399
DNB,DNB.OL,2014-12-16,107.69999694824219,107.69999694824219,102.0999984741211,103.19999694824219,54.35406494140625,6504213
DNB,DNB.OL,2014-12-17,103.19999694824219,106.5,102.0999984741211,106.5,56.09212875366211,4318790
DNB,DNB.OL,2014-12-18,108.19999694824219,112.80000305175781,108.0,112.0,58.98891067504883,6462273
DNB,DNB.OL,2014-12-19,112.30000305175781,112.30000305175781,109.69999694824219,111.30000305175781,58.620235443115234,5335045
DNB,DNB.OL,2014-12-22,111.69999694824219,112.0,110.5,111.0999984741211,58.51488494873047,2514760
DNB,DNB.OL,2014-12-23,110.9000015258789,111.30000305175781,110.19999694824219,111.19999694824219,58.567562103271484,1397923
DNB,DNB.OL,2014-12-29,111.30000305175781,111.5999984741211,110.0999984741211,111.0,58.46223068237305,1134837
DNB,DNB.OL,2014-12-30,110.5999984741211,111.5,110.0999984741211,110.69999694824219,58.30421447753906,1385315
DNB,DNB.OL,2015-01-02,110.80000305175781,112.0,110.19999694824219,111.0999984741211,58.51488494873047,1491611
DNB,DNB.OL,2015-01-05,110.80000305175781,111.80000305175781,105.80000305175781,106.80000305175781,56.2501335144043,3876978
DNB,DNB.OL,2015-01-06,105.69999694824219,108.19999694824219,105.0999984741211,106.5,56.09212875366211,3390936
DNB,DNB.OL,2015-01-07,105.30000305175781,106.0,103.0999984741211,104.5999984741211,55.091426849365234,5186343
DNB,DNB.OL,2015-01-08,106.30000305175781,107.19999694824219,104.30000305175781,107.0,56.3554801940918,4353723
DNB,DNB.OL,2015-01-09,106.30000305175781,107.69999694824219,105.0,105.30000305175781,55.46011734008789,3231426
DNB,DNB.OL,2015-01-12,105.5,105.5,102.5,103.0,54.24872970581055,2937974
DNB,DNB.OL,2015-01-13,103.0999984741211,103.9000015258789,101.0,103.5999984741211,54.56474304199219,5935120
DNB,DNB.OL,2015-01-14,102.19999694824219,104.5999984741211,102.0,102.9000015258789,54.19606018066406,3857010
DNB,DNB.OL,2015-01-15,103.69999694824219,104.5999984741211,100.9000015258789,104.0,54.775413513183594,5301955
DNB,DNB.OL,2015-01-16,103.5999984741211,104.30000305175781,103.0999984741211,104.0,54.775413513183594,3354078
DNB,DNB.OL,2015-01-19,104.9000015258789,106.69999694824219,104.30000305175781,106.5999984741211,56.14480209350586,2464121
DNB,DNB.OL,2015-01-20,106.9000015258789,107.9000015258789,106.0999984741211,107.5999984741211,56.671485900878906,2953608
DNB,DNB.OL,2015-01-21,107.5999984741211,108.69999694824219,106.5999984741211,108.5999984741211,57.19816589355469,3446989
DNB,DNB.OL,2015-01-22,108.5,109.5,107.9000015258789,109.30000305175781,57.566864013671875,3970180
DNB,DNB.OL,2015-01-23,109.9000015258789,110.5999984741211,108.30000305175781,108.5,57.145503997802734,3836816
DNB,DNB.OL,2015-01-26,108.0,109.80000305175781,107.0999984741211,109.19999694824219,57.514190673828125,2673679
DNB,DNB.OL,2015-01-27,109.0999984741211,109.19999694824219,107.4000015258789,107.5,56.61882781982422,3420279
DNB,DNB.OL,2015-01-28,108.69999694824219,110.30000305175781,107.0999984741211,107.30000305175781,56.51348114013672,4956606
DNB,DNB.OL,2015-01-29,107.5,112.80000305175781,107.0999984741211,111.9000015258789,58.93625259399414,5024715
DNB,DNB.OL,2015-01-30,111.9000015258789,113.5,111.0999984741211,112.30000305175781,59.14692306518555,4026318
DNB,DNB.OL,2015-02-02,112.30000305175781,114.5,111.0999984741211,113.0999984741211,59.56825637817383,4516714
DNB,DNB.OL,2015-02-03,114.19999694824219,116.80000305175781,114.0999984741211,116.80000305175781,61.51701354980469,4766925
DNB,DNB.OL,2015-02-04,116.9000015258789,117.0,114.4000015258789,116.5999984741211,61.411678314208984,5470433
DNB,DNB.OL,2015-02-05,116.69999694824219,120.69999694824219,116.5999984741211,117.4000015258789,61.83301544189453,6696376
DNB,DNB.OL,2015-02-06,118.0,120.5,117.5999984741211,120.5,63.46574783325195,4219106
DNB,DNB.OL,2015-02-09,120.0999984741211,120.69999694824219,118.4000015258789,119.30000305175781,62.83371353149414,2828373
DNB,DNB.OL,2015-02-10,119.80000305175781,120.5,118.4000015258789,119.30000305175781,62.83371353149414,3357936
DNB,DNB.OL,2015-02-11,119.9000015258789,120.30000305175781,117.80000305175781,118.5,62.41236877441406,3334599
DNB,DNB.OL,2015-02-12,118.80000305175781,121.0999984741211,118.80000305175781,119.69999694824219,63.044403076171875,3114378
DNB,DNB.OL,2015-02-13,120.5,122.69999694824219,120.0999984741211,122.69999694824219,64.62445068359375,2502274
DNB,DNB.OL,2015-02-16,122.80000305175781,123.9000015258789,122.5,123.9000015258789,65.2564697265625,2126856
DNB,DNB.OL,2015-02-17,123.5999984741211,125.0,122.69999694824219,122.9000015258789,64.72979736328125,2775573
DNB,DNB.OL,2015-02-18,123.69999694824219,125.30000305175781,123.0999984741211,124.69999694824219,65.67782592773438,2160642
DNB,DNB.OL,2015-02-19,124.69999694824219,125.0,123.5999984741211,124.69999694824219,65.67782592773438,2198603
DNB,DNB.OL,2015-02-20,124.30000305175781,125.30000305175781,122.80000305175781,123.0999984741211,64.83512878417969,2069952
DNB,DNB.OL,2015-02-23,124.5,126.5,124.0,126.0,66.3625259399414,2582075
DNB,DNB.OL,2015-02-24,126.0,126.0,124.0,125.80000305175781,66.25718688964844,2736514
DNB,DNB.OL,2015-02-25,125.69999694824219,126.69999694824219,125.30000305175781,126.5,66.62586212158203,1684913
DNB,DNB.OL,2015-02-26,125.80000305175781,127.0999984741211,125.5,126.80000305175781,66.78388214111328,1829683
DNB,DNB.OL,2015-02-27,125.5,126.5999984741211,124.30000305175781,124.80000305175781,65.73050689697266,2679024
DNB,DNB.OL,2015-03-02,125.19999694824219,127.19999694824219,125.0999984741211,126.19999694824219,66.46785736083984,2661863
DNB,DNB.OL,2015-03-03,126.4000015258789,127.19999694824219,125.80000305175781,126.30000305175781,66.5205307006836,1366954
DNB,DNB.OL,2015-03-04,126.30000305175781,126.5,124.69999694824219,126.0,66.3625259399414,2038418
DNB,DNB.OL,2015-03-05,126.69999694824219,129.3000030517578,126.69999694824219,127.9000015258789,67.36322784423828,2724659
DNB,DNB.OL,2015-03-06,128.0,129.1999969482422,127.9000015258789,128.10000610351562,67.46856689453125,1544925
DNB,DNB.OL,2015-03-09,127.80000305175781,129.0,127.4000015258789,128.3000030517578,67.57390594482422,2100015
DNB,DNB.OL,2015-03-10,127.80000305175781,128.3000030517578,125.5999984741211,126.5,66.62586212158203,2364201
DNB,DNB.OL,2015-03-11,126.80000305175781,128.0,126.5,127.4000015258789,67.09988403320312,2014443
DNB,DNB.OL,2015-03-12,129.10000610351562,131.10000610351562,128.39999389648438,128.8000030517578,67.8372573852539,3165339
DNB,DNB.OL,2015-03-13,129.39999389648438,130.39999389648438,129.10000610351562,129.60000610351562,68.25859832763672,2025527
DNB,DNB.OL,2015-03-16,130.1999969482422,130.39999389648438,128.39999389648438,128.89999389648438,67.8899154663086,1825384
DNB,DNB.OL,2015-03-17,129.3000030517578,130.39999389648438,127.5,128.5,67.67923736572266,2771791
DNB,DNB.OL,2015-03-18,128.6999969482422,129.5,127.80000305175781,128.8000030517578,67.8372573852539,2969561
DNB,DNB.OL,2015-03-19,129.0,129.0,126.80000305175781,127.19999694824219,66.99455261230469,2971904
DNB,DNB.OL,2015-03-20,127.5999984741211,129.89999389648438,127.5999984741211,129.39999389648438,68.15325164794922,2676665
DNB,DNB.OL,2015-03-23,129.3000030517578,130.0,128.89999389648438,129.5,68.2059326171875,1761320
DNB,DNB.OL,2015-03-24,129.39999389648438,129.8000030517578,128.6999969482422,129.3000030517578,68.10059356689453,1616611
DNB,DNB.OL,2015-03-25,129.5,129.60000610351562,128.10000610351562,128.39999389648438,67.62657165527344,1868931
DNB,DNB.OL,2015-03-26,127.69999694824219,127.9000015258789,125.4000015258789,127.0,66.88920593261719,2257854
DNB,DNB.OL,2015-03-27,127.5999984741211,129.0,127.5999984741211,127.9000015258789,67.36322784423828,1708618
DNB,DNB.OL,2015-03-30,129.0,129.39999389648438,128.60000610351562,129.0,67.94258117675781,1077212
DNB,DNB.OL,2015-03-31,129.5,130.39999389648438,129.1999969482422,129.6999969482422,68.31126403808594,2482292
DNB,DNB.OL,2015-04-01,129.10000610351562,131.5,128.89999389648438,131.0,68.9959487915039,1411845
DNB,DNB.OL,2015-04-07,132.10000610351562,135.0,131.8000030517578,135.0,71.10270690917969,2887590
DNB,DNB.OL,2015-04-08,134.8000030517578,134.89999389648438,133.0,134.8000030517578,70.99736785888672,1977283
DNB,DNB.OL,2015-04-09,135.0,135.3000030517578,134.3000030517578,134.39999389648438,70.78668975830078,1993797
DNB,DNB.OL,2015-04-10,135.0,137.5,134.39999389648438,136.89999389648438,72.1034164428711,2473544
DNB,DNB.OL,2015-04-13,136.6999969482422,137.60000610351562,136.3000030517578,137.5,72.41941833496094,2174575
DNB,DNB.OL,2015-04-14,137.1999969482422,138.0,136.1999969482422,137.89999389648438,72.63008880615234,1762815
DNB,DNB.OL,2015-04-15,138.1999969482422,139.1999969482422,137.39999389648438,137.89999389648438,72.63008880615234,2169721
DNB,DNB.OL,2015-04-16,137.89999389648438,137.89999389648438,136.6999969482422,137.10000610351562,72.20875549316406,1753330
DNB,DNB.OL,2015-04-17,136.5,137.60000610351562,135.10000610351562,135.10000610351562,71.15538024902344,1779184
DNB,DNB.OL,2015-04-20,135.0,138.60000610351562,135.0,137.0,72.15607452392578,2480046
DNB,DNB.OL,2015-04-21,138.6999969482422,143.0,138.1999969482422,142.1999969482422,74.89483642578125,4318135
DNB,DNB.OL,2015-04-22,141.60000610351562,142.0,138.1999969482422,138.1999969482422,72.78809356689453,3239469
DNB,DNB.OL,2015-04-23,138.6999969482422,139.6999969482422,137.10000610351562,139.60000610351562,73.52545928955078,2532421
DNB,DNB.OL,2015-04-24,135.0,137.39999389648438,135.0,136.60000610351562,73.95861053466797,2508186
DNB,DNB.OL,2015-04-27,136.89999389648438,139.3000030517578,136.10000610351562,139.0,75.25802612304688,1856864
DNB,DNB.OL,2015-04-28,138.39999389648438,138.60000610351562,136.60000610351562,137.6999969482422,74.55416870117188,2197093
DNB,DNB.OL,2015-04-29,137.6999969482422,138.5,135.0,135.5,73.363037109375,2008432
DNB,DNB.OL,2015-04-30,135.1999969482422,135.3000030517578,131.5,134.0,72.55089569091797,4677431
DNB,DNB.OL,2015-05-04,138.1999969482422,138.8000030517578,135.60000610351562,136.89999389648438,74.12104034423828,2218875
DNB,DNB.OL,2015-05-05,137.3000030517578,137.60000610351562,135.1999969482422,135.1999969482422,73.20060729980469,1936677
DNB,DNB.OL,2015-05-06,134.6999969482422,135.39999389648438,132.89999389648438,133.89999389648438,72.49674987792969,2561964
DNB,DNB.OL,2015-05-07,133.8000030517578,137.1999969482422,133.60000610351562,137.10000610351562,74.22931671142578,3723107
DNB,DNB.OL,2015-05-08,137.39999389648438,137.6999969482422,135.8000030517578,137.1999969482422,74.28345489501953,2166408
DNB,DNB.OL,2015-05-11,137.0,138.5,136.60000610351562,138.5,74.98729705810547,2240765
DNB,DNB.OL,2015-05-12,137.8000030517578,138.10000610351562,136.8000030517578,137.6999969482422,74.55416870117188,2379259
DNB,DNB.OL,2015-05-13,138.39999389648438,139.8000030517578,138.0,139.8000030517578,75.691162109375,1966325
DNB,DNB.OL,2015-05-15,139.8000030517578,140.1999969482422,138.8000030517578,138.8000030517578,75.14973449707031,1807533
DNB,DNB.OL,2015-05-18,138.3000030517578,139.89999389648438,138.0,139.5,75.52874755859375,1846164
DNB,DNB.OL,2015-05-19,139.60000610351562,140.10000610351562,138.60000610351562,139.1999969482422,75.36629486083984,1714596
DNB,DNB.OL,2015-05-20,139.0,140.0,138.3000030517578,139.5,75.52874755859375,1583834
DNB,DNB.OL,2015-05-21,139.1999969482422,139.39999389648438,138.0,138.60000610351562,75.04145050048828,1908710
DNB,DNB.OL,2015-05-22,139.10000610351562,139.60000610351562,138.6999969482422,139.5,75.52874755859375,1386404
DNB,DNB.OL,2015-05-26,138.0,138.60000610351562,136.10000610351562,136.8000030517578,74.06687927246094,1869913
DNB,DNB.OL,2015-05-27,137.1999969482422,137.39999389648438,135.8000030517578,137.39999389648438,74.39173889160156,1398606
DNB,DNB.OL,2015-05-28,136.8000030517578,137.6999969482422,136.5,137.0,74.1751708984375,1176451
DNB,DNB.OL,2015-05-29,137.10000610351562,138.0,135.10000610351562,136.5,73.90446472167969,3469069
DNB,DNB.OL,2015-06-01,136.6999969482422,136.6999969482422,134.6999969482422,136.3000030517578,73.79617309570312,1426380
DNB,DNB.OL,2015-06-02,136.5,136.89999389648438,134.10000610351562,135.89999389648438,73.57958984375,2484480
DNB,DNB.OL,2015-06-03,136.10000610351562,137.8000030517578,135.89999389648438,137.8000030517578,74.60831451416016,1780336
DNB,DNB.OL,2015-06-04,137.3000030517578,138.39999389648438,136.89999389648438,138.1999969482422,74.82487487792969,1851032
DNB,DNB.OL,2015-06-05,137.8000030517578,138.5,136.1999969482422,137.6999969482422,74.55416870117188,1402435
DNB,DNB.OL,2015-06-08,138.10000610351562,138.39999389648438,137.0,137.60000610351562,74.5000228881836,1617516
DNB,DNB.OL,2015-06-09,137.60000610351562,137.89999389648438,134.60000610351562,135.3000030517578,73.25474548339844,2306437
DNB,DNB.OL,2015-06-10,134.6999969482422,135.1999969482422,134.1999969482422,134.1999969482422,72.65918731689453,2232550
DNB,DNB.OL,2015-06-11,134.5,135.89999389648438,134.5,135.39999389648438,73.30889129638672,1609082
DNB,DNB.OL,2015-06-12,135.3000030517578,135.39999389648438,132.6999969482422,132.89999389648438,71.955322265625,2563096
DNB,DNB.OL,2015-06-15,132.60000610351562,133.60000610351562,132.0,132.60000610351562,71.79290771484375,2013757
DNB,DNB.OL,2015-06-16,132.3000030517578,133.39999389648438,131.1999969482422,133.0,72.00947570800781,1973494
DNB,DNB.OL,2015-06-17,133.8000030517578,134.60000610351562,132.60000610351562,132.89999389648438,71.955322265625,1753136
DNB,DNB.OL,2015-06-18,132.89999389648438,132.89999389648438,130.10000610351562,131.3000030517578,71.08905029296875,3210590
DNB,DNB.OL,2015-06-19,131.0,131.89999389648438,129.8000030517578,131.39999389648438,71.14318084716797,3084886
DNB,DNB.OL,2015-06-22,132.89999389648438,134.8000030517578,132.3000030517578,134.60000610351562,72.8757553100586,1785205
DNB,DNB.OL,2015-06-23,135.1999969482422,135.5,133.89999389648438,134.3000030517578,72.71332550048828,1656456
DNB,DNB.OL,2015-06-24,134.39999389648438,135.60000610351562,134.3000030517578,135.3000030517578,73.25474548339844,2082008
DNB,DNB.OL,2015-06-25,134.5,135.5,134.3000030517578,134.39999389648438,72.76746368408203,1860564
DNB,DNB.OL,2015-06-26,133.89999389648438,134.3000030517578,132.6999969482422,133.89999389648438,72.49674987792969,1395846
DNB,DNB.OL,2015-06-29,130.0,132.0,130.0,131.3000030517578,71.08905029296875,1886280
DNB,DNB.OL,2015-06-30,130.8000030517578,131.3000030517578,129.3000030517578,130.8000030517578,70.8183364868164,2459275
DNB,DNB.OL,2015-07-01,131.3000030517578,132.8000030517578,130.89999389648438,130.89999389648438,70.87247467041016,2097464
DNB,DNB.OL,2015-07-02,131.10000610351562,131.39999389648438,129.6999969482422,130.10000610351562,70.4393539428711,1444832
DNB,DNB.OL,2015-07-03,129.89999389648438,130.39999389648438,128.8000030517578,129.39999389648438,70.0603256225586,1198570
DNB,DNB.OL,2015-07-06,126.9000015258789,127.9000015258789,125.0,125.80000305175781,68.11122131347656,2360155
DNB,DNB.OL,2015-07-07,126.30000305175781,127.5999984741211,125.5999984741211,126.0999984741211,68.27364349365234,2189297
DNB,DNB.OL,2015-07-08,125.4000015258789,126.30000305175781,125.0,125.30000305175781,67.84049987792969,1872465
DNB,DNB.OL,2015-07-09,126.30000305175781,127.9000015258789,126.30000305175781,127.4000015258789,68.97749328613281,2569119
DNB,DNB.OL,2015-07-10,132.0,134.5,131.1999969482422,133.3000030517578,72.17189025878906,4070984
DNB,DNB.OL,2015-07-13,134.60000610351562,136.5,134.60000610351562,135.60000610351562,73.41717529296875,2249014
DNB,DNB.OL,2015-07-14,135.8000030517578,135.89999389648438,133.6999969482422,135.10000610351562,73.14646911621094,1589435
DNB,DNB.OL,2015-07-15,135.3000030517578,138.10000610351562,135.3000030517578,137.8000030517578,74.60831451416016,1774434
DNB,DNB.OL,2015-07-16,138.10000610351562,138.8000030517578,136.5,136.89999389648438,74.12104034423828,1889851
DNB,DNB.OL,2015-07-17,137.8000030517578,138.1999969482422,136.8000030517578,137.5,74.44588470458984,1683033
DNB,DNB.OL,2015-07-20,137.5,138.8000030517578,137.3000030517578,138.10000610351562,74.77073669433594,1152606
DNB,DNB.OL,2015-07-21,138.10000610351562,138.6999969482422,137.10000610351562,137.6999969482422,74.55416870117188,999466
DNB,DNB.OL,2015-07-22,137.0,137.6999969482422,135.8000030517578,136.6999969482422,74.01273345947266,1872261
DNB,DNB.OL,2015-07-23,137.39999389648438,137.39999389648438,136.1999969482422,136.89999389648438,74.12104034423828,1215643
DNB,DNB.OL,2015-07-24,136.39999389648438,136.89999389648438,135.8000030517578,136.39999389648438,73.85030364990234,1176552
DNB,DNB.OL,2015-07-27,135.89999389648438,136.10000610351562,132.8000030517578,133.10000610351562,72.0636215209961,1277036
DNB,DNB.OL,2015-07-28,133.5,134.89999389648438,132.8000030517578,133.39999389648438,72.22603607177734,1407612
DNB,DNB.OL,2015-07-29,133.8000030517578,134.89999389648438,133.5,134.6999969482422,72.92990112304688,1611689
DNB,DNB.OL,2015-07-30,134.89999389648438,135.0,133.1999969482422,133.8000030517578,72.44261169433594,1211913
DNB,DNB.OL,2015-07-31,133.8000030517578,134.39999389648438,133.1999969482422,133.1999969482422,72.11775970458984,1695367
DNB,DNB.OL,2015-08-03,133.5,133.6999969482422,132.60000610351562,133.10000610351562,72.0636215209961,1376101
DNB,DNB.OL,2015-08-04,132.6999969482422,132.8000030517578,129.0,129.1999969482422,69.95206451416016,2657141
DNB,DNB.OL,2015-08-05,129.6999969482422,131.1999969482422,129.3000030517578,130.89999389648438,70.87247467041016,1830624
DNB,DNB.OL,2015-08-06,130.39999389648438,131.3000030517578,130.10000610351562,130.10000610351562,70.4393539428711,1602223
DNB,DNB.OL,2015-08-07,130.0,131.0,130.0,130.3000030517578,70.5476303100586,898238
DNB,DNB.OL,2015-08-10,130.10000610351562,131.6999969482422,130.0,131.3000030517578,71.08905029296875,1420959
DNB,DNB.OL,2015-08-11,131.3000030517578,132.0,129.39999389648438,129.39999389648438,70.0603256225586,1759264
DNB,DNB.OL,2015-08-12,129.0,129.39999389648438,127.4000015258789,127.4000015258789,68.97749328613281,2052476
DNB,DNB.OL,2015-08-13,127.9000015258789,129.1999969482422,126.80000305175781,128.39999389648438,69.5189208984375,2094837
DNB,DNB.OL,2015-08-14,128.39999389648438,128.6999969482422,126.19999694824219,126.30000305175781,68.38191986083984,2013147
DNB,DNB.OL,2015-08-17,127.0999984741211,127.80000305175781,125.5999984741211,125.9000015258789,68.16535186767578,1377246
DNB,DNB.OL,2015-08-18,126.0999984741211,127.0,125.0,125.30000305175781,67.84049987792969,1549233
DNB,DNB.OL,2015-08-19,125.80000305175781,125.80000305175781,124.69999694824219,124.9000015258789,67.62393951416016,1571180
DNB,DNB.OL,2015-08-20,124.0,124.0999984741211,120.30000305175781,120.30000305175781,65.13337707519531,2526848
DNB,DNB.OL,2015-08-21,118.4000015258789,120.5999984741211,117.5999984741211,119.5999984741211,64.75437927246094,3059113
DNB,DNB.OL,2015-08-24,116.0,116.5999984741211,110.5,113.69999694824219,61.559967041015625,4355544
DNB,DNB.OL,2015-08-25,114.30000305175781,118.4000015258789,113.69999694824219,116.80000305175781,63.23839569091797,4203441
DNB,DNB.OL,2015-08-26,115.0999984741211,118.30000305175781,113.5999984741211,115.9000015258789,62.75111770629883,4190736
DNB,DNB.OL,2015-08-27,117.80000305175781,119.9000015258789,116.80000305175781,117.80000305175781,63.779823303222656,3679448
DNB,DNB.OL,2015-08-28,120.0999984741211,120.30000305175781,117.19999694824219,117.80000305175781,63.779823303222656,2592988
DNB,DNB.OL,2015-08-31,117.5999984741211,118.4000015258789,116.19999694824219,118.4000015258789,64.10466766357422,1512793
DNB,DNB.OL,2015-09-01,117.0999984741211,117.9000015258789,115.19999694824219,115.5,62.53453826904297,2666889
DNB,DNB.OL,2015-09-02,116.0,117.0,113.80000305175781,114.80000305175781,62.155540466308594,2259688
DNB,DNB.OL,2015-09-03,115.5999984741211,119.0,115.5999984741211,119.0,64.42952728271484,3281394
DNB,DNB.OL,2015-09-04,117.19999694824219,117.69999694824219,115.19999694824219,115.4000015258789,62.48040008544922,2399129
DNB,DNB.OL,2015-09-07,116.0,116.9000015258789,115.4000015258789,115.5999984741211,62.58869934082031,1342512
DNB,DNB.OL,2015-09-08,116.30000305175781,119.0999984741211,116.19999694824219,118.5999984741211,64.21296691894531,2122234
DNB,DNB.OL,2015-09-09,120.5,120.5,118.9000015258789,119.0,64.42952728271484,1725253
DNB,DNB.OL,2015-09-10,117.5,118.69999694824219,116.80000305175781,117.69999694824219,63.72566604614258,1683238
DNB,DNB.OL,2015-09-11,117.80000305175781,118.0,116.4000015258789,116.5999984741211,63.13011169433594,1716770
DNB,DNB.OL,2015-09-14,116.5,117.30000305175781,112.80000305175781,113.0,61.18098831176758,2771102
DNB,DNB.OL,2015-09-15,113.0,114.4000015258789,112.69999694824219,112.9000015258789,61.1268424987793,2456274
DNB,DNB.OL,2015-09-16,113.0,114.80000305175781,113.0,114.5,61.99311065673828,2486502
DNB,DNB.OL,2015-09-17,115.0,116.5999984741211,115.0,116.0999984741211,62.859405517578125,2489092
DNB,DNB.OL,2015-09-18,116.30000305175781,116.9000015258789,114.0999984741211,115.0,62.263824462890625,4134793
DNB,DNB.OL,2015-09-21,114.5999984741211,115.80000305175781,113.80000305175781,115.19999694824219,62.37211227416992,1673467
DNB,DNB.OL,2015-09-22,115.0,115.4000015258789,112.9000015258789,112.9000015258789,61.1268424987793,2589890
DNB,DNB.OL,2015-09-23,113.19999694824219,114.0,111.5999984741211,111.5999984741211,60.42298126220703,2643096
DNB,DNB.OL,2015-09-24,112.0,112.0,105.69999694824219,106.0999984741211,57.44514465332031,4879355
DNB,DNB.OL,2015-09-25,107.9000015258789,108.5999984741211,107.0999984741211,107.4000015258789,58.14899826049805,3552970
DNB,DNB.OL,2015-09-28,107.0,108.0999984741211,104.9000015258789,105.4000015258789,57.06614685058594,2846380
DNB,DNB.OL,2015-09-29,105.30000305175781,108.5,104.19999694824219,107.69999694824219,58.31143569946289,3130511
DNB,DNB.OL,2015-09-30,110.9000015258789,112.4000015258789,110.0,110.69999694824219,59.935707092285156,3662479
DNB,DNB.OL,2015-10-01,112.0999984741211,114.0999984741211,111.0999984741211,113.80000305175781,61.614112854003906,3326619
DNB,DNB.OL,2015-10-02,114.0,114.19999694824219,111.4000015258789,111.69999694824219,60.47712326049805,2256100
DNB,DNB.OL,2015-10-05,114.0999984741211,115.0999984741211,113.5,115.0999984741211,62.31796646118164,2068185
DNB,DNB.OL,2015-10-06,115.5,117.30000305175781,114.69999694824219,117.0,63.346675872802734,2260043
DNB,DNB.OL,2015-10-07,117.4000015258789,123.4000015258789,116.9000015258789,122.69999694824219,66.43278503417969,4537988
DNB,DNB.OL,2015-10-08,120.0999984741211,121.19999694824219,118.30000305175781,120.9000015258789,65.45824432373047,3036687
DNB,DNB.OL,2015-10-09,122.19999694824219,122.5,119.5999984741211,119.9000015258789,64.91680908203125,1690342
DNB,DNB.OL,2015-10-12,120.30000305175781,120.9000015258789,118.0,118.69999694824219,64.26710510253906,1699354
DNB,DNB.OL,2015-10-13,118.0,118.0,115.0999984741211,116.19999694824219,62.913543701171875,2006198
DNB,DNB.OL,2015-10-14,115.4000015258789,117.80000305175781,115.30000305175781,117.19999694824219,63.45496368408203,1896377
DNB,DNB.OL,2015-10-15,118.30000305175781,118.5,116.0,116.9000015258789,63.292537689208984,1879181
DNB,DNB.OL,2015-10-16,117.80000305175781,118.0,116.4000015258789,116.5,63.07596206665039,2125925
DNB,DNB.OL,2015-10-19,116.5,117.80000305175781,115.9000015258789,116.69999694824219,63.18425750732422,1332953
DNB,DNB.OL,2015-10-20,116.5999984741211,117.30000305175781,115.5,116.69999694824219,63.18425750732422,1258303
DNB,DNB.OL,2015-10-21,116.4000015258789,116.5999984741211,114.19999694824219,115.0999984741211,62.31796646118164,2282649
DNB,DNB.OL,2015-10-22,111.5,112.5,106.30000305175781,110.0999984741211,59.61085891723633,8482399
DNB,DNB.OL,2015-10-23,110.0,110.30000305175781,106.80000305175781,109.5,59.28599548339844,5845592
DNB,DNB.OL,2015-10-26,109.30000305175781,111.5,108.19999694824219,109.69999694824219,59.39427185058594,2995707
DNB,DNB.OL,2015-10-27,109.69999694824219,109.80000305175781,108.30000305175781,109.0,59.015281677246094,2114168
DNB,DNB.OL,2015-10-28,108.9000015258789,109.69999694824219,108.0,109.19999694824219,59.12356948852539,1728025
DNB,DNB.OL,2015-10-29,108.80000305175781,108.80000305175781,105.5,105.5,57.12030029296875,3888222
DNB,DNB.OL,2015-10-30,106.30000305175781,109.0999984741211,106.0999984741211,108.19999694824219,58.5821418762207,3066048
DNB,DNB.OL,2015-11-02,108.0999984741211,108.80000305175781,107.5999984741211,108.5999984741211,58.798702239990234,2314216
DNB,DNB.OL,2015-11-03,108.69999694824219,108.9000015258789,106.80000305175781,108.5,58.74456787109375,2436366
DNB,DNB.OL,2015-11-04,108.9000015258789,113.9000015258789,108.0999984741211,112.80000305175781,61.072696685791016,5558267
DNB,DNB.OL,2015-11-05,112.5,113.69999694824219,111.5,111.5,60.36885452270508,2244209
DNB,DNB.OL,2015-11-06,110.9000015258789,114.80000305175781,110.9000015258789,113.69999694824219,61.559967041015625,3059027
DNB,DNB.OL,2015-11-09,114.30000305175781,115.30000305175781,113.9000015258789,114.5999984741211,62.04726028442383,2298746
DNB,DNB.OL,2015-11-10,114.30000305175781,114.5999984741211,111.19999694824219,111.5999984741211,60.42298126220703,3159347
DNB,DNB.OL,2015-11-11,111.5999984741211,112.4000015258789,110.69999694824219,111.0999984741211,60.15227127075195,2114154
DNB,DNB.OL,2015-11-12,110.69999694824219,112.5,110.30000305175781,110.69999694824219,59.935707092285156,3196871
DNB,DNB.OL,2015-11-13,110.0,111.0999984741211,108.5,108.69999694824219,58.85285186767578,2244300
DNB,DNB.OL,2015-11-16,108.0,109.80000305175781,107.5999984741211,109.0,59.015281677246094,1495055
DNB,DNB.OL,2015-11-17,109.80000305175781,113.4000015258789,109.5999984741211,112.5,60.91026306152344,2528744
DNB,DNB.OL,2015-11-18,112.30000305175781,113.5,112.0999984741211,113.0,61.18098831176758,2238505
DNB,DNB.OL,2015-11-19,114.19999694824219,115.19999694824219,113.69999694824219,113.9000015258789,61.66826629638672,2989709
DNB,DNB.OL,2015-11-20,113.80000305175781,113.80000305175781,110.0,110.30000305175781,59.71913146972656,4523592
DNB,DNB.OL,2015-11-23,110.19999694824219,111.5999984741211,109.0,109.9000015258789,59.502559661865234,2545936
DNB,DNB.OL,2015-11-24,109.69999694824219,111.30000305175781,108.69999694824219,111.0,60.09813690185547,2901840
DNB,DNB.OL,2015-11-25,110.80000305175781,113.9000015258789,109.19999694824219,111.0999984741211,60.15227127075195,4563515
DNB,DNB.OL,2015-11-26,111.69999694824219,113.0999984741211,111.4000015258789,111.80000305175781,60.53126525878906,2436563
DNB,DNB.OL,2015-11-27,111.0999984741211,112.9000015258789,111.0,111.9000015258789,60.58541488647461,1946354
DNB,DNB.OL,2015-11-30,112.4000015258789,114.5,111.9000015258789,114.4000015258789,61.93898010253906,3171969
DNB,DNB.OL,2015-12-01,113.4000015258789,115.4000015258789,113.0999984741211,115.19999694824219,62.37211227416992,2691087
DNB,DNB.OL,2015-12-02,114.80000305175781,115.69999694824219,114.4000015258789,115.0999984741211,62.31796646118164,2016153
DNB,DNB.OL,2015-12-03,114.4000015258789,116.0999984741211,114.0999984741211,114.19999694824219,61.830684661865234,2705279
DNB,DNB.OL,2015-12-04,114.0999984741211,114.4000015258789,112.30000305175781,112.5999984741211,60.96440887451172,3799349
DNB,DNB.OL,2015-12-07,113.5,114.19999694824219,113.0999984741211,113.5,61.45170211791992,2056813
DNB,DNB.OL,2015-12-08,111.69999694824219,112.4000015258789,109.9000015258789,110.5,59.82741928100586,4237123
DNB,DNB.OL,2015-12-09,110.5999984741211,111.4000015258789,108.0999984741211,109.5,59.28599548339844,3469122
DNB,DNB.OL,2015-12-10,108.9000015258789,110.4000015258789,108.0,109.0999984741211,59.069419860839844,3124441
DNB,DNB.OL,2015-12-11,108.9000015258789,109.0999984741211,105.9000015258789,105.9000015258789,57.33686447143555,2513313
DNB,DNB.OL,2015-12-14,106.80000305175781,106.80000305175781,103.5999984741211,103.5999984741211,56.091590881347656,3977942
DNB,DNB.OL,2015-12-15,104.0,108.30000305175781,103.80000305175781,107.69999694824219,58.31143569946289,3570504
DNB,DNB.OL,2015-12-16,108.69999694824219,109.69999694824219,107.69999694824219,108.9000015258789,58.961143493652344,2920656
DNB,DNB.OL,2015-12-17,110.0,110.5,108.19999694824219,108.80000305175781,58.90700149536133,3114225
DNB,DNB.OL,2015-12-18,107.69999694824219,108.69999694824219,106.4000015258789,106.9000015258789,57.878292083740234,3217876
DNB,DNB.OL,2015-12-21,106.4000015258789,107.0999984741211,105.4000015258789,106.0999984741211,57.44514465332031,2138118
DNB,DNB.OL,2015-12-22,105.9000015258789,107.5,105.80000305175781,106.30000305175781,57.553428649902344,1599442
DNB,DNB.OL,2015-12-23,107.0,109.9000015258789,107.0,109.69999694824219,59.39427185058594,1817761
DNB,DNB.OL,2015-12-28,109.5,110.30000305175781,109.0,109.30000305175781,59.17770004272461,753883
DNB,DNB.OL,2015-12-29,109.4000015258789,110.19999694824219,109.0,109.9000015258789,59.502559661865234,1181013
DNB,DNB.OL,2015-12-30,109.5999984741211,110.4000015258789,109.5999984741211,109.80000305175781,59.44841384887695,1172823
DNB,DNB.OL,2016-01-04,108.4000015258789,108.4000015258789,106.4000015258789,107.5999984741211,58.25728988647461,1832718
DNB,DNB.OL,2016-01-05,108.5999984741211,109.0,104.4000015258789,104.4000015258789,56.52471923828125,4012147
DNB,DNB.OL,2016-01-06,104.5,105.19999694824219,102.69999694824219,103.30000305175781,55.929168701171875,2429383
DNB,DNB.OL,2016-01-07,101.0999984741211,101.19999694824219,98.55000305175781,101.0,54.68388366699219,4519152
DNB,DNB.OL,2016-01-08,101.9000015258789,104.30000305175781,101.5,101.5999984741211,55.00873565673828,5113385
DNB,DNB.OL,2016-01-11,101.0999984741211,102.80000305175781,99.75,100.30000305175781,54.30488967895508,3190730
DNB,DNB.OL,2016-01-12,98.3499984741211,101.4000015258789,97.5,99.55000305175781,53.89881134033203,5203671
DNB,DNB.OL,2016-01-13,100.69999694824219,102.5,98.9000015258789,98.94999694824219,53.57395935058594,3780706
DNB,DNB.OL,2016-01-14,97.5999984741211,98.5999984741211,94.5999984741211,98.5999984741211,53.38446044921875,6701092
DNB,DNB.OL,2016-01-15,98.5,98.5999984741211,94.5,96.4000015258789,52.19334030151367,5083410
DNB,DNB.OL,2016-01-18,95.5,97.1500015258789,92.75,93.6500015258789,50.70441436767578,3299660
DNB,DNB.OL,2016-01-19,95.0,96.19999694824219,93.94999694824219,96.1500015258789,52.057979583740234,3955610
DNB,DNB.OL,2016-01-20,93.9000015258789,94.0,91.25,92.1500015258789,49.892276763916016,5119687
DNB,DNB.OL,2016-01-21,92.0,95.8499984741211,90.0999984741211,95.0999984741211,51.48948287963867,4986406
DNB,DNB.OL,2016-01-22,97.5,101.19999694824219,97.0,100.9000015258789,54.629737854003906,4180988
DNB,DNB.OL,2016-01-25,101.5,101.80000305175781,96.30000305175781,97.1500015258789,52.59939193725586,3466807
DNB,DNB.OL,2016-01-26,95.30000305175781,99.0999984741211,94.0999984741211,99.0,53.601043701171875,3995353
DNB,DNB.OL,2016-01-27,98.55000305175781,98.80000305175781,96.6500015258789,97.6500015258789,52.870113372802734,3525943
DNB,DNB.OL,2016-01-28,98.5,101.5,97.5,100.0999984741211,54.196598052978516,5116258
DNB,DNB.OL,2016-01-29,101.30000305175781,104.19999694824219,100.80000305175781,104.19999694824219,56.416439056396484,5107439
DNB,DNB.OL,2016-02-01,104.9000015258789,105.0,100.5,101.5,54.954593658447266,3551770
DNB,DNB.OL,2016-02-02,101.5,101.80000305175781,97.19999694824219,97.5,52.78889846801758,3996337
DNB,DNB.OL,2016-02-03,98.3499984741211,100.19999694824219,96.8499984741211,97.25,52.653541564941406,5425734
DNB,DNB.OL,2016-02-04,100.0,100.9000015258789,97.75,100.9000015258789,54.629737854003906,7088842
DNB,DNB.OL,2016-02-05,101.5,103.5999984741211,99.6500015258789,102.4000015258789,55.4418830871582,5961518
DNB,DNB.OL,2016-02-08,103.30000305175781,103.80000305175781,96.94999694824219,97.0,52.518184661865234,5195001
DNB,DNB.OL,2016-02-09,95.94999694824219,98.44999694824219,93.5,94.80000305175781,51.327049255371094,5227147
DNB,DNB.OL,2016-02-10,95.75,98.80000305175781,94.30000305175781,98.25,53.19496536254883,5835266
DNB,DNB.OL,2016-02-11,96.25,96.25,91.0999984741211,91.4000015258789,49.48621368408203,7762374
DNB,DNB.OL,2016-02-12,92.5999984741211,93.5,90.6500015258789,92.55000305175781,50.10884475708008,6556836
DNB,DNB.OL,2016-02-15,95.94999694824219,98.4000015258789,95.30000305175781,98.4000015258789,53.27617645263672,5946440
DNB,DNB.OL,2016-02-16,99.5,99.9000015258789,95.55000305175781,96.1500015258789,52.057979583740234,5179783
DNB,DNB.OL,2016-02-17,96.9000015258789,100.5,96.6500015258789,100.5,54.413169860839844,4202051
DNB,DNB.OL,2016-02-18,101.5,101.5,99.3499984741211,99.6500015258789,53.952964782714844,4159374
DNB,DNB.OL,2016-02-19,99.80000305175781,100.19999694824219,98.0,98.69999694824219,53.438602447509766,4337551
DNB,DNB.OL,2016-02-22,99.55000305175781,101.0999984741211,98.75,101.0,54.68388366699219,2769409
DNB,DNB.OL,2016-02-23,100.69999694824219,102.0,99.5999984741211,99.94999694824219,54.115394592285156,3328286
DNB,DNB.OL,2016-02-24,99.5,99.5,94.4000015258789,94.75,51.29997634887695,5008391
DNB,DNB.OL,2016-02-25,96.25,97.30000305175781,94.80000305175781,96.05000305175781,52.00382995605469,3428885
DNB,DNB.OL,2016-02-26,97.69999694824219,100.19999694824219,97.25,99.5999984741211,53.92588806152344,4194247
DNB,DNB.OL,2016-02-29,98.9000015258789,100.80000305175781,98.1500015258789,100.5,54.413169860839844,3311562
DNB,DNB.OL,2016-03-01,99.8499984741211,100.9000015258789,98.94999694824219,100.0999984741211,54.196598052978516,3896194
DNB,DNB.OL,2016-03-02,101.30000305175781,102.19999694824219,100.5,101.5,54.954593658447266,3452867
DNB,DNB.OL,2016-03-03,102.0999984741211,102.9000015258789,101.0999984741211,102.0999984741211,55.27944564819336,2294825
DNB,DNB.OL,2016-03-04,102.69999694824219,103.9000015258789,102.19999694824219,102.80000305175781,55.658451080322266,2993282
DNB,DNB.OL,2016-03-07,103.19999694824219,104.0,100.5999984741211,101.80000305175781,55.11703109741211,3463785
DNB,DNB.OL,2016-03-08,101.0999984741211,104.5,99.80000305175781,103.80000305175781,56.19987869262695,4501214
DNB,DNB.OL,2016-03-09,103.4000015258789,104.19999694824219,102.5999984741211,103.30000305175781,55.929168701171875,2750811
DNB,DNB.OL,2016-03-10,103.0,106.30000305175781,102.69999694824219,104.4000015258789,56.52471923828125,4496878
DNB,DNB.OL,2016-03-11,104.80000305175781,106.9000015258789,104.0999984741211,106.80000305175781,57.82414627075195,3973037
DNB,DNB.OL,2016-03-14,107.80000305175781,108.69999694824219,106.9000015258789,107.69999694824219,58.31143569946289,2645971
DNB,DNB.OL,2016-03-15,107.0,107.0999984741211,105.80000305175781,106.0,57.39099884033203,2590900
DNB,DNB.OL,2016-03-16,105.80000305175781,106.0,102.5,103.0,55.7667350769043,5029237
DNB,DNB.OL,2016-03-17,103.4000015258789,103.69999694824219,100.0,102.0,55.225311279296875,5430456
DNB,DNB.OL,2016-03-18,102.5,102.80000305175781,100.80000305175781,102.0999984741211,55.27944564819336,4334932
DNB,DNB.OL,2016-03-21,101.80000305175781,103.69999694824219,101.5999984741211,102.30000305175781,55.38774490356445,1988203
DNB,DNB.OL,2016-03-22,101.19999694824219,102.19999694824219,100.0,102.19999694824219,55.333595275878906,2331469
DNB,DNB.OL,2016-03-23,101.80000305175781,102.4000015258789,100.80000305175781,101.0999984741211,54.73802947998047,1074683
DNB,DNB.OL,2016-03-29,101.19999694824219,101.5999984741211,96.19999694824219,96.19999694824219,52.08503723144531,5701410
DNB,DNB.OL,2016-03-30,97.44999694824219,98.94999694824219,96.75,98.30000305175781,53.22203826904297,3776575
DNB,DNB.OL,2016-03-31,98.19999694824219,98.25,96.1500015258789,97.8499984741211,52.978389739990234,3768830
DNB,DNB.OL,2016-04-01,97.69999694824219,98.30000305175781,96.25,97.5,52.78889846801758,3454831
DNB,DNB.OL,2016-04-04,97.0,97.4000015258789,95.4000015258789,95.94999694824219,51.94969177246094,2718519
DNB,DNB.OL,2016-04-05,95.19999694824219,95.3499984741211,93.80000305175781,94.0999984741211,50.948062896728516,3286931
DNB,DNB.OL,2016-04-06,94.6500015258789,95.19999694824219,93.6500015258789,94.6500015258789,51.245845794677734,3108980
DNB,DNB.OL,2016-04-07,95.5,96.30000305175781,94.05000305175781,94.44999694824219,51.137550354003906,2624900
DNB,DNB.OL,2016-04-08,94.0999984741211,96.80000305175781,93.6500015258789,96.69999694824219,52.35575866699219,2646533
DNB,DNB.OL,2016-04-11,96.5999984741211,97.9000015258789,95.3499984741211,97.5,52.78889846801758,2329340
DNB,DNB.OL,2016-04-12,97.55000305175781,98.94999694824219,97.05000305175781,97.80000305175781,52.951324462890625,2608342
DNB,DNB.OL,2016-04-13,99.3499984741211,103.5,99.25,103.5,56.03744125366211,4744114
DNB,DNB.OL,2016-04-14,103.5,104.9000015258789,102.69999694824219,104.0999984741211,56.36229705810547,3276146
DNB,DNB.OL,2016-04-15,103.9000015258789,104.30000305175781,103.19999694824219,103.19999694824219,55.8750114440918,2172998
DNB,DNB.OL,2016-04-18,100.9000015258789,103.19999694824219,100.19999694824219,102.80000305175781,55.658451080322266,2847103
DNB,DNB.OL,2016-04-19,103.5,104.80000305175781,103.5,104.19999694824219,56.416439056396484,2774651
DNB,DNB.OL,2016-04-20,103.5,105.30000305175781,103.19999694824219,105.19999694824219,56.957862854003906,2406348
DNB,DNB.OL,2016-04-21,106.19999694824219,108.0999984741211,106.0,107.19999694824219,58.04072189331055,4273962
DNB,DNB.OL,2016-04-22,107.19999694824219,107.4000015258789,105.9000015258789,106.19999694824219,57.49930191040039,2115917
DNB,DNB.OL,2016-04-25,106.9000015258789,107.19999694824219,104.4000015258789,104.4000015258789,56.52471923828125,2877168
DNB,DNB.OL,2016-04-26,105.5999984741211,106.19999694824219,105.0,105.5999984741211,57.174434661865234,2937074
DNB,DNB.OL,2016-04-27,101.19999694824219,102.5999984741211,100.5999984741211,101.0,57.11788558959961,3979415
DNB,DNB.OL,2016-04-28,99.6500015258789,106.4000015258789,97.3499984741211,105.5999984741211,59.71929931640625,8288061
DNB,DNB.OL,2016-04-29,105.0,106.0999984741211,103.0999984741211,103.0999984741211,58.30548858642578,3981143
DNB,DNB.OL,2016-05-02,103.0999984741211,103.4000015258789,101.5999984741211,102.0,57.68341064453125,2078559
DNB,DNB.OL,2016-05-03,102.5,102.5,99.55000305175781,99.8499984741211,56.46754837036133,3177659
DNB,DNB.OL,2016-05-04,100.0999984741211,101.5,99.69999694824219,100.69999694824219,56.9482307434082,2414171
DNB,DNB.OL,2016-05-06,100.0,100.4000015258789,98.19999694824219,99.75,56.410980224609375,3566347
DNB,DNB.OL,2016-05-09,100.0999984741211,100.4000015258789,98.5,98.80000305175781,55.87373733520508,3162384
DNB,DNB.OL,2016-05-10,99.69999694824219,100.19999694824219,98.94999694824219,99.25,56.128211975097656,3427608
DNB,DNB.OL,2016-05-11,99.5999984741211,100.0999984741211,98.0,98.5999984741211,55.76063537597656,2262660
DNB,DNB.OL,2016-05-12,98.69999694824219,100.0,97.8499984741211,97.9000015258789,55.36476135253906,2880736
DNB,DNB.OL,2016-05-13,97.80000305175781,98.1500015258789,97.05000305175781,97.5,55.13855743408203,2724221
DNB,DNB.OL,2016-05-18,97.69999694824219,100.19999694824219,97.0999984741211,100.19999694824219,56.665462493896484,3893948
DNB,DNB.OL,2016-05-19,100.0,100.80000305175781,98.8499984741211,98.8499984741211,55.902015686035156,2917257
DNB,DNB.OL,2016-05-20,99.80000305175781,100.80000305175781,99.19999694824219,100.4000015258789,56.7785758972168,2448016
DNB,DNB.OL,2016-05-23,100.19999694824219,101.30000305175781,99.5999984741211,100.69999694824219,56.9482307434082,1436606
DNB,DNB.OL,2016-05-24,100.0,101.4000015258789,99.1500015258789,101.4000015258789,57.344093322753906,3030788
DNB,DNB.OL,2016-05-25,102.30000305175781,105.30000305175781,102.30000305175781,105.19999694824219,59.493080139160156,4745967
DNB,DNB.OL,2016-05-26,106.0,107.30000305175781,104.19999694824219,107.30000305175781,60.68069076538086,4406344
DNB,DNB.OL,2016-05-27,106.0999984741211,108.30000305175781,106.0,107.80000305175781,60.96345138549805,3317784
DNB,DNB.OL,2016-05-30,108.0999984741211,108.80000305175781,107.9000015258789,107.9000015258789,61.02000045776367,1394142
DNB,DNB.OL,2016-05-31,108.0999984741211,108.5,107.30000305175781,107.30000305175781,60.68069076538086,3113046
DNB,DNB.OL,2016-06-01,107.0999984741211,107.4000015258789,105.4000015258789,105.9000015258789,59.888946533203125,2434669
DNB,DNB.OL,2016-06-02,106.19999694824219,107.4000015258789,105.80000305175781,106.0999984741211,60.00204849243164,2805920
DNB,DNB.OL,2016-06-03,106.5,107.30000305175781,105.5,105.5,59.662742614746094,2663113
DNB,DNB.OL,2016-06-06,105.5,106.0999984741211,104.4000015258789,105.69999694824219,59.77584457397461,2068241
DNB,DNB.OL,2016-06-07,105.5,107.4000015258789,105.5,106.69999694824219,60.341365814208984,4582342
DNB,DNB.OL,2016-06-08,105.69999694824219,107.0999984741211,105.4000015258789,106.30000305175781,60.115150451660156,3778124
DNB,DNB.OL,2016-06-09,106.5999984741211,106.80000305175781,104.5,105.0999984741211,59.43653106689453,3000799
DNB,DNB.OL,2016-06-10,104.4000015258789,104.4000015258789,102.5999984741211,102.69999694824219,58.07926940917969,2914795
DNB,DNB.OL,2016-06-13,101.30000305175781,102.4000015258789,99.5,100.30000305175781,56.722023010253906,3215325
DNB,DNB.OL,2016-06-14,99.1500015258789,100.69999694824219,98.8499984741211,99.5,56.26959228515625,3489740
DNB,DNB.OL,2016-06-15,100.19999694824219,101.19999694824219,99.5,100.0,56.55236053466797,3280038
DNB,DNB.OL,2016-06-16,99.19999694824219,99.5,96.69999694824219,96.94999694824219,54.827510833740234,4183948
DNB,DNB.OL,2016-06-17,99.05000305175781,101.80000305175781,99.05000305175781,101.5999984741211,57.45719909667969,4308160
DNB,DNB.OL,2016-06-20,103.69999694824219,104.5,103.0999984741211,104.5,59.09722137451172,2485879
DNB,DNB.OL,2016-06-21,104.19999694824219,105.0,103.80000305175781,104.9000015258789,59.32342529296875,2768603
DNB,DNB.OL,2016-06-22,105.19999694824219,106.0,103.80000305175781,105.69999694824219,59.77584457397461,2553525
DNB,DNB.OL,2016-06-23,105.5,107.5999984741211,104.80000305175781,106.80000305175781,60.39793014526367,2802846
DNB,DNB.OL,2016-06-24,97.0,101.80000305175781,96.5,100.5,56.83512496948242,6521253
DNB,DNB.OL,2016-06-27,101.0,101.0,96.6500015258789,96.6500015258789,54.657859802246094,6304290
DNB,DNB.OL,2016-06-28,99.4000015258789,99.44999694824219,96.5,97.55000305175781,55.166831970214844,5084019
DNB,DNB.OL,2016-06-29,98.5,99.94999694824219,98.25,99.0,55.98683547973633,3617399
DNB,DNB.OL,2016-06-30,99.0999984741211,101.5999984741211,98.5,99.3499984741211,56.18476104736328,4738477
DNB,DNB.OL,2016-07-01,101.0,101.30000305175781,99.55000305175781,100.4000015258789,56.7785758972168,4268835
DNB,DNB.OL,2016-07-04,100.80000305175781,101.0,98.69999694824219,99.0999984741211,56.04338836669922,2909552
DNB,DNB.OL,2016-07-05,98.80000305175781,98.9000015258789,95.55000305175781,96.0,54.29026794433594,3702830
DNB,DNB.OL,2016-07-06,95.19999694824219,97.0,94.4000015258789,94.6500015258789,53.52680587768555,3712298
DNB,DNB.OL,2016-07-07,95.19999694824219,98.05000305175781,95.0,97.94999694824219,55.393043518066406,3113737
DNB,DNB.OL,2016-07-08,97.05000305175781,100.0,96.69999694824219,99.3499984741211,56.18476104736328,3077656
DNB,DNB.OL,2016-07-11,100.5,102.0999984741211,99.5,101.69999694824219,57.51374816894531,3312161
DNB,DNB.OL,2016-07-12,97.5999984741211,97.80000305175781,92.30000305175781,94.0,53.159210205078125,15136462
DNB,DNB.OL,2016-07-13,94.0999984741211,94.5,92.0999984741211,92.94999694824219,52.56541061401367,5621413
DNB,DNB.OL,2016-07-14,93.0999984741211,94.25,92.55000305175781,93.8499984741211,53.07439041137695,4464384
DNB,DNB.OL,2016-07-15,93.5,94.5999984741211,93.44999694824219,93.8499984741211,53.07439041137695,2645445
DNB,DNB.OL,2016-07-18,94.5,95.19999694824219,92.9000015258789,93.19999694824219,52.7067985534668,3276963
DNB,DNB.OL,2016-07-19,93.55000305175781,94.44999694824219,92.69999694824219,93.8499984741211,53.07439041137695,3884783
DNB,DNB.OL,2016-07-20,94.0,95.30000305175781,93.80000305175781,95.30000305175781,53.894405364990234,3244534
DNB,DNB.OL,2016-07-21,95.3499984741211,95.9000015258789,94.75,95.5,54.00750732421875,2843138
DNB,DNB.OL,2016-07-22,95.0,95.44999694824219,94.55000305175781,94.75,53.58335876464844,1710315
DNB,DNB.OL,2016-07-25,94.5,95.19999694824219,93.94999694824219,94.0,53.159210205078125,2017698
DNB,DNB.OL,2016-07-26,94.0,94.1500015258789,93.0999984741211,93.94999694824219,53.13093948364258,1927272
DNB,DNB.OL,2016-07-27,94.0,95.75,93.5999984741211,95.44999694824219,53.97923278808594,2183051
DNB,DNB.OL,2016-07-28,95.19999694824219,95.25,92.69999694824219,92.69999694824219,52.424041748046875,2774516
DNB,DNB.OL,2016-07-29,93.19999694824219,94.0,92.69999694824219,92.8499984741211,52.50886535644531,2248110
DNB,DNB.OL,2016-08-01,93.5,93.94999694824219,91.9000015258789,92.05000305175781,52.05645751953125,2926121
DNB,DNB.OL,2016-08-02,91.3499984741211,93.0,90.80000305175781,91.6500015258789,51.830238342285156,4508889
DNB,DNB.OL,2016-08-03,91.6500015258789,93.0,91.30000305175781,91.80000305175781,51.91506576538086,2583841
DNB,DNB.OL,2016-08-04,92.5,93.5999984741211,92.30000305175781,93.30000305175781,52.76335906982422,2298862
DNB,DNB.OL,2016-08-05,93.4000015258789,94.69999694824219,93.0999984741211,94.3499984741211,53.35715866088867,2152279
DNB,DNB.OL,2016-08-08,94.8499984741211,95.80000305175781,94.80000305175781,95.30000305175781,53.894405364990234,2371951
DNB,DNB.OL,2016-08-09,95.19999694824219,96.5,94.69999694824219,96.44999694824219,54.54475784301758,2339813
DNB,DNB.OL,2016-08-10,96.44999694824219,97.05000305175781,95.9000015258789,96.75,54.71440124511719,2070429
DNB,DNB.OL,2016-08-11,96.6500015258789,96.9000015258789,96.1500015258789,96.4000015258789,54.5164794921875,1605231
DNB,DNB.OL,2016-08-12,96.75,97.19999694824219,96.0,96.30000305175781,54.459930419921875,1470368
DNB,DNB.OL,2016-08-15,96.5,98.0999984741211,96.05000305175781,97.25,54.99715805053711,2278000
DNB,DNB.OL,2016-08-16,96.80000305175781,96.94999694824219,96.05000305175781,96.4000015258789,54.5164794921875,2256547
DNB,DNB.OL,2016-08-17,96.25,96.75,94.4000015258789,94.44999694824219,53.41370391845703,2917886
DNB,DNB.OL,2016-08-18,95.19999694824219,95.5,94.5,94.5,53.441978454589844,2496184
DNB,DNB.OL,2016-08-19,94.6500015258789,95.3499984741211,94.0,94.55000305175781,53.47025680541992,1928980
DNB,DNB.OL,2016-08-22,94.6500015258789,96.5,94.55000305175781,95.75,54.148887634277344,2975211
DNB,DNB.OL,2016-08-23,95.8499984741211,98.0,95.75,98.0,55.42131805419922,2436651
DNB,DNB.OL,2016-08-24,97.44999694824219,98.80000305175781,97.30000305175781,98.1500015258789,55.50613784790039,2711898
DNB,DNB.OL,2016-08-25,98.44999694824219,98.5,97.0,97.5999984741211,55.19510269165039,2611739
DNB,DNB.OL,2016-08-26,97.6500015258789,98.0999984741211,97.05000305175781,98.0999984741211,55.47786331176758,1526519
DNB,DNB.OL,2016-08-29,97.75,98.0,96.94999694824219,97.4000015258789,55.082000732421875,917068
DNB,DNB.OL,2016-08-30,97.19999694824219,99.9000015258789,97.19999694824219,99.8499984741211,56.46754837036133,3226316
DNB,DNB.OL,2016-08-31,99.5,101.69999694824219,99.19999694824219,101.30000305175781,57.28754425048828,3739051
DNB,DNB.OL,2016-09-01,100.80000305175781,103.5,100.80000305175781,101.0999984741211,57.174434661865234,3563695
DNB,DNB.OL,2016-09-02,101.4000015258789,101.69999694824219,99.8499984741211,101.5999984741211,57.45719909667969,3252069
DNB,DNB.OL,2016-09-05,102.30000305175781,102.5999984741211,101.5,101.80000305175781,57.570308685302734,1771169
DNB,DNB.OL,2016-09-06,101.5999984741211,102.19999694824219,101.0,101.19999694824219,57.230987548828125,1868134
DNB,DNB.OL,2016-09-07,101.69999694824219,102.30000305175781,100.5999984741211,102.30000305175781,57.853065490722656,2065466
DNB,DNB.OL,2016-09-08,102.19999694824219,102.80000305175781,100.9000015258789,101.4000015258789,57.344093322753906,2965402
DNB,DNB.OL,2016-09-09,101.4000015258789,104.4000015258789,101.30000305175781,104.4000015258789,59.04066467285156,5499626
DNB,DNB.OL,2016-09-12,103.19999694824219,103.19999694824219,101.0999984741211,102.0999984741211,57.739959716796875,3909115
DNB,DNB.OL,2016-09-13,102.69999694824219,102.9000015258789,101.69999694824219,101.69999694824219,57.51374816894531,2250480
DNB,DNB.OL,2016-09-14,102.0999984741211,102.69999694824219,101.30000305175781,101.5999984741211,57.45719909667969,1673026
DNB,DNB.OL,2016-09-15,101.0999984741211,102.19999694824219,100.69999694824219,101.19999694824219,57.230987548828125,2222047
DNB,DNB.OL,2016-09-16,100.80000305175781,101.5999984741211,100.4000015258789,100.9000015258789,57.06133270263672,4584572
DNB,DNB.OL,2016-09-19,101.69999694824219,102.4000015258789,101.5,102.19999694824219,57.796512603759766,1324523
DNB,DNB.OL,2016-09-20,102.0,102.69999694824219,101.4000015258789,101.80000305175781,57.570308685302734,2196545
DNB,DNB.OL,2016-09-21,102.5,103.4000015258789,102.5,103.0,58.248931884765625,2147768
DNB,DNB.OL,2016-09-22,103.30000305175781,105.30000305175781,102.80000305175781,105.0,59.379974365234375,4179978
DNB,DNB.OL,2016-09-23,104.5999984741211,104.9000015258789,104.0,104.5999984741211,59.15377426147461,1984782
DNB,DNB.OL,2016-09-26,103.9000015258789,103.9000015258789,102.0,102.80000305175781,58.13582992553711,2025936
DNB,DNB.OL,2016-09-27,103.5,103.5,101.5,102.80000305175781,58.13582992553711,2145431
DNB,DNB.OL,2016-09-28,102.9000015258789,104.19999694824219,102.9000015258789,103.30000305175781,58.4185905456543,1966970
DNB,DNB.OL,2016-09-29,105.19999694824219,107.0999984741211,105.0999984741211,106.69999694824219,60.341365814208984,5055151
DNB,DNB.OL,2016-09-30,104.19999694824219,104.80000305175781,103.0999984741211,104.69999694824219,59.210323333740234,5701583
DNB,DNB.OL,2016-10-03,105.0,106.0,104.9000015258789,105.4000015258789,59.606197357177734,2082493
DNB,DNB.OL,2016-10-04,107.5999984741211,109.80000305175781,107.30000305175781,109.0999984741211,61.69861602783203,6793992
DNB,DNB.OL,2016-10-05,108.69999694824219,111.4000015258789,108.19999694824219,111.30000305175781,62.94277572631836,4343941
DNB,DNB.OL,2016-10-06,111.19999694824219,112.19999694824219,110.30000305175781,111.5,63.055885314941406,3257675
DNB,DNB.OL,2016-10-07,112.0999984741211,112.80000305175781,111.0,111.4000015258789,62.999332427978516,3743593
DNB,DNB.OL,2016-10-10,111.5999984741211,112.4000015258789,110.9000015258789,112.4000015258789,63.56486129760742,2295650
DNB,DNB.OL,2016-10-11,112.19999694824219,112.69999694824219,111.5999984741211,112.30000305175781,63.50830078125,3053555
DNB,DNB.OL,2016-10-12,112.0,112.0999984741211,110.9000015258789,111.0,62.773128509521484,2656720
DNB,DNB.OL,2016-10-13,110.5,111.0,109.4000015258789,109.5999984741211,61.98139572143555,2881114
DNB,DNB.OL,2016-10-14,110.4000015258789,112.5999984741211,110.30000305175781,112.4000015258789,63.56486129760742,2642301
DNB,DNB.OL,2016-10-17,111.19999694824219,112.19999694824219,110.9000015258789,112.0,63.33864212036133,2087355
DNB,DNB.OL,2016-10-18,112.0999984741211,114.80000305175781,111.80000305175781,114.80000305175781,64.922119140625,4036715
DNB,DNB.OL,2016-10-19,114.80000305175781,115.30000305175781,113.9000015258789,115.0999984741211,65.09176635742188,2958541
DNB,DNB.OL,2016-10-20,115.9000015258789,117.19999694824219,115.4000015258789,117.0,66.16626739501953,4237317
DNB,DNB.OL,2016-10-21,117.19999694824219,118.69999694824219,115.5999984741211,116.80000305175781,66.05316162109375,3998110
DNB,DNB.OL,2016-10-24,117.5,117.80000305175781,115.80000305175781,116.80000305175781,66.05316162109375,2450941
DNB,DNB.OL,2016-10-25,117.0999984741211,117.0999984741211,115.9000015258789,116.5999984741211,65.94005584716797,2858999
DNB,DNB.OL,2016-10-26,116.4000015258789,116.80000305175781,113.9000015258789,114.0999984741211,64.52623748779297,4302017
DNB,DNB.OL,2016-10-27,117.0,119.5999984741211,115.69999694824219,118.5,67.0145492553711,6802843
DNB,DNB.OL,2016-10-28,120.19999694824219,120.69999694824219,118.19999694824219,119.4000015258789,67.52352142333984,3804305
DNB,DNB.OL,2016-10-31,119.69999694824219,121.4000015258789,119.4000015258789,119.5,67.58007049560547,4612758
DNB,DNB.OL,2016-11-01,120.0,120.4000015258789,118.80000305175781,119.30000305175781,67.46697235107422,3285396
DNB,DNB.OL,2016-11-02,118.5999984741211,119.30000305175781,116.69999694824219,116.80000305175781,66.05316162109375,2868007
DNB,DNB.OL,2016-11-03,117.0,118.9000015258789,116.80000305175781,118.0,66.73178100585938,3088457
DNB,DNB.OL,2016-11-04,117.69999694824219,117.69999694824219,116.0,116.80000305175781,66.05316162109375,2416856
DNB,DNB.OL,2016-11-07,118.0999984741211,119.0,117.19999694824219,117.5,66.44902801513672,2167489
DNB,DNB.OL,2016-11-08,118.19999694824219,119.0,117.0,117.9000015258789,66.67523193359375,2881969
DNB,DNB.OL,2016-11-09,113.30000305175781,120.30000305175781,113.0999984741211,119.69999694824219,67.69317626953125,4187010
DNB,DNB.OL,2016-11-10,121.69999694824219,123.19999694824219,120.0999984741211,122.4000015258789,69.2200927734375,3724054
DNB,DNB.OL,2016-11-11,124.0999984741211,124.0999984741211,121.19999694824219,122.5,69.27664947509766,2521539
DNB,DNB.OL,2016-11-14,123.5,123.9000015258789,122.80000305175781,123.9000015258789,70.06837463378906,2390706
DNB,DNB.OL,2016-11-15,124.19999694824219,124.69999694824219,123.30000305175781,124.5,70.4076919555664,4390591
DNB,DNB.OL,2016-11-16,124.69999694824219,125.0,120.0,122.0,68.99388122558594,5196510
DNB,DNB.OL,2016-11-17,122.0999984741211,123.5,121.4000015258789,122.30000305175781,69.16354370117188,3813736
DNB,DNB.OL,2016-11-18,123.19999694824219,123.80000305175781,122.30000305175781,123.19999694824219,69.6725082397461,1878387
DNB,DNB.OL,2016-11-21,124.0,124.69999694824219,123.30000305175781,123.69999694824219,69.95526885986328,1937941
DNB,DNB.OL,2016-11-22,124.4000015258789,124.69999694824219,123.80000305175781,124.5,70.4076919555664,1834731
DNB,DNB.OL,2016-11-23,124.4000015258789,125.19999694824219,123.9000015258789,124.69999694824219,70.52080535888672,2516465
DNB,DNB.OL,2016-11-24,124.69999694824219,125.0,123.9000015258789,124.0999984741211,70.18148040771484,1642610
DNB,DNB.OL,2016-11-25,123.9000015258789,124.69999694824219,123.80000305175781,123.80000305175781,70.0118179321289,1563649
DNB,DNB.OL,2016-11-28,123.80000305175781,123.80000305175781,121.9000015258789,122.5999984741211,69.33319854736328,1891993
DNB,DNB.OL,2016-11-29,122.5,124.0,121.9000015258789,122.0999984741211,69.05042266845703,3189998
DNB,DNB.OL,2016-11-30,122.5,125.9000015258789,122.0999984741211,125.4000015258789,70.91666412353516,4139526
DNB,DNB.OL,2016-12-01,126.0,127.80000305175781,126.0,127.5999984741211,72.16080474853516,3620443
DNB,DNB.OL,2016-12-02,127.0,128.39999389648438,125.69999694824219,126.0,71.25596618652344,3173864
DNB,DNB.OL,2016-12-05,125.19999694824219,128.39999389648438,125.19999694824219,128.0,72.38702392578125,2212695
DNB,DNB.OL,2016-12-06,127.69999694824219,129.89999389648438,127.30000305175781,129.89999389648438,73.46150970458984,2449153
DNB,DNB.OL,2016-12-07,130.0,132.0,129.89999389648438,132.0,74.64910888671875,2950595
DNB,DNB.OL,2016-12-08,132.39999389648438,135.39999389648438,132.1999969482422,135.39999389648438,76.57188415527344,4044653
DNB,DNB.OL,2016-12-09,135.39999389648438,136.8000030517578,104.0999984741211,135.8000030517578,76.79811096191406,2572500
DNB,DNB.OL,2016-12-12,136.5,138.1999969482422,135.8000030517578,136.89999389648438,77.42018127441406,2307053
DNB,DNB.OL,2016-12-13,134.1999969482422,136.0,133.8000030517578,135.3000030517578,76.51534271240234,3514532
DNB,DNB.OL,2016-12-14,134.8000030517578,135.0,133.60000610351562,134.0,75.78016662597656,2588835
DNB,DNB.OL,2016-12-15,133.6999969482422,134.89999389648438,130.0,130.0,73.51806640625,5810977
DNB,DNB.OL,2016-12-16,130.3000030517578,131.6999969482422,129.39999389648438,131.1999969482422,74.19668579101562,5798938
DNB,DNB.OL,2016-12-19,131.6999969482422,131.6999969482422,128.6999969482422,128.89999389648438,72.89599609375,2298778
DNB,DNB.OL,2016-12-20,129.0,129.6999969482422,127.80000305175781,128.6999969482422,72.78288269042969,3508338
DNB,DNB.OL,2016-12-21,128.6999969482422,129.89999389648438,127.30000305175781,127.4000015258789,72.0477066040039,2732880
DNB,DNB.OL,2016-12-22,127.5,129.1999969482422,126.9000015258789,129.10000610351562,73.00910949707031,2140106
DNB,DNB.OL,2016-12-23,129.8000030517578,130.1999969482422,128.5,129.1999969482422,73.06563568115234,909441
DNB,DNB.OL,2016-12-27,129.39999389648438,129.6999969482422,128.6999969482422,129.0,72.95254516601562,784440
DNB,DNB.OL,2016-12-28,128.89999389648438,129.89999389648438,128.39999389648438,128.89999389648438,72.89599609375,825202
DNB,DNB.OL,2016-12-29,129.0,129.1999969482422,128.3000030517578,129.0,72.95254516601562,607078
DNB,DNB.OL,2016-12-30,128.60000610351562,128.60000610351562,127.5,128.39999389648438,72.61322784423828,1118601
DNB,DNB.OL,2017-01-02,128.0,129.89999389648438,127.5999984741211,129.60000610351562,73.2918701171875,869708
DNB,DNB.OL,2017-01-03,128.3000030517578,129.5,128.3000030517578,129.5,73.23530578613281,2557727
DNB,DNB.OL,2017-01-04,129.0,131.89999389648438,129.0,130.8000030517578,73.97048950195312,2178471
DNB,DNB.OL,2017-01-05,132.89999389648438,134.39999389648438,131.8000030517578,134.3000030517578,75.94982147216797,2754457
DNB,DNB.OL,2017-01-06,134.5,135.10000610351562,133.6999969482422,134.5,76.06291961669922,1921232
DNB,DNB.OL,2017-01-09,136.0,136.89999389648438,132.8000030517578,132.89999389648438,75.15808868408203,2296997
DNB,DNB.OL,2017-01-10,132.89999389648438,134.8000030517578,132.6999969482422,133.89999389648438,75.7236099243164,2121935
DNB,DNB.OL,2017-01-11,131.10000610351562,133.6999969482422,131.10000610351562,133.0,75.21463012695312,2415894
DNB,DNB.OL,2017-01-12,133.0,134.5,133.0,133.60000610351562,75.55396270751953,2034675
DNB,DNB.OL,2017-01-13,133.0,135.3000030517578,133.0,134.8000030517578,76.23258209228516,1821557
DNB,DNB.OL,2017-01-16,134.1999969482422,134.39999389648438,133.3000030517578,134.10000610351562,75.83671569824219,1253053
DNB,DNB.OL,2017-01-17,133.60000610351562,134.8000030517578,133.5,134.5,76.06291961669922,2098263
DNB,DNB.OL,2017-01-18,134.60000610351562,134.89999389648438,132.89999389648438,133.89999389648438,75.7236099243164,2777851
DNB,DNB.OL,2017-01-19,134.39999389648438,135.89999389648438,133.8000030517578,135.5,76.6284408569336,2526057
DNB,DNB.OL,2017-01-20,135.39999389648438,136.0,135.0,135.8000030517578,76.79811096191406,1545869
DNB,DNB.OL,2017-01-23,134.8000030517578,135.82000732421875,134.60000610351562,135.39999389648438,76.57188415527344,1556319
DNB,DNB.OL,2017-01-24,135.3000030517578,136.10000610351562,135.3000030517578,135.89999389648438,76.85466766357422,1546418
DNB,DNB.OL,2017-01-25,136.1999969482422,139.0,135.89999389648438,139.0,78.60777282714844,2096570
DNB,DNB.OL,2017-01-26,139.0,140.8000030517578,138.8000030517578,139.89999389648438,79.11676025390625,2444647
DNB,DNB.OL,2017-01-27,139.5,140.0,138.3000030517578,139.60000610351562,78.94709014892578,1799221
DNB,DNB.OL,2017-01-30,138.6999969482422,139.39999389648438,137.1999969482422,137.1999969482422,77.58984375,1621025
DNB,DNB.OL,2017-01-31,137.0,138.8000030517578,136.39999389648438,137.60000610351562,77.81604766845703,1851938
DNB,DNB.OL,2017-02-01,138.3000030517578,140.0,137.25,139.8000030517578,79.06019592285156,2582911
DNB,DNB.OL,2017-02-02,138.0,138.5,135.6999969482422,136.89999389648438,77.42018127441406,4366060
DNB,DNB.OL,2017-02-03,137.6999969482422,142.1999969482422,136.1999969482422,141.89999389648438,80.24779510498047,3752972
DNB,DNB.OL,2017-02-06,141.3000030517578,141.5,138.8000030517578,140.1999969482422,79.28640747070312,2567198
DNB,DNB.OL,2017-02-07,139.5,140.5,138.5,140.5,79.45606994628906,2172183
DNB,DNB.OL,2017-02-08,140.5,140.89999389648438,137.89999389648438,138.5,78.32501220703125,3128415
DNB,DNB.OL,2017-02-09,139.89999389648438,140.6999969482422,138.6999969482422,140.60000610351562,79.51261901855469,3072379
DNB,DNB.OL,2017-02-10,140.89999389648438,141.5,140.10000610351562,140.6999969482422,79.56916046142578,2078567
DNB,DNB.OL,2017-02-13,140.8000030517578,142.6999969482422,139.8000030517578,142.60000610351562,80.6436767578125,2320349
DNB,DNB.OL,2017-02-14,141.5,143.10000610351562,141.1999969482422,142.89999389648438,80.81332397460938,2638305
DNB,DNB.OL,2017-02-15,143.60000610351562,144.89999389648438,143.3000030517578,143.8000030517578,81.3222885131836,1627247
DNB,DNB.OL,2017-02-16,143.39999389648438,143.89999389648438,142.0,142.8000030517578,80.75676727294922,1763780
DNB,DNB.OL,2017-02-17,141.6999969482422,142.1999969482422,139.3000030517578,140.39999389648438,79.39950561523438,2534957
DNB,DNB.OL,2017-02-20,140.89999389648438,141.8000030517578,140.39999389648438,140.89999389648438,79.6822738647461,1580283
DNB,DNB.OL,2017-02-21,140.8000030517578,141.89999389648438,139.6999969482422,141.6999969482422,80.13469696044922,1629986
DNB,DNB.OL,2017-02-22,142.0,142.10000610351562,139.5,139.6999969482422,79.00364685058594,2144748
DNB,DNB.OL,2017-02-23,139.89999389648438,140.3000030517578,139.10000610351562,139.5,78.89054870605469,1566976
DNB,DNB.OL,2017-02-24,139.3000030517578,140.10000610351562,137.6999969482422,138.39999389648438,78.26846313476562,1690209
DNB,DNB.OL,2017-02-27,139.0,139.60000610351562,137.5,138.0,78.0422592163086,1676536
DNB,DNB.OL,2017-02-28,138.1999969482422,139.0,137.39999389648438,137.5,77.75949096679688,2352048
DNB,DNB.OL,2017-03-01,138.39999389648438,138.89999389648438,137.1999969482422,138.60000610351562,78.3815689086914,2996174
DNB,DNB.OL,2017-03-02,138.6999969482422,140.3000030517578,138.60000610351562,139.3000030517578,78.7774429321289,1794508
DNB,DNB.OL,2017-03-03,139.10000610351562,139.89999389648438,138.10000610351562,138.8000030517578,78.49467468261719,2283023
DNB,DNB.OL,2017-03-06,137.89999389648438,139.3000030517578,137.5,138.39999389648438,78.26846313476562,1057808
DNB,DNB.OL,2017-03-07,138.1999969482422,139.6999969482422,137.60000610351562,138.3000030517578,78.21192169189453,2274081
DNB,DNB.OL,2017-03-08,137.89999389648438,139.39999389648438,137.89999389648438,138.89999389648438,78.55122375488281,1413571
DNB,DNB.OL,2017-03-09,138.8000030517578,139.6999969482422,136.39999389648438,138.8000030517578,78.49467468261719,3005917
DNB,DNB.OL,2017-03-10,138.8000030517578,140.8000030517578,138.8000030517578,140.1999969482422,79.28640747070312,2014617
DNB,DNB.OL,2017-03-13,139.89999389648438,140.39999389648438,138.3000030517578,140.39999389648438,79.39950561523438,2591952
DNB,DNB.OL,2017-03-14,140.3000030517578,140.89999389648438,137.1999969482422,137.8000030517578,77.92915344238281,2999712
DNB,DNB.OL,2017-03-15,138.0,138.5,137.60000610351562,138.10000610351562,78.09882354736328,2536051
DNB,DNB.OL,2017-03-16,138.89999389648438,140.8000030517578,138.60000610351562,139.3000030517578,78.7774429321289,2698761
DNB,DNB.OL,2017-03-17,139.3000030517578,141.1999969482422,138.5,138.8000030517578,78.49467468261719,2810989
DNB,DNB.OL,2017-03-20,138.8000030517578,139.6999969482422,138.39999389648438,139.3000030517578,78.7774429321289,1530095
DNB,DNB.OL,2017-03-21,139.89999389648438,141.89999389648438,139.5,139.6999969482422,79.00364685058594,2539658
DNB,DNB.OL,2017-03-22,137.5,137.89999389648438,136.3000030517578,137.39999389648438,77.70293426513672,3075643
DNB,DNB.OL,2017-03-23,137.60000610351562,137.6999969482422,135.89999389648438,137.0,77.47673797607422,2742760
DNB,DNB.OL,2017-03-24,136.6999969482422,138.5,136.6999969482422,138.1999969482422,78.15535736083984,2225138
DNB,DNB.OL,2017-03-27,135.39999389648438,136.3000030517578,133.10000610351562,134.39999389648438,76.00635528564453,3641044
DNB,DNB.OL,2017-03-28,135.0,136.1999969482422,134.89999389648438,136.1999969482422,77.02430725097656,1928851
DNB,DNB.OL,2017-03-29,136.6999969482422,136.89999389648438,135.60000610351562,136.1999969482422,77.02430725097656,2493511
DNB,DNB.OL,2017-03-30,136.5,137.89999389648438,136.5,137.6999969482422,77.87259674072266,1843385
DNB,DNB.OL,2017-03-31,137.89999389648438,138.1999969482422,136.0,136.10000610351562,76.96776580810547,2699053
DNB,DNB.OL,2017-04-03,137.1999969482422,137.5,136.3000030517578,137.39999389648438,77.70293426513672,1990892
DNB,DNB.OL,2017-04-04,136.89999389648438,137.1999969482422,134.6999969482422,135.10000610351562,76.4022445678711,2715292
DNB,DNB.OL,2017-04-05,135.3000030517578,135.89999389648438,134.8000030517578,135.89999389648438,76.85466766357422,2566389
DNB,DNB.OL,2017-04-06,135.0,136.60000610351562,134.1999969482422,136.3000030517578,77.08087158203125,2081139
DNB,DNB.OL,2017-04-07,135.8000030517578,136.39999389648438,135.10000610351562,135.8000030517578,76.79811096191406,1363718
DNB,DNB.OL,2017-04-10,135.0,136.39999389648438,134.0,135.89999389648438,76.85466766357422,1306296
DNB,DNB.OL,2017-04-11,135.60000610351562,135.6999969482422,134.60000610351562,135.3000030517578,76.51534271240234,2135971
DNB,DNB.OL,2017-04-12,135.8000030517578,136.6999969482422,135.39999389648438,136.6999969482422,77.30708312988281,1199343
DNB,DNB.OL,2017-04-13,136.6999969482422,136.6999969482422,136.6999969482422,136.6999969482422,77.30708312988281,0
DNB,DNB.OL,2017-04-18,139.0,139.0,133.10000610351562,133.3000030517578,75.3843002319336,3044897
DNB,DNB.OL,2017-04-19,133.5,134.3000030517578,133.1999969482422,133.6999969482422,75.61050415039062,2185267
DNB,DNB.OL,2017-04-20,133.3000030517578,134.3000030517578,132.6999969482422,133.60000610351562,75.55396270751953,2560587
DNB,DNB.OL,2017-04-21,133.39999389648438,134.1999969482422,132.3000030517578,133.89999389648438,75.7236099243164,2192306
DNB,DNB.OL,2017-04-24,136.6999969482422,138.0,136.10000610351562,137.3000030517578,77.64640045166016,3228606
DNB,DNB.OL,2017-04-25,137.5,138.89999389648438,137.0,138.60000610351562,78.3815689086914,3000001
DNB,DNB.OL,2017-04-26,133.8000030517578,134.5,132.1999969482422,132.89999389648438,78.3815689086914,2757249
DNB,DNB.OL,2017-04-27,133.10000610351562,133.6999969482422,131.89999389648438,133.0,78.44054412841797,2860485
DNB,DNB.OL,2017-04-28,132.1999969482422,134.8000030517578,132.1999969482422,134.10000610351562,79.08930969238281,3666396
DNB,DNB.OL,2017-05-02,135.0,140.0,134.5,140.0,82.5689926147461,4697684
DNB,DNB.OL,2017-05-03,139.89999389648438,140.39999389648438,139.0,140.39999389648438,82.8049087524414,2020885
DNB,DNB.OL,2017-05-04,140.6999969482422,142.8000030517578,140.0,141.89999389648438,83.68956756591797,3048481
DNB,DNB.OL,2017-05-05,141.8000030517578,142.89999389648438,140.0,142.3000030517578,83.92549133300781,2982876
DNB,DNB.OL,2017-05-08,142.10000610351562,143.0,140.89999389648438,142.60000610351562,84.10243225097656,2613537
DNB,DNB.OL,2017-05-09,144.1999969482422,146.6999969482422,144.0,146.1999969482422,86.22563171386719,5325075
DNB,DNB.OL,2017-05-10,145.89999389648438,146.1999969482422,144.89999389648438,145.89999389648438,86.04869842529297,2687134
DNB,DNB.OL,2017-05-11,146.0,147.60000610351562,145.8000030517578,146.89999389648438,86.63846588134766,3046844
DNB,DNB.OL,2017-05-12,147.10000610351562,147.39999389648438,145.60000610351562,147.0,86.69744873046875,1974055
DNB,DNB.OL,2017-05-15,147.3000030517578,148.5,147.3000030517578,147.89999389648438,87.2282485961914,2384943
DNB,DNB.OL,2017-05-16,147.89999389648438,148.5,146.8000030517578,148.0,87.28722381591797,2320667
DNB,DNB.OL,2017-05-18,144.0,147.1999969482422,143.10000610351562,144.1999969482422,85.04607391357422,3899633
DNB,DNB.OL,2017-05-19,144.5,146.5,144.39999389648438,145.89999389648438,86.04869842529297,2435766
DNB,DNB.OL,2017-05-22,146.89999389648438,147.89999389648438,145.6999969482422,147.5,86.99234771728516,2159934
DNB,DNB.OL,2017-05-23,147.5,147.6999969482422,146.5,146.89999389648438,86.63846588134766,1770106
DNB,DNB.OL,2017-05-24,147.0,147.10000610351562,145.8000030517578,146.39999389648438,86.34358978271484,2150120
DNB,DNB.OL,2017-05-26,146.39999389648438,146.5,144.89999389648438,145.60000610351562,85.87176513671875,2204801
DNB,DNB.OL,2017-05-29,145.5,146.10000610351562,145.1999969482422,145.8000030517578,85.98970794677734,691853
DNB,DNB.OL,2017-05-30,145.39999389648438,145.89999389648438,144.3000030517578,145.39999389648438,85.75379943847656,1397569
DNB,DNB.OL,2017-05-31,145.1999969482422,145.6999969482422,143.10000610351562,143.10000610351562,84.3973159790039,3009617
DNB,DNB.OL,2017-06-01,143.60000610351562,144.89999389648438,143.5,143.8000030517578,84.81015014648438,1616713
DNB,DNB.OL,2017-06-02,144.6999969482422,144.8000030517578,141.0,142.39999389648438,83.98446655273438,2105097
DNB,DNB.OL,2017-06-06,141.8000030517578,141.8000030517578,140.5,141.60000610351562,83.51264953613281,2198619
DNB,DNB.OL,2017-06-07,141.5,142.89999389648438,141.1999969482422,142.10000610351562,83.80754089355469,2015467
DNB,DNB.OL,2017-06-08,141.8000030517578,142.5,141.1999969482422,142.3000030517578,83.92549133300781,1982845
DNB,DNB.OL,2017-06-09,142.3000030517578,144.0,141.39999389648438,143.8000030517578,84.81015014648438,1964101
DNB,DNB.OL,2017-06-12,144.3000030517578,145.0,142.39999389648438,144.89999389648438,85.45890808105469,1992802
DNB,DNB.OL,2017-06-13,145.3000030517578,145.3000030517578,144.3000030517578,145.0,85.51789093017578,1569974
DNB,DNB.OL,2017-06-14,145.5,145.60000610351562,143.6999969482422,144.0,84.92810821533203,1615453
DNB,DNB.OL,2017-06-15,144.5,144.89999389648438,141.39999389648438,142.3000030517578,83.92549133300781,3140088
DNB,DNB.OL,2017-06-16,142.6999969482422,143.1999969482422,141.8000030517578,143.1999969482422,84.45629119873047,2967600
DNB,DNB.OL,2017-06-19,144.0,145.39999389648438,143.8000030517578,145.0,85.51789093017578,1349102
DNB,DNB.OL,2017-06-20,145.5,145.89999389648438,143.1999969482422,143.1999969482422,84.45629119873047,2098938
DNB,DNB.OL,2017-06-21,143.0,143.0,139.39999389648438,139.60000610351562,82.33307647705078,3450408
DNB,DNB.OL,2017-06-22,139.1999969482422,139.1999969482422,135.8000030517578,136.0,80.20988464355469,4535616
DNB,DNB.OL,2017-06-23,136.1999969482422,136.8000030517578,135.6999969482422,135.89999389648438,80.15091705322266,1988798
DNB,DNB.OL,2017-06-26,136.10000610351562,138.10000610351562,136.10000610351562,137.5,81.09455108642578,1814528
DNB,DNB.OL,2017-06-27,137.60000610351562,138.0,136.5,137.1999969482422,80.9176254272461,1722256
DNB,DNB.OL,2017-06-28,137.1999969482422,140.8000030517578,137.0,140.8000030517578,83.04082489013672,3461378
DNB,DNB.OL,2017-06-29,141.89999389648438,143.60000610351562,141.1999969482422,141.60000610351562,83.51264953613281,2689959
DNB,DNB.OL,2017-06-30,141.5,142.39999389648438,141.10000610351562,142.0,83.7485580444336,2430319
DNB,DNB.OL,2017-07-03,142.1999969482422,144.39999389648438,141.6999969482422,144.39999389648438,85.16401672363281,1913327
DNB,DNB.OL,2017-07-04,145.10000610351562,145.60000610351562,144.39999389648438,145.39999389648438,85.75379943847656,1577826
DNB,DNB.OL,2017-07-05,145.5,145.8000030517578,143.5,144.0,84.92810821533203,1367372
DNB,DNB.OL,2017-07-06,144.0,144.8000030517578,143.1999969482422,143.89999389648438,84.86913299560547,1983803
DNB,DNB.OL,2017-07-07,143.0,144.0,142.5,142.5,84.04344940185547,1766117
DNB,DNB.OL,2017-07-10,142.5,142.6999969482422,140.6999969482422,141.60000610351562,83.51264953613281,2201177
DNB,DNB.OL,2017-07-11,141.3000030517578,142.39999389648438,140.5,142.10000610351562,83.80754089355469,2131017
DNB,DNB.OL,2017-07-12,147.5,150.6999969482422,146.0,150.1999969482422,88.5847396850586,5519363
DNB,DNB.OL,2017-07-13,151.0,154.10000610351562,150.10000610351562,151.6999969482422,89.46939849853516,3781306
DNB,DNB.OL,2017-07-14,152.0,152.89999389648438,148.8000030517578,149.39999389648438,88.1129150390625,2587545
DNB,DNB.OL,2017-07-17,150.10000610351562,152.1999969482422,149.60000610351562,150.8000030517578,88.93861389160156,1649262
DNB,DNB.OL,2017-07-18,150.0,153.5,150.0,152.1999969482422,89.76429748535156,2827721
DNB,DNB.OL,2017-07-19,153.89999389648438,154.39999389648438,152.39999389648438,154.1999969482422,90.94384765625,2678880
DNB,DNB.OL,2017-07-20,154.39999389648438,155.5,153.3000030517578,155.3000030517578,91.59261322021484,3078569
DNB,DNB.OL,2017-07-21,155.39999389648438,155.5,151.89999389648438,152.5,89.94122314453125,1998012
DNB,DNB.OL,2017-07-24,152.5,153.8000030517578,151.6999969482422,153.3000030517578,90.41307067871094,1325357
DNB,DNB.OL,2017-07-25,153.3000030517578,155.5,152.6999969482422,155.0,91.41567993164062,1795462
DNB,DNB.OL,2017-07-26,154.89999389648438,156.8000030517578,154.39999389648438,156.39999389648438,92.24137878417969,1620773
DNB,DNB.OL,2017-07-27,156.5,157.39999389648438,154.89999389648438,155.3000030517578,91.59261322021484,2368626
DNB,DNB.OL,2017-07-28,154.89999389648438,155.3000030517578,152.89999389648438,154.0,90.8259048461914,2278118
DNB,DNB.OL,2017-07-31,153.5,154.89999389648438,153.3000030517578,154.60000610351562,91.17977905273438,1939245
DNB,DNB.OL,2017-08-01,154.8000030517578,154.89999389648438,152.39999389648438,153.39999389648438,90.4720230102539,1910302
DNB,DNB.OL,2017-08-02,153.39999389648438,153.39999389648438,151.1999969482422,151.60000610351562,89.41043853759766,2318649
DNB,DNB.OL,2017-08-03,150.60000610351562,152.3000030517578,150.5,152.0,89.6463394165039,1667905
DNB,DNB.OL,2017-08-04,152.8000030517578,153.1999969482422,151.8000030517578,153.0,90.23612976074219,1492673
DNB,DNB.OL,2017-08-07,153.3000030517578,154.0,152.8000030517578,153.5,90.5310287475586,1595920
DNB,DNB.OL,2017-08-08,153.6999969482422,154.1999969482422,152.8000030517578,153.5,90.5310287475586,1147975
DNB,DNB.OL,2017-08-09,152.5,152.6999969482422,150.39999389648438,151.89999389648438,89.58737182617188,1941395
DNB,DNB.OL,2017-08-10,151.8000030517578,152.1999969482422,150.1999969482422,150.6999969482422,88.87963104248047,1370337
DNB,DNB.OL,2017-08-11,149.6999969482422,150.3000030517578,149.10000610351562,149.6999969482422,88.28986358642578,1893862
DNB,DNB.OL,2017-08-14,150.5,152.1999969482422,150.1999969482422,152.1999969482422,89.76429748535156,1360642
DNB,DNB.OL,2017-08-15,151.8000030517578,152.1999969482422,148.5,148.8000030517578,87.7590560913086,2515376
DNB,DNB.OL,2017-08-16,149.1999969482422,150.89999389648438,149.0,150.8000030517578,88.93861389160156,1638724
DNB,DNB.OL,2017-08-17,150.0,150.39999389648438,147.5,147.5,86.99234771728516,1696701
DNB,DNB.OL,2017-08-18,146.3000030517578,148.0,146.1999969482422,147.8000030517578,87.16927337646484,1429199
DNB,DNB.OL,2017-08-21,147.1999969482422,148.3000030517578,146.6999969482422,147.1999969482422,86.81539916992188,1144625
DNB,DNB.OL,2017-08-22,147.1999969482422,148.6999969482422,147.1999969482422,147.8000030517578,87.16927337646484,1254861
DNB,DNB.OL,2017-08-23,147.8000030517578,147.89999389648438,146.89999389648438,147.10000610351562,86.75643157958984,1029054
DNB,DNB.OL,2017-08-24,147.60000610351562,149.1999969482422,147.0,149.0,87.87700653076172,1235080
DNB,DNB.OL,2017-08-25,149.3000030517578,149.6999969482422,148.8000030517578,149.0,87.87700653076172,1315532
DNB,DNB.OL,2017-08-28,148.39999389648438,149.89999389648438,148.3000030517578,149.3000030517578,88.05394744873047,841387
DNB,DNB.OL,2017-08-29,148.60000610351562,148.60000610351562,147.60000610351562,147.60000610351562,87.05131530761719,1424169
DNB,DNB.OL,2017-08-30,148.89999389648438,149.8000030517578,148.0,149.5,88.1718978881836,1374910
DNB,DNB.OL,2017-08-31,150.5,152.0,149.6999969482422,151.5,89.35145568847656,2656843
DNB,DNB.OL,2017-09-01,152.0,152.0,150.6999969482422,151.39999389648438,89.29246520996094,1371191
DNB,DNB.OL,2017-09-04,150.10000610351562,151.10000610351562,150.0,150.60000610351562,88.82064819335938,1147875
DNB,DNB.OL,2017-09-05,150.60000610351562,150.60000610351562,149.10000610351562,149.6999969482422,88.28986358642578,1627248
DNB,DNB.OL,2017-09-06,148.6999969482422,149.1999969482422,148.39999389648438,148.60000610351562,87.64110565185547,2096372
DNB,DNB.OL,2017-09-07,148.89999389648438,149.1999969482422,147.5,148.1999969482422,87.40518951416016,2170538
DNB,DNB.OL,2017-09-08,148.0,149.10000610351562,147.5,148.6999969482422,87.70006561279297,1811650
DNB,DNB.OL,2017-09-11,149.0,150.3000030517578,149.0,150.1999969482422,88.5847396850586,950109
DNB,DNB.OL,2017-09-12,151.1999969482422,152.89999389648438,151.10000610351562,152.5,89.94122314453125,1887075
DNB,DNB.OL,2017-09-13,152.5,155.0,152.3000030517578,154.6999969482422,91.23873901367188,1842488
DNB,DNB.OL,2017-09-14,154.5,154.6999969482422,153.3000030517578,153.3000030517578,90.41307067871094,1583754
DNB,DNB.OL,2017-09-15,152.89999389648438,153.10000610351562,151.5,151.5,89.35145568847656,1933024
DNB,DNB.OL,2017-09-18,151.8000030517578,153.0,151.39999389648438,152.1999969482422,89.76429748535156,1206666
DNB,DNB.OL,2017-09-19,152.1999969482422,152.60000610351562,151.60000610351562,151.8000030517578,89.52839660644531,1153252
DNB,DNB.OL,2017-09-20,152.0,153.5,151.89999389648438,153.10000610351562,90.29510498046875,1289112
DNB,DNB.OL,2017-09-21,154.0,160.39999389648438,154.0,160.0,94.36457061767578,4087358
DNB,DNB.OL,2017-09-22,160.0,160.1999969482422,158.8000030517578,159.8000030517578,94.2466049194336,1898792
DNB,DNB.OL,2017-09-25,159.6999969482422,161.0,159.6999969482422,160.8000030517578,94.83641052246094,1581207
DNB,DNB.OL,2017-09-26,160.1999969482422,162.1999969482422,159.6999969482422,160.3000030517578,94.54151153564453,2040758
DNB,DNB.OL,2017-09-27,160.5,163.10000610351562,160.5,162.89999389648438,96.0749282836914,1765165
DNB,DNB.OL,2017-09-28,164.1999969482422,164.3000030517578,161.10000610351562,161.39999389648438,95.19024658203125,1694600
DNB,DNB.OL,2017-09-29,161.3000030517578,161.39999389648438,159.89999389648438,160.5,94.65946197509766,2074597
DNB,DNB.OL,2017-10-02,160.5,162.5,160.5,161.89999389648438,95.48515319824219,1912289
DNB,DNB.OL,2017-10-03,162.5,162.5,160.0,160.89999389648438,94.89537048339844,1259231
DNB,DNB.OL,2017-10-04,160.89999389648438,161.1999969482422,158.0,159.0,93.77479553222656,2134402
DNB,DNB.OL,2017-10-05,158.89999389648438,160.6999969482422,158.1999969482422,159.6999969482422,94.1876449584961,1468903
DNB,DNB.OL,2017-10-06,160.0,160.6999969482422,159.3000030517578,159.3000030517578,93.95172119140625,1304682
DNB,DNB.OL,2017-10-09,159.3000030517578,159.8000030517578,158.6999969482422,159.1999969482422,93.89274597167969,1035065
DNB,DNB.OL,2017-10-10,159.1999969482422,159.8000030517578,158.60000610351562,158.60000610351562,93.53889465332031,1284055
DNB,DNB.OL,2017-10-11,159.1999969482422,160.1999969482422,158.39999389648438,159.3000030517578,93.95172119140625,1173942
DNB,DNB.OL,2017-10-12,158.5,159.8000030517578,157.5,158.6999969482422,93.59785461425781,1701504
DNB,DNB.OL,2017-10-13,157.60000610351562,157.89999389648438,156.60000610351562,157.1999969482422,92.71319580078125,1322996
DNB,DNB.OL,2017-10-16,156.60000610351562,157.0,154.8000030517578,154.8000030517578,91.29772186279297,1971310
DNB,DNB.OL,2017-10-17,154.3000030517578,156.5,153.8000030517578,156.0,92.00544738769531,1768792
DNB,DNB.OL,2017-10-18,156.0,157.3000030517578,155.89999389648438,156.5,92.30034637451172,1427889
DNB,DNB.OL,2017-10-19,156.0,157.60000610351562,155.89999389648438,156.5,92.30034637451172,1784060
DNB,DNB.OL,2017-10-20,156.5,159.89999389648438,156.5,159.39999389648438,94.01069641113281,1625455
DNB,DNB.OL,2017-10-23,159.39999389648438,159.39999389648438,158.1999969482422,158.60000610351562,93.53889465332031,1562485
DNB,DNB.OL,2017-10-24,158.10000610351562,158.60000610351562,157.3000030517578,157.8000030517578,93.06706237792969,1630610
DNB,DNB.OL,2017-10-25,158.10000610351562,159.5,157.10000610351562,157.8000030517578,93.06706237792969,2350486
DNB,DNB.OL,2017-10-26,153.10000610351562,157.8000030517578,152.60000610351562,157.3000030517578,92.77217864990234,2955054
DNB,DNB.OL,2017-10-27,157.3000030517578,159.8000030517578,156.60000610351562,157.1999969482422,92.71319580078125,2009240
DNB,DNB.OL,2017-10-30,156.89999389648438,158.5,156.89999389648438,158.5,93.47990417480469,1432523
DNB,DNB.OL,2017-10-31,157.60000610351562,158.0,156.89999389648438,157.5,92.89013671875,1413178
DNB,DNB.OL,2017-11-01,158.5,160.39999389648438,157.5,159.60000610351562,94.128662109375,2665071
DNB,DNB.OL,2017-11-02,159.5,160.39999389648438,157.8000030517578,158.6999969482422,93.59785461425781,1772790
DNB,DNB.OL,2017-11-03,158.89999389648438,159.6999969482422,158.1999969482422,158.8000030517578,93.6568374633789,1412959
DNB,DNB.OL,2017-11-06,159.8000030517578,160.6999969482422,158.3000030517578,158.60000610351562,93.53889465332031,1491660
DNB,DNB.OL,2017-11-07,159.0,161.1999969482422,158.6999969482422,160.0,94.36457061767578,1942060
DNB,DNB.OL,2017-11-08,160.3000030517578,160.3000030517578,158.3000030517578,159.3000030517578,93.95172119140625,1651145
DNB,DNB.OL,2017-11-09,159.10000610351562,160.60000610351562,158.0,158.60000610351562,93.53889465332031,1703638
DNB,DNB.OL,2017-11-10,158.5,159.10000610351562,157.39999389648438,157.8000030517578,93.06706237792969,1167994
DNB,DNB.OL,2017-11-13,157.89999389648438,158.0,155.39999389648438,156.89999389648438,92.53624725341797,1199039
DNB,DNB.OL,2017-11-14,156.6999969482422,157.8000030517578,156.1999969482422,156.6999969482422,92.41829681396484,1357875
DNB,DNB.OL,2017-11-15,154.89999389648438,155.60000610351562,151.6999969482422,152.1999969482422,89.76429748535156,2991980
DNB,DNB.OL,2017-11-16,153.1999969482422,154.10000610351562,152.39999389648438,153.8000030517578,90.70793914794922,2440590
DNB,DNB.OL,2017-11-17,154.5,155.0,151.6999969482422,152.3000030517578,89.82328033447266,1667436
DNB,DNB.OL,2017-11-20,152.3000030517578,153.5,151.89999389648438,153.0,90.23612976074219,1246631
DNB,DNB.OL,2017-11-21,153.10000610351562,154.60000610351562,151.0,151.3000030517578,89.2335205078125,2577097
DNB,DNB.OL,2017-11-22,150.5,153.3000030517578,149.6999969482422,151.6999969482422,89.46939849853516,2014844
DNB,DNB.OL,2017-11-23,151.3000030517578,151.8000030517578,150.39999389648438,151.0,89.05656433105469,928843
DNB,DNB.OL,2017-11-24,150.8000030517578,152.5,150.6999969482422,151.5,89.35145568847656,1104354
DNB,DNB.OL,2017-11-27,151.60000610351562,152.10000610351562,150.10000610351562,150.39999389648438,88.70269012451172,1180616
DNB,DNB.OL,2017-11-28,150.0,151.0,149.8000030517578,150.0,88.4667739868164,1314301
DNB,DNB.OL,2017-11-29,151.10000610351562,152.10000610351562,151.0,151.60000610351562,89.41043853759766,1379366
DNB,DNB.OL,2017-11-30,151.60000610351562,152.6999969482422,150.89999389648438,151.6999969482422,89.46939849853516,2541411
DNB,DNB.OL,2017-12-01,151.0,151.39999389648438,150.1999969482422,150.6999969482422,88.87963104248047,1564332
DNB,DNB.OL,2017-12-04,151.60000610351562,152.5,150.5,151.6999969482422,89.46939849853516,1469921
DNB,DNB.OL,2017-12-05,151.6999969482422,151.6999969482422,149.3000030517578,149.60000610351562,88.23087310791016,1670801
DNB,DNB.OL,2017-12-06,148.3000030517578,149.3000030517578,147.6999969482422,148.6999969482422,87.70006561279297,1338784
DNB,DNB.OL,2017-12-07,148.3000030517578,150.0,148.3000030517578,149.89999389648438,88.40782165527344,1519172
DNB,DNB.OL,2017-12-08,151.1999969482422,153.3000030517578,151.1999969482422,152.3000030517578,89.82328033447266,2209418
DNB,DNB.OL,2017-12-11,153.39999389648438,154.1999969482422,152.60000610351562,154.1999969482422,90.94384765625,1628236
DNB,DNB.OL,2017-12-12,154.6999969482422,155.5,153.8000030517578,155.39999389648438,91.6515884399414,1989748
DNB,DNB.OL,2017-12-13,155.39999389648438,155.5,153.8000030517578,154.0,90.8259048461914,1338282
DNB,DNB.OL,2017-12-14,152.5,154.8000030517578,152.5,154.39999389648438,91.06180572509766,2173219
DNB,DNB.OL,2017-12-15,154.39999389648438,154.8000030517578,152.60000610351562,152.60000610351562,90.00020599365234,2745756
DNB,DNB.OL,2017-12-18,153.6999969482422,154.8000030517578,153.39999389648438,154.0,90.8259048461914,1396402
DNB,DNB.OL,2017-12-19,154.0,154.89999389648438,153.1999969482422,153.5,90.5310287475586,2256045
DNB,DNB.OL,2017-12-20,153.89999389648438,154.6999969482422,153.39999389648438,153.5,90.5310287475586,1388954
DNB,DNB.OL,2017-12-21,153.60000610351562,154.3000030517578,153.0,154.1999969482422,90.94384765625,1617537
DNB,DNB.OL,2017-12-22,153.8000030517578,154.39999389648438,150.8000030517578,151.3000030517578,89.2335205078125,1617660
DNB,DNB.OL,2017-12-27,151.0,153.0,150.8000030517578,152.5,89.94122314453125,1041304
DNB,DNB.OL,2017-12-28,152.60000610351562,153.6999969482422,152.5,153.3000030517578,90.41307067871094,738681
DNB,DNB.OL,2017-12-29,153.39999389648438,154.0,152.10000610351562,152.10000610351562,89.70532989501953,575882
DNB,DNB.OL,2018-01-02,152.25,152.8000030517578,150.5,151.25,89.2040023803711,1049259
DNB,DNB.OL,2018-01-03,151.85000610351562,152.25,151.4499969482422,152.0500030517578,89.67583465576172,1155168
DNB,DNB.OL,2018-01-04,152.25,157.0,152.25,157.0,92.59523010253906,2577455
DNB,DNB.OL,2018-01-05,157.0,157.0,154.6999969482422,155.75,91.85801696777344,1433445
DNB,DNB.OL,2018-01-08,156.0500030517578,157.35000610351562,155.75,157.10000610351562,92.65421295166016,1720599
DNB,DNB.OL,2018-01-09,157.14999389648438,157.8000030517578,156.64999389648438,157.8000030517578,93.06706237792969,1569181
DNB,DNB.OL,2018-01-10,153.8000030517578,158.0,153.8000030517578,157.85000610351562,93.09654998779297,3128483
DNB,DNB.OL,2018-01-11,157.75,158.6999969482422,156.39999389648438,157.8000030517578,93.06706237792969,1862623
DNB,DNB.OL,2018-01-12,158.0,158.4499969482422,156.5500030517578,157.85000610351562,93.09654998779297,1655110
DNB,DNB.OL,2018-01-15,157.5500030517578,158.64999389648438,157.10000610351562,157.89999389648438,93.12604522705078,1054219
DNB,DNB.OL,2018-01-16,157.89999389648438,158.39999389648438,156.64999389648438,158.3000030517578,93.36195373535156,1740031
DNB,DNB.OL,2018-01-17,157.85000610351562,159.4499969482422,157.4499969482422,158.6999969482422,93.59785461425781,1671511
DNB,DNB.OL,2018-01-18,158.64999389648438,158.9499969482422,158.10000610351562,158.5,93.47990417480469,1097248
DNB,DNB.OL,2018-01-19,158.10000610351562,160.9499969482422,157.85000610351562,160.64999389648438,94.7479248046875,2697900
DNB,DNB.OL,2018-01-22,161.10000610351562,162.8000030517578,160.6999969482422,162.8000030517578,96.01596069335938,2055530
DNB,DNB.OL,2018-01-23,162.75,162.8000030517578,161.0500030517578,161.6999969482422,95.36720275878906,1641850
DNB,DNB.OL,2018-01-24,161.75,163.0,161.1999969482422,161.39999389648438,95.19024658203125,1483334
DNB,DNB.OL,2018-01-25,160.0,160.3000030517578,156.10000610351562,157.5500030517578,92.91961669921875,3661302
DNB,DNB.OL,2018-01-26,157.5500030517578,158.3000030517578,156.8000030517578,157.0,92.59523010253906,2499914
DNB,DNB.OL,2018-01-29,157.5500030517578,158.14999389648438,156.75,157.0500030517578,92.62471008300781,2152310
DNB,DNB.OL,2018-01-30,156.60000610351562,157.10000610351562,155.5,155.89999389648438,91.94647216796875,1995383
DNB,DNB.OL,2018-01-31,156.1999969482422,158.0500030517578,155.89999389648438,156.39999389648438,92.24137878417969,2306302
DNB,DNB.OL,2018-02-01,160.0,160.0,156.0500030517578,157.6999969482422,93.00808715820312,2934738
DNB,DNB.OL,2018-02-02,158.0500030517578,159.10000610351562,157.14999389648438,158.25,93.33245086669922,2170652
DNB,DNB.OL,2018-02-05,156.60000610351562,156.89999389648438,154.0,156.35000610351562,92.2118911743164,2427689
DNB,DNB.OL,2018-02-06,150.75,153.9499969482422,149.6999969482422,152.3000030517578,89.82328033447266,3044709
DNB,DNB.OL,2018-02-07,154.64999389648438,154.85000610351562,151.3000030517578,154.1999969482422,90.94384765625,2750567
DNB,DNB.OL,2018-02-08,154.35000610351562,155.75,152.75,154.4499969482422,91.09129333496094,2189952
DNB,DNB.OL,2018-02-09,151.89999389648438,154.85000610351562,150.9499969482422,153.39999389648438,90.4720230102539,2481396
DNB,DNB.OL,2018-02-12,154.0500030517578,156.64999389648438,153.5500030517578,155.89999389648438,91.94647216796875,1781906
DNB,DNB.OL,2018-02-13,156.5,157.64999389648438,155.9499969482422,157.5500030517578,92.91961669921875,2685501
DNB,DNB.OL,2018-02-14,159.75,159.75,154.5500030517578,156.14999389648438,92.09392547607422,3122587
DNB,DNB.OL,2018-02-15,158.10000610351562,159.75,156.6999969482422,157.85000610351562,93.09654998779297,2293427
DNB,DNB.OL,2018-02-16,158.64999389648438,158.89999389648438,156.60000610351562,157.6999969482422,93.00808715820312,1911325
DNB,DNB.OL,2018-02-19,158.5,158.5,157.3000030517578,157.3000030517578,92.77217864990234,1464568
DNB,DNB.OL,2018-02-20,157.1999969482422,157.64999389648438,155.75,156.3000030517578,92.1823959350586,1841456
DNB,DNB.OL,2018-02-21,155.8000030517578,156.0500030517578,153.5500030517578,155.8000030517578,91.88749694824219,2169155
DNB,DNB.OL,2018-02-22,152.60000610351562,155.0,152.5500030517578,154.1999969482422,90.94384765625,2241079
DNB,DNB.OL,2018-02-23,154.39999389648438,156.10000610351562,154.10000610351562,155.5,91.7105712890625,1344997
DNB,DNB.OL,2018-02-26,156.3000030517578,156.5,154.8000030517578,155.25,91.56312561035156,1191931
DNB,DNB.OL,2018-02-27,155.5,156.4499969482422,155.35000610351562,155.60000610351562,91.76954650878906,1400359
DNB,DNB.OL,2018-02-28,154.85000610351562,157.25,154.60000610351562,156.6999969482422,92.41829681396484,2210849
DNB,DNB.OL,2018-03-01,155.8000030517578,156.5500030517578,154.5,155.10000610351562,91.47467041015625,1676723
DNB,DNB.OL,2018-03-02,154.3000030517578,154.60000610351562,151.39999389648438,151.5500030517578,89.38094329833984,2092019
DNB,DNB.OL,2018-03-05,151.5500030517578,153.14999389648438,151.14999389648438,153.14999389648438,90.3245849609375,1576883
DNB,DNB.OL,2018-03-06,153.14999389648438,155.25,153.14999389648438,154.60000610351562,91.17977905273438,2381590
DNB,DNB.OL,2018-03-07,153.3000030517578,154.75,152.60000610351562,154.25,90.97334289550781,1635555
DNB,DNB.OL,2018-03-08,153.85000610351562,155.75,153.85000610351562,155.39999389648438,91.6515884399414,1736169
DNB,DNB.OL,2018-03-09,155.8000030517578,155.89999389648438,154.0500030517578,155.5,91.7105712890625,1260357
DNB,DNB.OL,2018-03-12,156.0,156.39999389648438,155.14999389648438,155.9499969482422,91.97595977783203,1327391
DNB,DNB.OL,2018-03-13,156.10000610351562,158.14999389648438,155.5500030517578,157.10000610351562,92.65421295166016,2048709
DNB,DNB.OL,2018-03-14,156.3000030517578,157.5,155.4499969482422,155.5,91.7105712890625,1855430
DNB,DNB.OL,2018-03-15,155.9499969482422,157.35000610351562,155.39999389648438,156.0500030517578,92.03495025634766,2054724
DNB,DNB.OL,2018-03-16,156.3000030517578,158.9499969482422,155.4499969482422,158.6999969482422,93.59785461425781,3065865
DNB,DNB.OL,2018-03-19,158.6999969482422,158.89999389648438,156.35000610351562,156.64999389648438,92.38880157470703,1841153
DNB,DNB.OL,2018-03-20,157.14999389648438,158.0,154.89999389648438,156.0,92.00544738769531,2238160
DNB,DNB.OL,2018-03-21,155.89999389648438,155.9499969482422,153.5500030517578,154.5,91.12078857421875,1604828
DNB,DNB.OL,2018-03-22,153.39999389648438,153.9499969482422,149.8000030517578,150.75,88.90914154052734,2642149
DNB,DNB.OL,2018-03-23,149.9499969482422,151.85000610351562,148.39999389648438,151.85000610351562,89.5578842163086,2535019
DNB,DNB.OL,2018-03-26,151.64999389648438,151.6999969482422,150.0,150.60000610351562,88.82064819335938,2320887
DNB,DNB.OL,2018-03-27,151.64999389648438,152.4499969482422,151.0,151.25,89.2040023803711,1791040
DNB,DNB.OL,2018-03-28,150.39999389648438,152.14999389648438,149.8000030517578,152.14999389648438,89.73479461669922,1430883
DNB,DNB.OL,2018-04-03,148.60000610351562,154.5,148.60000610351562,153.6999969482422,90.64897155761719,2672137
DNB,DNB.OL,2018-04-04,154.0,154.5500030517578,149.5,150.10000610351562,88.52576446533203,2944739
DNB,DNB.OL,2018-04-05,152.25,153.0,151.5,152.85000610351562,90.14765930175781,2316932
DNB,DNB.OL,2018-04-06,152.60000610351562,152.60000610351562,151.5,151.5,89.35145568847656,1439475
DNB,DNB.OL,2018-04-09,152.0,152.64999389648438,150.1999969482422,150.6999969482422,88.87963104248047,1393629
DNB,DNB.OL,2018-04-10,151.6999969482422,152.0,150.64999389648438,152.0,89.6463394165039,2078585
DNB,DNB.OL,2018-04-11,151.5,151.60000610351562,149.14999389648438,149.5,88.1718978881836,2163778
DNB,DNB.OL,2018-04-12,149.5,150.14999389648438,148.14999389648438,149.5500030517578,88.2013931274414,2484955
DNB,DNB.OL,2018-04-13,150.39999389648438,150.5500030517578,149.14999389648438,149.25,88.02444458007812,1960276
DNB,DNB.OL,2018-04-16,149.25,149.35000610351562,147.10000610351562,147.10000610351562,86.75643157958984,1963188
DNB,DNB.OL,2018-04-17,147.39999389648438,148.5500030517578,146.89999389648438,147.10000610351562,86.75643157958984,1908047
DNB,DNB.OL,2018-04-18,146.89999389648438,148.89999389648438,146.5,148.3000030517578,87.46416473388672,2393486
DNB,DNB.OL,2018-04-19,148.75,150.10000610351562,148.5,149.75,88.3193359375,2005073
DNB,DNB.OL,2018-04-20,150.0,150.35000610351562,149.3000030517578,149.3000030517578,88.05394744873047,1752963
DNB,DNB.OL,2018-04-23,149.4499969482422,150.5500030517578,149.14999389648438,150.5,88.76168060302734,2504862
DNB,DNB.OL,2018-04-24,151.0500030517578,152.10000610351562,150.9499969482422,151.39999389648438,89.29246520996094,2184006
DNB,DNB.OL,2018-04-25,144.39999389648438,144.39999389648438,138.89999389648438,138.89999389648438,85.95096588134766,4099454
DNB,DNB.OL,2018-04-26,145.0,149.0500030517578,145.0,148.14999389648438,91.67484283447266,5729184
DNB,DNB.OL,2018-04-27,149.35000610351562,150.5,148.75,149.75,92.6649169921875,2590610
DNB,DNB.OL,2018-04-30,150.35000610351562,153.39999389648438,150.3000030517578,150.5500030517578,93.15995025634766,2596108
DNB,DNB.OL,2018-05-02,152.39999389648438,155.1999969482422,152.39999389648438,154.35000610351562,95.51138305664062,3256320
DNB,DNB.OL,2018-05-03,154.64999389648438,155.0,152.64999389648438,152.64999389648438,94.45942687988281,1486062
DNB,DNB.OL,2018-05-04,152.5,152.5,150.89999389648438,152.14999389648438,94.15001678466797,1873978
DNB,DNB.OL,2018-05-07,152.14999389648438,152.64999389648438,151.5,152.14999389648438,94.15001678466797,970983
DNB,DNB.OL,2018-05-08,152.4499969482422,154.1999969482422,152.0500030517578,154.1999969482422,95.41856384277344,2318365
DNB,DNB.OL,2018-05-09,155.0500030517578,156.39999389648438,154.75,155.75,96.3777084350586,1989206
DNB,DNB.OL,2018-05-11,157.0,157.25,155.8000030517578,156.39999389648438,96.7799301147461,1851387
DNB,DNB.OL,2018-05-14,155.9499969482422,156.39999389648438,153.85000610351562,154.5,95.60420989990234,1782460
DNB,DNB.OL,2018-05-15,154.64999389648438,155.5,153.25,154.1999969482422,95.41856384277344,2015463
DNB,DNB.OL,2018-05-16,154.0,154.89999389648438,151.89999389648438,153.14999389648438,94.76882934570312,2294806
DNB,DNB.OL,2018-05-18,155.14999389648438,155.89999389648438,151.35000610351562,154.5,95.60420989990234,3416202
DNB,DNB.OL,2018-05-22,157.4499969482422,157.4499969482422,154.60000610351562,156.39999389648438,96.7799301147461,2243368
DNB,DNB.OL,2018-05-23,156.0,156.0,154.60000610351562,154.75,95.7589111328125,1882837
DNB,DNB.OL,2018-05-24,154.60000610351562,155.75,151.39999389648438,151.75,93.90251922607422,2220955
DNB,DNB.OL,2018-05-25,152.5,154.3000030517578,151.8000030517578,153.6999969482422,95.10917663574219,1997548
DNB,DNB.OL,2018-05-28,155.0,155.0,152.64999389648438,152.9499969482422,94.64508056640625,1026290
DNB,DNB.OL,2018-05-29,151.9499969482422,152.0500030517578,149.0,149.9499969482422,92.78866577148438,2385946
DNB,DNB.OL,2018-05-30,149.0,150.1999969482422,147.6999969482422,149.0,92.20082092285156,2243558
DNB,DNB.OL,2018-05-31,150.64999389648438,152.0,146.5,146.5,90.6538314819336,4460876
DNB,DNB.OL,2018-06-01,147.89999389648438,150.14999389648438,147.5500030517578,149.75,92.6649169921875,1799362
DNB,DNB.OL,2018-06-04,151.4499969482422,151.4499969482422,148.9499969482422,149.39999389648438,92.44833374023438,1449862
DNB,DNB.OL,2018-06-05,150.5500030517578,150.64999389648438,148.9499969482422,148.9499969482422,92.16989135742188,1743058
DNB,DNB.OL,2018-06-06,150.3000030517578,151.4499969482422,150.10000610351562,150.3000030517578,93.00526428222656,2358771
DNB,DNB.OL,2018-06-07,151.9499969482422,154.0,151.85000610351562,153.6999969482422,95.10917663574219,3045262
DNB,DNB.OL,2018-06-08,153.5500030517578,154.3000030517578,152.39999389648438,154.3000030517578,95.48046112060547,2584265
DNB,DNB.OL,2018-06-11,155.0,156.9499969482422,155.0,156.9499969482422,97.1202621459961,2906661
DNB,DNB.OL,2018-06-12,157.89999389648438,158.14999389648438,157.10000610351562,157.3000030517578,97.33685302734375,2179646
DNB,DNB.OL,2018-06-13,157.85000610351562,158.6999969482422,157.3000030517578,157.6999969482422,97.58436584472656,2230618
DNB,DNB.OL,2018-06-14,157.0,158.9499969482422,156.60000610351562,158.60000610351562,98.14128875732422,2213149
DNB,DNB.OL,2018-06-15,158.10000610351562,158.89999389648438,157.39999389648438,158.89999389648438,98.32691955566406,3772986
DNB,DNB.OL,2018-06-18,158.6999969482422,159.10000610351562,158.14999389648438,158.35000610351562,97.986572265625,1616856
DNB,DNB.OL,2018-06-19,157.14999389648438,158.89999389648438,156.8000030517578,158.39999389648438,98.01752471923828,2572662
DNB,DNB.OL,2018-06-20,159.14999389648438,159.14999389648438,156.8000030517578,156.8000030517578,97.02745056152344,2625349
DNB,DNB.OL,2018-06-21,156.89999389648438,157.0,155.64999389648438,156.35000610351562,96.74899291992188,2986116
DNB,DNB.OL,2018-06-22,156.6999969482422,157.5,155.6999969482422,157.5,97.46060943603516,1418374
DNB,DNB.OL,2018-06-25,156.64999389648438,157.5500030517578,156.1999969482422,156.3000030517578,96.71804809570312,1684530
DNB,DNB.OL,2018-06-26,156.89999389648438,157.39999389648438,156.3000030517578,156.64999389648438,96.93460845947266,1446425
DNB,DNB.OL,2018-06-27,156.14999389648438,158.0500030517578,155.1999969482422,157.5,97.46060943603516,2009224
DNB,DNB.OL,2018-06-28,155.89999389648438,157.8000030517578,155.85000610351562,157.1999969482422,97.27496337890625,1645947
DNB,DNB.OL,2018-06-29,158.75,160.5,158.60000610351562,159.3000030517578,98.57443237304688,2725817
DNB,DNB.OL,2018-07-02,157.39999389648438,158.4499969482422,156.4499969482422,158.10000610351562,97.8318862915039,1389339
DNB,DNB.OL,2018-07-03,158.6999969482422,159.85000610351562,158.1999969482422,159.5500030517578,98.7291488647461,1893954
DNB,DNB.OL,2018-07-04,159.25,162.75,158.4499969482422,162.10000610351562,100.30707550048828,1317425
DNB,DNB.OL,2018-07-05,161.9499969482422,161.9499969482422,158.75,158.75,98.23408508300781,2960254
DNB,DNB.OL,2018-07-06,158.5500030517578,159.39999389648438,157.39999389648438,157.89999389648438,97.7081298828125,2115948
DNB,DNB.OL,2018-07-09,158.60000610351562,160.75,158.1999969482422,160.60000610351562,99.3788833618164,2011080
DNB,DNB.OL,2018-07-10,160.64999389648438,163.8000030517578,160.35000610351562,162.10000610351562,100.30707550048828,2403583
DNB,DNB.OL,2018-07-11,161.35000610351562,162.75,160.39999389648438,162.64999389648438,100.64739227294922,2069783
DNB,DNB.OL,2018-07-12,159.10000610351562,159.10000610351562,152.89999389648438,156.10000610351562,96.59428405761719,6355893
DNB,DNB.OL,2018-07-13,157.0,157.0,154.25,155.3000030517578,96.09925079345703,2498834
DNB,DNB.OL,2018-07-16,155.0,156.35000610351562,153.85000610351562,155.5500030517578,96.25394439697266,1985479
DNB,DNB.OL,2018-07-17,155.3000030517578,157.35000610351562,155.10000610351562,156.5500030517578,96.87274169921875,2354148
DNB,DNB.OL,2018-07-18,156.75,158.5,154.89999389648438,158.1999969482422,97.89375305175781,2185533
DNB,DNB.OL,2018-07-19,158.60000610351562,158.8000030517578,157.0500030517578,157.35000610351562,97.3677978515625,1656759
DNB,DNB.OL,2018-07-20,156.60000610351562,159.1999969482422,155.8000030517578,158.75,98.23408508300781,1642759
DNB,DNB.OL,2018-07-23,158.9499969482422,160.6999969482422,158.5500030517578,160.0500030517578,99.0385513305664,1722189
DNB,DNB.OL,2018-07-24,160.5,161.4499969482422,159.85000610351562,161.3000030517578,99.8120346069336,1690035
DNB,DNB.OL,2018-07-25,161.0500030517578,163.39999389648438,161.0500030517578,162.39999389648438,100.49272155761719,2182233
DNB,DNB.OL,2018-07-26,163.25,163.6999969482422,162.25,162.75,100.70928192138672,1516931
DNB,DNB.OL,2018-07-27,163.39999389648438,164.5500030517578,162.6999969482422,163.5,101.17338562011719,1494552
DNB,DNB.OL,2018-07-30,163.35000610351562,164.1999969482422,163.0,164.0500030517578,101.51373291015625,1187338
DNB,DNB.OL,2018-07-31,163.75,164.75,163.5500030517578,164.5500030517578,101.8231201171875,1845169
DNB,DNB.OL,2018-08-01,164.8000030517578,165.25,162.60000610351562,163.85000610351562,101.38996124267578,1433632
DNB,DNB.OL,2018-08-02,163.6999969482422,164.60000610351562,161.6999969482422,162.0,100.24517822265625,1576417
DNB,DNB.OL,2018-08-03,162.6999969482422,164.9499969482422,162.6999969482422,164.0500030517578,101.51373291015625,1389910
DNB,DNB.OL,2018-08-06,163.39999389648438,163.8000030517578,162.64999389648438,163.1999969482422,100.98774719238281,992918
DNB,DNB.OL,2018-08-07,163.6999969482422,166.8000030517578,163.6999969482422,166.8000030517578,103.2154312133789,1791292
DNB,DNB.OL,2018-08-08,166.6999969482422,167.3000030517578,166.4499969482422,167.0500030517578,103.37010192871094,1222441
DNB,DNB.OL,2018-08-09,167.1999969482422,169.0,166.14999389648438,169.0,104.57677459716797,1394063
DNB,DNB.OL,2018-08-10,167.85000610351562,168.5,166.39999389648438,166.9499969482422,103.30823516845703,1873657
DNB,DNB.OL,2018-08-13,166.25,167.0500030517578,165.0,166.39999389648438,102.96790313720703,1111923
DNB,DNB.OL,2018-08-14,166.60000610351562,167.39999389648438,165.60000610351562,165.64999389648438,102.50379180908203,1412955
DNB,DNB.OL,2018-08-15,166.0,167.10000610351562,164.75,165.85000610351562,102.62755584716797,1573780
DNB,DNB.OL,2018-08-16,166.60000610351562,167.14999389648438,165.1999969482422,166.10000610351562,102.78225708007812,1320317
DNB,DNB.OL,2018-08-17,166.10000610351562,166.5500030517578,163.89999389648438,166.0,102.72036743164062,1425225
DNB,DNB.OL,2018-08-20,166.25,168.10000610351562,166.25,166.75,103.1844711303711,1290121
DNB,DNB.OL,2018-08-21,166.39999389648438,168.0,166.3000030517578,167.5500030517578,103.67951965332031,1677328
DNB,DNB.OL,2018-08-22,166.0,168.39999389648438,165.35000610351562,168.0500030517578,103.9889144897461,1630715
DNB,DNB.OL,2018-08-23,168.10000610351562,169.6999969482422,168.0,169.5,104.88617706298828,1267675
DNB,DNB.OL,2018-08-24,169.75,171.35000610351562,169.5500030517578,171.10000610351562,105.87625885009766,1391558
DNB,DNB.OL,2018-08-27,172.0500030517578,172.8000030517578,171.35000610351562,172.6999969482422,106.8663101196289,1002896
DNB,DNB.OL,2018-08-28,173.0500030517578,173.9499969482422,172.10000610351562,172.4499969482422,106.71160888671875,1213050
DNB,DNB.OL,2018-08-29,172.3000030517578,173.39999389648438,172.10000610351562,172.9499969482422,107.02102661132812,1257225
DNB,DNB.OL,2018-08-30,172.6999969482422,172.8000030517578,171.3000030517578,171.4499969482422,106.09281158447266,1009115
DNB,DNB.OL,2018-08-31,171.8000030517578,172.35000610351562,170.8000030517578,170.8000030517578,105.69061279296875,1651882
DNB,DNB.OL,2018-09-03,170.64999389648438,171.64999389648438,170.25,170.6999969482422,105.62871551513672,903311
DNB,DNB.OL,2018-09-04,169.6999969482422,170.0,168.14999389648438,169.4499969482422,104.85521697998047,1249145
DNB,DNB.OL,2018-09-05,169.4499969482422,171.1999969482422,169.39999389648438,170.14999389648438,105.28839111328125,1329939
DNB,DNB.OL,2018-09-06,170.0,171.25,169.64999389648438,170.6999969482422,105.62871551513672,1195273
DNB,DNB.OL,2018-09-07,170.9499969482422,171.4499969482422,168.0500030517578,169.64999389648438,104.9789810180664,1518947
DNB,DNB.OL,2018-09-10,170.14999389648438,172.35000610351562,169.1999969482422,170.8000030517578,105.69061279296875,1360201
DNB,DNB.OL,2018-09-11,171.3000030517578,171.3000030517578,169.0,169.5,104.88617706298828,1369585
DNB,DNB.OL,2018-09-12,170.14999389648438,170.64999389648438,169.0,169.5,104.88617706298828,1122661
DNB,DNB.OL,2018-09-13,170.3000030517578,170.60000610351562,169.10000610351562,169.75,105.04087829589844,1215403
DNB,DNB.OL,2018-09-14,169.85000610351562,170.6999969482422,169.60000610351562,170.0500030517578,105.22652435302734,1265029
DNB,DNB.OL,2018-09-17,169.89999389648438,171.60000610351562,169.64999389648438,171.4499969482422,106.09281158447266,1450789
DNB,DNB.OL,2018-09-18,171.60000610351562,171.75,169.6999969482422,170.25,105.35026550292969,1405038
DNB,DNB.OL,2018-09-19,168.5500030517578,169.60000610351562,167.0500030517578,169.10000610351562,104.63866424560547,1898758
DNB,DNB.OL,2018-09-20,169.75,171.0,168.5,170.1999969482422,105.31932830810547,2210647
DNB,DNB.OL,2018-09-21,170.5,171.85000610351562,170.3000030517578,171.6999969482422,106.24752807617188,2924587
DNB,DNB.OL,2018-09-24,171.39999389648438,172.39999389648438,170.39999389648438,172.1999969482422,106.55692291259766,999407
DNB,DNB.OL,2018-09-25,172.5500030517578,173.85000610351562,171.89999389648438,173.14999389648438,107.144775390625,1304157
DNB,DNB.OL,2018-09-26,173.5,174.1999969482422,171.0,171.75,106.2784652709961,1660958
DNB,DNB.OL,2018-09-27,171.75,173.10000610351562,170.4499969482422,173.10000610351562,107.11383056640625,1195510
DNB,DNB.OL,2018-09-28,172.5,172.64999389648438,170.25,171.25,105.96906280517578,1759678
DNB,DNB.OL,2018-10-01,171.10000610351562,171.8000030517578,169.6999969482422,169.8000030517578,105.0718002319336,1580783
DNB,DNB.OL,2018-10-02,169.5500030517578,170.35000610351562,168.10000610351562,169.25,104.73146057128906,1372620
DNB,DNB.OL,2018-10-03,170.9499969482422,171.39999389648438,165.6999969482422,166.14999389648438,102.81320190429688,2326018
DNB,DNB.OL,2018-10-04,167.5,168.0500030517578,165.75,166.39999389648438,102.96790313720703,2204833
DNB,DNB.OL,2018-10-05,166.14999389648438,168.0500030517578,165.3000030517578,167.0500030517578,103.37010192871094,1480055
DNB,DNB.OL,2018-10-08,166.85000610351562,167.14999389648438,165.3000030517578,165.6999969482422,102.53473663330078,1286310
DNB,DNB.OL,2018-10-09,165.75,166.14999389648438,162.75,164.0,101.4827880859375,1714157
DNB,DNB.OL,2018-10-10,163.9499969482422,166.60000610351562,163.39999389648438,165.35000610351562,102.31816101074219,1642693
DNB,DNB.OL,2018-10-11,160.10000610351562,162.39999389648438,160.10000610351562,161.5500030517578,99.96673583984375,2430048
DNB,DNB.OL,2018-10-12,161.5500030517578,162.64999389648438,160.25,161.39999389648438,99.87389373779297,1900225
DNB,DNB.OL,2018-10-15,162.0,162.4499969482422,160.0500030517578,161.0500030517578,99.6573257446289,1842558
DNB,DNB.OL,2018-10-16,162.0500030517578,163.5,161.0,162.4499969482422,100.52363586425781,1662159
DNB,DNB.OL,2018-10-17,164.0,164.4499969482422,162.75,163.0,100.86399841308594,1261805
DNB,DNB.OL,2018-10-18,163.25,165.0,161.10000610351562,161.25,99.78108978271484,2128298
DNB,DNB.OL,2018-10-19,161.25,164.10000610351562,161.10000610351562,163.39999389648438,101.11149597167969,1925970
DNB,DNB.OL,2018-10-22,164.39999389648438,165.9499969482422,160.60000610351562,160.75,99.47168731689453,1546140
DNB,DNB.OL,2018-10-23,158.14999389648438,160.5,156.9499969482422,157.0500030517578,97.18212890625,2899877
DNB,DNB.OL,2018-10-24,158.4499969482422,161.0500030517578,158.0,159.35000610351562,98.60538482666016,1827369
DNB,DNB.OL,2018-10-25,153.89999389648438,154.75,148.5500030517578,153.5500030517578,95.016357421875,4063924
DNB,DNB.OL,2018-10-26,150.60000610351562,153.14999389648438,150.60000610351562,151.5500030517578,93.77875518798828,2631243
DNB,DNB.OL,2018-10-29,152.9499969482422,154.35000610351562,152.5,153.35000610351562,94.89259338378906,1857832
DNB,DNB.OL,2018-10-30,153.0,153.1999969482422,150.64999389648438,151.89999389648438,93.9953384399414,2693457
DNB,DNB.OL,2018-10-31,153.6999969482422,154.25,152.5500030517578,152.5500030517578,94.39754486083984,3011656
DNB,DNB.OL,2018-11-01,152.0,153.64999389648438,152.0,153.3000030517578,94.86166381835938,2133274
DNB,DNB.OL,2018-11-02,154.89999389648438,156.35000610351562,154.25,155.39999389648438,96.16112518310547,1631534
DNB,DNB.OL,2018-11-05,155.39999389648438,156.1999969482422,154.25,155.6999969482422,96.34677124023438,1158610
DNB,DNB.OL,2018-11-06,156.5,156.5,154.64999389648438,155.60000610351562,96.2848892211914,1124327
DNB,DNB.OL,2018-11-07,155.9499969482422,157.85000610351562,155.89999389648438,157.14999389648438,97.2440185546875,1211724
DNB,DNB.OL,2018-11-08,158.0500030517578,158.89999389648438,156.64999389648438,158.6999969482422,98.20315551757812,1287883
DNB,DNB.OL,2018-11-09,157.64999389648438,157.64999389648438,156.3000030517578,156.6999969482422,96.96556091308594,1076845
DNB,DNB.OL,2018-11-12,157.35000610351562,157.35000610351562,155.0,155.5,96.22300720214844,1260959
DNB,DNB.OL,2018-11-13,155.0500030517578,156.14999389648438,153.85000610351562,153.85000610351562,95.20199584960938,2335036
DNB,DNB.OL,2018-11-14,152.5,152.6999969482422,149.5500030517578,150.5,93.12902069091797,3814291
DNB,DNB.OL,2018-11-15,150.60000610351562,151.5500030517578,148.6999969482422,149.35000610351562,92.41740417480469,1986143
DNB,DNB.OL,2018-11-16,150.8000030517578,151.5,149.5500030517578,151.0,93.43841552734375,1763003
DNB,DNB.OL,2018-11-19,152.39999389648438,153.4499969482422,149.8000030517578,150.0,92.81961059570312,1347614
DNB,DNB.OL,2018-11-20,148.35000610351562,148.6999969482422,145.25,145.60000610351562,90.09691619873047,1960466
DNB,DNB.OL,2018-11-21,146.35000610351562,147.39999389648438,146.0500030517578,146.64999389648438,90.74664306640625,1634477
DNB,DNB.OL,2018-11-22,146.14999389648438,147.5500030517578,145.64999389648438,146.5,90.6538314819336,1232709
DNB,DNB.OL,2018-11-23,146.10000610351562,147.35000610351562,144.3000030517578,144.75,89.57093811035156,1520378
DNB,DNB.OL,2018-11-26,146.25,148.1999969482422,146.25,147.5500030517578,91.30357360839844,1620522
DNB,DNB.OL,2018-11-27,147.25,148.10000610351562,145.89999389648438,147.6999969482422,91.3963851928711,1429938
DNB,DNB.OL,2018-11-28,148.25,148.60000610351562,147.25,148.4499969482422,91.86048126220703,1549992
DNB,DNB.OL,2018-11-29,149.0,149.39999389648438,147.1999969482422,148.85000610351562,92.10800170898438,1502938
DNB,DNB.OL,2018-11-30,148.8000030517578,149.0,147.0500030517578,147.5,91.27263641357422,2694210
DNB,DNB.OL,2018-12-03,150.0500030517578,152.39999389648438,149.64999389648438,151.39999389648438,93.68592834472656,1876164
DNB,DNB.OL,2018-12-04,150.5500030517578,152.5500030517578,150.5500030517578,150.8000030517578,93.31466674804688,1649061
DNB,DNB.OL,2018-12-05,148.10000610351562,150.5500030517578,148.0,149.1999969482422,92.32457733154297,1822470
DNB,DNB.OL,2018-12-06,148.5500030517578,149.0500030517578,145.75,145.75,90.18972778320312,1959744
DNB,DNB.OL,2018-12-07,145.9499969482422,149.10000610351562,145.14999389648438,148.25,91.73672485351562,1951658
DNB,DNB.OL,2018-12-10,148.0,149.0500030517578,145.1999969482422,145.75,90.18972778320312,1535897
DNB,DNB.OL,2018-12-11,145.5,148.14999389648438,145.10000610351562,147.8000030517578,91.45826721191406,2039912
DNB,DNB.OL,2018-12-12,147.35000610351562,148.64999389648438,147.0500030517578,148.0,91.58201599121094,1801688
DNB,DNB.OL,2018-12-13,148.5,149.39999389648438,146.5500030517578,148.1999969482422,91.7057876586914,1687840
DNB,DNB.OL,2018-12-14,146.5500030517578,146.9499969482422,145.0,145.5,90.03502655029297,1668881
DNB,DNB.OL,2018-12-17,145.0,145.0500030517578,143.5,143.5500030517578,88.82838439941406,1815035
DNB,DNB.OL,2018-12-18,143.4499969482422,145.0,141.39999389648438,144.60000610351562,89.4781265258789,1938146
DNB,DNB.OL,2018-12-19,144.25,145.1999969482422,142.85000610351562,143.64999389648438,88.8902587890625,1689322
DNB,DNB.OL,2018-12-20,141.5,142.39999389648438,139.64999389648438,139.64999389648438,86.4150619506836,2609371
DNB,DNB.OL,2018-12-21,139.0,139.60000610351562,136.8000030517578,138.5,85.70343780517578,4492011
DNB,DNB.OL,2018-12-27,140.0,140.0,135.5,136.39999389648438,84.40396118164062,2380658
DNB,DNB.OL,2018-12-28,137.8000030517578,139.3000030517578,136.60000610351562,138.14999389648438,85.48687744140625,1871025
DNB,DNB.OL,2019-01-02,136.9499969482422,138.9499969482422,136.10000610351562,138.85000610351562,85.92003631591797,2088723
DNB,DNB.OL,2019-01-03,138.4499969482422,143.6999969482422,138.35000610351562,142.64999389648438,88.27145385742188,2217974
DNB,DNB.OL,2019-01-04,145.0,147.64999389648438,143.5500030517578,147.64999389648438,91.36544036865234,2273667
DNB,DNB.OL,2019-01-07,148.85000610351562,149.1999969482422,146.39999389648438,146.8000030517578,90.83946990966797,1522986
DNB,DNB.OL,2019-01-08,146.14999389648438,147.1999969482422,144.35000610351562,146.75,90.80852508544922,1530278
DNB,DNB.OL,2019-01-09,147.4499969482422,149.14999389648438,146.8000030517578,148.75,92.04613494873047,1363404
DNB,DNB.OL,2019-01-10,148.64999389648438,149.3000030517578,147.10000610351562,148.10000610351562,91.64391326904297,1447061
DNB,DNB.OL,2019-01-11,149.0,150.75,148.35000610351562,149.6999969482422,92.63399505615234,2104387
DNB,DNB.OL,2019-01-14,150.85000610351562,150.85000610351562,148.35000610351562,149.75,92.6649169921875,1613750
DNB,DNB.OL,2019-01-15,151.8000030517578,152.5500030517578,149.8000030517578,150.3000030517578,93.00526428222656,2051668
DNB,DNB.OL,2019-01-16,152.0,153.10000610351562,150.14999389648438,152.6999969482422,94.49036407470703,2086954
DNB,DNB.OL,2019-01-17,151.64999389648438,152.35000610351562,150.5500030517578,152.0500030517578,94.0881576538086,1494942
DNB,DNB.OL,2019-01-18,153.6999969482422,155.64999389648438,153.3000030517578,155.39999389648438,96.16112518310547,1856164
DNB,DNB.OL,2019-01-21,155.39999389648438,155.9499969482422,153.8000030517578,154.5500030517578,95.63514709472656,857545
DNB,DNB.OL,2019-01-22,152.35000610351562,154.10000610351562,152.35000610351562,152.8000030517578,94.55224609375,1218918
DNB,DNB.OL,2019-01-23,153.0500030517578,153.1999969482422,152.0,152.3000030517578,94.24285888671875,1571957
DNB,DNB.OL,2019-01-24,151.0,154.0,150.35000610351562,151.8000030517578,93.93346405029297,1898038
DNB,DNB.OL,2019-01-25,153.4499969482422,153.4499969482422,151.5,151.89999389648438,93.9953384399414,1453252
DNB,DNB.OL,2019-01-28,151.89999389648438,152.14999389648438,149.85000610351562,150.0,92.81961059570312,1238270
DNB,DNB.OL,2019-01-29,149.9499969482422,150.10000610351562,148.0,149.0,92.20082092285156,2477782
DNB,DNB.OL,2019-01-30,149.5,151.3000030517578,148.85000610351562,150.85000610351562,93.34561157226562,2232765
DNB,DNB.OL,2019-01-31,151.5,152.8000030517578,149.1999969482422,149.35000610351562,92.41740417480469,2036252
DNB,DNB.OL,2019-02-01,150.35000610351562,151.10000610351562,149.39999389648438,150.89999389648438,93.37653350830078,1287001
DNB,DNB.OL,2019-02-04,151.0,152.14999389648438,149.35000610351562,150.89999389648438,93.37653350830078,1719825
DNB,DNB.OL,2019-02-05,151.0500030517578,154.1999969482422,150.9499969482422,153.5500030517578,95.016357421875,2100561
DNB,DNB.OL,2019-02-06,152.89999389648438,154.3000030517578,152.14999389648438,153.8000030517578,95.1710433959961,1604878
DNB,DNB.OL,2019-02-07,156.60000610351562,158.35000610351562,156.0,156.0,96.53239440917969,2713657
DNB,DNB.OL,2019-02-08,155.60000610351562,157.0500030517578,154.5500030517578,154.6999969482422,95.72795867919922,1968853
DNB,DNB.OL,2019-02-11,155.60000610351562,156.8000030517578,155.14999389648438,155.60000610351562,96.2848892211914,1786850
DNB,DNB.OL,2019-02-12,156.85000610351562,159.14999389648438,156.5,159.14999389648438,98.48162078857422,1958655
DNB,DNB.OL,2019-02-13,159.85000610351562,160.5,158.6999969482422,160.5,99.3169937133789,1977103
DNB,DNB.OL,2019-02-14,161.0,161.3000030517578,158.5,160.85000610351562,99.53356170654297,2421380
DNB,DNB.OL,2019-02-15,160.5,162.85000610351562,159.25,162.8000030517578,100.740234375,1637655
DNB,DNB.OL,2019-02-18,162.60000610351562,163.0,161.0,162.10000610351562,100.30707550048828,1128623
DNB,DNB.OL,2019-02-19,162.0500030517578,162.39999389648438,161.10000610351562,162.39999389648438,100.49272155761719,1176645
DNB,DNB.OL,2019-02-20,162.39999389648438,162.85000610351562,160.4499969482422,161.5500030517578,99.96673583984375,1145038
DNB,DNB.OL,2019-02-21,162.5,162.5,157.89999389648438,157.89999389648438,97.7081298828125,2824691
DNB,DNB.OL,2019-02-22,158.0500030517578,162.39999389648438,158.0500030517578,161.3000030517578,99.8120346069336,1902763
DNB,DNB.OL,2019-02-25,161.6999969482422,163.4499969482422,161.6999969482422,162.25,100.39989471435547,1572818
DNB,DNB.OL,2019-02-26,161.9499969482422,163.5,161.14999389648438,163.4499969482422,101.14244842529297,1629467
DNB,DNB.OL,2019-02-27,162.5,163.60000610351562,162.0500030517578,163.0,100.86399841308594,1196562
DNB,DNB.OL,2019-02-28,162.3000030517578,164.1999969482422,161.5500030517578,164.0,101.4827880859375,1843448
DNB,DNB.OL,2019-03-01,165.0,165.0,162.85000610351562,163.9499969482422,101.45185089111328,1681118
DNB,DNB.OL,2019-03-04,164.6999969482422,165.0,156.25,158.0,97.76998901367188,5512211
DNB,DNB.OL,2019-03-05,159.0,159.5500030517578,157.10000610351562,157.5,97.46060943603516,3285456
DNB,DNB.OL,2019-03-06,157.5500030517578,158.60000610351562,156.8000030517578,158.5500030517578,98.11033630371094,2024604
DNB,DNB.OL,2019-03-07,158.64999389648438,159.6999969482422,156.8000030517578,157.5500030517578,97.49154663085938,1956562
DNB,DNB.OL,2019-03-08,156.8000030517578,158.0500030517578,156.5,157.89999389648438,97.7081298828125,1277118
DNB,DNB.OL,2019-03-11,158.25,159.4499969482422,157.89999389648438,158.75,98.23408508300781,1484715
DNB,DNB.OL,2019-03-12,159.14999389648438,159.5500030517578,158.10000610351562,158.5,98.07939910888672,1339004
DNB,DNB.OL,2019-03-13,158.85000610351562,160.10000610351562,158.39999389648438,159.14999389648438,98.48162078857422,1733375
DNB,DNB.OL,2019-03-14,159.5500030517578,161.89999389648438,159.39999389648438,161.89999389648438,100.18331146240234,2123130
DNB,DNB.OL,2019-03-15,162.0,163.39999389648438,161.0,163.39999389648438,101.11149597167969,2721138
DNB,DNB.OL,2019-03-18,163.9499969482422,165.89999389648438,163.4499969482422,165.6999969482422,102.53473663330078,1488458
DNB,DNB.OL,2019-03-19,166.0500030517578,169.0,166.0,167.0,103.33917999267578,1785987
DNB,DNB.OL,2019-03-20,167.3000030517578,167.85000610351562,166.25,166.75,103.1844711303711,1161615
DNB,DNB.OL,2019-03-21,166.9499969482422,167.10000610351562,164.60000610351562,166.1999969482422,102.8441390991211,1410605
DNB,DNB.OL,2019-03-22,166.8000030517578,166.8000030517578,162.14999389648438,162.5500030517578,100.58552551269531,2471113
DNB,DNB.OL,2019-03-25,162.35000610351562,163.39999389648438,161.25,162.0,100.24517822265625,1616401
DNB,DNB.OL,2019-03-26,163.39999389648438,163.39999389648438,161.5,162.8000030517578,100.740234375,1448689
DNB,DNB.OL,2019-03-27,164.0,165.8000030517578,162.85000610351562,164.25,101.63748168945312,2119369
DNB,DNB.OL,2019-03-28,166.0,166.0,161.60000610351562,161.60000610351562,99.99766540527344,2430967
DNB,DNB.OL,2019-03-29,163.0,163.3000030517578,158.60000610351562,158.8000030517578,98.2650375366211,3124256
DNB,DNB.OL,2019-04-01,160.25,162.25,160.25,161.6999969482422,100.05955505371094,1944374
DNB,DNB.OL,2019-04-02,163.0,163.85000610351562,161.89999389648438,163.64999389648438,101.26619720458984,2462176
DNB,DNB.OL,2019-04-03,164.8000030517578,164.89999389648438,162.8000030517578,164.14999389648438,101.57559967041016,2371442
DNB,DNB.OL,2019-04-04,163.8000030517578,164.14999389648438,162.85000610351562,164.0,101.4827880859375,1510064
DNB,DNB.OL,2019-04-05,165.0,165.0,163.6999969482422,164.25,101.63748168945312,1004144
DNB,DNB.OL,2019-04-08,164.25,165.1999969482422,163.5,165.1999969482422,102.225341796875,1310322
DNB,DNB.OL,2019-04-09,163.5,164.10000610351562,162.25,163.0,100.86399841308594,1717055
DNB,DNB.OL,2019-04-10,163.75,163.9499969482422,162.85000610351562,162.85000610351562,100.77117156982422,1339377
DNB,DNB.OL,2019-04-11,162.5,164.60000610351562,162.5,164.0,101.4827880859375,1623397
DNB,DNB.OL,2019-04-12,164.25,166.64999389648438,163.64999389648438,165.8000030517578,102.59661102294922,1614955
DNB,DNB.OL,2019-04-15,166.1999969482422,166.85000610351562,165.75,166.0,102.72036743164062,965503
DNB,DNB.OL,2019-04-16,166.85000610351562,167.75,166.0,167.3000030517578,103.52481079101562,1053496
DNB,DNB.OL,2019-04-17,167.3000030517578,167.3000030517578,167.3000030517578,167.3000030517578,103.52481079101562,0
DNB,DNB.OL,2019-04-23,169.60000610351562,169.64999389648438,166.0500030517578,167.3000030517578,103.52481079101562,1758595
DNB,DNB.OL,2019-04-24,167.25,168.35000610351562,167.14999389648438,167.5,103.6485824584961,1484464
DNB,DNB.OL,2019-04-25,168.0500030517578,169.39999389648438,167.3000030517578,167.5500030517578,103.67951965332031,1325573
DNB,DNB.OL,2019-04-26,168.25,168.8000030517578,166.85000610351562,168.6999969482422,104.39112854003906,1155220
DNB,DNB.OL,2019-04-29,168.8000030517578,169.35000610351562,168.10000610351562,169.0,104.57677459716797,1014213
DNB,DNB.OL,2019-04-30,167.64999389648438,168.0500030517578,164.9499969482422,165.64999389648438,102.50379180908203,2509201
DNB,DNB.OL,2019-05-02,158.4499969482422,159.60000610351562,157.39999389648438,158.60000610351562,103.28528594970703,1746669
DNB,DNB.OL,2019-05-03,156.89999389648438,160.25,154.10000610351562,158.60000610351562,103.28528594970703,2516636
DNB,DNB.OL,2019-05-06,157.0,158.0,155.89999389648438,158.0,102.89453125,1075454
DNB,DNB.OL,2019-05-07,157.39999389648438,158.4499969482422,154.9499969482422,155.0,100.94084167480469,1810837
DNB,DNB.OL,2019-05-08,154.85000610351562,156.4499969482422,154.3000030517578,155.35000610351562,101.16877746582031,1332296
DNB,DNB.OL,2019-05-09,154.1999969482422,154.89999389648438,152.6999969482422,152.89999389648438,99.57324981689453,1310596
DNB,DNB.OL,2019-05-10,153.89999389648438,154.75,153.3000030517578,154.25,100.45242309570312,1592095
DNB,DNB.OL,2019-05-13,154.89999389648438,154.89999389648438,152.0500030517578,152.25,99.14996337890625,1535249
DNB,DNB.OL,2019-05-14,152.75,153.0,151.60000610351562,152.64999389648438,99.41043853759766,1358195
DNB,DNB.OL,2019-05-15,153.1999969482422,153.4499969482422,151.35000610351562,152.85000610351562,99.54070281982422,1342546
DNB,DNB.OL,2019-05-16,153.75,155.9499969482422,152.75,155.9499969482422,101.55950927734375,2731735
DNB,DNB.OL,2019-05-20,158.8000030517578,158.8000030517578,152.6999969482422,154.10000610351562,100.35474395751953,2413734
DNB,DNB.OL,2019-05-21,154.0,155.4499969482422,154.0,154.6999969482422,100.74546813964844,1029862
DNB,DNB.OL,2019-05-22,154.85000610351562,155.14999389648438,153.0,154.10000610351562,100.35474395751953,1617025
DNB,DNB.OL,2019-05-23,154.5500030517578,154.5500030517578,151.6999969482422,151.6999969482422,98.7917709350586,1032737
DNB,DNB.OL,2019-05-24,152.14999389648438,153.85000610351562,151.89999389648438,153.75,100.12680053710938,1383120
DNB,DNB.OL,2019-05-27,154.0,154.75,153.5500030517578,154.1999969482422,100.41985321044922,645792
DNB,DNB.OL,2019-05-28,154.25,154.64999389648438,151.8000030517578,153.5,99.96400451660156,2044822
DNB,DNB.OL,2019-05-29,152.64999389648438,152.9499969482422,150.14999389648438,150.14999389648438,97.78235626220703,1935251
DNB,DNB.OL,2019-05-31,149.4499969482422,149.4499969482422,146.89999389648438,148.39999389648438,96.64271545410156,2443514
DNB,DNB.OL,2019-06-03,148.0,149.75,147.5500030517578,149.75,97.5218734741211,1563953
DNB,DNB.OL,2019-06-04,148.0,150.8000030517578,148.0,150.5500030517578,98.0428695678711,1562649
DNB,DNB.OL,2019-06-05,151.39999389648438,151.85000610351562,150.60000610351562,151.14999389648438,98.43360137939453,1397338
DNB,DNB.OL,2019-06-06,151.25,152.25,150.1999969482422,150.1999969482422,97.81493377685547,1027760
DNB,DNB.OL,2019-06-07,150.85000610351562,153.0,150.6999969482422,152.89999389648438,99.57324981689453,1006078
DNB,DNB.OL,2019-06-11,153.35000610351562,154.10000610351562,152.8000030517578,153.10000610351562,99.70349884033203,1816721
DNB,DNB.OL,2019-06-12,152.0,152.5500030517578,149.5500030517578,149.64999389648438,97.45674896240234,1208170
DNB,DNB.OL,2019-06-13,149.0500030517578,151.5500030517578,148.14999389648438,151.0,98.33592224121094,1198489
DNB,DNB.OL,2019-06-14,151.0,151.6999969482422,149.1999969482422,150.5500030517578,98.0428695678711,1472738
DNB,DNB.OL,2019-06-17,150.60000610351562,152.14999389648438,150.4499969482422,150.5500030517578,98.0428695678711,1057983
DNB,DNB.OL,2019-06-18,150.89999389648438,152.5,150.39999389648438,151.8000030517578,98.85690307617188,1794544
DNB,DNB.OL,2019-06-19,152.60000610351562,155.39999389648438,152.0,155.39999389648438,101.20133209228516,2313556
DNB,DNB.OL,2019-06-20,155.89999389648438,156.5,154.64999389648438,155.1999969482422,101.07109069824219,1880120
DNB,DNB.OL,2019-06-21,155.14999389648438,156.14999389648438,153.64999389648438,156.14999389648438,101.68975830078125,3455466
DNB,DNB.OL,2019-06-24,156.10000610351562,158.8000030517578,155.89999389648438,157.35000610351562,102.47123718261719,2529019
DNB,DNB.OL,2019-06-25,156.14999389648438,156.3000030517578,152.9499969482422,154.60000610351562,100.68036651611328,2248980
DNB,DNB.OL,2019-06-26,154.85000610351562,156.1999969482422,154.5500030517578,155.3000030517578,101.13621520996094,1931525
DNB,DNB.OL,2019-06-27,157.6999969482422,158.89999389648438,157.1999969482422,157.64999389648438,102.6666030883789,1755319
DNB,DNB.OL,2019-06-28,157.8000030517578,158.6999969482422,157.25,158.6999969482422,103.35039520263672,1576599
DNB,DNB.OL,2019-07-01,160.0,163.10000610351562,160.0,163.0500030517578,106.18325805664062,2011637
DNB,DNB.OL,2019-07-02,163.0,163.0,160.35000610351562,161.8000030517578,105.36922454833984,1761339
DNB,DNB.OL,2019-07-03,161.6999969482422,163.8000030517578,161.0,163.25,106.3134994506836,1375358
DNB,DNB.OL,2019-07-04,163.6999969482422,165.25,163.6999969482422,165.0500030517578,107.48572540283203,1120210
DNB,DNB.OL,2019-07-05,165.14999389648438,166.8000030517578,164.9499969482422,166.25,108.2671890258789,1372589
DNB,DNB.OL,2019-07-08,165.64999389648438,166.89999389648438,164.35000610351562,164.60000610351562,107.19267272949219,1122952
DNB,DNB.OL,2019-07-09,164.3000030517578,165.0,163.64999389648438,164.0500030517578,106.83448791503906,1121690
DNB,DNB.OL,2019-07-10,164.0,165.0500030517578,163.0,163.0,106.15069580078125,1345923
DNB,DNB.OL,2019-07-11,161.39999389648438,162.3000030517578,158.3000030517578,162.3000030517578,105.69481658935547,2243671
DNB,DNB.OL,2019-07-12,161.8000030517578,163.39999389648438,160.85000610351562,162.14999389648438,105.59713745117188,1163250
DNB,DNB.OL,2019-07-15,160.9499969482422,161.85000610351562,160.0,161.64999389648438,105.27153015136719,1127675
DNB,DNB.OL,2019-07-16,160.89999389648438,161.0,159.5500030517578,159.9499969482422,104.1644287109375,1844203
DNB,DNB.OL,2019-07-17,159.85000610351562,159.85000610351562,157.10000610351562,157.39999389648438,102.50379180908203,1624085
DNB,DNB.OL,2019-07-18,155.85000610351562,157.14999389648438,155.25,156.14999389648438,101.68975830078125,1311379
DNB,DNB.OL,2019-07-19,155.89999389648438,157.35000610351562,155.0,157.3000030517578,102.43868255615234,1605507
DNB,DNB.OL,2019-07-22,158.14999389648438,158.8000030517578,157.10000610351562,157.35000610351562,102.47123718261719,972806
DNB,DNB.OL,2019-07-23,158.25,159.25,157.0,159.25,103.70858001708984,1065581
DNB,DNB.OL,2019-07-24,159.35000610351562,159.5500030517578,157.35000610351562,158.0,102.89453125,1154183
DNB,DNB.OL,2019-07-25,158.4499969482422,161.4499969482422,157.60000610351562,157.9499969482422,102.86196899414062,1245875
DNB,DNB.OL,2019-07-26,158.25,160.0500030517578,157.6999969482422,160.0,104.1969985961914,968020
DNB,DNB.OL,2019-07-29,160.0,160.39999389648438,159.14999389648438,160.14999389648438,104.294677734375,939044
DNB,DNB.OL,2019-07-30,160.14999389648438,160.14999389648438,157.0,157.0,102.2433090209961,979999
DNB,DNB.OL,2019-07-31,157.14999389648438,158.75,157.14999389648438,158.75,103.3829574584961,1764213
DNB,DNB.OL,2019-08-01,157.35000610351562,160.3000030517578,157.35000610351562,159.25,103.70858001708984,1333297
DNB,DNB.OL,2019-08-02,157.0,157.5,155.10000610351562,156.4499969482422,101.8851318359375,1458528
DNB,DNB.OL,2019-08-05,156.0,156.0,151.9499969482422,151.9499969482422,98.95458984375,1326227
DNB,DNB.OL,2019-08-06,152.0500030517578,153.35000610351562,151.5500030517578,152.0500030517578,99.01971435546875,1202121
DNB,DNB.OL,2019-08-07,152.64999389648438,153.9499969482422,150.6999969482422,151.10000610351562,98.40103149414062,1320795
DNB,DNB.OL,2019-08-08,153.14999389648438,153.9499969482422,152.35000610351562,153.8000030517578,100.15936279296875,1101414
DNB,DNB.OL,2019-08-09,153.8000030517578,154.0500030517578,151.64999389648438,151.85000610351562,98.88946533203125,932944
DNB,DNB.OL,2019-08-12,152.1999969482422,152.89999389648438,150.0500030517578,150.25,97.84749603271484,814056
DNB,DNB.OL,2019-08-13,149.0,150.4499969482422,148.14999389648438,149.5500030517578,97.39163970947266,1574883
DNB,DNB.OL,2019-08-14,149.75,149.75,144.5500030517578,144.5500030517578,94.1354751586914,1745379
DNB,DNB.OL,2019-08-15,145.0,146.1999969482422,142.75,144.89999389648438,94.3634033203125,1760221
DNB,DNB.OL,2019-08-16,145.5,147.0500030517578,145.0500030517578,145.75,94.9169692993164,1669381
DNB,DNB.OL,2019-08-19,147.3000030517578,149.14999389648438,147.3000030517578,148.64999389648438,96.80551147460938,1053997
DNB,DNB.OL,2019-08-20,148.10000610351562,148.35000610351562,145.39999389648438,146.1999969482422,95.21001434326172,874403
DNB,DNB.OL,2019-08-21,146.1999969482422,147.4499969482422,143.5,145.3000030517578,94.6239013671875,1685177
DNB,DNB.OL,2019-08-22,145.6999969482422,146.39999389648438,144.60000610351562,145.8000030517578,94.94950866699219,1380970
DNB,DNB.OL,2019-08-23,148.25,148.25,142.4499969482422,143.39999389648438,93.38654327392578,1687409
DNB,DNB.OL,2019-08-26,142.0,143.6999969482422,141.8000030517578,142.0500030517578,92.50739288330078,1370740
DNB,DNB.OL,2019-08-27,142.60000610351562,143.64999389648438,141.60000610351562,142.64999389648438,92.89813232421875,1708253
DNB,DNB.OL,2019-08-28,142.64999389648438,143.0500030517578,141.5,141.9499969482422,92.44227600097656,1110930
DNB,DNB.OL,2019-08-29,144.75,146.35000610351562,143.35000610351562,145.85000610351562,94.98208618164062,1399015
DNB,DNB.OL,2019-08-30,146.10000610351562,147.3000030517578,145.60000610351562,146.89999389648438,95.66584777832031,1553864
DNB,DNB.OL,2019-09-02,146.10000610351562,146.4499969482422,144.9499969482422,145.0,94.42853546142578,745549
DNB,DNB.OL,2019-09-03,145.9499969482422,145.9499969482422,144.10000610351562,144.14999389648438,93.87498474121094,1047302
DNB,DNB.OL,2019-09-04,145.5,146.39999389648438,144.8000030517578,146.0,95.07975006103516,926929
DNB,DNB.OL,2019-09-05,146.4499969482422,150.4499969482422,146.1999969482422,150.4499969482422,97.97772979736328,2027198
DNB,DNB.OL,2019-09-06,150.4499969482422,151.10000610351562,149.35000610351562,150.4499969482422,97.97772979736328,1497722
DNB,DNB.OL,2019-09-09,150.10000610351562,153.14999389648438,150.0500030517578,153.14999389648438,99.7360610961914,1433715
DNB,DNB.OL,2019-09-10,153.5,154.60000610351562,151.75,152.75,99.47557830810547,1220244
DNB,DNB.OL,2019-09-11,153.60000610351562,155.3000030517578,153.14999389648438,154.25,100.45242309570312,1357675
DNB,DNB.OL,2019-09-12,156.8000030517578,158.25,155.1999969482422,157.5500030517578,102.60147857666016,1655851
DNB,DNB.OL,2019-09-13,158.39999389648438,159.60000610351562,158.0500030517578,159.5500030517578,103.90394592285156,1221241
DNB,DNB.OL,2019-09-16,159.60000610351562,160.75,158.35000610351562,160.5500030517578,104.55516815185547,1620744
DNB,DNB.OL,2019-09-17,160.4499969482422,160.4499969482422,155.3000030517578,155.9499969482422,101.55950927734375,1463595
DNB,DNB.OL,2019-09-18,156.10000610351562,159.60000610351562,155.8000030517578,159.1999969482422,103.67601776123047,1474456
DNB,DNB.OL,2019-09-19,159.5500030517578,163.14999389648438,159.5,161.89999389648438,105.43433380126953,2038738
DNB,DNB.OL,2019-09-20,162.5,165.3000030517578,162.5,164.5500030517578,107.16010284423828,3681374
DNB,DNB.OL,2019-09-23,163.6999969482422,164.25,162.14999389648438,162.89999389648438,106.08556365966797,1265552
DNB,DNB.OL,2019-09-24,163.0500030517578,163.60000610351562,156.85000610351562,157.3000030517578,102.43868255615234,3120439
DNB,DNB.OL,2019-09-25,156.39999389648438,157.89999389648438,155.0500030517578,156.6999969482422,102.04792785644531,1900655
DNB,DNB.OL,2019-09-26,157.25,158.1999969482422,156.60000610351562,157.14999389648438,102.34098815917969,1064033
DNB,DNB.OL,2019-09-27,159.0,160.4499969482422,157.5,159.4499969482422,103.83880615234375,1357653
DNB,DNB.OL,2019-09-30,160.5,160.9499969482422,159.5,160.25,104.35980987548828,1327091
DNB,DNB.OL,2019-10-01,161.4499969482422,163.1999969482422,160.10000610351562,160.6999969482422,104.65284729003906,1253657
DNB,DNB.OL,2019-10-02,157.39999389648438,158.5,154.0500030517578,154.60000610351562,100.68036651611328,2094929
DNB,DNB.OL,2019-10-03,153.35000610351562,154.14999389648438,151.10000610351562,151.85000610351562,98.88946533203125,1165608
DNB,DNB.OL,2019-10-04,152.85000610351562,153.5,150.64999389648438,151.5,98.66153717041016,1313705
DNB,DNB.OL,2019-10-07,151.5,155.14999389648438,150.89999389648438,155.14999389648438,101.03852081298828,1734470
DNB,DNB.OL,2019-10-08,155.1999969482422,155.6999969482422,152.5,153.1999969482422,99.76862335205078,1221886
DNB,DNB.OL,2019-10-09,153.0,154.85000610351562,152.75,153.25,99.8011703491211,1296015
DNB,DNB.OL,2019-10-10,153.75,157.0500030517578,153.1999969482422,157.0500030517578,102.27587127685547,1109082
DNB,DNB.OL,2019-10-11,157.89999389648438,161.0,157.39999389648438,159.9499969482422,104.1644287109375,1282121
DNB,DNB.OL,2019-10-14,159.9499969482422,159.9499969482422,156.75,157.35000610351562,102.47123718261719,1206985
DNB,DNB.OL,2019-10-15,158.8000030517578,159.75,158.5,158.85000610351562,103.44808197021484,1351245
DNB,DNB.OL,2019-10-16,161.0,162.1999969482422,157.9499969482422,162.0,105.49945068359375,1227568
DNB,DNB.OL,2019-10-17,160.85000610351562,163.5,160.0,161.14999389648438,104.94593048095703,2014853
DNB,DNB.OL,2019-10-18,160.0,162.5,159.60000610351562,160.60000610351562,104.58773803710938,1754136
DNB,DNB.OL,2019-10-21,160.6999969482422,162.85000610351562,160.6999969482422,162.5,105.82508087158203,1057242
DNB,DNB.OL,2019-10-22,163.10000610351562,163.1999969482422,160.60000610351562,161.39999389648438,105.10870361328125,1311859
DNB,DNB.OL,2019-10-23,160.0,160.9499969482422,156.35000610351562,157.0,102.2433090209961,2496853
DNB,DNB.OL,2019-10-24,165.0,169.8000030517578,163.0500030517578,169.0500030517578,110.09064483642578,4109673
DNB,DNB.OL,2019-10-25,168.89999389648438,169.0,166.6999969482422,167.6999969482422,109.21148681640625,1773057
DNB,DNB.OL,2019-10-28,167.6999969482422,171.9499969482422,167.10000610351562,171.9499969482422,111.97921752929688,1851775
DNB,DNB.OL,2019-10-29,170.85000610351562,170.85000610351562,168.0,170.35000610351562,110.93724822998047,2071294
DNB,DNB.OL,2019-10-30,170.0,170.39999389648438,167.0500030517578,167.64999389648438,109.17890167236328,1703870
DNB,DNB.OL,2019-10-31,167.35000610351562,167.5500030517578,165.5,167.10000610351562,108.82073974609375,1877277
DNB,DNB.OL,2019-11-01,166.5500030517578,167.85000610351562,166.5500030517578,167.8000030517578,109.276611328125,1322744
DNB,DNB.OL,2019-11-04,168.1999969482422,170.10000610351562,168.0,169.39999389648438,110.31856536865234,1541198
DNB,DNB.OL,2019-11-05,169.0,169.8000030517578,166.64999389648438,168.10000610351562,109.47198486328125,1514872
DNB,DNB.OL,2019-11-06,166.85000610351562,169.14999389648438,166.64999389648438,167.5,109.08124542236328,2030306
DNB,DNB.OL,2019-11-07,167.5,169.8000030517578,167.35000610351562,169.8000030517578,110.57906341552734,1572014
DNB,DNB.OL,2019-11-08,168.9499969482422,169.0,167.3000030517578,169.0,110.0580825805664,1787174
DNB,DNB.OL,2019-11-11,168.25,170.1999969482422,167.85000610351562,170.1999969482422,110.83956146240234,1297417
DNB,DNB.OL,2019-11-12,170.1999969482422,170.5500030517578,169.10000610351562,170.25,110.87211608886719,1385305
DNB,DNB.OL,2019-11-13,170.0,170.0,164.6999969482422,166.25,108.2671890258789,2643138
DNB,DNB.OL,2019-11-14,166.0,166.0,163.0500030517578,163.5500030517578,106.50886535644531,2500244
DNB,DNB.OL,2019-11-15,163.14999389648438,164.0500030517578,157.9499969482422,161.64999389648438,105.27153015136719,2470560
DNB,DNB.OL,2019-11-18,162.0,163.89999389648438,161.25,162.5,105.82508087158203,2007492
DNB,DNB.OL,2019-11-19,162.4499969482422,166.25,162.3000030517578,165.60000610351562,107.84390258789062,1813667
DNB,DNB.OL,2019-11-20,165.0,165.8000030517578,162.6999969482422,165.75,107.94158172607422,2301819
DNB,DNB.OL,2019-11-21,165.35000610351562,165.8000030517578,163.25,164.5,107.1275405883789,1456850
DNB,DNB.OL,2019-11-22,165.5,167.89999389648438,165.4499969482422,167.89999389648438,109.34171295166016,2062176
DNB,DNB.OL,2019-11-25,168.0500030517578,169.1999969482422,168.0500030517578,169.1999969482422,110.18832397460938,1232496
DNB,DNB.OL,2019-11-26,169.1999969482422,169.1999969482422,165.1999969482422,165.6999969482422,107.90901947021484,2990496
DNB,DNB.OL,2019-11-27,164.8000030517578,167.14999389648438,164.25,167.10000610351562,108.82073974609375,1600662
DNB,DNB.OL,2019-11-28,166.39999389648438,166.5,165.0,165.4499969482422,107.7461929321289,1010372
DNB,DNB.OL,2019-11-29,162.0,162.0,154.3000030517578,154.8000030517578,100.81060791015625,7305434
DNB,DNB.OL,2019-12-02,154.5,156.3000030517578,152.5,152.5,99.31275939941406,3996228
DNB,DNB.OL,2019-12-03,152.0,154.1999969482422,151.89999389648438,152.5,99.31275939941406,3486409
DNB,DNB.OL,2019-12-04,152.5,155.75,152.4499969482422,155.75,101.42926788330078,2405119
DNB,DNB.OL,2019-12-05,155.0,155.35000610351562,153.39999389648438,153.75,100.12680053710938,2023448
DNB,DNB.OL,2019-12-06,153.8000030517578,155.39999389648438,153.39999389648438,155.39999389648438,101.20133209228516,1727142
DNB,DNB.OL,2019-12-09,155.0,155.5500030517578,154.60000610351562,155.14999389648438,101.03852081298828,1170370
DNB,DNB.OL,2019-12-10,154.6999969482422,155.39999389648438,153.4499969482422,155.0,100.94084167480469,1281155
DNB,DNB.OL,2019-12-11,154.14999389648438,154.9499969482422,152.35000610351562,152.85000610351562,99.54070281982422,2354013
DNB,DNB.OL,2019-12-12,153.4499969482422,156.1999969482422,153.25,155.6999969482422,101.3967056274414,2406425
DNB,DNB.OL,2019-12-13,156.35000610351562,158.89999389648438,156.0,157.5500030517578,102.60147857666016,2360292
DNB,DNB.OL,2019-12-16,157.85000610351562,158.6999969482422,156.89999389648438,158.0,102.89453125,1880340
DNB,DNB.OL,2019-12-17,157.64999389648438,158.39999389648438,157.10000610351562,157.60000610351562,102.63404846191406,1910236
DNB,DNB.OL,2019-12-18,157.14999389648438,159.39999389648438,156.85000610351562,157.89999389648438,102.82940673828125,2921324
DNB,DNB.OL,2019-12-19,157.85000610351562,161.3000030517578,157.39999389648438,161.3000030517578,105.04359436035156,2873326
DNB,DNB.OL,2019-12-20,161.35000610351562,162.60000610351562,160.89999389648438,162.3000030517578,105.69481658935547,2682465
DNB,DNB.OL,2019-12-23,162.0,163.6999969482422,161.39999389648438,163.60000610351562,106.54141998291016,1245339
DNB,DNB.OL,2019-12-27,163.60000610351562,164.60000610351562,162.75,163.0,106.15069580078125,847284
DNB,DNB.OL,2019-12-30,163.14999389648438,164.6999969482422,163.14999389648438,164.0,106.80192565917969,947244
DNB,DNB.OL,2020-01-02,164.75,166.5,164.64999389648438,165.8000030517578,107.97413635253906,1166293
DNB,DNB.OL,2020-01-03,165.75,165.75,163.5,164.85000610351562,107.35546875,1006069
DNB,DNB.OL,2020-01-06,165.25,165.35000610351562,162.64999389648438,164.89999389648438,107.38803100585938,1183951
DNB,DNB.OL,2020-01-07,166.0,167.25,163.89999389648438,163.89999389648438,106.73678588867188,1460869
DNB,DNB.OL,2020-01-08,163.6999969482422,166.4499969482422,163.4499969482422,166.0,108.10438537597656,1534149
DNB,DNB.OL,2020-01-09,167.0,167.6999969482422,165.64999389648438,166.5,108.43000793457031,1323847
DNB,DNB.OL,2020-01-10,166.9499969482422,166.9499969482422,164.4499969482422,165.5,107.7787857055664,1163581
DNB,DNB.OL,2020-01-13,165.60000610351562,166.1999969482422,163.6999969482422,164.0500030517578,106.83448791503906,1140724
DNB,DNB.OL,2020-01-14,165.64999389648438,165.64999389648438,162.5500030517578,162.8000030517578,106.02044677734375,1403400
DNB,DNB.OL,2020-01-15,162.75,163.75,161.5,161.75,105.33666229248047,1420409
DNB,DNB.OL,2020-01-16,162.6999969482422,163.3000030517578,160.85000610351562,162.75,105.98788452148438,1616322
DNB,DNB.OL,2020-01-17,163.75,164.60000610351562,162.89999389648438,164.14999389648438,106.89961242675781,1250570
DNB,DNB.OL,2020-01-20,164.25,164.89999389648438,162.89999389648438,163.0500030517578,106.18325805664062,1172818
DNB,DNB.OL,2020-01-21,162.85000610351562,163.25,161.35000610351562,162.35000610351562,105.72738647460938,810235
DNB,DNB.OL,2020-01-22,163.0500030517578,163.5500030517578,161.8000030517578,161.8000030517578,105.36922454833984,1456756
DNB,DNB.OL,2020-01-23,161.8000030517578,162.85000610351562,159.75,160.5500030517578,104.55516815185547,1481923
DNB,DNB.OL,2020-01-24,162.35000610351562,162.89999389648438,161.14999389648438,161.3000030517578,105.04359436035156,1369790
DNB,DNB.OL,2020-01-27,161.10000610351562,161.1999969482422,157.64999389648438,158.10000610351562,102.95967102050781,1801701
DNB,DNB.OL,2020-01-28,158.5,162.25,157.35000610351562,161.9499969482422,105.46691131591797,1653355
DNB,DNB.OL,2020-01-29,163.25,163.8000030517578,161.89999389648438,162.0500030517578,105.53202819824219,1532567
DNB,DNB.OL,2020-01-30,161.9499969482422,162.75,160.75,161.3000030517578,105.04359436035156,1377547
DNB,DNB.OL,2020-01-31,162.14999389648438,164.6999969482422,161.85000610351562,161.85000610351562,105.40178680419922,2369594
DNB,DNB.OL,2020-02-03,164.4499969482422,164.5,162.3000030517578,163.39999389648438,106.41117858886719,1751899
DNB,DNB.OL,2020-02-04,164.5500030517578,164.60000610351562,161.60000610351562,162.5,105.82508087158203,2205041
DNB,DNB.OL,2020-02-05,162.8000030517578,164.85000610351562,162.3000030517578,163.64999389648438,106.57398223876953,2294460
DNB,DNB.OL,2020-02-06,167.8000030517578,174.6999969482422,167.6999969482422,174.6999969482422,113.77008819580078,4142467
DNB,DNB.OL,2020-02-07,175.3000030517578,175.5,172.5,174.6999969482422,113.77008819580078,2406961
DNB,DNB.OL,2020-02-10,174.14999389648438,175.35000610351562,171.89999389648438,173.14999389648438,112.76068878173828,1763315
DNB,DNB.OL,2020-02-11,174.64999389648438,175.10000610351562,172.8000030517578,175.10000610351562,114.03057861328125,1816502
DNB,DNB.OL,2020-02-12,174.8000030517578,176.3000030517578,174.25,175.0,113.96546173095703,1621449
DNB,DNB.OL,2020-02-13,174.5,175.10000610351562,172.5500030517578,174.85000610351562,113.86779022216797,1690779
DNB,DNB.OL,2020-02-14,174.9499969482422,175.6999969482422,174.1999969482422,175.25,114.12828063964844,1225009
DNB,DNB.OL,2020-02-17,175.9499969482422,176.5,175.25,176.0,114.61669158935547,1293094
DNB,DNB.OL,2020-02-18,175.0,175.5500030517578,174.60000610351562,175.5500030517578,114.32365417480469,1178223
DNB,DNB.OL,2020-02-19,175.5500030517578,176.0,174.8000030517578,175.89999389648438,114.55158233642578,1101502
DNB,DNB.OL,2020-02-20,176.0,178.10000610351562,176.0,177.0,115.2679443359375,1207283
DNB,DNB.OL,2020-02-21,175.25,175.75,174.39999389648438,175.75,114.45389556884766,1776245
DNB,DNB.OL,2020-02-24,172.39999389648438,173.25,170.5,171.25,111.52335357666016,3152562
DNB,DNB.OL,2020-02-25,172.4499969482422,173.6999969482422,168.64999389648438,169.60000610351562,110.44881439208984,2090331
DNB,DNB.OL,2020-02-26,168.60000610351562,169.6999969482422,164.5500030517578,169.0,110.0580825805664,3503378
DNB,DNB.OL,2020-02-27,167.39999389648438,167.39999389648438,161.64999389648438,161.64999389648438,105.27153015136719,3804824
DNB,DNB.OL,2020-02-28,156.5,160.25,155.0,155.89999389648438,101.5269546508789,5012190
DNB,DNB.OL,2020-03-02,160.0,161.35000610351562,154.39999389648438,158.5,103.22015380859375,3271916
DNB,DNB.OL,2020-03-03,162.1999969482422,165.0500030517578,160.85000610351562,162.35000610351562,105.72738647460938,3270788
DNB,DNB.OL,2020-03-04,162.3000030517578,162.3000030517578,156.25,157.60000610351562,102.63404846191406,4138680
DNB,DNB.OL,2020-03-05,158.0500030517578,158.64999389648438,150.1999969482422,150.9499969482422,98.30335235595703,3773249
DNB,DNB.OL,2020-03-06,148.0,148.85000610351562,139.5500030517578,139.9499969482422,91.13980865478516,6473619
DNB,DNB.OL,2020-03-09,100.0,125.6500015258789,100.0,122.3499984741211,79.67813873291016,13342607
DNB,DNB.OL,2020-03-10,126.0,130.35000610351562,124.4000015258789,126.30000305175781,82.25050354003906,9197373
DNB,DNB.OL,2020-03-11,127.80000305175781,129.10000610351562,119.69999694824219,120.9000015258789,78.7338638305664,6320448
DNB,DNB.OL,2020-03-12,115.69999694824219,117.69999694824219,108.1500015258789,108.9000015258789,70.9190902709961,9715796
DNB,DNB.OL,2020-03-13,113.30000305175781,117.55000305175781,109.0999984741211,112.8499984741211,73.49144744873047,8509716
DNB,DNB.OL,2020-03-16,108.0,108.4000015258789,98.0199966430664,104.3499984741211,67.95597839355469,8824188
DNB,DNB.OL,2020-03-17,107.8499984741211,112.19999694824219,96.12000274658203,98.66000366210938,64.25047302246094,9276067
DNB,DNB.OL,2020-03-18,97.22000122070312,100.5,94.26000213623047,100.5,65.44874572753906,8245888
DNB,DNB.OL,2020-03-19,102.0,108.30000305175781,99.37999725341797,108.30000305175781,70.5283432006836,8279813
DNB,DNB.OL,2020-03-20,115.0,115.44999694824219,106.0999984741211,108.30000305175781,70.5283432006836,7190983
DNB,DNB.OL,2020-03-23,104.9000015258789,108.80000305175781,101.5,101.5,66.0999755859375,6061713
DNB,DNB.OL,2020-03-24,108.80000305175781,108.94999694824219,105.6500015258789,107.05000305175781,69.71430206298828,5062028
DNB,DNB.OL,2020-03-25,110.0,111.5,104.4000015258789,109.0,70.98420715332031,5863829
DNB,DNB.OL,2020-03-26,107.30000305175781,114.0,106.0,114.0,74.24036407470703,4460556
DNB,DNB.OL,2020-03-27,114.19999694824219,114.19999694824219,108.3499984741211,109.5999984741211,71.37494659423828,4011405
DNB,DNB.OL,2020-03-30,109.30000305175781,112.8499984741211,105.69999694824219,112.8499984741211,73.49144744873047,4891469
DNB,DNB.OL,2020-03-31,115.0,117.30000305175781,114.05000305175781,116.75,76.03125,5221420
DNB,DNB.OL,2020-04-01,114.1500015258789,116.0999984741211,113.25,115.4000015258789,75.15208435058594,4562660
DNB,DNB.OL,2020-04-02,114.75,116.94999694824219,108.69999694824219,110.6500015258789,72.0587387084961,5091682
DNB,DNB.OL,2020-04-03,111.30000305175781,113.5999984741211,109.55000305175781,112.44999694824219,73.23095703125,3131225
DNB,DNB.OL,2020-04-06,114.30000305175781,115.0999984741211,110.5999984741211,115.0999984741211,74.95671844482422,4508348
DNB,DNB.OL,2020-04-07,117.8499984741211,118.44999694824219,115.6500015258789,116.0,75.5428237915039,4522267
DNB,DNB.OL,2020-04-08,115.0,115.1500015258789,111.1500015258789,112.0,72.93790435791016,3267410
DNB,DNB.OL,2020-04-14,112.6500015258789,115.8499984741211,111.4000015258789,115.6500015258789,75.31489562988281,5522859
DNB,DNB.OL,2020-04-15,114.80000305175781,115.0,109.44999694824219,110.0,71.63543701171875,3968689
DNB,DNB.OL,2020-04-16,111.4000015258789,112.30000305175781,106.8499984741211,106.8499984741211,69.58405303955078,4995461
DNB,DNB.OL,2020-04-17,111.0,113.75,109.8499984741211,113.05000305175781,73.62168884277344,5363172
DNB,DNB.OL,2020-04-20,113.6500015258789,113.6500015258789,109.25,110.69999694824219,72.09129333496094,3686071
DNB,DNB.OL,2020-04-21,108.1500015258789,108.94999694824219,106.0,107.0,69.6817398071289,4577667
DNB,DNB.OL,2020-04-22,106.0,110.6500015258789,105.05000305175781,110.0,71.63543701171875,3979728
DNB,DNB.OL,2020-04-23,110.5999984741211,111.94999694824219,108.6500015258789,111.80000305175781,72.80765533447266,4666084
DNB,DNB.OL,2020-04-24,109.5,111.0,108.9000015258789,109.44999694824219,71.27725982666016,2662043
DNB,DNB.OL,2020-04-27,111.5,113.9000015258789,110.4000015258789,113.5999984741211,73.97987365722656,3575161
DNB,DNB.OL,2020-04-28,113.5999984741211,118.69999694824219,113.1500015258789,118.55000305175781,77.2034683227539,5195809
DNB,DNB.OL,2020-04-29,119.0,124.6500015258789,118.5,124.30000305175781,80.94804382324219,5274381
DNB,DNB.OL,2020-04-30,119.55000305175781,124.8499984741211,118.0,124.19999694824219,80.88292694091797,6232418
DNB,DNB.OL,2020-05-04,120.0,121.0999984741211,118.55000305175781,118.55000305175781,77.2034683227539,4389527
DNB,DNB.OL,2020-05-05,120.9000015258789,121.4000015258789,118.5,118.6500015258789,77.26859283447266,4237613
DNB,DNB.OL,2020-05-06,119.0999984741211,119.0999984741211,116.6500015258789,116.6500015258789,75.96611785888672,2560277
DNB,DNB.OL,2020-05-07,116.9000015258789,117.8499984741211,115.05000305175781,116.05000305175781,75.57540130615234,3359902
DNB,DNB.OL,2020-05-08,117.5,119.19999694824219,116.69999694824219,118.0999984741211,76.91040802001953,2134615
DNB,DNB.OL,2020-05-11,120.0,120.05000305175781,116.0,116.55000305175781,75.9010009765625,2818150
DNB,DNB.OL,2020-05-12,116.75,120.0999984741211,116.0999984741211,119.5,77.82213592529297,3394544
DNB,DNB.OL,2020-05-13,118.0,118.0,115.0999984741211,115.0999984741211,74.95671844482422,4489972
DNB,DNB.OL,2020-05-14,113.69999694824219,113.69999694824219,109.9000015258789,110.6500015258789,72.0587387084961,3642674
DNB,DNB.OL,2020-05-15,114.0,115.6500015258789,112.4000015258789,114.0,74.24036407470703,3898261
DNB,DNB.OL,2020-05-18,116.0,121.0,115.44999694824219,120.69999694824219,78.6036148071289,3467889
DNB,DNB.OL,2020-05-19,123.0,123.0,118.30000305175781,120.05000305175781,78.1803207397461,3178033
DNB,DNB.OL,2020-05-20,120.0999984741211,122.44999694824219,117.44999694824219,122.44999694824219,79.74327087402344,3318759
DNB,DNB.OL,2020-05-22,118.94999694824219,120.25,117.25,119.0999984741211,77.5616455078125,4035684
DNB,DNB.OL,2020-05-25,120.9000015258789,122.1500015258789,119.25,122.1500015258789,79.54789733886719,1744946
DNB,DNB.OL,2020-05-26,123.0,128.89999389648438,122.69999694824219,128.85000610351562,83.9111557006836,4025950
DNB,DNB.OL,2020-05-27,128.85000610351562,135.64999389648438,128.85000610351562,132.5,86.28813934326172,5258191
DNB,DNB.OL,2020-05-28,134.10000610351562,135.0,132.10000610351562,133.39999389648438,86.87423706054688,3469806
DNB,DNB.OL,2020-05-29,132.0,132.85000610351562,130.3000030517578,132.1999969482422,86.09276580810547,4762387
DNB,DNB.OL,2020-06-02,134.5,136.39999389648438,133.39999389648438,136.39999389648438,88.82794189453125,4554901
DNB,DNB.OL,2020-06-03,136.5,139.89999389648438,136.5,139.1999969482422,90.6513900756836,4018968
DNB,DNB.OL,2020-06-04,139.0,139.8000030517578,136.85000610351562,139.25,90.6839599609375,3008121
DNB,DNB.OL,2020-06-05,140.5,144.39999389648438,140.35000610351562,143.35000610351562,93.35400390625,3961671
DNB,DNB.OL,2020-06-08,143.9499969482422,150.0500030517578,143.8000030517578,147.75,96.21941375732422,4376311
DNB,DNB.OL,2020-06-09,147.39999389648438,147.39999389648438,141.1999969482422,141.1999969482422,91.95384979248047,4309493
DNB,DNB.OL,2020-06-10,143.0,145.75,140.39999389648438,141.75,92.3120346069336,4908097
DNB,DNB.OL,2020-06-11,138.0,138.0,133.5,134.39999389648438,87.52547454833984,4073354
DNB,DNB.OL,2020-06-12,131.0,135.75,129.85000610351562,134.6999969482422,87.72085571289062,3307940
DNB,DNB.OL,2020-06-15,127.5,132.0,127.4000015258789,130.0,84.66006469726562,3434771
DNB,DNB.OL,2020-06-16,133.89999389648438,135.10000610351562,131.3000030517578,133.60000610351562,87.00450134277344,4274484
DNB,DNB.OL,2020-06-17,131.89999389648438,134.5,131.10000610351562,131.75,85.79972076416016,3490205
DNB,DNB.OL,2020-06-18,131.5,133.8000030517578,130.39999389648438,131.6999969482422,85.76715850830078,2258679
DNB,DNB.OL,2020-06-19,133.1999969482422,133.60000610351562,130.39999389648438,130.85000610351562,85.21360778808594,5332360
DNB,DNB.OL,2020-06-22,129.4499969482422,130.9499969482422,127.94999694824219,129.5500030517578,84.36701202392578,1990116
DNB,DNB.OL,2020-06-23,130.1999969482422,133.64999389648438,130.1999969482422,131.0500030517578,85.34386444091797,1587244
DNB,DNB.OL,2020-06-24,131.4499969482422,132.8000030517578,129.64999389648438,130.0,84.66006469726562,2178974
DNB,DNB.OL,2020-06-25,126.80000305175781,129.64999389648438,126.3499984741211,129.60000610351562,84.39957427978516,2666615
DNB,DNB.OL,2020-06-26,130.25,130.9499969482422,128.0,128.0,83.35760498046875,1489874
DNB,DNB.OL,2020-06-29,127.5,130.25,126.25,129.6999969482422,84.46470642089844,2842811
DNB,DNB.OL,2020-06-30,129.9499969482422,130.60000610351562,126.55000305175781,127.0999984741211,82.77149200439453,2501998
DNB,DNB.OL,2020-07-01,128.0,132.10000610351562,127.8499984741211,131.8000030517578,85.83228302001953,3646008
DNB,DNB.OL,2020-07-02,131.8000030517578,133.0500030517578,130.64999389648438,132.1999969482422,86.09276580810547,2704844
DNB,DNB.OL,2020-07-03,131.14999389648438,131.39999389648438,128.89999389648438,130.1999969482422,84.79029846191406,1493614
DNB,DNB.OL,2020-07-06,132.5,134.5,132.1999969482422,133.8000030517578,87.13475036621094,1939488
DNB,DNB.OL,2020-07-07,132.5,133.3000030517578,130.4499969482422,131.4499969482422,85.6043472290039,2103238
DNB,DNB.OL,2020-07-08,130.0,130.5500030517578,128.60000610351562,130.5500030517578,85.01824188232422,1940653
DNB,DNB.OL,2020-07-09,130.0,130.35000610351562,127.05000305175781,127.4000015258789,82.96685791015625,2553635
DNB,DNB.OL,2020-07-10,126.69999694824219,129.60000610351562,125.69999694824219,129.60000610351562,84.39957427978516,1942438
DNB,DNB.OL,2020-07-13,140.0,145.75,138.60000610351562,142.4499969482422,92.76789093017578,5889141
DNB,DNB.OL,2020-07-14,141.39999389648438,146.5,140.89999389648438,145.5,94.75414276123047,3314788
DNB,DNB.OL,2020-07-15,146.5,149.39999389648438,146.3000030517578,148.8000030517578,96.90321350097656,3826602
DNB,DNB.OL,2020-07-16,147.5500030517578,148.6999969482422,146.25,146.25,95.2425765991211,2084175
DNB,DNB.OL,2020-07-17,146.25,147.14999389648438,144.39999389648438,146.5500030517578,95.43795013427734,2112775
DNB,DNB.OL,2020-07-20,146.0,147.0500030517578,144.75,146.4499969482422,95.37281799316406,1435995
DNB,DNB.OL,2020-07-21,148.0,149.10000610351562,146.6999969482422,146.89999389648438,95.66584777832031,1809143
DNB,DNB.OL,2020-07-22,147.89999389648438,148.0,143.75,145.39999389648438,94.68901824951172,1588440
DNB,DNB.OL,2020-07-23,145.89999389648438,145.89999389648438,144.5,144.5,94.10292053222656,1098255
DNB,DNB.OL,2020-07-24,143.9499969482422,144.5,142.0500030517578,144.5,94.10292053222656,1317191
DNB,DNB.OL,2020-07-27,142.5,144.1999969482422,141.6999969482422,142.1999969482422,92.60508728027344,2644045
DNB,DNB.OL,2020-07-28,142.4499969482422,143.39999389648438,141.3000030517578,142.0,92.4748306274414,2212951
DNB,DNB.OL,2020-07-29,142.0,143.3000030517578,141.39999389648438,142.10000610351562,92.53996276855469,1329400
DNB,DNB.OL,2020-07-30,141.6999969482422,142.10000610351562,137.14999389648438,137.14999389648438,89.31636810302734,1571124
DNB,DNB.OL,2020-07-31,139.3000030517578,140.60000610351562,138.35000610351562,138.5500030517578,90.22808837890625,1880549
DNB,DNB.OL,2020-08-03,138.0,142.10000610351562,137.60000610351562,142.10000610351562,92.53996276855469,1632243
DNB,DNB.OL,2020-08-04,142.5,143.0500030517578,140.5500030517578,142.35000610351562,92.70276641845703,1239152
DNB,DNB.OL,2020-08-05,142.9499969482422,144.14999389648438,142.4499969482422,143.14999389648438,93.2237548828125,1259142
DNB,DNB.OL,2020-08-06,143.0,145.25,142.0500030517578,142.8000030517578,92.9958267211914,1123991
DNB,DNB.OL,2020-08-07,142.25,142.60000610351562,140.35000610351562,141.1999969482422,91.95384979248047,1058271
DNB,DNB.OL,2020-08-10,142.0,143.1999969482422,141.0500030517578,142.0,92.4748306274414,1314190
DNB,DNB.OL,2020-08-11,142.8000030517578,146.89999389648438,142.8000030517578,145.8000030517578,94.94950866699219,2323718
DNB,DNB.OL,2020-08-12,146.8000030517578,147.5500030517578,145.64999389648438,146.39999389648438,95.34026336669922,1135891
DNB,DNB.OL,2020-08-13,146.35000610351562,146.6999969482422,144.3000030517578,145.39999389648438,94.68901824951172,927508
DNB,DNB.OL,2020-08-14,144.60000610351562,145.0,142.6999969482422,145.0,94.42853546142578,1126859
DNB,DNB.OL,2020-08-17,145.0,145.64999389648438,144.3000030517578,144.3000030517578,93.97267150878906,605049
DNB,DNB.OL,2020-08-18,144.0,144.9499969482422,143.0,143.4499969482422,93.41911315917969,1012352
DNB,DNB.OL,2020-08-19,143.0,144.60000610351562,142.5500030517578,144.39999389648438,94.03778839111328,1016804
DNB,DNB.OL,2020-08-20,143.4499969482422,143.4499969482422,141.39999389648438,142.10000610351562,92.53996276855469,1155982
DNB,DNB.OL,2020-08-21,142.5,143.0,140.5500030517578,142.0,92.4748306274414,1068874
DNB,DNB.OL,2020-08-24,142.6999969482422,144.10000610351562,142.35000610351562,144.0,93.77730560302734,1421890
DNB,DNB.OL,2020-08-25,145.1999969482422,146.6999969482422,143.0500030517578,143.5,93.45169067382812,1942557
DNB,DNB.OL,2020-08-26,142.85000610351562,144.3000030517578,142.3000030517578,143.0500030517578,93.15863037109375,932149
DNB,DNB.OL,2020-08-27,143.0,143.25,141.35000610351562,142.25,92.63764953613281,862999
DNB,DNB.OL,2020-08-28,142.75,144.64999389648438,141.4499969482422,143.6999969482422,93.58193969726562,1321327
DNB,DNB.OL,2020-08-31,144.8000030517578,144.8000030517578,140.1999969482422,140.1999969482422,91.30262756347656,2363635
DNB,DNB.OL,2020-09-01,140.25,140.8000030517578,138.5500030517578,140.64999389648438,91.59566497802734,1427497
DNB,DNB.OL,2020-09-02,141.3000030517578,141.5500030517578,137.64999389648438,137.6999969482422,89.6745376586914,1420189
DNB,DNB.OL,2020-09-03,138.5500030517578,139.60000610351562,137.5,137.75,89.70710754394531,1649214
DNB,DNB.OL,2020-09-04,136.5,139.4499969482422,136.10000610351562,137.9499969482422,89.83734893798828,1379249
DNB,DNB.OL,2020-09-07,138.3000030517578,139.60000610351562,138.3000030517578,139.60000610351562,90.91187286376953,785693
DNB,DNB.OL,2020-09-08,139.60000610351562,139.8000030517578,135.1999969482422,135.75,88.4046401977539,1460220
DNB,DNB.OL,2020-09-09,134.85000610351562,136.0,133.14999389648438,136.0,88.56745147705078,1578167
DNB,DNB.OL,2020-09-10,136.5,138.0,135.1999969482422,137.0500030517578,89.25123596191406,1465647
DNB,DNB.OL,2020-09-11,136.75,137.89999389648438,136.0500030517578,136.75,89.05587005615234,1151186
DNB,DNB.OL,2020-09-14,137.8000030517578,138.0,136.3000030517578,136.4499969482422,88.8604965209961,950330
DNB,DNB.OL,2020-09-15,137.0,138.89999389648438,136.0500030517578,136.64999389648438,88.9907455444336,1509831
DNB,DNB.OL,2020-09-16,136.5,137.3000030517578,135.60000610351562,136.5,88.89305877685547,1210145
DNB,DNB.OL,2020-09-17,135.5500030517578,136.4499969482422,134.89999389648438,136.3000030517578,88.7628173828125,1180817
DNB,DNB.OL,2020-09-18,136.0,136.3000030517578,134.0,134.60000610351562,87.65573120117188,2711619
DNB,DNB.OL,2020-09-21,133.0,133.5500030517578,128.6999969482422,128.6999969482422,83.81346130371094,2020737
DNB,DNB.OL,2020-09-22,130.4499969482422,130.5,129.0500030517578,129.3000030517578,84.2042007446289,1630244
DNB,DNB.OL,2020-09-23,129.6999969482422,130.64999389648438,128.8000030517578,129.0500030517578,84.04139709472656,1500178
DNB,DNB.OL,2020-09-24,125.30000305175781,129.5,125.30000305175781,127.5,83.031982421875,1616397
DNB,DNB.OL,2020-09-25,128.0500030517578,129.0500030517578,126.4000015258789,126.69999694824219,82.51099395751953,1454496
DNB,DNB.OL,2020-09-28,129.25,129.8000030517578,128.39999389648438,128.9499969482422,83.97626495361328,1896884
DNB,DNB.OL,2020-09-29,128.9499969482422,129.5,128.14999389648438,129.0,84.00883483886719,1615441
DNB,DNB.OL,2020-09-30,128.0,129.75,127.94999694824219,129.3000030517578,84.2042007446289,1458098
DNB,DNB.OL,2020-10-01,129.5,130.10000610351562,128.25,128.39999389648438,83.61808776855469,1206049
DNB,DNB.OL,2020-10-02,127.55000305175781,128.6999969482422,127.0999984741211,128.60000610351562,83.74834442138672,1254227
DNB,DNB.OL,2020-10-05,130.5,132.60000610351562,130.39999389648438,131.64999389648438,85.73458862304688,1663748
DNB,DNB.OL,2020-10-06,133.0,135.39999389648438,132.1999969482422,134.6999969482422,87.72085571289062,1639067
DNB,DNB.OL,2020-10-07,134.0500030517578,136.3000030517578,134.0500030517578,135.8000030517578,88.43720245361328,1363446
DNB,DNB.OL,2020-10-08,136.8000030517578,136.9499969482422,135.14999389648438,135.9499969482422,88.5348892211914,1105340
DNB,DNB.OL,2020-10-09,135.9499969482422,136.4499969482422,134.4499969482422,135.0,87.91621398925781,1170219
DNB,DNB.OL,2020-10-12,136.14999389648438,137.25,134.0,134.0,87.2649917602539,1245038
DNB,DNB.OL,2020-10-13,134.0,134.3000030517578,132.14999389648438,132.14999389648438,86.06021118164062,1109211
DNB,DNB.OL,2020-10-14,132.35000610351562,135.8000030517578,132.35000610351562,135.3000030517578,88.1115951538086,1533193
DNB,DNB.OL,2020-10-15,134.5,134.5500030517578,131.64999389648438,132.75,86.4509506225586,1698594
DNB,DNB.OL,2020-10-16,133.64999389648438,134.9499969482422,132.14999389648438,134.75,87.75340270996094,1684232
DNB,DNB.OL,2020-10-19,135.89999389648438,138.8000030517578,135.4499969482422,138.3000030517578,90.0652847290039,1635726
DNB,DNB.OL,2020-10-20,139.0,140.14999389648438,138.3000030517578,138.5,90.19551849365234,1817704
DNB,DNB.OL,2020-10-21,139.5,140.25,136.35000610351562,140.0,91.17237854003906,2467713
DNB,DNB.OL,2020-10-22,138.6999969482422,138.8000030517578,132.10000610351562,135.14999389648438,88.01390075683594,3967419
DNB,DNB.OL,2020-10-23,137.5,140.25,136.4499969482422,140.0,91.17237854003906,2715068
DNB,DNB.OL,2020-10-26,137.85000610351562,139.64999389648438,135.6999969482422,135.6999969482422,88.37207794189453,2153158
DNB,DNB.OL,2020-10-27,136.0,136.5,133.14999389648438,133.14999389648438,86.71144104003906,2120381
DNB,DNB.OL,2020-10-28,131.35000610351562,131.60000610351562,127.44999694824219,127.44999694824219,82.99942016601562,3181675
DNB,DNB.OL,2020-10-29,128.25,129.10000610351562,126.0999984741211,128.0,83.35760498046875,2154360
DNB,DNB.OL,2020-10-30,126.4000015258789,128.6999969482422,126.05000305175781,128.6999969482422,83.81346130371094,1798923
DNB,DNB.OL,2020-11-02,129.5,131.8000030517578,128.10000610351562,131.64999389648438,85.73458862304688,1586618
DNB,DNB.OL,2020-11-03,133.0,135.64999389648438,131.6999969482422,135.64999389648438,88.33950805664062,1855978
DNB,DNB.OL,2020-11-04,135.64999389648438,136.9499969482422,134.0500030517578,136.0,88.56745147705078,1647565
DNB,DNB.OL,2020-11-05,137.3000030517578,137.3000030517578,133.3000030517578,134.64999389648438,87.68828582763672,2173840
DNB,DNB.OL,2020-11-06,134.5,135.60000610351562,133.1999969482422,133.8000030517578,87.13475036621094,1489171
DNB,DNB.OL,2020-11-09,135.89999389648438,146.60000610351562,134.85000610351562,146.60000610351562,95.47051239013672,4829649
DNB,DNB.OL,2020-11-10,145.8000030517578,151.8000030517578,144.64999389648438,151.8000030517578,98.85690307617188,4300864
DNB,DNB.OL,2020-11-11,151.8000030517578,153.10000610351562,150.0,151.89999389648438,98.9220199584961,2788123
DNB,DNB.OL,2020-11-12,150.0,152.39999389648438,149.5,151.1999969482422,98.4661636352539,2059414
DNB,DNB.OL,2020-11-13,150.0,151.4499969482422,148.8000030517578,150.39999389648438,97.94517517089844,1729881
DNB,DNB.OL,2020-11-16,152.3000030517578,155.5,150.89999389648438,153.4499969482422,99.93142700195312,2465001
DNB,DNB.OL,2020-11-17,153.5,155.35000610351562,153.0500030517578,155.35000610351562,101.16877746582031,2637164
DNB,DNB.OL,2020-11-18,155.5,159.9499969482422,154.5,159.9499969482422,104.1644287109375,3407457
DNB,DNB.OL,2020-11-19,156.64999389648438,157.35000610351562,155.64999389648438,157.10000610351562,102.30843353271484,2362417
DNB,DNB.OL,2020-11-20,156.6999969482422,158.1999969482422,156.3000030517578,156.6999969482422,102.04792785644531,1456475
DNB,DNB.OL,2020-11-23,157.4499969482422,159.0,157.4499969482422,159.0,103.5457763671875,1526778
DNB,DNB.OL,2020-11-24,159.5,163.8000030517578,159.3000030517578,163.8000030517578,106.67167663574219,2013452
DNB,DNB.OL,2020-11-25,165.0,165.5500030517578,162.3000030517578,164.10000610351562,106.86705017089844,2104574
DNB,DNB.OL,2020-11-26,164.5,164.6999969482422,160.85000610351562,162.5,105.82508087158203,1507840
DNB,DNB.OL,2020-11-27,161.5,164.1999969482422,160.60000610351562,163.5500030517578,106.50886535644531,942966
DNB,DNB.OL,2020-11-30,161.10000610351562,161.75,159.5,161.14999389648438,104.94593048095703,2965526
DNB,DNB.OL,2020-12-01,159.35000610351562,163.3000030517578,159.25,161.25,105.01103973388672,1573148
DNB,DNB.OL,2020-12-02,158.64999389648438,161.9499969482422,158.64999389648438,161.25,105.01103973388672,1987856
DNB,DNB.OL,2020-12-03,162.35000610351562,162.35000610351562,160.64999389648438,161.1999969482422,104.97847747802734,1418645
DNB,DNB.OL,2020-12-04,161.1999969482422,162.1999969482422,160.75,161.14999389648438,104.94593048095703,1453421
DNB,DNB.OL,2020-12-07,159.0,160.89999389648438,158.10000610351562,160.5,104.52262115478516,1565106
DNB,DNB.OL,2020-12-08,160.39999389648438,162.1999969482422,159.75,160.35000610351562,104.42493438720703,1375526
DNB,DNB.OL,2020-12-09,160.60000610351562,162.39999389648438,159.85000610351562,162.39999389648438,105.75996398925781,1529621
DNB,DNB.OL,2020-12-10,162.85000610351562,164.4499969482422,161.14999389648438,162.60000610351562,105.89020538330078,2080036
DNB,DNB.OL,2020-12-11,162.10000610351562,162.10000610351562,159.5500030517578,160.0,104.1969985961914,1397618
DNB,DNB.OL,2020-12-14,160.89999389648438,163.4499969482422,160.85000610351562,162.3000030517578,105.69481658935547,1747547
DNB,DNB.OL,2020-12-15,161.5,163.4499969482422,160.5,161.8000030517578,105.36922454833984,2287384
DNB,DNB.OL,2020-12-16,162.3000030517578,162.5,159.4499969482422,160.0,104.1969985961914,2191893
DNB,DNB.OL,2020-12-17,160.3000030517578,161.5,159.14999389648438,159.75,104.03418731689453,2091378
DNB,DNB.OL,2020-12-18,158.8000030517578,162.5,158.75,161.60000610351562,105.23897552490234,3775301
DNB,DNB.OL,2020-12-21,158.6999969482422,160.10000610351562,156.60000610351562,157.85000610351562,102.79685974121094,1733482
DNB,DNB.OL,2020-12-22,158.3000030517578,160.85000610351562,157.89999389648438,160.10000610351562,104.26211547851562,1295371
DNB,DNB.OL,2020-12-23,160.60000610351562,165.1999969482422,160.60000610351562,165.1999969482422,107.58340454101562,1188429
DNB,DNB.OL,2020-12-28,165.60000610351562,167.60000610351562,165.5500030517578,167.60000610351562,109.14635467529297,721422
DNB,DNB.OL,2020-12-29,167.0,167.89999389648438,166.0,167.89999389648438,109.34171295166016,933854
DNB,DNB.OL,2020-12-30,167.39999389648438,168.14999389648438,166.89999389648438,168.0,109.40684509277344,913556
DNB,DNB.OL,2021-01-04,168.0,168.85000610351562,162.6999969482422,162.6999969482422,105.955322265625,1167364
DNB,DNB.OL,2021-01-05,161.8000030517578,164.25,161.5,161.8000030517578,105.36922454833984,1738875
DNB,DNB.OL,2021-01-06,163.0,166.85000610351562,163.0,166.5,108.43000793457031,1169665
DNB,DNB.OL,2021-01-07,166.5,167.25,165.0,167.0,108.755615234375,1456571
DNB,DNB.OL,2021-01-08,168.14999389648438,168.3000030517578,166.35000610351562,168.0,109.40684509277344,1445465
DNB,DNB.OL,2021-01-11,166.0,167.35000610351562,165.14999389648438,166.3000030517578,108.29975128173828,1284774
DNB,DNB.OL,2021-01-12,166.3000030517578,168.4499969482422,165.5,167.5,109.08124542236328,1370261
DNB,DNB.OL,2021-01-13,166.85000610351562,167.6999969482422,163.10000610351562,163.25,106.3134994506836,1499177
DNB,DNB.OL,2021-01-14,163.10000610351562,169.5500030517578,163.10000610351562,169.0,110.0580825805664,1904974
DNB,DNB.OL,2021-01-15,168.3000030517578,169.1999969482422,165.8000030517578,165.89999389648438,108.03926086425781,1643538
DNB,DNB.OL,2021-01-18,165.14999389648438,168.39999389648438,164.6999969482422,168.39999389648438,109.66734313964844,558726
DNB,DNB.OL,2021-01-19,169.0500030517578,170.89999389648438,168.5500030517578,168.85000610351562,109.96039581298828,896056
DNB,DNB.OL,2021-01-20,170.0,170.4499969482422,168.64999389648438,169.6999969482422,110.51394653320312,1405673
DNB,DNB.OL,2021-01-21,170.5500030517578,172.3000030517578,169.10000610351562,169.89999389648438,110.64419555664062,1453090
DNB,DNB.OL,2021-01-22,168.4499969482422,169.75,168.0500030517578,169.0,110.0580825805664,1087274
DNB,DNB.OL,2021-01-25,169.3000030517578,169.64999389648438,165.64999389648438,167.8000030517578,109.276611328125,2021157
DNB,DNB.OL,2021-01-26,166.5,168.5500030517578,165.0,167.64999389648438,109.17890167236328,1974705
DNB,DNB.OL,2021-01-27,166.9499969482422,169.5500030517578,165.8000030517578,168.10000610351562,109.47198486328125,2009793
DNB,DNB.OL,2021-01-28,167.5,168.64999389648438,163.60000610351562,168.0,109.40684509277344,1783120
DNB,DNB.OL,2021-01-29,165.1999969482422,168.0500030517578,165.1999969482422,167.9499969482422,109.37427520751953,1862212
DNB,DNB.OL,2021-02-01,167.64999389648438,168.60000610351562,166.6999969482422,167.0500030517578,108.78817749023438,1000006
DNB,DNB.OL,2021-02-02,168.1999969482422,169.60000610351562,167.25,169.3000030517578,110.2534408569336,946768
DNB,DNB.OL,2021-02-03,170.0500030517578,171.6999969482422,170.0500030517578,171.0,111.36054229736328,1176019
DNB,DNB.OL,2021-02-04,171.10000610351562,173.64999389648438,171.10000610351562,173.64999389648438,113.08631134033203,1512938
DNB,DNB.OL,2021-02-05,173.5,174.35000610351562,171.1999969482422,171.64999389648438,111.78382873535156,1389542
DNB,DNB.OL,2021-02-08,170.1999969482422,172.5500030517578,169.6999969482422,170.89999389648438,111.29541015625,1677320
DNB,DNB.OL,2021-02-09,170.0500030517578,171.35000610351562,167.75,169.85000610351562,110.61161804199219,1904755
DNB,DNB.OL,2021-02-10,170.0,170.6999969482422,165.8000030517578,166.10000610351562,108.16950988769531,3122087
DNB,DNB.OL,2021-02-11,167.0,168.25,165.5,166.6999969482422,108.56024169921875,1728940
DNB,DNB.OL,2021-02-12,167.0,167.25,163.25,164.5500030517578,107.16010284423828,3694248
DNB,DNB.OL,2021-02-15,166.0,166.35000610351562,164.9499969482422,166.10000610351562,108.16950988769531,1779262
DNB,DNB.OL,2021-02-16,166.3000030517578,168.39999389648438,166.0,167.64999389648438,109.17890167236328,1649492
DNB,DNB.OL,2021-02-17,165.8000030517578,168.25,165.6999969482422,168.0,109.40684509277344,1369194
DNB,DNB.OL,2021-02-18,167.6999969482422,169.60000610351562,167.5500030517578,167.75,109.24404907226562,1348165
DNB,DNB.OL,2021-02-19,167.75,169.1999969482422,167.1999969482422,168.39999389648438,109.66734313964844,2377417
DNB,DNB.OL,2021-02-22,169.5,170.8000030517578,168.6999969482422,170.0500030517578,110.74188995361328,1249180
DNB,DNB.OL,2021-02-23,171.0,176.0500030517578,170.35000610351562,167.60000610351562,109.14635467529297,2711516
DNB,DNB.OL,2021-02-24,167.64999389648438,168.89999389648438,166.35000610351562,168.4499969482422,115.48809814453125,1879362
DNB,DNB.OL,2021-02-25,169.0,171.4499969482422,168.64999389648438,170.39999389648438,116.82498168945312,1562290
DNB,DNB.OL,2021-02-26,167.5,168.8000030517578,166.25,168.64999389648438,115.62520599365234,3117315
DNB,DNB.OL,2021-03-01,169.5,171.89999389648438,169.5,171.89999389648438,117.8533935546875,1345852
DNB,DNB.OL,2021-03-02,170.10000610351562,172.0,170.0,172.0,117.92192840576172,1436345
DNB,DNB.OL,2021-03-03,172.0,175.10000610351562,172.0,175.0,119.97871398925781,1111710
DNB,DNB.OL,2021-03-04,174.5,174.75,173.6999969482422,174.3000030517578,119.49881744384766,1661890
DNB,DNB.OL,2021-03-05,174.89999389648438,177.5,173.6999969482422,177.1999969482422,121.4870376586914,1985135
DNB,DNB.OL,2021-03-08,178.0,180.5,177.75,180.5,123.7494888305664,1574609
DNB,DNB.OL,2021-03-09,181.39999389648438,183.5500030517578,179.10000610351562,179.3000030517578,122.92677307128906,1432382
DNB,DNB.OL,2021-03-10,180.0,183.25,179.3000030517578,182.0500030517578,124.8121566772461,1216095
DNB,DNB.OL,2021-03-11,182.5,183.0500030517578,180.4499969482422,181.35000610351562,124.33224487304688,1163768
DNB,DNB.OL,2021-03-12,181.85000610351562,185.0,181.4499969482422,185.0,126.83464813232422,1979800
DNB,DNB.OL,2021-03-15,185.0,186.1999969482422,184.1999969482422,185.25,127.00604248046875,1346643
DNB,DNB.OL,2021-03-16,185.60000610351562,186.64999389648438,184.35000610351562,186.0,127.52023315429688,1465484
DNB,DNB.OL,2021-03-17,186.3000030517578,187.89999389648438,185.60000610351562,187.35000610351562,128.44580078125,1282698
DNB,DNB.OL,2021-03-18,187.0,188.1999969482422,185.85000610351562,187.89999389648438,128.8228759765625,1519908
DNB,DNB.OL,2021-03-19,187.60000610351562,187.9499969482422,185.64999389648438,187.5,128.5486297607422,3043281
DNB,DNB.OL,2021-03-22,186.60000610351562,187.14999389648438,183.25,183.25,125.63484954833984,1773248
DNB,DNB.OL,2021-03-23,180.10000610351562,180.35000610351562,176.14999389648438,176.5500030517578,121.04139709472656,1879958
DNB,DNB.OL,2021-03-24,174.60000610351562,180.0,174.39999389648438,179.3000030517578,122.92677307128906,2657903
DNB,DNB.OL,2021-03-25,178.0500030517578,178.5,176.14999389648438,178.0500030517578,122.06977844238281,1277700
DNB,DNB.OL,2021-03-26,178.1999969482422,182.5500030517578,178.10000610351562,181.4499969482422,124.40080261230469,1578673
DNB,DNB.OL,2021-03-29,181.39999389648438,182.35000610351562,179.8000030517578,182.0,124.77787017822266,892288
DNB,DNB.OL,2021-03-30,182.5,184.6999969482422,182.14999389648438,182.5,125.12066650390625,993332
DNB,DNB.OL,2021-03-31,182.5,183.85000610351562,182.0,182.0,124.77787017822266,789665
DNB,DNB.OL,2021-04-06,187.25,187.35000610351562,179.85000610351562,181.25,124.26368713378906,2099391
DNB,DNB.OL,2021-04-07,181.25,183.4499969482422,181.0500030517578,181.5,124.4350814819336,1515755
DNB,DNB.OL,2021-04-08,181.5500030517578,182.0,180.14999389648438,180.6999969482422,123.88660430908203,1152123
DNB,DNB.OL,2021-04-09,181.39999389648438,181.6999969482422,180.1999969482422,180.9499969482422,124.05799865722656,889887
DNB,DNB.OL,2021-04-12,180.1999969482422,181.4499969482422,178.85000610351562,181.14999389648438,124.19512939453125,996569
DNB,DNB.OL,2021-04-13,181.64999389648438,182.0,179.5,179.64999389648438,123.1667251586914,1243164
DNB,DNB.OL,2021-04-14,180.1999969482422,181.3000030517578,178.5500030517578,180.64999389648438,123.85232543945312,965315
DNB,DNB.OL,2021-04-15,181.3000030517578,184.85000610351562,181.0,182.85000610351562,125.36063385009766,1420036
DNB,DNB.OL,2021-04-16,184.89999389648438,186.89999389648438,184.6999969482422,186.39999389648438,127.79447937011719,2031561
DNB,DNB.OL,2021-04-19,186.39999389648438,186.89999389648438,184.0,185.1999969482422,126.97176361083984,732388
DNB,DNB.OL,2021-04-20,185.0500030517578,185.25,179.60000610351562,179.60000610351562,123.1324462890625,1343077
DNB,DNB.OL,2021-04-21,181.0,181.6999969482422,177.89999389648438,179.89999389648438,123.338134765625,892423
DNB,DNB.OL,2021-04-22,180.35000610351562,181.10000610351562,178.64999389648438,180.8000030517578,123.95516204833984,1061544
DNB,DNB.OL,2021-04-23,178.85000610351562,180.9499969482422,178.75,180.60000610351562,123.81806182861328,755052
DNB,DNB.OL,2021-04-26,180.60000610351562,182.64999389648438,179.10000610351562,182.35000610351562,125.0178451538086,678245
DNB,DNB.OL,2021-04-27,182.35000610351562,182.89999389648438,181.10000610351562,182.5500030517578,125.15494537353516,887897
DNB,DNB.OL,2021-04-28,183.5,185.3000030517578,182.5,183.75,125.9776611328125,1000185
DNB,DNB.OL,2021-04-29,182.10000610351562,186.75,180.89999389648438,183.35000610351562,125.70342254638672,1495061
DNB,DNB.OL,2021-04-30,183.3000030517578,183.75,179.0500030517578,179.0500030517578,122.75537872314453,1929426
DNB,DNB.OL,2021-05-03,178.14999389648438,180.64999389648438,177.4499969482422,180.64999389648438,123.85232543945312,1027076
DNB,DNB.OL,2021-05-04,181.10000610351562,185.6999969482422,181.10000610351562,182.0,124.77787017822266,1349519
DNB,DNB.OL,2021-05-05,182.35000610351562,185.1999969482422,180.8000030517578,181.25,124.26368713378906,1009524
DNB,DNB.OL,2021-05-06,182.5500030517578,183.14999389648438,180.0,181.35000610351562,124.33224487304688,1287222
DNB,DNB.OL,2021-05-07,182.0,183.39999389648438,181.1999969482422,183.25,125.63484954833984,1130591
DNB,DNB.OL,2021-05-10,183.64999389648438,183.9499969482422,181.5,182.1999969482422,124.91497802734375,1039094
DNB,DNB.OL,2021-05-11,181.5500030517578,181.75,178.9499969482422,179.5500030517578,123.09818267822266,918218
DNB,DNB.OL,2021-05-12,180.0,180.0,177.64999389648438,179.35000610351562,122.96106719970703,1107003
DNB,DNB.OL,2021-05-14,179.89999389648438,182.6999969482422,178.75,182.6999969482422,125.25778198242188,1233323
DNB,DNB.OL,2021-05-18,184.5,186.6999969482422,183.89999389648438,184.5,126.49185943603516,1580594
DNB,DNB.OL,2021-05-19,182.5,184.9499969482422,180.39999389648438,181.10000610351562,124.16085052490234,801407
DNB,DNB.OL,2021-05-20,182.0500030517578,184.14999389648438,182.0500030517578,183.9499969482422,126.11477661132812,1277432
DNB,DNB.OL,2021-05-21,184.35000610351562,187.4499969482422,183.5500030517578,187.39999389648438,128.4800567626953,1540156
DNB,DNB.OL,2021-05-25,187.39999389648438,187.39999389648438,184.9499969482422,184.9499969482422,126.80036926269531,1251915
DNB,DNB.OL,2021-05-26,184.89999389648438,184.89999389648438,180.25,182.10000610351562,124.846435546875,1574224
DNB,DNB.OL,2021-05-27,181.64999389648438,184.39999389648438,181.1999969482422,184.39999389648438,126.42327117919922,5243603
DNB,DNB.OL,2021-05-28,184.75,186.3000030517578,184.0,186.25,127.69164276123047,870894
DNB,DNB.OL,2021-05-31,186.0,186.39999389648438,184.5,184.5,126.49185943603516,668281
DNB,DNB.OL,2021-06-01,185.0,186.6999969482422,185.0,186.10000610351562,127.58880615234375,848703
DNB,DNB.OL,2021-06-02,186.6999969482422,188.9499969482422,186.6999969482422,188.0,128.8914337158203,1276742
DNB,DNB.OL,2021-06-03,188.0,188.5,186.35000610351562,188.5,129.23422241210938,680311
DNB,DNB.OL,2021-06-04,188.64999389648438,189.6999969482422,188.0,188.85000610351562,129.47418212890625,874147
DNB,DNB.OL,2021-06-07,188.64999389648438,189.75,187.25,188.60000610351562,129.30279541015625,884348
DNB,DNB.OL,2021-06-08,188.64999389648438,189.75,186.64999389648438,186.64999389648438,127.96587371826172,930773
DNB,DNB.OL,2021-06-09,187.14999389648438,188.6999969482422,185.9499969482422,186.4499969482422,127.8287582397461,556883
DNB,DNB.OL,2021-06-10,186.14999389648438,187.5500030517578,184.39999389648438,187.39999389648438,128.4800567626953,1836437
DNB,DNB.OL,2021-06-11,188.25,188.5,186.3000030517578,186.6999969482422,128.00015258789062,1095698
DNB,DNB.OL,2021-06-14,187.14999389648438,189.0,187.10000610351562,189.0,129.57701110839844,1856880
DNB,DNB.OL,2021-06-15,189.1999969482422,189.1999969482422,187.10000610351562,187.89999389648438,128.8228759765625,1545160
DNB,DNB.OL,2021-06-16,187.5,189.25,186.0,186.0,127.52023315429688,1134389
DNB,DNB.OL,2021-06-17,187.5500030517578,191.0,186.5500030517578,187.9499969482422,128.85714721679688,1439885
DNB,DNB.OL,2021-06-18,187.14999389648438,188.0500030517578,184.1999969482422,185.85000610351562,127.41739654541016,3822371
DNB,DNB.OL,2021-06-21,184.0,189.0,182.75,189.0,129.57701110839844,1071762
DNB,DNB.OL,2021-06-22,189.39999389648438,190.1999969482422,188.39999389648438,189.60000610351562,129.98838806152344,1659835
DNB,DNB.OL,2021-06-23,190.0,195.60000610351562,189.4499969482422,195.60000610351562,134.10194396972656,1763480
DNB,DNB.OL,2021-06-24,195.9499969482422,197.5,194.75,195.8000030517578,134.23904418945312,1177581
DNB,DNB.OL,2021-06-25,197.0,198.4499969482422,196.60000610351562,198.1999969482422,135.88446044921875,937322
DNB,DNB.OL,2021-06-28,198.10000610351562,198.14999389648438,193.75,193.75,132.83358764648438,650006
DNB,DNB.OL,2021-06-29,193.0,195.35000610351562,191.75,192.0,131.63380432128906,1287665
DNB,DNB.OL,2021-06-30,192.0,192.14999389648438,186.75,187.60000610351562,128.6171875,1955709
DNB,DNB.OL,2021-07-01,188.64999389648438,189.14999389648438,185.39999389648438,186.4499969482422,127.8287582397461,1402190
DNB,DNB.OL,2021-07-02,186.5,189.60000610351562,186.5,186.85000610351562,128.10299682617188,1128821
DNB,DNB.OL,2021-07-05,187.10000610351562,192.60000610351562,187.10000610351562,192.60000610351562,132.045166015625,1294237
DNB,DNB.OL,2021-07-06,192.64999389648438,192.75,188.5,188.6999969482422,129.371337890625,789922
DNB,DNB.OL,2021-07-07,188.6999969482422,189.10000610351562,187.0,187.35000610351562,128.44580078125,1138924
DNB,DNB.OL,2021-07-08,188.0,188.0,184.6999969482422,184.6999969482422,126.62897491455078,1208214
DNB,DNB.OL,2021-07-09,185.89999389648438,187.39999389648438,184.75,186.9499969482422,128.17153930664062,1211383
DNB,DNB.OL,2021-07-12,187.89999389648438,191.39999389648438,186.5,191.39999389648438,131.22244262695312,899946
DNB,DNB.OL,2021-07-13,191.60000610351562,192.89999389648438,186.0,187.60000610351562,128.6171875,1182599
DNB,DNB.OL,2021-07-14,188.0,188.1999969482422,185.1999969482422,186.0500030517578,127.5545425415039,919961
DNB,DNB.OL,2021-07-15,184.0,186.10000610351562,184.0,184.64999389648438,126.59469604492188,1033089
DNB,DNB.OL,2021-07-16,184.8000030517578,185.5,180.85000610351562,180.85000610351562,123.98942565917969,1546478
DNB,DNB.OL,2021-07-19,180.8000030517578,180.8000030517578,175.0,175.0,119.97871398925781,1151657
DNB,DNB.OL,2021-07-20,175.35000610351562,176.4499969482422,174.25,175.0,119.97871398925781,1985276
DNB,DNB.OL,2021-07-21,175.6999969482422,175.89999389648438,174.14999389648438,175.0,119.97871398925781,1769776
DNB,DNB.OL,2021-07-22,175.5,177.10000610351562,174.85000610351562,175.0,119.97871398925781,1688515
DNB,DNB.OL,2021-07-23,175.3000030517578,175.89999389648438,174.0500030517578,175.0,119.97871398925781,925365
DNB,DNB.OL,2021-07-26,175.0,176.0,173.75,176.0,120.664306640625,967765
DNB,DNB.OL,2021-07-27,176.0,176.1999969482422,174.75,175.8000030517578,120.52720642089844,1022291
DNB,DNB.OL,2021-07-28,175.6999969482422,179.89999389648438,175.6999969482422,178.5,122.37828826904297,1079540
DNB,DNB.OL,2021-07-29,180.0500030517578,182.9499969482422,180.0500030517578,181.9499969482422,124.74359893798828,820873
DNB,DNB.OL,2021-07-30,181.0,181.9499969482422,179.0,181.0500030517578,124.12655639648438,1342921
DNB,DNB.OL,2021-08-02,181.89999389648438,182.75,180.1999969482422,181.8000030517578,124.64076232910156,728643
DNB,DNB.OL,2021-08-03,181.6999969482422,183.10000610351562,180.3000030517578,181.35000610351562,124.33224487304688,738311
DNB,DNB.OL,2021-08-04,182.0,183.8000030517578,181.60000610351562,183.0,125.46347045898438,870045
DNB,DNB.OL,2021-08-05,183.0500030517578,185.35000610351562,182.8000030517578,184.8000030517578,126.69754791259766,647749
DNB,DNB.OL,2021-08-06,185.35000610351562,187.8000030517578,184.3000030517578,187.64999389648438,128.65145874023438,672326
DNB,DNB.OL,2021-08-09,187.6999969482422,190.0,187.0,189.1999969482422,129.71414184570312,737488
DNB,DNB.OL,2021-08-10,189.0,189.1999969482422,186.39999389648438,187.85000610351562,128.78858947753906,692961
DNB,DNB.OL,2021-08-11,187.85000610351562,189.60000610351562,186.9499969482422,189.5500030517578,129.95411682128906,935429
DNB,DNB.OL,2021-08-12,189.60000610351562,190.6999969482422,188.25,188.64999389648438,129.33705139160156,640450
DNB,DNB.OL,2021-08-13,189.0,189.85000610351562,188.0,188.89999389648438,129.50845336914062,545471
DNB,DNB.OL,2021-08-16,188.0500030517578,189.85000610351562,187.64999389648438,188.5,129.23422241210938,588123
DNB,DNB.OL,2021-08-17,188.4499969482422,188.85000610351562,186.0,188.0500030517578,128.9257049560547,735044
DNB,DNB.OL,2021-08-18,187.35000610351562,189.39999389648438,187.3000030517578,189.0,129.57701110839844,567824
DNB,DNB.OL,2021-08-19,186.8000030517578,189.85000610351562,185.64999389648438,186.75,128.034423828125,817709
DNB,DNB.OL,2021-08-20,186.25,186.5500030517578,183.25,185.35000610351562,127.07462310791016,954832
DNB,DNB.OL,2021-08-23,186.25,187.14999389648438,185.0,187.0,128.20584106445312,702285
DNB,DNB.OL,2021-08-24,187.5,188.0,185.85000610351562,187.64999389648438,128.65145874023438,636898
DNB,DNB.OL,2021-08-25,186.1999969482422,188.75,186.0,188.75,129.40562438964844,632676
DNB,DNB.OL,2021-08-26,188.8000030517578,189.89999389648438,187.14999389648438,189.25,129.74842834472656,818566
DNB,DNB.OL,2021-08-27,189.3000030517578,190.0,187.6999969482422,189.9499969482422,130.22833251953125,733969
DNB,DNB.OL,2021-08-30,190.0,190.8000030517578,187.60000610351562,188.4499969482422,129.199951171875,519421
DNB,DNB.OL,2021-08-31,188.5500030517578,188.5500030517578,183.60000610351562,183.60000610351562,125.87483215332031,2273911
DNB,DNB.OL,2021-09-01,184.9499969482422,189.75,184.9499969482422,188.75,129.40562438964844,1187717
DNB,DNB.OL,2021-09-02,188.0,189.0500030517578,186.0500030517578,188.8000030517578,129.4398956298828,965918
DNB,DNB.OL,2021-09-03,188.25,189.9499969482422,187.60000610351562,189.9499969482422,130.22833251953125,680864
DNB,DNB.OL,2021-09-06,189.75,192.10000610351562,189.1999969482422,192.10000610351562,131.70236206054688,644141
DNB,DNB.OL,2021-09-07,191.85000610351562,192.4499969482422,189.6999969482422,190.89999389648438,130.879638671875,745934
DNB,DNB.OL,2021-09-08,192.10000610351562,192.9499969482422,189.10000610351562,191.9499969482422,131.5995330810547,1302817
DNB,DNB.OL,2021-09-09,190.60000610351562,191.3000030517578,189.3000030517578,190.10000610351562,130.3311767578125,748245
DNB,DNB.OL,2021-09-10,190.0,190.64999389648438,188.1999969482422,189.14999389648438,129.6798553466797,957933
DNB,DNB.OL,2021-09-13,189.39999389648438,190.39999389648438,189.0500030517578,189.3000030517578,129.78268432617188,730652
DNB,DNB.OL,2021-09-14,189.4499969482422,190.25,187.64999389648438,187.8000030517578,128.75433349609375,703041
DNB,DNB.OL,2021-09-15,187.8000030517578,187.8000030517578,185.64999389648438,186.14999389648438,127.6230697631836,1575523
DNB,DNB.OL,2021-09-16,186.5,188.75,186.39999389648438,187.4499969482422,128.51434326171875,876136
DNB,DNB.OL,2021-09-17,188.3000030517578,188.9499969482422,185.6999969482422,185.6999969482422,127.31455993652344,1975028
DNB,DNB.OL,2021-09-20,185.0,185.60000610351562,181.25,181.6999969482422,124.57219696044922,1234976
DNB,DNB.OL,2021-09-21,182.5500030517578,185.39999389648438,182.5,183.1999969482422,125.60060119628906,985994
DNB,DNB.OL,2021-09-22,184.0,187.6999969482422,184.0,187.39999389648438,128.4800567626953,1097817
DNB,DNB.OL,2021-09-23,188.64999389648438,190.6999969482422,188.4499969482422,190.0500030517578,130.29689025878906,759906
DNB,DNB.OL,2021-09-24,190.0,192.0,188.89999389648438,192.0,131.63380432128906,971391
DNB,DNB.OL,2021-09-27,192.10000610351562,196.60000610351562,191.8000030517578,195.0,133.69058227539062,1392643
DNB,DNB.OL,2021-09-28,195.0,198.10000610351562,195.0,196.8000030517578,134.92465209960938,1821934
DNB,DNB.OL,2021-09-29,197.5,197.89999389648438,195.64999389648438,197.35000610351562,135.30174255371094,1247383
DNB,DNB.OL,2021-09-30,198.60000610351562,201.3000030517578,198.35000610351562,199.9499969482422,137.08425903320312,1538691
DNB,DNB.OL,2021-10-01,197.0500030517578,201.10000610351562,196.14999389648438,199.39999389648438,136.70718383789062,980440
DNB,DNB.OL,2021-10-04,199.39999389648438,202.8000030517578,198.75,201.10000610351562,137.87269592285156,722186
DNB,DNB.OL,2021-10-05,201.1999969482422,202.39999389648438,200.60000610351562,202.39999389648438,138.7639617919922,982357
DNB,DNB.OL,2021-10-06,200.5,203.10000610351562,199.6999969482422,202.8000030517578,139.0382080078125,1286894
DNB,DNB.OL,2021-10-07,204.0,205.89999389648438,202.0,205.8000030517578,141.094970703125,1137335
DNB,DNB.OL,2021-10-08,205.89999389648438,206.89999389648438,204.6999969482422,206.0,141.2321014404297,709920
DNB,DNB.OL,2021-10-11,208.5,210.39999389648438,205.5,206.39999389648438,141.50634765625,1158890
DNB,DNB.OL,2021-10-12,204.8000030517578,206.60000610351562,203.39999389648438,204.6999969482422,140.3408203125,1052748
DNB,DNB.OL,2021-10-13,204.60000610351562,205.8000030517578,203.5,204.6999969482422,140.3408203125,936847
DNB,DNB.OL,2021-10-14,206.5,207.89999389648438,205.1999969482422,207.8000030517578,142.46617126464844,1393756
DNB,DNB.OL,2021-10-15,208.0,209.1999969482422,206.39999389648438,208.6999969482422,143.0832061767578,1071542
DNB,DNB.OL,2021-10-18,208.5,212.39999389648438,208.0,210.8000030517578,144.52294921875,838125
DNB,DNB.OL,2021-10-19,211.0,211.0,208.3000030517578,210.60000610351562,144.3858184814453,1213192
DNB,DNB.OL,2021-10-20,211.0,211.89999389648438,209.1999969482422,211.89999389648438,145.277099609375,1329351
DNB,DNB.OL,2021-10-21,214.3000030517578,217.89999389648438,211.0,214.60000610351562,147.12818908691406,1566059
DNB,DNB.OL,2021-10-22,214.5,217.0,208.1999969482422,215.0,147.4024200439453,1882790
DNB,DNB.OL,2021-10-25,215.0,215.89999389648438,213.0,213.8000030517578,146.57972717285156,1092430
DNB,DNB.OL,2021-10-26,213.1999969482422,214.89999389648438,210.1999969482422,210.39999389648438,144.2487030029297,1260003
DNB,DNB.OL,2021-10-27,210.39999389648438,213.60000610351562,209.0,204.60000610351562,140.27227783203125,1935290
DNB,DNB.OL,2021-10-28,204.3000030517578,204.3000030517578,199.85000610351562,203.0,145.5791015625,1458897
DNB,DNB.OL,2021-10-29,203.60000610351562,204.8000030517578,200.8000030517578,200.8000030517578,144.0013885498047,1397179
DNB,DNB.OL,2021-11-01,202.3000030517578,205.3000030517578,201.6999969482422,205.0,147.01336669921875,1028335
DNB,DNB.OL,2021-11-02,204.39999389648438,207.5,203.1999969482422,207.5,148.80621337890625,811990
DNB,DNB.OL,2021-11-03,206.8000030517578,211.5,204.5,211.5,151.67477416992188,1319124
DNB,DNB.OL,2021-11-04,212.1999969482422,213.8000030517578,209.5,210.60000610351562,151.0293426513672,1796821
DNB,DNB.OL,2021-11-05,210.8000030517578,215.60000610351562,210.1999969482422,215.60000610351562,154.61505126953125,1339394
DNB,DNB.OL,2021-11-08,215.1999969482422,215.1999969482422,213.5,214.0,153.4676055908203,805531
DNB,DNB.OL,2021-11-09,213.89999389648438,215.3000030517578,213.39999389648438,214.3000030517578,153.68276977539062,852392
DNB,DNB.OL,2021-11-10,214.5,215.6999969482422,212.0,213.3000030517578,152.9656219482422,1077734
DNB,DNB.OL,2021-11-11,213.8000030517578,216.10000610351562,213.10000610351562,214.8000030517578,154.0413360595703,1011234
DNB,DNB.OL,2021-11-12,215.1999969482422,215.5,212.10000610351562,213.6999969482422,153.25247192382812,652057
DNB,DNB.OL,2021-11-15,212.0,215.0,210.5,214.5,153.826171875,824075
DNB,DNB.OL,2021-11-16,214.1999969482422,214.1999969482422,211.8000030517578,212.0,152.03334045410156,964515
DNB,DNB.OL,2021-11-17,212.0,212.60000610351562,210.10000610351562,211.6999969482422,151.8181915283203,1052133
DNB,DNB.OL,2021-11-18,211.3000030517578,212.1999969482422,210.3000030517578,211.0,151.3162078857422,979734
DNB,DNB.OL,2021-11-19,211.1999969482422,212.0,205.5,208.60000610351562,149.59507751464844,1898876
DNB,DNB.OL,2021-11-22,208.6999969482422,211.1999969482422,207.60000610351562,211.0,151.3162078857422,767748
DNB,DNB.OL,2021-11-23,209.8000030517578,212.1999969482422,207.1999969482422,211.60000610351562,151.74649047851562,1017776
DNB,DNB.OL,2021-11-24,211.1999969482422,212.60000610351562,210.10000610351562,211.10000610351562,151.38790893554688,738346
DNB,DNB.OL,2021-11-25,211.6999969482422,213.1999969482422,209.60000610351562,212.8000030517578,152.6070556640625,479498
DNB,DNB.OL,2021-11-26,209.10000610351562,209.1999969482422,201.3000030517578,201.5,144.50338745117188,1927772
DNB,DNB.OL,2021-11-29,200.5,204.39999389648438,200.5,201.8000030517578,144.71853637695312,1682292
DNB,DNB.OL,2021-11-30,196.89999389648438,198.5,190.10000610351562,198.1999969482422,142.13682556152344,4603180
DNB,DNB.OL,2021-12-01,199.0,203.10000610351562,198.5500030517578,203.10000610351562,145.6508026123047,1090650
DNB,DNB.OL,2021-12-02,201.39999389648438,203.5,199.9499969482422,202.5,145.2205352783203,1371238
DNB,DNB.OL,2021-12-03,203.0,203.6999969482422,200.10000610351562,202.60000610351562,145.292236328125,1067971
DNB,DNB.OL,2021-12-06,202.89999389648438,204.10000610351562,201.60000610351562,203.5,145.9376678466797,904377
DNB,DNB.OL,2021-12-07,205.10000610351562,206.89999389648438,204.89999389648438,204.89999389648438,146.94166564941406,1240662
DNB,DNB.OL,2021-12-08,204.89999389648438,206.1999969482422,200.89999389648438,203.10000610351562,145.6508026123047,1169049
DNB,DNB.OL,2021-12-09,203.3000030517578,204.89999389648438,199.14999389648438,199.14999389648438,142.818115234375,911901
DNB,DNB.OL,2021-12-10,198.5,201.5,198.10000610351562,199.85000610351562,143.32012939453125,867655
DNB,DNB.OL,2021-12-13,200.10000610351562,201.10000610351562,197.3000030517578,197.5500030517578,141.67068481445312,978104
DNB,DNB.OL,2021-12-14,197.60000610351562,199.39999389648438,194.0500030517578,195.35000610351562,140.09298706054688,1379118
DNB,DNB.OL,2021-12-15,194.5500030517578,195.8000030517578,191.85000610351562,191.85000610351562,137.5830078125,1628169
DNB,DNB.OL,2021-12-16,195.0,195.89999389648438,194.5500030517578,195.0,139.84197998046875,1546281
DNB,DNB.OL,2021-12-17,195.0,195.39999389648438,193.89999389648438,193.89999389648438,139.05311584472656,1932736
DNB,DNB.OL,2021-12-20,192.0,193.75,190.14999389648438,193.25,138.5869903564453,855036
DNB,DNB.OL,2021-12-21,194.89999389648438,195.4499969482422,193.9499969482422,195.39999389648438,140.12884521484375,662988
DNB,DNB.OL,2021-12-22,196.14999389648438,196.25,194.6999969482422,196.25,140.7384033203125,695145
DNB,DNB.OL,2021-12-23,197.35000610351562,198.0,196.5,197.4499969482422,141.59898376464844,742061
DNB,DNB.OL,2021-12-27,197.4499969482422,198.6999969482422,196.35000610351562,198.3000030517578,142.2085418701172,473652
DNB,DNB.OL,2021-12-28,198.60000610351562,201.3000030517578,197.75,201.3000030517578,144.35997009277344,449048
DNB,DNB.OL,2021-12-29,201.10000610351562,201.89999389648438,199.75,201.89999389648438,144.7902374267578,757996
DNB,DNB.OL,2021-12-30,201.60000610351562,202.5,200.1999969482422,202.0,144.86195373535156,583437
DNB,DNB.OL,2022-01-03,203.0,203.89999389648438,201.60000610351562,203.8000030517578,146.15281677246094,586885
DNB,DNB.OL,2022-01-04,204.60000610351562,205.3000030517578,202.8000030517578,204.39999389648438,146.5830841064453,991780
DNB,DNB.OL,2022-01-05,204.89999389648438,207.6999969482422,203.60000610351562,204.5,146.65480041503906,1014903
DNB,DNB.OL,2022-01-06,203.0,205.39999389648438,200.8000030517578,204.6999969482422,146.7982177734375,690817
DNB,DNB.OL,2022-01-07,205.8000030517578,209.1999969482422,205.6999969482422,209.1999969482422,150.0253448486328,937787
DNB,DNB.OL,2022-01-10,210.5,210.60000610351562,208.3000030517578,209.39999389648438,150.1687774658203,743469
DNB,DNB.OL,2022-01-11,209.8000030517578,209.8000030517578,206.8000030517578,209.0,149.88192749023438,1113648
DNB,DNB.OL,2022-01-12,211.8000030517578,214.39999389648438,210.6999969482422,212.0,152.03334045410156,892853
DNB,DNB.OL,2022-01-13,212.1999969482422,216.3000030517578,212.10000610351562,215.5,154.54331970214844,915257
DNB,DNB.OL,2022-01-14,215.6999969482422,216.89999389648438,213.8000030517578,214.8000030517578,154.0413360595703,897619
DNB,DNB.OL,2022-01-17,215.39999389648438,216.89999389648438,214.10000610351562,215.39999389648438,154.47161865234375,611166
DNB,DNB.OL,2022-01-18,216.10000610351562,216.3000030517578,214.60000610351562,215.39999389648438,154.47161865234375,918240
DNB,DNB.OL,2022-01-19,214.89999389648438,216.5,213.39999389648438,214.0,153.4676055908203,1165284
DNB,DNB.OL,2022-01-20,214.0,214.89999389648438,213.0,214.0,153.4676055908203,926028
DNB,DNB.OL,2022-01-21,211.8000030517578,212.3000030517578,210.39999389648438,210.39999389648438,150.8859100341797,471344
DNB,DNB.OL,2022-01-24,210.0,211.10000610351562,202.8000030517578,202.8000030517578,145.4356689453125,1252068
DNB,DNB.OL,2022-01-25,205.0,210.1999969482422,204.5,208.3000030517578,149.37994384765625,1378142
DNB,DNB.OL,2022-01-26,210.0,213.89999389648438,209.10000610351562,211.39999389648438,151.60305786132812,1318847
DNB,DNB.OL,2022-01-27,209.8000030517578,212.8000030517578,209.6999969482422,211.3000030517578,151.53135681152344,1091664
DNB,DNB.OL,2022-01-28,211.0,211.60000610351562,205.60000610351562,209.8000030517578,150.4556427001953,1325349
DNB,DNB.OL,2022-01-31,210.89999389648438,211.60000610351562,208.6999969482422,210.6999969482422,151.10105895996094,1057737
DNB,DNB.OL,2022-02-01,212.3000030517578,217.39999389648438,212.1999969482422,217.39999389648438,155.9058837890625,925845
DNB,DNB.OL,2022-02-02,218.0,219.10000610351562,215.39999389648438,216.1999969482422,155.0453338623047,1107738
DNB,DNB.OL,2022-02-03,216.5,217.5,213.89999389648438,215.60000610351562,154.61505126953125,1077122
DNB,DNB.OL,2022-02-04,216.5,217.8000030517578,213.6999969482422,213.6999969482422,153.25247192382812,1136035
DNB,DNB.OL,2022-02-07,216.3000030517578,217.10000610351562,213.8000030517578,216.3000030517578,155.11703491210938,1088725
DNB,DNB.OL,2022-02-08,217.0,220.5,215.3000030517578,216.3000030517578,155.11703491210938,1698190
DNB,DNB.OL,2022-02-09,216.5,216.60000610351562,211.0,213.1999969482422,152.89390563964844,1960741
DNB,DNB.OL,2022-02-10,209.1999969482422,213.5,207.3000030517578,211.0,151.3162078857422,1754543
DNB,DNB.OL,2022-02-11,208.5,213.6999969482422,208.5,212.0,152.03334045410156,1987924
DNB,DNB.OL,2022-02-14,209.8000030517578,213.39999389648438,207.8000030517578,212.10000610351562,152.1050567626953,1694396
DNB,DNB.OL,2022-02-15,211.6999969482422,213.5,210.1999969482422,212.6999969482422,152.53533935546875,1076128
DNB,DNB.OL,2022-02-16,213.39999389648438,213.8000030517578,208.89999389648438,210.8000030517578,151.1727752685547,1376839
DNB,DNB.OL,2022-02-17,210.60000610351562,211.3000030517578,208.39999389648438,208.8000030517578,149.73849487304688,709155
DNB,DNB.OL,2022-02-18,209.0,209.5,207.3000030517578,209.0,149.88192749023438,1184467
DNB,DNB.OL,2022-02-21,209.5,209.5,202.60000610351562,204.39999389648438,146.5830841064453,1661469
DNB,DNB.OL,2022-02-22,201.1999969482422,207.1999969482422,199.8000030517578,207.0,148.44764709472656,1376416
DNB,DNB.OL,2022-02-23,205.0,208.3000030517578,204.10000610351562,206.8000030517578,148.30421447753906,1017417
DNB,DNB.OL,2022-02-24,199.1999969482422,203.5,189.0500030517578,192.25,137.86985778808594,2574097
DNB,DNB.OL,2022-02-25,195.39999389648438,198.5,192.5500030517578,198.0,141.993408203125,2819112
DNB,DNB.OL,2022-02-28,193.5,197.10000610351562,192.6999969482422,197.10000610351562,141.3479766845703,2551622
DNB,DNB.OL,2022-03-01,197.3000030517578,199.6999969482422,192.1999969482422,192.3000030517578,137.90570068359375,1349223
DNB,DNB.OL,2022-03-02,192.5,195.75,190.85000610351562,192.6999969482422,138.19256591796875,1884754
DNB,DNB.OL,2022-03-03,194.0500030517578,196.9499969482422,191.89999389648438,191.89999389648438,137.6188507080078,1608241
DNB,DNB.OL,2022-03-04,190.75,190.75,184.35000610351562,185.0500030517578,132.7064666748047,1634303
DNB,DNB.OL,2022-03-07,181.9499969482422,184.89999389648438,176.5,183.1999969482422,131.37974548339844,2179896
DNB,DNB.OL,2022-03-08,180.0,186.39999389648438,179.5,181.1999969482422,129.9454803466797,2179921
DNB,DNB.OL,2022-03-09,186.0,190.8000030517578,185.10000610351562,190.4499969482422,136.57901000976562,1953884
DNB,DNB.OL,2022-03-10,190.64999389648438,192.0,185.85000610351562,189.64999389648438,136.0052947998047,1450903
DNB,DNB.OL,2022-03-11,189.5,194.5,186.25,191.89999389648438,137.6188507080078,1619153
DNB,DNB.OL,2022-03-14,192.89999389648438,196.5,192.25,196.39999389648438,140.8459930419922,1660105
DNB,DNB.OL,2022-03-15,196.5,197.39999389648438,189.25,191.64999389648438,137.43954467773438,1328240
DNB,DNB.OL,2022-03-16,195.0,199.85000610351562,192.39999389648438,198.1999969482422,142.13682556152344,2138367
DNB,DNB.OL,2022-03-17,203.0,205.10000610351562,196.5,197.85000610351562,141.88584899902344,1852488
DNB,DNB.OL,2022-03-18,198.25,198.3000030517578,196.39999389648438,196.5500030517578,140.95355224609375,3123171
DNB,DNB.OL,2022-03-21,197.14999389648438,202.0,197.14999389648438,200.89999389648438,144.07310485839844,1306003
DNB,DNB.OL,2022-03-22,201.89999389648438,204.8000030517578,199.8000030517578,203.5,145.9376678466797,991338
DNB,DNB.OL,2022-03-23,204.10000610351562,204.5,199.60000610351562,199.60000610351562,143.14080810546875,1396856
DNB,DNB.OL,2022-03-24,199.5500030517578,205.3000030517578,198.89999389648438,205.3000030517578,147.22853088378906,2133186
DNB,DNB.OL,2022-03-25,205.0,205.5,201.89999389648438,203.0,145.5791015625,1198453
DNB,DNB.OL,2022-03-28,202.8000030517578,205.60000610351562,202.60000610351562,204.39999389648438,146.5830841064453,944857
DNB,DNB.OL,2022-03-29,206.0,207.39999389648438,203.5,205.10000610351562,147.08509826660156,1196452
DNB,DNB.OL,2022-03-30,205.10000610351562,205.3000030517578,201.39999389648438,203.8000030517578,146.15281677246094,1241419
DNB,DNB.OL,2022-03-31,204.8000030517578,205.5,200.10000610351562,200.10000610351562,143.4993896484375,1804145
DNB,DNB.OL,2022-04-01,201.0,203.39999389648438,199.8000030517578,201.89999389648438,144.7902374267578,1365971
DNB,DNB.OL,2022-04-04,199.5,200.6999969482422,196.6999969482422,197.3000030517578,141.49139404296875,1919010
DNB,DNB.OL,2022-04-05,196.5500030517578,197.0,193.14999389648438,195.0500030517578,139.8778533935547,1556406
DNB,DNB.OL,2022-04-06,197.4499969482422,197.64999389648438,191.25,191.25,137.1527099609375,1649814
DNB,DNB.OL,2022-04-07,191.60000610351562,193.85000610351562,190.1999969482422,193.4499969482422,138.7304229736328,1413734
DNB,DNB.OL,2022-04-08,196.0,199.9499969482422,194.9499969482422,198.5500030517578,142.3878173828125,1325555
DNB,DNB.OL,2022-04-11,198.60000610351562,201.10000610351562,197.35000610351562,198.0500030517578,142.0292510986328,1186364
DNB,DNB.OL,2022-04-12,197.1999969482422,198.60000610351562,194.64999389648438,195.9499969482422,140.5232696533203,1362179
DNB,DNB.OL,2022-04-13,197.0,198.14999389648438,195.85000610351562,196.89999389648438,141.2045440673828,722461
DNB,DNB.OL,2022-04-19,198.10000610351562,198.10000610351562,192.8000030517578,194.14999389648438,139.23240661621094,1947709
DNB,DNB.OL,2022-04-20,195.9499969482422,200.39999389648438,195.0,199.64999389648438,143.1766815185547,1430929
DNB,DNB.OL,2022-04-21,199.4499969482422,200.89999389648438,197.85000610351562,200.3000030517578,143.642822265625,1410907
DNB,DNB.OL,2022-04-22,198.5,200.39999389648438,197.64999389648438,198.0500030517578,142.0292510986328,1496205
DNB,DNB.OL,2022-04-25,196.4499969482422,197.39999389648438,193.89999389648438,195.5,140.20054626464844,1687112
DNB,DNB.OL,2022-04-26,197.0500030517578,199.10000610351562,196.0,186.39999389648438,133.6746063232422,1722377
DNB,DNB.OL,2022-04-27,188.60000610351562,189.89999389648438,185.5,185.85000610351562,140.63644409179688,1653879
DNB,DNB.OL,2022-04-28,182.9499969482422,192.14999389648438,182.9499969482422,185.3000030517578,140.22023010253906,1716433
DNB,DNB.OL,2022-04-29,189.3000030517578,189.3000030517578,182.1999969482422,183.75,139.0473175048828,2282864
DNB,DNB.OL,2022-05-02,183.0,185.1999969482422,168.39999389648438,182.5,138.10140991210938,1530623
DNB,DNB.OL,2022-05-03,183.5500030517578,184.1999969482422,178.39999389648438,184.1999969482422,139.38783264160156,1907688
DNB,DNB.OL,2022-05-04,185.4499969482422,186.0,182.35000610351562,185.10000610351562,140.0688934326172,1443734
DNB,DNB.OL,2022-05-05,188.25,188.85000610351562,182.75,184.14999389648438,139.35000610351562,1385145
DNB,DNB.OL,2022-05-06,182.89999389648438,184.60000610351562,181.5,183.10000610351562,138.55543518066406,1854205
DNB,DNB.OL,2022-05-09,182.8000030517578,183.14999389648438,176.75,176.75,133.75027465820312,1456058
DNB,DNB.OL,2022-05-10,176.89999389648438,179.0500030517578,174.5,176.85000610351562,133.82595825195312,1320311
DNB,DNB.OL,2022-05-11,176.10000610351562,179.14999389648438,174.39999389648438,178.9499969482422,135.41505432128906,1510577
DNB,DNB.OL,2022-05-12,177.35000610351562,180.5500030517578,176.0500030517578,180.39999389648438,136.5122833251953,1826551
DNB,DNB.OL,2022-05-13,183.5500030517578,185.14999389648438,181.4499969482422,185.14999389648438,140.10670471191406,1144791
DNB,DNB.OL,2022-05-16,184.85000610351562,185.39999389648438,181.5,183.89999389648438,139.1608123779297,1495163
DNB,DNB.OL,2022-05-18,187.3000030517578,187.75,181.75,184.6999969482422,139.76620483398438,2411268
DNB,DNB.OL,2022-05-19,182.6999969482422,182.6999969482422,179.25,182.64999389648438,138.2149200439453,1686541
DNB,DNB.OL,2022-05-20,185.0,187.5,183.4499969482422,187.14999389648438,141.6201629638672,1682704
DNB,DNB.OL,2022-05-23,188.75,189.35000610351562,184.85000610351562,189.25,143.20928955078125,1207088
DNB,DNB.OL,2022-05-24,189.0,191.6999969482422,187.5,189.0,143.02008056640625,1779740
DNB,DNB.OL,2022-05-25,190.0,191.0,188.10000610351562,191.0,144.53355407714844,1212275
DNB,DNB.OL,2022-05-27,192.4499969482422,194.4499969482422,191.5,193.85000610351562,146.69020080566406,1321169
DNB,DNB.OL,2022-05-30,195.0,195.6999969482422,191.60000610351562,192.89999389648438,145.97129821777344,891129
DNB,DNB.OL,2022-05-31,192.4499969482422,193.0,189.0500030517578,190.14999389648438,143.89031982421875,2504255
DNB,DNB.OL,2022-06-01,190.0,191.25,189.60000610351562,189.89999389648438,143.7011260986328,944610
DNB,DNB.OL,2022-06-02,190.5,190.8000030517578,188.85000610351562,190.4499969482422,144.11734008789062,748842
DNB,DNB.OL,2022-06-03,191.5,191.9499969482422,188.6999969482422,190.39999389648438,144.07948303222656,676865
DNB,DNB.OL,2022-06-07,190.25,190.5500030517578,186.6999969482422,188.5500030517578,142.6795654296875,1216655
DNB,DNB.OL,2022-06-08,190.0,190.39999389648438,187.64999389648438,189.0500030517578,143.05792236328125,1505057
DNB,DNB.OL,2022-06-09,186.75,191.1999969482422,186.25,188.85000610351562,142.90658569335938,1307729
DNB,DNB.OL,2022-06-10,187.25,187.9499969482422,184.89999389648438,184.89999389648438,139.91754150390625,1771848
DNB,DNB.OL,2022-06-13,183.60000610351562,184.5500030517578,179.0,179.0,135.45289611816406,1826370
DNB,DNB.OL,2022-06-14,179.5,183.39999389648438,178.8000030517578,183.14999389648438,138.59327697753906,1630521
DNB,DNB.OL,2022-06-15,183.75,184.64999389648438,181.85000610351562,184.39999389648438,139.5391845703125,1637228
DNB,DNB.OL,2022-06-16,184.10000610351562,184.35000610351562,176.10000610351562,176.39999389648438,133.48541259765625,1657836
DNB,DNB.OL,2022-06-17,177.0,180.25,175.5500030517578,176.5,133.56109619140625,3137639
DNB,DNB.OL,2022-06-20,176.5500030517578,182.0,176.39999389648438,181.75,137.53387451171875,1065216
DNB,DNB.OL,2022-06-21,182.64999389648438,183.14999389648438,177.0,177.1999969482422,134.09080505371094,1117333
DNB,DNB.OL,2022-06-22,175.39999389648438,177.4499969482422,174.10000610351562,174.64999389648438,132.16114807128906,1551404
DNB,DNB.OL,2022-06-23,174.0500030517578,177.9499969482422,171.9499969482422,175.0,132.42601013183594,1182668
DNB,DNB.OL,2022-06-24,175.9499969482422,176.64999389648438,174.85000610351562,176.0,133.1827392578125,727804
DNB,DNB.OL,2022-06-27,176.25,178.6999969482422,175.64999389648438,178.0,134.6961669921875,935725
DNB,DNB.OL,2022-06-28,179.1999969482422,183.9499969482422,178.89999389648438,183.9499969482422,139.1986541748047,1795299
DNB,DNB.OL,2022-06-29,181.14999389648438,182.0,179.1999969482422,179.3000030517578,135.67991638183594,955201
DNB,DNB.OL,2022-06-30,177.85000610351562,178.75,175.35000610351562,176.5500030517578,133.59893798828125,1443371
DNB,DNB.OL,2022-07-01,176.10000610351562,178.10000610351562,175.0,175.85000610351562,133.06922912597656,975396
DNB,DNB.OL,2022-07-04,177.10000610351562,180.8000030517578,175.8000030517578,180.4499969482422,136.55014038085938,911218
DNB,DNB.OL,2022-07-05,181.10000610351562,182.64999389648438,178.25,179.14999389648438,135.56639099121094,1584730
DNB,DNB.OL,2022-07-06,179.5500030517578,182.0500030517578,178.14999389648438,178.39999389648438,134.9988555908203,1423669
DNB,DNB.OL,2022-07-07,180.35000610351562,181.5500030517578,177.8000030517578,179.85000610351562,136.0961151123047,1345584
DNB,DNB.OL,2022-07-08,180.75,181.85000610351562,179.8000030517578,180.1999969482422,136.3609619140625,1105475
DNB,DNB.OL,2022-07-11,178.25,181.0,177.64999389648438,180.64999389648438,136.70147705078125,1209771
DNB,DNB.OL,2022-07-12,181.1999969482422,188.25,181.10000610351562,187.9499969482422,142.2255401611328,2142780
DNB,DNB.OL,2022-07-13,191.3000030517578,193.39999389648438,184.0500030517578,185.0500030517578,140.0310516357422,1387678
DNB,DNB.OL,2022-07-14,188.10000610351562,190.6999969482422,182.5,182.5,138.10140991210938,1554021
DNB,DNB.OL,2022-07-15,184.5500030517578,184.9499969482422,177.5,179.35000610351562,135.71774291992188,2104655
DNB,DNB.OL,2022-07-18,180.0,185.85000610351562,180.0,185.0,139.9932098388672,1238895
DNB,DNB.OL,2022-07-19,184.5500030517578,187.85000610351562,184.0,187.85000610351562,142.1498565673828,890186
DNB,DNB.OL,2022-07-20,188.6999969482422,189.3000030517578,186.3000030517578,187.8000030517578,142.11203002929688,935176
DNB,DNB.OL,2022-07-21,186.6999969482422,188.5500030517578,185.25,186.39999389648438,141.0526123046875,953580
DNB,DNB.OL,2022-07-22,186.39999389648438,187.60000610351562,184.6999969482422,186.25,140.93911743164062,839357
DNB,DNB.OL,2022-07-25,186.0,188.5,185.60000610351562,187.3000030517578,141.73367309570312,513943
DNB,DNB.OL,2022-07-26,188.0,188.3000030517578,185.6999969482422,186.39999389648438,141.0526123046875,569069
DNB,DNB.OL,2022-07-27,187.0,187.60000610351562,186.3000030517578,186.9499969482422,141.46881103515625,630029
DNB,DNB.OL,2022-07-28,187.85000610351562,189.25,187.3000030517578,188.4499969482422,142.60389709472656,800268
DNB,DNB.OL,2022-07-29,189.0,191.14999389648438,188.75,189.60000610351562,143.47412109375,1223827
DNB,DNB.OL,2022-08-01,189.5,191.35000610351562,189.0,189.0,143.02008056640625,678002
DNB,DNB.OL,2022-08-02,189.1999969482422,190.85000610351562,188.8000030517578,190.0,143.7768096923828,753705
DNB,DNB.OL,2022-08-03,189.60000610351562,191.0500030517578,189.10000610351562,189.9499969482422,143.7389678955078,760625
DNB,DNB.OL,2022-08-04,190.60000610351562,191.8000030517578,189.64999389648438,189.8000030517578,143.62547302246094,607982
DNB,DNB.OL,2022-08-05,190.0,193.35000610351562,190.0,193.35000610351562,146.3118438720703,589480
DNB,DNB.OL,2022-08-08,193.10000610351562,194.39999389648438,191.6999969482422,193.10000610351562,146.12265014648438,651882
DNB,DNB.OL,2022-08-09,192.89999389648438,196.25,192.10000610351562,196.25,148.5063018798828,953746
DNB,DNB.OL,2022-08-10,195.39999389648438,196.85000610351562,195.0,195.75,148.12794494628906,758115
DNB,DNB.OL,2022-08-11,196.4499969482422,196.9499969482422,195.0,196.0,148.31712341308594,723551
DNB,DNB.OL,2022-08-12,196.5,198.5,196.0,196.85000610351562,148.96035766601562,929095
DNB,DNB.OL,2022-08-15,197.0,197.35000610351562,195.0,195.60000610351562,148.0144500732422,531198
DNB,DNB.OL,2022-08-16,196.0500030517578,197.9499969482422,196.0,197.9499969482422,149.79273986816406,766938
DNB,DNB.OL,2022-08-17,198.10000610351562,198.35000610351562,195.6999969482422,197.5500030517578,149.49005126953125,779282
DNB,DNB.OL,2022-08-18,196.60000610351562,197.64999389648438,195.25,196.75,148.88467407226562,542249
DNB,DNB.OL,2022-08-19,196.0,197.64999389648438,194.64999389648438,196.5500030517578,148.73333740234375,1005964
DNB,DNB.OL,2022-08-22,196.0500030517578,197.0,192.4499969482422,192.6999969482422,145.8199462890625,705423
DNB,DNB.OL,2022-08-23,192.5,194.0,191.25,192.89999389648438,145.97129821777344,646877
DNB,DNB.OL,2022-08-24,191.64999389648438,192.89999389648438,190.1999969482422,191.4499969482422,144.87405395507812,801362
DNB,DNB.OL,2022-08-25,192.0,193.64999389648438,190.14999389648438,190.5,144.15516662597656,824006
DNB,DNB.OL,2022-08-26,190.5,191.4499969482422,189.39999389648438,189.85000610351562,143.663330078125,661220
DNB,DNB.OL,2022-08-29,188.0500030517578,188.3000030517578,183.39999389648438,185.5500030517578,140.40940856933594,794090
DNB,DNB.OL,2022-08-30,185.89999389648438,188.0500030517578,184.5500030517578,184.85000610351562,139.87969970703125,697208
DNB,DNB.OL,2022-08-31,185.3000030517578,190.0,183.1999969482422,190.0,143.7768096923828,3882798
DNB,DNB.OL,2022-09-01,187.0,187.4499969482422,183.5,184.6999969482422,139.76620483398438,1182572
DNB,DNB.OL,2022-09-02,185.5500030517578,187.8000030517578,185.0,187.8000030517578,142.11203002929688,619545
DNB,DNB.OL,2022-09-05,189.0,189.0500030517578,184.0500030517578,186.6999969482422,141.27963256835938,741843
DNB,DNB.OL,2022-09-06,186.5500030517578,187.89999389648438,180.60000610351562,181.14999389648438,137.07984924316406,1368269
DNB,DNB.OL,2022-09-07,180.64999389648438,181.10000610351562,176.10000610351562,178.0,134.6961669921875,1237955
DNB,DNB.OL,2022-09-08,179.0,180.6999969482422,177.5500030517578,179.9499969482422,136.17178344726562,939438
DNB,DNB.OL,2022-09-09,181.25,181.35000610351562,178.3000030517578,180.25,136.3988037109375,1560377
DNB,DNB.OL,2022-09-12,181.89999389648438,183.89999389648438,181.0500030517578,183.89999389648438,139.1608123779297,1191155
DNB,DNB.OL,2022-09-13,184.10000610351562,184.10000610351562,180.4499969482422,181.60000610351562,137.42037963867188,1552181
DNB,DNB.OL,2022-09-14,180.5,181.75,179.3000030517578,179.9499969482422,136.17178344726562,1725064
DNB,DNB.OL,2022-09-15,181.0500030517578,184.25,180.75,183.75,139.0473175048828,974217
DNB,DNB.OL,2022-09-16,183.60000610351562,183.9499969482422,180.4499969482422,181.0,136.96633911132812,2687507
DNB,DNB.OL,2022-09-19,180.5,182.10000610351562,177.8000030517578,182.0,137.72305297851562,1660531
DNB,DNB.OL,2022-09-20,182.75,186.39999389648438,182.64999389648438,182.89999389648438,138.4040985107422,1573048
DNB,DNB.OL,2022-09-21,184.0500030517578,186.75,182.1999969482422,183.64999389648438,138.9716339111328,1603929
DNB,DNB.OL,2022-09-22,183.0,186.39999389648438,181.39999389648438,183.5,138.85813903808594,1242513
DNB,DNB.OL,2022-09-23,184.39999389648438,184.39999389648438,176.8000030517578,177.39999389648438,134.2421417236328,1536287
DNB,DNB.OL,2022-09-26,175.75,177.0,173.4499969482422,176.0,133.1827392578125,1458681
DNB,DNB.OL,2022-09-27,175.6999969482422,177.39999389648438,175.0,177.0,133.93943786621094,1869701
DNB,DNB.OL,2022-09-28,174.5,175.3000030517578,168.5500030517578,174.4499969482422,132.0098114013672,2119418
DNB,DNB.OL,2022-09-29,174.0,174.39999389648438,168.5500030517578,169.3000030517578,128.11270141601562,1791400
DNB,DNB.OL,2022-09-30,171.89999389648438,173.25,170.5,172.85000610351562,130.799072265625,1879326
DNB,DNB.OL,2022-10-03,171.39999389648438,173.4499969482422,168.0500030517578,173.4499969482422,131.2530975341797,1838037
DNB,DNB.OL,2022-10-04,174.60000610351562,178.5,173.89999389648438,178.25,134.88534545898438,952698
DNB,DNB.OL,2022-10-05,178.5,179.25,175.39999389648438,177.0,133.93943786621094,1482013
DNB,DNB.OL,2022-10-06,177.25,177.5500030517578,173.9499969482422,174.0500030517578,131.70712280273438,1101424
DNB,DNB.OL,2022-10-07,174.60000610351562,175.75,173.25,174.10000610351562,131.74497985839844,875254
DNB,DNB.OL,2022-10-10,173.0,177.10000610351562,172.8000030517578,176.3000030517578,133.4097442626953,1837424
DNB,DNB.OL,2022-10-11,174.0500030517578,176.64999389648438,174.0,176.10000610351562,133.25839233398438,1640592
DNB,DNB.OL,2022-10-12,176.10000610351562,176.9499969482422,174.25,175.60000610351562,132.8800506591797,1572795
DNB,DNB.OL,2022-10-13,175.60000610351562,179.6999969482422,175.5,177.6999969482422,134.46914672851562,1057852
DNB,DNB.OL,2022-10-14,180.14999389648438,181.5500030517578,177.1999969482422,178.39999389648438,134.9988555908203,1165914
DNB,DNB.OL,2022-10-17,175.6999969482422,178.3000030517578,174.3000030517578,178.0,134.6961669921875,1424513
DNB,DNB.OL,2022-10-18,180.0,183.3000030517578,178.6999969482422,182.89999389648438,138.4040985107422,1141837
DNB,DNB.OL,2022-10-19,184.0,187.1999969482422,184.0,186.0,140.7499237060547,2233671
DNB,DNB.OL,2022-10-20,181.35000610351562,182.9499969482422,172.1999969482422,179.9499969482422,136.17178344726562,3464084
DNB,DNB.OL,2022-10-21,177.35000610351562,178.1999969482422,175.5500030517578,176.89999389648438,133.86376953125,1874133
DNB,DNB.OL,2022-10-24,178.35000610351562,182.39999389648438,177.64999389648438,182.0500030517578,137.76089477539062,1429221
DNB,DNB.OL,2022-10-25,182.5500030517578,182.5500030517578,177.14999389648438,180.0500030517578,136.24745178222656,1313305
DNB,DNB.OL,2022-10-26,180.10000610351562,181.0,178.39999389648438,180.8000030517578,136.81500244140625,1280339
DNB,DNB.OL,2022-10-27,180.89999389648438,181.85000610351562,179.14999389648438,181.85000610351562,137.6095428466797,1296408
DNB,DNB.OL,2022-10-28,180.5500030517578,184.0,179.85000610351562,182.25,137.9122314453125,995448
DNB,DNB.OL,2022-10-31,182.4499969482422,185.0,182.14999389648438,184.0,139.2364959716797,1111863
DNB,DNB.OL,2022-11-01,185.0,186.60000610351562,184.6999969482422,185.35000610351562,140.25807189941406,969460
DNB,DNB.OL,2022-11-02,184.64999389648438,187.60000610351562,180.4499969482422,180.9499969482422,136.92849731445312,1670168
DNB,DNB.OL,2022-11-03,180.0500030517578,181.6999969482422,179.35000610351562,180.89999389648438,136.89065551757812,1085101
DNB,DNB.OL,2022-11-04,183.35000610351562,183.4499969482422,181.35000610351562,182.1999969482422,137.8743896484375,961252
DNB,DNB.OL,2022-11-07,181.0,184.89999389648438,180.60000610351562,180.75,136.7771453857422,837936
DNB,DNB.OL,2022-11-08,181.0,183.5,180.39999389648438,182.8000030517578,138.32843017578125,1021863
DNB,DNB.OL,2022-11-09,182.89999389648438,183.60000610351562,181.39999389648438,182.14999389648438,137.8365478515625,674490
DNB,DNB.OL,2022-11-10,181.0,184.9499969482422,180.39999389648438,184.25,139.42567443847656,1277115
DNB,DNB.OL,2022-11-11,184.5,185.10000610351562,183.39999389648438,184.35000610351562,139.5013427734375,1154126
DNB,DNB.OL,2022-11-14,185.0,187.14999389648438,182.89999389648438,186.14999389648438,140.86343383789062,1376278
DNB,DNB.OL,2022-11-15,185.5,186.10000610351562,183.1999969482422,183.1999969482422,138.63111877441406,2041772
DNB,DNB.OL,2022-11-16,185.0,187.1999969482422,184.35000610351562,185.5500030517578,140.40940856933594,1690230
DNB,DNB.OL,2022-11-17,185.0500030517578,185.60000610351562,180.4499969482422,182.0,137.72305297851562,1456071
DNB,DNB.OL,2022-11-18,182.39999389648438,184.4499969482422,181.60000610351562,184.0500030517578,139.27432250976562,983857
DNB,DNB.OL,2022-11-21,183.1999969482422,184.39999389648438,182.3000030517578,183.0,138.47976684570312,1053482
DNB,DNB.OL,2022-11-22,183.64999389648438,187.64999389648438,183.3000030517578,187.10000610351562,141.5823211669922,1043476
DNB,DNB.OL,2022-11-23,187.8000030517578,188.39999389648438,186.39999389648438,187.5,141.88502502441406,652491
DNB,DNB.OL,2022-11-24,188.4499969482422,189.60000610351562,187.60000610351562,189.60000610351562,143.47412109375,898217
DNB,DNB.OL,2022-11-25,189.85000610351562,189.85000610351562,188.64999389648438,189.25,143.20928955078125,576997
DNB,DNB.OL,2022-11-28,188.5,189.0,187.64999389648438,188.39999389648438,142.56605529785156,611772
DNB,DNB.OL,2022-11-29,188.39999389648438,191.5,187.89999389648438,190.8000030517578,144.38218688964844,921227
DNB,DNB.OL,2022-11-30,190.75,192.0500030517578,189.0,190.5,144.15516662597656,4417105
DNB,DNB.OL,2022-12-01,190.60000610351562,191.75,188.25,190.10000610351562,143.8524932861328,849257
DNB,DNB.OL,2022-12-02,190.10000610351562,190.39999389648438,187.4499969482422,189.9499969482422,143.7389678955078,1150840
DNB,DNB.OL,2022-12-05,189.0500030517578,190.10000610351562,188.4499969482422,188.85000610351562,142.90658569335938,609088
DNB,DNB.OL,2022-12-06,187.60000610351562,188.14999389648438,185.60000610351562,186.3000030517578,140.97694396972656,872681
DNB,DNB.OL,2022-12-07,185.89999389648438,186.0500030517578,181.60000610351562,182.0500030517578,137.76089477539062,1277392
DNB,DNB.OL,2022-12-08,181.75,181.9499969482422,180.1999969482422,180.75,136.7771453857422,1042139
DNB,DNB.OL,2022-12-09,181.0,184.9499969482422,180.35000610351562,184.9499969482422,139.95538330078125,1184924
DNB,DNB.OL,2022-12-12,184.5,185.1999969482422,183.1999969482422,184.25,139.42567443847656,824878
DNB,DNB.OL,2022-12-13,184.0,187.10000610351562,183.5,185.4499969482422,140.33372497558594,1815686
DNB,DNB.OL,2022-12-14,185.0,186.10000610351562,184.1999969482422,185.14999389648438,140.10670471191406,1055606
DNB,DNB.OL,2022-12-15,184.39999389648438,186.9499969482422,184.0,184.8000030517578,139.8418731689453,1262721
DNB,DNB.OL,2022-12-16,183.60000610351562,186.6999969482422,183.14999389648438,185.5500030517578,140.40940856933594,2334171
DNB,DNB.OL,2022-12-19,186.85000610351562,188.8000030517578,186.3000030517578,186.89999389648438,141.43096923828125,1738406
DNB,DNB.OL,2022-12-20,186.6999969482422,187.5,184.64999389648438,186.85000610351562,141.39315795898438,1349935
DNB,DNB.OL,2022-12-21,187.10000610351562,189.85000610351562,186.8000030517578,189.6999969482422,143.54978942871094,1295982
DNB,DNB.OL,2022-12-22,190.0,193.89999389648438,189.85000610351562,192.9499969482422,146.00912475585938,1397849
DNB,DNB.OL,2022-12-23,193.6999969482422,194.64999389648438,192.75,193.39999389648438,146.3496551513672,718682
DNB,DNB.OL,2022-12-27,193.8000030517578,194.5500030517578,193.0500030517578,193.14999389648438,146.16049194335938,350281
DNB,DNB.OL,2022-12-28,193.25,194.1999969482422,192.25,193.5,146.42532348632812,493845
DNB,DNB.OL,2022-12-29,192.6999969482422,194.60000610351562,191.8000030517578,194.14999389648438,146.9171905517578,463978
DNB,DNB.OL,2022-12-30,194.0,195.1999969482422,193.85000610351562,194.4499969482422,147.1442108154297,772945
DNB,DNB.OL,2023-01-02,195.0,197.0500030517578,195.0,195.9499969482422,148.279296875,584246
DNB,DNB.OL,2023-01-03,196.0,198.5500030517578,195.9499969482422,197.8000030517578,149.6792449951172,1877237
DNB,DNB.OL,2023-01-04,197.8000030517578,200.60000610351562,197.4499969482422,200.0,151.34400939941406,1615372
DNB,DNB.OL,2023-01-05,199.85000610351562,201.6999969482422,199.39999389648438,200.39999389648438,151.64669799804688,1753336
DNB,DNB.OL,2023-01-06,200.1999969482422,200.5,198.8000030517578,198.85000610351562,150.47378540039062,967054
DNB,DNB.OL,2023-01-09,200.1999969482422,201.5,199.3000030517578,199.3000030517578,150.81430053710938,1217929
DNB,DNB.OL,2023-01-10,198.1999969482422,198.85000610351562,193.39999389648438,193.39999389648438,146.3496551513672,1902251
DNB,DNB.OL,2023-01-11,189.5500030517578,193.3000030517578,189.5,190.75,144.3443603515625,2394486
DNB,DNB.OL,2023-01-12,192.0,192.64999389648438,191.10000610351562,191.8000030517578,145.13890075683594,1291816
DNB,DNB.OL,2023-01-13,193.3000030517578,193.3000030517578,191.14999389648438,191.39999389648438,144.83621215820312,1214989
DNB,DNB.OL,2023-01-16,188.75,189.75,185.14999389648438,188.14999389648438,142.3768768310547,1647128
DNB,DNB.OL,2023-01-17,187.75,188.60000610351562,185.8000030517578,186.5,141.1282958984375,1439475
DNB,DNB.OL,2023-01-18,184.4499969482422,184.75,182.64999389648438,183.0,138.47976684570312,2238345
DNB,DNB.OL,2023-01-19,182.0,184.3000030517578,181.9499969482422,182.4499969482422,138.06356811523438,1379789
DNB,DNB.OL,2023-01-20,182.35000610351562,183.75,182.35000610351562,183.0,138.47976684570312,1158509
DNB,DNB.OL,2023-01-23,183.6999969482422,185.75,183.3000030517578,185.75,140.5607452392578,1287577
DNB,DNB.OL,2023-01-24,187.0,188.5500030517578,184.89999389648438,185.35000610351562,140.25807189941406,1559482
DNB,DNB.OL,2023-01-25,185.8000030517578,186.8000030517578,185.0,186.0,140.7499237060547,1112412
DNB,DNB.OL,2023-01-26,187.39999389648438,188.0,184.60000610351562,185.0,139.9932098388672,1285508
DNB,DNB.OL,2023-01-27,186.0500030517578,187.35000610351562,184.85000610351562,187.35000610351562,141.77151489257812,1464962
DNB,DNB.OL,2023-01-30,186.89999389648438,187.25,185.5500030517578,185.9499969482422,140.71209716796875,1080805
DNB,DNB.OL,2023-01-31,187.5,188.35000610351562,185.6999969482422,185.9499969482422,140.71209716796875,1629183
DNB,DNB.OL,2023-02-01,187.0,187.85000610351562,186.10000610351562,187.85000610351562,142.1498565673828,1200589
DNB,DNB.OL,2023-02-02,187.8000030517578,188.60000610351562,186.14999389648438,187.0,141.50665283203125,1288083
DNB,DNB.OL,2023-02-03,187.85000610351562,190.14999389648438,187.0,190.0,143.7768096923828,1574397
DNB,DNB.OL,2023-02-06,191.0500030517578,191.0500030517578,188.8000030517578,189.5500030517578,143.43630981445312,1134558
DNB,DNB.OL,2023-02-07,190.0,191.35000610351562,189.6999969482422,190.6999969482422,144.3065185546875,1374894
DNB,DNB.OL,2023-02-08,191.5,191.89999389648438,189.5,190.1999969482422,143.9281463623047,2079473
DNB,DNB.OL,2023-02-09,193.6999969482422,195.0,188.85000610351562,188.85000610351562,142.90658569335938,3403038
DNB,DNB.OL,2023-02-10,190.0500030517578,193.0,189.0,190.3000030517578,144.0038299560547,2077852
DNB,DNB.OL,2023-02-13,191.0500030517578,191.6999969482422,190.5500030517578,191.6999969482422,145.063232421875,1683826
DNB,DNB.OL,2023-02-14,192.0,193.64999389648438,191.5,193.5,146.42532348632812,1913054
DNB,DNB.OL,2023-02-15,193.5,197.0,193.0,196.64999389648438,148.8090057373047,2239092
DNB,DNB.OL,2023-02-16,198.0,198.85000610351562,196.85000610351562,198.35000610351562,150.0954132080078,1228882
DNB,DNB.OL,2023-02-17,197.8000030517578,197.9499969482422,196.5500030517578,197.85000610351562,149.71707153320312,1836502
DNB,DNB.OL,2023-02-20,197.8000030517578,200.60000610351562,197.8000030517578,199.10000610351562,150.6629638671875,1748685
DNB,DNB.OL,2023-02-21,199.10000610351562,200.1999969482422,197.0500030517578,199.9499969482422,151.30618286132812,1619312
DNB,DNB.OL,2023-02-22,199.89999389648438,200.89999389648438,197.75,200.89999389648438,152.0250701904297,2439461
DNB,DNB.OL,2023-02-23,200.89999389648438,206.5,200.6999969482422,206.5,156.2626953125,2315885
DNB,DNB.OL,2023-02-24,207.0,207.1999969482422,204.89999389648438,205.60000610351562,155.58164978027344,1720871
DNB,DNB.OL,2023-02-27,206.39999389648438,209.39999389648438,206.39999389648438,208.89999389648438,158.0788116455078,1577843
DNB,DNB.OL,2023-02-28,208.5,209.0,206.89999389648438,207.60000610351562,157.0950927734375,2502911
DNB,DNB.OL,2023-03-01,206.10000610351562,206.89999389648438,204.39999389648438,204.39999389648438,154.673583984375,1782401
DNB,DNB.OL,2023-03-02,203.8000030517578,206.39999389648438,203.60000610351562,205.3000030517578,155.35462951660156,1628590
DNB,DNB.OL,2023-03-03,206.60000610351562,207.60000610351562,206.10000610351562,207.3000030517578,156.86807250976562,1161764
DNB,DNB.OL,2023-03-06,207.8000030517578,209.5,207.60000610351562,209.5,158.53285217285156,1380819
DNB,DNB.OL,2023-03-07,208.5,209.0,204.10000610351562,204.6999969482422,154.9005889892578,2635353
DNB,DNB.OL,2023-03-08,203.60000610351562,206.10000610351562,203.39999389648438,206.0,155.88433837890625,1406883
DNB,DNB.OL,2023-03-09,205.60000610351562,206.60000610351562,203.8000030517578,203.8000030517578,154.21954345703125,1196897
DNB,DNB.OL,2023-03-10,200.8000030517578,200.89999389648438,196.25,198.25,150.01976013183594,2255744
DNB,DNB.OL,2023-03-13,197.75,198.6999969482422,189.35000610351562,191.10000610351562,144.6092071533203,2500550
DNB,DNB.OL,2023-03-14,189.6999969482422,195.5,189.10000610351562,194.1999969482422,146.9550323486328,2255425
DNB,DNB.OL,2023-03-15,194.0500030517578,194.75,184.5500030517578,185.60000610351562,140.447265625,2165353
DNB,DNB.OL,2023-03-16,188.0,190.0,182.89999389648438,184.89999389648438,139.91754150390625,2540391
DNB,DNB.OL,2023-03-17,186.1999969482422,190.75,182.35000610351562,183.85000610351562,139.1230010986328,4769445
DNB,DNB.OL,2023-03-20,180.0,188.10000610351562,177.4499969482422,187.5500030517578,141.92283630371094,2792608
DNB,DNB.OL,2023-03-21,186.35000610351562,189.85000610351562,186.3000030517578,188.25,142.45254516601562,2789839
DNB,DNB.OL,2023-03-22,188.39999389648438,191.5,186.4499969482422,189.6999969482422,143.54978942871094,1466188
DNB,DNB.OL,2023-03-23,188.39999389648438,188.5500030517578,185.1999969482422,185.8000030517578,140.5985870361328,1902276
DNB,DNB.OL,2023-03-24,184.5500030517578,184.5500030517578,179.25,180.60000610351562,136.66363525390625,1962716
DNB,DNB.OL,2023-03-27,183.10000610351562,185.8000030517578,182.14999389648438,182.9499969482422,138.4419403076172,1405538
DNB,DNB.OL,2023-03-28,184.89999389648438,185.3000030517578,181.14999389648438,182.89999389648438,138.4040985107422,1392579
DNB,DNB.OL,2023-03-29,183.3000030517578,185.10000610351562,183.10000610351562,184.75,139.8040313720703,1350459
DNB,DNB.OL,2023-03-30,185.6999969482422,189.60000610351562,185.6999969482422,187.5500030517578,141.92283630371094,1711696
DNB,DNB.OL,2023-03-31,188.60000610351562,188.6999969482422,185.4499969482422,187.35000610351562,141.77151489257812,1633745
DNB,DNB.OL,2023-04-03,189.14999389648438,191.3000030517578,188.8000030517578,191.0,144.53355407714844,1343427
DNB,DNB.OL,2023-04-04,191.75,192.4499969482422,189.89999389648438,189.89999389648438,143.7011260986328,1324417
DNB,DNB.OL,2023-04-05,190.5,190.85000610351562,187.9499969482422,190.14999389648438,143.89031982421875,1067312
DNB,DNB.OL,2023-04-11,190.5500030517578,194.1999969482422,190.4499969482422,194.1999969482422,146.9550323486328,2069522
DNB,DNB.OL,2023-04-12,194.0,195.39999389648438,193.5,193.89999389648438,146.72799682617188,1242318
DNB,DNB.OL,2023-04-13,193.6999969482422,194.5,192.0,193.0,146.04696655273438,1319710
DNB,DNB.OL,2023-04-14,194.6999969482422,198.1999969482422,193.85000610351562,197.89999389648438,149.75489807128906,1222472
DNB,DNB.OL,2023-04-17,198.5,198.85000610351562,195.14999389648438,195.5500030517578,147.9766082763672,980997
DNB,DNB.OL,2023-04-18,197.0500030517578,197.60000610351562,195.89999389648438,197.60000610351562,149.52789306640625,1548645
DNB,DNB.OL,2023-04-19,199.0,201.5,198.35000610351562,201.3000030517578,152.3277587890625,1698542
DNB,DNB.OL,2023-04-20,201.5,204.89999389648438,201.0,201.60000610351562,152.55477905273438,1544415
DNB,DNB.OL,2023-04-21,200.0,201.6999969482422,198.0,199.25,150.77647399902344,1546782
DNB,DNB.OL,2023-04-24,199.4499969482422,201.60000610351562,199.14999389648438,200.89999389648438,152.0250701904297,1700366
DNB,DNB.OL,2023-04-25,200.6999969482422,200.89999389648438,198.1999969482422,187.4499969482422,141.84718322753906,1845396
DNB,DNB.OL,2023-04-26,188.14999389648438,189.60000610351562,184.10000610351562,185.1999969482422,150.15773010253906,2871727
DNB,DNB.OL,2023-04-27,180.85000610351562,184.5,179.89999389648438,184.10000610351562,149.265869140625,2398760
DNB,DNB.OL,2023-04-28,186.5,187.1999969482422,183.64999389648438,187.1999969482422,151.77931213378906,2307381
DNB,DNB.OL,2023-05-02,187.9499969482422,189.35000610351562,186.5500030517578,187.0,151.61715698242188,1325221
DNB,DNB.OL,2023-05-03,186.35000610351562,187.75,185.14999389648438,187.75,152.22525024414062,1728741
DNB,DNB.OL,2023-05-04,186.0,187.10000610351562,183.14999389648438,183.14999389648438,148.49562072753906,1492967
DNB,DNB.OL,2023-05-05,185.14999389648438,185.89999389648438,183.64999389648438,185.39999389648438,150.3199005126953,1231953
DNB,DNB.OL,2023-05-08,185.85000610351562,187.0500030517578,185.5500030517578,186.1999969482422,150.96852111816406,1050029
DNB,DNB.OL,2023-05-09,186.6999969482422,187.25,184.85000610351562,185.85000610351562,150.6847686767578,1361403
DNB,DNB.OL,2023-05-10,187.35000610351562,187.5,183.3000030517578,184.14999389648438,149.30641174316406,1553830
DNB,DNB.OL,2023-05-11,184.14999389648438,185.5,181.1999969482422,182.4499969482422,147.92807006835938,2383056
DNB,DNB.OL,2023-05-12,183.0,184.85000610351562,182.5500030517578,184.14999389648438,149.30641174316406,1212467
DNB,DNB.OL,2023-05-15,185.0,185.8000030517578,183.64999389648438,185.75,150.60366821289062,1379215
DNB,DNB.OL,2023-05-16,186.5500030517578,186.5500030517578,184.14999389648438,184.25,149.3874969482422,1557862
DNB,DNB.OL,2023-05-19,186.4499969482422,187.14999389648438,185.25,187.14999389648438,151.73876953125,1927814
DNB,DNB.OL,2023-05-22,186.5500030517578,188.6999969482422,186.39999389648438,187.35000610351562,151.90093994140625,1331163
DNB,DNB.OL,2023-05-23,187.9499969482422,188.6999969482422,186.39999389648438,188.0,152.42794799804688,1318918
DNB,DNB.OL,2023-05-24,187.10000610351562,187.25,184.35000610351562,184.64999389648438,149.71180725097656,1210974
DNB,DNB.OL,2023-05-25,184.6999969482422,187.3000030517578,184.25,186.6999969482422,151.37391662597656,1480908
DNB,DNB.OL,2023-05-26,185.64999389648438,186.35000610351562,184.0500030517578,185.85000610351562,150.6847686767578,810842
DNB,DNB.OL,2023-05-30,185.3000030517578,187.0500030517578,185.0500030517578,185.1999969482422,150.15773010253906,757013
DNB,DNB.OL,2023-05-31,184.25,186.8000030517578,183.75,185.8000030517578,150.6442108154297,2937289
DNB,DNB.OL,2023-06-01,185.8000030517578,189.35000610351562,185.5500030517578,187.3000030517578,151.8603973388672,1499130
DNB,DNB.OL,2023-06-02,188.10000610351562,190.6999969482422,187.85000610351562,190.5500030517578,154.49545288085938,1163682
DNB,DNB.OL,2023-06-05,191.9499969482422,192.60000610351562,191.10000610351562,191.3000030517578,155.10354614257812,944857
DNB,DNB.OL,2023-06-06,191.14999389648438,192.14999389648438,190.0,192.14999389648438,155.79269409179688,832670
DNB,DNB.OL,2023-06-07,192.3000030517578,194.4499969482422,192.25,193.5500030517578,156.9278106689453,1371860
DNB,DNB.OL,2023-06-08,194.0500030517578,196.10000610351562,193.8000030517578,195.85000610351562,158.79261779785156,1100678
DNB,DNB.OL,2023-06-09,195.9499969482422,195.9499969482422,193.89999389648438,194.1999969482422,157.45481872558594,1131365
DNB,DNB.OL,2023-06-12,194.1999969482422,195.0,191.85000610351562,192.4499969482422,156.03594970703125,1661352
DNB,DNB.OL,2023-06-13,192.6999969482422,193.3000030517578,191.5,193.3000030517578,156.72511291503906,1279488
DNB,DNB.OL,2023-06-14,192.0,195.10000610351562,191.5,192.89999389648438,156.4008026123047,1553464
DNB,DNB.OL,2023-06-15,191.10000610351562,194.39999389648438,190.85000610351562,192.6999969482422,156.23863220214844,1230005
DNB,DNB.OL,2023-06-16,193.10000610351562,196.1999969482422,192.89999389648438,195.5,158.50885009765625,3031233
DNB,DNB.OL,2023-06-19,195.25,195.4499969482422,193.9499969482422,194.6999969482422,157.86021423339844,707186
DNB,DNB.OL,2023-06-20,194.10000610351562,196.5500030517578,193.75,196.14999389648438,159.03585815429688,920077
DNB,DNB.OL,2023-06-21,194.0,197.35000610351562,193.4499969482422,195.8000030517578,158.7520751953125,1215031
DNB,DNB.OL,2023-06-22,195.0500030517578,195.0500030517578,192.1999969482422,193.39999389648438,156.80618286132812,1595819
DNB,DNB.OL,2023-06-23,192.14999389648438,192.6999969482422,190.9499969482422,190.9499969482422,154.81976318359375,1253801
DNB,DNB.OL,2023-06-26,191.4499969482422,193.5,188.4499969482422,193.0,156.48187255859375,1352563
DNB,DNB.OL,2023-06-27,193.5,194.39999389648438,192.64999389648438,194.10000610351562,157.37374877929688,996461
DNB,DNB.OL,2023-06-28,194.39999389648438,197.60000610351562,194.39999389648438,197.5,160.1304168701172,1441829
DNB,DNB.OL,2023-06-29,198.4499969482422,201.3000030517578,197.25,201.0,162.96817016601562,1707095
DNB,DNB.OL,2023-06-30,201.1999969482422,201.60000610351562,200.3000030517578,200.6999969482422,162.72491455078125,1517355
DNB,DNB.OL,2023-07-03,201.0,202.60000610351562,201.0,202.3000030517578,164.02220153808594,1313614
DNB,DNB.OL,2023-07-04,202.8000030517578,203.6999969482422,201.1999969482422,201.5,163.37356567382812,550935
DNB,DNB.OL,2023-07-05,201.39999389648438,201.6999969482422,200.5,200.8000030517578,162.80601501464844,1077108
DNB,DNB.OL,2023-07-06,199.1999969482422,200.5,198.9499969482422,199.1999969482422,161.50875854492188,999785
DNB,DNB.OL,2023-07-07,198.10000610351562,199.1999969482422,197.10000610351562,199.10000610351562,161.42767333984375,1396630
DNB,DNB.OL,2023-07-10,198.75,199.75,197.64999389648438,197.6999969482422,160.29257202148438,1400575
DNB,DNB.OL,2023-07-11,197.89999389648438,200.39999389648438,196.89999389648438,200.39999389648438,162.481689453125,1921099
DNB,DNB.OL,2023-07-12,196.0,199.0,195.5500030517578,196.6999969482422,159.48178100585938,2670343
DNB,DNB.OL,2023-07-13,196.25,199.89999389648438,195.75,198.1999969482422,160.69796752929688,2222854
DNB,DNB.OL,2023-07-14,199.1999969482422,199.89999389648438,197.75,199.10000610351562,161.42767333984375,1175308
DNB,DNB.OL,2023-07-17,199.60000610351562,201.60000610351562,198.6999969482422,201.10000610351562,163.0492706298828,1333712
DNB,DNB.OL,2023-07-18,201.10000610351562,202.39999389648438,200.5,201.5,163.37356567382812,1407663
DNB,DNB.OL,2023-07-19,202.39999389648438,204.1999969482422,201.8000030517578,203.0,164.58975219726562,1499374
DNB,DNB.OL,2023-07-20,203.5,205.1999969482422,202.1999969482422,204.8000030517578,166.04917907714844,1374151
DNB,DNB.OL,2023-07-21,206.0,207.5,205.39999389648438,207.1999969482422,167.9950408935547,1697083
DNB,DNB.OL,2023-07-24,206.0,207.8000030517578,205.6999969482422,207.8000030517578,168.48153686523438,791741
DNB,DNB.OL,2023-07-25,208.0,209.6999969482422,206.10000610351562,206.6999969482422,167.58966064453125,1221568
DNB,DNB.OL,2023-07-26,206.3000030517578,207.1999969482422,204.5,206.3000030517578,167.26535034179688,959333
DNB,DNB.OL,2023-07-27,206.39999389648438,208.60000610351562,206.39999389648438,208.5,169.049072265625,1018436
DNB,DNB.OL,2023-07-28,208.5,209.39999389648438,207.60000610351562,208.39999389648438,168.96800231933594,883123
DNB,DNB.OL,2023-07-31,208.39999389648438,209.10000610351562,208.0,209.10000610351562,169.53555297851562,1370028
DNB,DNB.OL,2023-08-01,208.10000610351562,209.0,207.39999389648438,208.6999969482422,169.2112274169922,869504
DNB,DNB.OL,2023-08-02,206.3000030517578,207.6999969482422,203.8000030517578,206.5,167.42750549316406,1256630
DNB,DNB.OL,2023-08-03,205.5,207.39999389648438,205.10000610351562,207.39999389648438,168.15719604492188,1358048
DNB,DNB.OL,2023-08-04,208.5,209.1999969482422,207.39999389648438,208.89999389648438,169.37338256835938,2102510
DNB,DNB.OL,2023-08-07,208.6999969482422,209.1999969482422,207.39999389648438,208.6999969482422,169.2112274169922,1185733
DNB,DNB.OL,2023-08-08,206.5,208.0,205.0,205.5,166.61671447753906,2024268
DNB,DNB.OL,2023-08-09,207.39999389648438,207.89999389648438,206.8000030517578,207.1999969482422,167.9950408935547,1226105
DNB,DNB.OL,2023-08-10,207.1999969482422,212.10000610351562,207.10000610351562,211.89999389648438,171.80575561523438,1624588
DNB,DNB.OL,2023-08-11,211.1999969482422,212.8000030517578,210.60000610351562,212.1999969482422,172.04898071289062,1297614
DNB,DNB.OL,2023-08-14,211.0,212.8000030517578,210.6999969482422,211.89999389648438,171.80575561523438,1007599
DNB,DNB.OL,2023-08-15,212.5,212.6999969482422,210.3000030517578,210.8000030517578,170.91387939453125,1141468
DNB,DNB.OL,2023-08-16,209.6999969482422,211.8000030517578,208.6999969482422,211.0,171.07603454589844,851632
DNB,DNB.OL,2023-08-17,210.5,211.8000030517578,210.1999969482422,211.3000030517578,171.3192901611328,898105
DNB,DNB.OL,2023-08-18,210.39999389648438,210.6999969482422,208.8000030517578,209.39999389648438,169.77877807617188,2057692
DNB,DNB.OL,2023-08-21,209.60000610351562,211.6999969482422,209.3000030517578,209.3000030517578,169.6977081298828,1201623
DNB,DNB.OL,2023-08-22,210.10000610351562,211.1999969482422,209.3000030517578,209.89999389648438,170.1841583251953,1053945
DNB,DNB.OL,2023-08-23,209.8000030517578,210.39999389648438,208.1999969482422,209.60000610351562,169.94093322753906,1634277
DNB,DNB.OL,2023-08-24,209.6999969482422,211.10000610351562,209.60000610351562,210.60000610351562,170.75172424316406,944403
DNB,DNB.OL,2023-08-25,210.39999389648438,211.5,209.8000030517578,210.3000030517578,170.50848388671875,1130431
DNB,DNB.OL,2023-08-28,211.6999969482422,213.1999969482422,211.39999389648438,212.60000610351562,172.37330627441406,733039
DNB,DNB.OL,2023-08-29,211.8000030517578,212.3000030517578,210.6999969482422,211.0,171.07603454589844,1499747
DNB,DNB.OL,2023-08-30,211.5,212.1999969482422,210.6999969482422,210.6999969482422,170.83279418945312,1438509
DNB,DNB.OL,2023-08-31,211.6999969482422,211.6999969482422,210.10000610351562,210.60000610351562,170.75172424316406,3100160
DNB,DNB.OL,2023-09-01,211.0,211.6999969482422,210.10000610351562,210.60000610351562,170.75172424316406,808720
DNB,DNB.OL,2023-09-04,210.5,212.39999389648438,209.3000030517578,209.8000030517578,170.1031036376953,1180122
DNB,DNB.OL,2023-09-05,209.5,212.6999969482422,208.8000030517578,211.1999969482422,171.2382049560547,1370363
DNB,DNB.OL,2023-09-06,211.0,211.6999969482422,209.10000610351562,210.1999969482422,170.4274139404297,1020750
DNB,DNB.OL,2023-09-07,209.6999969482422,211.60000610351562,209.39999389648438,210.10000610351562,170.34632873535156,1187754
DNB,DNB.OL,2023-09-08,210.0,210.8000030517578,208.5,209.60000610351562,169.94093322753906,915803
DNB,DNB.OL,2023-09-11,210.0,211.3000030517578,209.5,210.89999389648438,170.9949493408203,1237166
DNB,DNB.OL,2023-09-12,211.1999969482422,213.6999969482422,211.10000610351562,213.10000610351562,172.77870178222656,2311677
DNB,DNB.OL,2023-09-13,213.8000030517578,214.89999389648438,213.5,213.8000030517578,173.34625244140625,1572395
DNB,DNB.OL,2023-09-14,214.5,218.0,214.10000610351562,218.0,176.75155639648438,1910923
DNB,DNB.OL,2023-09-15,218.0,219.39999389648438,218.0,219.10000610351562,177.64341735839844,4198614
DNB,DNB.OL,2023-09-18,219.0,220.3000030517578,218.1999969482422,218.39999389648438,177.07586669921875,1001303
DNB,DNB.OL,2023-09-19,217.6999969482422,218.60000610351562,216.39999389648438,217.5,176.34616088867188,1676804
DNB,DNB.OL,2023-09-20,217.5,218.3000030517578,216.0,217.5,176.34616088867188,1797478
DNB,DNB.OL,2023-09-21,217.5,219.0,217.0,219.0,177.5623321533203,1328502
DNB,DNB.OL,2023-09-22,218.0,218.6999969482422,217.0,217.60000610351562,176.42723083496094,1181327
DNB,DNB.OL,2023-09-25,217.0,218.89999389648438,215.1999969482422,215.8000030517578,174.9678192138672,1292706
DNB,DNB.OL,2023-09-26,215.8000030517578,216.39999389648438,214.1999969482422,215.0,174.31918334960938,1314678
DNB,DNB.OL,2023-09-27,215.0,218.1999969482422,214.8000030517578,216.6999969482422,175.69752502441406,1629899
DNB,DNB.OL,2023-09-28,217.0,218.5,216.8000030517578,217.60000610351562,176.42723083496094,1337636
DNB,DNB.OL,2023-09-29,217.6999969482422,217.8000030517578,215.60000610351562,215.60000610351562,174.80567932128906,2630387
DNB,DNB.OL,2023-10-02,216.5,216.8000030517578,214.89999389648438,214.89999389648438,174.2381134033203,1964901
DNB,DNB.OL,2023-10-03,214.8000030517578,216.10000610351562,212.10000610351562,212.8000030517578,172.53546142578125,1275096
DNB,DNB.OL,2023-10-04,212.0,213.5,210.6999969482422,212.10000610351562,171.96792602539062,1388891
DNB,DNB.OL,2023-10-05,212.5,212.5,209.3000030517578,210.39999389648438,170.5895538330078,1758256
DNB,DNB.OL,2023-10-06,210.39999389648438,213.3000030517578,209.89999389648438,212.39999389648438,172.21115112304688,1103857
DNB,DNB.OL,2023-10-09,212.89999389648438,214.8000030517578,212.39999389648438,214.10000610351562,173.5894775390625,1201612
DNB,DNB.OL,2023-10-10,214.89999389648438,217.10000610351562,214.8000030517578,217.0,175.94076538085938,1448621
DNB,DNB.OL,2023-10-11,216.3000030517578,218.3000030517578,215.60000610351562,218.3000030517578,176.9947967529297,1447874
DNB,DNB.OL,2023-10-12,218.1999969482422,220.3000030517578,217.8000030517578,220.10000610351562,178.45420837402344,1274490
DNB,DNB.OL,2023-10-13,219.0,221.1999969482422,218.0,219.39999389648438,177.88665771484375,1857614
DNB,DNB.OL,2023-10-16,220.0,220.89999389648438,219.5,220.10000610351562,178.45420837402344,1293466
DNB,DNB.OL,2023-10-17,220.39999389648438,220.89999389648438,219.39999389648438,219.60000610351562,178.04881286621094,1409796
DNB,DNB.OL,2023-10-18,219.0,224.39999389648438,218.89999389648438,223.3000030517578,181.04872131347656,2533719
DNB,DNB.OL,2023-10-19,214.3000030517578,217.0,207.3000030517578,207.60000610351562,168.31936645507812,6047377
DNB,DNB.OL,2023-10-20,206.10000610351562,208.6999969482422,204.1999969482422,206.0,167.02210998535156,2127629
DNB,DNB.OL,2023-10-23,207.0,207.5,205.5,206.0,167.02210998535156,1670965
DNB,DNB.OL,2023-10-24,205.3000030517578,205.6999969482422,203.39999389648438,203.89999389648438,165.31944274902344,1689693
DNB,DNB.OL,2023-10-25,203.8000030517578,204.39999389648438,199.89999389648438,200.0,162.15737915039062,2066148
DNB,DNB.OL,2023-10-26,199.85000610351562,201.0,196.89999389648438,200.39999389648438,162.481689453125,1944508
DNB,DNB.OL,2023-10-27,201.10000610351562,202.6999969482422,200.10000610351562,200.5,162.56277465820312,1232147
DNB,DNB.OL,2023-10-30,200.60000610351562,201.8000030517578,200.1999969482422,200.89999389648438,162.88710021972656,1187325
DNB,DNB.OL,2023-10-31,201.0,202.0,200.3000030517578,201.3000030517578,163.21142578125,2111721
DNB,DNB.OL,2023-11-01,201.6999969482422,202.0,198.5,199.25,161.54930114746094,1710886
DNB,DNB.OL,2023-11-02,199.89999389648438,200.39999389648438,196.6999969482422,199.39999389648438,161.67091369628906,1907620
DNB,DNB.OL,2023-11-03,200.1999969482422,200.89999389648438,198.6999969482422,198.9499969482422,161.30604553222656,2067181
DNB,DNB.OL,2023-11-06,198.5,199.9499969482422,198.39999389648438,199.0,161.3466033935547,1440862
DNB,DNB.OL,2023-11-07,199.0,199.39999389648438,197.0,198.4499969482422,160.90066528320312,1538081
DNB,DNB.OL,2023-11-08,198.89999389648438,199.35000610351562,197.35000610351562,198.9499969482422,161.30604553222656,1427213
DNB,DNB.OL,2023-11-09,199.0,201.0,197.9499969482422,200.5,162.56277465820312,1389645
DNB,DNB.OL,2023-11-10,200.6999969482422,201.8000030517578,199.89999389648438,200.39999389648438,162.481689453125,1045479
DNB,DNB.OL,2023-11-13,200.89999389648438,203.1999969482422,200.89999389648438,203.1999969482422,164.7519073486328,1267523
DNB,DNB.OL,2023-11-14,202.89999389648438,204.0,201.8000030517578,204.0,165.40052795410156,1342065
DNB,DNB.OL,2023-11-15,204.1999969482422,205.6999969482422,203.5,205.10000610351562,166.29241943359375,1381974
DNB,DNB.OL,2023-11-16,204.5,204.89999389648438,201.3000030517578,201.60000610351562,163.45465087890625,1741047
DNB,DNB.OL,2023-11-17,202.10000610351562,204.3000030517578,202.10000610351562,203.5,164.99513244628906,1485035
DNB,DNB.OL,2023-11-20,203.8000030517578,205.8000030517578,203.8000030517578,205.3000030517578,166.45455932617188,1395342
DNB,DNB.OL,2023-11-21,204.3000030517578,204.60000610351562,202.60000610351562,203.10000610351562,164.6708221435547,1041997
DNB,DNB.OL,2023-11-22,202.10000610351562,204.3000030517578,202.10000610351562,203.8000030517578,165.23837280273438,1583700
DNB,DNB.OL,2023-11-23,204.0,206.89999389648438,204.0,206.8000030517578,167.6707305908203,955840
DNB,DNB.OL,2023-11-24,206.60000610351562,207.10000610351562,205.8000030517578,207.10000610351562,167.91397094726562,787520
DNB,DNB.OL,2023-11-27,206.6999969482422,207.3000030517578,205.60000610351562,205.89999389648438,166.94102478027344,940205
DNB,DNB.OL,2023-11-28,205.5,207.0,205.5,205.6999969482422,166.77886962890625,1024286
DNB,DNB.OL,2023-11-29,205.6999969482422,206.0,204.1999969482422,204.8000030517578,166.04917907714844,1213035
DNB,DNB.OL,2023-11-30,205.0,206.89999389648438,203.60000610351562,206.10000610351562,167.10317993164062,3524719
DNB,DNB.OL,2023-12-01,206.8000030517578,207.1999969482422,205.89999389648438,206.5,167.42750549316406,1279031
DNB,DNB.OL,2023-12-04,206.5,207.39999389648438,206.3000030517578,207.1999969482422,167.9950408935547,1255557
DNB,DNB.OL,2023-12-05,206.8000030517578,210.39999389648438,206.3000030517578,209.6999969482422,170.0220184326172,1574309
DNB,DNB.OL,2023-12-06,209.5,213.5,209.5,213.0,172.69761657714844,1698477
DNB,DNB.OL,2023-12-07,213.5,214.89999389648438,211.3000030517578,212.39999389648438,172.21115112304688,2021897
DNB,DNB.OL,2023-12-08,208.89999389648438,209.6999969482422,205.6999969482422,208.8000030517578,169.2923126220703,2252688
DNB,DNB.OL,2023-12-11,209.6999969482422,210.3000030517578,208.60000610351562,210.10000610351562,170.34632873535156,1556669
DNB,DNB.OL,2023-12-12,210.5,212.10000610351562,209.5,210.0,170.2652587890625,1576756
DNB,DNB.OL,2023-12-13,209.5,210.8000030517578,209.0,209.5,169.85986328125,1298243
DNB,DNB.OL,2023-12-14,210.3000030517578,212.1999969482422,210.0,210.39999389648438,170.5895538330078,1663274
DNB,DNB.OL,2023-12-15,210.39999389648438,212.3000030517578,210.3000030517578,210.89999389648438,170.9949493408203,2515449
DNB,DNB.OL,2023-12-18,211.60000610351562,213.39999389648438,210.39999389648438,210.89999389648438,170.9949493408203,1731082
DNB,DNB.OL,2023-12-19,211.0,211.6999969482422,209.89999389648438,210.89999389648438,170.9949493408203,1749075
DNB,DNB.OL,2023-12-20,210.6999969482422,212.89999389648438,209.8000030517578,210.5,170.670654296875,1342147
DNB,DNB.OL,2023-12-21,209.5,210.5,209.1999969482422,209.8000030517578,170.1031036376953,1026881
DNB,DNB.OL,2023-12-22,210.6999969482422,211.5,210.10000610351562,211.10000610351562,171.15711975097656,695226
DNB,DNB.OL,2023-12-27,211.39999389648438,214.3000030517578,211.39999389648438,214.3000030517578,173.7516326904297,782215
DNB,DNB.OL,2023-12-28,214.1999969482422,214.3000030517578,213.10000610351562,214.0,173.50840759277344,821756
DNB,DNB.OL,2023-12-29,214.5,216.0,213.89999389648438,216.0,175.12997436523438,682695
DNB,DNB.OL,2024-01-02,214.89999389648438,216.10000610351562,211.89999389648438,213.10000610351562,172.77870178222656,1464006
DNB,DNB.OL,2024-01-03,214.0,215.6999969482422,213.3000030517578,213.8000030517578,173.34625244140625,1402888
DNB,DNB.OL,2024-01-04,214.1999969482422,216.8000030517578,214.1999969482422,216.6999969482422,175.69752502441406,1929598
DNB,DNB.OL,2024-01-05,215.0,216.6999969482422,214.89999389648438,215.5,174.72457885742188,1547151
DNB,DNB.OL,2024-01-08,215.3000030517578,217.3000030517578,215.3000030517578,216.39999389648438,175.45428466796875,1131332
DNB,DNB.OL,2024-01-09,216.89999389648438,217.0,215.3000030517578,216.0,175.12997436523438,848906
DNB,DNB.OL,2024-01-10,214.8000030517578,215.3000030517578,213.60000610351562,214.60000610351562,173.99488830566406,1214967
DNB,DNB.OL,2024-01-11,215.3000030517578,216.60000610351562,215.0,215.0,174.31918334960938,1128582
DNB,DNB.OL,2024-01-12,215.6999969482422,218.5,215.6999969482422,216.60000610351562,175.616455078125,1406987
DNB,DNB.OL,2024-01-15,217.1999969482422,217.8000030517578,215.89999389648438,216.0,175.12997436523438,1028558
DNB,DNB.OL,2024-01-16,214.60000610351562,214.60000610351562,209.60000610351562,210.1999969482422,170.4274139404297,1749916
DNB,DNB.OL,2024-01-17,208.6999969482422,208.6999969482422,206.39999389648438,207.6999969482422,168.40045166015625,1420105
DNB,DNB.OL,2024-01-18,208.0,210.8000030517578,207.39999389648438,210.5,170.670654296875,1285262
DNB,DNB.OL,2024-01-19,211.39999389648438,212.8000030517578,211.39999389648438,212.8000030517578,172.53546142578125,1596932
DNB,DNB.OL,2024-01-22,213.1999969482422,216.60000610351562,213.1999969482422,216.60000610351562,175.616455078125,1740697
DNB,DNB.OL,2024-01-23,217.0,217.6999969482422,214.10000610351562,214.8000030517578,174.15704345703125,1479774
DNB,DNB.OL,2024-01-24,215.5,215.89999389648438,214.3000030517578,214.3000030517578,173.7516326904297,1219726
DNB,DNB.OL,2024-01-25,214.0,215.10000610351562,213.1999969482422,214.6999969482422,174.07595825195312,1485625
DNB,DNB.OL,2024-01-26,214.89999389648438,216.60000610351562,214.1999969482422,215.0,174.31918334960938,1503748
DNB,DNB.OL,2024-01-29,214.8000030517578,215.1999969482422,211.60000610351562,211.6999969482422,171.64358520507812,1465833
DNB,DNB.OL,2024-01-30,210.60000610351562,211.6999969482422,209.6999969482422,211.10000610351562,171.15711975097656,2241047
DNB,DNB.OL,2024-01-31,207.0,210.5,204.5,205.10000610351562,166.29241943359375,3635189
DNB,DNB.OL,2024-02-01,206.0,207.0,204.60000610351562,205.1999969482422,166.37347412109375,2068571
DNB,DNB.OL,2024-02-02,205.1999969482422,208.39999389648438,205.1999969482422,207.5,168.23828125,1612333
DNB,DNB.OL,2024-02-05,208.6999969482422,208.6999969482422,205.39999389648438,205.39999389648438,166.53562927246094,1344266
DNB,DNB.OL,2024-02-06,206.10000610351562,206.60000610351562,205.10000610351562,205.39999389648438,166.53562927246094,1166473
DNB,DNB.OL,2024-02-07,205.0,207.10000610351562,202.8000030517578,202.8000030517578,164.42758178710938,1737863
DNB,DNB.OL,2024-02-08,203.39999389648438,203.6999969482422,200.8000030517578,201.3000030517578,163.21142578125,1170616
DNB,DNB.OL,2024-02-09,200.89999389648438,201.39999389648438,200.10000610351562,200.8000030517578,162.80601501464844,1330137
DNB,DNB.OL,2024-02-12,201.1999969482422,202.1999969482422,200.6999969482422,201.8000030517578,163.61680603027344,1160680
DNB,DNB.OL,2024-02-13,201.89999389648438,203.10000610351562,201.10000610351562,201.6999969482422,163.5357208251953,1407213
DNB,DNB.OL,2024-02-14,202.3000030517578,205.3000030517578,202.10000610351562,204.8000030517578,166.04917907714844,1409034
DNB,DNB.OL,2024-02-15,204.39999389648438,204.89999389648438,203.10000610351562,203.60000610351562,165.0762176513672,1189228
DNB,DNB.OL,2024-02-16,204.10000610351562,206.60000610351562,204.10000610351562,206.10000610351562,167.10317993164062,1384133
DNB,DNB.OL,2024-02-19,207.10000610351562,207.5,205.6999969482422,206.8000030517578,167.6707305908203,1131729
DNB,DNB.OL,2024-02-20,206.5,208.6999969482422,206.5,208.60000610351562,169.1301727294922,1833399
DNB,DNB.OL,2024-02-21,207.10000610351562,207.60000610351562,205.0,205.0,166.21131896972656,1588242
DNB,DNB.OL,2024-02-22,205.6999969482422,207.60000610351562,204.6999969482422,205.39999389648438,166.53562927246094,1103457
DNB,DNB.OL,2024-02-23,206.3000030517578,207.3000030517578,205.39999389648438,207.3000030517578,168.0761260986328,1126023
DNB,DNB.OL,2024-02-26,207.0,208.6999969482422,206.8000030517578,207.0,167.83290100097656,1074512
DNB,DNB.OL,2024-02-27,207.0,209.8000030517578,207.0,209.6999969482422,170.0220184326172,1086433
DNB,DNB.OL,2024-02-28,209.6999969482422,212.0,209.5,211.3000030517578,171.3192901611328,1030213
DNB,DNB.OL,2024-02-29,211.10000610351562,212.8000030517578,210.89999389648438,212.3000030517578,172.13006591796875,2696112
DNB,DNB.OL,2024-03-01,212.89999389648438,214.8000030517578,212.39999389648438,213.10000610351562,172.77870178222656,960866
DNB,DNB.OL,2024-03-04,213.3000030517578,213.60000610351562,211.3000030517578,212.5,172.29222106933594,799613
DNB,DNB.OL,2024-03-05,212.39999389648438,213.6999969482422,211.8000030517578,213.39999389648438,173.02191162109375,796906
DNB,DNB.OL,2024-03-06,213.10000610351562,213.8000030517578,212.39999389648438,213.3000030517578,172.94085693359375,924530
DNB,DNB.OL,2024-03-07,213.3000030517578,214.1999969482422,211.39999389648438,211.6999969482422,171.64358520507812,1017180
DNB,DNB.OL,2024-03-08,212.0,213.0,211.0,212.5,172.29222106933594,594105
DNB,DNB.OL,2024-03-11,212.0,212.89999389648438,209.89999389648438,209.89999389648438,170.1841583251953,1030446
DNB,DNB.OL,2024-03-12,211.0,212.8000030517578,211.0,212.5,172.29222106933594,1231711
DNB,DNB.OL,2024-03-13,212.60000610351562,212.6999969482422,211.3000030517578,212.10000610351562,171.96792602539062,1662287
DNB,DNB.OL,2024-03-14,212.10000610351562,213.10000610351562,210.89999389648438,211.8000030517578,171.72467041015625,1256245
DNB,DNB.OL,2024-03-15,211.1999969482422,212.6999969482422,208.0,208.0,168.6436767578125,6236674
DNB,DNB.OL,2024-03-18,208.5,211.10000610351562,208.0,211.10000610351562,171.15711975097656,1301736
DNB,DNB.OL,2024-03-19,211.1999969482422,212.10000610351562,210.3000030517578,212.10000610351562,171.96792602539062,1430732
DNB,DNB.OL,2024-03-20,212.0,212.8000030517578,211.5,212.60000610351562,172.37330627441406,1481779
DNB,DNB.OL,2024-03-21,213.0,214.0,211.5,212.89999389648438,172.6165313720703,1549557
DNB,DNB.OL,2024-03-22,212.3000030517578,213.8000030517578,212.3000030517578,212.60000610351562,172.37330627441406,1338205
DNB,DNB.OL,2024-03-25,212.60000610351562,214.60000610351562,212.10000610351562,213.6999969482422,173.26516723632812,1101913
DNB,DNB.OL,2024-03-26,213.5,214.3000030517578,213.10000610351562,213.39999389648438,173.02191162109375,1478747
DNB,DNB.OL,2024-03-27,213.3000030517578,215.60000610351562,213.3000030517578,215.10000610351562,174.40028381347656,922768
DNB,DNB.OL,2024-04-02,216.8000030517578,217.5,214.8000030517578,215.0,174.31918334960938,2185241
DNB,DNB.OL,2024-04-03,215.10000610351562,217.8000030517578,214.1999969482422,217.8000030517578,176.58938598632812,2077779
DNB,DNB.OL,2024-04-04,217.60000610351562,217.8000030517578,213.10000610351562,213.10000610351562,172.77870178222656,1431846
DNB,DNB.OL,2024-04-05,212.3000030517578,216.5,212.3000030517578,215.5,174.72457885742188,1248305
DNB,DNB.OL,2024-04-08,215.39999389648438,217.39999389648438,215.1999969482422,216.60000610351562,175.616455078125,990817
DNB,DNB.OL,2024-04-09,217.0,218.10000610351562,216.3000030517578,217.0,175.94076538085938,1305092
DNB,DNB.OL,2024-04-10,217.3000030517578,219.10000610351562,217.1999969482422,219.0,177.5623321533203,1441112
DNB,DNB.OL,2024-04-11,219.10000610351562,219.3000030517578,213.8000030517578,213.8000030517578,173.34625244140625,1319122
DNB,DNB.OL,2024-04-12,215.0,217.8000030517578,215.0,216.0,175.12997436523438,1641834
DNB,DNB.OL,2024-04-15,215.60000610351562,216.39999389648438,214.6999969482422,216.3000030517578,175.3732147216797,960366
DNB,DNB.OL,2024-04-16,215.3000030517578,215.39999389648438,211.6999969482422,211.6999969482422,171.64358520507812,1364862
DNB,DNB.OL,2024-04-17,212.0,213.6999969482422,212.0,212.3000030517578,172.13006591796875,910864
DNB,DNB.OL,2024-04-18,213.0,213.10000610351562,208.89999389648438,211.3000030517578,171.3192901611328,2089105
DNB,DNB.OL,2024-04-19,212.1999969482422,212.1999969482422,209.60000610351562,211.5,171.48143005371094,1496288
DNB,DNB.OL,2024-04-22,211.6999969482422,213.8000030517578,210.5,210.5,170.670654296875,1296150
DNB,DNB.OL,2024-04-23,203.10000610351562,208.60000610351562,202.39999389648438,208.3000030517578,168.88693237304688,3587677
DNB,DNB.OL,2024-04-24,210.8000030517578,211.6999969482422,205.6999969482422,207.3000030517578,168.0761260986328,2375953
DNB,DNB.OL,2024-04-25,207.3000030517578,209.39999389648438,204.6999969482422,208.5,169.049072265625,2226786
DNB,DNB.OL,2024-04-26,208.89999389648438,209.0,207.3000030517578,207.89999389648438,168.56260681152344,1923582
DNB,DNB.OL,2024-04-29,208.0,211.1999969482422,206.1999969482422,195.1999969482422,158.26560974121094,2177755
DNB,DNB.OL,2024-04-30,196.75,197.1999969482422,193.3000030517578,194.10000610351562,171.4249725341797,2669932
DNB,DNB.OL,2024-05-02,195.0,195.1999969482422,192.60000610351562,194.3000030517578,171.60162353515625,1790597
DNB,DNB.OL,2024-05-03,195.0,197.75,194.64999389648438,196.64999389648438,173.6770782470703,1599238
DNB,DNB.OL,2024-05-06,197.0,202.1999969482422,196.75,202.1999969482422,178.57872009277344,2270805
DNB,DNB.OL,2024-05-07,202.3000030517578,203.60000610351562,202.0,203.0,179.28526306152344,1622899
DNB,DNB.OL,2024-05-08,203.3000030517578,203.89999389648438,201.6999969482422,202.60000610351562,178.93199157714844,1634566
DNB,DNB.OL,2024-05-10,204.10000610351562,205.10000610351562,203.5,203.6999969482422,179.9034881591797,1360813
DNB,DNB.OL,2024-05-13,204.10000610351562,206.5,204.10000610351562,206.5,182.3763885498047,1438274
DNB,DNB.OL,2024-05-14,206.3000030517578,206.6999969482422,202.8000030517578,203.60000610351562,179.81517028808594,1476174
DNB,DNB.OL,2024-05-15,203.8000030517578,204.10000610351562,200.5,201.0,177.51890563964844,1293037
DNB,DNB.OL,2024-05-16,201.60000610351562,203.89999389648438,201.5,203.39999389648438,179.63851928710938,1474761
DNB,DNB.OL,2024-05-21,205.39999389648438,205.6999969482422,200.6999969482422,200.6999969482422,177.25393676757812,1738034
DNB,DNB.OL,2024-05-22,201.0,202.10000610351562,199.5,201.89999389648438,178.3137664794922,969093
DNB,DNB.OL,2024-05-23,201.8000030517578,201.8000030517578,200.39999389648438,201.5,177.9604949951172,880027
DNB,DNB.OL,2024-05-24,203.39999389648438,207.10000610351562,203.3000030517578,205.39999389648438,181.40489196777344,2099437
DNB,DNB.OL,2024-05-27,205.1999969482422,206.8000030517578,203.60000610351562,206.8000030517578,182.64134216308594,1024101
DNB,DNB.OL,2024-05-28,205.3000030517578,206.6999969482422,205.3000030517578,206.6999969482422,182.5530242919922,1137213
DNB,DNB.OL,2024-05-29,204.6999969482422,205.0,202.5,203.60000610351562,179.81517028808594,1876507
DNB,DNB.OL,2024-05-30,203.0,205.0,202.3000030517578,204.10000610351562,180.2567596435547,987910
DNB,DNB.OL,2024-05-31,204.0,205.1999969482422,203.5,205.1999969482422,181.22825622558594,7247378
DNB,DNB.OL,2024-06-03,205.39999389648438,206.60000610351562,204.89999389648438,205.0,181.05162048339844,1478916
DNB,DNB.OL,2024-06-04,204.39999389648438,204.8000030517578,201.5,203.3000030517578,179.5502166748047,1563791
DNB,DNB.OL,2024-06-05,203.8000030517578,204.3000030517578,202.89999389648438,202.89999389648438,179.1969451904297,1015536
DNB,DNB.OL,2024-06-06,203.0,203.89999389648438,202.3000030517578,203.8000030517578,179.99180603027344,1125242
DNB,DNB.OL,2024-06-07,203.3000030517578,203.5,201.6999969482422,202.5,178.8436737060547,806131
DNB,DNB.OL,2024-06-10,202.1999969482422,203.1999969482422,200.10000610351562,202.1999969482422,178.57872009277344,1346696
DNB,DNB.OL,2024-06-11,202.39999389648438,205.39999389648438,201.89999389648438,202.60000610351562,178.93199157714844,1516953
DNB,DNB.OL,2024-06-12,203.1999969482422,205.8000030517578,203.0,204.5,180.6100311279297,1158657
DNB,DNB.OL,2024-06-13,204.0,205.60000610351562,202.89999389648438,202.89999389648438,179.1969451904297,1240647
DNB,DNB.OL,2024-06-14,202.8000030517578,206.39999389648438,202.8000030517578,205.6999969482422,181.6698455810547,1912011
DNB,DNB.OL,2024-06-17,207.0,210.39999389648438,207.0,208.1999969482422,183.87779235839844,2003489
DNB,DNB.OL,2024-06-18,209.1999969482422,210.5,206.0,207.5,183.2595672607422,1284832
DNB,DNB.OL,2024-06-19,207.5,209.3000030517578,206.39999389648438,209.3000030517578,184.8492889404297,1219602
DNB,DNB.OL,2024-06-20,209.3000030517578,210.89999389648438,208.1999969482422,209.3000030517578,184.8492889404297,1996510
DNB,DNB.OL,2024-06-21,208.6999969482422,210.3000030517578,208.5,208.5,184.1427459716797,2971134
DNB,DNB.OL,2024-06-24,208.60000610351562,211.5,208.1999969482422,211.0,186.35069274902344,1167134
DNB,DNB.OL,2024-06-25,210.1999969482422,211.5,209.89999389648438,210.1999969482422,185.64414978027344,1013067
DNB,DNB.OL,2024-06-26,209.3000030517578,211.0,206.1999969482422,207.1999969482422,182.99459838867188,2095751
DNB,DNB.OL,2024-06-27,207.1999969482422,208.39999389648438,206.6999969482422,207.5,183.2595672607422,1120083
DNB,DNB.OL,2024-06-28,207.8000030517578,211.39999389648438,207.8000030517578,209.6999969482422,185.2025604248047,1773093
DNB,DNB.OL,2024-07-01,210.89999389648438,212.5,210.10000610351562,212.1999969482422,187.41050720214844,1238845
DNB,DNB.OL,2024-07-02,211.8000030517578,212.89999389648438,210.60000610351562,212.5,187.6754608154297,1455958
DNB,DNB.OL,2024-07-03,212.39999389648438,212.39999389648438,209.89999389648438,211.1999969482422,186.52732849121094,983361
DNB,DNB.OL,2024-07-04,211.3000030517578,212.39999389648438,211.3000030517578,211.8000030517578,187.05723571777344,985310
DNB,DNB.OL,2024-07-05,213.6999969482422,215.10000610351562,209.60000610351562,209.60000610351562,185.11424255371094,1251866
DNB,DNB.OL,2024-07-08,209.6999969482422,211.3000030517578,209.3000030517578,209.5,185.0259246826172,1192411
DNB,DNB.OL,2024-07-09,209.1999969482422,209.1999969482422,204.3000030517578,204.5,180.6100311279297,1622983
DNB,DNB.OL,2024-07-10,205.3000030517578,205.89999389648438,203.6999969482422,205.0,181.05162048339844,1765021
DNB,DNB.OL,2024-07-11,212.8000030517578,218.1999969482422,212.3000030517578,217.0,191.64976501464844,3118404
DNB,DNB.OL,2024-07-12,217.0,219.6999969482422,217.0,218.3000030517578,192.79791259765625,1865288
DNB,DNB.OL,2024-07-15,217.1999969482422,218.5,216.10000610351562,217.8000030517578,192.35630798339844,1080462
DNB,DNB.OL,2024-07-16,217.10000610351562,218.39999389648438,216.89999389648438,217.39999389648438,192.00302124023438,721477
DNB,DNB.OL,2024-07-17,217.5,217.8000030517578,214.89999389648438,216.8000030517578,191.47312927246094,996359
DNB,DNB.OL,2024-07-18,217.0,218.60000610351562,216.6999969482422,217.39999389648438,192.00302124023438,1169012
DNB,DNB.OL,2024-07-19,216.3000030517578,219.3000030517578,216.1999969482422,218.8000030517578,193.23948669433594,865514
DNB,DNB.OL,2024-07-22,219.0,222.39999389648438,218.5,222.10000610351562,196.15399169921875,966729
DNB,DNB.OL,2024-07-23,222.3000030517578,222.6999969482422,220.8000030517578,221.8000030517578,195.88902282714844,875812
DNB,DNB.OL,2024-07-24,220.6999969482422,221.3000030517578,219.8000030517578,220.0,194.29930114746094,1069874
DNB,DNB.OL,2024-07-25,220.10000610351562,221.0,218.10000610351562,221.0,195.18247985839844,1261350
DNB,DNB.OL,2024-07-26,220.60000610351562,222.5,220.60000610351562,222.5,196.5072479248047,1359605
DNB,DNB.OL,2024-07-29,222.6999969482422,224.6999969482422,222.6999969482422,224.5,198.2736053466797,849171
DNB,DNB.OL,2024-07-30,224.10000610351562,225.39999389648438,224.10000610351562,225.1999969482422,198.89183044433594,1018771
DNB,DNB.OL,2024-07-31,225.0,225.89999389648438,224.8000030517578,225.5,199.1567840576172,1431417
DNB,DNB.OL,2024-08-01,225.0,226.10000610351562,223.0,223.60000610351562,197.47874450683594,1131617
DNB,DNB.OL,2024-08-02,221.5,221.89999389648438,218.5,218.5,192.9745330810547,2142857
DNB,DNB.OL,2024-08-05,213.6999969482422,215.89999389648438,208.0,209.8000030517578,185.29087829589844,2357486
DNB,DNB.OL,2024-08-06,213.0,214.60000610351562,209.3000030517578,210.0,185.46751403808594,2301570
DNB,DNB.OL,2024-08-07,211.5,216.1999969482422,210.89999389648438,215.1999969482422,190.06004333496094,1497969
DNB,DNB.OL,2024-08-08,213.8000030517578,214.5,211.60000610351562,213.89999389648438,188.91189575195312,1237232
DNB,DNB.OL,2024-08-09,214.5,216.0,213.5,214.39999389648438,189.35350036621094,772442
DNB,DNB.OL,2024-08-12,215.3000030517578,215.5,214.39999389648438,214.6999969482422,189.6184539794922,759800
DNB,DNB.OL,2024-08-13,215.60000610351562,217.1999969482422,215.60000610351562,216.89999389648438,191.56143188476562,1046694
DNB,DNB.OL,2024-08-14,217.10000610351562,220.8000030517578,217.10000610351562,220.8000030517578,195.00584411621094,1480156
DNB,DNB.OL,2024-08-15,221.0,221.39999389648438,218.39999389648438,220.60000610351562,194.82920837402344,1111138
DNB,DNB.OL,2024-08-16,221.3000030517578,222.10000610351562,220.60000610351562,222.0,196.06565856933594,1042863
DNB,DNB.OL,2024-08-19,221.89999389648438,223.1999969482422,221.3000030517578,223.0,196.94883728027344,762981
DNB,DNB.OL,2024-08-20,222.8000030517578,223.3000030517578,220.5,221.0,195.18247985839844,837054
DNB,DNB.OL,2024-08-21,220.8000030517578,222.1999969482422,220.8000030517578,221.5,195.6240692138672,919929
DNB,DNB.OL,2024-08-22,221.5,222.6999969482422,221.0,222.1999969482422,196.24229431152344,654262
DNB,DNB.OL,2024-08-23,222.5,224.3000030517578,222.5,223.8000030517578,197.65538024902344,860077
DNB,DNB.OL,2024-08-26,223.39999389648438,225.10000610351562,223.39999389648438,224.3000030517578,198.0969696044922,678464
DNB,DNB.OL,2024-08-27,223.1999969482422,225.0,222.60000610351562,223.0,196.94883728027344,1034628
DNB,DNB.OL,2024-08-28,223.5,224.1999969482422,222.39999389648438,224.1999969482422,198.00863647460938,1112807
DNB,DNB.OL,2024-08-29,223.8000030517578,224.39999389648438,223.1999969482422,223.89999389648438,197.74368286132812,1040168
DNB,DNB.OL,2024-08-30,224.39999389648438,225.39999389648438,224.10000610351562,224.10000610351562,197.9203338623047,3759885
DNB,DNB.OL,2024-09-02,224.5,224.89999389648438,222.1999969482422,222.6999969482422,196.6838836669922,950814
DNB,DNB.OL,2024-09-03,223.0,223.6999969482422,219.0,219.1999969482422,193.59275817871094,1191919
DNB,DNB.OL,2024-09-04,215.6999969482422,218.5,215.6999969482422,216.5,191.2081756591797,1584546
DNB,DNB.OL,2024-09-05,216.10000610351562,219.0,215.5,218.0,192.53294372558594,1211824
DNB,DNB.OL,2024-09-06,216.5,216.6999969482422,214.39999389648438,215.60000610351562,190.413330078125,1540006
DNB,DNB.OL,2024-09-09,215.0,217.10000610351562,214.6999969482422,216.0,190.76658630371094,1188212
DNB,DNB.OL,2024-09-10,215.89999389648438,218.39999389648438,214.6999969482422,214.6999969482422,189.6184539794922,1700221
DNB,DNB.OL,2024-09-11,214.0,214.10000610351562,211.60000610351562,212.1999969482422,187.41050720214844,1547948
DNB,DNB.OL,2024-09-12,214.0,215.0,212.8000030517578,213.60000610351562,188.64695739746094,1141465
DNB,DNB.OL,2024-09-13,213.1999969482422,216.5,213.1999969482422,215.5,190.3249969482422,1369132
DNB,DNB.OL,2024-09-16,214.60000610351562,215.89999389648438,213.5,214.8000030517578,189.706787109375,631668
DNB,DNB.OL,2024-09-17,215.0,216.39999389648438,213.39999389648438,213.89999389648438,188.91189575195312,1259290
DNB,DNB.OL,2024-09-18,213.8000030517578,214.8000030517578,213.60000610351562,214.0,189.00022888183594,714001
DNB,DNB.OL,2024-09-19,215.3000030517578,219.10000610351562,214.89999389648438,217.8000030517578,192.35630798339844,1872222
DNB,DNB.OL,2024-09-20,217.8000030517578,219.3000030517578,216.6999969482422,216.89999389648438,191.56143188476562,5165648
DNB,DNB.OL,2024-09-23,215.1999969482422,216.6999969482422,214.0,215.10000610351562,189.97174072265625,1440087
DNB,DNB.OL,2024-09-24,216.60000610351562,216.8000030517578,214.39999389648438,214.5,189.4418182373047,1623552
DNB,DNB.OL,2024-09-25,213.10000610351562,213.8000030517578,212.60000610351562,213.0,188.11705017089844,1489651
DNB,DNB.OL,2024-09-26,214.0,214.8000030517578,213.3000030517578,214.3000030517578,189.2651824951172,1115521
DNB,DNB.OL,2024-09-27,216.39999389648438,217.3000030517578,215.39999389648438,216.10000610351562,190.8549041748047,1256995
DNB,DNB.OL,2024-09-30,216.39999389648438,216.8000030517578,214.8000030517578,216.39999389648438,191.11985778808594,1416317
DNB,DNB.OL,2024-10-01,216.1999969482422,216.39999389648438,213.0,213.1999969482422,188.29368591308594,1409447
DNB,DNB.OL,2024-10-02,213.6999969482422,216.10000610351562,213.6999969482422,216.0,190.76658630371094,1186054
DNB,DNB.OL,2024-10-03,215.8000030517578,215.89999389648438,213.0,215.60000610351562,190.413330078125,1407804
DNB,DNB.OL,2024-10-04,216.0,217.10000610351562,214.60000610351562,217.10000610351562,191.7380828857422,1181127
DNB,DNB.OL,2024-10-07,217.3000030517578,217.8000030517578,215.39999389648438,217.1999969482422,191.82638549804688,1205101
DNB,DNB.OL,2024-10-08,215.89999389648438,218.1999969482422,215.6999969482422,217.0,191.64976501464844,1165869
DNB,DNB.OL,2024-10-09,217.0,219.0,216.10000610351562,219.0,193.41612243652344,1354511
DNB,DNB.OL,2024-10-10,219.60000610351562,221.39999389648438,218.1999969482422,218.60000610351562,193.0628662109375,1674463
DNB,DNB.OL,2024-10-11,218.3000030517578,220.0,217.6999969482422,219.6999969482422,194.0343475341797,1192397
DNB,DNB.OL,2024-10-14,220.0,220.89999389648438,219.39999389648438,220.89999389648438,195.09414672851562,1182708
DNB,DNB.OL,2024-10-15,220.8000030517578,221.5,219.60000610351562,220.6999969482422,194.91751098632812,806611
DNB,DNB.OL,2024-10-16,219.8000030517578,223.10000610351562,219.8000030517578,223.0,196.94883728027344,1010507
DNB,DNB.OL,2024-10-17,222.89999389648438,222.89999389648438,219.6999969482422,221.39999389648438,195.53575134277344,1579489
DNB,DNB.OL,2024-10-18,221.60000610351562,222.8000030517578,220.89999389648438,221.89999389648438,195.9773406982422,996207
DNB,DNB.OL,2024-10-21,221.60000610351562,224.1999969482422,221.5,223.8000030517578,197.65538024902344,1699046
DNB,DNB.OL,2024-10-22,233.0,237.6999969482422,231.39999389648438,236.5,208.8717498779297,3945056
DNB,DNB.OL,2024-10-23,234.8000030517578,236.0,228.8000030517578,231.5,204.4558563232422,1768550
DNB,DNB.OL,2024-10-24,231.39999389648438,231.8000030517578,230.1999969482422,231.0,204.01426696777344,1409862
DNB,DNB.OL,2024-10-25,230.3000030517578,231.39999389648438,229.60000610351562,230.39999389648438,203.48434448242188,687554
DNB,DNB.OL,2024-10-28,230.60000610351562,230.8000030517578,227.8000030517578,228.8000030517578,202.07127380371094,915918
DNB,DNB.OL,2024-10-29,229.0,230.3000030517578,228.8000030517578,230.1999969482422,203.30772399902344,1352306
DNB,DNB.OL,2024-10-30,229.89999389648438,230.39999389648438,228.6999969482422,229.39999389648438,202.60118103027344,865723
DNB,DNB.OL,2024-10-31,229.3000030517578,230.5,225.60000610351562,227.1999969482422,200.65817260742188,1658555
DNB,DNB.OL,2024-11-01,227.60000610351562,231.10000610351562,227.3000030517578,231.10000610351562,204.1025848388672,942011
DNB,DNB.OL,2024-11-04,230.89999389648438,230.89999389648438,229.10000610351562,229.89999389648438,203.04275512695312,860963
DNB,DNB.OL,2024-11-05,229.39999389648438,230.1999969482422,227.8000030517578,230.1999969482422,203.30772399902344,919769
DNB,DNB.OL,2024-11-06,230.1999969482422,234.1999969482422,230.10000610351562,232.1999969482422,205.07408142089844,1394030
DNB,DNB.OL,2024-11-07,233.5,233.8000030517578,229.5,230.39999389648438,203.48434448242188,1709104
DNB,DNB.OL,2024-11-08,230.0,230.10000610351562,227.8000030517578,228.89999389648438,202.1595916748047,889764
DNB,DNB.OL,2024-11-11,230.0,231.0,229.60000610351562,230.1999969482422,203.30772399902344,695735
DNB,DNB.OL,2024-11-12,229.10000610351562,230.60000610351562,228.10000610351562,228.6999969482422,201.9829559326172,883872
DNB,DNB.OL,2024-11-13,227.8000030517578,228.0,225.60000610351562,225.6999969482422,199.3334197998047,1073332
DNB,DNB.OL,2024-11-14,227.6999969482422,228.39999389648438,227.0,228.3000030517578,201.62969970703125,860997
DNB,DNB.OL,2024-11-15,227.1999969482422,230.6999969482422,226.39999389648438,230.6999969482422,203.74929809570312,1335317
DNB,DNB.OL,2024-11-18,229.6999969482422,230.39999389648438,228.60000610351562,230.0,203.13108825683594,735800
DNB,DNB.OL,2024-11-19,230.0,232.3000030517578,227.0,228.60000610351562,201.8946533203125,1220185
DNB,DNB.OL,2024-11-20,230.39999389648438,231.5,228.39999389648438,228.5,201.8063201904297,957171
DNB,DNB.OL,2024-11-21,228.60000610351562,231.39999389648438,228.10000610351562,230.60000610351562,203.66099548339844,1221639
DNB,DNB.OL,2024-11-22,231.1999969482422,231.6999969482422,229.1999969482422,230.5,203.5726776123047,1169176
DNB,DNB.OL,2024-11-25,230.89999389648438,231.1999969482422,229.39999389648438,230.39999389648438,203.48434448242188,2791412
DNB,DNB.OL,2024-11-26,229.60000610351562,230.1999969482422,227.89999389648438,228.5,201.8063201904297,951041
DNB,DNB.OL,2024-11-27,228.3000030517578,230.60000610351562,228.10000610351562,230.60000610351562,203.66099548339844,1013295
DNB,DNB.OL,2024-11-28,231.5,232.3000030517578,230.1999969482422,231.3000030517578,204.2792205810547,852522
DNB,DNB.OL,2024-11-29,231.0,232.60000610351562,230.60000610351562,230.6999969482422,203.74929809570312,1389988
DNB,DNB.OL,2024-12-02,230.3000030517578,231.6999969482422,229.1999969482422,229.8000030517578,202.95445251464844,935610
DNB,DNB.OL,2024-12-03,230.5,233.0,230.5,232.0,204.89744567871094,924665
DNB,DNB.OL,2024-12-04,232.5,233.5,232.3000030517578,233.0,205.78062438964844,1155736
DNB,DNB.OL,2024-12-05,232.8000030517578,233.5,231.8000030517578,233.5,206.2222137451172,867126
DNB,DNB.OL,2024-12-06,230.0,231.6999969482422,225.0,226.8000030517578,200.30491638183594,2576199
DNB,DNB.OL,2024-12-09,226.8000030517578,228.60000610351562,226.5,228.10000610351562,201.45306396484375,910482
DNB,DNB.OL,2024-12-10,228.39999389648438,229.89999389648438,228.39999389648438,229.60000610351562,202.77781677246094,1182598
DNB,DNB.OL,2024-12-11,229.89999389648438,229.89999389648438,228.0,229.10000610351562,202.3362274169922,945411
DNB,DNB.OL,2024-12-12,229.39999389648438,229.6999969482422,228.1999969482422,228.8000030517578,202.07127380371094,1145530
DNB,DNB.OL,2024-12-13,228.60000610351562,230.60000610351562,228.5,229.5,202.6894989013672,1089608
DNB,DNB.OL,2024-12-16,230.1999969482422,230.6999969482422,229.39999389648438,229.5,202.6894989013672,889669
DNB,DNB.OL,2024-12-17,230.5,231.10000610351562,228.60000610351562,229.10000610351562,202.3362274169922,1226817
DNB,DNB.OL,2024-12-18,228.1999969482422,229.6999969482422,228.10000610351562,228.8000030517578,202.07127380371094,1043417
DNB,DNB.OL,2024-12-19,227.8000030517578,228.0,225.8000030517578,225.8000030517578,199.42173767089844,1172135
DNB,DNB.OL,2024-12-20,225.5,225.6999969482422,223.10000610351562,224.1999969482422,198.00863647460938,1909159
DNB,DNB.OL,2024-12-23,225.1999969482422,226.39999389648438,224.39999389648438,225.60000610351562,199.2451171875,761108
DNB,DNB.OL,2024-12-27,225.6999969482422,227.60000610351562,225.6999969482422,227.60000610351562,201.01145935058594,680425
DNB,DNB.OL,2024-12-30,227.0,227.6999969482422,226.10000610351562,226.89999389648438,200.39321899414062,875665
DNB,DNB.OL,2025-01-02,228.3000030517578,230.0,227.6999969482422,229.5,202.6894989013672,1140567
DNB,DNB.OL,2025-01-03,229.60000610351562,231.0,229.60000610351562,230.5,203.5726776123047,1069306
DNB,DNB.OL,2025-01-06,231.1999969482422,231.3000030517578,229.6999969482422,230.10000610351562,203.2194061279297,797665
DNB,DNB.OL,2025-01-07,230.0,231.60000610351562,229.6999969482422,231.0,204.01426696777344,1061120
DNB,DNB.OL,2025-01-08,231.60000610351562,231.6999969482422,227.8000030517578,229.1999969482422,202.42454528808594,1410833
DNB,DNB.OL,2025-01-09,228.60000610351562,229.10000610351562,226.1999969482422,228.5,201.8063201904297,958174
DNB,DNB.OL,2025-01-10,229.10000610351562,229.8000030517578,227.8000030517578,229.39999389648438,202.60118103027344,1174970
DNB,DNB.OL,2025-01-13,229.0,232.10000610351562,228.89999389648438,232.10000610351562,204.98577880859375,1336515
DNB,DNB.OL,2025-01-14,232.10000610351562,234.6999969482422,232.0,233.8000030517578,206.48716735839844,1413556
DNB,DNB.OL,2025-01-15,235.0,235.6999969482422,233.89999389648438,235.6999969482422,208.1652069091797,1181470
DNB,DNB.OL,2025-01-16,238.5,238.89999389648438,235.89999389648438,236.5,208.8717498779297,1080513
DNB,DNB.OL,2025-01-17,236.5,238.60000610351562,236.0,237.8000030517578,210.01988220214844,1669410
DNB,DNB.OL,2025-01-20,238.0,238.60000610351562,236.5,237.6999969482422,209.93154907226562,970648
DNB,DNB.OL,2025-01-21,237.3000030517578,238.8000030517578,237.10000610351562,238.60000610351562,210.7264404296875,1386504
DNB,DNB.OL,2025-01-22,238.60000610351562,240.5,238.3000030517578,238.5,210.6381072998047,1071806
DNB,DNB.OL,2025-01-23,239.89999389648438,241.39999389648438,239.8000030517578,241.39999389648438,213.19932556152344,1016783
DNB,DNB.OL,2025-01-24,242.0,242.89999389648438,240.10000610351562,240.39999389648438,212.31613159179688,1046281
DNB,DNB.OL,2025-01-27,241.0,241.5,239.60000610351562,241.5,213.2876434326172,1173856
DNB,DNB.OL,2025-01-28,241.6999969482422,244.5,241.60000610351562,244.3000030517578,215.7605438232422,1163245
DNB,DNB.OL,2025-01-29,245.0,245.60000610351562,242.0,245.60000610351562,216.90869140625,1067961
DNB,DNB.OL,2025-01-30,245.8000030517578,246.0,242.89999389648438,244.10000610351562,215.5839080810547,835038
DNB,DNB.OL,2025-01-31,244.10000610351562,244.3000030517578,240.6999969482422,240.8000030517578,212.66941833496094,1358574
DNB,DNB.OL,2025-02-03,237.8000030517578,239.1999969482422,236.60000610351562,238.1999969482422,210.37315368652344,1300261
DNB,DNB.OL,2025-02-04,239.10000610351562,243.3000030517578,237.89999389648438,240.1999969482422,212.13951110839844,2168155
DNB,DNB.OL,2025-02-05,248.89999389648438,248.89999389648438,242.0,243.0,214.61241149902344,1995503
DNB,DNB.OL,2025-02-06,244.5,249.60000610351562,242.6999969482422,243.5,215.0540008544922,1749868
DNB,DNB.OL,2025-02-07,241.6999969482422,242.10000610351562,238.39999389648438,240.10000610351562,212.0511932373047,2316326
DNB,DNB.OL,2025-02-10,240.0,241.1999969482422,239.60000610351562,240.3000030517578,212.2278289794922,979181
DNB,DNB.OL,2025-02-11,240.3000030517578,241.39999389648438,240.10000610351562,241.1999969482422,213.02267456054688,1507246
DNB,DNB.OL,2025-02-12,239.39999389648438,239.89999389648438,236.89999389648438,237.1999969482422,209.48995971679688,2687733
DNB,DNB.OL,2025-02-13,237.0,239.5,236.8000030517578,238.89999389648438,210.9913787841797,1855590
DNB,DNB.OL,2025-02-14,238.6999969482422,240.0,238.39999389648438,239.8000030517578,211.78623962402344,1466661
DNB,DNB.OL,2025-02-17,239.8000030517578,243.0,239.8000030517578,242.8000030517578,214.43577575683594,1023189
DNB,DNB.OL,2025-02-18,243.5,244.10000610351562,242.6999969482422,243.89999389648438,215.40725708007812,1080042
DNB,DNB.OL,2025-02-19,248.5,251.60000610351562,247.89999389648438,249.8000030517578,220.61802673339844,2416804
DNB,DNB.OL,2025-02-20,249.3000030517578,250.0,247.1999969482422,249.39999389648438,220.26475524902344,1778328
DNB,DNB.OL,2025-02-21,253.6999969482422,253.6999969482422,249.39999389648438,252.60000610351562,223.09092712402344,2046626
DNB,DNB.OL,2025-02-24,251.0,254.60000610351562,250.6999969482422,254.3000030517578,224.5923309326172,1650502
DNB,DNB.OL,2025-02-25,254.3000030517578,256.3999938964844,254.0,254.10000610351562,224.4156951904297,1813707
DNB,DNB.OL,2025-02-26,254.0,258.70001220703125,254.0,258.70001220703125,228.47833251953125,1539190
DNB,DNB.OL,2025-02-27,257.6000061035156,259.6000061035156,257.3999938964844,258.6000061035156,228.3900146484375,2505793
DNB,DNB.OL,2025-02-28,258.0,259.0,257.1000061035156,259.0,228.74327087402344,3813387
DNB,DNB.OL,2025-03-03,260.0,263.0,257.70001220703125,262.0,231.39280700683594,1826601
DNB,DNB.OL,2025-03-04,260.0,261.70001220703125,256.1000061035156,256.20001220703125,226.2703857421875,1762212
DNB,DNB.OL,2025-03-05,258.8999938964844,262.3999938964844,258.8999938964844,261.1000061035156,230.5979461669922,3014198
DNB,DNB.OL,2025-03-06,264.1000061035156,264.79998779296875,261.5,262.79998779296875,232.09933471679688,2062596
DNB,DNB.OL,2025-03-07,262.5,265.3999938964844,261.5,265.3999938964844,234.39561462402344,1790689
DNB,DNB.OL,2025-03-10,265.79998779296875,266.79998779296875,261.6000061035156,264.79998779296875,233.86569213867188,1826071
DNB,DNB.OL,2025-03-11,263.6000061035156,265.3999938964844,262.20001220703125,263.0,232.27598571777344,1733403
DNB,DNB.OL,2025-03-12,265.0,265.29998779296875,259.5,260.1000061035156,229.7147674560547,1633754
DNB,DNB.OL,2025-03-13,261.0,266.79998779296875,261.0,266.3999938964844,235.27877807617188,1571719
DNB,DNB.OL,2025-03-14,267.1000061035156,270.5,266.8999938964844,269.20001220703125,237.751708984375,1518279
DNB,DNB.OL,2025-03-17,269.20001220703125,270.3999938964844,268.1000061035156,270.3999938964844,238.81149291992188,1307713
DNB,DNB.OL,2025-03-18,271.70001220703125,273.3999938964844,270.8999938964844,273.3999938964844,241.46104431152344,1361326
DNB,DNB.OL,2025-03-19,272.70001220703125,274.29998779296875,272.1000061035156,274.1000061035156,242.07925415039062,1498845
DNB,DNB.OL,2025-03-20,274.29998779296875,275.29998779296875,270.5,274.1000061035156,242.07925415039062,2624314
DNB,DNB.OL,2025-03-21,274.1000061035156,274.3999938964844,269.70001220703125,272.0,240.22459411621094,4090320
DNB,DNB.OL,2025-03-24,273.3999938964844,274.5,272.5,272.70001220703125,240.84283447265625,1167221
DNB,DNB.OL,2025-03-25,273.8999938964844,276.3999938964844,273.79998779296875,275.29998779296875,243.1390838623047,1778783
DNB,DNB.OL,2025-03-26,276.70001220703125,279.79998779296875,276.6000061035156,279.6000061035156,246.93675231933594,1970883
DNB,DNB.OL,2025-03-27,278.8999938964844,279.79998779296875,275.5,279.70001220703125,247.02508544921875,1539737
DNB,DNB.OL,2025-03-28,278.0,278.70001220703125,276.0,276.70001220703125,244.3755340576172,1542993
DNB,DNB.OL,2025-03-31,274.29998779296875,276.20001220703125,271.8999938964844,275.5,243.3157196044922,1996986
DNB,DNB.OL,2025-04-01,277.20001220703125,278.5,272.29998779296875,273.8999938964844,241.90261840820312,1654386
DNB,DNB.OL,2025-04-02,273.8999938964844,275.79998779296875,271.6000061035156,273.1000061035156,241.19610595703125,1778956
DNB,DNB.OL,2025-04-03,269.6000061035156,270.20001220703125,262.1000061035156,262.8999938964844,232.1876678466797,2780794
DNB,DNB.OL,2025-04-04,261.6000061035156,261.8999938964844,245.5,246.6999969482422,217.8801727294922,4524314
DNB,DNB.OL,2025-04-07,233.0,244.39999389648438,230.3000030517578,241.39999389648438,213.19932556152344,4345582
DNB,DNB.OL,2025-04-08,244.5,245.39999389648438,235.6999969482422,244.10000610351562,215.5839080810547,3230063
DNB,DNB.OL,2025-04-09,235.39999389648438,242.0,235.39999389648438,239.1999969482422,211.25633239746094,2683399
DNB,DNB.OL,2025-04-10,258.0,259.79998779296875,247.0,248.39999389648438,219.38157653808594,2053709
DNB,DNB.OL,2025-04-11,248.39999389648438,250.89999389648438,246.1999969482422,249.5,220.3530731201172,1600965
DNB,DNB.OL,2025-04-14,255.0,257.8999938964844,254.0,257.8999938964844,227.77175903320312,1809305
DNB,DNB.OL,2025-04-15,259.0,261.6000061035156,257.70001220703125,260.0,229.62644958496094,1662985
DNB,DNB.OL,2025-04-16,259.3999938964844,260.20001220703125,256.8999938964844,259.8999938964844,229.53811645507812,1225698
DNB,DNB.OL,2025-04-22,257.3999938964844,262.8999938964844,256.8999938964844,259.8999938964844,229.53811645507812,1759381
DNB,DNB.OL,2025-04-23,263.0,266.3999938964844,260.6000061035156,265.5,234.4839324951172,1857575
DNB,DNB.OL,2025-04-24,266.1000061035156,267.20001220703125,261.8999938964844,263.5,232.7175750732422,1762421
DNB,DNB.OL,2025-04-25,264.5,265.29998779296875,261.5,264.20001220703125,233.33580017089844,1940222
DNB,DNB.OL,2025-04-28,264.5,269.1000061035156,263.6000061035156,267.5,236.2502899169922,1956460
DNB,DNB.OL,2025-04-29,267.8999938964844,270.3999938964844,267.29998779296875,269.8999938964844,238.36990356445312,2212341
DNB,DNB.OL,2025-04-30,255.0,258.79998779296875,254.39999389648438,258.79998779296875,243.6900177001953,3270026
DNB,DNB.OL,2025-05-02,260.20001220703125,261.6000061035156,257.3999938964844,261.6000061035156,246.32656860351562,1819045
DNB,DNB.OL,2025-05-05,262.0,263.6000061035156,260.6000061035156,263.6000061035156,248.2097930908203,1286457
DNB,DNB.OL,2025-05-06,263.20001220703125,263.29998779296875,260.29998779296875,261.29998779296875,246.0440673828125,1363910
DNB,DNB.OL,2025-05-07,263.29998779296875,272.20001220703125,262.3999938964844,271.5,255.64854431152344,2462753
DNB,DNB.OL,2025-05-08,270.79998779296875,272.0,263.20001220703125,264.70001220703125,249.24557495117188,1995890
DNB,DNB.OL,2025-05-09,265.79998779296875,265.79998779296875,261.70001220703125,263.29998779296875,247.9272918701172,1166172
DNB,DNB.OL,2025-05-12,265.20001220703125,267.3999938964844,260.8999938964844,263.29998779296875,247.9272918701172,1557879
DNB,DNB.OL,2025-05-13,264.0,264.79998779296875,262.0,262.8999938964844,247.5506591796875,997354
DNB,DNB.OL,2025-05-14,265.0,267.3999938964844,264.3999938964844,266.79998779296875,251.2229461669922,1190493
DNB,DNB.OL,2025-05-15,266.79998779296875,270.70001220703125,265.70001220703125,270.70001220703125,254.895263671875,1408277
DNB,DNB.OL,2025-05-16,271.20001220703125,274.0,270.70001220703125,273.8999938964844,257.9084167480469,1621685
DNB,DNB.OL,2025-05-19,274.0,275.1000061035156,272.1000061035156,275.1000061035156,259.0383605957031,1117746
DNB,DNB.OL,2025-05-20,275.1000061035156,278.0,274.8999938964844,277.0,260.8274230957031,1776960
DNB,DNB.OL,2025-05-21,275.79998779296875,278.20001220703125,275.0,277.70001220703125,261.486572265625,1411166
DNB,DNB.OL,2025-05-22,276.70001220703125,276.70001220703125,273.20001220703125,275.6000061035156,259.5091857910156,1805834
DNB,DNB.OL,2025-05-23,276.0,279.5,270.79998779296875,275.6000061035156,259.5091857910156,1813716
DNB,DNB.OL,2025-05-26,277.70001220703125,278.8999938964844,275.79998779296875,276.1000061035156,259.97998046875,707391
DNB,DNB.OL,2025-05-27,276.6000061035156,278.8999938964844,276.20001220703125,277.79998779296875,261.5807189941406,1045635
DNB,DNB.OL,2025-05-28,278.0,278.8999938964844,272.70001220703125,273.20001220703125,257.2492980957031,1421904
DNB,DNB.OL,2025-05-30,273.79998779296875,276.79998779296875,273.0,273.29998779296875,257.34344482421875,4754425
DNB,DNB.OL,2025-06-02,272.79998779296875,275.5,271.70001220703125,275.5,259.4150085449219,1439110
DNB,DNB.OL,2025-06-03,276.8999938964844,276.8999938964844,272.8999938964844,274.3999938964844,258.3792419433594,1214805
DNB,DNB.OL,2025-06-04,274.3999938964844,276.1000061035156,273.20001220703125,274.8999938964844,258.85003662109375,1266940
DNB,DNB.OL,2025-06-05,275.0,276.8999938964844,274.20001220703125,276.29998779296875,260.1683044433594,1171168
DNB,DNB.OL,2025-06-06,276.8999938964844,278.3999938964844,276.20001220703125,277.29998779296875,261.1098937988281,887654
DNB,DNB.OL,2025-06-10,277.79998779296875,278.20001220703125,276.0,277.29998779296875,261.1098937988281,1284846
DNB,DNB.OL,2025-06-11,277.79998779296875,279.70001220703125,276.79998779296875,278.70001220703125,262.4281921386719,1402865
DNB,DNB.OL,2025-06-12,278.20001220703125,280.20001220703125,276.8999938964844,280.0,263.65228271484375,1371163
DNB,DNB.OL,2025-06-13,277.20001220703125,279.8999938964844,276.1000061035156,278.3999938964844,262.14569091796875,1352685
DNB,DNB.OL,2025-06-16,279.5,283.1000061035156,279.0,282.3999938964844,265.9121398925781,1950363
DNB,DNB.OL,2025-06-17,281.1000061035156,281.79998779296875,278.20001220703125,278.5,262.2398681640625,1364851
DNB,DNB.OL,2025-06-18,279.1000061035156,281.8999938964844,278.3999938964844,281.8999938964844,265.44134521484375,1788857
DNB,DNB.OL,2025-06-19,281.0,281.3999938964844,270.29998779296875,272.1000061035156,256.2135314941406,2921111
DNB,DNB.OL,2025-06-20,272.29998779296875,276.8999938964844,272.29998779296875,276.8999938964844,260.7332763671875,13004311
DNB,DNB.OL,2025-06-23,275.0,275.0,270.20001220703125,270.20001220703125,254.42445373535156,2046872
DNB,DNB.OL,2025-06-24,272.8999938964844,274.79998779296875,272.1000061035156,272.1000061035156,256.2135314941406,1871314
DNB,DNB.OL,2025-06-25,272.0,277.20001220703125,272.0,274.5,258.473388671875,1642010
DNB,DNB.OL,2025-06-26,274.6000061035156,276.20001220703125,273.5,274.29998779296875,258.2850646972656,1314958
DNB,DNB.OL,2025-06-27,275.3999938964844,277.70001220703125,274.1000061035156,276.79998779296875,260.63909912109375,1124330
DNB,DNB.OL,2025-06-30,278.6000061035156,279.29998779296875,276.70001220703125,278.6000061035156,262.3340148925781,1465049
DNB,DNB.OL,2025-07-01,278.8999938964844,279.0,273.3999938964844,274.20001220703125,258.19091796875,1469514
DNB,DNB.OL,2025-07-02,275.79998779296875,279.1000061035156,274.0,277.5,261.2982482910156,1270304
DNB,DNB.OL,2025-07-03,278.3999938964844,279.29998779296875,275.79998779296875,279.0,262.7106628417969,984287
DNB,DNB.OL,2025-07-04,278.3999938964844,279.1000061035156,277.20001220703125,278.20001220703125,261.9573974609375,724361
DNB,DNB.OL,2025-07-07,278.29998779296875,281.1000061035156,278.29998779296875,280.8999938964844,264.4997253417969,973837
DNB,DNB.OL,2025-07-08,281.70001220703125,283.0,281.29998779296875,282.6000061035156,266.1004943847656,1531634
DNB,DNB.OL,2025-07-09,283.6000061035156,284.5,281.5,281.79998779296875,265.34716796875,1703477
DNB,DNB.OL,2025-07-10,283.1000061035156,284.5,279.8999938964844,284.5,267.8895568847656,1435095
DNB,DNB.OL,2025-07-11,268.20001220703125,269.0,258.8999938964844,259.3999938964844,244.2550048828125,6624050
DNB,DNB.OL,2025-07-14,259.0,264.29998779296875,256.79998779296875,263.1000061035156,247.73898315429688,2743617
DNB,DNB.OL,2025-07-15,264.20001220703125,264.5,260.70001220703125,261.6000061035156,246.32656860351562,1875624
DNB,DNB.OL,2025-07-16,263.5,263.5,259.79998779296875,260.3999938964844,245.1966094970703,1526174
DNB,DNB.OL,2025-07-17,261.79998779296875,261.79998779296875,257.8999938964844,258.1000061035156,243.03091430664062,1876381
DNB,DNB.OL,2025-07-18,258.8999938964844,259.1000061035156,257.6000061035156,258.5,243.4075469970703,2500886
DNB,DNB.OL,2025-07-21,259.0,259.0,256.6000061035156,258.0,242.93673706054688,1155154
DNB,DNB.OL,2025-07-22,258.1000061035156,259.8999938964844,256.70001220703125,257.29998779296875,242.27760314941406,1644178
DNB,DNB.OL,2025-07-23,258.29998779296875,259.6000061035156,257.6000061035156,258.5,243.4075469970703,1200703
DNB,DNB.OL,2025-07-24,260.0,262.5,259.79998779296875,260.70001220703125,245.47911071777344,1821265
DNB,DNB.OL,2025-07-25,260.8999938964844,261.3999938964844,258.0,259.29998779296875,244.16082763671875,1193976
DNB,DNB.OL,2025-07-28,260.1000061035156,261.29998779296875,258.8999938964844,259.5,244.3491668701172,1088483
DNB,DNB.OL,2025-07-29,260.0,260.79998779296875,258.5,260.3999938964844,245.1966094970703,1633761
DNB,DNB.OL,2025-07-30,259.20001220703125,260.8999938964844,258.79998779296875,260.8999938964844,245.66741943359375,1032232
DNB,DNB.OL,2025-07-31,260.8999938964844,263.5,260.6000061035156,262.29998779296875,246.9856719970703,1580892
DNB,DNB.OL,2025-08-01,260.79998779296875,262.6000061035156,257.70001220703125,257.70001220703125,242.65426635742188,1633637
DNB,DNB.OL,2025-08-04,259.79998779296875,263.8999938964844,259.6000061035156,263.79998779296875,248.39810180664062,1628882
DNB,DNB.OL,2025-08-05,264.8999938964844,264.8999938964844,262.3999938964844,262.6000061035156,247.26817321777344,1322905
DNB,DNB.OL,2025-08-06,263.20001220703125,265.29998779296875,262.79998779296875,263.20001220703125,247.83316040039062,1392810
DNB,DNB.OL,2025-08-07,262.79998779296875,265.79998779296875,262.5,265.6000061035156,250.093017578125,1567649
DNB,DNB.OL,2025-08-08,265.6000061035156,266.79998779296875,264.8999938964844,265.70001220703125,250.18719482421875,1192152
DNB,DNB.OL,2025-08-11,266.1000061035156,267.79998779296875,266.0,266.3999938964844,250.84629821777344,1351950
DNB,DNB.OL,2025-08-12,266.6000061035156,267.1000061035156,264.5,265.29998779296875,249.81051635742188,1326353
DNB,DNB.OL,2025-08-13,265.5,267.70001220703125,265.29998779296875,267.6000061035156,251.97625732421875,1083458
DNB,DNB.OL,2025-08-14,268.0,270.0,267.79998779296875,269.29998779296875,253.5769805908203,1406579
DNB,DNB.OL,2025-08-15,270.0,271.5,268.5,269.1000061035156,253.388671875,1047216
DNB,DNB.OL,2025-08-18,269.1000061035156,269.29998779296875,265.70001220703125,266.70001220703125,251.12881469726562,1053304
DNB,DNB.OL,2025-08-19,266.8999938964844,270.0,265.8999938964844,268.70001220703125,253.0120391845703,1369311
DNB,DNB.OL,2025-08-20,268.5,271.79998779296875,268.5,271.3999938964844,255.55438232421875,1340157
DNB,DNB.OL,2025-08-21,270.8999938964844,274.20001220703125,270.8999938964844,273.6000061035156,257.6259460449219,1382333
DNB,DNB.OL,2025-08-22,273.8999938964844,274.70001220703125,272.0,273.0,257.06097412109375,999476
DNB,DNB.OL,2025-08-25,273.0,275.29998779296875,272.6000061035156,274.3999938964844,258.3792419433594,937090
DNB,DNB.OL,2025-08-26,273.29998779296875,273.70001220703125,270.20001220703125,272.29998779296875,256.4018249511719,3164151
DNB,DNB.OL,2025-08-27,271.20001220703125,271.70001220703125,267.3999938964844,267.70001220703125,252.07041931152344,1638420
DNB,DNB.OL,2025-08-28,267.70001220703125,269.3999938964844,265.3999938964844,265.5,249.9988555908203,1203774
DNB,DNB.OL,2025-08-29,265.3999938964844,265.79998779296875,262.70001220703125,264.70001220703125,249.24557495117188,1664439
DNB,DNB.OL,2025-09-01,265.20001220703125,267.20001220703125,264.70001220703125,265.5,249.9988555908203,610224
DNB,DNB.OL,2025-09-02,266.70001220703125,267.6000061035156,264.8999938964844,265.70001220703125,250.18719482421875,1709907
DNB,DNB.OL,2025-09-03,264.8999938964844,265.8999938964844,260.5,261.29998779296875,246.0440673828125,1694588
DNB,DNB.OL,2025-09-04,261.20001220703125,265.6000061035156,261.20001220703125,264.6000061035156,249.1514129638672,1709322
DNB,DNB.OL,2025-09-05,265.6000061035156,267.1000061035156,262.70001220703125,263.20001220703125,247.83316040039062,1485220
DNB,DNB.OL,2025-09-08,263.1000061035156,264.5,262.70001220703125,263.3999938964844,248.02145385742188,1213290
DNB,DNB.OL,2025-09-09,263.79998779296875,264.6000061035156,262.1000061035156,263.6000061035156,248.2097930908203,1681211
DNB,DNB.OL,2025-09-10,264.0,267.3999938964844,263.20001220703125,267.29998779296875,251.69375610351562,1474148
DNB,DNB.OL,2025-09-11,267.0,267.70001220703125,265.20001220703125,266.1000061035156,250.56382751464844,1401660
DNB,DNB.OL,2025-09-12,266.20001220703125,267.70001220703125,264.8999938964844,267.70001220703125,252.07041931152344,1232414
DNB,DNB.OL,2025-09-15,267.6000061035156,270.3999938964844,267.0,270.0,254.2361297607422,1057466
DNB,DNB.OL,2025-09-16,269.70001220703125,270.5,267.70001220703125,268.20001220703125,252.54122924804688,898895
DNB,DNB.OL,2025-09-17,267.5,268.5,265.3999938964844,265.3999938964844,249.90469360351562,1442386
DNB,DNB.OL,2025-09-18,265.79998779296875,267.8999938964844,263.3999938964844,265.3999938964844,249.90469360351562,2145014
DNB,DNB.OL,2025-09-19,265.3999938964844,270.6000061035156,265.3999938964844,270.1000061035156,254.33029174804688,2620013
DNB,DNB.OL,2025-09-22,269.8999938964844,270.3999938964844,266.29998779296875,266.8999938964844,251.31710815429688,1187810
DNB,DNB.OL,2025-09-23,267.29998779296875,271.1000061035156,267.29998779296875,270.29998779296875,254.5186004638672,1098440
DNB,DNB.OL,2025-09-24,269.1000061035156,270.1000061035156,267.0,267.3999938964844,251.7879180908203,1275495
DNB,DNB.OL,2025-09-25,267.3999938964844,268.8999938964844,266.0,266.6000061035156,251.03463745117188,1676944
DNB,DNB.OL,2025-09-26,267.79998779296875,273.29998779296875,267.20001220703125,273.0,257.06097412109375,1361844
DNB,DNB.OL,2025-09-29,273.6000061035156,274.70001220703125,272.3999938964844,273.0,257.06097412109375,1378537
DNB,DNB.OL,2025-09-30,273.0,274.1000061035156,271.5,271.5,255.64854431152344,1189501
DNB,DNB.OL,2025-10-01,271.1000061035156,271.79998779296875,269.70001220703125,270.29998779296875,254.5186004638672,1681561
DNB,DNB.OL,2025-10-02,271.0,271.6000061035156,268.3999938964844,268.3999938964844,252.7295379638672,1009789
DNB,DNB.OL,2025-10-03,270.0,272.1000061035156,269.1000061035156,269.79998779296875,254.04779052734375,698168
DNB,DNB.OL,2025-10-06,269.5,271.29998779296875,268.6000061035156,269.1000061035156,253.388671875,1055597
DNB,DNB.OL,2025-10-07,269.0,269.5,265.0,265.0,249.52804565429688,1064236
DNB,DNB.OL,2025-10-08,265.0,268.6000061035156,265.0,268.1000061035156,252.4470672607422,1370235
DNB,DNB.OL,2025-10-09,268.79998779296875,269.79998779296875,267.29998779296875,268.70001220703125,253.0120391845703,741376
DNB,DNB.OL,2025-10-10,272.70001220703125,276.8999938964844,272.6000061035156,276.20001220703125,260.07415771484375,1462331
DNB,DNB.OL,2025-10-13,277.0,278.3999938964844,272.6000061035156,272.70001220703125,256.77850341796875,1202126
DNB,DNB.OL,2025-10-14,272.5,275.3999938964844,271.70001220703125,273.70001220703125,257.7201232910156,1070022
DNB,DNB.OL,2025-10-15,273.70001220703125,275.8999938964844,273.70001220703125,275.0,258.9442138671875,1070980
DNB,DNB.OL,2025-10-16,273.5,276.0,272.6000061035156,273.3999938964844,257.4376220703125,1153608
DNB,DNB.OL,2025-10-17,271.0,271.6000061035156,267.0,269.70001220703125,253.9536590576172,1397677
DNB,DNB.OL,2025-10-20,270.0,273.20001220703125,270.0,271.0,255.177734375,1315219
DNB,DNB.OL,2025-10-21,272.5,274.1000061035156,271.5,273.20001220703125,257.2492980957031,2002829
DNB,DNB.OL,2025-10-22,262.0,265.1000061035156,258.6000061035156,259.6000061035156,244.44332885742188,3909923
DNB,DNB.OL,2025-10-23,259.29998779296875,262.79998779296875,258.70001220703125,259.8999938964844,244.72579956054688,2121881
DNB,DNB.OL,2025-10-24,261.0,261.0,258.1000061035156,259.29998779296875,244.16082763671875,1354851
DNB,DNB.OL,2025-10-27,260.6000061035156,262.6000061035156,259.6000061035156,262.0,246.7032012939453,1352309
DNB,DNB.OL,2025-10-28,262.0,262.3999938964844,259.3999938964844,259.79998779296875,244.6316375732422,1519364
DNB,DNB.OL,2025-10-29,260.3999938964844,262.6000061035156,259.3999938964844,261.3999938964844,246.1382293701172,1033508
DNB,DNB.OL,2025-10-30,258.0,261.5,257.8999938964844,260.0,244.81997680664062,1576609
DNB,DNB.OL,2025-10-31,260.0,260.70001220703125,257.8999938964844,258.29998779296875,243.21922302246094,1086374
DNB,DNB.OL,2025-11-03,259.79998779296875,262.70001220703125,259.79998779296875,262.20001220703125,246.89154052734375,1182465
DNB,DNB.OL,2025-11-04,261.70001220703125,262.0,259.70001220703125,262.0,246.7032012939453,932574
DNB,DNB.OL,2025-11-05,261.3999938964844,261.8999938964844,259.6000061035156,261.8999938964844,246.60903930664062,883731
DNB,DNB.OL,2025-11-06,262.0,263.20001220703125,260.5,261.6000061035156,246.32656860351562,1596809
DNB,DNB.OL,2025-11-07,262.20001220703125,262.79998779296875,257.3999938964844,259.3999938964844,244.2550048828125,1184407
DNB,DNB.OL,2025-11-10,260.1000061035156,261.3999938964844,259.3999938964844,261.0,245.76158142089844,1301253
DNB,DNB.OL,2025-11-11,261.29998779296875,263.6000061035156,261.20001220703125,263.6000061035156,248.2097930908203,986132
DNB,DNB.OL,2025-11-12,264.0,268.70001220703125,263.8999938964844,268.29998779296875,252.6353759765625,1692701
DNB,DNB.OL,2025-11-13,268.3999938964844,269.3999938964844,266.79998779296875,269.1000061035156,253.388671875,1083885
DNB,DNB.OL,2025-11-14,268.20001220703125,268.20001220703125,263.0,263.70001220703125,248.303955078125,1468918
DNB,DNB.OL,2025-11-17,263.70001220703125,266.1000061035156,263.5,265.5,249.9988555908203,1046232
DNB,DNB.OL,2025-11-18,262.0,264.6000061035156,259.79998779296875,260.6000061035156,245.38494873046875,1805318
DNB,DNB.OL,2025-11-19,261.3999938964844,261.8999938964844,259.0,261.3999938964844,246.1382293701172,1788577
DNB,DNB.OL,2025-11-20,263.5,266.20001220703125,263.20001220703125,265.5,249.9988555908203,1437380
DNB,DNB.OL,2025-11-21,262.5,265.20001220703125,261.0,264.6000061035156,249.1514129638672,1805522
DNB,DNB.OL,2025-11-24,265.8999938964844,267.29998779296875,264.1000061035156,264.79998779296875,249.3397216796875,4375174
DNB,DNB.OL,2025-11-25,265.5,267.70001220703125,264.5,266.70001220703125,251.12881469726562,978222
DNB,DNB.OL,2025-11-26,268.79998779296875,269.6000061035156,267.0,268.8999938964844,253.20034790039062,841691
DNB,DNB.OL,2025-11-27,269.3999938964844,272.0,268.70001220703125,272.0,256.1193542480469,776265
DNB,DNB.OL,2025-11-28,271.20001220703125,271.70001220703125,270.0,270.5,254.70693969726562,1171401
DNB,DNB.OL,2025-12-01,270.1000061035156,271.0,269.20001220703125,270.0,254.2361297607422,1198571
DNB,DNB.OL,2025-12-02,272.3999938964844,275.70001220703125,271.20001220703125,274.79998779296875,258.755859375,1545028
DNB,DNB.OL,2025-12-03,274.8999938964844,275.20001220703125,273.0,273.0,257.06097412109375,1330622
DNB,DNB.OL,2025-12-04,270.70001220703125,270.70001220703125,266.5,268.5,252.82369995117188,1539216
DNB,DNB.OL,2025-12-05,269.20001220703125,271.70001220703125,269.1000061035156,270.0,254.2361297607422,1059052
DNB,DNB.OL,2025-12-08,269.3999938964844,270.79998779296875,268.8999938964844,270.5,254.70693969726562,1110306
DNB,DNB.OL,2025-12-09,271.0,273.79998779296875,271.0,271.70001220703125,255.83688354492188,1498794
DNB,DNB.OL,2025-12-10,271.6000061035156,273.5,270.79998779296875,271.6000061035156,255.7427215576172,1288635
DNB,DNB.OL,2025-12-11,271.1000061035156,274.79998779296875,270.1000061035156,273.6000061035156,257.6259460449219,1269928
DNB,DNB.OL,2025-12-12,274.1000061035156,276.70001220703125,271.70001220703125,271.70001220703125,255.83688354492188,1033858
DNB,DNB.OL,2025-12-15,272.1000061035156,277.20001220703125,272.1000061035156,276.79998779296875,260.63909912109375,1914292
DNB,DNB.OL,2025-12-16,276.1000061035156,278.5,274.3999938964844,274.5,258.473388671875,1441081
DNB,DNB.OL,2025-12-17,276.20001220703125,276.20001220703125,274.0,275.1000061035156,259.0383605957031,1314801
DNB,DNB.OL,2025-12-18,274.20001220703125,276.5,274.20001220703125,275.79998779296875,259.6974792480469,1118777
DNB,DNB.OL,2025-12-19,276.6000061035156,281.3999938964844,276.20001220703125,280.70001220703125,264.3114318847656,2961678
DNB,DNB.OL,2025-12-22,281.1000061035156,282.1000061035156,280.29998779296875,280.8999938964844,264.4997253417969,1146447
DNB,DNB.OL,2025-12-23,280.8999938964844,282.70001220703125,280.20001220703125,282.3999938964844,265.9121398925781,805917
DNB,DNB.OL,2025-12-29,282.8999938964844,282.8999938964844,280.29998779296875,280.29998779296875,263.93475341796875,1235860
DNB,DNB.OL,2025-12-30,280.1000061035156,282.6000061035156,280.1000061035156,281.5,265.064697265625,1252714
DNB,DNB.OL,2026-01-02,282.29998779296875,284.6000061035156,281.6000061035156,283.5,266.94793701171875,886597
DNB,DNB.OL,2026-01-05,284.6000061035156,284.6000061035156,278.5,280.5,264.1230773925781,1410330
DNB,DNB.OL,2026-01-06,280.5,281.6000061035156,278.79998779296875,279.0,262.7106628417969,1042057
DNB,DNB.OL,2026-01-07,279.5,279.70001220703125,275.79998779296875,277.0,260.8274230957031,2398217
DNB,DNB.OL,2026-01-08,276.20001220703125,277.3999938964844,275.1000061035156,277.0,260.8274230957031,2026771
DNB,DNB.OL,2026-01-09,277.8999938964844,277.8999938964844,275.3999938964844,276.20001220703125,260.07415771484375,1295035
DNB,DNB.OL,2026-01-12,276.0,277.5,274.0,277.5,261.2982482910156,2260260
DNB,DNB.OL,2026-01-13,279.29998779296875,279.5,277.8999938964844,277.8999938964844,261.6748962402344,1896029
DNB,DNB.OL,2026-01-14,277.79998779296875,282.70001220703125,276.5,282.70001220703125,266.19464111328125,2479722
DNB,DNB.OL,2026-01-15,282.0,282.8999938964844,280.79998779296875,282.6000061035156,266.1004943847656,2046732
DNB,DNB.OL,2026-01-16,283.0,283.70001220703125,281.3999938964844,282.70001220703125,266.19464111328125,1553712
DNB,DNB.OL,2026-01-19,279.20001220703125,279.3999938964844,277.1000061035156,278.20001220703125,261.9573974609375,1224472
DNB,DNB.OL,2026-01-20,278.0,278.5,276.20001220703125,277.6000061035156,261.39239501953125,1222702
DNB,DNB.OL,2026-01-21,277.79998779296875,279.6000061035156,273.70001220703125,279.20001220703125,262.89898681640625,1297388
DNB,DNB.OL,2026-01-22,280.79998779296875,282.5,279.79998779296875,279.79998779296875,263.4639587402344,1350569
DNB,DNB.OL,2026-01-23,279.8999938964844,280.6000061035156,277.3999938964844,278.0,261.76904296875,1255472
DNB,DNB.OL,2026-01-26,278.79998779296875,281.79998779296875,278.6000061035156,280.70001220703125,264.3114318847656,1198832
DNB,DNB.OL,2026-01-27,282.3999938964844,283.8999938964844,281.70001220703125,282.8999938964844,266.3829650878906,1100324
DNB,DNB.OL,2026-01-28,283.5,284.1000061035156,277.29998779296875,278.8999938964844,262.6164855957031,1834942
DNB,DNB.OL,2026-01-29,278.1000061035156,278.29998779296875,273.1000061035156,275.6000061035156,259.5091857910156,1939585
DNB,DNB.OL,2026-01-30,275.8999938964844,277.5,274.79998779296875,276.70001220703125,260.5449523925781,1864731
DNB,DNB.OL,2026-02-02,274.70001220703125,280.8999938964844,272.29998779296875,280.8999938964844,264.4997253417969,1735147
DNB,DNB.OL,2026-02-03,282.0,284.8999938964844,281.5,283.5,266.94793701171875,2254998
DNB,DNB.OL,2026-02-04,292.0,293.79998779296875,287.29998779296875,292.8999938964844,275.7991027832031,2896513
DNB,DNB.OL,2026-02-05,288.3999938964844,291.29998779296875,286.79998779296875,288.1000061035156,271.27935791015625,1850839
DNB,DNB.OL,2026-02-06,288.6000061035156,290.8999938964844,287.79998779296875,290.29998779296875,273.35089111328125,1241769
DNB,DNB.OL,2026-02-09,291.1000061035156,291.29998779296875,287.3999938964844,289.20001220703125,272.3151550292969,1368635
DNB,DNB.OL,2026-02-10,290.1000061035156,295.3999938964844,290.1000061035156,294.5,277.3056945800781,1911172
DNB,DNB.OL,2026-02-11,293.29998779296875,294.70001220703125,291.20001220703125,292.5,275.4224853515625,1516400
DNB,DNB.OL,2026-02-12,296.1000061035156,298.29998779296875,295.6000061035156,295.6000061035156,278.34149169921875,4169931
DNB,DNB.OL,2026-02-13,293.8999938964844,296.29998779296875,292.3999938964844,292.79998779296875,275.7049560546875,1966896
DNB,DNB.OL,2026-02-16,294.8999938964844,298.5,294.8999938964844,296.5,279.1889343261719,989915
DNB,DNB.OL,2026-02-17,295.5,299.0,295.5,298.8999938964844,281.44879150390625,1281440
DNB,DNB.OL,2026-02-18,300.29998779296875,302.79998779296875,299.5,302.0,284.3678283691406,1464664
DNB,DNB.OL,2026-02-19,302.5,303.0,298.0,298.6000061035156,281.16632080078125,2529478
DNB,DNB.OL,2026-02-20,300.0,305.1000061035156,299.1000061035156,305.1000061035156,287.2868347167969,1955646
DNB,DNB.OL,2026-02-23,306.0,307.29998779296875,303.1000061035156,304.0,286.25103759765625,1236922
DNB,DNB.OL,2026-02-24,302.5,302.79998779296875,298.3999938964844,299.0,281.54296875,1472227
DNB,DNB.OL,2026-02-25,300.0,304.1000061035156,299.3999938964844,304.1000061035156,286.34521484375,1398406
DNB,DNB.OL,2026-02-26,305.29998779296875,305.29998779296875,302.6000061035156,303.6000061035156,285.8744201660156,1176363
DNB,DNB.OL,2026-02-27,303.8999938964844,304.8999938964844,300.20001220703125,301.5,283.8970031738281,2458437
DNB,DNB.OL,2026-03-02,293.79998779296875,301.79998779296875,293.5,301.29998779296875,283.70867919921875,1862365
DNB,DNB.OL,2026-03-03,299.5,299.79998779296875,291.29998779296875,292.29998779296875,275.234130859375,3006703
DNB,DNB.OL,2026-03-04,294.0,300.29998779296875,292.6000061035156,299.6000061035156,282.1079406738281,1658913
DNB,DNB.OL,2026-03-05,300.8999938964844,300.8999938964844,296.8999938964844,297.29998779296875,279.94219970703125,1472655
DNB,DNB.OL,2026-03-06,297.29998779296875,297.29998779296875,290.6000061035156,291.79998779296875,274.7633361816406,1622500
DNB,DNB.OL,2026-03-09,289.79998779296875,290.8999938964844,286.6000061035156,289.8999938964844,272.9742736816406,1567044
DNB,DNB.OL,2026-03-10,294.70001220703125,296.8999938964844,290.1000061035156,292.29998779296875,275.234130859375,2146511
DNB,DNB.OL,2026-03-11,291.3999938964844,291.79998779296875,287.70001220703125,291.1000061035156,274.1042175292969,1577797
DNB,DNB.OL,2026-03-12,292.0,292.0,288.29998779296875,289.0,272.1268310546875,1808965
DNB,DNB.OL,2026-03-13,289.0,294.3999938964844,288.0,290.8999938964844,273.9158935546875,1511623
DNB,DNB.OL,2026-03-16,291.29998779296875,292.8999938964844,288.8999938964844,292.8999938964844,275.7991027832031,1379319
DNB,DNB.OL,2026-03-17,291.5,293.3999938964844,290.20001220703125,292.5,275.4224853515625,1472069
DNB,DNB.OL,2026-03-18,293.6000061035156,297.79998779296875,292.8999938964844,296.79998779296875,279.4714050292969,2273118
DNB,DNB.OL,2026-03-19,295.79998779296875,298.79998779296875,293.5,293.8999938964844,276.74072265625,2654197
DNB,DNB.OL,2026-03-20,297.29998779296875,299.0,289.6000061035156,289.6000061035156,272.6918029785156,6012283
DNB,DNB.OL,2026-03-23,287.8999938964844,295.29998779296875,285.29998779296875,294.0,276.83489990234375,2201749
DNB,DNB.OL,2026-03-24,291.20001220703125,292.3999938964844,285.8999938964844,288.6000061035156,271.75018310546875,2307712
DNB,DNB.OL,2026-03-25,291.6000061035156,292.1000061035156,289.5,290.1000061035156,273.16259765625,1478202
DNB,DNB.OL,2026-03-26,288.1000061035156,290.70001220703125,287.8999938964844,289.8999938964844,272.9742736816406,1586347
DNB,DNB.OL,2026-03-27,291.5,293.6000061035156,287.6000061035156,289.5,272.5976257324219,1462412
DNB,DNB.OL,2026-03-30,288.79998779296875,293.79998779296875,286.3999938964844,293.79998779296875,276.64654541015625,1418874
DNB,DNB.OL,2026-03-31,294.70001220703125,301.5,294.6000061035156,301.20001220703125,283.6145324707031,2419676
DNB,DNB.OL,2026-04-01,302.29998779296875,304.79998779296875,301.29998779296875,304.29998779296875,286.53350830078125,1191844
DNB,DNB.OL,2026-04-07,305.8999938964844,307.70001220703125,304.20001220703125,305.79998779296875,287.9459533691406,1985781
DNB,DNB.OL,2026-04-08,309.5,310.70001220703125,303.20001220703125,304.29998779296875,286.53350830078125,2903297
DNB,DNB.OL,2026-04-09,310.1000061035156,310.8999938964844,305.29998779296875,308.3999938964844,290.3941345214844,2077903
DNB,DNB.OL,2026-04-10,309.5,311.5,308.5,308.5,290.4883117675781,2132429
DNB,DNB.OL,2026-04-13,309.0,309.6000061035156,306.8999938964844,307.0,289.0758972167969,1721856
DNB,DNB.OL,2026-04-14,310.6000061035156,313.20001220703125,309.70001220703125,312.70001220703125,294.443115234375,2061980
DNB,DNB.OL,2026-04-15,313.1000061035156,313.6000061035156,310.20001220703125,310.20001220703125,292.0890808105469,1876035
DNB,DNB.OL,2026-04-16,311.0,311.20001220703125,306.20001220703125,306.20001220703125,288.3226013183594,2726016
DNB,DNB.OL,2026-04-17,305.1000061035156,306.3999938964844,302.3999938964844,304.29998779296875,286.53350830078125,3916809
DNB,DNB.OL,2026-04-20,303.5,305.8999938964844,302.6000061035156,305.3999938964844,287.5693054199219,2483314
DNB,DNB.OL,2026-04-21,305.5,309.3999938964844,305.1000061035156,308.29998779296875,290.29998779296875,2570937
DNB,DNB.OL,2026-04-22,291.79998779296875,293.3999938964844,288.3999938964844,289.5,289.5,2697614
DNB,DNB.OL,2026-04-23,276.5,281.79998779296875,276.1000061035156,280.29998779296875,280.29998779296875,4075994
DNB,DNB.OL,2026-04-24,282.3999938964844,282.3999938964844,276.79998779296875,277.20001220703125,277.20001220703125,2153922
DNB,DNB.OL,2026-04-27,277.20001220703125,279.8999938964844,275.3999938964844,277.70001220703125,277.70001220703125,1311234
DNB,DNB.OL,2026-04-28,278.0,281.5,277.70001220703125,278.0,278.0,1727245
DNB,DNB.OL,2026-04-29,278.0,279.0,276.5,277.8999938964844,277.8999938964844,1733780
DNB,DNB.OL,2026-04-30,276.79998779296875,280.6000061035156,275.79998779296875,280.6000061035156,280.6000061035156,2140795
DNB,DNB.OL,2026-05-04,281.5,281.5,276.70001220703125,278.3999938964844,278.3999938964844,1509354
DNB,DNB.OL,2026-05-05,278.5,280.0,277.6000061035156,278.0,278.0,1708097
DNB,DNB.OL,2026-05-06,280.1000061035156,282.29998779296875,279.29998779296875,281.1000061035156,281.1000061035156,1550413
DNB,DNB.OL,2026-05-07,282.8999938964844,284.8999938964844,280.1000061035156,283.29998779296875,283.29998779296875,2519991
DNB,DNB.OL,2026-05-08,281.3999938964844,282.0,277.5,280.1000061035156,280.1000061035156,1289609
DNB,DNB.OL,2026-05-11,281.1000061035156,282.70001220703125,279.29998779296875,279.3999938964844,279.3999938964844,266113
