ticker,yahoo_symbol,date,open,high,low,close,adj_close,volume
ELK,ELK.OL,2018-03-22,27.950000762939453,28.200000762939453,27.0,27.799999237060547,18.746253967285156,25143830
ELK,ELK.OL,2018-03-23,27.799999237060547,29.799999237060547,27.5,29.0,19.55544662475586,8664672
ELK,ELK.OL,2018-03-26,29.100000381469727,29.834999084472656,29.100000381469727,29.5,19.89261245727539,962956
ELK,ELK.OL,2018-03-27,29.799999237060547,30.024999618530273,29.200000762939453,29.950000762939453,20.196054458618164,1681729
ELK,ELK.OL,2018-03-28,30.0,30.399999618530273,29.700000762939453,30.149999618530273,20.33091926574707,457012
ELK,ELK.OL,2018-04-03,30.200000762939453,30.200000762939453,29.399999618530273,29.75,20.061193466186523,569526
ELK,ELK.OL,2018-04-04,30.09000015258789,30.18000030517578,28.610000610351562,29.3799991607666,19.811689376831055,862518
ELK,ELK.OL,2018-04-05,30.399999618530273,30.399999618530273,29.399999618530273,30.299999237060547,20.432069778442383,912508
ELK,ELK.OL,2018-04-06,30.399999618530273,30.399999618530273,29.799999237060547,30.200000762939453,20.36463737487793,1047823
ELK,ELK.OL,2018-04-09,30.0,30.299999237060547,29.920000076293945,30.014999389648438,20.239887237548828,414850
ELK,ELK.OL,2018-04-10,30.200000762939453,30.200000762939453,29.780000686645508,29.8700008392334,20.142108917236328,61934
ELK,ELK.OL,2018-04-11,29.5,29.899999618530273,29.19499969482422,29.700000762939453,20.027475357055664,535404
ELK,ELK.OL,2018-04-12,29.0049991607666,30.014999389648438,29.0049991607666,29.9950008392334,20.226402282714844,391724
ELK,ELK.OL,2018-04-13,29.65999984741211,30.200000762939453,29.65999984741211,30.200000762939453,20.36463737487793,76979
ELK,ELK.OL,2018-04-16,30.295000076293945,30.295000076293945,30.040000915527344,30.235000610351562,20.38823890686035,52496
ELK,ELK.OL,2018-04-17,30.100000381469727,30.25,30.020000457763672,30.25,20.398351669311523,122575
ELK,ELK.OL,2018-04-18,30.25,30.735000610351562,30.200000762939453,30.399999618530273,20.499502182006836,322859
ELK,ELK.OL,2018-04-19,30.700000762939453,31.399999618530273,30.600000381469727,31.094999313354492,20.96816062927246,691640
ELK,ELK.OL,2018-04-20,30.860000610351562,31.31999969482422,30.860000610351562,31.084999084472656,20.961414337158203,541466
ELK,ELK.OL,2018-04-23,31.135000228881836,31.200000762939453,30.700000762939453,31.079999923706055,20.958044052124023,234354
ELK,ELK.OL,2018-04-24,31.700000762939453,31.700000762939453,30.850000381469727,31.139999389648438,20.998502731323242,236915
ELK,ELK.OL,2018-04-25,30.5,31.079999923706055,30.5,30.969999313354492,20.883867263793945,188793
ELK,ELK.OL,2018-04-26,30.969999313354492,32.46500015258789,30.899999618530273,31.200000762939453,21.038963317871094,969073
ELK,ELK.OL,2018-04-27,31.184999465942383,31.579999923706055,30.899999618530273,31.5,21.241262435913086,212562
ELK,ELK.OL,2018-04-30,31.799999237060547,31.8799991607666,31.200000762939453,31.700000762939453,21.376127243041992,453912
ELK,ELK.OL,2018-05-02,32.5,33.474998474121094,32.099998474121094,33.29999923706055,22.455045700073242,1730060
ELK,ELK.OL,2018-05-03,33.599998474121094,33.849998474121094,33.0,33.20000076293945,22.387617111206055,200275
ELK,ELK.OL,2018-05-04,33.25,33.845001220703125,33.244998931884766,33.349998474121094,22.4887638092041,263464
ELK,ELK.OL,2018-05-07,33.7400016784668,33.95000076293945,33.400001525878906,33.82500076293945,22.80906867980957,457238
ELK,ELK.OL,2018-05-08,37.0,37.0,35.005001068115234,35.79999923706055,24.140859603881836,2764823
ELK,ELK.OL,2018-05-09,35.900001525878906,38.4900016784668,35.900001525878906,37.29999923706055,25.15235137939453,1484925
ELK,ELK.OL,2018-05-11,38.5,38.5,36.5,36.52000045776367,24.62637710571289,467129
ELK,ELK.OL,2018-05-14,36.619998931884766,36.849998474121094,35.66999816894531,35.86000061035156,24.181320190429688,322121
ELK,ELK.OL,2018-05-15,35.5,37.16999816894531,35.5,36.599998474121094,24.68032455444336,658054
ELK,ELK.OL,2018-05-16,37.20000076293945,37.20000076293945,36.099998474121094,36.46500015258789,24.58928871154785,302123
ELK,ELK.OL,2018-05-18,36.775001525878906,37.5,36.48500061035156,37.1150016784668,25.02760124206543,385812
ELK,ELK.OL,2018-05-22,37.400001525878906,37.55500030517578,36.900001525878906,37.0,24.95005226135254,885602
ELK,ELK.OL,2018-05-23,37.165000915527344,37.3650016784668,36.6150016784668,36.70000076293945,24.74775505065918,612124
ELK,ELK.OL,2018-05-24,36.75,37.060001373291016,36.40999984741211,36.75,24.78147315979004,898623
ELK,ELK.OL,2018-05-25,37.0,37.125,36.0,36.5,24.61288833618164,191080
ELK,ELK.OL,2018-05-28,36.79999923706055,36.81999969482422,36.16999816894531,36.61000061035156,24.68706512451172,232857
ELK,ELK.OL,2018-05-29,36.6349983215332,36.75,36.02000045776367,36.36000061035156,24.51848602294922,210362
ELK,ELK.OL,2018-05-30,36.005001068115234,36.19499969482422,35.005001068115234,35.599998474121094,24.005996704101562,429831
ELK,ELK.OL,2018-05-31,35.70500183105469,36.0,35.0,35.400001525878906,23.87113380432129,514800
ELK,ELK.OL,2018-06-01,35.005001068115234,35.470001220703125,34.900001525878906,35.15999984741211,23.709293365478516,500353
ELK,ELK.OL,2018-06-04,35.994998931884766,35.994998931884766,34.790000915527344,34.915000915527344,23.544082641601562,354752
ELK,ELK.OL,2018-06-05,35.349998474121094,35.349998474121094,34.224998474121094,34.650001525878906,23.365388870239258,359891
ELK,ELK.OL,2018-06-06,34.42499923706055,35.275001525878906,34.42499923706055,34.79999923706055,23.466537475585938,698975
ELK,ELK.OL,2018-06-07,35.0,36.900001525878906,35.0,36.599998474121094,24.68032455444336,625745
ELK,ELK.OL,2018-06-08,37.0,37.290000915527344,35.79999923706055,36.060001373291016,24.31618881225586,257776
ELK,ELK.OL,2018-06-11,36.099998474121094,36.40999984741211,35.40999984741211,35.650001525878906,24.039714813232422,273102
ELK,ELK.OL,2018-06-12,35.599998474121094,35.89500045776367,35.29999923706055,35.599998474121094,24.005996704101562,283789
ELK,ELK.OL,2018-06-13,35.70000076293945,36.224998474121094,35.625,35.89500045776367,24.204923629760742,376336
ELK,ELK.OL,2018-06-14,36.5,38.6349983215332,36.29999923706055,38.470001220703125,25.94131088256836,816311
ELK,ELK.OL,2018-06-15,38.16999816894531,38.9900016784668,38.099998474121094,38.70500183105469,26.099775314331055,309968
ELK,ELK.OL,2018-06-18,38.70500183105469,39.0,38.459999084472656,38.779998779296875,26.150346755981445,182894
ELK,ELK.OL,2018-06-19,39.0,39.0,38.20500183105469,38.400001525878906,25.89410972595215,309426
ELK,ELK.OL,2018-06-20,38.78499984741211,38.900001525878906,37.70000076293945,38.70000076293945,26.096406936645508,183041
ELK,ELK.OL,2018-06-21,38.70000076293945,38.70000076293945,37.209999084472656,37.60499954223633,25.358020782470703,153854
ELK,ELK.OL,2018-06-22,37.599998474121094,38.20500183105469,37.5,38.099998474121094,25.691810607910156,235643
ELK,ELK.OL,2018-06-25,38.099998474121094,38.099998474121094,36.755001068115234,37.04999923706055,24.9837703704834,221285
ELK,ELK.OL,2018-06-26,37.04999923706055,37.08000183105469,36.54499816894531,36.994998931884766,24.946680068969727,103192
ELK,ELK.OL,2018-06-27,37.03499984741211,37.20000076293945,36.0,36.755001068115234,24.784841537475586,323989
ELK,ELK.OL,2018-06-28,36.400001525878906,38.77000045776367,36.400001525878906,37.5,25.28721809387207,185221
ELK,ELK.OL,2018-06-29,38.20000076293945,38.5,37.54499816894531,38.0,25.62437629699707,352474
ELK,ELK.OL,2018-07-02,38.0,38.0,36.279998779296875,37.0,24.95005226135254,406266
ELK,ELK.OL,2018-07-03,37.20000076293945,37.779998779296875,36.959999084472656,37.470001220703125,25.266984939575195,886013
ELK,ELK.OL,2018-07-04,37.470001220703125,37.97999954223633,37.23500061035156,37.23500061035156,25.1085205078125,262295
ELK,ELK.OL,2018-07-05,37.349998474121094,38.20000076293945,37.23500061035156,37.71500015258789,25.43219566345215,311967
ELK,ELK.OL,2018-07-06,37.71500015258789,37.83000183105469,36.6349983215332,37.005001068115234,24.953428268432617,174525
ELK,ELK.OL,2018-07-09,37.20000076293945,37.630001068115234,36.83000183105469,37.26499938964844,25.12874984741211,198578
ELK,ELK.OL,2018-07-10,37.2599983215332,37.959999084472656,36.93000030517578,37.959999084472656,25.597402572631836,109157
ELK,ELK.OL,2018-07-11,37.52000045776367,37.57500076293945,36.13999938964844,36.88999938964844,24.875877380371094,292833
ELK,ELK.OL,2018-07-12,36.755001068115234,37.625,35.0,37.29999923706055,25.15235137939453,401466
ELK,ELK.OL,2018-07-13,37.099998474121094,37.79999923706055,37.099998474121094,37.72999954223633,25.442312240600586,257741
ELK,ELK.OL,2018-07-16,37.900001525878906,37.900001525878906,36.95000076293945,37.224998474121094,25.101774215698242,186977
ELK,ELK.OL,2018-07-17,37.79499816894531,37.79499816894531,36.744998931884766,36.8650016784668,24.859020233154297,117926
ELK,ELK.OL,2018-07-18,36.900001525878906,36.97999954223633,36.61000061035156,36.61000061035156,24.68706512451172,144569
ELK,ELK.OL,2018-07-19,36.61000061035156,37.310001373291016,36.02000045776367,36.915000915527344,24.89273452758789,201668
ELK,ELK.OL,2018-07-20,37.0,37.435001373291016,36.54499816894531,36.599998474121094,24.68032455444336,174468
ELK,ELK.OL,2018-07-23,36.599998474121094,36.82500076293945,35.58000183105469,35.8849983215332,24.198179244995117,168578
ELK,ELK.OL,2018-07-24,36.0,36.0099983215332,35.75,35.79999923706055,24.140859603881836,180363
ELK,ELK.OL,2018-07-25,35.75,35.904998779296875,35.334999084472656,35.4900016784668,23.931821823120117,168647
ELK,ELK.OL,2018-07-26,35.5,37.400001525878906,35.5,37.290000915527344,25.145606994628906,1167321
ELK,ELK.OL,2018-07-27,37.599998474121094,39.7400016784668,37.369998931884766,38.875,26.214412689208984,701542
ELK,ELK.OL,2018-07-30,38.92499923706055,39.33000183105469,37.7599983215332,38.31999969482422,25.840164184570312,409634
ELK,ELK.OL,2018-07-31,38.0099983215332,38.314998626708984,37.5,37.849998474121094,25.52322769165039,162717
ELK,ELK.OL,2018-08-01,37.73500061035156,39.03499984741211,37.5,38.310001373291016,25.833417892456055,205453
ELK,ELK.OL,2018-08-02,38.310001373291016,38.81999969482422,37.665000915527344,38.76499938964844,26.14023780822754,123352
ELK,ELK.OL,2018-08-03,38.79999923706055,39.25,38.72999954223633,38.974998474121094,26.281845092773438,310541
ELK,ELK.OL,2018-08-06,39.0,39.744998931884766,39.0,39.744998931884766,26.80107307434082,187722
ELK,ELK.OL,2018-08-07,39.93000030517578,40.369998931884766,39.755001068115234,40.20000076293945,27.107894897460938,273744
ELK,ELK.OL,2018-08-08,40.20000076293945,40.39500045776367,39.28499984741211,40.25,27.141613006591797,266746
ELK,ELK.OL,2018-08-09,40.25,42.0,40.20000076293945,41.5,27.98451805114746,575263
ELK,ELK.OL,2018-08-10,42.0,42.0,40.619998931884766,41.0,27.647357940673828,265756
ELK,ELK.OL,2018-08-13,42.0,43.0,40.0,40.0,26.97303009033203,749810
ELK,ELK.OL,2018-08-14,40.25,41.16999816894531,40.04999923706055,40.779998779296875,27.49900245666504,331715
ELK,ELK.OL,2018-08-15,40.900001525878906,40.91999816894531,40.0,40.42499923706055,27.259618759155273,352199
ELK,ELK.OL,2018-08-16,41.0,41.0,39.875,40.29999923706055,27.175323486328125,335435
ELK,ELK.OL,2018-08-17,41.400001525878906,42.0,39.70000076293945,40.51499938964844,27.3203067779541,2407040
ELK,ELK.OL,2018-08-20,40.52000045776367,42.099998474121094,40.51499938964844,41.70000076293945,28.119384765625,1163153
ELK,ELK.OL,2018-08-21,42.0,42.7400016784668,42.0,42.33000183105469,28.544208526611328,939740
ELK,ELK.OL,2018-08-22,42.73500061035156,42.73500061035156,42.099998474121094,42.20000076293945,28.456544876098633,443341
ELK,ELK.OL,2018-08-23,42.209999084472656,42.564998626708984,42.20000076293945,42.38999938964844,28.58466339111328,423129
ELK,ELK.OL,2018-08-24,42.834999084472656,43.47999954223633,42.650001525878906,42.7400016784668,28.820682525634766,659042
ELK,ELK.OL,2018-08-27,43.08000183105469,45.0,43.08000183105469,44.845001220703125,30.240140914916992,870439
ELK,ELK.OL,2018-08-28,45.04999923706055,45.71500015258789,44.810001373291016,45.0,30.34465980529785,829345
ELK,ELK.OL,2018-08-29,45.1349983215332,45.400001525878906,44.32500076293945,44.90999984741211,30.28396987915039,671140
ELK,ELK.OL,2018-08-30,44.81999969482422,45.1349983215332,43.70000076293945,44.599998474121094,30.074928283691406,793714
ELK,ELK.OL,2018-08-31,44.5,44.79999923706055,43.970001220703125,44.02000045776367,29.683818817138672,762923
ELK,ELK.OL,2018-09-03,43.79999923706055,44.02000045776367,42.67499923706055,43.45000076293945,29.29945182800293,567264
ELK,ELK.OL,2018-09-04,43.404998779296875,43.404998779296875,42.380001068115234,42.540000915527344,28.685815811157227,775192
ELK,ELK.OL,2018-09-05,42.529998779296875,42.9900016784668,42.14500045776367,42.5,28.658842086791992,746474
ELK,ELK.OL,2018-09-06,42.400001525878906,42.709999084472656,41.0,41.43000030517578,27.93731689453125,788073
ELK,ELK.OL,2018-09-07,41.439998626708984,41.51499938964844,40.5,41.099998474121094,27.714784622192383,574906
ELK,ELK.OL,2018-09-10,41.099998474121094,42.47999954223633,41.099998474121094,42.25,28.490262985229492,807134
ELK,ELK.OL,2018-09-11,42.65999984741211,43.345001220703125,41.54999923706055,41.91999816894531,28.267730712890625,700173
ELK,ELK.OL,2018-09-12,42.30500030517578,42.665000915527344,39.900001525878906,40.5,27.310192108154297,1475328
ELK,ELK.OL,2018-09-13,41.099998474121094,41.099998474121094,38.5,38.51499938964844,25.971654891967773,1761910
ELK,ELK.OL,2018-09-14,38.91999816894531,40.16999816894531,38.369998931884766,38.79999923706055,26.163837432861328,1427848
ELK,ELK.OL,2018-09-17,39.279998779296875,39.279998779296875,37.80500030517578,38.15999984741211,25.732267379760742,1035295
ELK,ELK.OL,2018-09-18,38.0,38.91999816894531,37.904998779296875,38.8849983215332,26.221155166625977,1219503
ELK,ELK.OL,2018-09-19,39.02000045776367,39.31999969482422,38.63999938964844,39.06999969482422,26.345905303955078,904883
ELK,ELK.OL,2018-09-20,39.2599983215332,39.400001525878906,38.904998779296875,39.375,26.551578521728516,968271
ELK,ELK.OL,2018-09-21,39.400001525878906,40.915000915527344,39.20000076293945,40.21500015258789,27.118009567260742,5691845
ELK,ELK.OL,2018-09-24,40.54999923706055,41.5,40.279998779296875,41.095001220703125,27.711416244506836,868643
ELK,ELK.OL,2018-09-25,41.35499954223633,41.595001220703125,40.560001373291016,40.810001373291016,27.519235610961914,1057682
ELK,ELK.OL,2018-09-26,40.994998931884766,41.13999938964844,40.599998474121094,40.915000915527344,27.590038299560547,1038014
ELK,ELK.OL,2018-09-27,40.915000915527344,40.915000915527344,39.900001525878906,40.099998474121094,27.040462493896484,732845
ELK,ELK.OL,2018-09-28,40.099998474121094,41.0,39.525001525878906,40.665000915527344,27.42145538330078,1354698
ELK,ELK.OL,2018-10-01,41.0,41.29999923706055,40.75,41.165000915527344,27.758621215820312,702363
ELK,ELK.OL,2018-10-02,41.220001220703125,41.220001220703125,40.119998931884766,40.20000076293945,27.107894897460938,1082970
ELK,ELK.OL,2018-10-03,40.23500061035156,40.25,39.36000061035156,39.39500045776367,26.565061569213867,574621
ELK,ELK.OL,2018-10-04,39.5,39.78499984741211,38.0099983215332,38.1349983215332,25.715412139892578,882207
ELK,ELK.OL,2018-10-05,38.0,38.599998474121094,36.79999923706055,36.834999084472656,24.838788986206055,1110287
ELK,ELK.OL,2018-10-08,37.29999923706055,37.85499954223633,36.01499938964844,36.20500183105469,24.413965225219727,1076609
ELK,ELK.OL,2018-10-09,36.68000030517578,36.959999084472656,35.79999923706055,35.880001068115234,24.194808959960938,1150041
ELK,ELK.OL,2018-10-10,36.0,36.185001373291016,33.95500183105469,34.20000076293945,23.061941146850586,2223869
ELK,ELK.OL,2018-10-11,32.20000076293945,34.474998474121094,32.025001525878906,33.974998474121094,22.910215377807617,1539933
ELK,ELK.OL,2018-10-12,34.04999923706055,34.4900016784668,32.54999923706055,33.1150016784668,22.330297470092773,855437
ELK,ELK.OL,2018-10-15,33.349998474121094,33.6349983215332,32.345001220703125,32.53499984741211,21.93918800354004,1167943
ELK,ELK.OL,2018-10-16,33.0,33.92499923706055,32.79999923706055,33.900001525878906,22.859643936157227,758028
ELK,ELK.OL,2018-10-17,34.65999984741211,34.70000076293945,33.255001068115234,33.95500183105469,22.8967342376709,1169090
ELK,ELK.OL,2018-10-18,34.0,34.005001068115234,32.20000076293945,32.400001525878906,21.848154067993164,1086959
ELK,ELK.OL,2018-10-19,32.599998474121094,32.95000076293945,31.329999923706055,31.934999465942383,21.53459358215332,733664
ELK,ELK.OL,2018-10-22,32.45000076293945,32.45000076293945,31.059999465942383,31.399999618530273,21.173828125,1469440
ELK,ELK.OL,2018-10-23,31.280000686645508,31.639999389648438,30.329999923706055,31.0,20.904098510742188,1119060
ELK,ELK.OL,2018-10-24,28.7549991607666,29.0,24.6200008392334,25.704999923706055,17.33354377746582,11658912
ELK,ELK.OL,2018-10-25,25.0,25.44499969482422,23.850000381469727,24.5049991607666,16.52435302734375,5297300
ELK,ELK.OL,2018-10-26,24.584999084472656,25.18000030517578,24.049999237060547,24.219999313354492,16.332168579101562,4614162
ELK,ELK.OL,2018-10-29,24.299999237060547,25.280000686645508,24.25,24.78499984741211,16.713165283203125,2921317
ELK,ELK.OL,2018-10-30,24.799999237060547,24.989999771118164,23.809999465942383,24.350000381469727,16.419830322265625,2692779
ELK,ELK.OL,2018-10-31,24.954999923706055,25.239999771118164,24.700000762939453,25.104999542236328,16.92894744873047,3440086
ELK,ELK.OL,2018-11-01,25.045000076293945,27.59000015258789,24.899999618530273,27.399999618530273,18.476526260375977,4339496
ELK,ELK.OL,2018-11-02,28.030000686645508,29.15999984741211,27.514999389648438,28.975000381469727,19.538591384887695,4509266
ELK,ELK.OL,2018-11-05,29.15999984741211,29.299999237060547,28.0,28.5049991607666,19.221654891967773,2691162
ELK,ELK.OL,2018-11-06,28.65999984741211,29.200000762939453,28.149999618530273,29.135000228881836,19.646482467651367,1392267
ELK,ELK.OL,2018-11-07,29.344999313354492,29.540000915527344,28.46500015258789,28.899999618530273,19.488014221191406,1145804
ELK,ELK.OL,2018-11-08,29.020000457763672,29.225000381469727,27.799999237060547,27.924999237060547,18.830547332763672,1200453
ELK,ELK.OL,2018-11-09,27.68000030517578,28.0,26.799999237060547,27.0,18.20679473876953,1084955
ELK,ELK.OL,2018-11-12,27.274999618530273,27.725000381469727,26.719999313354492,26.969999313354492,18.186565399169922,596721
ELK,ELK.OL,2018-11-13,26.844999313354492,27.190000534057617,26.364999771118164,26.829999923706055,18.092159271240234,713701
ELK,ELK.OL,2018-11-14,27.19499969482422,27.9950008392334,26.899999618530273,27.354999542236328,18.44618034362793,1645820
ELK,ELK.OL,2018-11-15,27.399999618530273,27.399999618530273,26.610000610351562,26.6299991607666,17.957292556762695,763394
ELK,ELK.OL,2018-11-16,27.155000686645508,27.604999542236328,26.860000610351562,27.469999313354492,18.52372932434082,1696696
ELK,ELK.OL,2018-11-19,27.889999389648438,27.889999389648438,26.399999618530273,26.6299991607666,17.957292556762695,947278
ELK,ELK.OL,2018-11-20,26.649999618530273,26.799999237060547,25.15999984741211,25.299999237060547,17.06043815612793,2203830
ELK,ELK.OL,2018-11-21,25.190000534057617,26.81999969482422,25.15999984741211,26.6299991607666,17.957292556762695,1572089
ELK,ELK.OL,2018-11-22,26.704999923706055,26.780000686645508,25.809999465942383,26.0,17.532468795776367,803050
ELK,ELK.OL,2018-11-23,25.899999618530273,26.399999618530273,25.799999237060547,26.139999389648438,17.626874923706055,990023
ELK,ELK.OL,2018-11-26,26.674999237060547,27.200000762939453,26.200000762939453,26.899999618530273,18.139362335205078,703088
ELK,ELK.OL,2018-11-27,26.9950008392334,27.100000381469727,26.309999465942383,26.325000762939453,17.751623153686523,825046
ELK,ELK.OL,2018-11-28,26.329999923706055,26.514999389648438,25.735000610351562,25.799999237060547,17.397602081298828,1184751
ELK,ELK.OL,2018-11-29,25.989999771118164,26.899999618530273,25.850000381469727,26.200000762939453,17.667335510253906,1092624
ELK,ELK.OL,2018-11-30,26.295000076293945,26.604999542236328,25.899999618530273,26.0,17.532468795776367,6567853
ELK,ELK.OL,2018-12-03,27.0,28.0,27.0,27.459999084472656,18.516984939575195,1536919
ELK,ELK.OL,2018-12-04,27.385000228881836,27.5,26.149999618530273,26.149999618530273,17.633617401123047,1237498
ELK,ELK.OL,2018-12-05,25.600000381469727,25.93000030517578,25.360000610351562,25.5,17.195308685302734,942949
ELK,ELK.OL,2018-12-06,25.170000076293945,25.280000686645508,24.190000534057617,24.399999618530273,16.45354652404785,1391770
ELK,ELK.OL,2018-12-07,24.709999084472656,24.979999542236328,22.799999237060547,23.575000762939453,15.897231101989746,2264365
ELK,ELK.OL,2018-12-10,23.094999313354492,23.094999313354492,21.325000762939453,21.5049991607666,14.501374244689941,2208300
ELK,ELK.OL,2018-12-11,21.700000762939453,22.325000762939453,21.524999618530273,22.25,15.00374698638916,2031715
ELK,ELK.OL,2018-12-12,22.489999771118164,22.684999465942383,22.290000915527344,22.540000915527344,15.199301719665527,916643
ELK,ELK.OL,2018-12-13,22.600000381469727,22.979999542236328,22.18000030517578,22.25,15.00374698638916,1177525
ELK,ELK.OL,2018-12-14,21.940000534057617,23.03499984741211,21.549999237060547,22.795000076293945,15.371256828308105,1740406
ELK,ELK.OL,2018-12-17,22.780000686645508,23.0,22.045000076293945,22.065000534057617,14.878998756408691,768284
ELK,ELK.OL,2018-12-18,21.530000686645508,22.670000076293945,20.639999389648438,22.19499969482422,14.966659545898438,1999387
ELK,ELK.OL,2018-12-19,22.19499969482422,22.899999618530273,21.985000610351562,22.75,15.340910911560059,668067
ELK,ELK.OL,2018-12-20,22.079999923706055,22.280000686645508,21.5,21.709999084472656,14.639612197875977,1203515
ELK,ELK.OL,2018-12-21,21.329999923706055,22.125,21.010000228881836,21.604999542236328,14.568806648254395,1254711
ELK,ELK.OL,2018-12-27,22.125,22.299999237060547,21.014999389648438,21.065000534057617,14.204672813415527,829327
ELK,ELK.OL,2018-12-28,21.5,22.28499984741211,21.405000686645508,22.19499969482422,14.966659545898438,1792292
ELK,ELK.OL,2019-01-02,22.139999389648438,22.360000610351562,21.530000686645508,21.889999389648438,14.760991096496582,1030588
ELK,ELK.OL,2019-01-03,21.8700008392334,22.0,21.239999771118164,21.334999084472656,14.386738777160645,1068987
ELK,ELK.OL,2019-01-04,21.600000381469727,22.0,21.4950008392334,21.915000915527344,14.777849197387695,1654607
ELK,ELK.OL,2019-01-07,22.46500015258789,22.979999542236328,22.0,22.25,15.00374698638916,2581636
ELK,ELK.OL,2019-01-08,22.5,23.200000762939453,22.30500030517578,22.905000686645508,15.44543170928955,2406805
ELK,ELK.OL,2019-01-09,23.3799991607666,24.8799991607666,23.280000686645508,24.204999923706055,16.322053909301758,4057477
ELK,ELK.OL,2019-01-10,24.399999618530273,24.739999771118164,24.0,24.100000381469727,16.251251220703125,2920782
ELK,ELK.OL,2019-01-11,24.4950008392334,24.5,23.415000915527344,24.25,16.352399826049805,2405960
ELK,ELK.OL,2019-01-14,24.0,24.100000381469727,23.405000686645508,24.0,16.18381690979004,1115292
ELK,ELK.OL,2019-01-15,24.239999771118164,24.364999771118164,23.579999923706055,23.799999237060547,16.048952102661133,704709
ELK,ELK.OL,2019-01-16,23.959999084472656,24.295000076293945,23.700000762939453,24.059999465942383,16.22427749633789,887293
ELK,ELK.OL,2019-01-17,24.079999923706055,24.100000381469727,23.700000762939453,23.979999542236328,16.170330047607422,806316
ELK,ELK.OL,2019-01-18,24.204999923706055,24.399999618530273,23.899999618530273,24.0,16.18381690979004,978759
ELK,ELK.OL,2019-01-21,24.100000381469727,24.100000381469727,23.579999923706055,23.729999542236328,16.00174903869629,799333
ELK,ELK.OL,2019-01-22,23.520000457763672,23.69499969482422,22.90999984741211,23.084999084472656,15.566807746887207,1104808
ELK,ELK.OL,2019-01-23,22.899999618530273,23.475000381469727,22.6200008392334,23.100000381469727,15.576924324035645,773354
ELK,ELK.OL,2019-01-24,23.0,23.799999237060547,22.8700008392334,23.264999389648438,15.688188552856445,637993
ELK,ELK.OL,2019-01-25,23.399999618530273,23.510000228881836,22.950000762939453,23.049999237060547,15.543208122253418,687368
ELK,ELK.OL,2019-01-28,23.110000610351562,23.354999542236328,22.700000762939453,22.790000915527344,15.36788558959961,517362
ELK,ELK.OL,2019-01-29,22.969999313354492,23.3799991607666,22.690000534057617,23.0,15.509491920471191,1118289
ELK,ELK.OL,2019-01-30,23.0,23.350000381469727,22.825000762939453,23.19499969482422,15.640984535217285,652473
ELK,ELK.OL,2019-01-31,23.5,24.885000228881836,23.334999084472656,24.399999618530273,16.45354652404785,1859104
ELK,ELK.OL,2019-02-01,24.850000381469727,26.100000381469727,24.719999313354492,24.979999542236328,16.844655990600586,2011718
ELK,ELK.OL,2019-02-04,25.209999084472656,25.274999618530273,24.549999237060547,24.75,16.68956184387207,623373
ELK,ELK.OL,2019-02-05,25.0,25.149999618530273,24.55500030517578,24.68000030517578,16.64236068725586,742781
ELK,ELK.OL,2019-02-06,24.850000381469727,24.850000381469727,24.3799991607666,24.420000076293945,16.46703338623047,526232
ELK,ELK.OL,2019-02-07,24.229999542236328,24.375,23.34000015258789,23.53499984741211,15.870257377624512,1441398
ELK,ELK.OL,2019-02-08,23.149999618530273,23.389999389648438,22.75,22.899999618530273,15.442060470581055,1264598
ELK,ELK.OL,2019-02-11,23.0,23.600000381469727,22.700000762939453,22.71500015258789,15.317309379577637,1331450
ELK,ELK.OL,2019-02-12,24.649999618530273,26.889999389648438,24.5,26.53499984741211,17.893232345581055,4617311
ELK,ELK.OL,2019-02-13,26.799999237060547,29.295000076293945,26.100000381469727,28.899999618530273,19.488014221191406,3802211
ELK,ELK.OL,2019-02-14,29.100000381469727,29.489999771118164,27.31999969482422,27.899999618530273,18.813688278198242,2696422
ELK,ELK.OL,2019-02-15,27.844999313354492,28.799999237060547,27.729999542236328,28.479999542236328,19.20479965209961,1546483
ELK,ELK.OL,2019-02-18,28.770000457763672,28.940000534057617,27.524999618530273,27.799999237060547,18.746253967285156,1403447
ELK,ELK.OL,2019-02-19,27.799999237060547,28.19499969482422,27.299999237060547,28.100000381469727,18.94855308532715,876034
ELK,ELK.OL,2019-02-20,28.110000610351562,28.774999618530273,28.110000610351562,28.649999618530273,19.319433212280273,1310051
ELK,ELK.OL,2019-02-21,28.8799991607666,29.18000030517578,28.18000030517578,28.375,19.13399314880371,969142
ELK,ELK.OL,2019-02-22,27.834999084472656,29.149999618530273,27.834999084472656,28.719999313354492,19.366634368896484,1042173
ELK,ELK.OL,2019-02-25,29.020000457763672,29.799999237060547,28.815000534057617,29.104999542236328,19.626249313354492,1988444
ELK,ELK.OL,2019-02-26,29.149999618530273,29.68000030517578,28.81999969482422,29.184999465942383,19.680194854736328,786400
ELK,ELK.OL,2019-02-27,29.184999465942383,29.68000030517578,29.065000534057617,29.665000915527344,20.003873825073242,1167615
ELK,ELK.OL,2019-02-28,29.59000015258789,29.639999389648438,29.100000381469727,29.454999923706055,19.86226463317871,1223615
ELK,ELK.OL,2019-03-01,29.510000228881836,29.799999237060547,29.229999542236328,29.309999465942383,19.764488220214844,713241
ELK,ELK.OL,2019-03-04,29.899999618530273,29.899999618530273,28.6299991607666,28.8700008392334,19.467784881591797,926751
ELK,ELK.OL,2019-03-05,28.8700008392334,29.78499984741211,28.8700008392334,29.559999465942383,19.933069229125977,1577811
ELK,ELK.OL,2019-03-06,29.795000076293945,29.799999237060547,29.315000534057617,29.530000686645508,19.912837982177734,708156
ELK,ELK.OL,2019-03-07,29.5,29.5,28.625,28.979999542236328,19.54195785522461,1169779
ELK,ELK.OL,2019-03-08,28.399999618530273,28.799999237060547,27.920000076293945,28.110000610351562,18.955297470092773,981660
ELK,ELK.OL,2019-03-11,28.415000915527344,28.81999969482422,28.149999618530273,28.774999618530273,19.403722763061523,651881
ELK,ELK.OL,2019-03-12,29.030000686645508,30.315000534057617,29.0,30.149999618530273,20.33091926574707,1348540
ELK,ELK.OL,2019-03-13,30.125,30.43000030517578,29.459999084472656,30.0049991607666,20.233142852783203,994816
ELK,ELK.OL,2019-03-14,30.049999237060547,30.229999542236328,29.5049991607666,29.719999313354492,20.04096031188965,1122086
ELK,ELK.OL,2019-03-15,30.0,31.0,29.719999313354492,30.825000762939453,20.78609275817871,2062596
ELK,ELK.OL,2019-03-18,31.5,32.439998626708984,31.5,31.799999237060547,21.443557739257812,1836511
ELK,ELK.OL,2019-03-19,32.0,32.189998626708984,31.104999542236328,31.325000762939453,21.123254776000977,1247958
ELK,ELK.OL,2019-03-20,31.325000762939453,31.5,30.90999984741211,31.079999923706055,20.958044052124023,784617
ELK,ELK.OL,2019-03-21,31.200000762939453,31.200000762939453,30.25,30.299999237060547,20.432069778442383,1324136
ELK,ELK.OL,2019-03-22,30.510000228881836,30.854999542236328,30.100000381469727,30.1200008392334,20.310691833496094,1242780
ELK,ELK.OL,2019-03-25,29.725000381469727,29.834999084472656,28.780000686645508,29.540000915527344,19.919584274291992,1103173
ELK,ELK.OL,2019-03-26,29.625,30.135000228881836,29.399999618530273,29.799999237060547,20.094907760620117,962047
ELK,ELK.OL,2019-03-27,30.09000015258789,30.3700008392334,29.094999313354492,29.399999618530273,19.825176239013672,1213239
ELK,ELK.OL,2019-03-28,29.399999618530273,30.399999618530273,29.399999618530273,29.610000610351562,19.966785430908203,913380
ELK,ELK.OL,2019-03-29,30.100000381469727,30.559999465942383,29.93000030517578,30.559999465942383,20.60739517211914,1016600
ELK,ELK.OL,2019-04-01,30.81999969482422,31.239999771118164,30.0,30.299999237060547,20.432069778442383,1154567
ELK,ELK.OL,2019-04-02,30.399999618530273,31.0,30.31999969482422,30.959999084472656,20.877124786376953,948674
ELK,ELK.OL,2019-04-03,31.18000030517578,31.959999084472656,31.059999465942383,31.700000762939453,21.376127243041992,1002014
ELK,ELK.OL,2019-04-04,31.860000610351562,32.2599983215332,31.600000381469727,32.20000076293945,21.713289260864258,928740
ELK,ELK.OL,2019-04-05,32.220001220703125,33.599998474121094,32.220001220703125,33.5,22.589916229248047,1673452
ELK,ELK.OL,2019-04-08,34.040000915527344,34.5,33.68000030517578,34.0,22.927074432373047,2243806
ELK,ELK.OL,2019-04-09,34.279998779296875,34.86000061035156,33.7400016784668,34.060001373291016,22.96753692626953,1366887
ELK,ELK.OL,2019-04-10,33.81999969482422,35.380001068115234,33.720001220703125,34.68000030517578,23.385616302490234,1149455
ELK,ELK.OL,2019-04-11,34.63999938964844,34.70000076293945,34.13999938964844,34.29999923706055,23.129371643066406,790828
ELK,ELK.OL,2019-04-12,34.380001068115234,35.560001373291016,33.79999923706055,35.34000015258789,23.830671310424805,1388534
ELK,ELK.OL,2019-04-15,35.459999084472656,35.779998779296875,35.18000030517578,35.7599983215332,24.113887786865234,982240
ELK,ELK.OL,2019-04-16,35.900001525878906,36.2400016784668,35.65999984741211,35.81999969482422,24.154348373413086,667990
ELK,ELK.OL,2019-04-17,35.81999969482422,35.81999969482422,35.81999969482422,35.81999969482422,24.154348373413086,0
ELK,ELK.OL,2019-04-23,36.099998474121094,36.29999923706055,35.47999954223633,35.97999954223633,24.262239456176758,1544086
ELK,ELK.OL,2019-04-24,35.97999954223633,36.29999923706055,35.86000061035156,36.119998931884766,24.356643676757812,1227859
ELK,ELK.OL,2019-04-25,36.119998931884766,36.279998779296875,35.5,35.91999816894531,24.221778869628906,727778
ELK,ELK.OL,2019-04-26,35.900001525878906,35.900001525878906,34.900001525878906,35.099998474121094,23.66883087158203,1106953
ELK,ELK.OL,2019-04-29,35.18000030517578,35.52000045776367,34.02000045776367,34.5,23.264238357543945,2246474
ELK,ELK.OL,2019-04-30,34.5,36.279998779296875,34.5,35.599998474121094,24.005996704101562,2362471
ELK,ELK.OL,2019-05-02,33.099998474121094,33.380001068115234,31.0,32.880001068115234,23.918703079223633,2555224
ELK,ELK.OL,2019-05-03,32.84000015258789,33.47999954223633,32.0,32.119998931884766,23.36583709716797,1161625
ELK,ELK.OL,2019-05-06,30.059999465942383,31.479999542236328,30.059999465942383,31.0,22.551088333129883,2237349
ELK,ELK.OL,2019-05-07,31.100000381469727,31.459999084472656,29.860000610351562,29.959999084472656,21.794532775878906,1879660
ELK,ELK.OL,2019-05-08,29.739999771118164,31.299999237060547,29.520000457763672,30.600000381469727,22.26010513305664,1476026
ELK,ELK.OL,2019-05-09,30.5,31.1200008392334,29.760000228881836,30.3799991607666,22.100067138671875,2125131
ELK,ELK.OL,2019-05-10,30.3799991607666,31.0,29.739999771118164,29.940000534057617,21.779985427856445,1046229
ELK,ELK.OL,2019-05-13,29.479999542236328,29.479999542236328,26.600000381469727,27.5,20.004993438720703,4074303
ELK,ELK.OL,2019-05-14,27.5,28.68000030517578,27.139999389648438,28.15999984741211,20.485116958618164,1972398
ELK,ELK.OL,2019-05-15,28.5,28.799999237060547,27.299999237060547,27.940000534057617,20.3250789642334,1332192
ELK,ELK.OL,2019-05-16,28.239999771118164,28.479999542236328,27.739999771118164,28.280000686645508,20.572410583496094,1061143
ELK,ELK.OL,2019-05-20,28.34000015258789,28.420000076293945,26.920000076293945,27.0,19.64126968383789,1657802
ELK,ELK.OL,2019-05-21,27.040000915527344,27.540000915527344,26.959999084472656,27.079999923706055,19.699466705322266,835550
ELK,ELK.OL,2019-05-22,27.079999923706055,27.5,26.600000381469727,27.0,19.64126968383789,697047
ELK,ELK.OL,2019-05-23,27.0,27.0,25.719999313354492,25.940000534057617,18.870168685913086,1338300
ELK,ELK.OL,2019-05-24,26.040000915527344,26.15999984741211,25.5,25.84000015258789,18.797420501708984,1659657
ELK,ELK.OL,2019-05-27,25.84000015258789,26.079999923706055,25.34000015258789,25.559999465942383,18.593734741210938,1273302
ELK,ELK.OL,2019-05-28,25.559999465942383,25.760000228881836,25.299999237060547,25.600000381469727,18.622833251953125,1747009
ELK,ELK.OL,2019-05-29,25.600000381469727,25.600000381469727,24.799999237060547,25.579999923706055,18.60828399658203,1670052
ELK,ELK.OL,2019-05-31,25.0,26.739999771118164,24.700000762939453,26.739999771118164,19.452131271362305,4951296
ELK,ELK.OL,2019-06-03,26.399999618530273,27.18000030517578,25.420000076293945,27.1200008392334,19.728567123413086,2011854
ELK,ELK.OL,2019-06-04,27.0,27.81999969482422,26.600000381469727,27.5,20.004993438720703,1533374
ELK,ELK.OL,2019-06-05,27.979999542236328,28.360000610351562,27.239999771118164,27.559999465942383,20.048643112182617,1553230
ELK,ELK.OL,2019-06-06,28.0,28.0,26.040000915527344,26.260000228881836,19.10295295715332,1410977
ELK,ELK.OL,2019-06-07,26.31999969482422,27.280000686645508,26.31999969482422,26.719999313354492,19.437580108642578,1425060
ELK,ELK.OL,2019-06-11,27.0,27.5,27.0,27.420000076293945,19.946802139282227,1198179
ELK,ELK.OL,2019-06-12,26.81999969482422,27.0,26.0,26.139999389648438,19.015657424926758,1026568
ELK,ELK.OL,2019-06-13,23.399999618530273,23.399999618530273,21.239999771118164,22.34000015258789,16.251333236694336,6762417
ELK,ELK.OL,2019-06-14,22.799999237060547,22.799999237060547,21.5,21.600000381469727,15.713016510009766,2671051
ELK,ELK.OL,2019-06-17,21.540000915527344,22.3799991607666,21.079999923706055,22.18000030517578,16.13494110107422,2437720
ELK,ELK.OL,2019-06-18,22.280000686645508,22.3799991607666,21.139999389648438,21.8799991607666,15.916703224182129,1878226
ELK,ELK.OL,2019-06-19,22.360000610351562,23.68000030517578,22.1200008392334,23.1200008392334,16.81874656677246,3481578
ELK,ELK.OL,2019-06-20,23.6200008392334,23.899999618530273,23.059999465942383,23.68000030517578,17.226119995117188,1873524
ELK,ELK.OL,2019-06-21,23.780000686645508,24.5,23.760000228881836,23.84000015258789,17.342514038085938,8818915
ELK,ELK.OL,2019-06-24,24.31999969482422,24.600000381469727,23.360000610351562,23.760000228881836,17.284317016601562,2218971
ELK,ELK.OL,2019-06-25,23.760000228881836,24.059999465942383,23.280000686645508,23.34000015258789,16.978784561157227,1257552
ELK,ELK.OL,2019-06-26,23.399999618530273,24.860000610351562,23.239999771118164,24.299999237060547,17.677141189575195,1484164
ELK,ELK.OL,2019-06-27,24.739999771118164,24.860000610351562,24.239999771118164,24.399999618530273,17.74988555908203,1101247
ELK,ELK.OL,2019-06-28,24.5,24.68000030517578,24.0,24.020000457763672,17.47345733642578,1132092
ELK,ELK.OL,2019-07-01,25.020000457763672,25.65999984741211,25.020000457763672,25.020000457763672,18.200908660888672,1685886
ELK,ELK.OL,2019-07-02,25.200000762939453,25.200000762939453,24.219999313354492,24.68000030517578,17.953577041625977,1607659
ELK,ELK.OL,2019-07-03,24.899999618530273,24.899999618530273,24.219999313354492,24.31999969482422,17.691692352294922,731950
ELK,ELK.OL,2019-07-04,24.280000686645508,25.040000915527344,24.079999923706055,24.8799991607666,18.099063873291016,646018
ELK,ELK.OL,2019-07-05,25.0,25.079999923706055,24.299999237060547,24.459999084472656,17.793533325195312,777668
ELK,ELK.OL,2019-07-08,24.579999923706055,25.079999923706055,24.239999771118164,24.540000915527344,17.85173225402832,691897
ELK,ELK.OL,2019-07-09,24.479999542236328,24.479999542236328,23.18000030517578,23.399999618530273,17.02243423461914,1363344
ELK,ELK.OL,2019-07-10,23.600000381469727,23.860000610351562,23.399999618530273,23.700000762939453,17.240671157836914,630445
ELK,ELK.OL,2019-07-11,23.739999771118164,23.739999771118164,22.5,22.5,16.367725372314453,1676456
ELK,ELK.OL,2019-07-12,23.0,23.0,22.719999313354492,23.0,16.7314510345459,1274270
ELK,ELK.OL,2019-07-15,23.0,23.100000381469727,22.760000228881836,22.81999969482422,16.600509643554688,899203
ELK,ELK.OL,2019-07-16,23.0,23.079999923706055,22.700000762939453,22.920000076293945,16.673255920410156,596571
ELK,ELK.OL,2019-07-17,22.799999237060547,23.020000457763672,22.5,22.540000915527344,16.396821975708008,721235
ELK,ELK.OL,2019-07-18,22.399999618530273,22.479999542236328,21.68000030517578,21.799999237060547,15.858506202697754,715364
ELK,ELK.OL,2019-07-19,21.0,21.719999313354492,20.0,21.15999984741211,15.392934799194336,1887141
ELK,ELK.OL,2019-07-22,21.299999237060547,22.84000015258789,21.200000762939453,22.440000534057617,16.324077606201172,1448988
ELK,ELK.OL,2019-07-23,22.899999618530273,24.239999771118164,22.65999984741211,24.079999923706055,17.51710319519043,1431307
ELK,ELK.OL,2019-07-24,24.5,24.639999389648438,23.700000762939453,24.0,17.458906173706055,1374207
ELK,ELK.OL,2019-07-25,24.200000762939453,24.200000762939453,23.479999542236328,23.799999237060547,17.31341552734375,796688
ELK,ELK.OL,2019-07-26,23.81999969482422,24.579999923706055,23.719999313354492,24.5,17.822633743286133,777661
ELK,ELK.OL,2019-07-29,24.5,24.920000076293945,24.139999389648438,24.65999984741211,17.939027786254883,714005
ELK,ELK.OL,2019-07-30,24.920000076293945,24.920000076293945,23.219999313354492,23.3799991607666,17.007884979248047,740671
ELK,ELK.OL,2019-07-31,23.5,24.799999237060547,23.5,24.239999771118164,17.633493423461914,1073123
ELK,ELK.OL,2019-08-01,24.0,24.280000686645508,23.399999618530273,24.1200008392334,17.54620361328125,923299
ELK,ELK.OL,2019-08-02,23.0,23.479999542236328,22.5,23.34000015258789,16.978784561157227,1376239
ELK,ELK.OL,2019-08-05,23.15999984741211,23.15999984741211,22.200000762939453,22.299999237060547,16.222232818603516,1146212
ELK,ELK.OL,2019-08-06,22.260000228881836,22.479999542236328,22.0,22.0,16.003997802734375,766552
ELK,ELK.OL,2019-08-07,22.200000762939453,22.219999313354492,21.260000228881836,21.3799991607666,15.55297565460205,971867
ELK,ELK.OL,2019-08-08,21.700000762939453,22.639999389648438,21.700000762939453,22.639999389648438,16.469566345214844,557125
ELK,ELK.OL,2019-08-09,22.700000762939453,22.780000686645508,21.760000228881836,21.760000228881836,15.829408645629883,773765
ELK,ELK.OL,2019-08-12,22.0,22.399999618530273,21.239999771118164,21.459999084472656,15.611170768737793,739183
ELK,ELK.OL,2019-08-13,21.6200008392334,22.399999618530273,20.8799991607666,22.219999313354492,16.164033889770508,1093063
ELK,ELK.OL,2019-08-14,22.360000610351562,22.360000610351562,20.520000457763672,20.940000534057617,15.232894897460938,1478033
ELK,ELK.OL,2019-08-15,20.799999237060547,20.920000076293945,19.729999542236328,20.440000534057617,14.869170188903809,1628746
ELK,ELK.OL,2019-08-16,20.600000381469727,21.100000381469727,20.139999389648438,20.31999969482422,14.781872749328613,804455
ELK,ELK.OL,2019-08-19,20.639999389648438,22.100000381469727,20.639999389648438,22.020000457763672,16.01854705810547,1259570
ELK,ELK.OL,2019-08-20,22.100000381469727,22.139999389648438,21.020000457763672,21.139999389648438,15.378385543823242,1289388
ELK,ELK.OL,2019-08-21,21.31999969482422,21.739999771118164,21.020000457763672,21.5,15.640271186828613,1520286
ELK,ELK.OL,2019-08-22,21.600000381469727,23.059999465942383,21.31999969482422,22.360000610351562,16.26588249206543,2102009
ELK,ELK.OL,2019-08-23,22.399999618530273,22.84000015258789,21.200000762939453,21.739999771118164,15.814858436584473,1684846
ELK,ELK.OL,2019-08-26,20.899999618530273,21.639999389648438,20.6200008392334,21.0,15.276542663574219,981177
ELK,ELK.OL,2019-08-27,21.239999771118164,21.899999618530273,21.0,21.799999237060547,15.858506202697754,703253
ELK,ELK.OL,2019-08-28,21.799999237060547,21.799999237060547,21.020000457763672,21.219999313354492,15.436582565307617,765671
ELK,ELK.OL,2019-08-29,21.299999237060547,22.15999984741211,21.299999237060547,22.1200008392334,16.091291427612305,1001145
ELK,ELK.OL,2019-08-30,22.1200008392334,23.079999923706055,22.1200008392334,22.979999542236328,16.716901779174805,1278947
ELK,ELK.OL,2019-09-02,22.920000076293945,23.139999389648438,22.459999084472656,22.559999465942383,16.4113712310791,640904
ELK,ELK.OL,2019-09-03,22.399999618530273,22.8799991607666,22.1200008392334,22.479999542236328,16.353174209594727,568836
ELK,ELK.OL,2019-09-04,23.0,23.479999542236328,22.459999084472656,23.31999969482422,16.964235305786133,1231609
ELK,ELK.OL,2019-09-05,23.799999237060547,24.3799991607666,23.0,23.600000381469727,17.167924880981445,1650310
ELK,ELK.OL,2019-09-06,23.65999984741211,24.0,23.0,23.399999618530273,17.02243423461914,906081
ELK,ELK.OL,2019-09-09,23.5,23.84000015258789,23.459999084472656,23.65999984741211,17.211570739746094,915227
ELK,ELK.OL,2019-09-10,23.719999313354492,23.899999618530273,23.3799991607666,23.639999389648438,17.197021484375,934685
ELK,ELK.OL,2019-09-11,23.68000030517578,24.540000915527344,23.68000030517578,24.360000610351562,17.72079086303711,1386046
ELK,ELK.OL,2019-09-12,24.700000762939453,24.84000015258789,23.540000915527344,24.200000762939453,17.60439682006836,1310765
ELK,ELK.OL,2019-09-13,24.5,25.440000534057617,24.299999237060547,25.1200008392334,18.27365493774414,1329497
ELK,ELK.OL,2019-09-16,25.100000381469727,25.1200008392334,23.979999542236328,24.68000030517578,17.953577041625977,1326834
ELK,ELK.OL,2019-09-17,24.579999923706055,24.579999923706055,23.719999313354492,24.200000762939453,17.60439682006836,856186
ELK,ELK.OL,2019-09-18,24.15999984741211,24.5,23.81999969482422,24.100000381469727,17.531652450561523,770421
ELK,ELK.OL,2019-09-19,24.100000381469727,24.579999923706055,23.799999237060547,24.200000762939453,17.60439682006836,1053270
ELK,ELK.OL,2019-09-20,24.399999618530273,24.399999618530273,23.940000534057617,24.299999237060547,17.677141189575195,1288304
ELK,ELK.OL,2019-09-23,24.18000030517578,24.18000030517578,23.459999084472656,23.739999771118164,17.2697696685791,924454
ELK,ELK.OL,2019-09-24,23.739999771118164,24.200000762939453,23.739999771118164,23.739999771118164,17.2697696685791,577756
ELK,ELK.OL,2019-09-25,23.739999771118164,23.739999771118164,22.540000915527344,22.540000915527344,16.396821975708008,1080547
ELK,ELK.OL,2019-09-26,23.0,23.0,21.959999084472656,22.0,16.003997802734375,910825
ELK,ELK.OL,2019-09-27,22.040000915527344,22.600000381469727,21.899999618530273,22.360000610351562,16.26588249206543,870886
ELK,ELK.OL,2019-09-30,22.459999084472656,22.68000030517578,22.040000915527344,22.139999389648438,16.1058406829834,837442
ELK,ELK.OL,2019-10-01,22.440000534057617,22.440000534057617,21.799999237060547,21.799999237060547,15.858506202697754,994945
ELK,ELK.OL,2019-10-02,21.579999923706055,21.600000381469727,21.040000915527344,21.100000381469727,15.349287033081055,906886
ELK,ELK.OL,2019-10-03,20.979999542236328,21.0,20.540000915527344,20.799999237060547,15.13105297088623,944594
ELK,ELK.OL,2019-10-04,21.0,21.100000381469727,20.360000610351562,21.059999465942383,15.320191383361816,1008104
ELK,ELK.OL,2019-10-07,21.15999984741211,21.6200008392334,20.739999771118164,20.959999084472656,15.247445106506348,1305726
ELK,ELK.OL,2019-10-08,21.059999465942383,21.15999984741211,20.040000915527344,20.18000030517578,14.680030822753906,1567632
ELK,ELK.OL,2019-10-09,20.040000915527344,21.3799991607666,20.040000915527344,21.100000381469727,15.349287033081055,1687990
ELK,ELK.OL,2019-10-10,21.34000015258789,22.079999923706055,20.920000076293945,21.8799991607666,15.916703224182129,1243842
ELK,ELK.OL,2019-10-11,22.299999237060547,22.65999984741211,21.700000762939453,22.0,16.003997802734375,1140225
ELK,ELK.OL,2019-10-14,22.5,22.540000915527344,21.040000915527344,21.040000915527344,15.305642127990723,1362195
ELK,ELK.OL,2019-10-15,21.239999771118164,22.18000030517578,21.239999771118164,22.020000457763672,16.01854705810547,1095352
ELK,ELK.OL,2019-10-16,21.799999237060547,22.299999237060547,21.420000076293945,22.1200008392334,16.091291427612305,1179722
ELK,ELK.OL,2019-10-17,22.360000610351562,22.360000610351562,21.459999084472656,21.959999084472656,15.974899291992188,1241310
ELK,ELK.OL,2019-10-18,21.959999084472656,22.100000381469727,21.399999618530273,21.399999618530273,15.567523956298828,1224691
ELK,ELK.OL,2019-10-21,21.5,22.1200008392334,21.5,21.520000457763672,15.65481948852539,991489
ELK,ELK.OL,2019-10-22,21.520000457763672,22.399999618530273,21.200000762939453,22.15999984741211,16.120391845703125,1420298
ELK,ELK.OL,2019-10-23,22.059999465942383,22.84000015258789,21.719999313354492,22.799999237060547,16.58595848083496,1324379
ELK,ELK.OL,2019-10-24,22.799999237060547,23.280000686645508,22.799999237060547,23.020000457763672,16.746000289916992,1351244
ELK,ELK.OL,2019-10-25,23.020000457763672,23.219999313354492,22.799999237060547,22.940000534057617,16.687807083129883,718768
ELK,ELK.OL,2019-10-28,23.18000030517578,23.6200008392334,22.81999969482422,22.899999618530273,16.65870475769043,1097771
ELK,ELK.OL,2019-10-29,23.200000762939453,23.200000762939453,22.700000762939453,22.899999618530273,16.65870475769043,512257
ELK,ELK.OL,2019-10-30,22.899999618530273,23.0,22.18000030517578,22.200000762939453,16.14948844909668,546954
ELK,ELK.OL,2019-10-31,22.260000228881836,22.5,21.65999984741211,21.799999237060547,15.858506202697754,780010
ELK,ELK.OL,2019-11-01,21.799999237060547,22.700000762939453,21.799999237060547,22.600000381469727,16.44046974182129,595125
ELK,ELK.OL,2019-11-04,22.920000076293945,23.360000610351562,22.760000228881836,23.219999313354492,16.89149284362793,606329
ELK,ELK.OL,2019-11-05,23.299999237060547,23.399999618530273,22.84000015258789,22.979999542236328,16.716901779174805,742615
ELK,ELK.OL,2019-11-06,22.899999618530273,23.040000915527344,22.520000457763672,22.860000610351562,16.629608154296875,685237
ELK,ELK.OL,2019-11-07,23.040000915527344,23.700000762939453,23.040000915527344,23.5,17.095178604125977,1520407
ELK,ELK.OL,2019-11-08,23.520000457763672,23.760000228881836,23.0,23.459999084472656,17.06608009338379,696452
ELK,ELK.OL,2019-11-11,23.459999084472656,23.5,22.84000015258789,22.979999542236328,16.716901779174805,431507
ELK,ELK.OL,2019-11-12,22.899999618530273,23.040000915527344,22.420000076293945,22.600000381469727,16.44046974182129,611299
ELK,ELK.OL,2019-11-13,22.600000381469727,22.600000381469727,21.84000015258789,21.940000534057617,15.960348129272461,1070799
ELK,ELK.OL,2019-11-14,21.940000534057617,22.239999771118164,21.5,22.059999465942383,16.047643661499023,721279
ELK,ELK.OL,2019-11-15,22.31999969482422,22.31999969482422,21.219999313354492,21.420000076293945,15.582072257995605,1439650
ELK,ELK.OL,2019-11-18,21.5,21.719999313354492,21.239999771118164,21.260000228881836,15.465680122375488,1118650
ELK,ELK.OL,2019-11-19,21.280000686645508,21.68000030517578,21.020000457763672,21.31999969482422,15.509328842163086,901069
ELK,ELK.OL,2019-11-20,21.0,21.299999237060547,20.799999237060547,21.15999984741211,15.392934799194336,930736
ELK,ELK.OL,2019-11-21,21.31999969482422,21.5,20.84000015258789,21.399999618530273,15.567523956298828,718917
ELK,ELK.OL,2019-11-22,21.440000534057617,21.84000015258789,21.3799991607666,21.600000381469727,15.713016510009766,509477
ELK,ELK.OL,2019-11-25,21.799999237060547,22.0,21.479999542236328,21.639999389648438,15.742114067077637,789380
ELK,ELK.OL,2019-11-26,21.639999389648438,21.799999237060547,21.34000015258789,21.34000015258789,15.523879051208496,718965
ELK,ELK.OL,2019-11-27,21.399999618530273,21.600000381469727,21.34000015258789,21.399999618530273,15.567523956298828,415564
ELK,ELK.OL,2019-11-28,21.34000015258789,21.399999618530273,21.15999984741211,21.219999313354492,15.436582565307617,396300
ELK,ELK.OL,2019-11-29,21.260000228881836,21.440000534057617,21.020000457763672,21.299999237060547,15.494779586791992,682017
ELK,ELK.OL,2019-12-02,21.299999237060547,21.360000610351562,20.700000762939453,20.739999771118164,15.08740520477295,1032353
ELK,ELK.OL,2019-12-03,20.780000686645508,20.940000534057617,20.299999237060547,20.579999923706055,14.9710111618042,1186506
ELK,ELK.OL,2019-12-04,20.579999923706055,21.34000015258789,20.420000076293945,21.15999984741211,15.392934799194336,724384
ELK,ELK.OL,2019-12-05,21.299999237060547,21.459999084472656,21.0,21.420000076293945,15.582072257995605,609854
ELK,ELK.OL,2019-12-06,21.5,21.799999237060547,21.280000686645508,21.719999313354492,15.800309181213379,517646
ELK,ELK.OL,2019-12-09,21.600000381469727,21.899999618530273,21.520000457763672,21.780000686645508,15.843955993652344,417801
ELK,ELK.OL,2019-12-10,21.780000686645508,22.020000457763672,21.440000534057617,21.700000762939453,15.785760879516602,595634
ELK,ELK.OL,2019-12-11,21.799999237060547,22.079999923706055,21.700000762939453,21.780000686645508,15.843955993652344,619483
ELK,ELK.OL,2019-12-12,21.799999237060547,23.520000457763672,21.799999237060547,23.360000610351562,16.99333381652832,1476888
ELK,ELK.OL,2019-12-13,24.6200008392334,25.0,23.6200008392334,24.3799991607666,17.735340118408203,2972212
ELK,ELK.OL,2019-12-16,24.520000457763672,24.719999313354492,23.739999771118164,23.8799991607666,17.371610641479492,788755
ELK,ELK.OL,2019-12-17,23.8799991607666,23.8799991607666,23.139999389648438,23.260000228881836,16.920591354370117,858141
ELK,ELK.OL,2019-12-18,23.260000228881836,23.3799991607666,23.079999923706055,23.260000228881836,16.920591354370117,566495
ELK,ELK.OL,2019-12-19,23.280000686645508,23.420000076293945,23.0,23.239999771118164,16.906042098999023,733710
ELK,ELK.OL,2019-12-20,23.299999237060547,23.799999237060547,23.260000228881836,23.760000228881836,17.284317016601562,1941006
ELK,ELK.OL,2019-12-23,23.860000610351562,24.100000381469727,23.6200008392334,24.0,17.458906173706055,567694
ELK,ELK.OL,2019-12-27,24.059999465942383,24.700000762939453,24.059999465942383,24.520000457763672,17.837182998657227,897151
ELK,ELK.OL,2019-12-30,24.579999923706055,25.100000381469727,24.139999389648438,24.760000228881836,18.011770248413086,1287847
ELK,ELK.OL,2020-01-02,24.8799991607666,25.479999542236328,24.700000762939453,24.920000076293945,18.128164291381836,1110957
ELK,ELK.OL,2020-01-03,24.899999618530273,24.899999618530273,23.81999969482422,24.0,17.458906173706055,833675
ELK,ELK.OL,2020-01-06,23.739999771118164,23.780000686645508,22.8799991607666,23.34000015258789,16.978784561157227,989298
ELK,ELK.OL,2020-01-07,23.420000076293945,23.68000030517578,22.780000686645508,22.84000015258789,16.61505699157715,636960
ELK,ELK.OL,2020-01-08,22.739999771118164,23.239999771118164,22.100000381469727,23.079999923706055,16.789648056030273,1466186
ELK,ELK.OL,2020-01-09,23.360000610351562,23.579999923706055,22.780000686645508,23.059999465942383,16.77509880065918,1267478
ELK,ELK.OL,2020-01-10,23.059999465942383,23.799999237060547,22.860000610351562,23.719999313354492,17.255218505859375,1200897
ELK,ELK.OL,2020-01-13,23.719999313354492,24.65999984741211,23.700000762939453,24.65999984741211,17.939027786254883,1330905
ELK,ELK.OL,2020-01-14,24.600000381469727,24.600000381469727,23.920000076293945,24.239999771118164,17.633493423461914,971839
ELK,ELK.OL,2020-01-15,24.1200008392334,24.479999542236328,23.920000076293945,24.020000457763672,17.47345733642578,1261158
ELK,ELK.OL,2020-01-16,24.600000381469727,25.219999313354492,24.34000015258789,24.799999237060547,18.040870666503906,1560133
ELK,ELK.OL,2020-01-17,25.0,25.100000381469727,24.3799991607666,24.559999465942383,17.86627769470215,809575
ELK,ELK.OL,2020-01-20,24.65999984741211,25.520000457763672,24.5,25.520000457763672,18.56463623046875,1413133
ELK,ELK.OL,2020-01-21,25.639999389648438,26.399999618530273,24.920000076293945,26.239999771118164,19.08840560913086,1819549
ELK,ELK.OL,2020-01-22,26.0,26.239999771118164,25.5,25.65999984741211,18.666481018066406,1308518
ELK,ELK.OL,2020-01-23,25.600000381469727,25.799999237060547,24.899999618530273,25.0,18.18636131286621,1189064
ELK,ELK.OL,2020-01-24,25.1200008392334,25.239999771118164,24.639999389648438,24.739999771118164,17.997220993041992,1078832
ELK,ELK.OL,2020-01-27,24.0,24.299999237060547,23.639999389648438,23.920000076293945,17.40070915222168,1266883
ELK,ELK.OL,2020-01-28,23.700000762939453,24.34000015258789,23.600000381469727,24.079999923706055,17.51710319519043,796925
ELK,ELK.OL,2020-01-29,24.360000610351562,24.459999084472656,23.920000076293945,24.18000030517578,17.5898494720459,626587
ELK,ELK.OL,2020-01-30,23.899999618530273,24.100000381469727,23.600000381469727,23.84000015258789,17.342514038085938,471331
ELK,ELK.OL,2020-01-31,23.959999084472656,24.040000915527344,23.15999984741211,23.219999313354492,16.89149284362793,877468
ELK,ELK.OL,2020-02-03,23.0,23.139999389648438,22.600000381469727,22.8799991607666,16.64415740966797,633715
ELK,ELK.OL,2020-02-04,22.8799991607666,23.360000610351562,22.8799991607666,23.100000381469727,16.804197311401367,611020
ELK,ELK.OL,2020-02-05,23.059999465942383,23.600000381469727,22.579999923706055,23.239999771118164,16.906042098999023,1044916
ELK,ELK.OL,2020-02-06,23.6200008392334,23.899999618530273,22.700000762939453,23.0,16.7314510345459,812030
ELK,ELK.OL,2020-02-07,23.0,23.0,22.079999923706055,22.3799991607666,16.280427932739258,917427
ELK,ELK.OL,2020-02-10,22.3799991607666,22.719999313354492,22.360000610351562,22.5,16.367725372314453,664397
ELK,ELK.OL,2020-02-11,22.899999618530273,22.959999084472656,22.260000228881836,22.459999084472656,16.338626861572266,1035937
ELK,ELK.OL,2020-02-12,22.5,22.84000015258789,22.399999618530273,22.5,16.367725372314453,1733163
ELK,ELK.OL,2020-02-13,21.600000381469727,22.6200008392334,20.799999237060547,22.260000228881836,16.193134307861328,1693321
ELK,ELK.OL,2020-02-14,22.299999237060547,23.079999923706055,22.100000381469727,22.579999923706055,16.425920486450195,1234177
ELK,ELK.OL,2020-02-17,23.0,23.31999969482422,22.5,22.600000381469727,16.44046974182129,707478
ELK,ELK.OL,2020-02-18,22.600000381469727,23.219999313354492,22.200000762939453,22.860000610351562,16.629608154296875,827165
ELK,ELK.OL,2020-02-19,22.860000610351562,23.200000762939453,22.399999618530273,22.639999389648438,16.469566345214844,828312
ELK,ELK.OL,2020-02-20,22.899999618530273,23.0,22.459999084472656,22.780000686645508,16.571413040161133,997257
ELK,ELK.OL,2020-02-21,22.579999923706055,22.8799991607666,22.219999313354492,22.34000015258789,16.251333236694336,709692
ELK,ELK.OL,2020-02-24,21.84000015258789,21.84000015258789,20.520000457763672,20.559999465942383,14.956460952758789,1497030
ELK,ELK.OL,2020-02-25,20.299999237060547,20.81999969482422,20.020000457763672,20.020000457763672,14.563636779785156,1025480
ELK,ELK.OL,2020-02-26,19.889999389648438,20.280000686645508,19.09000015258789,20.0,14.549089431762695,1185012
ELK,ELK.OL,2020-02-27,19.700000762939453,19.700000762939453,18.329999923706055,18.420000076293945,13.399710655212402,1306843
ELK,ELK.OL,2020-02-28,17.959999084472656,18.56999969482422,17.010000228881836,18.0,13.0941801071167,2011563
ELK,ELK.OL,2020-03-02,18.34000015258789,19.100000381469727,17.389999389648438,18.0,13.0941801071167,1570222
ELK,ELK.OL,2020-03-03,18.799999237060547,19.600000381469727,18.059999465942383,18.829999923706055,13.697965621948242,1799090
ELK,ELK.OL,2020-03-04,18.829999923706055,19.899999618530273,18.739999771118164,19.299999237060547,14.039870262145996,1334219
ELK,ELK.OL,2020-03-05,19.799999237060547,19.799999237060547,18.200000762939453,18.239999771118164,13.268769264221191,730493
ELK,ELK.OL,2020-03-06,17.799999237060547,18.040000915527344,17.0,17.1299991607666,12.461294174194336,1473149
ELK,ELK.OL,2020-03-09,15.0,16.440000534057617,15.0,15.579999923706055,11.333740234375,2053479
ELK,ELK.OL,2020-03-10,16.0,16.200000762939453,15.260000228881836,15.699999809265137,11.42103385925293,1990274
ELK,ELK.OL,2020-03-11,15.930000305175781,15.930000305175781,14.720000267028809,14.739999771118164,10.722678184509277,1131444
ELK,ELK.OL,2020-03-12,14.0,14.180000305175781,13.0,13.149999618530273,9.566025733947754,1259346
ELK,ELK.OL,2020-03-13,13.539999961853027,13.770000457763672,12.600000381469727,12.899999618530273,9.384160995483398,3275874
ELK,ELK.OL,2020-03-16,12.40999984741211,12.899999618530273,10.920000076293945,12.899999618530273,9.384160995483398,2207283
ELK,ELK.OL,2020-03-17,13.1899995803833,13.300000190734863,11.649999618530273,12.260000228881836,8.918591499328613,2092956
ELK,ELK.OL,2020-03-18,12.25,12.420000076293945,11.100000381469727,11.199999809265137,8.147489547729492,2809022
ELK,ELK.OL,2020-03-19,11.699999809265137,12.600000381469727,11.40999984741211,12.1899995803833,8.867670059204102,2318133
ELK,ELK.OL,2020-03-20,13.5,13.800000190734863,12.630000114440918,13.0,9.456907272338867,2287293
ELK,ELK.OL,2020-03-23,12.699999809265137,12.84000015258789,12.010000228881836,12.029999732971191,8.751276969909668,1305816
ELK,ELK.OL,2020-03-24,12.699999809265137,12.920000076293945,12.100000381469727,12.229999542236328,8.896766662597656,2167105
ELK,ELK.OL,2020-03-25,13.0,13.25,12.3100004196167,12.9399995803833,9.413260459899902,1856150
ELK,ELK.OL,2020-03-26,12.579999923706055,12.75,12.239999771118164,12.75,9.275044441223145,1394200
ELK,ELK.OL,2020-03-27,12.789999961853027,12.84000015258789,12.210000038146973,12.420000076293945,9.034984588623047,778603
ELK,ELK.OL,2020-03-30,12.5,12.699999809265137,12.199999809265137,12.630000114440918,9.187748908996582,762136
ELK,ELK.OL,2020-03-31,12.800000190734863,13.699999809265137,12.800000190734863,13.199999809265137,9.602398872375488,1923880
ELK,ELK.OL,2020-04-01,13.0,14.630000114440918,12.949999809265137,14.579999923706055,10.606285095214844,2476215
ELK,ELK.OL,2020-04-02,14.739999771118164,14.859999656677246,13.260000228881836,14.369999885559082,10.453519821166992,2615960
ELK,ELK.OL,2020-04-03,14.5,14.5,13.539999961853027,13.880000114440918,10.097067832946777,1645285
ELK,ELK.OL,2020-04-06,14.1899995803833,14.979999542236328,13.75,14.850000381469727,10.802698135375977,1916653
ELK,ELK.OL,2020-04-07,15.300000190734863,16.600000381469727,15.300000190734863,16.350000381469727,11.893879890441895,1876162
ELK,ELK.OL,2020-04-08,16.280000686645508,16.299999237060547,15.5,15.899999618530273,11.56652545928955,1084204
ELK,ELK.OL,2020-04-14,16.5,17.079999923706055,16.299999237060547,16.809999465942383,12.228507995605469,1888513
ELK,ELK.OL,2020-04-15,16.93000030517578,16.989999771118164,16.010000228881836,16.25,11.821134567260742,1657894
ELK,ELK.OL,2020-04-16,16.59000015258789,17.3700008392334,16.139999389648438,16.739999771118164,12.177587509155273,1713522
ELK,ELK.OL,2020-04-17,17.309999465942383,17.690000534057617,16.84000015258789,17.360000610351562,12.628608703613281,1731815
ELK,ELK.OL,2020-04-20,17.290000915527344,17.290000915527344,16.600000381469727,16.81999969482422,12.235783576965332,1840834
ELK,ELK.OL,2020-04-21,16.5,16.5,15.5,15.640000343322754,11.377388000488281,1473815
ELK,ELK.OL,2020-04-22,15.510000228881836,16.200000762939453,15.199999809265137,15.600000381469727,11.348289489746094,1248651
ELK,ELK.OL,2020-04-23,15.930000305175781,16.149999618530273,15.649999618530273,16.149999618530273,11.748390197753906,817496
ELK,ELK.OL,2020-04-24,16.0,16.459999084472656,15.619999885559082,16.030000686645508,11.661094665527344,654328
ELK,ELK.OL,2020-04-27,16.15999984741211,16.5,16.1200008392334,16.350000381469727,11.893879890441895,684048
ELK,ELK.OL,2020-04-28,16.440000534057617,16.889999389648438,16.200000762939453,16.5,12.002997398376465,678103
ELK,ELK.OL,2020-04-29,16.5,18.229999542236328,16.5,17.760000228881836,12.919591903686523,1836910
ELK,ELK.OL,2020-04-30,18.0,18.479999542236328,17.100000381469727,17.190000534057617,12.5049409866333,1354178
ELK,ELK.OL,2020-05-04,16.799999237060547,16.799999237060547,16.09000015258789,16.219999313354492,11.799310684204102,996993
ELK,ELK.OL,2020-05-05,16.440000534057617,16.780000686645508,16.229999542236328,16.350000381469727,11.893879890441895,575712
ELK,ELK.OL,2020-05-06,16.5,16.65999984741211,16.229999542236328,16.43000030517578,11.95207691192627,963785
ELK,ELK.OL,2020-05-07,16.43000030517578,16.6299991607666,15.819999694824219,16.170000076293945,11.762938499450684,844251
ELK,ELK.OL,2020-05-08,16.790000915527344,18.600000381469727,16.690000534057617,18.260000228881836,13.283318519592285,3169814
ELK,ELK.OL,2020-05-11,18.0,18.299999237060547,17.510000228881836,17.950000762939453,13.501447677612305,2219140
ELK,ELK.OL,2020-05-12,17.979999542236328,18.079999923706055,17.299999237060547,17.68000030517578,13.298361778259277,1110417
ELK,ELK.OL,2020-05-13,17.489999771118164,17.489999771118164,16.729999542236328,16.799999237060547,12.63645076751709,881621
ELK,ELK.OL,2020-05-14,16.780000686645508,16.799999237060547,15.789999961853027,15.789999961853027,11.876760482788086,1474136
ELK,ELK.OL,2020-05-15,16.149999618530273,17.079999923706055,16.149999618530273,16.56999969482422,12.463452339172363,841179
ELK,ELK.OL,2020-05-18,16.700000762939453,17.280000686645508,16.700000762939453,17.079999923706055,12.84705924987793,649601
ELK,ELK.OL,2020-05-19,17.450000762939453,17.450000762939453,16.75,16.889999389648438,12.704147338867188,680409
ELK,ELK.OL,2020-05-20,16.889999389648438,17.8799991607666,16.700000762939453,17.700000762939453,13.313405990600586,694452
ELK,ELK.OL,2020-05-22,17.260000228881836,17.899999618530273,17.0,17.739999771118164,13.34349250793457,587175
ELK,ELK.OL,2020-05-25,17.760000228881836,19.15999984741211,17.68000030517578,18.899999618530273,14.216008186340332,957459
ELK,ELK.OL,2020-05-26,19.25,19.280000686645508,18.450000762939453,18.90999984741211,14.223530769348145,647882
ELK,ELK.OL,2020-05-27,18.829999923706055,19.600000381469727,18.579999923706055,18.8799991607666,14.200965881347656,891491
ELK,ELK.OL,2020-05-28,19.0,19.290000915527344,18.110000610351562,18.399999618530273,13.839922904968262,540500
ELK,ELK.OL,2020-05-29,18.280000686645508,18.280000686645508,17.5,17.670000076293945,13.290839195251465,902484
ELK,ELK.OL,2020-06-02,18.040000915527344,18.75,18.0,18.549999237060547,13.952747344970703,803100
ELK,ELK.OL,2020-06-03,18.899999618530273,19.34000015258789,18.610000610351562,19.059999465942383,14.336355209350586,1011644
ELK,ELK.OL,2020-06-04,19.110000610351562,20.260000228881836,18.540000915527344,19.959999084472656,15.013309478759766,1007412
ELK,ELK.OL,2020-06-05,20.15999984741211,20.639999389648438,19.84000015258789,20.440000534057617,15.374351501464844,1224080
ELK,ELK.OL,2020-06-08,20.440000534057617,22.459999084472656,20.219999313354492,22.079999923706055,16.607908248901367,1495674
ELK,ELK.OL,2020-06-09,22.0,22.0,20.200000762939453,20.399999618530273,15.34426212310791,1628602
ELK,ELK.OL,2020-06-10,20.520000457763672,21.579999923706055,20.440000534057617,20.440000534057617,15.374351501464844,1041831
ELK,ELK.OL,2020-06-11,20.0,20.18000030517578,19.010000228881836,19.260000228881836,14.486790657043457,1185588
ELK,ELK.OL,2020-06-12,18.790000915527344,20.200000762939453,18.360000610351562,19.760000228881836,14.862874031066895,734075
ELK,ELK.OL,2020-06-15,19.200000762939453,19.5,18.610000610351562,19.239999771118164,14.471745491027832,683873
ELK,ELK.OL,2020-06-16,19.899999618530273,21.100000381469727,19.899999618530273,20.299999237060547,15.269044876098633,1199711
ELK,ELK.OL,2020-06-17,20.299999237060547,20.739999771118164,20.0,20.34000015258789,15.299132347106934,383573
ELK,ELK.OL,2020-06-18,20.34000015258789,20.6200008392334,20.040000915527344,20.559999465942383,15.464608192443848,362491
ELK,ELK.OL,2020-06-19,20.600000381469727,21.239999771118164,20.420000076293945,21.020000457763672,15.810609817504883,642867
ELK,ELK.OL,2020-06-22,21.1200008392334,21.280000686645508,20.639999389648438,20.739999771118164,15.600001335144043,522851
ELK,ELK.OL,2020-06-23,21.059999465942383,21.799999237060547,21.059999465942383,21.139999389648438,15.900867462158203,788624
ELK,ELK.OL,2020-06-24,20.899999618530273,21.200000762939453,19.440000534057617,20.739999771118164,15.600001335144043,975038
ELK,ELK.OL,2020-06-25,20.079999923706055,20.200000762939453,19.799999237060547,20.0,15.04339599609375,862873
ELK,ELK.OL,2020-06-26,20.020000457763672,20.18000030517578,19.110000610351562,19.200000762939453,14.441659927368164,750672
ELK,ELK.OL,2020-06-29,19.100000381469727,19.950000762939453,18.670000076293945,19.600000381469727,14.742527961730957,812200
ELK,ELK.OL,2020-06-30,19.799999237060547,20.3799991607666,19.5,19.610000610351562,14.750049591064453,650168
ELK,ELK.OL,2020-07-01,20.0,20.18000030517578,19.049999237060547,19.3700008392334,14.569528579711914,783720
ELK,ELK.OL,2020-07-02,19.5,20.5,19.5,20.200000762939453,15.193830490112305,599627
ELK,ELK.OL,2020-07-03,20.299999237060547,20.299999237060547,19.799999237060547,19.920000076293945,14.983222007751465,240952
ELK,ELK.OL,2020-07-06,20.100000381469727,20.799999237060547,20.020000457763672,20.100000381469727,15.118613243103027,681231
ELK,ELK.OL,2020-07-07,20.139999389648438,20.280000686645508,19.959999084472656,20.100000381469727,15.118613243103027,392982
ELK,ELK.OL,2020-07-08,20.040000915527344,20.200000762939453,19.799999237060547,20.059999465942383,15.08852481842041,339722
ELK,ELK.OL,2020-07-09,20.100000381469727,20.100000381469727,19.81999969482422,19.899999618530273,14.968178749084473,178958
ELK,ELK.OL,2020-07-10,19.700000762939453,19.989999771118164,19.530000686645508,19.770000457763672,14.870397567749023,263352
ELK,ELK.OL,2020-07-13,20.100000381469727,20.5,19.920000076293945,20.200000762939453,15.193830490112305,473127
ELK,ELK.OL,2020-07-14,20.0,20.559999465942383,20.0,20.520000457763672,15.434524536132812,420415
ELK,ELK.OL,2020-07-15,20.559999465942383,21.299999237060547,20.5,21.100000381469727,15.870780944824219,522260
ELK,ELK.OL,2020-07-16,21.139999389648438,21.3799991607666,20.81999969482422,21.280000686645508,16.00617218017578,784775
ELK,ELK.OL,2020-07-17,20.0,20.459999084472656,19.059999465942383,19.25,14.479268074035645,2210002
ELK,ELK.OL,2020-07-20,19.5,19.540000915527344,17.889999389648438,17.889999389648438,13.456316947937012,2476100
ELK,ELK.OL,2020-07-21,18.0,18.0,17.0,17.1200008392334,12.877147674560547,2981745
ELK,ELK.OL,2020-07-22,17.1200008392334,17.43000030517578,17.100000381469727,17.399999618530273,13.087754249572754,1120681
ELK,ELK.OL,2020-07-23,17.40999984741211,17.5,17.100000381469727,17.1200008392334,12.877147674560547,831878
ELK,ELK.OL,2020-07-24,17.010000228881836,17.139999389648438,16.65999984741211,16.950000762939453,12.749279022216797,809637
ELK,ELK.OL,2020-07-27,16.950000762939453,16.959999084472656,16.540000915527344,16.8799991607666,12.696624755859375,843700
ELK,ELK.OL,2020-07-28,16.8799991607666,17.25,16.649999618530273,16.860000610351562,12.681583404541016,691089
ELK,ELK.OL,2020-07-29,16.860000610351562,17.219999313354492,16.5,17.190000534057617,12.929798126220703,617573
ELK,ELK.OL,2020-07-30,17.360000610351562,17.360000610351562,16.799999237060547,16.799999237060547,12.63645076751709,648621
ELK,ELK.OL,2020-07-31,16.84000015258789,17.5,16.84000015258789,17.209999084472656,12.944841384887695,512931
ELK,ELK.OL,2020-08-03,17.3799991607666,17.5,17.06999969482422,17.450000762939453,13.125362396240234,407711
ELK,ELK.OL,2020-08-04,17.489999771118164,17.549999237060547,17.290000915527344,17.450000762939453,13.125362396240234,477451
ELK,ELK.OL,2020-08-05,17.5,17.899999618530273,17.5,17.780000686645508,13.373579025268555,613339
ELK,ELK.OL,2020-08-06,17.780000686645508,18.0,17.469999313354492,17.649999618530273,13.275796890258789,488643
ELK,ELK.OL,2020-08-07,17.6299991607666,18.25,17.549999237060547,17.770000457763672,13.366057395935059,470928
ELK,ELK.OL,2020-08-10,17.799999237060547,18.18000030517578,17.799999237060547,18.049999237060547,13.576663970947266,380297
ELK,ELK.OL,2020-08-11,18.18000030517578,18.219999313354492,17.989999771118164,18.059999465942383,13.584185600280762,637050
ELK,ELK.OL,2020-08-12,18.059999465942383,18.219999313354492,17.799999237060547,18.040000915527344,13.569143295288086,672013
ELK,ELK.OL,2020-08-13,18.06999969482422,18.139999389648438,17.8700008392334,17.940000534057617,13.493926048278809,345865
ELK,ELK.OL,2020-08-14,17.799999237060547,18.09000015258789,17.700000762939453,17.940000534057617,13.493926048278809,510457
ELK,ELK.OL,2020-08-17,17.940000534057617,18.540000915527344,17.860000610351562,18.3700008392334,13.817359924316406,532505
ELK,ELK.OL,2020-08-18,18.399999618530273,18.479999542236328,17.8700008392334,17.940000534057617,13.493926048278809,375064
ELK,ELK.OL,2020-08-19,18.520000457763672,18.56999969482422,18.049999237060547,18.110000610351562,13.621796607971191,724271
ELK,ELK.OL,2020-08-20,18.1200008392334,18.299999237060547,17.969999313354492,18.06999969482422,13.591707229614258,315470
ELK,ELK.OL,2020-08-21,18.31999969482422,18.31999969482422,17.84000015258789,18.0,13.539055824279785,350391
ELK,ELK.OL,2020-08-24,18.010000228881836,18.389999389648438,18.010000228881836,18.200000762939453,13.689489364624023,463323
ELK,ELK.OL,2020-08-25,18.3700008392334,18.3700008392334,18.010000228881836,18.079999923706055,13.59922981262207,374324
ELK,ELK.OL,2020-08-26,18.200000762939453,18.309999465942383,17.81999969482422,18.18000030517578,13.674447059631348,483179
ELK,ELK.OL,2020-08-27,18.18000030517578,18.299999237060547,17.989999771118164,18.25,13.72709846496582,372385
ELK,ELK.OL,2020-08-28,18.25,18.270000457763672,17.920000076293945,18.040000915527344,13.569143295288086,593533
ELK,ELK.OL,2020-08-31,18.049999237060547,18.18000030517578,17.920000076293945,18.020000457763672,13.55410099029541,469747
ELK,ELK.OL,2020-09-01,18.059999465942383,18.059999465942383,17.739999771118164,17.959999084472656,13.508968353271484,702518
ELK,ELK.OL,2020-09-02,17.959999084472656,18.100000381469727,17.8799991607666,18.040000915527344,13.569143295288086,328433
ELK,ELK.OL,2020-09-03,18.09000015258789,18.280000686645508,18.0,18.040000915527344,13.569143295288086,642005
ELK,ELK.OL,2020-09-04,17.8799991607666,18.200000762939453,17.719999313354492,18.200000762939453,13.689489364624023,418611
ELK,ELK.OL,2020-09-07,18.200000762939453,18.739999771118164,18.06999969482422,18.700000762939453,14.06557559967041,741064
ELK,ELK.OL,2020-09-08,18.709999084472656,18.75,18.25,18.329999923706055,13.787272453308105,528206
ELK,ELK.OL,2020-09-09,18.329999923706055,18.6200008392334,18.239999771118164,18.5,13.915141105651855,585322
ELK,ELK.OL,2020-09-10,18.5,18.850000381469727,18.350000381469727,18.639999389648438,14.020442962646484,594588
ELK,ELK.OL,2020-09-11,18.649999618530273,18.770000457763672,18.440000534057617,18.6299991607666,14.012922286987305,196459
ELK,ELK.OL,2020-09-14,18.75,18.799999237060547,18.399999618530273,18.520000457763672,13.930184364318848,341326
ELK,ELK.OL,2020-09-15,18.520000457763672,18.75,18.31999969482422,18.559999465942383,13.960271835327148,773568
ELK,ELK.OL,2020-09-16,18.600000381469727,19.479999542236328,18.389999389648438,19.389999389648438,14.584571838378906,948579
ELK,ELK.OL,2020-09-17,19.309999465942383,19.479999542236328,19.149999618530273,19.479999542236328,14.652265548706055,436539
ELK,ELK.OL,2020-09-18,19.479999542236328,20.799999237060547,19.479999542236328,20.459999084472656,15.389392852783203,1431629
ELK,ELK.OL,2020-09-21,20.3799991607666,20.3799991607666,19.100000381469727,19.100000381469727,14.366443634033203,1094887
ELK,ELK.OL,2020-09-22,19.100000381469727,19.780000686645508,19.100000381469727,19.34000015258789,14.546963691711426,742286
ELK,ELK.OL,2020-09-23,19.5,19.809999465942383,18.809999465942383,18.809999465942383,14.148313522338867,675698
ELK,ELK.OL,2020-09-24,18.559999465942383,19.350000381469727,18.520000457763672,19.040000915527344,14.32131290435791,534681
ELK,ELK.OL,2020-09-25,19.040000915527344,19.350000381469727,18.81999969482422,19.0,14.291224479675293,618711
ELK,ELK.OL,2020-09-28,19.3799991607666,19.799999237060547,19.270000457763672,19.6200008392334,14.757572174072266,358714
ELK,ELK.OL,2020-09-29,19.700000762939453,19.899999618530273,19.34000015258789,19.600000381469727,14.742527961730957,387747
ELK,ELK.OL,2020-09-30,19.709999084472656,19.989999771118164,19.399999618530273,19.940000534057617,14.998266220092773,396584
ELK,ELK.OL,2020-10-01,20.0,20.260000228881836,19.469999313354492,19.700000762939453,14.817745208740234,574676
ELK,ELK.OL,2020-10-02,19.350000381469727,19.75,19.0,19.549999237060547,14.70491886138916,677441
ELK,ELK.OL,2020-10-05,20.0,20.200000762939453,19.729999542236328,20.059999465942383,15.08852481842041,980230
ELK,ELK.OL,2020-10-06,20.059999465942383,20.479999542236328,20.059999465942383,20.440000534057617,15.374351501464844,672611
ELK,ELK.OL,2020-10-07,20.5,21.739999771118164,20.399999618530273,21.5,16.171649932861328,1640346
ELK,ELK.OL,2020-10-08,22.100000381469727,23.100000381469727,22.100000381469727,22.600000381469727,16.99903678894043,1761272
ELK,ELK.OL,2020-10-09,22.979999542236328,23.100000381469727,22.219999313354492,22.299999237060547,16.77338409423828,1037811
ELK,ELK.OL,2020-10-12,22.799999237060547,23.520000457763672,22.5,22.81999969482422,17.164512634277344,952228
ELK,ELK.OL,2020-10-13,22.81999969482422,23.0,22.260000228881836,22.5,16.92382049560547,727823
ELK,ELK.OL,2020-10-14,22.5,22.700000762939453,21.940000534057617,22.3799991607666,16.833559036254883,548967
ELK,ELK.OL,2020-10-15,22.360000610351562,22.360000610351562,21.68000030517578,21.799999237060547,16.397300720214844,516022
ELK,ELK.OL,2020-10-16,22.0,22.420000076293945,21.700000762939453,21.700000762939453,16.322084426879883,757398
ELK,ELK.OL,2020-10-19,21.799999237060547,22.040000915527344,21.299999237060547,21.399999618530273,16.096431732177734,582283
ELK,ELK.OL,2020-10-20,21.1200008392334,21.719999313354492,21.079999923706055,21.459999084472656,16.14156150817871,770396
ELK,ELK.OL,2020-10-21,21.5,21.579999923706055,21.040000915527344,21.459999084472656,16.14156150817871,568175
ELK,ELK.OL,2020-10-22,21.299999237060547,21.700000762939453,20.940000534057617,21.479999542236328,16.156606674194336,443602
ELK,ELK.OL,2020-10-23,21.6200008392334,23.239999771118164,21.600000381469727,23.18000030517578,17.43529510498047,1788948
ELK,ELK.OL,2020-10-26,23.100000381469727,23.100000381469727,22.0,22.079999923706055,16.607908248901367,1343946
ELK,ELK.OL,2020-10-27,21.739999771118164,21.739999771118164,20.719999313354492,20.959999084472656,15.765478134155273,2123152
ELK,ELK.OL,2020-10-28,20.700000762939453,20.700000762939453,18.600000381469727,18.799999237060547,14.140790939331055,3418641
ELK,ELK.OL,2020-10-29,18.799999237060547,19.549999237060547,18.770000457763672,19.479999542236328,14.652265548706055,1432959
ELK,ELK.OL,2020-10-30,19.200000762939453,20.280000686645508,18.8700008392334,20.200000762939453,15.193830490112305,1358946
ELK,ELK.OL,2020-11-02,20.239999771118164,20.8799991607666,20.239999771118164,20.739999771118164,15.600001335144043,862909
ELK,ELK.OL,2020-11-03,20.899999618530273,21.440000534057617,20.520000457763672,21.239999771118164,15.976085662841797,1461171
ELK,ELK.OL,2020-11-04,21.200000762939453,21.360000610351562,20.719999313354492,21.360000610351562,16.066347122192383,978908
ELK,ELK.OL,2020-11-05,21.200000762939453,22.3799991607666,21.200000762939453,21.860000610351562,16.442432403564453,3208366
ELK,ELK.OL,2020-11-06,21.860000610351562,23.360000610351562,21.799999237060547,23.15999984741211,17.420251846313477,1907563
ELK,ELK.OL,2020-11-09,23.65999984741211,25.3799991607666,23.65999984741211,25.200000762939453,18.954679489135742,3072145
ELK,ELK.OL,2020-11-10,24.760000228881836,24.899999618530273,23.959999084472656,24.639999389648438,18.533464431762695,1224544
ELK,ELK.OL,2020-11-11,24.799999237060547,25.1200008392334,24.3799991607666,24.899999618530273,18.729026794433594,987765
ELK,ELK.OL,2020-11-12,24.8799991607666,25.059999465942383,24.440000534057617,24.81999969482422,18.668853759765625,962484
ELK,ELK.OL,2020-11-13,24.739999771118164,24.780000686645508,24.299999237060547,24.5,18.428159713745117,1519895
ELK,ELK.OL,2020-11-16,24.600000381469727,26.520000457763672,24.600000381469727,25.68000030517578,19.315719604492188,1741141
ELK,ELK.OL,2020-11-17,25.68000030517578,25.940000534057617,25.239999771118164,25.520000457763672,19.195371627807617,747626
ELK,ELK.OL,2020-11-18,25.6200008392334,27.239999771118164,25.559999465942383,27.239999771118164,20.489103317260742,1445717
ELK,ELK.OL,2020-11-19,27.100000381469727,27.1200008392334,26.420000076293945,26.979999542236328,20.29353904724121,1169381
ELK,ELK.OL,2020-11-20,27.0,28.200000762939453,26.84000015258789,28.0,21.060752868652344,1537638
ELK,ELK.OL,2020-11-23,28.280000686645508,28.860000610351562,28.079999923706055,28.299999237060547,21.286401748657227,1378806
ELK,ELK.OL,2020-11-24,28.760000228881836,29.700000762939453,28.700000762939453,29.5,22.189008712768555,2439045
ELK,ELK.OL,2020-11-25,29.5,30.200000762939453,28.459999084472656,29.600000381469727,22.264225006103516,4025082
ELK,ELK.OL,2020-11-26,29.68000030517578,29.760000228881836,28.559999465942383,28.899999618530273,21.73770523071289,1269991
ELK,ELK.OL,2020-11-27,28.700000762939453,29.5,28.079999923706055,29.440000534057617,22.143877029418945,1212884
ELK,ELK.OL,2020-11-30,29.200000762939453,29.34000015258789,28.5,28.559999465942383,21.48196792602539,1241935
ELK,ELK.OL,2020-12-01,28.31999969482422,28.920000076293945,28.200000762939453,28.760000228881836,21.632402420043945,953860
ELK,ELK.OL,2020-12-02,28.760000228881836,28.81999969482422,28.0,28.81999969482422,21.677534103393555,1279326
ELK,ELK.OL,2020-12-03,28.799999237060547,29.239999771118164,28.399999618530273,28.899999618530273,21.73770523071289,572070
ELK,ELK.OL,2020-12-04,28.760000228881836,29.559999465942383,28.719999313354492,28.959999084472656,21.7828369140625,521575
ELK,ELK.OL,2020-12-07,29.0,29.020000457763672,28.600000381469727,28.65999984741211,21.557186126708984,943243
ELK,ELK.OL,2020-12-08,28.799999237060547,28.8799991607666,27.959999084472656,27.959999084472656,21.030668258666992,1587731
ELK,ELK.OL,2020-12-09,28.100000381469727,28.84000015258789,28.100000381469727,28.639999389648438,21.54214096069336,944878
ELK,ELK.OL,2020-12-10,28.6200008392334,28.760000228881836,28.020000457763672,28.540000915527344,21.46692657470703,534784
ELK,ELK.OL,2020-12-11,28.459999084472656,28.5,27.84000015258789,28.280000686645508,21.2713623046875,767660
ELK,ELK.OL,2020-12-14,28.399999618530273,28.639999389648438,27.81999969482422,27.860000610351562,20.9554500579834,1112726
ELK,ELK.OL,2020-12-15,27.760000228881836,28.280000686645508,27.260000228881836,27.299999237060547,20.53423309326172,791797
ELK,ELK.OL,2020-12-16,27.5,28.15999984741211,27.5,27.760000228881836,20.880233764648438,980626
ELK,ELK.OL,2020-12-17,28.1200008392334,28.5,27.81999969482422,27.959999084472656,21.030668258666992,668221
ELK,ELK.OL,2020-12-18,27.920000076293945,28.239999771118164,27.700000762939453,27.700000762939453,20.83510398864746,1568439
ELK,ELK.OL,2020-12-21,27.520000457763672,27.81999969482422,26.719999313354492,27.100000381469727,20.38380241394043,1111201
ELK,ELK.OL,2020-12-22,27.200000762939453,28.360000610351562,27.200000762939453,28.0,21.060752868652344,999342
ELK,ELK.OL,2020-12-23,28.600000381469727,28.959999084472656,28.31999969482422,28.959999084472656,21.7828369140625,684149
ELK,ELK.OL,2020-12-28,29.260000228881836,29.399999618530273,28.280000686645508,28.459999084472656,21.40675163269043,989001
ELK,ELK.OL,2020-12-29,28.360000610351562,28.959999084472656,28.280000686645508,28.5,21.436840057373047,1009629
ELK,ELK.OL,2020-12-30,28.5,28.540000915527344,28.040000915527344,28.3799991607666,21.346576690673828,682552
ELK,ELK.OL,2021-01-04,28.399999618530273,29.059999465942383,28.139999389648438,28.260000228881836,21.256317138671875,762923
ELK,ELK.OL,2021-01-05,28.0,28.219999313354492,27.100000381469727,27.299999237060547,20.53423309326172,1453632
ELK,ELK.OL,2021-01-06,27.860000610351562,28.280000686645508,27.6200008392334,27.940000534057617,21.015625,1267520
ELK,ELK.OL,2021-01-07,28.3799991607666,28.459999084472656,27.760000228881836,27.899999618530273,20.985536575317383,784221
ELK,ELK.OL,2021-01-08,28.739999771118164,29.280000686645508,28.3799991607666,28.8799991607666,21.7226619720459,2709088
ELK,ELK.OL,2021-01-11,29.0,29.100000381469727,27.8799991607666,27.979999542236328,21.04570960998535,1306300
ELK,ELK.OL,2021-01-12,27.899999618530273,28.34000015258789,27.899999618530273,28.34000015258789,21.316492080688477,716841
ELK,ELK.OL,2021-01-13,28.399999618530273,28.479999542236328,27.34000015258789,27.479999542236328,20.66962432861328,1007571
ELK,ELK.OL,2021-01-14,27.399999618530273,27.899999618530273,27.399999618530273,27.700000762939453,20.83510398864746,633237
ELK,ELK.OL,2021-01-15,27.520000457763672,27.520000457763672,26.780000686645508,26.780000686645508,20.143108367919922,1116690
ELK,ELK.OL,2021-01-18,27.299999237060547,27.299999237060547,26.780000686645508,26.84000015258789,20.188236236572266,1643152
ELK,ELK.OL,2021-01-19,27.020000457763672,27.81999969482422,27.020000457763672,27.420000076293945,20.624496459960938,765920
ELK,ELK.OL,2021-01-20,27.360000610351562,27.860000610351562,26.81999969482422,27.600000381469727,20.7598876953125,1079672
ELK,ELK.OL,2021-01-21,27.899999618530273,28.0,27.15999984741211,27.31999969482422,20.549278259277344,559790
ELK,ELK.OL,2021-01-22,27.399999618530273,27.399999618530273,26.940000534057617,27.020000457763672,20.323625564575195,716607
ELK,ELK.OL,2021-01-25,27.0,27.200000762939453,25.440000534057617,25.979999542236328,19.541370391845703,1390163
ELK,ELK.OL,2021-01-26,25.299999237060547,26.420000076293945,25.0,26.200000762939453,19.706850051879883,1398883
ELK,ELK.OL,2021-01-27,26.299999237060547,26.34000015258789,25.3799991607666,25.68000030517578,19.315719604492188,1239669
ELK,ELK.OL,2021-01-28,25.100000381469727,26.18000030517578,24.540000915527344,26.100000381469727,19.63163185119629,1323963
ELK,ELK.OL,2021-01-29,25.739999771118164,26.459999084472656,25.440000534057617,26.260000228881836,19.75197982788086,608775
ELK,ELK.OL,2021-02-01,26.200000762939453,26.719999313354492,26.1200008392334,26.479999542236328,19.91745376586914,650302
ELK,ELK.OL,2021-02-02,27.0,28.18000030517578,27.0,27.899999618530273,20.985536575317383,1568480
ELK,ELK.OL,2021-02-03,28.799999237060547,28.959999084472656,28.100000381469727,28.799999237060547,21.662490844726562,1103262
ELK,ELK.OL,2021-02-04,28.959999084472656,30.399999618530273,28.8799991607666,30.18000030517578,22.700483322143555,2167188
ELK,ELK.OL,2021-02-05,30.18000030517578,30.5,30.0,30.299999237060547,22.790742874145508,1337417
ELK,ELK.OL,2021-02-08,30.280000686645508,31.459999084472656,30.280000686645508,31.31999969482422,23.55795669555664,1733806
ELK,ELK.OL,2021-02-09,31.399999618530273,32.459999084472656,30.920000076293945,32.0,24.069433212280273,2500532
ELK,ELK.OL,2021-02-10,33.5,33.5,30.739999771118164,32.08000183105469,24.129608154296875,2414090
ELK,ELK.OL,2021-02-11,32.099998474121094,32.5,30.739999771118164,30.81999969482422,23.18187141418457,1956911
ELK,ELK.OL,2021-02-12,31.0,31.100000381469727,29.020000457763672,29.219999313354492,21.9783992767334,2355785
ELK,ELK.OL,2021-02-15,29.600000381469727,29.81999969482422,28.31999969482422,28.540000915527344,21.46692657470703,2580361
ELK,ELK.OL,2021-02-16,28.5,28.700000762939453,28.020000457763672,28.200000762939453,21.2111873626709,1427035
ELK,ELK.OL,2021-02-17,28.700000762939453,29.459999084472656,28.020000457763672,29.139999389648438,21.918228149414062,1726131
ELK,ELK.OL,2021-02-18,29.15999984741211,29.34000015258789,28.260000228881836,28.260000228881836,21.256317138671875,2961906
ELK,ELK.OL,2021-02-19,28.280000686645508,29.0,28.100000381469727,29.0,21.812923431396484,1185433
ELK,ELK.OL,2021-02-22,29.0,29.479999542236328,28.239999771118164,29.31999969482422,22.053617477416992,1144167
ELK,ELK.OL,2021-02-23,29.34000015258789,29.639999389648438,28.260000228881836,28.8799991607666,21.7226619720459,1690020
ELK,ELK.OL,2021-02-24,28.5,29.440000534057617,28.5,29.299999237060547,22.03857421875,905171
ELK,ELK.OL,2021-02-25,29.899999618530273,31.31999969482422,29.799999237060547,31.1200008392334,23.40752410888672,2320943
ELK,ELK.OL,2021-02-26,30.059999465942383,30.799999237060547,29.540000915527344,30.479999542236328,22.926136016845703,995278
ELK,ELK.OL,2021-03-01,30.780000686645508,31.8799991607666,30.780000686645508,31.719999313354492,23.858823776245117,1567855
ELK,ELK.OL,2021-03-02,31.579999923706055,31.920000076293945,31.399999618530273,31.799999237060547,23.91899871826172,631035
ELK,ELK.OL,2021-03-03,31.979999542236328,32.7400016784668,31.420000076293945,32.2400016784668,24.249954223632812,2157037
ELK,ELK.OL,2021-03-04,32.13999938964844,32.13999938964844,31.1200008392334,31.5,23.693349838256836,1114445
ELK,ELK.OL,2021-03-05,31.65999984741211,32.459999084472656,31.219999313354492,31.940000534057617,24.024303436279297,822031
ELK,ELK.OL,2021-03-08,32.040000915527344,32.58000183105469,31.979999542236328,32.52000045776367,24.460559844970703,858278
ELK,ELK.OL,2021-03-09,32.81999969482422,33.7599983215332,32.400001525878906,33.08000183105469,24.881776809692383,1630282
ELK,ELK.OL,2021-03-10,33.400001525878906,34.2400016784668,32.900001525878906,33.540000915527344,25.227773666381836,1278281
ELK,ELK.OL,2021-03-11,33.81999969482422,34.08000183105469,32.91999816894531,33.099998474121094,24.896818161010742,914659
ELK,ELK.OL,2021-03-12,34.0,35.900001525878906,33.52000045776367,35.65999984741211,26.822376251220703,2825390
ELK,ELK.OL,2021-03-15,35.79999923706055,35.81999969482422,34.720001220703125,35.099998474121094,26.40115737915039,1556143
ELK,ELK.OL,2021-03-16,35.220001220703125,35.939998626708984,34.79999923706055,34.81999969482422,26.190547943115234,1169873
ELK,ELK.OL,2021-03-17,35.52000045776367,36.68000030517578,35.439998626708984,36.060001373291016,27.123241424560547,1652726
ELK,ELK.OL,2021-03-18,36.31999969482422,37.7599983215332,36.31999969482422,37.70000076293945,28.356800079345703,1947400
ELK,ELK.OL,2021-03-19,37.0,37.36000061035156,36.41999816894531,36.41999816894531,27.394023895263672,1574181
ELK,ELK.OL,2021-03-22,36.619998931884766,37.599998474121094,36.34000015258789,36.380001068115234,27.36393928527832,1276110
ELK,ELK.OL,2021-03-23,36.380001068115234,36.380001068115234,34.84000015258789,35.68000030517578,26.83741569519043,1272586
ELK,ELK.OL,2021-03-24,35.70000076293945,36.81999969482422,35.2400016784668,35.79999923706055,26.927677154541016,1296566
ELK,ELK.OL,2021-03-25,35.79999923706055,36.31999969482422,35.040000915527344,35.68000030517578,26.83741569519043,915275
ELK,ELK.OL,2021-03-26,36.13999938964844,37.2599983215332,36.13999938964844,36.5,27.45419692993164,1368226
ELK,ELK.OL,2021-03-29,36.959999084472656,36.97999954223633,35.900001525878906,36.599998474121094,27.529415130615234,890245
ELK,ELK.OL,2021-03-30,37.0,37.20000076293945,36.52000045776367,36.79999923706055,27.679845809936523,677546
ELK,ELK.OL,2021-03-31,37.0,37.34000015258789,36.79999923706055,37.20000076293945,27.980716705322266,701843
ELK,ELK.OL,2021-04-06,37.540000915527344,37.91999816894531,36.63999938964844,36.84000015258789,27.70993423461914,985329
ELK,ELK.OL,2021-04-07,37.0,37.2599983215332,36.040000915527344,36.540000915527344,27.484285354614258,818759
ELK,ELK.OL,2021-04-08,36.599998474121094,36.86000061035156,36.31999969482422,36.63999938964844,27.559499740600586,478868
ELK,ELK.OL,2021-04-09,36.900001525878906,36.900001525878906,36.099998474121094,36.20000076293945,27.228544235229492,434027
ELK,ELK.OL,2021-04-12,36.02000045776367,36.02000045776367,35.29999923706055,35.52000045776367,26.717073440551758,552709
ELK,ELK.OL,2021-04-13,35.29999923706055,35.86000061035156,35.15999984741211,35.2599983215332,26.521507263183594,996360
ELK,ELK.OL,2021-04-14,35.380001068115234,35.65999984741211,35.2599983215332,35.459999084472656,26.671939849853516,682088
ELK,ELK.OL,2021-04-15,35.599998474121094,35.79999923706055,35.380001068115234,35.400001525878906,26.626811981201172,700323
ELK,ELK.OL,2021-04-16,35.20000076293945,36.15999984741211,35.08000183105469,35.459999084472656,26.671939849853516,2909950
ELK,ELK.OL,2021-04-19,35.58000183105469,35.68000030517578,34.560001373291016,34.81999969482422,26.190547943115234,720249
ELK,ELK.OL,2021-04-20,34.79999923706055,34.939998626708984,33.20000076293945,33.619998931884766,25.287946701049805,1568259
ELK,ELK.OL,2021-04-21,33.5,34.47999954223633,33.119998931884766,33.70000076293945,25.348121643066406,1461820
ELK,ELK.OL,2021-04-22,34.099998474121094,34.380001068115234,33.70000076293945,34.0,25.573772430419922,545555
ELK,ELK.OL,2021-04-23,34.0,34.84000015258789,33.52000045776367,34.79999923706055,26.175508499145508,862643
ELK,ELK.OL,2021-04-26,35.0,35.119998931884766,34.459999084472656,35.08000183105469,26.38611602783203,647623
ELK,ELK.OL,2021-04-27,33.459999084472656,34.20000076293945,31.959999084472656,31.81999969482422,23.934043884277344,66835559
ELK,ELK.OL,2021-04-28,32.29999923706055,32.65999984741211,30.6200008392334,31.040000915527344,23.457929611206055,7669345
ELK,ELK.OL,2021-04-29,31.260000228881836,31.780000686645508,30.899999618530273,31.579999923706055,23.866025924682617,2657219
ELK,ELK.OL,2021-04-30,31.799999237060547,31.799999237060547,30.700000762939453,30.700000762939453,23.20098304748535,2602245
ELK,ELK.OL,2021-05-03,30.6200008392334,31.0,30.200000762939453,30.739999771118164,23.231212615966797,1514934
ELK,ELK.OL,2021-05-04,30.979999542236328,31.020000457763672,29.200000762939453,29.5,22.294103622436523,3111465
ELK,ELK.OL,2021-05-05,29.700000762939453,30.15999984741211,29.540000915527344,29.860000610351562,22.5661678314209,1889406
ELK,ELK.OL,2021-05-06,29.959999084472656,29.979999542236328,28.639999389648438,28.799999237060547,21.765090942382812,3463450
ELK,ELK.OL,2021-05-07,29.040000915527344,30.200000762939453,28.68000030517578,30.200000762939453,22.823116302490234,2312094
ELK,ELK.OL,2021-05-10,30.200000762939453,30.6200008392334,30.040000915527344,30.440000534057617,23.004491806030273,1631589
ELK,ELK.OL,2021-05-11,29.719999313354492,29.979999542236328,29.040000915527344,29.239999771118164,22.097612380981445,2126303
ELK,ELK.OL,2021-05-12,29.260000228881836,29.5,28.6200008392334,29.0,21.916236877441406,1538421
ELK,ELK.OL,2021-05-14,29.020000457763672,29.260000228881836,28.280000686645508,28.540000915527344,21.568601608276367,1309591
ELK,ELK.OL,2021-05-18,28.559999465942383,29.8799991607666,28.559999465942383,29.360000610351562,22.188302993774414,1227920
ELK,ELK.OL,2021-05-19,29.3799991607666,29.479999542236328,28.360000610351562,28.440000534057617,21.493026733398438,1418097
ELK,ELK.OL,2021-05-20,28.860000610351562,29.280000686645508,28.459999084472656,28.799999237060547,21.765090942382812,1253550
ELK,ELK.OL,2021-05-21,29.0,29.719999313354492,28.81999969482422,29.579999923706055,22.35456085205078,1291052
ELK,ELK.OL,2021-05-25,30.079999923706055,30.559999465942383,29.3799991607666,29.440000534057617,22.24875831604004,1394434
ELK,ELK.OL,2021-05-26,29.6200008392334,29.6200008392334,29.139999389648438,29.360000610351562,22.188302993774414,879519
ELK,ELK.OL,2021-05-27,29.700000762939453,30.020000457763672,29.200000762939453,29.84000015258789,22.55105209350586,1207779
ELK,ELK.OL,2021-05-28,30.0,30.479999542236328,29.84000015258789,30.420000076293945,22.989377975463867,1319230
ELK,ELK.OL,2021-05-31,30.420000076293945,30.420000076293945,29.5,29.940000534057617,22.626625061035156,1246829
ELK,ELK.OL,2021-06-01,30.0,30.3799991607666,29.719999313354492,29.899999618530273,22.59639549255371,1043463
ELK,ELK.OL,2021-06-02,29.979999542236328,30.700000762939453,29.899999618530273,30.559999465942383,23.095178604125977,1315646
ELK,ELK.OL,2021-06-03,30.799999237060547,31.139999389648438,30.299999237060547,30.639999389648438,23.155637741088867,1231206
ELK,ELK.OL,2021-06-04,30.700000762939453,30.799999237060547,30.3799991607666,30.440000534057617,23.004491806030273,508091
ELK,ELK.OL,2021-06-07,30.459999084472656,30.459999084472656,29.860000610351562,29.860000610351562,22.5661678314209,738748
ELK,ELK.OL,2021-06-08,30.079999923706055,30.079999923706055,29.219999313354492,29.440000534057617,22.24875831604004,1339046
ELK,ELK.OL,2021-06-09,30.899999618530273,30.920000076293945,29.760000228881836,30.100000381469727,22.747543334960938,1791376
ELK,ELK.OL,2021-06-10,30.200000762939453,30.200000762939453,29.479999542236328,29.760000228881836,22.49059295654297,1086916
ELK,ELK.OL,2021-06-11,29.739999771118164,30.940000534057617,29.520000457763672,30.799999237060547,23.276554107666016,1288744
ELK,ELK.OL,2021-06-14,31.100000381469727,31.34000015258789,30.3799991607666,30.520000457763672,23.06494903564453,1262356
ELK,ELK.OL,2021-06-15,30.700000762939453,30.700000762939453,29.760000228881836,29.799999237060547,22.52082061767578,1611677
ELK,ELK.OL,2021-06-16,29.860000610351562,29.940000534057617,29.420000076293945,29.600000381469727,22.36967658996582,985166
ELK,ELK.OL,2021-06-17,29.600000381469727,30.139999389648438,29.299999237060547,29.920000076293945,22.61151123046875,1052474
ELK,ELK.OL,2021-06-18,29.760000228881836,29.940000534057617,29.100000381469727,29.18000030517578,22.052268981933594,1928911
ELK,ELK.OL,2021-06-21,29.200000762939453,29.700000762939453,28.600000381469727,29.700000762939453,22.445249557495117,827268
ELK,ELK.OL,2021-06-22,29.84000015258789,30.040000915527344,29.5,29.81999969482422,22.53593635559082,1013282
ELK,ELK.OL,2021-06-23,29.860000610351562,30.139999389648438,29.719999313354492,30.020000457763672,22.687084197998047,937596
ELK,ELK.OL,2021-06-24,29.920000076293945,30.0,29.639999389648438,30.0,22.671968460083008,670894
ELK,ELK.OL,2021-06-25,30.100000381469727,30.579999923706055,29.739999771118164,29.979999542236328,22.65685272216797,988284
ELK,ELK.OL,2021-06-28,29.959999084472656,29.959999084472656,29.399999618530273,29.399999618530273,22.218528747558594,733308
ELK,ELK.OL,2021-06-29,29.420000076293945,30.3799991607666,29.420000076293945,30.299999237060547,22.8986873626709,1328059
ELK,ELK.OL,2021-06-30,30.34000015258789,31.31999969482422,30.280000686645508,31.31999969482422,23.66953468322754,1915555
ELK,ELK.OL,2021-07-01,30.399999618530273,31.0,29.459999084472656,29.540000915527344,22.32433319091797,3952762
ELK,ELK.OL,2021-07-02,29.739999771118164,29.920000076293945,29.299999237060547,29.559999465942383,22.339447021484375,1485551
ELK,ELK.OL,2021-07-05,29.600000381469727,30.139999389648438,29.579999923706055,29.920000076293945,22.61151123046875,1052850
ELK,ELK.OL,2021-07-06,30.100000381469727,30.100000381469727,29.479999542236328,29.5,22.294103622436523,893277
ELK,ELK.OL,2021-07-07,29.459999084472656,30.079999923706055,29.260000228881836,30.020000457763672,22.687084197998047,1263095
ELK,ELK.OL,2021-07-08,29.959999084472656,30.100000381469727,29.360000610351562,29.520000457763672,22.309219360351562,1260308
ELK,ELK.OL,2021-07-09,29.799999237060547,30.479999542236328,29.559999465942383,30.399999618530273,22.974262237548828,1131000
ELK,ELK.OL,2021-07-12,30.559999465942383,30.780000686645508,30.059999465942383,30.780000686645508,23.26144027709961,801283
ELK,ELK.OL,2021-07-13,30.799999237060547,31.459999084472656,30.600000381469727,31.079999923706055,23.4881591796875,990673
ELK,ELK.OL,2021-07-14,31.3799991607666,32.220001220703125,30.780000686645508,32.0,24.183433532714844,2447075
ELK,ELK.OL,2021-07-15,32.099998474121094,32.099998474121094,31.139999389648438,31.260000228881836,23.62419319152832,1576236
ELK,ELK.OL,2021-07-16,32.400001525878906,32.720001220703125,30.260000228881836,30.540000915527344,23.08006477355957,4433816
ELK,ELK.OL,2021-07-19,30.68000030517578,32.91999816894531,30.559999465942383,31.0,23.427701950073242,5453008
ELK,ELK.OL,2021-07-20,31.799999237060547,32.29999923706055,31.139999389648438,31.84000015258789,24.062517166137695,2862226
ELK,ELK.OL,2021-07-21,32.0,33.0,31.84000015258789,32.880001068115234,24.848480224609375,2244607
ELK,ELK.OL,2021-07-22,32.880001068115234,33.220001220703125,32.65999984741211,32.70000076293945,24.712446212768555,1100752
ELK,ELK.OL,2021-07-23,32.900001525878906,33.20000076293945,32.599998474121094,32.70000076293945,24.712446212768555,1173080
ELK,ELK.OL,2021-07-26,32.70000076293945,33.52000045776367,32.20000076293945,33.380001068115234,25.22634506225586,1458244
ELK,ELK.OL,2021-07-27,33.47999954223633,33.5,32.41999816894531,32.5,24.56130027770996,1639277
ELK,ELK.OL,2021-07-28,32.5,33.20000076293945,32.400001525878906,32.79999923706055,24.78801918029785,1453726
ELK,ELK.OL,2021-07-29,33.0,33.2599983215332,32.720001220703125,32.900001525878906,24.86359405517578,889444
ELK,ELK.OL,2021-07-30,32.70000076293945,32.81999969482422,32.220001220703125,32.720001220703125,24.727561950683594,1136876
ELK,ELK.OL,2021-08-02,33.0,33.36000061035156,32.81999969482422,33.060001373291016,24.98451042175293,1262714
ELK,ELK.OL,2021-08-03,33.0,33.18000030517578,32.619998931884766,32.79999923706055,24.78801918029785,1085821
ELK,ELK.OL,2021-08-04,32.84000015258789,33.36000061035156,32.79999923706055,33.220001220703125,25.10542869567871,1784398
ELK,ELK.OL,2021-08-05,33.20000076293945,33.2599983215332,32.7400016784668,33.13999938964844,25.044967651367188,978329
ELK,ELK.OL,2021-08-06,33.20000076293945,33.36000061035156,32.720001220703125,32.939998626708984,24.893821716308594,1077169
ELK,ELK.OL,2021-08-09,33.040000915527344,33.31999969482422,32.91999816894531,33.20000076293945,25.090314865112305,935336
ELK,ELK.OL,2021-08-10,33.380001068115234,33.65999984741211,33.20000076293945,33.52000045776367,25.3321475982666,1253249
ELK,ELK.OL,2021-08-11,33.68000030517578,35.099998474121094,33.63999938964844,34.779998779296875,26.284366607666016,2021350
ELK,ELK.OL,2021-08-12,34.86000061035156,35.18000030517578,34.2400016784668,35.13999938964844,26.556432723999023,1625199
ELK,ELK.OL,2021-08-13,35.20000076293945,35.36000061035156,34.7400016784668,34.7400016784668,26.254140853881836,804013
ELK,ELK.OL,2021-08-16,34.7599983215332,34.7599983215332,33.880001068115234,34.13999938964844,25.80069923400879,1226680
ELK,ELK.OL,2021-08-17,34.0,34.41999816894531,33.81999969482422,33.939998626708984,25.649553298950195,1236452
ELK,ELK.OL,2021-08-18,34.0,34.400001525878906,33.779998779296875,34.15999984741211,25.815814971923828,862480
ELK,ELK.OL,2021-08-19,33.81999969482422,33.97999954223633,33.0,33.900001525878906,25.619327545166016,1486406
ELK,ELK.OL,2021-08-20,33.63999938964844,33.959999084472656,33.34000015258789,33.900001525878906,25.619327545166016,1145024
ELK,ELK.OL,2021-08-23,34.5,35.040000915527344,34.31999969482422,34.97999954223633,26.435514450073242,1484742
ELK,ELK.OL,2021-08-24,35.15999984741211,35.439998626708984,34.79999923706055,35.20000076293945,26.601776123046875,1532435
ELK,ELK.OL,2021-08-25,35.20000076293945,35.58000183105469,35.040000915527344,35.040000915527344,26.480857849121094,1039464
ELK,ELK.OL,2021-08-26,34.86000061035156,35.5,34.86000061035156,35.5,26.828495025634766,1562435
ELK,ELK.OL,2021-08-27,35.5,36.70000076293945,35.41999816894531,36.70000076293945,27.735376358032227,1711515
ELK,ELK.OL,2021-08-30,36.720001220703125,37.68000030517578,36.36000061035156,37.380001068115234,28.24927520751953,1990893
ELK,ELK.OL,2021-08-31,37.5,38.380001068115234,37.040000915527344,37.040000915527344,27.992324829101562,3493888
ELK,ELK.OL,2021-09-01,37.5,38.0,37.2400016784668,37.2400016784668,28.14347267150879,2156830
ELK,ELK.OL,2021-09-02,37.34000015258789,38.380001068115234,37.34000015258789,38.29999923706055,28.94454574584961,1366540
ELK,ELK.OL,2021-09-03,38.380001068115234,38.52000045776367,37.79999923706055,38.13999938964844,28.82362937927246,948984
ELK,ELK.OL,2021-09-06,38.34000015258789,38.7400016784668,38.13999938964844,38.5,29.095693588256836,827017
ELK,ELK.OL,2021-09-07,38.63999938964844,39.099998474121094,38.400001525878906,38.5,29.095693588256836,1073305
ELK,ELK.OL,2021-09-08,38.5,38.560001373291016,37.86000061035156,37.939998626708984,28.6724853515625,608941
ELK,ELK.OL,2021-09-09,37.86000061035156,38.0,37.08000183105469,37.31999969482422,28.203927993774414,1135446
ELK,ELK.OL,2021-09-10,37.5,37.65999984741211,36.47999954223633,36.560001373291016,27.629575729370117,1078427
ELK,ELK.OL,2021-09-13,36.47999954223633,36.900001525878906,35.7400016784668,35.779998779296875,27.040102005004883,1114132
ELK,ELK.OL,2021-09-14,35.68000030517578,35.7599983215332,35.060001373291016,35.5,26.828495025634766,1579518
ELK,ELK.OL,2021-09-15,35.459999084472656,36.400001525878906,35.459999084472656,36.0,27.206363677978516,904349
ELK,ELK.OL,2021-09-16,36.099998474121094,36.619998931884766,35.900001525878906,36.41999816894531,27.523771286010742,1120537
ELK,ELK.OL,2021-09-17,36.619998931884766,37.29999923706055,36.41999816894531,36.63999938964844,27.690031051635742,2282252
ELK,ELK.OL,2021-09-20,36.5,36.5,33.81999969482422,34.31999969482422,25.93673324584961,2873993
ELK,ELK.OL,2021-09-21,34.5,35.20000076293945,34.29999923706055,34.400001525878906,25.9971923828125,1123390
ELK,ELK.OL,2021-09-22,34.68000030517578,35.63999938964844,34.68000030517578,35.58000183105469,26.888957977294922,1404877
ELK,ELK.OL,2021-09-23,35.939998626708984,37.52000045776367,35.84000015258789,37.52000045776367,28.35507583618164,2759592
ELK,ELK.OL,2021-09-24,37.400001525878906,37.5,36.36000061035156,37.13999938964844,28.067895889282227,1229211
ELK,ELK.OL,2021-09-27,37.36000061035156,37.65999984741211,36.5,36.91999816894531,27.901636123657227,1151029
ELK,ELK.OL,2021-09-28,36.84000015258789,36.880001068115234,35.65999984741211,35.84000015258789,27.085447311401367,1312476
ELK,ELK.OL,2021-09-29,35.779998779296875,37.119998931884766,35.720001220703125,37.099998474121094,28.03766441345215,1224967
ELK,ELK.OL,2021-09-30,37.400001525878906,38.380001068115234,37.279998779296875,37.91999816894531,28.657365798950195,1497683
ELK,ELK.OL,2021-10-01,37.02000045776367,37.79999923706055,36.2400016784668,37.08000183105469,28.02255630493164,1929609
ELK,ELK.OL,2021-10-04,36.959999084472656,37.31999969482422,36.540000915527344,37.2599983215332,28.158584594726562,1225833
ELK,ELK.OL,2021-10-05,36.68000030517578,37.0,35.68000030517578,37.0,27.962095260620117,1342855
ELK,ELK.OL,2021-10-06,36.5,36.68000030517578,35.5,35.79999923706055,27.05521583557129,1104699
ELK,ELK.OL,2021-10-07,37.0,37.0,35.86000061035156,36.84000015258789,27.841176986694336,1181993
ELK,ELK.OL,2021-10-08,36.939998626708984,36.97999954223633,36.34000015258789,36.619998931884766,27.674915313720703,545578
ELK,ELK.OL,2021-10-11,36.63999938964844,37.0,36.47999954223633,36.68000030517578,27.72026252746582,705038
ELK,ELK.OL,2021-10-12,36.08000183105469,36.279998779296875,35.81999969482422,36.0,27.206363677978516,840709
ELK,ELK.OL,2021-10-13,36.119998931884766,36.29999923706055,35.7400016784668,35.84000015258789,27.085447311401367,639209
ELK,ELK.OL,2021-10-14,36.29999923706055,36.400001525878906,35.779998779296875,36.220001220703125,27.37262725830078,909960
ELK,ELK.OL,2021-10-15,36.380001068115234,36.63999938964844,36.2400016784668,36.560001373291016,27.629575729370117,1315111
ELK,ELK.OL,2021-10-18,36.79999923706055,37.31999969482422,36.5,36.79999923706055,27.81094741821289,1271205
ELK,ELK.OL,2021-10-19,36.779998779296875,37.0,36.52000045776367,36.599998474121094,27.65980339050293,822160
ELK,ELK.OL,2021-10-20,36.599998474121094,36.599998474121094,35.619998931884766,35.900001525878906,27.13079071044922,866314
ELK,ELK.OL,2021-10-21,35.86000061035156,35.86000061035156,34.900001525878906,35.20000076293945,26.601776123046875,1327932
ELK,ELK.OL,2021-10-22,35.220001220703125,36.060001373291016,35.0,35.599998474121094,26.904069900512695,1106000
ELK,ELK.OL,2021-10-25,35.599998474121094,35.68000030517578,35.099998474121094,35.29999923706055,26.677350997924805,712517
ELK,ELK.OL,2021-10-26,36.08000183105469,36.599998474121094,35.81999969482422,36.29999923706055,27.433082580566406,2521429
ELK,ELK.OL,2021-10-27,37.20000076293945,38.34000015258789,35.81999969482422,36.08000183105469,27.266822814941406,5551922
ELK,ELK.OL,2021-10-28,36.279998779296875,36.34000015258789,33.02000045776367,33.619998931884766,25.407718658447266,9282479
ELK,ELK.OL,2021-10-29,33.880001068115234,34.119998931884766,33.119998931884766,33.459999084472656,25.286802291870117,2800738
ELK,ELK.OL,2021-11-01,34.0,34.20000076293945,33.2599983215332,33.599998474121094,25.392602920532227,2299647
ELK,ELK.OL,2021-11-02,33.560001373291016,33.560001373291016,32.70000076293945,33.0,24.939165115356445,2084976
ELK,ELK.OL,2021-11-03,32.959999084472656,33.599998474121094,32.959999084472656,33.380001068115234,25.22634506225586,1898333
ELK,ELK.OL,2021-11-04,33.70000076293945,33.7400016784668,33.040000915527344,33.439998626708984,25.271686553955078,2791607
ELK,ELK.OL,2021-11-05,33.52000045776367,33.599998474121094,33.02000045776367,33.599998474121094,25.392602920532227,901069
ELK,ELK.OL,2021-11-08,33.52000045776367,33.900001525878906,33.040000915527344,33.279998779296875,25.150768280029297,1205354
ELK,ELK.OL,2021-11-09,33.18000030517578,33.18000030517578,32.060001373291016,32.099998474121094,24.25900650024414,2643862
ELK,ELK.OL,2021-11-10,32.2400016784668,32.58000183105469,31.440000534057617,31.940000534057617,24.138090133666992,1807352
ELK,ELK.OL,2021-11-11,31.81999969482422,32.70000076293945,31.81999969482422,32.439998626708984,24.515954971313477,1064360
ELK,ELK.OL,2021-11-12,32.459999084472656,32.939998626708984,32.20000076293945,32.619998931884766,24.651987075805664,1523733
ELK,ELK.OL,2021-11-15,32.97999954223633,33.34000015258789,32.79999923706055,32.959999084472656,24.908935546875,1136315
ELK,ELK.OL,2021-11-16,33.220001220703125,33.220001220703125,32.41999816894531,32.58000183105469,24.62175941467285,1104478
ELK,ELK.OL,2021-11-17,32.7599983215332,32.79999923706055,32.2599983215332,32.63999938964844,24.667102813720703,834718
ELK,ELK.OL,2021-11-18,32.7400016784668,32.97999954223633,31.8799991607666,31.8799991607666,24.092742919921875,1172794
ELK,ELK.OL,2021-11-19,32.599998474121094,32.63999938964844,31.84000015258789,31.899999618530273,24.107858657836914,1147890
ELK,ELK.OL,2021-11-22,32.02000045776367,32.279998779296875,31.84000015258789,32.0,24.183433532714844,967375
ELK,ELK.OL,2021-11-23,31.959999084472656,32.52000045776367,31.65999984741211,32.52000045776367,24.576414108276367,969077
ELK,ELK.OL,2021-11-24,32.5,32.560001373291016,31.15999984741211,31.5,23.80556869506836,1365921
ELK,ELK.OL,2021-11-25,31.760000228881836,31.940000534057617,31.399999618530273,31.479999542236328,23.79045295715332,749280
ELK,ELK.OL,2021-11-26,30.100000381469727,30.799999237060547,29.8799991607666,30.020000457763672,22.687084197998047,1864800
ELK,ELK.OL,2021-11-29,30.299999237060547,30.84000015258789,30.0,30.1200008392334,22.762657165527344,1281990
ELK,ELK.OL,2021-11-30,30.0,30.280000686645508,29.219999313354492,29.31999969482422,22.158071517944336,1159229
ELK,ELK.OL,2021-12-01,29.520000457763672,30.139999389648438,29.280000686645508,30.020000457763672,22.687084197998047,1264286
ELK,ELK.OL,2021-12-02,30.0,30.0,29.18000030517578,29.420000076293945,22.233642578125,1276102
ELK,ELK.OL,2021-12-03,29.799999237060547,29.940000534057617,29.1200008392334,29.139999389648438,22.02203941345215,928849
ELK,ELK.OL,2021-12-06,29.299999237060547,29.360000610351562,28.600000381469727,29.059999465942383,21.961580276489258,1319057
ELK,ELK.OL,2021-12-07,29.399999618530273,29.799999237060547,29.399999618530273,29.739999771118164,22.47547721862793,882974
ELK,ELK.OL,2021-12-08,29.780000686645508,30.3799991607666,29.260000228881836,29.719999313354492,22.460363388061523,1555200
ELK,ELK.OL,2021-12-09,29.81999969482422,29.940000534057617,29.280000686645508,29.3799991607666,22.203414916992188,1118798
ELK,ELK.OL,2021-12-10,29.0,29.34000015258789,28.940000534057617,28.959999084472656,21.88600730895996,1083571
ELK,ELK.OL,2021-12-13,29.020000457763672,29.979999542236328,29.020000457763672,29.139999389648438,22.02203941345215,1768849
ELK,ELK.OL,2021-12-14,29.1200008392334,29.31999969482422,28.420000076293945,28.719999313354492,21.704631805419922,1100484
ELK,ELK.OL,2021-12-15,28.559999465942383,28.739999771118164,28.420000076293945,28.420000076293945,21.4779109954834,504248
ELK,ELK.OL,2021-12-16,29.020000457763672,29.260000228881836,28.860000610351562,29.059999465942383,21.961580276489258,796296
ELK,ELK.OL,2021-12-17,28.8799991607666,28.979999542236328,28.5,28.920000076293945,21.855777740478516,1668485
ELK,ELK.OL,2021-12-20,28.059999465942383,28.100000381469727,27.1200008392334,27.34000015258789,20.661720275878906,3520631
ELK,ELK.OL,2021-12-21,27.600000381469727,28.100000381469727,27.5,28.079999923706055,21.220962524414062,1365090
ELK,ELK.OL,2021-12-22,28.1200008392334,28.360000610351562,27.799999237060547,27.81999969482422,21.024471282958984,1204520
ELK,ELK.OL,2021-12-23,28.0,28.920000076293945,28.0,28.760000228881836,21.734861373901367,1453908
ELK,ELK.OL,2021-12-27,28.799999237060547,29.3799991607666,28.639999389648438,29.280000686645508,22.12784194946289,566701
ELK,ELK.OL,2021-12-28,29.420000076293945,29.68000030517578,29.360000610351562,29.600000381469727,22.36967658996582,434811
ELK,ELK.OL,2021-12-29,29.600000381469727,29.600000381469727,29.100000381469727,29.260000228881836,22.11272621154785,530097
ELK,ELK.OL,2021-12-30,29.280000686645508,29.81999969482422,29.18000030517578,29.81999969482422,22.53593635559082,708613
ELK,ELK.OL,2022-01-03,29.920000076293945,30.799999237060547,29.559999465942383,30.6200008392334,23.14052391052246,1490920
ELK,ELK.OL,2022-01-04,30.719999313354492,31.079999923706055,30.299999237060547,30.3799991607666,22.959148406982422,977486
ELK,ELK.OL,2022-01-05,30.299999237060547,30.5,30.219999313354492,30.3799991607666,22.959148406982422,511143
ELK,ELK.OL,2022-01-06,30.0,30.0,29.479999542236328,29.799999237060547,22.52082061767578,960843
ELK,ELK.OL,2022-01-07,29.899999618530273,30.559999465942383,29.760000228881836,30.31999969482422,22.913803100585938,1033641
ELK,ELK.OL,2022-01-10,30.399999618530273,30.559999465942383,29.719999313354492,29.739999771118164,22.47547721862793,499394
ELK,ELK.OL,2022-01-11,30.0,31.200000762939453,30.0,30.81999969482422,23.291667938232422,1126485
ELK,ELK.OL,2022-01-12,31.079999923706055,31.559999465942383,30.959999084472656,31.200000762939453,23.578847885131836,873958
ELK,ELK.OL,2022-01-13,31.18000030517578,31.719999313354492,31.100000381469727,31.440000534057617,23.760225296020508,711668
ELK,ELK.OL,2022-01-14,31.459999084472656,32.220001220703125,31.280000686645508,32.15999984741211,24.304349899291992,1234542
ELK,ELK.OL,2022-01-17,32.41999816894531,33.70000076293945,32.41999816894531,33.560001373291016,25.362377166748047,2351953
ELK,ELK.OL,2022-01-18,34.0,34.880001068115234,33.400001525878906,34.0,25.69489860534668,2241932
ELK,ELK.OL,2022-01-19,34.279998779296875,34.279998779296875,33.08000183105469,33.08000183105469,24.99962615966797,1484873
ELK,ELK.OL,2022-01-20,33.34000015258789,33.779998779296875,32.959999084472656,33.099998474121094,25.014738082885742,1047923
ELK,ELK.OL,2022-01-21,32.439998626708984,32.7599983215332,31.700000762939453,31.700000762939453,23.956714630126953,1312200
ELK,ELK.OL,2022-01-24,31.899999618530273,31.899999618530273,29.68000030517578,29.68000030517578,22.43013572692871,1848402
ELK,ELK.OL,2022-01-25,30.280000686645508,31.200000762939453,30.280000686645508,30.639999389648438,23.155637741088867,872364
ELK,ELK.OL,2022-01-26,31.059999465942383,32.099998474121094,31.0,31.6200008392334,23.896255493164062,740428
ELK,ELK.OL,2022-01-27,30.739999771118164,31.739999771118164,30.440000534057617,31.68000030517578,23.941598892211914,802751
ELK,ELK.OL,2022-01-28,31.5,31.5,30.8799991607666,31.200000762939453,23.578847885131836,678060
ELK,ELK.OL,2022-01-31,32.02000045776367,32.58000183105469,31.799999237060547,32.13999938964844,24.28923797607422,1464976
ELK,ELK.OL,2022-02-01,32.880001068115234,33.58000183105469,32.880001068115234,33.459999084472656,25.286802291870117,1198008
ELK,ELK.OL,2022-02-02,33.79999923706055,34.220001220703125,33.400001525878906,33.400001525878906,25.2414608001709,1086866
ELK,ELK.OL,2022-02-03,33.400001525878906,33.58000183105469,32.70000076293945,33.0,24.939165115356445,870575
ELK,ELK.OL,2022-02-04,32.79999923706055,33.18000030517578,32.560001373291016,32.720001220703125,24.727561950683594,945770
ELK,ELK.OL,2022-02-07,33.52000045776367,33.720001220703125,32.939998626708984,33.560001373291016,25.362377166748047,756731
ELK,ELK.OL,2022-02-08,34.0,34.7599983215332,33.68000030517578,34.459999084472656,26.04253387451172,2066607
ELK,ELK.OL,2022-02-09,35.0,35.939998626708984,33.2599983215332,34.5,26.072763442993164,4629554
ELK,ELK.OL,2022-02-10,35.099998474121094,35.70000076293945,34.13999938964844,35.540000915527344,26.858726501464844,3168713
ELK,ELK.OL,2022-02-11,35.439998626708984,36.65999984741211,35.040000915527344,36.2599983215332,27.402851104736328,2109293
ELK,ELK.OL,2022-02-14,35.459999084472656,35.459999084472656,34.31999969482422,34.97999954223633,26.435514450073242,2147199
ELK,ELK.OL,2022-02-15,34.439998626708984,35.540000915527344,34.439998626708984,35.119998931884766,26.541316986083984,1210744
ELK,ELK.OL,2022-02-16,35.5,36.08000183105469,35.220001220703125,35.47999954223633,26.813383102416992,968133
ELK,ELK.OL,2022-02-17,35.70000076293945,35.70000076293945,34.15999984741211,34.15999984741211,25.815814971923828,1096066
ELK,ELK.OL,2022-02-18,34.380001068115234,34.68000030517578,34.040000915527344,34.459999084472656,26.04253387451172,1056487
ELK,ELK.OL,2022-02-21,34.29999923706055,34.380001068115234,33.02000045776367,33.220001220703125,25.10542869567871,3171528
ELK,ELK.OL,2022-02-22,32.099998474121094,33.380001068115234,31.799999237060547,33.380001068115234,25.22634506225586,852971
ELK,ELK.OL,2022-02-23,33.29999923706055,34.31999969482422,33.29999923706055,33.81999969482422,25.55886459350586,974785
ELK,ELK.OL,2022-02-24,32.400001525878906,33.119998931884766,31.5,32.279998779296875,24.395038604736328,2258225
ELK,ELK.OL,2022-02-25,32.65999984741211,33.7400016784668,32.2599983215332,33.5,25.317031860351562,1300854
ELK,ELK.OL,2022-02-28,32.619998931884766,33.619998931884766,32.599998474121094,33.20000076293945,25.090314865112305,1380400
ELK,ELK.OL,2022-03-01,33.7400016784668,34.31999969482422,32.939998626708984,33.400001525878906,25.2414608001709,1811767
ELK,ELK.OL,2022-03-02,33.099998474121094,34.58000183105469,32.79999923706055,34.29999923706055,25.92161750793457,1461036
ELK,ELK.OL,2022-03-03,34.400001525878906,34.58000183105469,33.5,33.5,25.317031860351562,829817
ELK,ELK.OL,2022-03-04,33.2400016784668,33.34000015258789,31.579999923706055,31.84000015258789,24.062517166137695,2061064
ELK,ELK.OL,2022-03-07,31.5,31.639999389648438,29.780000686645508,30.979999542236328,23.412586212158203,2239844
ELK,ELK.OL,2022-03-08,30.100000381469727,31.5,29.899999618530273,30.780000686645508,23.26144027709961,2610815
ELK,ELK.OL,2022-03-09,31.360000610351562,33.119998931884766,31.280000686645508,33.099998474121094,25.014738082885742,1655511
ELK,ELK.OL,2022-03-10,33.279998779296875,33.41999816894531,32.18000030517578,32.380001068115234,24.470613479614258,1030178
ELK,ELK.OL,2022-03-11,32.29999923706055,33.400001525878906,32.29999923706055,32.7400016784668,24.74267578125,1029324
ELK,ELK.OL,2022-03-14,32.599998474121094,33.68000030517578,32.599998474121094,33.18000030517578,25.075199127197266,982745
ELK,ELK.OL,2022-03-15,32.7599983215332,33.040000915527344,32.119998931884766,32.439998626708984,24.515954971313477,1396948
ELK,ELK.OL,2022-03-16,33.599998474121094,34.18000030517578,33.18000030517578,33.959999084472656,25.664669036865234,1881617
ELK,ELK.OL,2022-03-17,34.20000076293945,34.70000076293945,33.5,34.0,25.69489860534668,1131404
ELK,ELK.OL,2022-03-18,34.400001525878906,34.439998626708984,33.81999969482422,34.31999969482422,25.93673324584961,1240799
ELK,ELK.OL,2022-03-21,34.599998474121094,35.060001373291016,34.380001068115234,34.900001525878906,26.375057220458984,1302352
ELK,ELK.OL,2022-03-22,35.0,35.58000183105469,34.599998474121094,35.58000183105469,26.888957977294922,1329938
ELK,ELK.OL,2022-03-23,35.599998474121094,35.84000015258789,35.36000061035156,35.779998779296875,27.040102005004883,872298
ELK,ELK.OL,2022-03-24,35.63999938964844,37.119998931884766,35.560001373291016,37.0,27.962095260620117,1912250
ELK,ELK.OL,2022-03-25,37.0,38.02000045776367,36.959999084472656,37.79999923706055,28.566680908203125,1677267
ELK,ELK.OL,2022-03-28,37.68000030517578,38.68000030517578,37.47999954223633,37.540000915527344,28.370189666748047,1356340
ELK,ELK.OL,2022-03-29,37.0,38.47999954223633,36.84000015258789,37.7400016784668,28.521337509155273,1278931
ELK,ELK.OL,2022-03-30,37.400001525878906,38.84000015258789,37.400001525878906,38.47999954223633,29.080577850341797,1011333
ELK,ELK.OL,2022-03-31,38.7599983215332,38.86000061035156,37.720001220703125,37.84000015258789,28.596908569335938,1135427
ELK,ELK.OL,2022-04-01,37.939998626708984,38.13999938964844,37.34000015258789,37.97999954223633,28.702713012695312,1089389
ELK,ELK.OL,2022-04-04,38.15999984741211,38.70000076293945,37.880001068115234,38.02000045776367,28.73294448852539,967082
ELK,ELK.OL,2022-04-05,38.18000030517578,38.20000076293945,37.31999969482422,37.31999969482422,28.203927993774414,827450
ELK,ELK.OL,2022-04-06,37.880001068115234,38.68000030517578,37.560001373291016,37.68000030517578,28.47599220275879,1104969
ELK,ELK.OL,2022-04-07,37.880001068115234,37.97999954223633,37.099998474121094,37.5,28.339963912963867,699396
ELK,ELK.OL,2022-04-08,38.720001220703125,41.15999984741211,38.459999084472656,40.779998779296875,30.818763732910156,3027878
ELK,ELK.OL,2022-04-11,41.0,41.720001220703125,40.119998931884766,40.34000015258789,30.48624038696289,1601500
ELK,ELK.OL,2022-04-12,40.0,40.779998779296875,39.540000915527344,40.31999969482422,30.471126556396484,963600
ELK,ELK.OL,2022-04-13,40.81999969482422,41.31999969482422,40.619998931884766,41.040000915527344,31.015254974365234,503346
ELK,ELK.OL,2022-04-19,41.34000015258789,42.220001220703125,40.939998626708984,41.65999984741211,31.483808517456055,1403437
ELK,ELK.OL,2022-04-20,42.0,42.29999923706055,41.7599983215332,42.119998931884766,31.831445693969727,758423
ELK,ELK.OL,2022-04-21,42.41999816894531,43.97999954223633,42.36000061035156,43.65999984741211,32.995269775390625,1130684
ELK,ELK.OL,2022-04-22,43.400001525878906,44.13999938964844,43.15999984741211,43.2400016784668,32.67786407470703,1219323
ELK,ELK.OL,2022-04-25,42.52000045776367,42.52000045776367,40.900001525878906,41.459999084472656,31.332660675048828,1505691
ELK,ELK.OL,2022-04-26,42.0,42.91999816894531,41.52000045776367,42.2599983215332,31.937246322631836,1138088
ELK,ELK.OL,2022-04-27,43.7400016784668,44.08000183105469,41.41999816894531,38.5,29.095693588256836,3280987
ELK,ELK.OL,2022-04-28,39.68000030517578,39.68000030517578,37.720001220703125,39.040000915527344,31.9970703125,2066426
ELK,ELK.OL,2022-04-29,39.5,40.31999969482422,38.720001220703125,39.439998626708984,32.32490539550781,1062853
ELK,ELK.OL,2022-05-02,39.0,39.0,37.619998931884766,38.34000015258789,31.423349380493164,1137174
ELK,ELK.OL,2022-05-03,38.5,38.939998626708984,36.52000045776367,37.2599983215332,30.538183212280273,2009491
ELK,ELK.OL,2022-05-04,37.5,37.7599983215332,36.81999969482422,37.5,30.734888076782227,1054502
ELK,ELK.OL,2022-05-05,38.0,38.15999984741211,37.36000061035156,37.459999084472656,30.702104568481445,839444
ELK,ELK.OL,2022-05-06,36.5,37.599998474121094,36.36000061035156,36.7400016784668,30.111995697021484,970518
ELK,ELK.OL,2022-05-09,36.70000076293945,36.7400016784668,35.279998779296875,36.0,29.5054931640625,1141471
ELK,ELK.OL,2022-05-10,35.68000030517578,36.0,34.459999084472656,35.220001220703125,28.866207122802734,1979698
ELK,ELK.OL,2022-05-11,35.2400016784668,36.20000076293945,34.84000015258789,35.220001220703125,28.866207122802734,1512750
ELK,ELK.OL,2022-05-12,34.70000076293945,34.79999923706055,34.0,34.599998474121094,28.358055114746094,1022313
ELK,ELK.OL,2022-05-13,34.959999084472656,36.20000076293945,34.86000061035156,36.20000076293945,29.669414520263672,1170605
ELK,ELK.OL,2022-05-16,36.540000915527344,36.540000915527344,35.599998474121094,36.41999816894531,29.849721908569336,1148636
ELK,ELK.OL,2022-05-18,36.900001525878906,38.380001068115234,36.619998931884766,38.13999938964844,31.259431838989258,1951962
ELK,ELK.OL,2022-05-19,37.119998931884766,37.68000030517578,36.880001068115234,37.13999938964844,30.439834594726562,1205254
ELK,ELK.OL,2022-05-20,37.939998626708984,38.47999954223633,37.58000183105469,37.939998626708984,31.095510482788086,913474
ELK,ELK.OL,2022-05-23,38.15999984741211,38.380001068115234,37.52000045776367,38.08000183105469,31.210256576538086,570494
ELK,ELK.OL,2022-05-24,37.97999954223633,38.02000045776367,37.41999816894531,37.68000030517578,30.882415771484375,748644
ELK,ELK.OL,2022-05-25,37.79999923706055,38.380001068115234,37.459999084472656,37.900001525878906,31.062728881835938,795353
ELK,ELK.OL,2022-05-27,38.5,38.880001068115234,38.18000030517578,38.540000915527344,31.587268829345703,872150
ELK,ELK.OL,2022-05-30,38.81999969482422,39.099998474121094,37.599998474121094,38.02000045776367,31.16107940673828,695824
ELK,ELK.OL,2022-05-31,37.939998626708984,39.34000015258789,37.68000030517578,39.2599983215332,32.17737579345703,2675740
ELK,ELK.OL,2022-06-01,39.400001525878906,39.599998474121094,38.65999984741211,39.119998931884766,32.0626335144043,805997
ELK,ELK.OL,2022-06-02,39.18000030517578,39.7599983215332,38.720001220703125,39.63999938964844,32.488826751708984,749364
ELK,ELK.OL,2022-06-03,40.0,40.02000045776367,38.540000915527344,38.560001373291016,31.603662490844727,783163
ELK,ELK.OL,2022-06-07,38.79999923706055,38.79999923706055,37.880001068115234,38.619998931884766,31.6528377532959,624640
ELK,ELK.OL,2022-06-08,38.84000015258789,38.84000015258789,37.20000076293945,37.439998626708984,30.685710906982422,1900735
ELK,ELK.OL,2022-06-09,37.400001525878906,37.41999816894531,36.31999969482422,36.52000045776367,29.931684494018555,1074731
ELK,ELK.OL,2022-06-10,36.02000045776367,36.02000045776367,34.619998931884766,34.79999923706055,28.521976470947266,1608210
ELK,ELK.OL,2022-06-13,34.0,34.099998474121094,32.84000015258789,33.5,27.456499099731445,1545185
ELK,ELK.OL,2022-06-14,33.720001220703125,34.119998931884766,33.02000045776367,33.779998779296875,27.68598747253418,1169653
ELK,ELK.OL,2022-06-15,34.02000045776367,34.2400016784668,32.900001525878906,33.900001525878906,27.784339904785156,1597956
ELK,ELK.OL,2022-06-16,34.0,34.0,31.979999542236328,32.02000045776367,26.243497848510742,1215151
ELK,ELK.OL,2022-06-17,32.08000183105469,33.040000915527344,31.760000228881836,32.439998626708984,26.587726593017578,1198304
ELK,ELK.OL,2022-06-20,32.720001220703125,33.380001068115234,31.760000228881836,33.380001068115234,27.358150482177734,958519
ELK,ELK.OL,2022-06-21,34.0,34.7599983215332,33.70000076293945,33.86000061035156,27.751556396484375,727865
ELK,ELK.OL,2022-06-22,34.0,34.29999923706055,32.81999969482422,33.36000061035156,27.34175682067871,1435517
ELK,ELK.OL,2022-06-23,33.439998626708984,33.459999084472656,31.940000534057617,32.599998474121094,26.718860626220703,1055620
ELK,ELK.OL,2022-06-24,33.0,33.13999938964844,32.34000015258789,32.900001525878906,26.96474266052246,581819
ELK,ELK.OL,2022-06-27,33.0,33.779998779296875,32.720001220703125,33.02000045776367,27.063095092773438,668772
ELK,ELK.OL,2022-06-28,33.560001373291016,33.939998626708984,33.13999938964844,33.34000015258789,27.32536506652832,700112
ELK,ELK.OL,2022-06-29,33.20000076293945,33.29999923706055,32.439998626708984,32.5,26.636903762817383,780401
ELK,ELK.OL,2022-06-30,32.20000076293945,32.380001068115234,31.219999313354492,31.3799991607666,25.71895408630371,915805
ELK,ELK.OL,2022-07-01,30.5,30.68000030517578,28.860000610351562,29.280000686645508,23.997802734375,2050634
ELK,ELK.OL,2022-07-04,29.979999542236328,30.299999237060547,28.780000686645508,28.799999237060547,23.604394912719727,1217789
ELK,ELK.OL,2022-07-05,29.200000762939453,29.600000381469727,27.31999969482422,27.34000015258789,22.40778160095215,1786829
ELK,ELK.OL,2022-07-06,27.440000534057617,28.15999984741211,27.260000228881836,27.979999542236328,22.932323455810547,1167517
ELK,ELK.OL,2022-07-07,28.200000762939453,29.200000762939453,28.1200008392334,29.059999465942383,23.817489624023438,887660
ELK,ELK.OL,2022-07-08,29.100000381469727,29.700000762939453,28.65999984741211,29.360000610351562,24.063369750976562,942476
ELK,ELK.OL,2022-07-11,29.899999618530273,29.979999542236328,28.639999389648438,28.899999618530273,23.68635368347168,753365
ELK,ELK.OL,2022-07-12,29.299999237060547,29.899999618530273,28.760000228881836,29.81999969482422,24.440383911132812,725828
ELK,ELK.OL,2022-07-13,29.84000015258789,30.15999984741211,29.31999969482422,29.780000686645508,24.40760040283203,975360
ELK,ELK.OL,2022-07-14,30.020000457763672,30.31999969482422,29.420000076293945,29.540000915527344,24.21089744567871,1014109
ELK,ELK.OL,2022-07-15,29.920000076293945,31.360000610351562,29.420000076293945,31.18000030517578,25.555036544799805,1034534
ELK,ELK.OL,2022-07-18,31.719999313354492,32.099998474121094,31.200000762939453,32.02000045776367,26.243497848510742,1197570
ELK,ELK.OL,2022-07-19,34.060001373291016,37.459999084472656,33.0,37.040000915527344,30.35787582397461,4524708
ELK,ELK.OL,2022-07-20,37.65999984741211,38.47999954223633,36.880001068115234,37.20000076293945,30.4890079498291,3329995
ELK,ELK.OL,2022-07-21,37.619998931884766,38.70000076293945,37.619998931884766,38.0,31.14468765258789,1840517
ELK,ELK.OL,2022-07-22,38.439998626708984,38.86000061035156,37.86000061035156,37.939998626708984,31.095510482788086,1150071
ELK,ELK.OL,2022-07-25,37.68000030517578,38.20000076293945,37.2400016784668,37.97999954223633,31.128293991088867,938724
ELK,ELK.OL,2022-07-26,38.08000183105469,38.70000076293945,37.86000061035156,38.040000915527344,31.177473068237305,1078104
ELK,ELK.OL,2022-07-27,38.400001525878906,38.619998931884766,37.97999954223633,38.58000183105469,31.620054244995117,941659
ELK,ELK.OL,2022-07-28,38.599998474121094,39.7400016784668,38.599998474121094,39.13999938964844,32.07902908325195,1303147
ELK,ELK.OL,2022-07-29,39.400001525878906,39.779998779296875,39.29999923706055,39.52000045776367,32.39047622680664,1022291
ELK,ELK.OL,2022-08-01,39.79999923706055,40.459999084472656,39.439998626708984,39.63999938964844,32.488826751708984,1458296
ELK,ELK.OL,2022-08-02,39.41999816894531,39.439998626708984,38.52000045776367,39.15999984741211,32.09541702270508,1300622
ELK,ELK.OL,2022-08-03,39.0,39.880001068115234,38.939998626708984,39.040000915527344,31.9970703125,755064
ELK,ELK.OL,2022-08-04,39.08000183105469,39.15999984741211,38.400001525878906,38.68000030517578,31.70201301574707,810226
ELK,ELK.OL,2022-08-05,38.599998474121094,38.79999923706055,37.5,38.65999984741211,31.68562126159668,992511
ELK,ELK.OL,2022-08-08,38.79999923706055,39.18000030517578,38.459999084472656,38.91999816894531,31.898714065551758,622014
ELK,ELK.OL,2022-08-09,38.560001373291016,38.86000061035156,38.31999969482422,38.52000045776367,31.570878982543945,578853
ELK,ELK.OL,2022-08-10,38.36000061035156,39.29999923706055,37.97999954223633,38.79999923706055,31.800365447998047,1127533
ELK,ELK.OL,2022-08-11,39.0,39.459999084472656,38.63999938964844,38.97999954223633,31.947891235351562,545290
ELK,ELK.OL,2022-08-12,38.79999923706055,39.31999969482422,38.79999923706055,39.02000045776367,31.980676651000977,623781
ELK,ELK.OL,2022-08-15,38.97999954223633,38.97999954223633,36.900001525878906,37.540000915527344,30.767671585083008,1416604
ELK,ELK.OL,2022-08-16,37.52000045776367,38.36000061035156,37.52000045776367,37.97999954223633,31.128293991088867,875202
ELK,ELK.OL,2022-08-17,38.0,38.0,36.36000061035156,36.439998626708984,29.866113662719727,1321391
ELK,ELK.OL,2022-08-18,36.13999938964844,37.400001525878906,36.13999938964844,37.29999923706055,30.570966720581055,756675
ELK,ELK.OL,2022-08-19,37.5,37.5,36.70000076293945,36.70000076293945,30.079212188720703,912369
ELK,ELK.OL,2022-08-22,36.70000076293945,36.79999923706055,35.0,35.119998931884766,28.78424644470215,1309480
ELK,ELK.OL,2022-08-23,35.20000076293945,36.900001525878906,34.939998626708984,36.70000076293945,30.079212188720703,764568
ELK,ELK.OL,2022-08-24,38.70000076293945,39.439998626708984,37.7599983215332,39.20000076293945,32.128204345703125,1962002
ELK,ELK.OL,2022-08-25,40.0,41.459999084472656,39.68000030517578,40.779998779296875,33.42316436767578,2248058
ELK,ELK.OL,2022-08-26,40.7599983215332,41.099998474121094,39.31999969482422,39.31999969482422,32.22655487060547,1556282
ELK,ELK.OL,2022-08-29,39.0,39.459999084472656,38.459999084472656,39.29999923706055,32.21016311645508,1086501
ELK,ELK.OL,2022-08-30,39.34000015258789,39.459999084472656,38.36000061035156,38.68000030517578,31.70201301574707,963349
ELK,ELK.OL,2022-08-31,38.540000915527344,39.79999923706055,38.540000915527344,39.65999984741211,32.505218505859375,2579439
ELK,ELK.OL,2022-09-01,39.0,39.5,38.0,38.13999938964844,31.259431838989258,958396
ELK,ELK.OL,2022-09-02,38.34000015258789,38.65999984741211,37.97999954223633,38.29999923706055,31.39056396484375,744790
ELK,ELK.OL,2022-09-05,38.31999969482422,38.63999938964844,37.84000015258789,38.119998931884766,31.243038177490234,1453955
ELK,ELK.OL,2022-09-06,38.02000045776367,38.619998931884766,36.86000061035156,37.02000045776367,30.341482162475586,703340
ELK,ELK.OL,2022-09-07,36.5,36.68000030517578,35.36000061035156,36.18000030517578,29.65302085876465,909515
ELK,ELK.OL,2022-09-08,36.18000030517578,37.060001373291016,36.15999984741211,36.70000076293945,30.079212188720703,784188
ELK,ELK.OL,2022-09-09,37.099998474121094,38.900001525878906,36.939998626708984,38.7400016784668,31.751190185546875,1221285
ELK,ELK.OL,2022-09-12,38.959999084472656,39.70000076293945,38.619998931884766,39.560001373291016,32.42325973510742,1067140
ELK,ELK.OL,2022-09-13,39.400001525878906,40.84000015258789,39.2400016784668,40.2599983215332,32.99697494506836,1801522
ELK,ELK.OL,2022-09-14,39.099998474121094,40.36000061035156,39.099998474121094,39.099998474121094,32.046241760253906,1115239
ELK,ELK.OL,2022-09-15,39.099998474121094,39.41999816894531,38.220001220703125,38.599998474121094,31.636444091796875,680618
ELK,ELK.OL,2022-09-16,38.220001220703125,38.220001220703125,37.380001068115234,38.0,31.14468765258789,1810181
ELK,ELK.OL,2022-09-19,38.0,38.0,36.41999816894531,37.84000015258789,31.013551712036133,848627
ELK,ELK.OL,2022-09-20,38.0,38.380001068115234,36.91999816894531,37.18000030517578,30.472618103027344,872523
ELK,ELK.OL,2022-09-21,37.220001220703125,37.7400016784668,36.70000076293945,37.20000076293945,30.4890079498291,837548
ELK,ELK.OL,2022-09-22,36.52000045776367,37.560001373291016,36.459999084472656,37.2599983215332,30.538183212280273,600032
ELK,ELK.OL,2022-09-23,37.400001525878906,37.400001525878906,36.119998931884766,36.599998474121094,29.997249603271484,885551
ELK,ELK.OL,2022-09-26,36.15999984741211,36.459999084472656,35.63999938964844,36.36000061035156,29.800548553466797,781852
ELK,ELK.OL,2022-09-27,36.220001220703125,36.7400016784668,35.86000061035156,36.34000015258789,29.784156799316406,741453
ELK,ELK.OL,2022-09-28,35.84000015258789,36.31999969482422,35.060001373291016,36.060001373291016,29.554668426513672,1163854
ELK,ELK.OL,2022-09-29,36.119998931884766,36.18000030517578,34.65999984741211,34.79999923706055,28.521976470947266,701554
ELK,ELK.OL,2022-09-30,34.79999923706055,35.70000076293945,34.52000045776367,35.18000030517578,28.833423614501953,654892
ELK,ELK.OL,2022-10-03,34.7599983215332,36.2400016784668,34.7599983215332,36.2400016784668,29.702198028564453,689962
ELK,ELK.OL,2022-10-04,36.900001525878906,37.119998931884766,36.5,36.880001068115234,30.22673797607422,478320
ELK,ELK.OL,2022-10-05,36.81999969482422,37.040000915527344,36.279998779296875,36.97999954223633,30.308696746826172,549000
ELK,ELK.OL,2022-10-06,37.220001220703125,37.540000915527344,36.540000915527344,36.7400016784668,30.111995697021484,423164
ELK,ELK.OL,2022-10-07,36.599998474121094,37.13999938964844,36.5,37.040000915527344,30.35787582397461,525476
ELK,ELK.OL,2022-10-10,36.84000015258789,37.18000030517578,36.13999938964844,37.13999938964844,30.439834594726562,438001
ELK,ELK.OL,2022-10-11,36.900001525878906,37.15999984741211,36.36000061035156,36.7599983215332,30.128385543823242,645812
ELK,ELK.OL,2022-10-12,36.0,36.63999938964844,35.0,35.619998931884766,29.194046020507812,386923
ELK,ELK.OL,2022-10-13,35.47999954223633,35.91999816894531,34.86000061035156,35.84000015258789,29.374357223510742,555938
ELK,ELK.OL,2022-10-14,36.86000061035156,37.040000915527344,35.15999984741211,35.15999984741211,28.81702995300293,934508
ELK,ELK.OL,2022-10-17,35.099998474121094,35.91999816894531,34.91999816894531,35.79999923706055,29.34157371520996,368987
ELK,ELK.OL,2022-10-18,36.0,36.41999816894531,35.7599983215332,36.18000030517578,29.65302085876465,560695
ELK,ELK.OL,2022-10-19,36.47999954223633,36.47999954223633,35.58000183105469,35.81999969482422,29.357967376708984,614109
ELK,ELK.OL,2022-10-20,35.959999084472656,36.2400016784668,35.29999923706055,36.15999984741211,29.636627197265625,599911
ELK,ELK.OL,2022-10-21,36.0,36.2400016784668,35.380001068115234,36.040000915527344,29.538278579711914,421739
ELK,ELK.OL,2022-10-24,36.040000915527344,37.279998779296875,35.540000915527344,35.619998931884766,29.194046020507812,1008602
ELK,ELK.OL,2022-10-25,35.5,35.540000915527344,33.81999969482422,34.599998474121094,28.358055114746094,1062799
ELK,ELK.OL,2022-10-26,34.900001525878906,35.0,32.0,34.939998626708984,28.63671875,3574639
ELK,ELK.OL,2022-10-27,35.900001525878906,36.720001220703125,34.13999938964844,34.400001525878906,28.194137573242188,2398692
ELK,ELK.OL,2022-10-28,34.5,34.560001373291016,33.7400016784668,34.0,27.86629867553711,1500444
ELK,ELK.OL,2022-10-31,34.099998474121094,34.7400016784668,34.0,34.58000183105469,28.34166717529297,1108484
ELK,ELK.OL,2022-11-01,34.880001068115234,35.68000030517578,33.84000015258789,33.84000015258789,27.73516273498535,1875614
ELK,ELK.OL,2022-11-02,34.099998474121094,35.040000915527344,33.880001068115234,34.70000076293945,28.440017700195312,1544834
ELK,ELK.OL,2022-11-03,34.560001373291016,34.63999938964844,34.08000183105469,34.29999923706055,28.112178802490234,641113
ELK,ELK.OL,2022-11-04,34.5,36.29999923706055,34.5,36.02000045776367,29.52188491821289,1124359
ELK,ELK.OL,2022-11-07,36.34000015258789,36.400001525878906,35.060001373291016,35.13999938964844,28.800640106201172,686458
ELK,ELK.OL,2022-11-08,35.13999938964844,35.560001373291016,34.900001525878906,35.52000045776367,29.11208724975586,612797
ELK,ELK.OL,2022-11-09,35.5,35.52000045776367,34.65999984741211,34.939998626708984,28.63671875,1090181
ELK,ELK.OL,2022-11-10,34.5,35.540000915527344,34.119998931884766,35.119998931884766,28.78424644470215,1035295
ELK,ELK.OL,2022-11-11,35.7599983215332,35.7599983215332,35.13999938964844,35.439998626708984,29.046518325805664,673550
ELK,ELK.OL,2022-11-14,35.439998626708984,35.52000045776367,34.7599983215332,35.099998474121094,28.767854690551758,546662
ELK,ELK.OL,2022-11-15,35.0,35.18000030517578,34.47999954223633,35.18000030517578,28.833423614501953,677897
ELK,ELK.OL,2022-11-16,35.13999938964844,35.2599983215332,34.02000045776367,34.02000045776367,27.8826904296875,1028853
ELK,ELK.OL,2022-11-17,34.119998931884766,34.439998626708984,33.86000061035156,34.18000030517578,28.013826370239258,3921244
ELK,ELK.OL,2022-11-18,34.52000045776367,34.86000061035156,34.31999969482422,34.720001220703125,28.456411361694336,513864
ELK,ELK.OL,2022-11-21,34.599998474121094,34.84000015258789,34.2599983215332,34.380001068115234,28.17774772644043,457718
ELK,ELK.OL,2022-11-22,34.34000015258789,35.279998779296875,34.34000015258789,35.119998931884766,28.78424644470215,581153
ELK,ELK.OL,2022-11-23,35.040000915527344,35.47999954223633,35.0,35.0,28.685895919799805,541930
ELK,ELK.OL,2022-11-24,35.0,35.58000183105469,34.720001220703125,35.560001373291016,29.14487075805664,644373
ELK,ELK.OL,2022-11-25,34.91999816894531,35.68000030517578,34.91999816894531,35.2400016784668,28.882600784301758,464833
ELK,ELK.OL,2022-11-28,35.0,35.29999923706055,34.599998474121094,35.29999923706055,28.931772232055664,395821
ELK,ELK.OL,2022-11-29,35.29999923706055,35.599998474121094,35.08000183105469,35.560001373291016,29.14487075805664,298311
ELK,ELK.OL,2022-11-30,35.599998474121094,36.65999984741211,35.47999954223633,35.959999084472656,29.47270965576172,1161619
ELK,ELK.OL,2022-12-01,36.31999969482422,36.31999969482422,35.2400016784668,35.2400016784668,28.882600784301758,645434
ELK,ELK.OL,2022-12-02,35.119998931884766,35.540000915527344,34.68000030517578,35.380001068115234,28.997344970703125,356262
ELK,ELK.OL,2022-12-05,35.279998779296875,36.060001373291016,35.20000076293945,35.58000183105469,29.161264419555664,419861
ELK,ELK.OL,2022-12-06,36.099998474121094,36.099998474121094,35.08000183105469,35.119998931884766,28.78424644470215,480068
ELK,ELK.OL,2022-12-07,35.0,35.0,34.540000915527344,34.7599983215332,28.48919105529785,494293
ELK,ELK.OL,2022-12-08,34.900001525878906,35.36000061035156,34.560001373291016,35.060001373291016,28.735074996948242,319463
ELK,ELK.OL,2022-12-09,35.279998779296875,35.939998626708984,34.97999954223633,35.939998626708984,29.456315994262695,528536
ELK,ELK.OL,2022-12-12,35.599998474121094,37.20000076293945,35.58000183105469,37.040000915527344,30.35787582397461,1050842
ELK,ELK.OL,2022-12-13,37.31999969482422,37.540000915527344,36.279998779296875,36.31999969482422,29.767763137817383,632078
ELK,ELK.OL,2022-12-14,36.02000045776367,36.36000061035156,35.13999938964844,35.20000076293945,28.849817276000977,579502
ELK,ELK.OL,2022-12-15,35.220001220703125,35.79999923706055,34.7400016784668,35.119998931884766,28.78424644470215,423884
ELK,ELK.OL,2022-12-16,35.119998931884766,35.119998931884766,34.619998931884766,34.880001068115234,28.587543487548828,526734
ELK,ELK.OL,2022-12-19,35.2599983215332,35.400001525878906,34.81999969482422,35.20000076293945,28.849817276000977,992142
ELK,ELK.OL,2022-12-20,35.29999923706055,36.400001525878906,35.220001220703125,36.400001525878906,29.833332061767578,908884
ELK,ELK.OL,2022-12-21,36.5,37.20000076293945,36.29999923706055,36.939998626708984,30.27591323852539,699640
ELK,ELK.OL,2022-12-22,37.119998931884766,37.220001220703125,36.36000061035156,36.5,29.91529083251953,391627
ELK,ELK.OL,2022-12-23,35.70000076293945,36.63999938964844,35.70000076293945,36.540000915527344,29.948074340820312,289237
ELK,ELK.OL,2022-12-27,36.68000030517578,37.13999938964844,36.0,36.15999984741211,29.636627197265625,237481
ELK,ELK.OL,2022-12-28,36.0,36.279998779296875,35.63999938964844,35.7400016784668,29.29239845275879,271984
ELK,ELK.OL,2022-12-29,35.599998474121094,36.02000045776367,35.099998474121094,35.959999084472656,29.47270965576172,410668
ELK,ELK.OL,2022-12-30,35.91999816894531,35.91999816894531,35.099998474121094,35.20000076293945,28.849817276000977,476445
ELK,ELK.OL,2023-01-02,35.47999954223633,35.939998626708984,35.400001525878906,35.84000015258789,29.374357223510742,251222
ELK,ELK.OL,2023-01-03,35.97999954223633,36.2599983215332,35.220001220703125,35.220001220703125,28.866207122802734,430262
ELK,ELK.OL,2023-01-04,35.220001220703125,35.2400016784668,33.900001525878906,34.0,27.86629867553711,915013
ELK,ELK.OL,2023-01-05,34.2400016784668,34.91999816894531,33.81999969482422,34.02000045776367,27.8826904296875,582715
ELK,ELK.OL,2023-01-06,34.68000030517578,34.86000061035156,34.279998779296875,34.70000076293945,28.440017700195312,361194
ELK,ELK.OL,2023-01-09,34.779998779296875,35.13999938964844,34.15999984741211,34.279998779296875,28.09578514099121,667235
ELK,ELK.OL,2023-01-10,34.060001373291016,34.560001373291016,33.7599983215332,34.13999938964844,27.981042861938477,1059009
ELK,ELK.OL,2023-01-11,33.560001373291016,33.7599983215332,32.5,33.380001068115234,27.358150482177734,1610733
ELK,ELK.OL,2023-01-12,33.400001525878906,34.540000915527344,33.400001525878906,34.29999923706055,28.112178802490234,1226117
ELK,ELK.OL,2023-01-13,34.459999084472656,35.040000915527344,34.380001068115234,35.040000915527344,28.71868133544922,737221
ELK,ELK.OL,2023-01-16,35.20000076293945,35.720001220703125,35.040000915527344,35.20000076293945,28.849817276000977,701600
ELK,ELK.OL,2023-01-17,35.5,35.5,34.34000015258789,34.65999984741211,28.4072322845459,669006
ELK,ELK.OL,2023-01-18,34.63999938964844,35.18000030517578,34.34000015258789,35.099998474121094,28.767854690551758,439339
ELK,ELK.OL,2023-01-19,34.959999084472656,35.2599983215332,34.560001373291016,35.220001220703125,28.866207122802734,361015
ELK,ELK.OL,2023-01-20,35.0,35.58000183105469,34.959999084472656,35.58000183105469,29.161264419555664,459959
ELK,ELK.OL,2023-01-23,35.540000915527344,35.779998779296875,34.540000915527344,34.880001068115234,28.587543487548828,742136
ELK,ELK.OL,2023-01-24,34.779998779296875,35.34000015258789,34.70000076293945,35.29999923706055,28.931772232055664,418034
ELK,ELK.OL,2023-01-25,35.29999923706055,35.540000915527344,34.79999923706055,34.86000061035156,28.57115364074707,424630
ELK,ELK.OL,2023-01-26,35.18000030517578,35.65999984741211,34.86000061035156,35.119998931884766,28.78424644470215,397959
ELK,ELK.OL,2023-01-27,35.18000030517578,35.380001068115234,35.0,35.36000061035156,28.9809513092041,239434
ELK,ELK.OL,2023-01-30,35.41999816894531,35.560001373291016,35.18000030517578,35.52000045776367,29.11208724975586,263414
ELK,ELK.OL,2023-01-31,35.220001220703125,35.31999969482422,34.959999084472656,35.18000030517578,28.833423614501953,505319
ELK,ELK.OL,2023-02-01,35.36000061035156,36.279998779296875,35.36000061035156,36.15999984741211,29.636627197265625,595850
ELK,ELK.OL,2023-02-02,36.220001220703125,36.720001220703125,36.060001373291016,36.13999938964844,29.620237350463867,689562
ELK,ELK.OL,2023-02-03,36.13999938964844,36.52000045776367,35.779998779296875,36.52000045776367,29.931684494018555,519276
ELK,ELK.OL,2023-02-06,36.02000045776367,36.900001525878906,35.91999816894531,36.2599983215332,29.718585968017578,807831
ELK,ELK.OL,2023-02-07,36.439998626708984,37.34000015258789,36.400001525878906,37.040000915527344,30.35787582397461,829491
ELK,ELK.OL,2023-02-08,35.0,38.86000061035156,34.779998779296875,38.52000045776367,31.570878982543945,4009227
ELK,ELK.OL,2023-02-09,39.79999923706055,39.79999923706055,38.040000915527344,38.040000915527344,31.177473068237305,1934148
ELK,ELK.OL,2023-02-10,38.31999969482422,38.439998626708984,37.220001220703125,37.63999938964844,30.84963035583496,862928
ELK,ELK.OL,2023-02-13,37.97999954223633,38.29999923706055,37.380001068115234,38.040000915527344,31.177473068237305,587158
ELK,ELK.OL,2023-02-14,38.13999938964844,38.7599983215332,37.599998474121094,38.7599983215332,31.767580032348633,705199
ELK,ELK.OL,2023-02-15,38.7599983215332,39.5,38.439998626708984,39.2400016784668,32.16099166870117,621534
ELK,ELK.OL,2023-02-16,39.380001068115234,39.68000030517578,38.65999984741211,38.91999816894531,31.898714065551758,847810
ELK,ELK.OL,2023-02-17,38.599998474121094,39.15999984741211,38.52000045776367,38.939998626708984,31.91510772705078,373458
ELK,ELK.OL,2023-02-20,39.08000183105469,39.52000045776367,38.70000076293945,39.279998779296875,32.19377136230469,500961
ELK,ELK.OL,2023-02-21,39.119998931884766,39.439998626708984,38.540000915527344,38.560001373291016,31.603662490844727,407666
ELK,ELK.OL,2023-02-22,38.380001068115234,38.5,37.619998931884766,37.65999984741211,30.866024017333984,720288
ELK,ELK.OL,2023-02-23,37.70000076293945,38.31999969482422,37.65999984741211,37.97999954223633,31.128293991088867,517825
ELK,ELK.OL,2023-02-24,38.0,38.70000076293945,37.81999969482422,38.220001220703125,31.32499885559082,516777
ELK,ELK.OL,2023-02-27,38.29999923706055,39.0,38.13999938964844,38.91999816894531,31.898714065551758,428334
ELK,ELK.OL,2023-02-28,38.599998474121094,39.099998474121094,38.459999084472656,39.099998474121094,32.046241760253906,801122
ELK,ELK.OL,2023-03-01,39.41999816894531,39.939998626708984,39.29999923706055,39.779998779296875,32.60356903076172,689392
ELK,ELK.OL,2023-03-02,39.36000061035156,39.7599983215332,39.18000030517578,39.540000915527344,32.40686798095703,474149
ELK,ELK.OL,2023-03-03,39.599998474121094,40.099998474121094,39.599998474121094,39.880001068115234,32.68553161621094,500005
ELK,ELK.OL,2023-03-06,40.13999938964844,40.20000076293945,39.31999969482422,39.36000061035156,32.25933837890625,599696
ELK,ELK.OL,2023-03-07,39.47999954223633,39.63999938964844,39.0,39.400001525878906,32.29212188720703,566598
ELK,ELK.OL,2023-03-08,39.060001373291016,39.220001220703125,38.779998779296875,39.02000045776367,31.980676651000977,604569
ELK,ELK.OL,2023-03-09,39.099998474121094,39.099998474121094,37.900001525878906,37.97999954223633,31.128293991088867,881447
ELK,ELK.OL,2023-03-10,37.779998779296875,37.779998779296875,37.099998474121094,37.220001220703125,30.505401611328125,994653
ELK,ELK.OL,2023-03-13,37.15999984741211,37.34000015258789,35.70000076293945,35.91999816894531,29.439922332763672,1252956
ELK,ELK.OL,2023-03-14,35.900001525878906,36.380001068115234,35.29999923706055,36.13999938964844,29.620237350463867,1079671
ELK,ELK.OL,2023-03-15,36.13999938964844,36.380001068115234,34.540000915527344,34.7599983215332,28.48919105529785,1159482
ELK,ELK.OL,2023-03-16,35.02000045776367,35.29999923706055,34.040000915527344,34.70000076293945,28.440017700195312,1054116
ELK,ELK.OL,2023-03-17,35.47999954223633,35.58000183105469,34.2400016784668,34.36000061035156,28.161354064941406,1158121
ELK,ELK.OL,2023-03-20,34.2599983215332,34.939998626708984,33.540000915527344,34.68000030517578,28.423625946044922,878438
ELK,ELK.OL,2023-03-21,34.599998474121094,34.86000061035156,34.099998474121094,34.31999969482422,28.128568649291992,1075343
ELK,ELK.OL,2023-03-22,34.68000030517578,34.81999969482422,34.20000076293945,34.20000076293945,28.03022003173828,830042
ELK,ELK.OL,2023-03-23,34.20000076293945,34.5,34.02000045776367,34.5,28.27609634399414,542633
ELK,ELK.OL,2023-03-24,34.619998931884766,34.720001220703125,33.31999969482422,33.5,27.456499099731445,1332536
ELK,ELK.OL,2023-03-27,34.08000183105469,34.099998474121094,33.47999954223633,34.08000183105469,27.931867599487305,820752
ELK,ELK.OL,2023-03-28,34.560001373291016,35.279998779296875,34.560001373291016,35.099998474121094,28.767854690551758,957287
ELK,ELK.OL,2023-03-29,35.29999923706055,35.47999954223633,35.040000915527344,35.31999969482422,28.948165893554688,562987
ELK,ELK.OL,2023-03-30,35.400001525878906,35.41999816894531,34.779998779296875,35.18000030517578,28.833423614501953,491226
ELK,ELK.OL,2023-03-31,35.20000076293945,35.58000183105469,34.91999816894531,35.41999816894531,29.03012466430664,804270
ELK,ELK.OL,2023-04-03,35.7400016784668,35.84000015258789,35.2400016784668,35.34000015258789,28.96455955505371,571594
ELK,ELK.OL,2023-04-04,35.58000183105469,36.20000076293945,35.560001373291016,35.900001525878906,29.423534393310547,568202
ELK,ELK.OL,2023-04-05,36.060001373291016,36.060001373291016,35.220001220703125,35.47999954223633,29.079303741455078,676033
ELK,ELK.OL,2023-04-11,36.0,36.959999084472656,36.0,36.959999084472656,30.292306900024414,781520
ELK,ELK.OL,2023-04-12,37.0,37.099998474121094,36.18000030517578,36.279998779296875,29.7349796295166,734535
ELK,ELK.OL,2023-04-13,36.599998474121094,36.70000076293945,36.099998474121094,36.58000183105469,29.98086166381836,394424
ELK,ELK.OL,2023-04-14,36.7400016784668,36.7400016784668,36.36000061035156,36.619998931884766,30.013643264770508,458386
ELK,ELK.OL,2023-04-17,36.91999816894531,36.959999084472656,36.52000045776367,36.560001373291016,29.964468002319336,400812
ELK,ELK.OL,2023-04-18,36.52000045776367,36.63999938964844,35.959999084472656,36.2400016784668,29.702198028564453,904239
ELK,ELK.OL,2023-04-19,36.220001220703125,36.2400016784668,35.58000183105469,35.65999984741211,29.226829528808594,940633
ELK,ELK.OL,2023-04-20,35.5,35.5,34.900001525878906,35.34000015258789,28.96455955505371,876087
ELK,ELK.OL,2023-04-21,35.41999816894531,35.84000015258789,35.08000183105469,35.7599983215332,29.308788299560547,710768
ELK,ELK.OL,2023-04-24,35.84000015258789,36.060001373291016,35.52000045776367,36.060001373291016,29.554668426513672,736146
ELK,ELK.OL,2023-04-25,36.0,36.02000045776367,34.939998626708984,35.52000045776367,29.11208724975586,1208019
ELK,ELK.OL,2023-04-26,35.5,35.70000076293945,34.63999938964844,34.70000076293945,28.440017700195312,1290379
ELK,ELK.OL,2023-04-27,35.0,35.060001373291016,34.220001220703125,35.02000045776367,28.702287673950195,2279784
ELK,ELK.OL,2023-04-28,34.400001525878906,36.29999923706055,33.5,36.0,29.5054931640625,3241130
ELK,ELK.OL,2023-05-02,30.5,31.020000457763672,29.31999969482422,30.040000915527344,29.544836044311523,2305351
ELK,ELK.OL,2023-05-03,30.1200008392334,30.540000915527344,30.0,30.3799991607666,29.879228591918945,697546
ELK,ELK.OL,2023-05-04,30.68000030517578,30.68000030517578,30.0,30.0,29.5054931640625,1024365
ELK,ELK.OL,2023-05-05,30.299999237060547,30.299999237060547,29.940000534057617,30.1200008392334,29.623516082763672,525737
ELK,ELK.OL,2023-05-08,30.280000686645508,30.420000076293945,29.959999084472656,29.979999542236328,29.485822677612305,875924
ELK,ELK.OL,2023-05-09,29.979999542236328,30.100000381469727,29.100000381469727,29.100000381469727,28.620328903198242,670004
ELK,ELK.OL,2023-05-10,29.100000381469727,29.559999465942383,29.0,29.280000686645508,28.79736328125,734897
ELK,ELK.OL,2023-05-11,29.600000381469727,29.959999084472656,29.440000534057617,29.440000534057617,28.95472526550293,661704
ELK,ELK.OL,2023-05-12,29.459999084472656,29.639999389648438,29.260000228881836,29.479999542236328,28.994064331054688,408351
ELK,ELK.OL,2023-05-15,29.399999618530273,30.079999923706055,29.280000686645508,29.639999389648438,29.151426315307617,501342
ELK,ELK.OL,2023-05-16,29.559999465942383,29.639999389648438,28.860000610351562,28.860000610351562,28.38428497314453,919095
ELK,ELK.OL,2023-05-19,29.219999313354492,29.260000228881836,28.739999771118164,28.920000076293945,28.443296432495117,675775
ELK,ELK.OL,2023-05-22,28.8799991607666,28.8799991607666,28.239999771118164,28.399999618530273,27.931867599487305,788667
ELK,ELK.OL,2023-05-23,28.479999542236328,28.5,28.15999984741211,28.299999237060547,27.833515167236328,780891
ELK,ELK.OL,2023-05-24,28.079999923706055,28.6200008392334,27.959999084472656,28.6200008392334,28.14824104309082,4283778
ELK,ELK.OL,2023-05-25,28.65999984741211,28.65999984741211,27.440000534057617,27.459999084472656,27.007360458374023,1076637
ELK,ELK.OL,2023-05-26,27.520000457763672,27.639999389648438,27.34000015258789,27.579999923706055,27.125383377075195,782667
ELK,ELK.OL,2023-05-30,27.600000381469727,28.059999465942383,27.280000686645508,27.280000686645508,26.83032989501953,887225
ELK,ELK.OL,2023-05-31,27.1200008392334,27.1200008392334,26.520000457763672,26.719999313354492,26.279558181762695,1654558
ELK,ELK.OL,2023-06-01,26.700000762939453,27.0,26.200000762939453,26.260000228881836,25.8271427154541,826230
ELK,ELK.OL,2023-06-02,26.5,27.139999389648438,26.360000610351562,27.1200008392334,26.6729679107666,920961
ELK,ELK.OL,2023-06-05,27.360000610351562,27.420000076293945,27.139999389648438,27.139999389648438,26.692636489868164,385943
ELK,ELK.OL,2023-06-06,27.100000381469727,27.15999984741211,26.3799991607666,26.399999618530273,25.964834213256836,691461
ELK,ELK.OL,2023-06-07,26.360000610351562,26.68000030517578,26.34000015258789,26.68000030517578,26.240219116210938,865296
ELK,ELK.OL,2023-06-08,26.600000381469727,27.100000381469727,26.459999084472656,26.959999084472656,26.515602111816406,759279
ELK,ELK.OL,2023-06-09,27.0,27.0,26.579999923706055,26.600000381469727,26.161537170410156,902992
ELK,ELK.OL,2023-06-12,26.600000381469727,26.84000015258789,26.5,26.579999923706055,26.14186668395996,670869
ELK,ELK.OL,2023-06-13,26.700000762939453,26.959999084472656,26.65999984741211,26.799999237060547,26.358240127563477,963424
ELK,ELK.OL,2023-06-14,26.799999237060547,27.360000610351562,26.65999984741211,27.239999771118164,26.79098892211914,657565
ELK,ELK.OL,2023-06-15,27.200000762939453,27.200000762939453,26.420000076293945,26.559999465942383,26.122196197509766,1029419
ELK,ELK.OL,2023-06-16,26.520000457763672,26.68000030517578,26.399999618530273,26.6200008392334,26.181209564208984,1315291
ELK,ELK.OL,2023-06-19,26.6200008392334,26.6200008392334,26.059999465942383,26.100000381469727,25.669780731201172,1006065
ELK,ELK.OL,2023-06-20,26.1200008392334,26.1200008392334,25.6200008392334,25.81999969482422,25.394393920898438,872464
ELK,ELK.OL,2023-06-21,25.81999969482422,26.0,25.600000381469727,25.600000381469727,25.178022384643555,732573
ELK,ELK.OL,2023-06-22,25.440000534057617,25.68000030517578,25.299999237060547,25.479999542236328,25.059999465942383,903256
ELK,ELK.OL,2023-06-23,25.31999969482422,25.479999542236328,24.899999618530273,25.139999389648438,24.725603103637695,815189
ELK,ELK.OL,2023-06-26,25.479999542236328,25.479999542236328,24.920000076293945,25.3799991607666,24.961647033691406,623545
ELK,ELK.OL,2023-06-27,25.700000762939453,25.700000762939453,25.079999923706055,25.200000762939453,24.78461456298828,1317340
ELK,ELK.OL,2023-06-28,25.200000762939453,25.420000076293945,25.100000381469727,25.18000030517578,24.764944076538086,833139
ELK,ELK.OL,2023-06-29,25.200000762939453,25.219999313354492,24.18000030517578,24.479999542236328,24.07648277282715,1485364
ELK,ELK.OL,2023-06-30,24.600000381469727,24.920000076293945,24.600000381469727,24.84000015258789,24.43054962158203,664981
ELK,ELK.OL,2023-07-03,25.139999389648438,26.139999389648438,25.139999389648438,26.040000915527344,25.610769271850586,964993
ELK,ELK.OL,2023-07-04,26.100000381469727,26.100000381469727,25.6200008392334,25.84000015258789,25.414064407348633,415397
ELK,ELK.OL,2023-07-05,25.899999618530273,25.899999618530273,25.260000228881836,25.360000610351562,24.941978454589844,657207
ELK,ELK.OL,2023-07-06,25.200000762939453,25.459999084472656,25.020000457763672,25.100000381469727,24.686264038085938,475164
ELK,ELK.OL,2023-07-07,25.299999237060547,25.31999969482422,24.84000015258789,25.280000686645508,24.863296508789062,799353
ELK,ELK.OL,2023-07-10,25.260000228881836,25.34000015258789,25.040000915527344,25.31999969482422,24.90263557434082,438041
ELK,ELK.OL,2023-07-11,25.299999237060547,25.5,25.239999771118164,25.360000610351562,24.941978454589844,592378
ELK,ELK.OL,2023-07-12,25.440000534057617,25.84000015258789,25.31999969482422,25.84000015258789,25.414064407348633,571709
ELK,ELK.OL,2023-07-13,25.8799991607666,26.059999465942383,25.5,25.700000762939453,25.2763729095459,778168
ELK,ELK.OL,2023-07-14,24.600000381469727,24.600000381469727,22.299999237060547,23.299999237060547,22.915931701660156,5597595
ELK,ELK.OL,2023-07-17,23.5,23.600000381469727,22.520000457763672,22.739999771118164,22.365163803100586,2309873
ELK,ELK.OL,2023-07-18,22.68000030517578,23.31999969482422,22.559999465942383,23.200000762939453,22.817583084106445,1189737
ELK,ELK.OL,2023-07-19,23.360000610351562,23.360000610351562,23.059999465942383,23.059999465942383,22.679889678955078,982859
ELK,ELK.OL,2023-07-20,23.0,23.700000762939453,22.940000534057617,23.440000534057617,23.053627014160156,1229048
ELK,ELK.OL,2023-07-21,23.5,23.8799991607666,23.5,23.65999984741211,23.26999855041504,884760
ELK,ELK.OL,2023-07-24,23.65999984741211,23.899999618530273,23.479999542236328,23.860000610351562,23.466703414916992,816542
ELK,ELK.OL,2023-07-25,24.0,24.200000762939453,23.799999237060547,24.0,23.604394912719727,927720
ELK,ELK.OL,2023-07-26,24.1200008392334,24.3799991607666,23.959999084472656,24.040000915527344,23.643735885620117,750903
ELK,ELK.OL,2023-07-27,24.040000915527344,24.559999465942383,24.040000915527344,24.420000076293945,24.017471313476562,717102
ELK,ELK.OL,2023-07-28,24.200000762939453,24.420000076293945,23.65999984741211,23.719999313354492,23.329010009765625,927191
ELK,ELK.OL,2023-07-31,24.0,24.18000030517578,23.8799991607666,24.040000915527344,23.643735885620117,955789
ELK,ELK.OL,2023-08-01,24.040000915527344,24.040000915527344,23.719999313354492,23.739999771118164,23.34868049621582,775409
ELK,ELK.OL,2023-08-02,23.700000762939453,23.700000762939453,23.200000762939453,23.200000762939453,22.817583084106445,1196533
ELK,ELK.OL,2023-08-03,23.139999389648438,23.399999618530273,22.899999618530273,23.31999969482422,22.935604095458984,864953
ELK,ELK.OL,2023-08-04,23.420000076293945,23.420000076293945,23.079999923706055,23.18000030517578,22.79791259765625,700471
ELK,ELK.OL,2023-08-07,23.299999237060547,23.700000762939453,23.299999237060547,23.600000381469727,23.210988998413086,999552
ELK,ELK.OL,2023-08-08,23.600000381469727,23.68000030517578,23.200000762939453,23.200000762939453,22.817583084106445,755021
ELK,ELK.OL,2023-08-09,23.5,23.700000762939453,23.399999618530273,23.6200008392334,23.23065948486328,607707
ELK,ELK.OL,2023-08-10,23.700000762939453,23.899999618530273,23.520000457763672,23.860000610351562,23.466703414916992,654667
ELK,ELK.OL,2023-08-11,23.84000015258789,24.020000457763672,23.65999984741211,23.979999542236328,23.58472442626953,649298
ELK,ELK.OL,2023-08-14,24.079999923706055,24.860000610351562,24.079999923706055,24.579999923706055,24.174835205078125,1494578
ELK,ELK.OL,2023-08-15,24.65999984741211,24.739999771118164,23.700000762939453,23.700000762939453,23.309341430664062,1208378
ELK,ELK.OL,2023-08-16,23.799999237060547,23.959999084472656,23.6200008392334,23.84000015258789,23.447032928466797,628596
ELK,ELK.OL,2023-08-17,23.739999771118164,23.739999771118164,23.059999465942383,23.15999984741211,22.778240203857422,1666071
ELK,ELK.OL,2023-08-18,23.040000915527344,23.18000030517578,22.440000534057617,22.459999084472656,22.089778900146484,1829342
ELK,ELK.OL,2023-08-21,22.5,22.81999969482422,22.219999313354492,22.260000228881836,21.893075942993164,1238973
ELK,ELK.OL,2023-08-22,21.920000076293945,22.239999771118164,21.5,21.979999542236328,21.617691040039062,1951289
ELK,ELK.OL,2023-08-23,21.719999313354492,21.899999618530273,21.18000030517578,21.5,21.14560317993164,1735722
ELK,ELK.OL,2023-08-24,21.5,21.700000762939453,21.260000228881836,21.399999618530273,21.047252655029297,1700967
ELK,ELK.OL,2023-08-25,21.65999984741211,22.18000030517578,21.3799991607666,22.100000381469727,21.735713958740234,1479645
ELK,ELK.OL,2023-08-28,22.100000381469727,22.280000686645508,21.440000534057617,21.520000457763672,21.165273666381836,1772185
ELK,ELK.OL,2023-08-29,21.520000457763672,22.0,21.520000457763672,22.0,21.637361526489258,1054288
ELK,ELK.OL,2023-08-30,22.079999923706055,22.18000030517578,21.760000228881836,21.81999969482422,21.460329055786133,783926
ELK,ELK.OL,2023-08-31,21.8799991607666,22.059999465942383,21.739999771118164,22.0,21.637361526489258,1253800
ELK,ELK.OL,2023-09-01,21.940000534057617,22.200000762939453,21.84000015258789,22.200000762939453,21.83406639099121,1180063
ELK,ELK.OL,2023-09-04,22.3799991607666,22.8799991607666,22.3799991607666,22.579999923706055,22.207801818847656,1289896
ELK,ELK.OL,2023-09-05,22.18000030517578,22.18000030517578,21.780000686645508,21.780000686645508,21.420989990234375,1464148
ELK,ELK.OL,2023-09-06,21.799999237060547,22.1200008392334,21.739999771118164,22.040000915527344,21.67670440673828,651564
ELK,ELK.OL,2023-09-07,22.0,22.0,21.540000915527344,21.579999923706055,21.224285125732422,997291
ELK,ELK.OL,2023-09-08,21.639999389648438,21.65999984741211,21.31999969482422,21.440000534057617,21.086593627929688,1011688
ELK,ELK.OL,2023-09-11,21.540000915527344,21.700000762939453,21.399999618530273,21.420000076293945,21.066923141479492,768829
ELK,ELK.OL,2023-09-12,21.5,21.540000915527344,21.18000030517578,21.260000228881836,20.90955924987793,879892
ELK,ELK.OL,2023-09-13,21.440000534057617,21.440000534057617,21.200000762939453,21.219999313354492,20.87021827697754,784049
ELK,ELK.OL,2023-09-14,21.299999237060547,21.479999542236328,21.1200008392334,21.479999542236328,21.125932693481445,1306806
ELK,ELK.OL,2023-09-15,21.600000381469727,22.719999313354492,21.520000457763672,22.68000030517578,22.306154251098633,3747034
ELK,ELK.OL,2023-09-18,22.600000381469727,22.600000381469727,22.100000381469727,22.100000381469727,21.735713958740234,1148580
ELK,ELK.OL,2023-09-19,22.100000381469727,22.5,22.079999923706055,22.280000686645508,21.91274642944336,762891
ELK,ELK.OL,2023-09-20,22.280000686645508,22.440000534057617,22.020000457763672,22.399999618530273,22.0307674407959,880913
ELK,ELK.OL,2023-09-21,22.299999237060547,22.299999237060547,21.959999084472656,22.079999923706055,21.71604347229004,898123
ELK,ELK.OL,2023-09-22,22.0,22.100000381469727,21.84000015258789,21.959999084472656,21.598020553588867,532388
ELK,ELK.OL,2023-09-25,21.860000610351562,22.0,21.5,21.5,21.14560317993164,1015693
ELK,ELK.OL,2023-09-26,21.5,21.860000610351562,21.200000762939453,21.719999313354492,21.361976623535156,1368988
ELK,ELK.OL,2023-09-27,21.65999984741211,21.719999313354492,21.5,21.5,21.14560317993164,673881
ELK,ELK.OL,2023-09-28,21.5,21.84000015258789,21.440000534057617,21.579999923706055,21.224285125732422,698146
ELK,ELK.OL,2023-09-29,21.65999984741211,22.15999984741211,21.579999923706055,21.68000030517578,21.3226375579834,1402145
ELK,ELK.OL,2023-10-02,21.719999313354492,21.799999237060547,21.079999923706055,21.079999923706055,20.732526779174805,1453141
ELK,ELK.OL,2023-10-03,21.020000457763672,21.020000457763672,20.219999313354492,20.299999237060547,19.965383529663086,2215736
ELK,ELK.OL,2023-10-04,20.1200008392334,20.6200008392334,19.950000762939453,19.950000762939453,19.62115478515625,2014439
ELK,ELK.OL,2023-10-05,19.959999084472656,20.520000457763672,19.940000534057617,20.420000076293945,20.083406448364258,829180
ELK,ELK.OL,2023-10-06,20.5,20.6200008392334,18.299999237060547,18.610000610351562,18.303241729736328,6911250
ELK,ELK.OL,2023-10-09,18.770000457763672,19.06999969482422,18.600000381469727,18.700000762939453,18.39175796508789,2123484
ELK,ELK.OL,2023-10-10,18.770000457763672,19.3799991607666,18.75,19.209999084472656,18.89335060119629,1926927
ELK,ELK.OL,2023-10-11,19.239999771118164,19.239999771118164,18.719999313354492,18.739999771118164,18.43109893798828,1850848
ELK,ELK.OL,2023-10-12,18.799999237060547,19.139999389648438,18.75,18.850000381469727,18.53928565979004,2099869
ELK,ELK.OL,2023-10-13,18.829999923706055,18.850000381469727,18.479999542236328,18.639999389648438,18.332746505737305,1311711
ELK,ELK.OL,2023-10-16,18.610000610351562,18.81999969482422,18.139999389648438,18.729999542236328,18.421262741088867,1627129
ELK,ELK.OL,2023-10-17,18.700000762939453,18.899999618530273,18.469999313354492,18.690000534057617,18.38192367553711,1090814
ELK,ELK.OL,2023-10-18,18.75,18.760000228881836,18.1200008392334,18.209999084472656,17.909833908081055,1486998
ELK,ELK.OL,2023-10-19,18.079999923706055,18.440000534057617,18.049999237060547,18.149999618530273,17.85082244873047,778660
ELK,ELK.OL,2023-10-20,18.0,18.09000015258789,17.709999084472656,17.829999923706055,17.53609848022461,1517329
ELK,ELK.OL,2023-10-23,17.790000915527344,17.860000610351562,17.5,17.6299991607666,17.339393615722656,1213252
ELK,ELK.OL,2023-10-24,17.700000762939453,18.18000030517578,17.639999389648438,17.75,17.457416534423828,1944111
ELK,ELK.OL,2023-10-25,16.8700008392334,16.969999313354492,16.200000762939453,16.5,16.2280216217041,6058207
ELK,ELK.OL,2023-10-26,16.709999084472656,16.709999084472656,16.15999984741211,16.549999237060547,16.277196884155273,2063734
ELK,ELK.OL,2023-10-27,16.670000076293945,17.549999237060547,16.5,17.450000762939453,17.162363052368164,2324519
ELK,ELK.OL,2023-10-30,17.420000076293945,17.799999237060547,17.389999389648438,17.43000030517578,17.14269256591797,1123189
ELK,ELK.OL,2023-10-31,17.600000381469727,17.690000534057617,17.170000076293945,17.280000686645508,16.99516487121582,1205256
ELK,ELK.OL,2023-11-01,17.600000381469727,17.600000381469727,17.15999984741211,17.479999542236328,17.19186782836914,869462
ELK,ELK.OL,2023-11-02,17.559999465942383,18.059999465942383,17.510000228881836,17.93000030517578,17.634450912475586,978491
ELK,ELK.OL,2023-11-03,18.100000381469727,18.239999771118164,17.899999618530273,18.06999969482422,17.77214241027832,1042357
ELK,ELK.OL,2023-11-06,18.1299991607666,18.260000228881836,17.90999984741211,17.920000076293945,17.624614715576172,669188
ELK,ELK.OL,2023-11-07,17.899999618530273,17.93000030517578,17.65999984741211,17.81999969482422,17.526262283325195,676572
ELK,ELK.OL,2023-11-08,17.799999237060547,18.170000076293945,17.600000381469727,18.149999618530273,17.85082244873047,896601
ELK,ELK.OL,2023-11-09,18.149999618530273,18.450000762939453,18.0,18.440000534057617,18.136043548583984,670344
ELK,ELK.OL,2023-11-10,18.3799991607666,18.5,17.860000610351562,17.899999618530273,17.604944229125977,777859
ELK,ELK.OL,2023-11-13,18.0,18.06999969482422,17.860000610351562,17.950000762939453,17.65412139892578,491484
ELK,ELK.OL,2023-11-14,18.020000457763672,18.5,17.829999923706055,18.479999542236328,18.175384521484375,667139
ELK,ELK.OL,2023-11-15,18.510000228881836,18.860000610351562,18.459999084472656,18.670000076293945,18.362253189086914,684228
ELK,ELK.OL,2023-11-16,18.579999923706055,18.579999923706055,18.270000457763672,18.299999237060547,17.998350143432617,541040
ELK,ELK.OL,2023-11-17,18.299999237060547,18.700000762939453,18.270000457763672,18.649999618530273,18.342580795288086,398590
ELK,ELK.OL,2023-11-20,18.729999542236328,18.729999542236328,18.350000381469727,18.6299991607666,18.32291030883789,473368
ELK,ELK.OL,2023-11-21,18.600000381469727,18.809999465942383,18.290000915527344,18.31999969482422,18.018020629882812,516864
ELK,ELK.OL,2023-11-22,18.450000762939453,18.450000762939453,18.0,18.0,17.703296661376953,527617
ELK,ELK.OL,2023-11-23,18.100000381469727,18.3700008392334,18.059999465942383,18.3700008392334,18.067197799682617,312383
ELK,ELK.OL,2023-11-24,18.209999084472656,18.329999923706055,18.030000686645508,18.209999084472656,17.909833908081055,442083
ELK,ELK.OL,2023-11-27,18.1299991607666,18.290000915527344,18.0,18.219999313354492,17.919668197631836,689676
ELK,ELK.OL,2023-11-28,18.200000762939453,18.200000762939453,17.520000457763672,17.600000381469727,17.309890747070312,1053718
ELK,ELK.OL,2023-11-29,17.799999237060547,17.860000610351562,17.56999969482422,17.639999389648438,17.34922981262207,617003
ELK,ELK.OL,2023-11-30,17.799999237060547,17.959999084472656,17.3700008392334,17.459999084472656,17.172197341918945,1227635
ELK,ELK.OL,2023-12-01,17.56999969482422,17.65999984741211,17.110000610351562,17.600000381469727,17.309890747070312,1184662
ELK,ELK.OL,2023-12-04,17.84000015258789,18.31999969482422,17.0,17.299999237060547,17.014833450317383,2061218
ELK,ELK.OL,2023-12-05,17.299999237060547,17.299999237060547,16.65999984741211,17.15999984741211,16.87714195251465,1361100
ELK,ELK.OL,2023-12-06,17.100000381469727,17.6200008392334,17.100000381469727,17.559999465942383,17.27054786682129,938113
ELK,ELK.OL,2023-12-07,17.649999618530273,17.649999618530273,17.15999984741211,17.25,16.96565818786621,531462
ELK,ELK.OL,2023-12-08,17.25,17.649999618530273,17.219999313354492,17.639999389648438,17.34922981262207,675573
ELK,ELK.OL,2023-12-11,17.3799991607666,17.649999618530273,17.149999618530273,17.649999618530273,17.35906410217285,883211
ELK,ELK.OL,2023-12-12,17.729999542236328,17.780000686645508,17.510000228881836,17.6299991607666,17.339393615722656,691914
ELK,ELK.OL,2023-12-13,17.56999969482422,18.15999984741211,17.43000030517578,18.15999984741211,17.860658645629883,1558369
ELK,ELK.OL,2023-12-14,18.479999542236328,19.399999618530273,18.260000228881836,19.209999084472656,18.89335060119629,2427395
ELK,ELK.OL,2023-12-15,19.510000228881836,19.8700008392334,19.299999237060547,19.329999923706055,19.01137351989746,2428033
ELK,ELK.OL,2023-12-18,19.450000762939453,19.899999618530273,19.399999618530273,19.809999465942383,19.483461380004883,1216673
ELK,ELK.OL,2023-12-19,19.899999618530273,20.360000610351562,19.760000228881836,20.219999313354492,19.886701583862305,1423689
ELK,ELK.OL,2023-12-20,20.299999237060547,20.34000015258789,19.700000762939453,19.950000762939453,19.62115478515625,1110882
ELK,ELK.OL,2023-12-21,19.700000762939453,19.90999984741211,19.290000915527344,19.90999984741211,19.581811904907227,1730082
ELK,ELK.OL,2023-12-22,19.90999984741211,20.280000686645508,19.799999237060547,20.100000381469727,19.768680572509766,953891
ELK,ELK.OL,2023-12-27,20.5,21.139999389648438,20.459999084472656,20.860000610351562,20.51615333557129,1937123
ELK,ELK.OL,2023-12-28,21.0,21.040000915527344,20.520000457763672,20.860000610351562,20.51615333557129,1104584
ELK,ELK.OL,2023-12-29,20.940000534057617,21.440000534057617,20.65999984741211,21.15999984741211,20.811208724975586,2185147
ELK,ELK.OL,2024-01-02,21.299999237060547,21.3799991607666,20.260000228881836,20.479999542236328,20.14241600036621,1743176
ELK,ELK.OL,2024-01-03,20.399999618530273,20.420000076293945,19.540000915527344,19.540000915527344,19.217912673950195,1615507
ELK,ELK.OL,2024-01-04,19.68000030517578,20.3799991607666,19.68000030517578,20.3799991607666,20.044063568115234,1283117
ELK,ELK.OL,2024-01-05,20.360000610351562,20.559999465942383,19.84000015258789,20.559999465942383,20.221097946166992,766049
ELK,ELK.OL,2024-01-08,21.459999084472656,22.18000030517578,21.239999771118164,22.139999389648438,21.775053024291992,4351552
ELK,ELK.OL,2024-01-09,22.540000915527344,22.979999542236328,22.0,22.959999084472656,22.5815372467041,3980920
ELK,ELK.OL,2024-01-10,23.0,23.0,22.200000762939453,22.399999618530273,22.0307674407959,2132308
ELK,ELK.OL,2024-01-11,22.920000076293945,23.739999771118164,22.899999618530273,23.579999923706055,23.19131851196289,4097651
ELK,ELK.OL,2024-01-12,23.739999771118164,23.739999771118164,23.1200008392334,23.520000457763672,23.132307052612305,1823029
ELK,ELK.OL,2024-01-15,22.81999969482422,23.020000457763672,22.639999389648438,22.899999618530273,22.522525787353516,2010858
ELK,ELK.OL,2024-01-16,22.700000762939453,23.280000686645508,22.6200008392334,23.18000030517578,22.79791259765625,1306823
ELK,ELK.OL,2024-01-17,22.860000610351562,22.860000610351562,21.600000381469727,21.8799991607666,21.519338607788086,3475784
ELK,ELK.OL,2024-01-18,22.0,22.059999465942383,21.31999969482422,21.479999542236328,21.125932693481445,1821603
ELK,ELK.OL,2024-01-19,21.68000030517578,21.780000686645508,21.139999389648438,21.219999313354492,20.87021827697754,1441947
ELK,ELK.OL,2024-01-22,21.5,21.8799991607666,21.479999542236328,21.65999984741211,21.302967071533203,977087
ELK,ELK.OL,2024-01-23,21.860000610351562,22.540000915527344,21.6200008392334,22.520000457763672,22.14879035949707,1438725
ELK,ELK.OL,2024-01-24,22.600000381469727,22.739999771118164,22.34000015258789,22.559999465942383,22.18813133239746,722554
ELK,ELK.OL,2024-01-25,22.700000762939453,22.719999313354492,22.0,22.0,21.637361526489258,887386
ELK,ELK.OL,2024-01-26,22.079999923706055,22.700000762939453,21.860000610351562,22.700000762939453,22.325824737548828,1465684
ELK,ELK.OL,2024-01-29,22.65999984741211,22.739999771118164,22.15999984741211,22.31999969482422,21.95208740234375,949573
ELK,ELK.OL,2024-01-30,22.34000015258789,22.420000076293945,21.799999237060547,21.799999237060547,21.440658569335938,1022405
ELK,ELK.OL,2024-01-31,21.719999313354492,22.040000915527344,21.559999465942383,21.899999618530273,21.53900909423828,681901
ELK,ELK.OL,2024-02-01,21.600000381469727,22.15999984741211,21.5,22.079999923706055,21.71604347229004,642940
ELK,ELK.OL,2024-02-02,22.200000762939453,22.260000228881836,21.6200008392334,21.639999389648438,21.283294677734375,711281
ELK,ELK.OL,2024-02-05,21.65999984741211,21.84000015258789,21.5,21.5,21.14560317993164,805950
ELK,ELK.OL,2024-02-06,21.5,21.84000015258789,21.479999542236328,21.84000015258789,21.479999542236328,799198
ELK,ELK.OL,2024-02-07,21.899999618530273,22.0,21.15999984741211,21.440000534057617,21.086593627929688,1220289
ELK,ELK.OL,2024-02-08,20.0,21.360000610351562,19.270000457763672,20.239999771118164,19.9063720703125,4809404
ELK,ELK.OL,2024-02-09,20.0,21.0,19.649999618530273,20.799999237060547,20.457141876220703,2731713
ELK,ELK.OL,2024-02-12,20.700000762939453,21.34000015258789,20.700000762939453,20.84000015258789,20.496482849121094,1295634
ELK,ELK.OL,2024-02-13,20.899999618530273,20.899999618530273,20.059999465942383,20.139999389648438,19.808021545410156,1465813
ELK,ELK.OL,2024-02-14,19.93000030517578,20.18000030517578,19.420000076293945,19.530000686645508,19.20807647705078,1922975
ELK,ELK.OL,2024-02-15,19.5,19.670000076293945,19.100000381469727,19.309999465942383,18.991703033447266,1484814
ELK,ELK.OL,2024-02-16,19.549999237060547,20.040000915527344,19.549999237060547,19.850000381469727,19.522802352905273,1114144
ELK,ELK.OL,2024-02-19,19.850000381469727,19.860000610351562,19.280000686645508,19.59000015258789,19.267087936401367,940650
ELK,ELK.OL,2024-02-20,19.600000381469727,19.600000381469727,19.149999618530273,19.219999313354492,18.90318489074707,1302376
ELK,ELK.OL,2024-02-21,19.299999237060547,19.469999313354492,19.079999923706055,19.229999542236328,18.913021087646484,1008107
ELK,ELK.OL,2024-02-22,19.3799991607666,19.649999618530273,19.309999465942383,19.559999465942383,19.237581253051758,957989
ELK,ELK.OL,2024-02-23,19.469999313354492,19.65999984741211,19.149999618530273,19.309999465942383,18.991703033447266,987544
ELK,ELK.OL,2024-02-26,19.299999237060547,19.3700008392334,19.030000686645508,19.229999542236328,18.913021087646484,726351
ELK,ELK.OL,2024-02-27,19.34000015258789,19.860000610351562,19.219999313354492,19.65999984741211,19.335933685302734,1327778
ELK,ELK.OL,2024-02-28,19.600000381469727,20.299999237060547,19.459999084472656,20.299999237060547,19.965383529663086,1922913
ELK,ELK.OL,2024-02-29,20.360000610351562,21.100000381469727,20.040000915527344,21.059999465942383,20.71285629272461,1809269
ELK,ELK.OL,2024-03-01,21.18000030517578,21.860000610351562,21.100000381469727,21.780000686645508,21.420989990234375,1985233
ELK,ELK.OL,2024-03-04,21.899999618530273,22.260000228881836,21.6200008392334,21.899999618530273,21.53900909423828,1641938
ELK,ELK.OL,2024-03-05,21.65999984741211,21.8799991607666,21.399999618530273,21.5,21.14560317993164,1233369
ELK,ELK.OL,2024-03-06,21.200000762939453,21.979999542236328,21.200000762939453,21.459999084472656,21.10626220703125,733473
ELK,ELK.OL,2024-03-07,21.299999237060547,22.1200008392334,21.299999237060547,22.1200008392334,21.75538444519043,672683
ELK,ELK.OL,2024-03-08,22.200000762939453,22.200000762939453,21.65999984741211,21.920000076293945,21.55868148803711,658867
ELK,ELK.OL,2024-03-11,21.68000030517578,22.440000534057617,21.15999984741211,21.860000610351562,21.499670028686523,1818889
ELK,ELK.OL,2024-03-12,22.020000457763672,22.899999618530273,21.959999084472656,22.420000076293945,22.050439834594727,1933132
ELK,ELK.OL,2024-03-13,22.399999618530273,22.920000076293945,22.239999771118164,22.31999969482422,21.95208740234375,2201471
ELK,ELK.OL,2024-03-14,22.360000610351562,22.520000457763672,22.200000762939453,22.200000762939453,21.83406639099121,587156
ELK,ELK.OL,2024-03-15,22.34000015258789,22.579999923706055,22.040000915527344,22.260000228881836,21.893075942993164,1545356
ELK,ELK.OL,2024-03-18,22.1200008392334,22.360000610351562,21.84000015258789,22.139999389648438,21.775053024291992,501086
ELK,ELK.OL,2024-03-19,22.34000015258789,22.459999084472656,22.100000381469727,22.200000762939453,21.83406639099121,656587
ELK,ELK.OL,2024-03-20,22.299999237060547,22.299999237060547,21.739999771118164,22.059999465942383,21.696372985839844,817956
ELK,ELK.OL,2024-03-21,22.100000381469727,22.34000015258789,21.65999984741211,21.899999618530273,21.53900909423828,554985
ELK,ELK.OL,2024-03-22,21.700000762939453,22.1200008392334,21.600000381469727,21.8799991607666,21.519338607788086,432620
ELK,ELK.OL,2024-03-25,21.540000915527344,21.65999984741211,21.31999969482422,21.600000381469727,21.243955612182617,721800
ELK,ELK.OL,2024-03-26,21.399999618530273,21.579999923706055,21.280000686645508,21.420000076293945,21.066923141479492,592544
ELK,ELK.OL,2024-03-27,21.5,21.5,21.15999984741211,21.31999969482422,20.968570709228516,310230
ELK,ELK.OL,2024-04-02,21.31999969482422,21.979999542236328,21.31999969482422,21.479999542236328,21.125932693481445,1007335
ELK,ELK.OL,2024-04-03,21.760000228881836,21.760000228881836,21.219999313354492,21.5,21.14560317993164,685761
ELK,ELK.OL,2024-04-04,21.5,23.139999389648438,21.5,22.799999237060547,22.424175262451172,2211322
ELK,ELK.OL,2024-04-05,22.579999923706055,22.920000076293945,22.200000762939453,22.459999084472656,22.089778900146484,1311207
ELK,ELK.OL,2024-04-08,22.299999237060547,22.979999542236328,22.239999771118164,22.719999313354492,22.34549331665039,879633
ELK,ELK.OL,2024-04-09,22.200000762939453,22.780000686645508,22.200000762939453,22.299999237060547,21.932416915893555,697779
ELK,ELK.OL,2024-04-10,22.34000015258789,22.540000915527344,21.700000762939453,22.079999923706055,21.71604347229004,1118152
ELK,ELK.OL,2024-04-11,22.079999923706055,22.3799991607666,21.700000762939453,21.700000762939453,21.342308044433594,998279
ELK,ELK.OL,2024-04-12,21.719999313354492,22.079999923706055,21.68000030517578,21.719999313354492,21.361976623535156,1502160
ELK,ELK.OL,2024-04-15,21.799999237060547,21.959999084472656,21.479999542236328,21.479999542236328,21.125932693481445,948315
ELK,ELK.OL,2024-04-16,21.34000015258789,21.34000015258789,20.420000076293945,20.68000030517578,20.339120864868164,1625601
ELK,ELK.OL,2024-04-17,21.559999465942383,21.700000762939453,20.700000762939453,20.84000015258789,20.496482849121094,1073549
ELK,ELK.OL,2024-04-18,19.989999771118164,20.479999542236328,18.700000762939453,19.639999389648438,19.31626319885254,6184593
ELK,ELK.OL,2024-04-19,19.100000381469727,19.56999969482422,18.860000610351562,19.34000015258789,19.021207809448242,2632675
ELK,ELK.OL,2024-04-22,19.34000015258789,19.520000457763672,19.200000762939453,19.329999923706055,19.01137351989746,951555
ELK,ELK.OL,2024-04-23,19.329999923706055,19.5,19.139999389648438,19.329999923706055,19.01137351989746,939805
ELK,ELK.OL,2024-04-24,19.469999313354492,19.520000457763672,19.139999389648438,19.5,19.178571701049805,1414915
ELK,ELK.OL,2024-04-25,19.5,19.81999969482422,19.25,19.40999984741211,19.09005355834961,1424293
ELK,ELK.OL,2024-04-26,19.760000228881836,20.079999923706055,19.530000686645508,19.920000076293945,19.59164810180664,1160253
ELK,ELK.OL,2024-04-29,20.0,20.479999542236328,20.0,20.18000030517578,19.847362518310547,1001819
ELK,ELK.OL,2024-04-30,20.360000610351562,20.360000610351562,19.520000457763672,19.520000457763672,19.1982421875,1485770
ELK,ELK.OL,2024-05-02,19.790000915527344,19.790000915527344,19.1200008392334,19.1299991607666,18.814668655395508,1137713
ELK,ELK.OL,2024-05-03,19.110000610351562,19.520000457763672,19.110000610351562,19.3700008392334,19.05071449279785,589698
ELK,ELK.OL,2024-05-06,19.399999618530273,19.729999542236328,19.239999771118164,19.690000534057617,19.365440368652344,992414
ELK,ELK.OL,2024-05-07,19.5,19.81999969482422,19.290000915527344,19.40999984741211,19.09005355834961,730976
ELK,ELK.OL,2024-05-08,19.5,19.739999771118164,19.260000228881836,19.5,19.178571701049805,986775
ELK,ELK.OL,2024-05-10,19.780000686645508,20.799999237060547,19.739999771118164,20.65999984741211,20.31945037841797,2736320
ELK,ELK.OL,2024-05-13,20.68000030517578,20.799999237060547,20.360000610351562,20.739999771118164,20.398130416870117,1248968
ELK,ELK.OL,2024-05-14,20.760000228881836,21.3799991607666,20.639999389648438,21.34000015258789,20.98824119567871,1152600
ELK,ELK.OL,2024-05-15,21.399999618530273,21.799999237060547,21.31999969482422,21.639999389648438,21.283294677734375,945874
ELK,ELK.OL,2024-05-16,21.420000076293945,21.700000762939453,21.219999313354492,21.6200008392334,21.263626098632812,753119
ELK,ELK.OL,2024-05-21,21.6200008392334,22.0,21.579999923706055,21.65999984741211,21.302967071533203,1017721
ELK,ELK.OL,2024-05-22,21.899999618530273,21.899999618530273,21.059999465942383,21.1200008392334,20.771867752075195,605728
ELK,ELK.OL,2024-05-23,21.1200008392334,21.200000762939453,20.600000381469727,20.600000381469727,20.260438919067383,744604
ELK,ELK.OL,2024-05-24,20.639999389648438,20.81999969482422,20.219999313354492,20.65999984741211,20.31945037841797,1307712
ELK,ELK.OL,2024-05-27,20.65999984741211,21.1200008392334,20.6200008392334,21.059999465942383,20.71285629272461,515764
ELK,ELK.OL,2024-05-28,21.059999465942383,21.299999237060547,20.979999542236328,21.219999313354492,20.87021827697754,667937
ELK,ELK.OL,2024-05-29,21.360000610351562,21.459999084472656,21.0,21.059999465942383,20.71285629272461,733859
ELK,ELK.OL,2024-05-30,21.239999771118164,21.899999618530273,20.899999618530273,21.5,21.14560317993164,1014908
ELK,ELK.OL,2024-05-31,21.5,22.0,21.5,21.760000228881836,21.401317596435547,1470415
ELK,ELK.OL,2024-06-03,21.899999618530273,22.040000915527344,21.739999771118164,21.760000228881836,21.401317596435547,706024
ELK,ELK.OL,2024-06-04,21.700000762939453,21.780000686645508,20.920000076293945,21.0,20.653844833374023,1523644
ELK,ELK.OL,2024-06-05,21.0,21.040000915527344,20.540000915527344,20.600000381469727,20.260438919067383,626306
ELK,ELK.OL,2024-06-06,20.639999389648438,20.739999771118164,20.299999237060547,20.360000610351562,20.024394989013672,538099
ELK,ELK.OL,2024-06-07,20.360000610351562,20.360000610351562,19.809999465942383,20.040000915527344,19.709671020507812,927577
ELK,ELK.OL,2024-06-10,20.040000915527344,20.420000076293945,19.829999923706055,20.200000762939453,19.867033004760742,508388
ELK,ELK.OL,2024-06-11,20.239999771118164,20.459999084472656,20.1200008392334,20.15999984741211,19.82769203186035,563636
ELK,ELK.OL,2024-06-12,20.200000762939453,20.399999618530273,20.079999923706055,20.200000762939453,19.867033004760742,1098840
ELK,ELK.OL,2024-06-13,20.299999237060547,20.299999237060547,19.860000610351562,19.860000610351562,19.532636642456055,718855
ELK,ELK.OL,2024-06-14,19.860000610351562,20.540000915527344,19.68000030517578,20.059999465942383,19.729339599609375,1392981
ELK,ELK.OL,2024-06-17,19.84000015258789,19.959999084472656,19.600000381469727,19.690000534057617,19.365440368652344,774064
ELK,ELK.OL,2024-06-18,19.700000762939453,19.959999084472656,19.690000534057617,19.850000381469727,19.522802352905273,515451
ELK,ELK.OL,2024-06-19,19.799999237060547,20.219999313354492,19.799999237060547,20.200000762939453,19.867033004760742,471379
ELK,ELK.OL,2024-06-20,20.1200008392334,20.700000762939453,20.0,20.700000762939453,20.35879135131836,971785
ELK,ELK.OL,2024-06-21,20.799999237060547,20.799999237060547,20.459999084472656,20.65999984741211,20.31945037841797,858469
ELK,ELK.OL,2024-06-24,20.700000762939453,20.940000534057617,20.639999389648438,20.799999237060547,20.457141876220703,710266
ELK,ELK.OL,2024-06-25,20.799999237060547,20.799999237060547,19.81999969482422,20.020000457763672,19.690000534057617,863812
ELK,ELK.OL,2024-06-26,20.0,20.399999618530273,19.889999389648438,19.93000030517578,19.601482391357422,406828
ELK,ELK.OL,2024-06-27,19.940000534057617,20.299999237060547,19.81999969482422,20.15999984741211,19.82769203186035,679630
ELK,ELK.OL,2024-06-28,20.280000686645508,20.479999542236328,20.15999984741211,20.239999771118164,19.9063720703125,308830
ELK,ELK.OL,2024-07-01,20.420000076293945,20.639999389648438,20.280000686645508,20.479999542236328,20.14241600036621,574596
ELK,ELK.OL,2024-07-02,20.719999313354492,20.719999313354492,19.950000762939453,20.059999465942383,19.729339599609375,467990
ELK,ELK.OL,2024-07-03,20.100000381469727,20.479999542236328,20.100000381469727,20.479999542236328,20.14241600036621,495584
ELK,ELK.OL,2024-07-04,20.31999969482422,20.719999313354492,20.31999969482422,20.5,20.162086486816406,402493
ELK,ELK.OL,2024-07-05,20.5,20.799999237060547,20.459999084472656,20.540000915527344,20.20142936706543,398526
ELK,ELK.OL,2024-07-08,20.399999618530273,20.5,20.139999389648438,20.31999969482422,19.98505401611328,309209
ELK,ELK.OL,2024-07-09,20.219999313354492,20.239999771118164,20.040000915527344,20.100000381469727,19.768680572509766,290327
ELK,ELK.OL,2024-07-10,20.200000762939453,20.219999313354492,19.950000762939453,20.059999465942383,19.729339599609375,457830
ELK,ELK.OL,2024-07-11,20.200000762939453,20.459999084472656,20.059999465942383,20.299999237060547,19.965383529663086,454516
ELK,ELK.OL,2024-07-12,20.81999969482422,23.18000030517578,20.760000228881836,22.780000686645508,22.404504776000977,5486115
ELK,ELK.OL,2024-07-15,22.68000030517578,23.5,22.6200008392334,22.799999237060547,22.424175262451172,1736447
ELK,ELK.OL,2024-07-16,22.799999237060547,23.040000915527344,22.68000030517578,22.719999313354492,22.34549331665039,845249
ELK,ELK.OL,2024-07-17,22.700000762939453,22.940000534057617,22.299999237060547,22.739999771118164,22.365163803100586,930269
ELK,ELK.OL,2024-07-18,22.520000457763672,22.799999237060547,22.239999771118164,22.520000457763672,22.14879035949707,596127
ELK,ELK.OL,2024-07-19,22.520000457763672,22.760000228881836,22.079999923706055,22.760000228881836,22.38483428955078,569384
ELK,ELK.OL,2024-07-22,22.579999923706055,22.760000228881836,22.459999084472656,22.559999465942383,22.18813133239746,441573
ELK,ELK.OL,2024-07-23,22.459999084472656,22.559999465942383,21.739999771118164,21.739999771118164,21.38164710998535,724550
ELK,ELK.OL,2024-07-24,21.700000762939453,22.1200008392334,21.520000457763672,21.8799991607666,21.519338607788086,624735
ELK,ELK.OL,2024-07-25,21.700000762939453,22.219999313354492,21.6200008392334,22.219999313354492,21.853734970092773,479717
ELK,ELK.OL,2024-07-26,22.219999313354492,22.739999771118164,22.200000762939453,22.440000534057617,22.070110321044922,465514
ELK,ELK.OL,2024-07-29,22.299999237060547,22.600000381469727,22.299999237060547,22.459999084472656,22.089778900146484,440502
ELK,ELK.OL,2024-07-30,21.899999618530273,22.600000381469727,21.899999618530273,22.399999618530273,22.0307674407959,422550
ELK,ELK.OL,2024-07-31,22.520000457763672,22.860000610351562,22.5,22.780000686645508,22.404504776000977,633640
ELK,ELK.OL,2024-08-01,22.760000228881836,23.0,22.6200008392334,22.780000686645508,22.404504776000977,358550
ELK,ELK.OL,2024-08-02,22.579999923706055,22.579999923706055,21.520000457763672,21.6200008392334,21.263626098632812,931422
ELK,ELK.OL,2024-08-05,20.760000228881836,20.760000228881836,19.889999389648438,20.059999465942383,19.729339599609375,1735968
ELK,ELK.OL,2024-08-06,20.68000030517578,21.100000381469727,19.979999542236328,20.200000762939453,19.867033004760742,913960
ELK,ELK.OL,2024-08-07,20.479999542236328,20.719999313354492,20.079999923706055,20.579999923706055,20.240768432617188,937636
ELK,ELK.OL,2024-08-08,20.299999237060547,20.479999542236328,20.139999389648438,20.420000076293945,20.083406448364258,683109
ELK,ELK.OL,2024-08-09,20.520000457763672,20.719999313354492,20.34000015258789,20.5,20.162086486816406,508358
ELK,ELK.OL,2024-08-12,20.5,20.700000762939453,20.299999237060547,20.579999923706055,20.240768432617188,583721
ELK,ELK.OL,2024-08-13,20.520000457763672,20.65999984741211,20.299999237060547,20.540000915527344,20.20142936706543,566406
ELK,ELK.OL,2024-08-14,20.5,20.719999313354492,20.34000015258789,20.5,20.162086486816406,306572
ELK,ELK.OL,2024-08-15,20.600000381469727,20.81999969482422,20.239999771118164,20.739999771118164,20.398130416870117,547298
ELK,ELK.OL,2024-08-16,20.700000762939453,20.84000015258789,20.440000534057617,20.5,20.162086486816406,248728
ELK,ELK.OL,2024-08-19,20.5,20.639999389648438,20.459999084472656,20.520000457763672,20.181758880615234,527806
ELK,ELK.OL,2024-08-20,20.520000457763672,20.520000457763672,20.200000762939453,20.239999771118164,19.9063720703125,318723
ELK,ELK.OL,2024-08-21,20.540000915527344,20.540000915527344,20.18000030517578,20.280000686645508,19.945714950561523,302122
ELK,ELK.OL,2024-08-22,20.399999618530273,20.440000534057617,20.139999389648438,20.299999237060547,19.965383529663086,260073
ELK,ELK.OL,2024-08-23,20.219999313354492,20.520000457763672,20.15999984741211,20.420000076293945,20.083406448364258,654059
ELK,ELK.OL,2024-08-26,20.440000534057617,20.520000457763672,20.200000762939453,20.260000228881836,19.926044464111328,529339
ELK,ELK.OL,2024-08-27,20.299999237060547,20.299999237060547,20.0,20.0,19.670330047607422,693729
ELK,ELK.OL,2024-08-28,20.0,20.059999465942383,19.65999984741211,19.690000534057617,19.365440368652344,509759
ELK,ELK.OL,2024-08-29,19.690000534057617,19.899999618530273,19.559999465942383,19.68000030517578,19.35560417175293,768269
ELK,ELK.OL,2024-08-30,19.68000030517578,20.15999984741211,19.600000381469727,20.059999465942383,19.729339599609375,1139941
ELK,ELK.OL,2024-09-02,20.0,20.0,19.3700008392334,19.399999618530273,19.080219268798828,581824
ELK,ELK.OL,2024-09-03,19.40999984741211,19.440000534057617,18.5,18.68000030517578,18.372087478637695,1522094
ELK,ELK.OL,2024-09-04,18.450000762939453,18.649999618530273,18.209999084472656,18.299999237060547,17.998350143432617,1090588
ELK,ELK.OL,2024-09-05,18.350000381469727,18.559999465942383,18.170000076293945,18.209999084472656,17.909833908081055,940882
ELK,ELK.OL,2024-09-06,18.030000686645508,18.030000686645508,16.75,17.170000076293945,16.886978149414062,4907177
ELK,ELK.OL,2024-09-09,17.139999389648438,17.139999389648438,16.65999984741211,16.93000030517578,16.65093421936035,2375673
ELK,ELK.OL,2024-09-10,16.950000762939453,17.239999771118164,16.56999969482422,16.59000015258789,16.316537857055664,1138242
ELK,ELK.OL,2024-09-11,16.739999771118164,17.06999969482422,16.600000381469727,16.649999618530273,16.37554931640625,1036580
ELK,ELK.OL,2024-09-12,17.0,17.149999618530273,16.739999771118164,16.860000610351562,16.582088470458984,1157520
ELK,ELK.OL,2024-09-13,16.860000610351562,17.229999542236328,16.860000610351562,17.149999618530273,16.867307662963867,1440821
ELK,ELK.OL,2024-09-16,17.200000762939453,17.200000762939453,16.920000076293945,17.0,16.71977996826172,975166
ELK,ELK.OL,2024-09-17,17.049999237060547,17.309999465942383,17.0,17.309999465942383,17.024669647216797,1168024
ELK,ELK.OL,2024-09-18,17.15999984741211,17.280000686645508,17.06999969482422,17.1299991607666,16.84763526916504,681062
ELK,ELK.OL,2024-09-19,17.299999237060547,17.920000076293945,17.299999237060547,17.610000610351562,17.319725036621094,1104369
ELK,ELK.OL,2024-09-20,17.6200008392334,17.6299991607666,17.190000534057617,17.280000686645508,16.99516487121582,1279894
ELK,ELK.OL,2024-09-23,17.3799991607666,17.3799991607666,17.020000457763672,17.290000915527344,17.005001068115234,867855
ELK,ELK.OL,2024-09-24,17.8799991607666,18.489999771118164,17.809999465942383,18.18000030517578,17.880329132080078,2541681
ELK,ELK.OL,2024-09-25,18.31999969482422,18.489999771118164,17.90999984741211,18.209999084472656,17.909833908081055,1596239
ELK,ELK.OL,2024-09-26,18.479999542236328,18.799999237060547,17.860000610351562,18.700000762939453,18.39175796508789,2272496
ELK,ELK.OL,2024-09-27,18.850000381469727,19.920000076293945,18.84000015258789,19.829999923706055,19.503131866455078,2861732
ELK,ELK.OL,2024-09-30,19.940000534057617,20.520000457763672,19.81999969482422,20.5,20.162086486816406,1656652
ELK,ELK.OL,2024-10-01,20.200000762939453,20.739999771118164,20.200000762939453,20.479999542236328,20.14241600036621,981438
ELK,ELK.OL,2024-10-02,20.399999618530273,20.959999084472656,20.280000686645508,20.81999969482422,20.4768123626709,931801
ELK,ELK.OL,2024-10-03,20.799999237060547,20.799999237060547,20.239999771118164,20.579999923706055,20.240768432617188,684945
ELK,ELK.OL,2024-10-04,20.600000381469727,20.8799991607666,20.5,20.799999237060547,20.457141876220703,933214
ELK,ELK.OL,2024-10-07,20.799999237060547,21.219999313354492,20.68000030517578,21.219999313354492,20.87021827697754,1034289
ELK,ELK.OL,2024-10-08,21.0,21.0,20.5,20.600000381469727,20.260438919067383,748096
ELK,ELK.OL,2024-10-09,20.5,21.0,20.219999313354492,20.899999618530273,20.55549430847168,726057
ELK,ELK.OL,2024-10-10,21.0,21.360000610351562,21.0,21.18000030517578,20.83087921142578,585479
ELK,ELK.OL,2024-10-11,21.0,21.639999389648438,21.0,21.559999465942383,21.204614639282227,894163
ELK,ELK.OL,2024-10-14,21.200000762939453,21.5,21.079999923706055,21.15999984741211,20.811208724975586,662217
ELK,ELK.OL,2024-10-15,21.0,21.020000457763672,19.81999969482422,19.889999389648438,19.56214141845703,1483572
ELK,ELK.OL,2024-10-16,19.790000915527344,20.0,19.190000534057617,19.31999969482422,19.001537322998047,980695
ELK,ELK.OL,2024-10-17,19.170000076293945,19.459999084472656,19.100000381469727,19.260000228881836,18.942527770996094,1202087
ELK,ELK.OL,2024-10-18,19.5,19.5,19.020000457763672,19.020000457763672,18.706483840942383,2355589
ELK,ELK.OL,2024-10-21,19.200000762939453,19.3700008392334,18.780000686645508,18.780000686645508,18.470439910888672,1528093
ELK,ELK.OL,2024-10-22,18.799999237060547,18.899999618530273,18.59000015258789,18.739999771118164,18.43109893798828,983486
ELK,ELK.OL,2024-10-23,18.690000534057617,19.049999237060547,18.579999923706055,18.899999618530273,18.58846092224121,720291
ELK,ELK.OL,2024-10-24,19.850000381469727,20.780000686645508,19.030000686645508,19.030000686645508,18.716318130493164,3557226
ELK,ELK.OL,2024-10-25,19.030000686645508,19.190000534057617,18.209999084472656,18.809999465942383,18.49994468688965,2564399
ELK,ELK.OL,2024-10-28,18.809999465942383,18.809999465942383,18.25,18.549999237060547,18.244230270385742,908870
ELK,ELK.OL,2024-10-29,18.600000381469727,18.860000610351562,18.360000610351562,18.510000228881836,18.20488929748535,855476
ELK,ELK.OL,2024-10-30,18.5,18.56999969482422,18.270000457763672,18.290000915527344,17.98851776123047,684371
ELK,ELK.OL,2024-10-31,18.25,18.299999237060547,17.899999618530273,17.940000534057617,17.644285202026367,933296
ELK,ELK.OL,2024-11-01,18.100000381469727,18.1299991607666,17.649999618530273,17.75,17.457416534423828,1478068
ELK,ELK.OL,2024-11-04,17.719999313354492,18.260000228881836,17.6299991607666,18.0,17.703296661376953,573113
ELK,ELK.OL,2024-11-05,18.040000915527344,18.09000015258789,17.90999984741211,18.010000228881836,17.713130950927734,257991
ELK,ELK.OL,2024-11-06,17.719999313354492,18.459999084472656,17.520000457763672,17.65999984741211,17.368900299072266,827428
ELK,ELK.OL,2024-11-07,17.690000534057617,18.1200008392334,17.670000076293945,18.040000915527344,17.742637634277344,861207
ELK,ELK.OL,2024-11-08,18.020000457763672,18.040000915527344,17.6299991607666,17.829999923706055,17.53609848022461,2547278
ELK,ELK.OL,2024-11-11,17.969999313354492,18.280000686645508,17.899999618530273,18.15999984741211,17.860658645629883,548485
ELK,ELK.OL,2024-11-12,18.030000686645508,18.200000762939453,17.8799991607666,18.040000915527344,17.742637634277344,1276912
ELK,ELK.OL,2024-11-13,18.0,18.079999923706055,17.15999984741211,17.190000534057617,16.906648635864258,1311769
ELK,ELK.OL,2024-11-14,17.270000457763672,17.489999771118164,17.049999237060547,17.479999542236328,17.19186782836914,965034
ELK,ELK.OL,2024-11-15,17.420000076293945,18.219999313354492,17.420000076293945,18.06999969482422,17.77214241027832,683771
ELK,ELK.OL,2024-11-18,18.049999237060547,18.229999542236328,17.809999465942383,18.030000686645508,17.73280143737793,419179
ELK,ELK.OL,2024-11-19,18.030000686645508,18.229999542236328,17.68000030517578,18.020000457763672,17.72296714782715,547334
ELK,ELK.OL,2024-11-20,18.100000381469727,18.260000228881836,18.010000228881836,18.1299991607666,17.831151962280273,584442
ELK,ELK.OL,2024-11-21,18.110000610351562,18.18000030517578,17.84000015258789,18.040000915527344,17.742637634277344,694436
ELK,ELK.OL,2024-11-22,18.0,18.229999542236328,17.780000686645508,18.219999313354492,17.919668197631836,871684
ELK,ELK.OL,2024-11-25,18.309999465942383,18.549999237060547,18.200000762939453,18.25,17.949174880981445,850049
ELK,ELK.OL,2024-11-26,18.350000381469727,18.350000381469727,18.030000686645508,18.079999923706055,17.7819766998291,446393
ELK,ELK.OL,2024-11-27,18.1200008392334,18.329999923706055,18.09000015258789,18.239999771118164,17.939340591430664,493759
ELK,ELK.OL,2024-11-28,18.350000381469727,18.579999923706055,18.15999984741211,18.3799991607666,18.0770320892334,567135
ELK,ELK.OL,2024-11-29,18.420000076293945,18.579999923706055,18.18000030517578,18.209999084472656,17.909833908081055,322416
ELK,ELK.OL,2024-12-02,18.25,18.399999618530273,18.18000030517578,18.3700008392334,18.067197799682617,760568
ELK,ELK.OL,2024-12-03,18.43000030517578,18.670000076293945,18.43000030517578,18.510000228881836,18.20488929748535,461409
ELK,ELK.OL,2024-12-04,18.600000381469727,18.899999618530273,18.600000381469727,18.719999313354492,18.411426544189453,655258
ELK,ELK.OL,2024-12-05,18.979999542236328,18.979999542236328,18.700000762939453,18.81999969482422,18.50977897644043,509311
ELK,ELK.OL,2024-12-06,18.81999969482422,18.899999618530273,18.549999237060547,18.65999984741211,18.3524169921875,517213
ELK,ELK.OL,2024-12-09,18.65999984741211,19.25,18.65999984741211,18.950000762939453,18.637638092041016,793992
ELK,ELK.OL,2024-12-10,18.90999984741211,18.920000076293945,18.639999389648438,18.709999084472656,18.401592254638672,424234
ELK,ELK.OL,2024-12-11,18.709999084472656,18.860000610351562,18.540000915527344,18.739999771118164,18.43109893798828,292781
ELK,ELK.OL,2024-12-12,18.6200008392334,18.959999084472656,18.549999237060547,18.6200008392334,18.313077926635742,416319
ELK,ELK.OL,2024-12-13,18.559999465942383,18.559999465942383,18.1200008392334,18.209999084472656,17.909833908081055,512678
ELK,ELK.OL,2024-12-16,18.260000228881836,18.479999542236328,18.079999923706055,18.450000762939453,18.1458797454834,515465
ELK,ELK.OL,2024-12-17,18.450000762939453,18.600000381469727,18.350000381469727,18.469999313354492,18.16554832458496,389293
ELK,ELK.OL,2024-12-18,18.450000762939453,18.450000762939453,17.219999313354492,17.360000610351562,17.0738468170166,3650253
ELK,ELK.OL,2024-12-19,17.149999618530273,17.170000076293945,16.809999465942383,16.989999771118164,16.709943771362305,1602415
ELK,ELK.OL,2024-12-20,16.940000534057617,17.1200008392334,16.68000030517578,17.1200008392334,16.83780288696289,2029604
ELK,ELK.OL,2024-12-23,17.059999465942383,17.350000381469727,17.0,17.290000915527344,17.005001068115234,603631
ELK,ELK.OL,2024-12-27,17.309999465942383,17.639999389648438,17.299999237060547,17.489999771118164,17.201702117919922,692188
ELK,ELK.OL,2024-12-30,17.489999771118164,17.540000915527344,17.299999237060547,17.520000457763672,17.23120880126953,925285
ELK,ELK.OL,2025-01-02,17.350000381469727,17.84000015258789,17.350000381469727,17.489999771118164,17.201702117919922,901468
ELK,ELK.OL,2025-01-03,17.600000381469727,17.600000381469727,17.280000686645508,17.450000762939453,17.162363052368164,777190
ELK,ELK.OL,2025-01-06,17.459999084472656,17.760000228881836,17.309999465942383,17.40999984741211,17.123022079467773,845890
ELK,ELK.OL,2025-01-07,17.450000762939453,17.520000457763672,17.309999465942383,17.31999969482422,17.034503936767578,537498
ELK,ELK.OL,2025-01-08,17.25,17.25,16.90999984741211,17.059999465942383,16.778789520263672,1263096
ELK,ELK.OL,2025-01-09,16.989999771118164,17.34000015258789,16.989999771118164,17.34000015258789,17.054176330566406,754679
ELK,ELK.OL,2025-01-10,17.34000015258789,17.5,17.059999465942383,17.110000610351562,16.827966690063477,870570
ELK,ELK.OL,2025-01-13,17.010000228881836,17.149999618530273,16.75,16.959999084472656,16.680438995361328,1266499
ELK,ELK.OL,2025-01-14,16.959999084472656,17.420000076293945,16.959999084472656,17.229999542236328,16.945987701416016,935153
ELK,ELK.OL,2025-01-15,17.229999542236328,17.719999313354492,17.190000534057617,17.649999618530273,17.35906410217285,1155075
ELK,ELK.OL,2025-01-16,17.600000381469727,17.770000457763672,16.969999313354492,16.969999313354492,16.69027328491211,1502274
ELK,ELK.OL,2025-01-17,17.010000228881836,17.09000015258789,16.75,16.829999923706055,16.552581787109375,2058644
ELK,ELK.OL,2025-01-20,16.829999923706055,16.93000030517578,16.729999542236328,16.8700008392334,16.591922760009766,938619
ELK,ELK.OL,2025-01-21,16.850000381469727,16.889999389648438,16.729999542236328,16.75,16.473899841308594,1006777
ELK,ELK.OL,2025-01-22,16.799999237060547,16.799999237060547,16.5,16.579999923706055,16.306703567504883,1722021
ELK,ELK.OL,2025-01-23,17.40999984741211,20.139999389648438,17.40999984741211,19.600000381469727,19.27692222595215,11672068
ELK,ELK.OL,2025-01-24,20.0,20.3799991607666,19.450000762939453,19.559999465942383,19.237581253051758,2485705
ELK,ELK.OL,2025-01-27,20.260000228881836,21.959999084472656,20.040000915527344,21.959999084472656,21.598020553588867,4466199
ELK,ELK.OL,2025-01-28,21.899999618530273,22.6200008392334,21.420000076293945,22.399999618530273,22.0307674407959,3483212
ELK,ELK.OL,2025-01-29,22.299999237060547,22.639999389648438,22.0,22.600000381469727,22.22747230529785,1348971
ELK,ELK.OL,2025-01-30,22.639999389648438,22.8799991607666,22.280000686645508,22.84000015258789,22.463516235351562,1142441
ELK,ELK.OL,2025-01-31,22.84000015258789,22.84000015258789,21.959999084472656,22.31999969482422,21.95208740234375,2239899
ELK,ELK.OL,2025-02-03,21.360000610351562,21.639999389648438,20.799999237060547,20.899999618530273,20.55549430847168,1698783
ELK,ELK.OL,2025-02-04,21.520000457763672,22.219999313354492,21.34000015258789,21.940000534057617,21.578351974487305,1633728
ELK,ELK.OL,2025-02-05,22.280000686645508,22.5,21.700000762939453,21.700000762939453,21.342308044433594,1360123
ELK,ELK.OL,2025-02-06,21.81999969482422,22.3799991607666,21.719999313354492,22.360000610351562,21.99142837524414,846456
ELK,ELK.OL,2025-02-07,22.399999618530273,22.5,21.8799991607666,22.059999465942383,21.696372985839844,646617
ELK,ELK.OL,2025-02-10,22.059999465942383,22.700000762939453,21.899999618530273,22.239999771118164,21.87340545654297,1205406
ELK,ELK.OL,2025-02-11,22.139999389648438,22.719999313354492,22.0,22.540000915527344,22.168460845947266,1031795
ELK,ELK.OL,2025-02-12,21.299999237060547,22.200000762939453,20.639999389648438,21.239999771118164,20.889888763427734,5408779
ELK,ELK.OL,2025-02-13,21.65999984741211,22.6200008392334,21.65999984741211,22.579999923706055,22.207801818847656,2703987
ELK,ELK.OL,2025-02-14,22.719999313354492,23.100000381469727,22.420000076293945,22.899999618530273,22.522525787353516,1290129
ELK,ELK.OL,2025-02-17,22.719999313354492,23.219999313354492,22.520000457763672,23.18000030517578,22.79791259765625,947226
ELK,ELK.OL,2025-02-18,23.0,23.299999237060547,22.799999237060547,23.200000762939453,22.817583084106445,606398
ELK,ELK.OL,2025-02-19,23.31999969482422,23.5,23.059999465942383,23.15999984741211,22.778240203857422,475295
ELK,ELK.OL,2025-02-20,23.0,23.5,22.940000534057617,23.299999237060547,22.915931701660156,1250027
ELK,ELK.OL,2025-02-21,23.440000534057617,24.139999389648438,23.440000534057617,23.639999389648438,23.250328063964844,1903972
ELK,ELK.OL,2025-02-24,23.5,23.559999465942383,22.8799991607666,22.959999084472656,22.5815372467041,861909
ELK,ELK.OL,2025-02-25,22.920000076293945,23.200000762939453,22.920000076293945,22.979999542236328,22.601207733154297,489434
ELK,ELK.OL,2025-02-26,23.34000015258789,23.34000015258789,23.100000381469727,23.15999984741211,22.778240203857422,396065
ELK,ELK.OL,2025-02-27,22.940000534057617,23.1200008392334,22.700000762939453,22.780000686645508,22.404504776000977,918422
ELK,ELK.OL,2025-02-28,22.520000457763672,22.959999084472656,22.139999389648438,22.760000228881836,22.38483428955078,970675
ELK,ELK.OL,2025-03-03,22.719999313354492,22.940000534057617,22.5,22.65999984741211,22.286481857299805,489137
ELK,ELK.OL,2025-03-04,22.239999771118164,22.239999771118164,21.81999969482422,21.81999969482422,21.460329055786133,1243941
ELK,ELK.OL,2025-03-05,22.260000228881836,23.079999923706055,22.260000228881836,22.579999923706055,22.207801818847656,939561
ELK,ELK.OL,2025-03-06,22.399999618530273,23.100000381469727,22.399999618530273,22.940000534057617,22.56186866760254,826803
ELK,ELK.OL,2025-03-07,23.0,23.399999618530273,22.899999618530273,23.200000762939453,22.817583084106445,682380
ELK,ELK.OL,2025-03-10,23.200000762939453,23.360000610351562,22.899999618530273,22.940000534057617,22.56186866760254,666638
ELK,ELK.OL,2025-03-11,22.65999984741211,23.059999465942383,22.299999237060547,22.6200008392334,22.247142791748047,786307
ELK,ELK.OL,2025-03-12,22.81999969482422,22.959999084472656,22.34000015258789,22.399999618530273,22.0307674407959,366969
ELK,ELK.OL,2025-03-13,22.459999084472656,22.899999618530273,22.280000686645508,22.459999084472656,22.089778900146484,571081
ELK,ELK.OL,2025-03-14,22.8799991607666,23.440000534057617,22.440000534057617,23.239999771118164,22.856922149658203,757827
ELK,ELK.OL,2025-03-17,23.399999618530273,23.65999984741211,23.219999313354492,23.5,23.11263656616211,699032
ELK,ELK.OL,2025-03-18,23.65999984741211,24.15999984741211,23.34000015258789,23.520000457763672,23.132307052612305,881601
ELK,ELK.OL,2025-03-19,23.100000381469727,23.360000610351562,22.920000076293945,23.079999923706055,22.699560165405273,863104
ELK,ELK.OL,2025-03-20,23.100000381469727,23.31999969482422,22.5,22.559999465942383,22.18813133239746,658217
ELK,ELK.OL,2025-03-21,22.700000762939453,22.739999771118164,21.940000534057617,22.579999923706055,22.207801818847656,10004478
ELK,ELK.OL,2025-03-24,22.700000762939453,22.700000762939453,22.079999923706055,22.18000030517578,21.814395904541016,534268
ELK,ELK.OL,2025-03-25,22.0,22.200000762939453,21.81999969482422,21.959999084472656,21.598020553588867,525503
ELK,ELK.OL,2025-03-26,22.0,22.579999923706055,21.940000534057617,22.34000015258789,21.971757888793945,419367
ELK,ELK.OL,2025-03-27,22.299999237060547,22.299999237060547,21.719999313354492,21.8799991607666,21.519338607788086,444768
ELK,ELK.OL,2025-03-28,22.0,22.139999389648438,21.399999618530273,21.5,21.14560317993164,636103
ELK,ELK.OL,2025-03-31,21.219999313354492,21.219999313354492,20.760000228881836,20.8799991607666,20.53582191467285,564500
ELK,ELK.OL,2025-04-01,20.979999542236328,21.31999969482422,20.799999237060547,20.799999237060547,20.457141876220703,572538
ELK,ELK.OL,2025-04-02,20.719999313354492,20.799999237060547,20.360000610351562,20.559999465942383,20.221097946166992,716776
ELK,ELK.OL,2025-04-03,19.770000457763672,20.459999084472656,19.540000915527344,19.670000076293945,19.345767974853516,649367
ELK,ELK.OL,2025-04-04,19.520000457763672,19.739999771118164,18.84000015258789,18.950000762939453,18.637638092041016,1164108
ELK,ELK.OL,2025-04-07,17.440000534057617,18.68000030517578,17.0,18.489999771118164,18.185218811035156,2292653
ELK,ELK.OL,2025-04-08,18.5,18.940000534057617,17.75,18.6200008392334,18.313077926635742,1560213
ELK,ELK.OL,2025-04-09,17.899999618530273,18.93000030517578,17.6200008392334,18.489999771118164,18.185218811035156,1216020
ELK,ELK.OL,2025-04-10,20.299999237060547,20.299999237060547,17.920000076293945,17.920000076293945,17.624614715576172,2369008
ELK,ELK.OL,2025-04-11,17.969999313354492,18.399999618530273,17.860000610351562,18.170000076293945,17.870494842529297,614829
ELK,ELK.OL,2025-04-14,18.700000762939453,18.709999084472656,18.190000534057617,18.5,18.19505500793457,1212137
ELK,ELK.OL,2025-04-15,18.510000228881836,19.15999984741211,18.510000228881836,19.0,18.686813354492188,599751
ELK,ELK.OL,2025-04-16,18.899999618530273,18.899999618530273,18.190000534057617,18.59000015258789,18.283571243286133,728372
ELK,ELK.OL,2025-04-22,18.700000762939453,18.709999084472656,18.200000762939453,18.280000686645508,17.978681564331055,626166
ELK,ELK.OL,2025-04-23,18.6200008392334,19.5,18.6200008392334,19.0,18.686813354492188,926267
ELK,ELK.OL,2025-04-24,18.920000076293945,19.309999465942383,18.719999313354492,19.139999389648438,18.824504852294922,461726
ELK,ELK.OL,2025-04-25,19.440000534057617,19.59000015258789,19.190000534057617,19.239999771118164,18.9228572845459,501537
ELK,ELK.OL,2025-04-28,19.469999313354492,20.0,19.469999313354492,19.809999465942383,19.483461380004883,937424
ELK,ELK.OL,2025-04-29,19.799999237060547,19.959999084472656,19.600000381469727,19.700000762939453,19.375274658203125,695763
ELK,ELK.OL,2025-04-30,19.700000762939453,19.700000762939453,18.09000015258789,18.200000762939453,17.899999618530273,2619604
ELK,ELK.OL,2025-05-02,18.399999618530273,18.59000015258789,18.0,18.100000381469727,18.100000381469727,1561312
ELK,ELK.OL,2025-05-05,18.100000381469727,18.579999923706055,18.0,18.31999969482422,18.31999969482422,739493
ELK,ELK.OL,2025-05-06,18.280000686645508,18.579999923706055,18.110000610351562,18.190000534057617,18.190000534057617,611571
ELK,ELK.OL,2025-05-07,18.09000015258789,18.420000076293945,17.850000381469727,18.31999969482422,18.31999969482422,629730
ELK,ELK.OL,2025-05-08,18.360000610351562,18.81999969482422,18.110000610351562,18.690000534057617,18.690000534057617,1132432
ELK,ELK.OL,2025-05-09,18.899999618530273,19.170000076293945,18.709999084472656,18.920000076293945,18.920000076293945,767327
ELK,ELK.OL,2025-05-12,19.43000030517578,20.299999237060547,19.25,19.940000534057617,19.940000534057617,1593388
ELK,ELK.OL,2025-05-13,19.979999542236328,20.15999984741211,19.770000457763672,19.770000457763672,19.770000457763672,657402
ELK,ELK.OL,2025-05-14,20.020000457763672,20.100000381469727,19.479999542236328,20.079999923706055,20.079999923706055,987615
ELK,ELK.OL,2025-05-15,20.1200008392334,20.1200008392334,19.360000610351562,19.559999465942383,19.559999465942383,741103
ELK,ELK.OL,2025-05-16,19.6200008392334,19.799999237060547,19.469999313354492,19.549999237060547,19.549999237060547,599541
ELK,ELK.OL,2025-05-19,19.540000915527344,19.709999084472656,19.149999618530273,19.6299991607666,19.6299991607666,902209
ELK,ELK.OL,2025-05-20,19.600000381469727,19.790000915527344,19.229999542236328,19.700000762939453,19.700000762939453,760420
ELK,ELK.OL,2025-05-21,19.809999465942383,19.809999465942383,19.15999984741211,19.350000381469727,19.350000381469727,508489
ELK,ELK.OL,2025-05-22,19.239999771118164,19.299999237060547,18.709999084472656,18.920000076293945,18.920000076293945,1049008
ELK,ELK.OL,2025-05-23,18.920000076293945,19.360000610351562,18.639999389648438,18.93000030517578,18.93000030517578,749542
ELK,ELK.OL,2025-05-26,19.110000610351562,19.40999984741211,18.950000762939453,19.049999237060547,19.049999237060547,326784
ELK,ELK.OL,2025-05-27,19.100000381469727,19.600000381469727,18.90999984741211,19.389999389648438,19.389999389648438,656285
ELK,ELK.OL,2025-05-28,19.399999618530273,20.040000915527344,19.299999237060547,19.739999771118164,19.739999771118164,1148071
ELK,ELK.OL,2025-05-30,19.959999084472656,19.959999084472656,19.5,19.65999984741211,19.65999984741211,1150694
ELK,ELK.OL,2025-06-02,19.799999237060547,20.239999771118164,19.450000762939453,19.90999984741211,19.90999984741211,1143759
ELK,ELK.OL,2025-06-03,20.0,20.0,19.440000534057617,19.649999618530273,19.649999618530273,1088252
ELK,ELK.OL,2025-06-04,19.899999618530273,20.3799991607666,19.8700008392334,20.1200008392334,20.1200008392334,669477
ELK,ELK.OL,2025-06-05,20.280000686645508,20.459999084472656,19.950000762939453,20.020000457763672,20.020000457763672,851258
ELK,ELK.OL,2025-06-06,20.020000457763672,20.940000534057617,20.020000457763672,20.68000030517578,20.68000030517578,1410432
ELK,ELK.OL,2025-06-10,20.84000015258789,21.700000762939453,20.84000015258789,21.5,21.5,1738438
ELK,ELK.OL,2025-06-11,21.559999465942383,22.440000534057617,21.559999465942383,22.0,22.0,1424962
ELK,ELK.OL,2025-06-12,21.959999084472656,22.700000762939453,21.65999984741211,22.5,22.5,1731738
ELK,ELK.OL,2025-06-13,22.5,22.5,21.899999618530273,22.239999771118164,22.239999771118164,1344575
ELK,ELK.OL,2025-06-16,22.239999771118164,23.059999465942383,22.219999313354492,22.8799991607666,22.8799991607666,1239438
ELK,ELK.OL,2025-06-17,23.0,23.34000015258789,22.639999389648438,23.15999984741211,23.15999984741211,1598847
ELK,ELK.OL,2025-06-18,23.5,23.5,22.559999465942383,22.760000228881836,22.760000228881836,1285790
ELK,ELK.OL,2025-06-19,22.479999542236328,23.399999618530273,22.399999618530273,23.0,23.0,786657
ELK,ELK.OL,2025-06-20,23.299999237060547,23.420000076293945,22.81999969482422,23.239999771118164,23.239999771118164,1042724
ELK,ELK.OL,2025-06-23,23.280000686645508,23.360000610351562,22.84000015258789,23.020000457763672,23.020000457763672,1055905
ELK,ELK.OL,2025-06-24,23.219999313354492,23.84000015258789,23.1200008392334,23.540000915527344,23.540000915527344,951848
ELK,ELK.OL,2025-06-25,23.700000762939453,24.479999542236328,23.600000381469727,23.780000686645508,23.780000686645508,1535159
ELK,ELK.OL,2025-06-26,23.739999771118164,23.81999969482422,23.219999313354492,23.399999618530273,23.399999618530273,689182
ELK,ELK.OL,2025-06-27,23.540000915527344,24.059999465942383,23.540000915527344,23.799999237060547,23.799999237060547,655526
ELK,ELK.OL,2025-06-30,23.940000534057617,24.020000457763672,23.520000457763672,23.700000762939453,23.700000762939453,1037062
ELK,ELK.OL,2025-07-01,23.81999969482422,23.899999618530273,23.420000076293945,23.780000686645508,23.780000686645508,438926
ELK,ELK.OL,2025-07-02,23.700000762939453,24.280000686645508,23.18000030517578,24.18000030517578,24.18000030517578,1431781
ELK,ELK.OL,2025-07-03,24.399999618530273,24.760000228881836,24.100000381469727,24.5,24.5,1113148
ELK,ELK.OL,2025-07-04,24.440000534057617,24.440000534057617,23.899999618530273,23.899999618530273,23.899999618530273,522771
ELK,ELK.OL,2025-07-07,23.799999237060547,24.459999084472656,23.799999237060547,24.15999984741211,24.15999984741211,910450
ELK,ELK.OL,2025-07-08,24.479999542236328,24.899999618530273,24.15999984741211,24.81999969482422,24.81999969482422,1549232
ELK,ELK.OL,2025-07-09,24.860000610351562,25.5,24.760000228881836,25.15999984741211,25.15999984741211,1659303
ELK,ELK.OL,2025-07-10,25.239999771118164,25.31999969482422,24.440000534057617,24.639999389648438,24.639999389648438,1087892
ELK,ELK.OL,2025-07-11,21.899999618530273,22.979999542236328,21.3799991607666,22.600000381469727,22.600000381469727,4480431
ELK,ELK.OL,2025-07-14,22.200000762939453,23.959999084472656,22.139999389648438,23.6200008392334,23.6200008392334,1939104
ELK,ELK.OL,2025-07-15,23.739999771118164,23.739999771118164,23.020000457763672,23.34000015258789,23.34000015258789,819171
ELK,ELK.OL,2025-07-16,23.520000457763672,24.459999084472656,23.479999542236328,24.139999389648438,24.139999389648438,1425612
ELK,ELK.OL,2025-07-17,24.540000915527344,24.979999542236328,24.5,24.639999389648438,24.639999389648438,1078141
ELK,ELK.OL,2025-07-18,24.959999084472656,25.260000228881836,24.440000534057617,24.440000534057617,24.440000534057617,1340446
ELK,ELK.OL,2025-07-21,24.3799991607666,24.940000534057617,24.299999237060547,24.5,24.5,643059
ELK,ELK.OL,2025-07-22,24.5,24.84000015258789,24.200000762939453,24.84000015258789,24.84000015258789,655315
ELK,ELK.OL,2025-07-23,25.040000915527344,25.959999084472656,25.040000915527344,25.8799991607666,25.8799991607666,2515411
ELK,ELK.OL,2025-07-24,25.959999084472656,26.15999984741211,25.600000381469727,25.940000534057617,25.940000534057617,1333916
ELK,ELK.OL,2025-07-25,25.959999084472656,25.959999084472656,24.299999237060547,24.559999465942383,24.559999465942383,2596587
ELK,ELK.OL,2025-07-28,24.920000076293945,25.280000686645508,24.799999237060547,24.8799991607666,24.8799991607666,867318
ELK,ELK.OL,2025-07-29,24.940000534057617,25.18000030517578,24.639999389648438,24.700000762939453,24.700000762939453,665352
ELK,ELK.OL,2025-07-30,24.760000228881836,24.979999542236328,24.579999923706055,24.65999984741211,24.65999984741211,510465
ELK,ELK.OL,2025-07-31,24.5,24.65999984741211,24.040000915527344,24.1200008392334,24.1200008392334,914557
ELK,ELK.OL,2025-08-01,24.360000610351562,25.100000381469727,24.299999237060547,24.68000030517578,24.68000030517578,1594307
ELK,ELK.OL,2025-08-04,24.8799991607666,25.040000915527344,24.65999984741211,24.65999984741211,24.65999984741211,1102942
ELK,ELK.OL,2025-08-05,24.799999237060547,25.420000076293945,24.600000381469727,25.0,25.0,1604775
ELK,ELK.OL,2025-08-06,25.299999237060547,25.3799991607666,24.459999084472656,24.459999084472656,24.459999084472656,930829
ELK,ELK.OL,2025-08-07,24.5,24.8799991607666,24.299999237060547,24.639999389648438,24.639999389648438,1413102
ELK,ELK.OL,2025-08-08,24.639999389648438,25.399999618530273,24.440000534057617,25.299999237060547,25.299999237060547,1094088
ELK,ELK.OL,2025-08-11,25.399999618530273,25.399999618530273,25.0,25.18000030517578,25.18000030517578,761283
ELK,ELK.OL,2025-08-12,25.299999237060547,26.299999237060547,24.959999084472656,26.299999237060547,26.299999237060547,1584304
ELK,ELK.OL,2025-08-13,26.440000534057617,26.5,25.559999465942383,25.600000381469727,25.600000381469727,1959964
ELK,ELK.OL,2025-08-14,25.81999969482422,25.959999084472656,25.5,25.719999313354492,25.719999313354492,744599
ELK,ELK.OL,2025-08-15,25.959999084472656,26.280000686645508,25.68000030517578,25.84000015258789,25.84000015258789,789208
ELK,ELK.OL,2025-08-18,26.0,26.0,25.299999237060547,25.299999237060547,25.299999237060547,718939
ELK,ELK.OL,2025-08-19,25.139999389648438,25.760000228881836,24.799999237060547,25.520000457763672,25.520000457763672,1186972
ELK,ELK.OL,2025-08-20,25.399999618530273,25.959999084472656,25.3799991607666,25.84000015258789,25.84000015258789,873638
ELK,ELK.OL,2025-08-21,25.8799991607666,25.899999618530273,25.459999084472656,25.559999465942383,25.559999465942383,628627
ELK,ELK.OL,2025-08-22,25.700000762939453,26.100000381469727,25.540000915527344,25.799999237060547,25.799999237060547,825995
ELK,ELK.OL,2025-08-25,25.799999237060547,26.059999465942383,25.700000762939453,25.959999084472656,25.959999084472656,473547
ELK,ELK.OL,2025-08-26,25.979999542236328,25.979999542236328,25.579999923706055,25.940000534057617,25.940000534057617,773049
ELK,ELK.OL,2025-08-27,25.899999618530273,25.899999618530273,25.31999969482422,25.440000534057617,25.440000534057617,733586
ELK,ELK.OL,2025-08-28,25.5,26.0,25.459999084472656,25.639999389648438,25.639999389648438,916255
ELK,ELK.OL,2025-08-29,25.700000762939453,25.799999237060547,25.459999084472656,25.600000381469727,25.600000381469727,291076
ELK,ELK.OL,2025-09-01,25.299999237060547,25.34000015258789,24.799999237060547,25.1200008392334,25.1200008392334,1023878
ELK,ELK.OL,2025-09-02,25.0,25.200000762939453,24.34000015258789,24.34000015258789,24.34000015258789,794601
ELK,ELK.OL,2025-09-03,24.360000610351562,24.940000534057617,24.299999237060547,24.700000762939453,24.700000762939453,721285
ELK,ELK.OL,2025-09-04,24.719999313354492,25.040000915527344,24.579999923706055,24.65999984741211,24.65999984741211,401936
ELK,ELK.OL,2025-09-05,24.700000762939453,25.18000030517578,24.700000762939453,25.040000915527344,25.040000915527344,403072
ELK,ELK.OL,2025-09-08,25.100000381469727,25.360000610351562,24.860000610351562,25.18000030517578,25.18000030517578,453610
ELK,ELK.OL,2025-09-09,25.200000762939453,25.479999542236328,25.139999389648438,25.239999771118164,25.239999771118164,437203
ELK,ELK.OL,2025-09-10,25.299999237060547,25.299999237060547,24.760000228881836,24.760000228881836,24.760000228881836,293142
ELK,ELK.OL,2025-09-11,24.799999237060547,24.959999084472656,24.559999465942383,24.719999313354492,24.719999313354492,410318
ELK,ELK.OL,2025-09-12,24.760000228881836,25.100000381469727,24.760000228881836,24.81999969482422,24.81999969482422,734864
ELK,ELK.OL,2025-09-15,24.899999618530273,25.1200008392334,24.780000686645508,25.059999465942383,25.059999465942383,573182
ELK,ELK.OL,2025-09-16,25.0,25.31999969482422,24.780000686645508,25.0,25.0,1026095
ELK,ELK.OL,2025-09-17,25.200000762939453,25.200000762939453,24.299999237060547,24.540000915527344,24.540000915527344,849724
ELK,ELK.OL,2025-09-18,25.860000610351562,27.079999923706055,25.200000762939453,26.799999237060547,26.799999237060547,5470480
ELK,ELK.OL,2025-09-19,27.200000762939453,27.200000762939453,25.520000457763672,25.81999969482422,25.81999969482422,3252857
ELK,ELK.OL,2025-09-22,25.81999969482422,25.81999969482422,25.040000915527344,25.040000915527344,25.040000915527344,1058539
ELK,ELK.OL,2025-09-23,25.100000381469727,25.739999771118164,25.100000381469727,25.5,25.5,920808
ELK,ELK.OL,2025-09-24,25.979999542236328,26.719999313354492,25.799999237060547,26.139999389648438,26.139999389648438,2715676
ELK,ELK.OL,2025-09-25,26.579999923706055,27.299999237060547,26.459999084472656,26.520000457763672,26.520000457763672,2961032
ELK,ELK.OL,2025-09-26,26.700000762939453,27.18000030517578,26.360000610351562,26.959999084472656,26.959999084472656,1603532
ELK,ELK.OL,2025-09-29,27.200000762939453,27.31999969482422,26.700000762939453,26.780000686645508,26.780000686645508,1475036
ELK,ELK.OL,2025-09-30,26.899999618530273,27.0,26.299999237060547,26.299999237060547,26.299999237060547,967939
ELK,ELK.OL,2025-10-01,26.479999542236328,26.81999969482422,26.15999984741211,26.600000381469727,26.600000381469727,774565
ELK,ELK.OL,2025-10-02,26.899999618530273,27.600000381469727,26.68000030517578,27.600000381469727,27.600000381469727,1583129
ELK,ELK.OL,2025-10-03,27.459999084472656,27.760000228881836,26.760000228881836,27.100000381469727,27.100000381469727,1256319
ELK,ELK.OL,2025-10-06,27.040000915527344,27.600000381469727,26.920000076293945,27.5,27.5,1129006
ELK,ELK.OL,2025-10-07,27.600000381469727,27.600000381469727,27.059999465942383,27.280000686645508,27.280000686645508,622462
ELK,ELK.OL,2025-10-08,27.479999542236328,27.600000381469727,27.040000915527344,27.18000030517578,27.18000030517578,1195446
ELK,ELK.OL,2025-10-09,27.260000228881836,27.579999923706055,27.100000381469727,27.299999237060547,27.299999237060547,728331
ELK,ELK.OL,2025-10-10,27.219999313354492,28.0,27.079999923706055,27.399999618530273,27.399999618530273,1701495
ELK,ELK.OL,2025-10-13,27.100000381469727,27.459999084472656,26.959999084472656,27.459999084472656,27.459999084472656,750842
ELK,ELK.OL,2025-10-14,27.280000686645508,27.420000076293945,26.600000381469727,27.239999771118164,27.239999771118164,1135786
ELK,ELK.OL,2025-10-15,27.959999084472656,28.799999237060547,27.84000015258789,28.719999313354492,28.719999313354492,2205264
ELK,ELK.OL,2025-10-16,29.0,29.280000686645508,28.31999969482422,28.399999618530273,28.399999618530273,1384423
ELK,ELK.OL,2025-10-17,28.299999237060547,28.420000076293945,27.780000686645508,28.260000228881836,28.260000228881836,906365
ELK,ELK.OL,2025-10-20,28.520000457763672,28.68000030517578,27.360000610351562,27.84000015258789,27.84000015258789,1302530
ELK,ELK.OL,2025-10-21,27.579999923706055,27.84000015258789,26.84000015258789,26.899999618530273,26.899999618530273,2158113
ELK,ELK.OL,2025-10-22,27.0,27.1200008392334,26.6200008392334,27.0,27.0,1301191
ELK,ELK.OL,2025-10-23,25.920000076293945,27.479999542236328,25.81999969482422,26.739999771118164,26.739999771118164,2547186
ELK,ELK.OL,2025-10-24,26.739999771118164,26.739999771118164,25.639999389648438,26.299999237060547,26.299999237060547,2871263
ELK,ELK.OL,2025-10-27,26.31999969482422,26.459999084472656,25.739999771118164,26.079999923706055,26.079999923706055,1008419
ELK,ELK.OL,2025-10-28,25.920000076293945,26.280000686645508,25.600000381469727,26.18000030517578,26.18000030517578,1073116
ELK,ELK.OL,2025-10-29,26.200000762939453,27.1200008392334,26.020000457763672,27.040000915527344,27.040000915527344,1560010
ELK,ELK.OL,2025-10-30,26.920000076293945,26.920000076293945,26.520000457763672,26.780000686645508,26.780000686645508,721060
ELK,ELK.OL,2025-10-31,27.0,27.0,26.280000686645508,26.68000030517578,26.68000030517578,708579
ELK,ELK.OL,2025-11-03,26.65999984741211,26.959999084472656,26.219999313354492,26.6200008392334,26.6200008392334,466181
ELK,ELK.OL,2025-11-04,26.399999618530273,26.399999618530273,25.8799991607666,26.0,26.0,1896508
ELK,ELK.OL,2025-11-05,26.0,26.079999923706055,25.6200008392334,26.0,26.0,718415
ELK,ELK.OL,2025-11-06,25.799999237060547,26.200000762939453,25.6200008392334,25.739999771118164,25.739999771118164,518165
ELK,ELK.OL,2025-11-07,25.639999389648438,25.799999237060547,25.3799991607666,25.479999542236328,25.479999542236328,1272708
ELK,ELK.OL,2025-11-10,25.739999771118164,26.0,25.579999923706055,26.0,26.0,719750
ELK,ELK.OL,2025-11-11,25.979999542236328,25.979999542236328,25.760000228881836,25.920000076293945,25.920000076293945,621470
ELK,ELK.OL,2025-11-12,25.979999542236328,26.15999984741211,24.200000762939453,25.520000457763672,25.520000457763672,2270610
ELK,ELK.OL,2025-11-13,25.079999923706055,26.600000381469727,25.079999923706055,26.440000534057617,26.440000534057617,2071155
ELK,ELK.OL,2025-11-14,26.399999618530273,26.520000457763672,26.0,26.440000534057617,26.440000534057617,696918
ELK,ELK.OL,2025-11-17,26.459999084472656,26.760000228881836,26.399999618530273,26.520000457763672,26.520000457763672,1066098
ELK,ELK.OL,2025-11-18,26.280000686645508,27.540000915527344,25.700000762939453,26.81999969482422,26.81999969482422,2609297
ELK,ELK.OL,2025-11-19,26.799999237060547,27.020000457763672,26.200000762939453,26.68000030517578,26.68000030517578,832491
ELK,ELK.OL,2025-11-20,26.84000015258789,27.040000915527344,26.299999237060547,26.760000228881836,26.760000228881836,517729
ELK,ELK.OL,2025-11-21,26.5,26.5,25.899999618530273,26.399999618530273,26.399999618530273,460011
ELK,ELK.OL,2025-11-24,26.34000015258789,26.399999618530273,25.84000015258789,26.219999313354492,26.219999313354492,1029850
ELK,ELK.OL,2025-11-25,26.18000030517578,26.700000762939453,26.15999984741211,26.700000762939453,26.700000762939453,421134
ELK,ELK.OL,2025-11-26,26.700000762939453,27.200000762939453,26.440000534057617,27.1200008392334,27.1200008392334,621044
ELK,ELK.OL,2025-11-27,27.0,27.700000762939453,27.0,27.700000762939453,27.700000762939453,613055
ELK,ELK.OL,2025-11-28,27.760000228881836,27.940000534057617,27.540000915527344,27.600000381469727,27.600000381469727,327517
ELK,ELK.OL,2025-12-01,27.020000457763672,27.799999237060547,27.020000457763672,27.799999237060547,27.799999237060547,330178
ELK,ELK.OL,2025-12-02,27.719999313354492,27.739999771118164,27.420000076293945,27.719999313354492,27.719999313354492,353179
ELK,ELK.OL,2025-12-03,27.739999771118164,28.200000762939453,27.719999313354492,27.81999969482422,27.81999969482422,517742
ELK,ELK.OL,2025-12-04,27.81999969482422,28.0,27.719999313354492,27.719999313354492,27.719999313354492,285146
ELK,ELK.OL,2025-12-05,27.719999313354492,28.239999771118164,27.65999984741211,27.920000076293945,27.920000076293945,421139
ELK,ELK.OL,2025-12-08,28.0,28.780000686645508,27.81999969482422,28.739999771118164,28.739999771118164,736891
ELK,ELK.OL,2025-12-09,28.399999618530273,28.68000030517578,28.280000686645508,28.65999984741211,28.65999984741211,804093
ELK,ELK.OL,2025-12-10,28.520000457763672,28.6200008392334,28.18000030517578,28.440000534057617,28.440000534057617,425787
ELK,ELK.OL,2025-12-11,28.5,28.8799991607666,27.860000610351562,27.899999618530273,27.899999618530273,730898
ELK,ELK.OL,2025-12-12,28.020000457763672,28.34000015258789,27.940000534057617,28.239999771118164,28.239999771118164,407168
ELK,ELK.OL,2025-12-15,28.200000762939453,28.399999618530273,27.8799991607666,27.940000534057617,27.940000534057617,488218
ELK,ELK.OL,2025-12-16,27.860000610351562,28.5,27.719999313354492,28.5,28.5,689570
ELK,ELK.OL,2025-12-17,28.5,28.780000686645508,28.139999389648438,28.760000228881836,28.760000228881836,690535
ELK,ELK.OL,2025-12-18,28.780000686645508,29.31999969482422,28.719999313354492,29.100000381469727,29.100000381469727,604636
ELK,ELK.OL,2025-12-19,29.34000015258789,29.399999618530273,29.059999465942383,29.260000228881836,29.260000228881836,997824
ELK,ELK.OL,2025-12-22,29.399999618530273,29.920000076293945,29.360000610351562,29.639999389648438,29.639999389648438,683274
ELK,ELK.OL,2025-12-23,29.6200008392334,29.700000762939453,29.200000762939453,29.5,29.5,700977
ELK,ELK.OL,2025-12-29,29.420000076293945,30.200000762939453,29.15999984741211,30.1200008392334,30.1200008392334,639157
ELK,ELK.OL,2025-12-30,30.0,30.6200008392334,30.0,30.479999542236328,30.479999542236328,673011
ELK,ELK.OL,2026-01-02,30.5,30.68000030517578,29.959999084472656,30.579999923706055,30.579999923706055,728872
ELK,ELK.OL,2026-01-05,30.68000030517578,31.079999923706055,30.18000030517578,30.280000686645508,30.280000686645508,2216459
ELK,ELK.OL,2026-01-06,30.219999313354492,31.31999969482422,30.219999313354492,31.0,31.0,1545602
ELK,ELK.OL,2026-01-07,31.399999618530273,31.600000381469727,30.739999771118164,30.899999618530273,30.899999618530273,932607
ELK,ELK.OL,2026-01-08,30.899999618530273,31.059999465942383,30.420000076293945,30.600000381469727,30.600000381469727,5158153
ELK,ELK.OL,2026-01-09,30.719999313354492,31.040000915527344,30.18000030517578,30.239999771118164,30.239999771118164,602226
ELK,ELK.OL,2026-01-12,30.200000762939453,30.579999923706055,29.920000076293945,30.34000015258789,30.34000015258789,503550
ELK,ELK.OL,2026-01-13,30.479999542236328,30.579999923706055,30.200000762939453,30.440000534057617,30.440000534057617,505811
ELK,ELK.OL,2026-01-14,30.459999084472656,30.799999237060547,30.139999389648438,30.559999465942383,30.559999465942383,769580
ELK,ELK.OL,2026-01-15,30.5,30.65999984741211,29.979999542236328,30.600000381469727,30.600000381469727,1022605
ELK,ELK.OL,2026-01-16,30.219999313354492,30.299999237060547,29.8799991607666,30.139999389648438,30.139999389648438,797516
ELK,ELK.OL,2026-01-19,29.600000381469727,29.6200008392334,29.1200008392334,29.440000534057617,29.440000534057617,561902
ELK,ELK.OL,2026-01-20,29.459999084472656,29.459999084472656,28.799999237060547,29.200000762939453,29.200000762939453,437260
ELK,ELK.OL,2026-01-21,29.219999313354492,29.299999237060547,28.559999465942383,29.200000762939453,29.200000762939453,553097
ELK,ELK.OL,2026-01-22,29.559999465942383,29.760000228881836,29.200000762939453,29.520000457763672,29.520000457763672,2161913
ELK,ELK.OL,2026-01-23,29.399999618530273,30.059999465942383,29.299999237060547,29.84000015258789,29.84000015258789,392453
ELK,ELK.OL,2026-01-26,29.84000015258789,29.979999542236328,29.459999084472656,29.799999237060547,29.799999237060547,418148
ELK,ELK.OL,2026-01-27,29.700000762939453,29.700000762939453,29.020000457763672,29.020000457763672,29.020000457763672,1912007
ELK,ELK.OL,2026-01-28,29.280000686645508,29.3799991607666,28.65999984741211,28.719999313354492,28.719999313354492,480967
ELK,ELK.OL,2026-01-29,28.920000076293945,29.139999389648438,28.459999084472656,28.459999084472656,28.459999084472656,343243
ELK,ELK.OL,2026-01-30,28.5,28.639999389648438,28.100000381469727,28.639999389648438,28.639999389648438,478240
ELK,ELK.OL,2026-02-02,28.34000015258789,28.360000610351562,27.979999542236328,28.260000228881836,28.260000228881836,439564
ELK,ELK.OL,2026-02-03,28.399999618530273,28.540000915527344,28.139999389648438,28.399999618530273,28.399999618530273,309476
ELK,ELK.OL,2026-02-04,28.540000915527344,28.739999771118164,28.1200008392334,28.280000686645508,28.280000686645508,396358
ELK,ELK.OL,2026-02-05,28.239999771118164,28.459999084472656,27.899999618530273,28.079999923706055,28.079999923706055,546375
ELK,ELK.OL,2026-02-06,28.34000015258789,28.34000015258789,27.799999237060547,27.959999084472656,27.959999084472656,840721
ELK,ELK.OL,2026-02-09,28.079999923706055,29.719999313354492,28.0,29.700000762939453,29.700000762939453,1151975
ELK,ELK.OL,2026-02-10,29.920000076293945,30.299999237060547,27.920000076293945,28.780000686645508,28.780000686645508,3195857
ELK,ELK.OL,2026-02-11,28.399999618530273,29.360000610351562,28.399999618530273,29.0,29.0,556362
ELK,ELK.OL,2026-02-12,29.299999237060547,29.799999237060547,28.8799991607666,28.8799991607666,28.8799991607666,1128146
ELK,ELK.OL,2026-02-13,26.5,27.84000015258789,24.399999618530273,25.0,25.0,16466102
ELK,ELK.OL,2026-02-16,25.399999618530273,26.940000534057617,25.219999313354492,26.860000610351562,26.860000610351562,4066265
ELK,ELK.OL,2026-02-17,26.6200008392334,28.479999542236328,26.399999618530273,28.15999984741211,28.15999984741211,2710591
ELK,ELK.OL,2026-02-18,28.15999984741211,28.479999542236328,27.600000381469727,28.280000686645508,28.280000686645508,1594620
ELK,ELK.OL,2026-02-19,28.280000686645508,28.959999084472656,28.040000915527344,28.8799991607666,28.8799991607666,2114128
ELK,ELK.OL,2026-02-20,28.959999084472656,29.34000015258789,28.68000030517578,29.31999969482422,29.31999969482422,1571707
ELK,ELK.OL,2026-02-23,29.18000030517578,29.920000076293945,28.959999084472656,29.799999237060547,29.799999237060547,1389463
ELK,ELK.OL,2026-02-24,29.700000762939453,30.440000534057617,29.559999465942383,29.860000610351562,29.860000610351562,1143827
ELK,ELK.OL,2026-02-25,30.0,30.780000686645508,29.8799991607666,30.559999465942383,30.559999465942383,1455421
ELK,ELK.OL,2026-02-26,30.559999465942383,30.760000228881836,30.260000228881836,30.639999389648438,30.639999389648438,973591
ELK,ELK.OL,2026-02-27,30.719999313354492,31.1200008392334,30.139999389648438,30.540000915527344,30.540000915527344,1650913
ELK,ELK.OL,2026-03-02,30.200000762939453,30.639999389648438,29.799999237060547,30.420000076293945,30.420000076293945,1665171
ELK,ELK.OL,2026-03-03,30.040000915527344,30.040000915527344,29.239999771118164,29.559999465942383,29.559999465942383,842806
ELK,ELK.OL,2026-03-04,29.239999771118164,30.81999969482422,29.040000915527344,30.719999313354492,30.719999313354492,951916
ELK,ELK.OL,2026-03-05,30.760000228881836,31.0,30.200000762939453,30.280000686645508,30.280000686645508,1468322
ELK,ELK.OL,2026-03-06,30.5,30.5,29.15999984741211,29.31999969482422,29.31999969482422,1040485
ELK,ELK.OL,2026-03-09,28.84000015258789,28.920000076293945,28.1200008392334,28.700000762939453,28.700000762939453,1060942
ELK,ELK.OL,2026-03-10,28.979999542236328,29.3799991607666,28.899999618530273,29.18000030517578,29.18000030517578,815507
ELK,ELK.OL,2026-03-11,28.139999389648438,29.280000686645508,28.0,28.899999618530273,28.899999618530273,1890694
ELK,ELK.OL,2026-03-12,28.959999084472656,29.799999237060547,28.940000534057617,29.0,29.0,1140103
ELK,ELK.OL,2026-03-13,28.899999618530273,29.1200008392334,28.420000076293945,28.700000762939453,28.700000762939453,1443241
ELK,ELK.OL,2026-03-16,28.540000915527344,28.700000762939453,28.15999984741211,28.15999984741211,28.15999984741211,720695
ELK,ELK.OL,2026-03-17,28.0,28.639999389648438,27.5,28.459999084472656,28.459999084472656,818383
ELK,ELK.OL,2026-03-18,28.540000915527344,28.700000762939453,28.100000381469727,28.31999969482422,28.31999969482422,435559
ELK,ELK.OL,2026-03-19,27.860000610351562,27.860000610351562,25.950000762939453,26.0,26.0,2381508
ELK,ELK.OL,2026-03-20,26.020000457763672,26.440000534057617,25.780000686645508,25.780000686645508,25.780000686645508,1580638
ELK,ELK.OL,2026-03-23,25.5,27.459999084472656,25.299999237060547,27.200000762939453,27.200000762939453,1259391
ELK,ELK.OL,2026-03-24,26.899999618530273,27.34000015258789,26.719999313354492,27.100000381469727,27.100000381469727,804504
ELK,ELK.OL,2026-03-25,27.540000915527344,28.639999389648438,27.399999618530273,28.479999542236328,28.479999542236328,1067411
ELK,ELK.OL,2026-03-26,28.459999084472656,28.5,28.0,28.399999618530273,28.399999618530273,1083674
ELK,ELK.OL,2026-03-27,28.5,28.579999923706055,28.079999923706055,28.280000686645508,28.280000686645508,901435
ELK,ELK.OL,2026-03-30,28.479999542236328,29.100000381469727,28.299999237060547,28.299999237060547,28.299999237060547,786079
ELK,ELK.OL,2026-03-31,28.399999618530273,28.520000457763672,28.0,28.280000686645508,28.280000686645508,904480
ELK,ELK.OL,2026-04-01,28.440000534057617,28.600000381469727,28.139999389648438,28.139999389648438,28.139999389648438,291984
ELK,ELK.OL,2026-04-07,28.0,28.700000762939453,27.700000762939453,27.799999237060547,27.799999237060547,1866119
ELK,ELK.OL,2026-04-08,28.860000610351562,29.440000534057617,28.040000915527344,29.280000686645508,29.280000686645508,2179046
ELK,ELK.OL,2026-04-09,29.3799991607666,29.3799991607666,28.360000610351562,28.5,28.5,1187894
ELK,ELK.OL,2026-04-10,28.639999389648438,29.31999969482422,28.459999084472656,29.18000030517578,29.18000030517578,795264
ELK,ELK.OL,2026-04-13,29.15999984741211,29.65999984741211,28.8799991607666,29.1200008392334,29.1200008392334,673465
ELK,ELK.OL,2026-04-14,29.5,30.0,29.459999084472656,29.5,29.5,900721
ELK,ELK.OL,2026-04-15,29.5,29.520000457763672,28.719999313354492,28.739999771118164,28.739999771118164,463654
ELK,ELK.OL,2026-04-16,28.940000534057617,29.200000762939453,28.719999313354492,28.780000686645508,28.780000686645508,775765
ELK,ELK.OL,2026-04-17,28.719999313354492,28.799999237060547,28.299999237060547,28.420000076293945,28.420000076293945,442366
ELK,ELK.OL,2026-04-20,28.360000610351562,29.3799991607666,28.100000381469727,28.799999237060547,28.799999237060547,733116
ELK,ELK.OL,2026-04-21,28.940000534057617,29.479999542236328,28.799999237060547,29.020000457763672,29.020000457763672,615740
ELK,ELK.OL,2026-04-22,29.200000762939453,29.65999984741211,29.1200008392334,29.1200008392334,29.1200008392334,618843
ELK,ELK.OL,2026-04-23,29.0,29.1200008392334,28.260000228881836,29.040000915527344,29.040000915527344,1100519
ELK,ELK.OL,2026-04-24,29.040000915527344,29.040000915527344,28.15999984741211,28.459999084472656,28.459999084472656,467538
ELK,ELK.OL,2026-04-27,28.559999465942383,28.959999084472656,28.260000228881836,28.420000076293945,28.420000076293945,439429
ELK,ELK.OL,2026-04-28,28.139999389648438,28.459999084472656,27.799999237060547,27.799999237060547,27.799999237060547,876575
ELK,ELK.OL,2026-04-29,28.0,28.299999237060547,27.479999542236328,27.600000381469727,27.600000381469727,591609
ELK,ELK.OL,2026-04-30,27.0,27.239999771118164,26.420000076293945,27.100000381469727,27.100000381469727,1617815
ELK,ELK.OL,2026-05-04,28.100000381469727,29.479999542236328,28.0,28.1200008392334,28.1200008392334,2491804
ELK,ELK.OL,2026-05-05,28.299999237060547,28.739999771118164,27.600000381469727,27.719999313354492,27.719999313354492,789187
ELK,ELK.OL,2026-05-06,27.979999542236328,28.3799991607666,27.8799991607666,27.8799991607666,27.8799991607666,447903
ELK,ELK.OL,2026-05-07,28.440000534057617,30.200000762939453,28.260000228881836,29.299999237060547,29.299999237060547,2136662
ELK,ELK.OL,2026-05-08,29.100000381469727,29.780000686645508,29.100000381469727,29.459999084472656,29.459999084472656,745755
ELK,ELK.OL,2026-05-11,29.440000534057617,29.600000381469727,28.65999984741211,28.719999313354492,28.719999313354492,137540
