ticker,yahoo_symbol,date,open,high,low,close,adj_close,volume
FRO,FRO.OL,2000-01-03,195.4545440673828,200.0,193.18179321289062,194.0908966064453,138.9598846435547,16897
FRO,FRO.OL,2000-01-04,191.3636474609375,191.3636474609375,181.81820678710938,188.18179321289062,134.72923278808594,14430
FRO,FRO.OL,2000-01-05,177.272705078125,185.4545440673828,172.727294921875,183.18179321289062,131.1494598388672,13912
FRO,FRO.OL,2000-01-06,184.0908966064453,184.0908966064453,172.727294921875,175.0,125.29167938232422,19705
FRO,FRO.OL,2000-01-07,181.3636474609375,182.727294921875,173.18179321289062,182.727294921875,130.82411193847656,47256
FRO,FRO.OL,2000-01-10,190.9091033935547,190.9091033935547,184.0908966064453,186.3636474609375,133.4275360107422,50012
FRO,FRO.OL,2000-01-11,190.9091033935547,190.9091033935547,181.81820678710938,183.18179321289062,131.1494598388672,15664
FRO,FRO.OL,2000-01-12,181.81820678710938,181.81820678710938,177.272705078125,180.0,128.87144470214844,3248
FRO,FRO.OL,2000-01-13,179.5454559326172,181.81820678710938,172.727294921875,175.0,125.29167938232422,12792
FRO,FRO.OL,2000-01-14,175.0,175.0,170.4545440673828,172.727294921875,123.6645278930664,22861
FRO,FRO.OL,2000-01-17,175.0,177.272705078125,167.727294921875,168.18179321289062,120.41015625,26122
FRO,FRO.OL,2000-01-18,168.18179321289062,179.5454559326172,167.727294921875,178.18179321289062,127.5697021484375,36993
FRO,FRO.OL,2000-01-19,181.81820678710938,200.0,181.81820678710938,192.272705078125,137.65809631347656,40989
FRO,FRO.OL,2000-01-20,193.18179321289062,199.5454559326172,190.9091033935547,197.727294921875,141.5633544921875,28138
FRO,FRO.OL,2000-01-21,200.0,231.81820678710938,200.0,213.6363525390625,152.9534912109375,152596
FRO,FRO.OL,2000-01-24,214.5454559326172,227.272705078125,214.5454559326172,219.0908966064453,156.8586883544922,72278
FRO,FRO.OL,2000-01-25,218.18179321289062,218.18179321289062,211.3636474609375,213.6363525390625,152.9534912109375,21050
FRO,FRO.OL,2000-01-26,218.18179321289062,218.18179321289062,204.5454559326172,209.0908966064453,149.69911193847656,14586
FRO,FRO.OL,2000-01-27,210.4545440673828,213.6363525390625,202.272705078125,213.6363525390625,152.9534912109375,31729
FRO,FRO.OL,2000-01-28,213.6363525390625,213.6363525390625,204.5454559326172,209.0908966064453,149.69911193847656,18719
FRO,FRO.OL,2000-01-31,206.81820678710938,207.272705078125,199.5454559326172,200.4545440673828,143.51593017578125,58638
FRO,FRO.OL,2000-02-01,206.81820678710938,209.0908966064453,200.0,202.272705078125,144.81764221191406,13056
FRO,FRO.OL,2000-02-02,204.5454559326172,209.0908966064453,202.727294921875,206.81820678710938,148.07205200195312,33651
FRO,FRO.OL,2000-02-03,209.0908966064453,215.9091033935547,206.81820678710938,213.6363525390625,152.9534912109375,79930
FRO,FRO.OL,2000-02-04,218.18179321289062,218.18179321289062,211.3636474609375,218.18179321289062,156.20779418945312,33209
FRO,FRO.OL,2000-02-07,218.6363525390625,219.0908966064453,200.9091033935547,208.18179321289062,149.0482635498047,25025
FRO,FRO.OL,2000-02-08,202.272705078125,213.6363525390625,200.0,213.6363525390625,152.9534912109375,50688
FRO,FRO.OL,2000-02-09,204.5454559326172,213.6363525390625,202.272705078125,211.3636474609375,151.32635498046875,23476
FRO,FRO.OL,2000-02-10,211.3636474609375,272.727294921875,209.0908966064453,254.5454559326172,182.24246215820312,472461
FRO,FRO.OL,2000-02-11,259.0909118652344,270.4545593261719,243.18179321289062,259.0909118652344,185.496826171875,137875
FRO,FRO.OL,2000-02-14,263.6363525390625,281.8182067871094,254.5454559326172,275.0,196.88699340820312,294776
FRO,FRO.OL,2000-02-15,277.272705078125,290.9090881347656,259.0909118652344,265.9090881347656,190.37831115722656,71616
FRO,FRO.OL,2000-02-16,268.1817932128906,272.727294921875,261.3636474609375,263.6363525390625,188.7510986328125,48846
FRO,FRO.OL,2000-02-17,259.0909118652344,263.6363525390625,254.5454559326172,261.3636474609375,187.12393188476562,27109
FRO,FRO.OL,2000-02-18,268.1817932128906,270.4545593261719,263.6363525390625,265.9090881347656,190.37831115722656,86979
FRO,FRO.OL,2000-02-21,272.727294921875,290.9090881347656,268.1817932128906,270.4545593261719,193.63262939453125,100007
FRO,FRO.OL,2000-02-22,275.0,277.272705078125,259.0909118652344,268.1817932128906,192.00546264648438,29807
FRO,FRO.OL,2000-02-23,268.1817932128906,275.0,259.0909118652344,268.1817932128906,192.00546264648438,290324
FRO,FRO.OL,2000-02-24,263.6363525390625,272.727294921875,254.5454559326172,263.6363525390625,188.7510986328125,31625
FRO,FRO.OL,2000-02-25,263.6363525390625,263.6363525390625,200.0,263.6363525390625,188.7510986328125,44531
FRO,FRO.OL,2000-02-28,261.3636474609375,261.3636474609375,240.9091033935547,252.272705078125,180.615234375,22855
FRO,FRO.OL,2000-02-29,256.8182067871094,261.3636474609375,252.272705078125,254.5454559326172,182.24246215820312,47779
FRO,FRO.OL,2000-03-01,261.3636474609375,263.6363525390625,256.8182067871094,263.6363525390625,188.7510986328125,43563
FRO,FRO.OL,2000-03-02,263.6363525390625,272.727294921875,259.0909118652344,263.6363525390625,188.7510986328125,34012
FRO,FRO.OL,2000-03-03,263.6363525390625,263.6363525390625,254.5454559326172,259.0909118652344,185.496826171875,25469
FRO,FRO.OL,2000-03-06,263.6363525390625,268.1817932128906,254.5454559326172,259.0909118652344,185.496826171875,42475
FRO,FRO.OL,2000-03-07,259.0909118652344,261.3636474609375,254.5454559326172,259.0909118652344,185.496826171875,53292
FRO,FRO.OL,2000-03-08,259.0909118652344,277.272705078125,254.5454559326172,272.727294921875,195.2598114013672,62335
FRO,FRO.OL,2000-03-09,284.0909118652344,311.3636474609375,284.0909118652344,309.0909118652344,221.2943878173828,402856
FRO,FRO.OL,2000-03-10,313.6363525390625,318.1817932128906,290.9090881347656,304.5454406738281,218.0401153564453,78375
FRO,FRO.OL,2000-03-13,304.5454406738281,304.5454406738281,304.5454406738281,304.5454406738281,218.0401153564453,0
FRO,FRO.OL,2000-03-14,300.0,306.8182067871094,297.727294921875,300.0,214.78575134277344,59406
FRO,FRO.OL,2000-03-15,300.0,345.4545593261719,295.4545593261719,345.4545593261719,247.3290252685547,198073
FRO,FRO.OL,2000-03-16,350.0,361.3636474609375,327.272705078125,336.3636474609375,240.82034301757812,111399
FRO,FRO.OL,2000-03-17,336.3636474609375,338.6363525390625,327.272705078125,327.272705078125,234.31178283691406,42847
FRO,FRO.OL,2000-03-20,327.272705078125,343.1818542480469,327.272705078125,336.3636474609375,240.82034301757812,121938
FRO,FRO.OL,2000-03-21,336.3636474609375,345.4545593261719,331.8181457519531,338.6363525390625,242.44757080078125,89230
FRO,FRO.OL,2000-03-22,347.727294921875,375.0,345.4545593261719,359.0909118652344,257.0919494628906,129836
FRO,FRO.OL,2000-03-23,372.727294921875,390.9090881347656,368.1818542480469,375.0,268.482177734375,178494
FRO,FRO.OL,2000-03-24,377.272705078125,377.272705078125,356.8181457519531,359.0909118652344,257.0919494628906,38965
FRO,FRO.OL,2000-03-27,363.6363525390625,368.1818542480469,359.0909118652344,359.0909118652344,257.0919494628906,45862
FRO,FRO.OL,2000-03-28,365.9090881347656,365.9090881347656,345.4545593261719,352.272705078125,252.21058654785156,49797
FRO,FRO.OL,2000-03-29,352.272705078125,354.5454406738281,336.3636474609375,347.727294921875,248.9561767578125,37481
FRO,FRO.OL,2000-03-30,350.0,350.0,322.727294921875,336.3636474609375,240.82034301757812,39232
FRO,FRO.OL,2000-03-31,322.727294921875,340.9090881347656,306.8182067871094,327.272705078125,234.31178283691406,235673
FRO,FRO.OL,2000-04-03,336.3636474609375,336.3636474609375,304.5454406738281,318.1817932128906,227.80307006835938,79844
FRO,FRO.OL,2000-04-04,313.6363525390625,322.727294921875,309.0909118652344,315.9090881347656,226.17587280273438,34152
FRO,FRO.OL,2000-04-05,313.6363525390625,313.6363525390625,272.727294921875,290.9090881347656,208.277099609375,62048
FRO,FRO.OL,2000-04-06,290.9090881347656,313.6363525390625,290.9090881347656,309.0909118652344,221.2943878173828,19908
FRO,FRO.OL,2000-04-07,315.9090881347656,320.4545593261719,309.0909118652344,315.9090881347656,226.17587280273438,22378
FRO,FRO.OL,2000-04-10,318.1817932128906,331.8181457519531,315.9090881347656,322.727294921875,231.0574188232422,20883
FRO,FRO.OL,2000-04-11,325.0,327.272705078125,311.3636474609375,311.3636474609375,222.92152404785156,42599
FRO,FRO.OL,2000-04-12,311.3636474609375,313.6363525390625,300.0,300.0,214.78575134277344,28361
FRO,FRO.OL,2000-04-13,290.9090881347656,322.727294921875,290.9090881347656,315.9090881347656,226.17587280273438,170066
FRO,FRO.OL,2000-04-14,315.9090881347656,329.5454406738281,313.6363525390625,313.6363525390625,224.548828125,139263
FRO,FRO.OL,2000-04-17,295.4545593261719,302.272705078125,263.6363525390625,302.272705078125,216.4128875732422,35665
FRO,FRO.OL,2000-04-18,309.0909118652344,311.3636474609375,290.9090881347656,295.4545593261719,211.53146362304688,28772
FRO,FRO.OL,2000-04-19,302.272705078125,329.5454406738281,302.272705078125,329.5454406738281,235.93885803222656,31410
FRO,FRO.OL,2000-04-20,329.5454406738281,329.5454406738281,329.5454406738281,329.5454406738281,235.93885803222656,0
FRO,FRO.OL,2000-04-21,329.5454406738281,329.5454406738281,329.5454406738281,329.5454406738281,235.93885803222656,0
FRO,FRO.OL,2000-04-24,329.5454406738281,329.5454406738281,329.5454406738281,329.5454406738281,235.93885803222656,0
FRO,FRO.OL,2000-04-25,331.8181457519531,336.3636474609375,311.3636474609375,318.1817932128906,227.80307006835938,62453
FRO,FRO.OL,2000-04-26,318.1817932128906,318.1817932128906,313.6363525390625,318.1817932128906,227.80307006835938,37200
FRO,FRO.OL,2000-04-27,320.4545593261719,334.0909118652344,315.9090881347656,327.272705078125,234.31178283691406,74135
FRO,FRO.OL,2000-04-28,327.272705078125,372.727294921875,327.272705078125,363.6363525390625,260.3462829589844,156155
FRO,FRO.OL,2000-05-01,363.6363525390625,363.6363525390625,363.6363525390625,363.6363525390625,260.3462829589844,0
FRO,FRO.OL,2000-05-02,327.272705078125,402.272705078125,327.272705078125,381.8181457519531,273.36376953125,240149
FRO,FRO.OL,2000-05-03,381.8181457519531,431.8181457519531,381.8181457519531,413.6363525390625,296.1440734863281,429297
FRO,FRO.OL,2000-05-04,406.8181457519531,422.727294921875,395.4545593261719,400.0,286.3810119628906,223616
FRO,FRO.OL,2000-05-05,406.8181457519531,406.8181457519531,386.3636474609375,393.1818542480469,281.4995422363281,13332
FRO,FRO.OL,2000-05-08,402.272705078125,402.272705078125,388.6363525390625,390.9090881347656,279.872314453125,29996
FRO,FRO.OL,2000-05-09,390.9090881347656,390.9090881347656,390.9090881347656,390.9090881347656,279.872314453125,0
FRO,FRO.OL,2000-05-10,386.3636474609375,388.6363525390625,381.8181457519531,384.0909118652344,274.9908752441406,56080
FRO,FRO.OL,2000-05-11,386.3636474609375,397.727294921875,386.3636474609375,395.4545593261719,283.1266784667969,46921
FRO,FRO.OL,2000-05-12,400.0,402.272705078125,388.6363525390625,402.272705078125,288.00811767578125,29911
FRO,FRO.OL,2000-05-15,402.272705078125,415.9090881347656,402.272705078125,402.272705078125,288.00811767578125,146273
FRO,FRO.OL,2000-05-16,411.3636474609375,413.6363525390625,400.0,404.5454406738281,289.63531494140625,27808
FRO,FRO.OL,2000-05-17,404.5454406738281,404.5454406738281,404.5454406738281,404.5454406738281,289.63531494140625,0
FRO,FRO.OL,2000-05-18,409.0909118652344,418.1818542480469,400.0,409.0909118652344,292.8897705078125,49031
FRO,FRO.OL,2000-05-19,409.0909118652344,409.0909118652344,400.0,404.5454406738281,289.63531494140625,40241
FRO,FRO.OL,2000-05-22,409.0909118652344,411.3636474609375,400.0,409.0909118652344,292.8897705078125,86840
FRO,FRO.OL,2000-05-23,409.0909118652344,418.1818542480469,404.5454406738281,406.8181457519531,291.2624206542969,99335
FRO,FRO.OL,2000-05-24,404.5454406738281,406.8181457519531,390.9090881347656,404.5454406738281,289.63531494140625,12079
FRO,FRO.OL,2000-05-25,406.8181457519531,438.6363525390625,404.5454406738281,425.0,304.27978515625,182304
FRO,FRO.OL,2000-05-26,425.0,438.6363525390625,420.4545593261719,427.272705078125,305.906982421875,72696
FRO,FRO.OL,2000-05-29,429.5454406738281,445.4545593261719,429.5454406738281,436.3636474609375,312.4156494140625,36838
FRO,FRO.OL,2000-05-30,436.3636474609375,463.6363525390625,436.3636474609375,450.0,322.1786804199219,202217
FRO,FRO.OL,2000-05-31,459.0909118652344,463.6363525390625,434.0909118652344,440.9090881347656,315.6699523925781,73277
FRO,FRO.OL,2000-06-01,440.9090881347656,440.9090881347656,440.9090881347656,440.9090881347656,315.6699523925781,0
FRO,FRO.OL,2000-06-02,436.3636474609375,445.4545593261719,427.272705078125,431.8181457519531,309.1613464355469,76494
FRO,FRO.OL,2000-06-05,434.0909118652344,434.0909118652344,418.1818542480469,425.0,304.27978515625,31505
FRO,FRO.OL,2000-06-06,418.1818542480469,427.272705078125,418.1818542480469,418.1818542480469,299.3982849121094,31554
FRO,FRO.OL,2000-06-07,409.0909118652344,418.1818542480469,390.9090881347656,415.9090881347656,297.77117919921875,69756
FRO,FRO.OL,2000-06-08,427.272705078125,454.5454406738281,425.0,450.0,322.1786804199219,190152
FRO,FRO.OL,2000-06-09,454.5454406738281,479.5454406738281,450.0,479.5454406738281,343.3318176269531,720853
FRO,FRO.OL,2000-06-12,479.5454406738281,479.5454406738281,479.5454406738281,479.5454406738281,343.3318176269531,0
FRO,FRO.OL,2000-06-13,481.8181457519531,490.9090881347656,465.9090881347656,481.8181457519531,344.9588928222656,228933
FRO,FRO.OL,2000-06-14,481.8181457519531,486.3636474609375,461.3636474609375,465.9090881347656,333.5687561035156,69911
FRO,FRO.OL,2000-06-15,465.9090881347656,465.9090881347656,450.0,452.272705078125,323.8058166503906,55749
FRO,FRO.OL,2000-06-16,454.5454406738281,479.5454406738281,454.5454406738281,472.727294921875,338.45025634765625,136763
FRO,FRO.OL,2000-06-19,472.727294921875,472.727294921875,472.727294921875,472.727294921875,338.45025634765625,0
FRO,FRO.OL,2000-06-20,481.8181457519531,484.0909118652344,470.4545593261719,477.272705078125,341.70458984375,59703
FRO,FRO.OL,2000-06-21,477.272705078125,479.5454406738281,445.4545593261719,463.6363525390625,331.9416198730469,91088
FRO,FRO.OL,2000-06-22,465.9090881347656,468.1818542480469,450.0,468.1818542480469,335.196044921875,32275
FRO,FRO.OL,2000-06-23,468.1818542480469,468.1818542480469,450.0,459.0909118652344,328.687255859375,43786
FRO,FRO.OL,2000-06-26,454.5454406738281,454.5454406738281,445.4545593261719,454.5454406738281,325.4329528808594,11341
FRO,FRO.OL,2000-06-27,440.9090881347656,454.5454406738281,440.9090881347656,454.5454406738281,325.4329528808594,44022
FRO,FRO.OL,2000-06-28,450.0,454.5454406738281,445.4545593261719,454.5454406738281,325.4329528808594,31716
FRO,FRO.OL,2000-06-29,450.0,475.0,450.0,461.3636474609375,330.3143615722656,164353
FRO,FRO.OL,2000-06-30,468.1818542480469,486.3636474609375,468.1818542480469,477.272705078125,341.70458984375,127382
FRO,FRO.OL,2000-07-03,486.3636474609375,486.3636474609375,465.9090881347656,465.9090881347656,333.5687561035156,26789
FRO,FRO.OL,2000-07-04,465.9090881347656,479.5454406738281,465.9090881347656,465.9090881347656,333.5687561035156,36879
FRO,FRO.OL,2000-07-05,465.9090881347656,472.727294921875,465.9090881347656,472.727294921875,338.45025634765625,68687
FRO,FRO.OL,2000-07-06,459.0909118652344,465.9090881347656,445.4545593261719,465.9090881347656,333.5687561035156,51159
FRO,FRO.OL,2000-07-07,465.9090881347656,465.9090881347656,465.9090881347656,465.9090881347656,333.5687561035156,0
FRO,FRO.OL,2000-07-10,463.6363525390625,470.4545593261719,454.5454406738281,461.3636474609375,330.3143615722656,21821
FRO,FRO.OL,2000-07-11,450.0,450.0,427.272705078125,445.4545593261719,318.9242248535156,39003
FRO,FRO.OL,2000-07-12,440.9090881347656,454.5454406738281,440.9090881347656,452.272705078125,323.8058166503906,24692
FRO,FRO.OL,2000-07-13,452.272705078125,470.4545593261719,450.0,468.1818542480469,335.196044921875,84515
FRO,FRO.OL,2000-07-14,468.1818542480469,481.8181457519531,468.1818542480469,477.272705078125,341.70458984375,55043
FRO,FRO.OL,2000-07-17,477.272705078125,493.1818542480469,470.4545593261719,493.1818542480469,353.09478759765625,68557
FRO,FRO.OL,2000-07-18,495.4545593261719,520.4545288085938,490.9090881347656,511.3634948730469,366.1119384765625,153066
FRO,FRO.OL,2000-07-19,513.636474609375,515.9089965820312,488.6363525390625,493.1818542480469,353.09478759765625,33672
FRO,FRO.OL,2000-07-20,490.9090881347656,511.3634948730469,490.9090881347656,509.09100341796875,364.4849853515625,40590
FRO,FRO.OL,2000-07-21,513.636474609375,515.9089965820312,497.727294921875,504.5455017089844,361.2305603027344,18088
FRO,FRO.OL,2000-07-24,504.5455017089844,504.5455017089844,504.5455017089844,504.5455017089844,361.2305603027344,0
FRO,FRO.OL,2000-07-25,506.8179931640625,531.8179931640625,506.8179931640625,522.7274780273438,374.248046875,111458
FRO,FRO.OL,2000-07-26,522.7274780273438,531.8179931640625,513.636474609375,520.4545288085938,372.6207580566406,166665
FRO,FRO.OL,2000-07-27,520.4545288085938,520.4545288085938,520.4545288085938,520.4545288085938,372.6207580566406,0
FRO,FRO.OL,2000-07-28,509.09100341796875,518.1820068359375,502.2724914550781,515.9089965820312,369.36627197265625,54245
FRO,FRO.OL,2000-07-31,511.3634948730469,518.1820068359375,495.4545593261719,502.2724914550781,359.6032409667969,50576
FRO,FRO.OL,2000-08-01,504.5455017089844,504.5455017089844,493.1818542480469,493.1818542480469,353.09478759765625,58507
FRO,FRO.OL,2000-08-02,495.4545593261719,502.2724914550781,468.1818542480469,495.4545593261719,354.7220458984375,105052
FRO,FRO.OL,2000-08-03,495.4545593261719,527.2725219726562,495.4545593261719,527.2725219726562,377.5020751953125,187209
FRO,FRO.OL,2000-08-04,527.2725219726562,568.1820068359375,527.2725219726562,550.0,393.77398681640625,630499
FRO,FRO.OL,2000-08-07,565.9089965820312,568.1820068359375,543.1820068359375,545.4545288085938,390.5195617675781,79522
FRO,FRO.OL,2000-08-08,554.5454711914062,554.5454711914062,540.9089965820312,545.4545288085938,390.5195617675781,114140
FRO,FRO.OL,2000-08-09,545.4545288085938,547.7274780273438,534.0910034179688,545.4545288085938,390.5195617675781,116965
FRO,FRO.OL,2000-08-10,545.4545288085938,565.9089965820312,545.4545288085938,550.0,393.77398681640625,149594
FRO,FRO.OL,2000-08-11,550.0,600.0,550.0,590.9089965820312,423.0628967285156,280654
FRO,FRO.OL,2000-08-14,606.8179931640625,659.0910034179688,606.8179931640625,629.5454711914062,450.7247314453125,356360
FRO,FRO.OL,2000-08-15,631.8179931640625,652.2725219726562,611.363525390625,613.636474609375,439.3345947265625,354363
FRO,FRO.OL,2000-08-16,620.4545288085938,631.8179931640625,606.8179931640625,629.5454711914062,450.7247314453125,113440
FRO,FRO.OL,2000-08-17,627.2725219726562,663.636474609375,613.636474609375,659.0910034179688,471.8778076171875,266788
FRO,FRO.OL,2000-08-18,681.8179931640625,690.9089965820312,661.363525390625,681.8179931640625,488.1491394042969,215572
FRO,FRO.OL,2000-08-21,693.1820068359375,718.1820068359375,690.9089965820312,715.9089965820312,512.5567016601562,198738
FRO,FRO.OL,2000-08-22,722.7274780273438,745.4545288085938,659.0910034179688,663.636474609375,475.13201904296875,295785
FRO,FRO.OL,2000-08-23,672.7274780273438,695.4545288085938,663.636474609375,690.9089965820312,494.6579284667969,170325
FRO,FRO.OL,2000-08-24,702.2725219726562,702.2725219726562,663.636474609375,668.1820068359375,478.3865966796875,138232
FRO,FRO.OL,2000-08-25,663.636474609375,668.1820068359375,640.9089965820312,645.4545288085938,462.1148376464844,43167
FRO,FRO.OL,2000-08-28,638.636474609375,638.636474609375,597.7274780273438,627.2725219726562,449.0975341796875,122882
FRO,FRO.OL,2000-08-29,618.1820068359375,640.9089965820312,611.363525390625,636.363525390625,455.6060791015625,72596
FRO,FRO.OL,2000-08-30,640.9089965820312,659.0910034179688,622.7274780273438,629.5454711914062,450.7247314453125,78012
FRO,FRO.OL,2000-08-31,622.7274780273438,634.0910034179688,615.9089965820312,618.1820068359375,442.5888671875,63745
FRO,FRO.OL,2000-09-01,634.0910034179688,672.7274780273438,627.2725219726562,663.636474609375,475.13201904296875,172564
FRO,FRO.OL,2000-09-04,659.0910034179688,663.636474609375,627.2725219726562,645.4545288085938,462.1148376464844,31103
FRO,FRO.OL,2000-09-05,627.2725219726562,654.5454711914062,627.2725219726562,636.363525390625,455.6060791015625,135251
FRO,FRO.OL,2000-09-06,652.2725219726562,704.5454711914062,645.4545288085938,700.0,501.1667175292969,293498
FRO,FRO.OL,2000-09-07,715.9089965820312,727.2725219726562,704.5454711914062,715.9089965820312,512.5567016601562,295026
FRO,FRO.OL,2000-09-08,725.0,736.363525390625,706.8179931640625,713.636474609375,510.92962646484375,206702
FRO,FRO.OL,2000-09-11,713.636474609375,722.7274780273438,704.5454711914062,711.363525390625,509.3024597167969,61891
FRO,FRO.OL,2000-09-12,722.7274780273438,743.1820068359375,718.1820068359375,740.9089965820312,530.45556640625,146416
FRO,FRO.OL,2000-09-13,736.363525390625,740.9089965820312,711.363525390625,720.4545288085938,515.8111572265625,49891
FRO,FRO.OL,2000-09-14,711.363525390625,720.4545288085938,695.4545288085938,709.0910034179688,507.6756286621094,79818
FRO,FRO.OL,2000-09-15,715.9089965820312,718.1820068359375,686.363525390625,697.7274780273438,499.5399475097656,92048
FRO,FRO.OL,2000-09-18,695.4545288085938,709.0910034179688,679.5454711914062,706.8179931640625,506.04815673828125,136044
FRO,FRO.OL,2000-09-19,706.8179931640625,706.8179931640625,681.8179931640625,686.363525390625,491.4037170410156,189795
FRO,FRO.OL,2000-09-20,672.7274780273438,677.2725219726562,645.4545288085938,645.4545288085938,462.1148376464844,145501
FRO,FRO.OL,2000-09-21,650.0,661.363525390625,636.363525390625,650.0,465.3692321777344,82940
FRO,FRO.OL,2000-09-22,643.1820068359375,643.1820068359375,613.636474609375,622.7274780273438,445.8431701660156,78032
FRO,FRO.OL,2000-09-25,631.8179931640625,645.4545288085938,613.636474609375,613.636474609375,439.3345947265625,92593
FRO,FRO.OL,2000-09-26,618.1820068359375,631.8179931640625,613.636474609375,627.2725219726562,449.0975341796875,71764
FRO,FRO.OL,2000-09-27,627.2725219726562,638.636474609375,627.2725219726562,627.2725219726562,449.0975341796875,47668
FRO,FRO.OL,2000-09-28,631.8179931640625,631.8179931640625,622.7274780273438,622.7274780273438,445.8431701660156,57960
FRO,FRO.OL,2000-09-29,627.2725219726562,695.4545288085938,627.2725219726562,643.1820068359375,460.48785400390625,150654
FRO,FRO.OL,2000-10-02,650.0,681.8179931640625,640.9089965820312,677.2725219726562,484.89501953125,133524
FRO,FRO.OL,2000-10-03,681.8179931640625,709.0910034179688,677.2725219726562,704.5454711914062,504.4212341308594,122530
FRO,FRO.OL,2000-10-04,695.4545288085938,704.5454711914062,670.4545288085938,672.7274780273438,481.6408386230469,93510
FRO,FRO.OL,2000-10-05,679.5454711914062,688.636474609375,661.363525390625,668.1820068359375,478.3865966796875,67160
FRO,FRO.OL,2000-10-06,663.636474609375,663.636474609375,627.2725219726562,654.5454711914062,468.6236267089844,35763
FRO,FRO.OL,2000-10-09,636.363525390625,636.363525390625,620.4545288085938,622.7274780273438,445.8431701660156,73092
FRO,FRO.OL,2000-10-10,627.2725219726562,654.5454711914062,620.4545288085938,631.8179931640625,452.35162353515625,207939
FRO,FRO.OL,2000-10-11,636.363525390625,659.0910034179688,631.8179931640625,636.363525390625,455.6060791015625,193296
FRO,FRO.OL,2000-10-12,654.5454711914062,659.0910034179688,631.8179931640625,631.8179931640625,452.35162353515625,122326
FRO,FRO.OL,2000-10-13,640.9089965820312,654.5454711914062,627.2725219726562,647.7274780273438,463.7423095703125,81528
FRO,FRO.OL,2000-10-16,645.4545288085938,668.1820068359375,645.4545288085938,665.9089965820312,476.7591857910156,140979
FRO,FRO.OL,2000-10-17,663.636474609375,668.1820068359375,656.8179931640625,661.363525390625,473.5050048828125,74390
FRO,FRO.OL,2000-10-18,654.5454711914062,659.0910034179688,645.4545288085938,654.5454711914062,468.6236267089844,60856
FRO,FRO.OL,2000-10-19,663.636474609375,690.9089965820312,663.636474609375,681.8179931640625,488.1491394042969,72243
FRO,FRO.OL,2000-10-20,675.0,686.363525390625,659.0910034179688,668.1820068359375,478.3865966796875,29887
FRO,FRO.OL,2000-10-23,668.1820068359375,711.363525390625,663.636474609375,693.1820068359375,496.285400390625,71617
FRO,FRO.OL,2000-10-24,697.7274780273438,731.8179931640625,697.7274780273438,711.363525390625,509.3024597167969,160818
FRO,FRO.OL,2000-10-25,711.363525390625,711.363525390625,688.636474609375,697.7274780273438,499.5399475097656,70475
FRO,FRO.OL,2000-10-26,695.4545288085938,709.0910034179688,693.1820068359375,693.1820068359375,496.285400390625,30712
FRO,FRO.OL,2000-10-27,690.9089965820312,690.9089965820312,668.1820068359375,670.4545288085938,480.0135498046875,39077
FRO,FRO.OL,2000-10-30,681.8179931640625,681.8179931640625,656.8179931640625,656.8179931640625,470.2504577636719,50855
FRO,FRO.OL,2000-10-31,656.8179931640625,656.8179931640625,656.8179931640625,656.8179931640625,470.2504577636719,0
FRO,FRO.OL,2000-11-01,706.8179931640625,709.0910034179688,686.363525390625,688.636474609375,493.03106689453125,81152
FRO,FRO.OL,2000-11-02,684.0910034179688,718.1820068359375,684.0910034179688,718.1820068359375,514.18408203125,106931
FRO,FRO.OL,2000-11-03,715.9089965820312,740.9089965820312,715.9089965820312,727.2725219726562,520.6924438476562,155726
FRO,FRO.OL,2000-11-06,740.9089965820312,754.5454711914062,736.363525390625,745.4545288085938,533.7101440429688,149575
FRO,FRO.OL,2000-11-07,750.0,772.7274780273438,740.9089965820312,745.4545288085938,533.7101440429688,226400
FRO,FRO.OL,2000-11-08,750.0,754.5454711914062,713.636474609375,715.9089965820312,512.5567016601562,90582
FRO,FRO.OL,2000-11-09,713.636474609375,743.1820068359375,713.636474609375,727.2725219726562,520.6924438476562,128031
FRO,FRO.OL,2000-11-10,731.8179931640625,731.8179931640625,688.636474609375,693.1820068359375,496.285400390625,70852
FRO,FRO.OL,2000-11-13,681.8179931640625,681.8179931640625,654.5454711914062,663.636474609375,475.13201904296875,52671
FRO,FRO.OL,2000-11-14,672.7274780273438,700.0,672.7274780273438,677.2725219726562,484.89501953125,64355
FRO,FRO.OL,2000-11-15,677.2725219726562,713.636474609375,672.7274780273438,709.0910034179688,507.6756286621094,88951
FRO,FRO.OL,2000-11-16,704.5454711914062,704.5454711914062,681.8179931640625,688.636474609375,493.03106689453125,104213
FRO,FRO.OL,2000-11-17,697.7274780273438,731.8179931640625,697.7274780273438,725.0,519.0655517578125,246765
FRO,FRO.OL,2000-11-20,731.8179931640625,754.5454711914062,729.5454711914062,729.5454711914062,522.3200073242188,122593
FRO,FRO.OL,2000-11-21,740.9089965820312,754.5454711914062,715.9089965820312,715.9089965820312,512.5567016601562,148829
FRO,FRO.OL,2000-11-22,727.2725219726562,727.2725219726562,665.9089965820312,675.0,483.2680358886719,173350
FRO,FRO.OL,2000-11-23,668.1820068359375,672.7274780273438,636.363525390625,647.7274780273438,463.7423095703125,183510
FRO,FRO.OL,2000-11-24,650.0,684.0910034179688,647.7274780273438,681.8179931640625,488.1491394042969,89555
FRO,FRO.OL,2000-11-27,686.363525390625,693.1820068359375,661.363525390625,670.4545288085938,480.0135498046875,91532
FRO,FRO.OL,2000-11-28,675.0,677.2725219726562,650.0,659.0910034179688,471.8778076171875,73957
FRO,FRO.OL,2000-11-29,654.5454711914062,686.363525390625,654.5454711914062,672.7274780273438,481.6408386230469,101274
FRO,FRO.OL,2000-11-30,668.1820068359375,668.1820068359375,668.1820068359375,645.4545288085938,462.1148376464844,316279
FRO,FRO.OL,2000-12-01,650.0,650.0,584.0910034179688,590.9089965820312,423.0628967285156,256030
FRO,FRO.OL,2000-12-04,568.1820068359375,577.2725219726562,522.7274780273438,545.4545288085938,390.5195617675781,248732
FRO,FRO.OL,2000-12-05,561.363525390625,590.9089965820312,552.2725219726562,575.0,411.67266845703125,159509
FRO,FRO.OL,2000-12-06,595.4545288085938,595.4545288085938,531.8179931640625,545.4545288085938,390.5195617675781,78890
FRO,FRO.OL,2000-12-07,534.0910034179688,561.363525390625,531.8179931640625,534.0910034179688,382.3838806152344,165531
FRO,FRO.OL,2000-12-08,543.1820068359375,543.1820068359375,509.09100341796875,529.5454711914062,379.12945556640625,209251
FRO,FRO.OL,2000-12-11,540.9089965820312,547.7274780273438,513.636474609375,534.0910034179688,382.3838806152344,138569
FRO,FRO.OL,2000-12-12,543.1820068359375,550.0,527.2725219726562,545.4545288085938,390.5195617675781,568105
FRO,FRO.OL,2000-12-13,550.0,568.1820068359375,545.4545288085938,568.1820068359375,406.79144287109375,187333
FRO,FRO.OL,2000-12-14,579.5454711914062,581.8179931640625,545.4545288085938,554.5454711914062,397.02813720703125,44814
FRO,FRO.OL,2000-12-15,529.5454711914062,550.0,529.5454711914062,545.4545288085938,390.5195617675781,114976
FRO,FRO.OL,2000-12-18,550.0,550.0,509.09100341796875,511.3634948730469,366.1119384765625,72697
FRO,FRO.OL,2000-12-19,509.09100341796875,522.7274780273438,500.0,506.8179931640625,362.8576354980469,66231
FRO,FRO.OL,2000-12-20,500.0,500.0,456.8181457519531,468.1818542480469,335.196044921875,166086
FRO,FRO.OL,2000-12-21,461.36358642578125,461.36358642578125,440.9090881347656,440.9090881347656,315.6699523925781,218082
FRO,FRO.OL,2000-12-22,500.0,552.2725219726562,500.0,552.2725219726562,395.4009094238281,96279
FRO,FRO.OL,2000-12-25,552.2725219726562,552.2725219726562,552.2725219726562,552.2725219726562,395.4009094238281,0
FRO,FRO.OL,2000-12-26,552.2725219726562,552.2725219726562,552.2725219726562,552.2725219726562,395.4009094238281,0
FRO,FRO.OL,2000-12-27,540.9089965820312,561.363525390625,536.363525390625,556.8179931640625,398.65533447265625,15983
FRO,FRO.OL,2000-12-28,565.9089965820312,568.1820068359375,536.363525390625,545.4545288085938,390.5195617675781,34534
FRO,FRO.OL,2000-12-29,545.4545288085938,547.7274780273438,540.9089965820312,540.9089965820312,387.26519775390625,21343
FRO,FRO.OL,2001-01-01,540.9089965820312,540.9089965820312,540.9089965820312,540.9089965820312,387.26519775390625,0
FRO,FRO.OL,2001-01-02,540.9089965820312,545.4545288085938,518.1820068359375,536.363525390625,384.0108642578125,44837
FRO,FRO.OL,2001-01-03,536.363525390625,536.363525390625,493.1817932128906,495.4545593261719,354.7220458984375,171017
FRO,FRO.OL,2001-01-04,513.636474609375,513.636474609375,472.727294921875,500.0,357.97625732421875,123080
FRO,FRO.OL,2001-01-05,502.2724914550781,502.2724914550781,472.727294921875,486.3636474609375,348.2132263183594,149525
FRO,FRO.OL,2001-01-08,486.36358642578125,513.636474609375,477.27264404296875,490.9090881347656,351.46759033203125,65972
FRO,FRO.OL,2001-01-09,506.8179931640625,513.636474609375,490.9090881347656,493.1818542480469,353.09478759765625,102671
FRO,FRO.OL,2001-01-10,504.5455017089844,513.636474609375,502.2724914550781,509.09100341796875,364.4849853515625,128375
FRO,FRO.OL,2001-01-11,513.636474609375,543.1820068359375,509.09100341796875,527.2725219726562,377.5020751953125,146371
FRO,FRO.OL,2001-01-12,536.363525390625,545.4545288085938,520.4545288085938,527.2725219726562,377.5020751953125,84916
FRO,FRO.OL,2001-01-15,531.8179931640625,536.363525390625,500.0,500.0,357.97625732421875,56667
FRO,FRO.OL,2001-01-16,504.5455017089844,500.0,504.5455017089844,504.5455017089844,361.2305603027344,110
FRO,FRO.OL,2001-01-17,497.727294921875,506.8179931640625,490.9090881347656,500.0,357.97625732421875,88282
FRO,FRO.OL,2001-01-18,497.727294921875,500.0,484.0908508300781,497.727294921875,356.34912109375,185331
FRO,FRO.OL,2001-01-19,502.2724914550781,506.8179931640625,493.1817932128906,500.0,357.97625732421875,53275
FRO,FRO.OL,2001-01-22,497.727294921875,506.8179931640625,488.6363525390625,504.5455017089844,361.2305603027344,22631
FRO,FRO.OL,2001-01-23,500.0,500.0,490.9090881347656,490.9090881347656,351.46759033203125,24152
FRO,FRO.OL,2001-01-24,490.9090881347656,490.9090881347656,490.9090881347656,490.9090881347656,351.46759033203125,0
FRO,FRO.OL,2001-01-25,481.8181457519531,502.2724914550781,475.0,502.2724914550781,359.6032409667969,117352
FRO,FRO.OL,2001-01-26,502.2724914550781,502.2724914550781,502.2724914550781,502.2724914550781,359.6032409667969,0
FRO,FRO.OL,2001-01-29,511.3634948730469,536.363525390625,511.3634948730469,518.1820068359375,370.9937744140625,52068
FRO,FRO.OL,2001-01-30,520.4545288085938,527.2725219726562,490.9090881347656,495.4545593261719,354.7220458984375,48486
FRO,FRO.OL,2001-01-31,502.2724914550781,502.2724914550781,475.0,481.8181457519531,344.9588928222656,141221
FRO,FRO.OL,2001-02-01,477.27264404296875,486.36358642578125,465.9090881347656,472.727294921875,338.45025634765625,114769
FRO,FRO.OL,2001-02-02,472.727294921875,484.0909118652344,472.727294921875,479.5454406738281,343.3318176269531,33352
FRO,FRO.OL,2001-02-05,486.3636474609375,495.4545593261719,479.5454406738281,484.0909118652344,346.5860900878906,39303
FRO,FRO.OL,2001-02-06,486.36358642578125,497.727294921875,472.727294921875,497.727294921875,356.34912109375,184734
FRO,FRO.OL,2001-02-07,506.8179931640625,529.5454711914062,495.4545593261719,527.2725219726562,377.5020751953125,160493
FRO,FRO.OL,2001-02-08,525.0,525.0,504.5455017089844,513.636474609375,367.73944091796875,47738
FRO,FRO.OL,2001-02-09,515.9089965820312,518.1820068359375,500.0,518.1820068359375,370.9937744140625,41479
FRO,FRO.OL,2001-02-12,518.1820068359375,534.0910034179688,513.636474609375,527.2725219726562,377.5020751953125,72820
FRO,FRO.OL,2001-02-13,536.363525390625,543.1820068359375,527.2725219726562,536.363525390625,384.0108642578125,74567
FRO,FRO.OL,2001-02-14,529.5454711914062,529.5454711914062,515.9089965820312,520.4545288085938,372.6207580566406,41538
FRO,FRO.OL,2001-02-15,527.2725219726562,531.8179931640625,527.2725219726562,529.5454711914062,379.12945556640625,41275
FRO,FRO.OL,2001-02-16,518.1820068359375,552.2725219726562,518.1820068359375,538.636474609375,385.63818359375,89821
FRO,FRO.OL,2001-02-19,545.4545288085938,577.2725219726562,543.1820068359375,568.1820068359375,406.79144287109375,95913
FRO,FRO.OL,2001-02-20,575.0,595.4545288085938,572.7274780273438,577.2725219726562,413.2996826171875,131329
FRO,FRO.OL,2001-02-21,581.8179931640625,581.8179931640625,559.0910034179688,572.7274780273438,410.0456848144531,33288
FRO,FRO.OL,2001-02-22,593.1820068359375,618.1820068359375,586.363525390625,615.9089965820312,440.9615783691406,454428
FRO,FRO.OL,2001-02-23,611.363525390625,681.8179931640625,609.0910034179688,668.1820068359375,478.3865966796875,935631
FRO,FRO.OL,2001-02-26,668.1820068359375,681.8179931640625,636.363525390625,668.1820068359375,478.3865966796875,368244
FRO,FRO.OL,2001-02-27,668.1820068359375,668.1820068359375,645.4545288085938,661.363525390625,473.5050048828125,330422
FRO,FRO.OL,2001-02-28,659.0910034179688,681.8179931640625,645.4545288085938,645.4545288085938,462.1148376464844,249007
FRO,FRO.OL,2001-03-01,636.363525390625,636.363525390625,613.636474609375,625.0,447.47021484375,201965
FRO,FRO.OL,2001-03-02,613.636474609375,631.8179931640625,613.636474609375,622.7274780273438,445.8431701660156,9508
FRO,FRO.OL,2001-03-05,636.363525390625,650.0,631.8179931640625,645.4545288085938,462.1148376464844,69686
FRO,FRO.OL,2001-03-06,663.636474609375,670.4545288085938,650.0,659.0910034179688,471.8778076171875,113967
FRO,FRO.OL,2001-03-07,650.0,661.363525390625,650.0,656.8179931640625,470.2504577636719,68623
FRO,FRO.OL,2001-03-08,659.0910034179688,704.5454711914062,659.0910034179688,700.0,501.1667175292969,304027
FRO,FRO.OL,2001-03-09,700.0,713.636474609375,697.7274780273438,702.2725219726562,502.79376220703125,82916
FRO,FRO.OL,2001-03-12,690.9089965820312,713.636474609375,681.8179931640625,700.0,501.1667175292969,161037
FRO,FRO.OL,2001-03-13,681.8179931640625,713.636474609375,677.2725219726562,713.636474609375,510.92962646484375,290574
FRO,FRO.OL,2001-03-14,713.636474609375,713.636474609375,713.636474609375,713.636474609375,510.92962646484375,0
FRO,FRO.OL,2001-03-15,677.2725219726562,677.2725219726562,638.636474609375,640.9089965820312,458.86041259765625,132011
FRO,FRO.OL,2001-03-16,638.636474609375,659.0910034179688,627.2725219726562,652.2725219726562,466.9961853027344,76697
FRO,FRO.OL,2001-03-19,654.5454711914062,668.1820068359375,650.0,668.1820068359375,478.3865966796875,39362
FRO,FRO.OL,2001-03-20,659.0910034179688,729.5454711914062,659.0910034179688,711.363525390625,509.3024597167969,244069
FRO,FRO.OL,2001-03-21,681.8179931640625,718.1820068359375,681.8179931640625,704.5454711914062,504.4212341308594,143681
FRO,FRO.OL,2001-03-22,681.8179931640625,702.2725219726562,681.8179931640625,693.1820068359375,496.285400390625,133520
FRO,FRO.OL,2001-03-23,686.363525390625,690.9089965820312,663.636474609375,677.2725219726562,484.89501953125,49043
FRO,FRO.OL,2001-03-26,681.8179931640625,722.7274780273438,681.8179931640625,722.7274780273438,517.4386596679688,87501
FRO,FRO.OL,2001-03-27,722.7274780273438,738.636474609375,715.9089965820312,720.4545288085938,515.8111572265625,100384
FRO,FRO.OL,2001-03-28,722.7274780273438,727.2725219726562,715.9089965820312,718.1820068359375,514.18408203125,35307
FRO,FRO.OL,2001-03-29,700.0,718.1820068359375,700.0,704.5454711914062,504.4212341308594,34517
FRO,FRO.OL,2001-03-30,718.1820068359375,727.2725219726562,713.636474609375,725.0,519.0655517578125,85749
FRO,FRO.OL,2001-04-02,734.0910034179688,745.4545288085938,727.2725219726562,736.363525390625,527.2012329101562,53171
FRO,FRO.OL,2001-04-03,731.8179931640625,731.8179931640625,713.636474609375,718.1820068359375,514.18408203125,42839
FRO,FRO.OL,2001-04-04,702.2725219726562,715.9089965820312,690.9089965820312,713.636474609375,510.92962646484375,89809
FRO,FRO.OL,2001-04-05,711.363525390625,736.363525390625,711.363525390625,731.8179931640625,523.9470825195312,78997
FRO,FRO.OL,2001-04-06,722.7274780273438,731.8179931640625,718.1820068359375,731.8179931640625,523.9470825195312,18814
FRO,FRO.OL,2001-04-09,722.7274780273438,736.363525390625,720.4545288085938,731.8179931640625,523.9470825195312,9515
FRO,FRO.OL,2001-04-10,731.8179931640625,768.1820068359375,731.8179931640625,768.1820068359375,549.98193359375,67340
FRO,FRO.OL,2001-04-11,786.363525390625,831.8179931640625,786.363525390625,809.0910034179688,579.270751953125,56012
FRO,FRO.OL,2001-04-12,809.0910034179688,809.0910034179688,809.0910034179688,809.0910034179688,579.270751953125,0
FRO,FRO.OL,2001-04-13,809.0910034179688,809.0910034179688,809.0910034179688,809.0910034179688,579.270751953125,0
FRO,FRO.OL,2001-04-16,809.0910034179688,809.0910034179688,809.0910034179688,809.0910034179688,579.270751953125,0
FRO,FRO.OL,2001-04-17,820.4545288085938,845.4545288085938,813.636474609375,831.8179931640625,595.542236328125,119380
FRO,FRO.OL,2001-04-18,831.8179931640625,834.0910034179688,802.2725219726562,809.0910034179688,579.270751953125,55390
FRO,FRO.OL,2001-04-19,795.4545288085938,822.7274780273438,795.4545288085938,822.7274780273438,589.0338745117188,96518
FRO,FRO.OL,2001-04-20,818.1820068359375,818.1820068359375,804.5454711914062,811.363525390625,580.897705078125,20415
FRO,FRO.OL,2001-04-23,815.9089965820312,847.7274780273438,815.9089965820312,845.4545288085938,605.305419921875,48164
FRO,FRO.OL,2001-04-24,863.636474609375,872.7274780273438,859.0910034179688,863.636474609375,618.3228149414062,114064
FRO,FRO.OL,2001-04-25,854.5454711914062,863.636474609375,845.4545288085938,856.8179931640625,613.4410400390625,83521
FRO,FRO.OL,2001-04-26,854.5454711914062,863.636474609375,840.9089965820312,859.0910034179688,615.068359375,53085
FRO,FRO.OL,2001-04-27,859.0910034179688,863.636474609375,845.4545288085938,863.636474609375,618.3228149414062,68304
FRO,FRO.OL,2001-04-30,840.9089965820312,859.0910034179688,795.4545288085938,818.1820068359375,585.7796630859375,84146
FRO,FRO.OL,2001-05-01,818.1820068359375,818.1820068359375,818.1820068359375,818.1820068359375,585.7796630859375,0
FRO,FRO.OL,2001-05-02,818.1820068359375,822.7274780273438,750.0,772.7274780273438,553.236083984375,104223
FRO,FRO.OL,2001-05-03,722.7274780273438,745.4545288085938,704.5454711914062,743.1820068359375,532.0828857421875,230254
FRO,FRO.OL,2001-05-04,745.4545288085938,745.4545288085938,731.8179931640625,736.363525390625,527.2012329101562,193534
FRO,FRO.OL,2001-05-07,736.363525390625,736.363525390625,736.363525390625,736.363525390625,527.2012329101562,0
FRO,FRO.OL,2001-05-08,790.9089965820312,797.7274780273438,775.0,790.9089965820312,566.2532958984375,105278
FRO,FRO.OL,2001-05-09,815.9089965820312,859.0910034179688,800.0,854.5454711914062,611.8140258789062,245401
FRO,FRO.OL,2001-05-10,859.0910034179688,900.0,859.0910034179688,890.9089965820312,637.848388671875,119987
FRO,FRO.OL,2001-05-11,893.1820068359375,913.636474609375,886.363525390625,895.4545288085938,641.1029052734375,70320
FRO,FRO.OL,2001-05-14,897.7274780273438,897.7274780273438,863.636474609375,868.1820068359375,621.5772094726562,71658
FRO,FRO.OL,2001-05-15,872.7274780273438,877.2725219726562,859.0910034179688,875.0,626.4583129882812,18304
FRO,FRO.OL,2001-05-16,890.9089965820312,890.9089965820312,868.1820068359375,888.636474609375,636.2212524414062,35975
FRO,FRO.OL,2001-05-17,888.636474609375,888.636474609375,888.636474609375,888.636474609375,636.2212524414062,0
FRO,FRO.OL,2001-05-18,886.363525390625,963.636474609375,886.363525390625,963.636474609375,689.9179077148438,121521
FRO,FRO.OL,2001-05-21,961.363525390625,1009.0910034179688,961.363525390625,979.5454711914062,701.3082275390625,157700
FRO,FRO.OL,2001-05-22,972.7274780273438,972.7274780273438,918.1820068359375,922.7274780273438,660.62890625,131924
FRO,FRO.OL,2001-05-23,918.1820068359375,940.9089965820312,890.9089965820312,931.8179931640625,667.1373291015625,77239
FRO,FRO.OL,2001-05-24,931.8179931640625,931.8179931640625,931.8179931640625,931.8179931640625,667.1373291015625,0
FRO,FRO.OL,2001-05-25,922.7274780273438,943.1820068359375,920.4545288085938,938.636474609375,672.0191650390625,25067
FRO,FRO.OL,2001-05-28,927.2725219726562,927.2725219726562,904.5454711914062,925.0,662.256103515625,22103
FRO,FRO.OL,2001-05-29,911.363525390625,922.7274780273438,895.4545288085938,900.0,644.3573608398438,34201
FRO,FRO.OL,2001-05-30,900.0,900.0,868.1820068359375,870.4545288085938,623.2041625976562,56748
FRO,FRO.OL,2001-05-31,872.7274780273438,890.9089965820312,854.5454711914062,872.7274780273438,624.8314819335938,135720
FRO,FRO.OL,2001-06-01,868.1820068359375,897.7274780273438,861.363525390625,863.636474609375,618.3228149414062,183969
FRO,FRO.OL,2001-06-04,863.636474609375,863.636474609375,863.636474609375,863.636474609375,618.3228149414062,0
FRO,FRO.OL,2001-06-05,865.9089965820312,918.1820068359375,865.9089965820312,913.636474609375,654.120361328125,99560
FRO,FRO.OL,2001-06-06,909.0910034179688,915.9089965820312,886.363525390625,909.0910034179688,650.8659057617188,103020
FRO,FRO.OL,2001-06-07,904.5454711914062,931.8179931640625,900.0,922.7274780273438,660.62890625,171804
FRO,FRO.OL,2001-06-08,931.8179931640625,934.0910034179688,895.4545288085938,895.4545288085938,641.1029052734375,87568
FRO,FRO.OL,2001-06-11,895.4545288085938,895.4545288085938,834.0910034179688,834.0910034179688,597.1694946289062,118024
FRO,FRO.OL,2001-06-12,836.363525390625,836.363525390625,754.5454711914062,809.0910034179688,579.270751953125,82753
FRO,FRO.OL,2001-06-13,813.636474609375,831.8179931640625,809.0910034179688,822.7274780273438,589.0338745117188,33184
FRO,FRO.OL,2001-06-14,813.636474609375,813.636474609375,765.9089965820312,772.7274780273438,553.236083984375,38891
FRO,FRO.OL,2001-06-15,754.5454711914062,788.636474609375,754.5454711914062,761.363525390625,545.1002197265625,60874
FRO,FRO.OL,2001-06-18,763.636474609375,790.9089965820312,763.636474609375,790.9089965820312,566.2532958984375,49048
FRO,FRO.OL,2001-06-19,781.8179931640625,781.8179931640625,754.5454711914062,768.1820068359375,549.98193359375,40516
FRO,FRO.OL,2001-06-20,763.636474609375,777.2725219726562,756.8179931640625,772.7274780273438,553.236083984375,98974
FRO,FRO.OL,2001-06-21,779.5454711914062,781.8179931640625,761.363525390625,761.363525390625,545.1002197265625,119295
FRO,FRO.OL,2001-06-22,763.636474609375,763.636474609375,750.0,750.0,536.96435546875,64149
FRO,FRO.OL,2001-06-25,754.5454711914062,768.1820068359375,745.4545288085938,768.1820068359375,549.98193359375,69134
FRO,FRO.OL,2001-06-26,763.636474609375,772.7274780273438,754.5454711914062,759.0910034179688,543.4732666015625,70078
FRO,FRO.OL,2001-06-27,765.9089965820312,765.9089965820312,734.0910034179688,745.4545288085938,533.7101440429688,41867
FRO,FRO.OL,2001-06-28,738.636474609375,754.5454711914062,736.363525390625,750.0,536.96435546875,28946
FRO,FRO.OL,2001-06-29,747.7274780273438,747.7274780273438,722.7274780273438,727.2725219726562,520.6924438476562,79876
FRO,FRO.OL,2001-07-02,731.8179931640625,777.2725219726562,722.7274780273438,777.2725219726562,556.490234375,106630
FRO,FRO.OL,2001-07-03,795.4545288085938,825.0,779.5454711914062,779.5454711914062,558.1177368164062,44377
FRO,FRO.OL,2001-07-04,795.4545288085938,804.5454711914062,790.9089965820312,800.0,572.7620239257812,49428
FRO,FRO.OL,2001-07-05,802.2725219726562,811.363525390625,786.363525390625,786.363525390625,562.9989013671875,14034
FRO,FRO.OL,2001-07-06,781.8179931640625,784.0910034179688,772.7274780273438,784.0910034179688,561.3720703125,20711
FRO,FRO.OL,2001-07-09,781.8179931640625,786.363525390625,775.0,786.363525390625,562.9989013671875,26213
FRO,FRO.OL,2001-07-10,781.8179931640625,781.8179931640625,772.7274780273438,772.7274780273438,553.236083984375,8171
FRO,FRO.OL,2001-07-11,770.4545288085938,775.0,752.2725219726562,763.636474609375,546.7276611328125,24167
FRO,FRO.OL,2001-07-12,763.636474609375,806.8179931640625,763.636474609375,797.7274780273438,571.1351928710938,44980
FRO,FRO.OL,2001-07-13,797.7274780273438,797.7274780273438,797.7274780273438,797.7274780273438,571.1351928710938,0
FRO,FRO.OL,2001-07-16,743.1820068359375,743.1820068359375,713.636474609375,718.1820068359375,514.18408203125,36717
FRO,FRO.OL,2001-07-17,715.9089965820312,718.1820068359375,704.5454711914062,718.1820068359375,514.18408203125,87599
FRO,FRO.OL,2001-07-18,681.8179931640625,700.0,659.0910034179688,672.7274780273438,481.6408386230469,169699
FRO,FRO.OL,2001-07-19,663.636474609375,677.2725219726562,654.5454711914062,668.1820068359375,478.3865966796875,59026
FRO,FRO.OL,2001-07-20,663.636474609375,670.4545288085938,659.0910034179688,668.1820068359375,478.3865966796875,77341
FRO,FRO.OL,2001-07-23,675.0,675.0,627.2725219726562,656.8179931640625,470.2504577636719,37884
FRO,FRO.OL,2001-07-24,654.5454711914062,654.5454711914062,643.1820068359375,647.7274780273438,463.7423095703125,51942
FRO,FRO.OL,2001-07-25,638.636474609375,638.636474609375,606.8179931640625,609.0910034179688,436.0802917480469,62304
FRO,FRO.OL,2001-07-26,611.363525390625,640.9089965820312,600.0,629.5454711914062,450.7247314453125,125064
FRO,FRO.OL,2001-07-27,640.9089965820312,640.9089965820312,620.4545288085938,620.4545288085938,444.21588134765625,94097
FRO,FRO.OL,2001-07-30,620.4545288085938,622.7274780273438,613.636474609375,618.1820068359375,442.5888671875,72146
FRO,FRO.OL,2001-07-31,611.363525390625,613.636474609375,604.5454711914062,611.363525390625,437.7072448730469,49980
FRO,FRO.OL,2001-08-01,602.2725219726562,604.5454711914062,586.363525390625,600.0,429.5715026855469,125544
FRO,FRO.OL,2001-08-02,606.8179931640625,618.1820068359375,606.8179931640625,613.636474609375,439.3345947265625,60814
FRO,FRO.OL,2001-08-03,618.1820068359375,640.9089965820312,618.1820068359375,634.0910034179688,453.9790344238281,62544
FRO,FRO.OL,2001-08-06,631.8179931640625,631.8179931640625,604.5454711914062,613.636474609375,439.3345947265625,23989
FRO,FRO.OL,2001-08-07,622.7274780273438,622.7274780273438,590.9089965820312,593.1820068359375,424.6904602050781,60850
FRO,FRO.OL,2001-08-08,604.5454711914062,604.5454711914062,575.0,597.7274780273438,427.9444885253906,75113
FRO,FRO.OL,2001-08-09,600.0,600.0,572.7274780273438,584.0910034179688,418.1811828613281,63631
FRO,FRO.OL,2001-08-10,581.8179931640625,595.4545288085938,579.5454711914062,584.0910034179688,418.1811828613281,79142
FRO,FRO.OL,2001-08-13,600.0,613.636474609375,595.4545288085938,613.636474609375,439.3345947265625,39756
FRO,FRO.OL,2001-08-14,636.363525390625,636.363525390625,604.5454711914062,622.7274780273438,445.8431701660156,304142
FRO,FRO.OL,2001-08-15,625.0,625.0,581.8179931640625,593.1820068359375,424.6904602050781,81696
FRO,FRO.OL,2001-08-16,595.4545288085938,595.4545288085938,572.7274780273438,581.8179931640625,416.5541687011719,32461
FRO,FRO.OL,2001-08-17,586.363525390625,590.9089965820312,572.7274780273438,577.2725219726562,413.2996826171875,20079
FRO,FRO.OL,2001-08-20,577.2725219726562,577.2725219726562,527.2725219726562,527.2725219726562,377.5020751953125,106562
FRO,FRO.OL,2001-08-21,518.1820068359375,568.1820068359375,518.1820068359375,554.5454711914062,398.5398254394531,125316
FRO,FRO.OL,2001-08-22,572.7274780273438,613.636474609375,568.1820068359375,613.636474609375,441.0074768066406,102554
FRO,FRO.OL,2001-08-23,627.2725219726562,645.4545288085938,595.4545288085938,602.2725219726562,432.8403625488281,69974
FRO,FRO.OL,2001-08-24,613.636474609375,629.5454711914062,604.5454711914062,622.7274780273438,447.5408020019531,67056
FRO,FRO.OL,2001-08-27,625.0,625.0,615.9089965820312,615.9089965820312,442.64056396484375,29721
FRO,FRO.OL,2001-08-28,609.0910034179688,609.0910034179688,577.2725219726562,593.1820068359375,426.30743408203125,43914
FRO,FRO.OL,2001-08-29,577.2725219726562,590.9089965820312,577.2725219726562,590.9089965820312,424.67376708984375,40033
FRO,FRO.OL,2001-08-30,588.636474609375,588.636474609375,575.0,581.8179931640625,418.14013671875,21416
FRO,FRO.OL,2001-08-31,577.2725219726562,577.2725219726562,545.4545288085938,556.8179931640625,400.1732482910156,32035
FRO,FRO.OL,2001-09-03,556.8179931640625,556.8179931640625,545.4545288085938,547.7274780273438,393.6400451660156,11319
FRO,FRO.OL,2001-09-04,545.4545288085938,550.0,545.4545288085938,547.7274780273438,393.6400451660156,18744
FRO,FRO.OL,2001-09-05,561.363525390625,572.7274780273438,559.0910034179688,572.7274780273438,411.6069030761719,29828
FRO,FRO.OL,2001-09-06,579.5454711914062,581.8179931640625,568.1820068359375,575.0,413.2401428222656,32296
FRO,FRO.OL,2001-09-07,577.2725219726562,584.0910034179688,563.636474609375,563.636474609375,405.0735168457031,23208
FRO,FRO.OL,2001-09-10,563.636474609375,563.636474609375,531.8179931640625,543.1820068359375,390.373046875,14230
FRO,FRO.OL,2001-09-11,559.0910034179688,579.5454711914062,522.7274780273438,545.4545288085938,392.006591796875,81368
FRO,FRO.OL,2001-09-12,540.9089965820312,554.5454711914062,463.6363525390625,477.272705078125,343.005615234375,108746
FRO,FRO.OL,2001-09-13,495.4545593261719,518.1820068359375,486.36358642578125,500.0,359.33929443359375,144441
FRO,FRO.OL,2001-09-14,502.2724914550781,525.0,495.4545593261719,495.4545593261719,356.072509765625,62364
FRO,FRO.OL,2001-09-17,481.8181457519531,522.7274780273438,481.8181457519531,509.09100341796875,365.8727722167969,74166
FRO,FRO.OL,2001-09-18,518.1820068359375,520.4545288085938,495.4545593261719,495.4545593261719,356.072509765625,40377
FRO,FRO.OL,2001-09-19,477.27264404296875,493.1817932128906,450.0,450.0,323.4054260253906,23798
FRO,FRO.OL,2001-09-20,436.36358642578125,438.6363525390625,375.0,425.0,305.43841552734375,98947
FRO,FRO.OL,2001-09-21,404.54541015625,404.54541015625,356.8181457519531,356.8181457519531,256.4375915527344,145357
FRO,FRO.OL,2001-09-24,370.4545593261719,409.0908508300781,363.6363525390625,390.9090881347656,280.93798828125,358049
FRO,FRO.OL,2001-09-25,393.1818542480469,393.1818542480469,375.0,386.3636474609375,277.6712341308594,143568
FRO,FRO.OL,2001-09-26,377.272705078125,393.1818542480469,375.0,386.3636474609375,277.6712341308594,140712
FRO,FRO.OL,2001-09-27,377.27264404296875,377.27264404296875,363.6363525390625,370.4545593261719,266.2377014160156,59112
FRO,FRO.OL,2001-09-28,370.4545593261719,370.4545593261719,370.4545593261719,370.4545593261719,266.2377014160156,0
FRO,FRO.OL,2001-10-01,370.4545593261719,381.8181457519531,368.1817932128906,372.727294921875,267.87115478515625,45220
FRO,FRO.OL,2001-10-02,379.54541015625,384.0908508300781,375.0,375.0,269.5044860839844,74891
FRO,FRO.OL,2001-10-03,372.727294921875,372.727294921875,331.8181457519531,340.9090881347656,245.00405883789062,174593
FRO,FRO.OL,2001-10-04,347.727294921875,347.727294921875,331.8181457519531,343.1818542480469,246.63748168945312,236727
FRO,FRO.OL,2001-10-05,343.1818542480469,347.727294921875,338.6363525390625,343.1818542480469,246.63748168945312,370037
FRO,FRO.OL,2001-10-08,336.36358642578125,354.54541015625,318.1817932128906,350.0,251.5375518798828,59785
FRO,FRO.OL,2001-10-09,354.5454406738281,359.0909118652344,334.0909118652344,334.0909118652344,240.1039581298828,36651
FRO,FRO.OL,2001-10-10,329.5454406738281,345.4545593261719,313.6363525390625,343.1818542480469,246.63748168945312,75746
FRO,FRO.OL,2001-10-11,354.5454406738281,368.1818542480469,350.0,361.3636474609375,259.7043151855469,150167
FRO,FRO.OL,2001-10-12,368.1817932128906,368.1817932128906,347.727294921875,350.0,251.5375518798828,128448
FRO,FRO.OL,2001-10-15,350.0,350.0,329.54541015625,331.8181457519531,238.47059631347656,50470
FRO,FRO.OL,2001-10-16,331.8181457519531,331.8181457519531,331.8181457519531,331.8181457519531,238.47059631347656,0
FRO,FRO.OL,2001-10-17,315.9090881347656,327.272705078125,304.5454406738281,327.272705078125,235.2039337158203,231613
FRO,FRO.OL,2001-10-18,322.727294921875,322.727294921875,302.272705078125,302.272705078125,217.23690795898438,189538
FRO,FRO.OL,2001-10-19,304.54541015625,309.0909118652344,288.63629150390625,293.1817932128906,210.70352172851562,180724
FRO,FRO.OL,2001-10-22,295.4545593261719,309.0909118652344,295.4545593261719,306.8182067871094,220.5037384033203,188078
FRO,FRO.OL,2001-10-23,320.4545593261719,327.272705078125,306.8182067871094,327.272705078125,235.2039337158203,126689
FRO,FRO.OL,2001-10-24,329.54541015625,338.6363525390625,320.4545593261719,322.727294921875,231.93719482421875,126591
FRO,FRO.OL,2001-10-25,322.727294921875,329.54541015625,304.54541015625,309.0909118652344,222.13705444335938,79190
FRO,FRO.OL,2001-10-26,309.0909118652344,309.0909118652344,309.0909118652344,309.0909118652344,222.13705444335938,0
FRO,FRO.OL,2001-10-29,320.4545593261719,334.0908508300781,309.0909118652344,322.727294921875,231.93719482421875,85019
FRO,FRO.OL,2001-10-30,318.1817932128906,322.727294921875,311.3636474609375,313.6363525390625,225.40374755859375,83568
FRO,FRO.OL,2001-10-31,313.6363525390625,313.6363525390625,304.5454406738281,304.5454406738281,218.87030029296875,67617
FRO,FRO.OL,2001-11-01,309.0909118652344,311.3636474609375,297.727294921875,309.0909118652344,222.13705444335938,71939
FRO,FRO.OL,2001-11-02,309.0909118652344,309.0909118652344,300.0,300.0,215.6035614013672,32362
FRO,FRO.OL,2001-11-05,304.54541015625,306.8182067871094,286.3636474609375,297.727294921875,213.97021484375,57508
FRO,FRO.OL,2001-11-06,290.9090881347656,290.9090881347656,277.272705078125,281.8182067871094,202.53672790527344,96817
FRO,FRO.OL,2001-11-07,277.272705078125,279.54541015625,265.9090881347656,270.4545593261719,194.36990356445312,108493
FRO,FRO.OL,2001-11-08,275.0,290.9090881347656,272.727294921875,284.0909118652344,204.1700439453125,159183
FRO,FRO.OL,2001-11-09,281.8182067871094,293.1817932128906,277.272705078125,286.3636474609375,205.80337524414062,128975
FRO,FRO.OL,2001-11-12,290.9090881347656,290.9090881347656,259.0909118652344,263.6363525390625,189.46975708007812,88045
FRO,FRO.OL,2001-11-13,281.8182067871094,300.0,281.8182067871094,295.4545593261719,212.3369140625,405528
FRO,FRO.OL,2001-11-14,304.54541015625,306.8182067871094,290.9090881347656,293.1817932128906,210.70352172851562,204595
FRO,FRO.OL,2001-11-15,290.9090881347656,293.1817932128906,277.272705078125,284.0909118652344,204.1700439453125,77079
FRO,FRO.OL,2001-11-16,279.5454406738281,334.0909118652344,279.5454406738281,334.0909118652344,240.1039581298828,550671
FRO,FRO.OL,2001-11-19,334.0908508300781,336.36358642578125,311.3636474609375,318.1817932128906,229.01321411132812,277230
FRO,FRO.OL,2001-11-20,320.4545593261719,320.4545593261719,306.8182067871094,311.3636474609375,224.10580444335938,110103
FRO,FRO.OL,2001-11-21,309.0909118652344,311.3636474609375,297.727294921875,304.5454406738281,219.19833374023438,269260
FRO,FRO.OL,2001-11-22,302.272705078125,304.54541015625,293.1817932128906,293.1817932128906,211.01934814453125,95127
FRO,FRO.OL,2001-11-23,295.4545593261719,309.0909118652344,288.63629150390625,302.272705078125,217.5624542236328,100218
FRO,FRO.OL,2001-11-26,331.8181457519531,363.6363525390625,331.8181457519531,354.5454406738281,255.18612670898438,660443
FRO,FRO.OL,2001-11-27,356.8181457519531,356.8181457519531,343.1817932128906,345.4545593261719,248.64288330078125,147152
FRO,FRO.OL,2001-11-28,345.4545593261719,345.4545593261719,334.0909118652344,336.3636474609375,242.09976196289062,45002
FRO,FRO.OL,2001-11-29,336.36358642578125,336.36358642578125,320.4545593261719,331.8181457519531,238.82797241210938,258252
FRO,FRO.OL,2001-11-30,338.6363525390625,352.27264404296875,338.6363525390625,345.4545593261719,248.64288330078125,238045
FRO,FRO.OL,2001-12-03,356.8181457519531,368.1818542480469,354.5454406738281,354.5454406738281,255.18612670898438,186468
FRO,FRO.OL,2001-12-04,354.54541015625,356.8181457519531,345.4545593261719,347.727294921875,250.2786407470703,70514
FRO,FRO.OL,2001-12-05,352.27264404296875,354.54541015625,343.1817932128906,345.4545593261719,248.64288330078125,85180
FRO,FRO.OL,2001-12-06,354.54541015625,379.54541015625,354.54541015625,372.727294921875,268.27264404296875,265934
FRO,FRO.OL,2001-12-07,368.1817932128906,379.54541015625,368.1817932128906,370.4545593261719,266.63690185546875,91792
FRO,FRO.OL,2001-12-10,368.1817932128906,368.1817932128906,361.36358642578125,363.6363525390625,261.72930908203125,57083
FRO,FRO.OL,2001-12-11,363.6363525390625,390.9090881347656,363.6363525390625,381.8181457519531,274.8157653808594,269261
FRO,FRO.OL,2001-12-12,386.36358642578125,400.0,384.0908508300781,388.6363525390625,279.72320556640625,148545
FRO,FRO.OL,2001-12-13,386.3636474609375,386.3636474609375,365.9090881347656,377.272705078125,271.54425048828125,218746
FRO,FRO.OL,2001-12-14,372.727294921875,386.3636474609375,372.727294921875,386.3636474609375,278.08740234375,195502
FRO,FRO.OL,2001-12-17,388.6363525390625,390.9090881347656,356.8181457519531,372.727294921875,268.27264404296875,143600
FRO,FRO.OL,2001-12-18,368.1817932128906,368.1817932128906,343.1817932128906,356.8181457519531,256.8219299316406,79194
FRO,FRO.OL,2001-12-19,363.6363525390625,375.0,354.54541015625,372.727294921875,268.27264404296875,89351
FRO,FRO.OL,2001-12-20,375.0,409.0909118652344,375.0,404.5454406738281,291.1738586425781,177280
FRO,FRO.OL,2001-12-21,400.0,418.1817932128906,400.0,413.6363525390625,297.7171325683594,47342
FRO,FRO.OL,2001-12-24,413.6363525390625,413.6363525390625,413.6363525390625,413.6363525390625,297.7171325683594,0
FRO,FRO.OL,2001-12-25,413.6363525390625,413.6363525390625,413.6363525390625,413.6363525390625,297.7171325683594,0
FRO,FRO.OL,2001-12-26,413.6363525390625,413.6363525390625,413.6363525390625,413.6363525390625,297.7171325683594,0
FRO,FRO.OL,2001-12-27,406.8181457519531,434.0908508300781,404.54541015625,422.727294921875,304.2605285644531,49550
FRO,FRO.OL,2001-12-28,422.727294921875,431.8181457519531,418.1817932128906,422.727294921875,304.2605285644531,53020
FRO,FRO.OL,2001-12-31,422.727294921875,422.727294921875,422.727294921875,422.727294921875,304.2605285644531,0
FRO,FRO.OL,2002-01-01,422.727294921875,422.727294921875,422.727294921875,422.727294921875,304.2605285644531,0
FRO,FRO.OL,2002-01-02,409.0908508300781,418.1817932128906,402.27264404296875,406.8181457519531,292.8097229003906,46163
FRO,FRO.OL,2002-01-03,404.5454406738281,404.5454406738281,384.0909118652344,386.3636474609375,278.08740234375,139016
FRO,FRO.OL,2002-01-04,386.36358642578125,397.727294921875,386.36358642578125,390.9090881347656,281.3590087890625,96966
FRO,FRO.OL,2002-01-07,386.36358642578125,393.1817932128906,386.36358642578125,390.9090881347656,281.3590087890625,47956
FRO,FRO.OL,2002-01-08,397.727294921875,397.727294921875,379.5454406738281,379.5454406738281,273.18011474609375,82640
FRO,FRO.OL,2002-01-09,379.5454406738281,393.1818542480469,370.4545593261719,393.1818542480469,282.9949035644531,40670
FRO,FRO.OL,2002-01-10,390.9090881347656,393.1818542480469,381.8181457519531,386.3636474609375,278.08740234375,158455
FRO,FRO.OL,2002-01-11,386.3636474609375,413.6363525390625,386.3636474609375,411.3636474609375,296.0813903808594,178918
FRO,FRO.OL,2002-01-14,409.0908508300781,411.36358642578125,397.727294921875,397.727294921875,286.2665100097656,52445
FRO,FRO.OL,2002-01-15,404.54541015625,404.54541015625,388.6363525390625,395.4545593261719,284.630615234375,36240
FRO,FRO.OL,2002-01-16,397.727294921875,397.727294921875,379.54541015625,381.8181457519531,274.8157653808594,72538
FRO,FRO.OL,2002-01-17,372.727294921875,390.9090881347656,372.727294921875,386.3636474609375,278.08740234375,35114
FRO,FRO.OL,2002-01-18,390.9090881347656,390.9090881347656,370.4545593261719,372.727294921875,268.27264404296875,99136
FRO,FRO.OL,2002-01-21,359.0909118652344,377.272705078125,359.0909118652344,377.272705078125,271.54425048828125,23703
FRO,FRO.OL,2002-01-22,372.727294921875,386.3636474609375,372.727294921875,386.3636474609375,278.08740234375,36388
FRO,FRO.OL,2002-01-23,381.8181457519531,386.3636474609375,381.8181457519531,386.3636474609375,278.08740234375,87868
FRO,FRO.OL,2002-01-24,390.9090881347656,390.9090881347656,384.0908508300781,388.6363525390625,279.72320556640625,13728
FRO,FRO.OL,2002-01-25,388.6363525390625,395.4545593261719,388.6363525390625,390.9090881347656,281.3590087890625,39193
FRO,FRO.OL,2002-01-28,386.36358642578125,390.9090881347656,386.36358642578125,390.9090881347656,281.3590087890625,55583
FRO,FRO.OL,2002-01-29,397.727294921875,404.54541015625,393.1817932128906,397.727294921875,286.2665100097656,90957
FRO,FRO.OL,2002-01-30,390.9090881347656,393.1817932128906,386.36358642578125,390.9090881347656,281.3590087890625,69768
FRO,FRO.OL,2002-01-31,390.9090881347656,397.727294921875,390.9090881347656,395.4545593261719,284.630615234375,84328
FRO,FRO.OL,2002-02-01,395.4545593261719,397.727294921875,390.9090881347656,395.4545593261719,284.630615234375,54898
FRO,FRO.OL,2002-02-04,395.4545593261719,404.5454406738281,390.9090881347656,402.272705078125,289.5380554199219,39996
FRO,FRO.OL,2002-02-05,395.4545593261719,395.4545593261719,379.54541015625,390.9090881347656,281.3590087890625,66481
FRO,FRO.OL,2002-02-06,388.6363525390625,395.4545593261719,381.8181457519531,395.4545593261719,284.630615234375,46057
FRO,FRO.OL,2002-02-07,395.4545593261719,409.0908508300781,388.6363525390625,406.8181457519531,292.8097229003906,111870
FRO,FRO.OL,2002-02-08,406.8181457519531,406.8181457519531,400.0,404.5454406738281,291.1738586425781,28187
FRO,FRO.OL,2002-02-11,404.54541015625,409.0908508300781,397.727294921875,397.727294921875,286.2665100097656,81082
FRO,FRO.OL,2002-02-12,406.8181457519531,409.0909118652344,402.272705078125,409.0909118652344,294.4454650878906,115376
FRO,FRO.OL,2002-02-13,404.54541015625,415.9090881347656,404.54541015625,413.6363525390625,297.7171325683594,143573
FRO,FRO.OL,2002-02-14,413.6363525390625,420.4545593261719,413.6363525390625,415.9090881347656,299.35296630859375,129776
FRO,FRO.OL,2002-02-15,415.9090881347656,418.1818542480469,415.9090881347656,418.1818542480469,300.9888000488281,64633
FRO,FRO.OL,2002-02-18,418.1818542480469,418.1818542480469,404.5454406738281,404.5454406738281,291.1738586425781,0
FRO,FRO.OL,2002-02-19,404.5454406738281,404.5454406738281,390.9090881347656,393.1818542480469,282.9949035644531,0
FRO,FRO.OL,2002-02-20,390.9090881347656,393.1818542480469,390.9090881347656,393.1818542480469,282.9949035644531,0
FRO,FRO.OL,2002-02-21,390.9090881347656,395.4545593261719,379.5454406738281,379.5454406738281,273.18011474609375,0
FRO,FRO.OL,2002-02-22,379.5454406738281,386.3636474609375,379.5454406738281,381.8181457519531,274.8157653808594,0
FRO,FRO.OL,2002-02-25,386.3636474609375,404.5454406738281,386.3636474609375,397.727294921875,286.2665100097656,0
FRO,FRO.OL,2002-02-26,397.727294921875,404.5454406738281,395.4545593261719,397.727294921875,286.2665100097656,0
FRO,FRO.OL,2002-02-27,402.272705078125,420.4545593261719,402.272705078125,420.4545593261719,302.6246032714844,0
FRO,FRO.OL,2002-02-28,418.1818542480469,445.4545593261719,418.1818542480469,443.1818542480469,318.98272705078125,0
FRO,FRO.OL,2002-03-01,447.727294921875,493.1818542480469,447.727294921875,488.6363525390625,351.6988830566406,0
FRO,FRO.OL,2002-03-04,488.6363525390625,531.8179931640625,486.3636474609375,490.9090881347656,353.3346862792969,0
FRO,FRO.OL,2002-03-05,488.6363525390625,488.6363525390625,459.0909118652344,463.6363525390625,333.7049560546875,0
FRO,FRO.OL,2002-03-06,459.0909118652344,459.0909118652344,438.6363525390625,440.9090881347656,317.34686279296875,0
FRO,FRO.OL,2002-03-07,459.0909118652344,479.5454406738281,454.5454406738281,468.1818542480469,336.97662353515625,0
FRO,FRO.OL,2002-03-08,477.272705078125,493.1818542480469,477.272705078125,486.3636474609375,350.06304931640625,0
FRO,FRO.OL,2002-03-11,477.272705078125,477.272705078125,450.0,452.272705078125,326.19647216796875,0
FRO,FRO.OL,2002-03-12,454.5454406738281,472.727294921875,454.5454406738281,465.9090881347656,336.03173828125,0
FRO,FRO.OL,2002-03-13,468.1818542480469,468.1818542480469,452.272705078125,456.8181457519531,329.47491455078125,0
FRO,FRO.OL,2002-03-14,454.5454406738281,456.8181457519531,440.9090881347656,454.5454406738281,327.8356628417969,0
FRO,FRO.OL,2002-03-15,454.5454406738281,459.0909118652344,450.0,450.0,324.557373046875,0
FRO,FRO.OL,2002-03-18,454.5454406738281,468.1818542480469,452.272705078125,461.3636474609375,332.7532653808594,0
FRO,FRO.OL,2002-03-19,468.1818542480469,484.0909118652344,468.1818542480469,481.8181457519531,347.5058898925781,0
FRO,FRO.OL,2002-03-20,481.8181457519531,488.6363525390625,468.1818542480469,468.1818542480469,337.6709289550781,0
FRO,FRO.OL,2002-03-21,465.9090881347656,468.1818542480469,459.0909118652344,463.6363525390625,334.3924865722656,0
FRO,FRO.OL,2002-03-22,463.6363525390625,472.727294921875,459.0909118652344,465.9090881347656,336.03173828125,0
FRO,FRO.OL,2002-03-25,465.9090881347656,472.727294921875,463.6363525390625,463.6363525390625,334.3924865722656,0
FRO,FRO.OL,2002-03-26,456.8181457519531,459.0909118652344,438.6363525390625,440.9090881347656,318.00067138671875,0
FRO,FRO.OL,2002-03-27,440.9090881347656,459.0909118652344,440.9090881347656,459.0909118652344,331.1141357421875,0
FRO,FRO.OL,2002-03-28,459.0909118652344,459.0909118652344,459.0909118652344,459.0909118652344,331.1141357421875,0
FRO,FRO.OL,2002-03-29,459.0909118652344,459.0909118652344,459.0909118652344,459.0909118652344,331.1141357421875,0
FRO,FRO.OL,2002-04-01,459.0909118652344,459.0909118652344,459.0909118652344,459.0909118652344,331.1141357421875,0
FRO,FRO.OL,2002-04-02,463.6363525390625,472.727294921875,450.0,454.5454406738281,327.8356628417969,124740
FRO,FRO.OL,2002-04-03,454.5454406738281,465.9090881347656,452.272705078125,459.0909118652344,331.1141357421875,117862
FRO,FRO.OL,2002-04-04,456.8181457519531,459.0909118652344,436.3636474609375,436.3636474609375,314.7222595214844,139749
FRO,FRO.OL,2002-04-05,438.6363525390625,445.4545593261719,438.6363525390625,443.1818542480469,319.6398620605469,140129
FRO,FRO.OL,2002-04-08,445.4545593261719,445.4545593261719,422.727294921875,434.0909118652344,313.0832214355469,83943
FRO,FRO.OL,2002-04-09,427.272705078125,440.9090881347656,427.272705078125,436.3636474609375,314.7222595214844,52050
FRO,FRO.OL,2002-04-10,434.0909118652344,436.3636474609375,431.8181457519531,436.3636474609375,314.7222595214844,61842
FRO,FRO.OL,2002-04-11,440.9090881347656,440.9090881347656,422.727294921875,425.0,306.5265197753906,112058
FRO,FRO.OL,2002-04-12,418.1817932128906,425.0,400.0,415.9090881347656,299.9697265625,101377
FRO,FRO.OL,2002-04-15,413.6363525390625,429.5454406738281,409.0909118652344,427.272705078125,308.1655578613281,71968
FRO,FRO.OL,2002-04-16,422.727294921875,427.27264404296875,418.1817932128906,422.727294921875,304.88739013671875,39345
FRO,FRO.OL,2002-04-17,427.27264404296875,429.54541015625,422.727294921875,425.0,306.5265197753906,54560
FRO,FRO.OL,2002-04-18,425.0,434.0909118652344,425.0,429.5454406738281,309.8048400878906,30118
FRO,FRO.OL,2002-04-19,427.27264404296875,431.8181457519531,427.27264404296875,431.8181457519531,311.44390869140625,33927
FRO,FRO.OL,2002-04-22,427.272705078125,427.272705078125,418.1818542480469,418.1818542480469,301.6089172363281,32638
FRO,FRO.OL,2002-04-23,409.0908508300781,420.4545593261719,397.727294921875,406.8181457519531,293.4129333496094,194535
FRO,FRO.OL,2002-04-24,404.5454406738281,418.1818542480469,402.272705078125,418.1818542480469,301.6089172363281,103532
FRO,FRO.OL,2002-04-25,418.1818542480469,418.1818542480469,404.5454406738281,404.5454406738281,291.7737731933594,120101
FRO,FRO.OL,2002-04-26,409.0909118652344,418.1818542480469,409.0909118652344,409.0909118652344,295.0521240234375,50908
FRO,FRO.OL,2002-04-29,404.5454406738281,409.0909118652344,400.0,402.272705078125,290.13458251953125,60742
FRO,FRO.OL,2002-04-30,402.272705078125,418.1818542480469,397.727294921875,418.1818542480469,301.6089172363281,137794
FRO,FRO.OL,2002-05-01,418.1818542480469,418.1818542480469,418.1818542480469,418.1818542480469,301.6089172363281,0
FRO,FRO.OL,2002-05-02,422.727294921875,461.36358642578125,422.727294921875,440.9090881347656,318.00067138671875,300069
FRO,FRO.OL,2002-05-03,445.4545593261719,450.0,422.727294921875,422.727294921875,304.88739013671875,91822
FRO,FRO.OL,2002-05-06,431.8181457519531,436.3636474609375,422.727294921875,427.272705078125,308.1655578613281,68015
FRO,FRO.OL,2002-05-07,427.272705078125,431.8181457519531,425.0,427.272705078125,308.1655578613281,44914
FRO,FRO.OL,2002-05-08,427.27264404296875,427.27264404296875,413.6363525390625,420.4545593261719,303.248046875,62166
FRO,FRO.OL,2002-05-09,420.4545593261719,420.4545593261719,420.4545593261719,420.4545593261719,303.248046875,0
FRO,FRO.OL,2002-05-10,418.1818542480469,425.0,409.0909118652344,409.0909118652344,295.0521240234375,37440
FRO,FRO.OL,2002-05-13,418.1817932128906,427.27264404296875,413.6363525390625,415.9090881347656,299.9697265625,26050
FRO,FRO.OL,2002-05-14,431.8181457519531,434.0909118652344,427.272705078125,427.272705078125,308.1655578613281,104866
FRO,FRO.OL,2002-05-15,434.0908508300781,459.0908508300781,434.0908508300781,450.0,324.557373046875,175780
FRO,FRO.OL,2002-05-16,452.27264404296875,479.54541015625,452.27264404296875,475.0,342.58837890625,344422
FRO,FRO.OL,2002-05-17,475.0,475.0,475.0,475.0,342.58837890625,0
FRO,FRO.OL,2002-05-20,475.0,475.0,475.0,475.0,342.58837890625,0
FRO,FRO.OL,2002-05-21,490.9090881347656,493.1817932128906,479.54541015625,481.8181457519531,347.5058898925781,291867
FRO,FRO.OL,2002-05-22,475.0,484.0909118652344,459.0909118652344,468.1818542480469,337.6709289550781,222981
FRO,FRO.OL,2002-05-23,477.27264404296875,477.27264404296875,456.8181457519531,463.6363525390625,334.3924865722656,66665
FRO,FRO.OL,2002-05-24,465.9090881347656,465.9090881347656,454.5454406738281,454.5454406738281,327.8356628417969,71222
FRO,FRO.OL,2002-05-27,454.54541015625,459.0908508300781,443.1817932128906,450.0,324.557373046875,25332
FRO,FRO.OL,2002-05-28,452.27264404296875,454.54541015625,438.6363525390625,440.9090881347656,318.00067138671875,35530
FRO,FRO.OL,2002-05-29,436.3636474609375,440.9090881347656,427.272705078125,434.0909118652344,313.2608947753906,41494
FRO,FRO.OL,2002-05-30,431.8181457519531,431.8181457519531,409.0909118652344,409.0909118652344,295.2196350097656,40604
FRO,FRO.OL,2002-05-31,427.272705078125,431.8181457519531,420.4545593261719,427.272705078125,308.3404541015625,51268
FRO,FRO.OL,2002-06-03,429.54541015625,431.8181457519531,420.4545593261719,431.8181457519531,311.6206359863281,64133
FRO,FRO.OL,2002-06-04,422.727294921875,422.727294921875,415.9090881347656,415.9090881347656,300.1399230957031,68970
FRO,FRO.OL,2002-06-05,409.0909118652344,413.6363525390625,402.272705078125,404.5454406738281,291.9394226074219,77787
FRO,FRO.OL,2002-06-06,406.8181457519531,415.9090881347656,404.5454406738281,411.3636474609375,296.8597106933594,31583
FRO,FRO.OL,2002-06-07,402.27264404296875,404.54541015625,388.6363525390625,388.6363525390625,280.4585266113281,93005
FRO,FRO.OL,2002-06-10,395.4545593261719,397.727294921875,388.6363525390625,395.4545593261719,285.37890625,39787
FRO,FRO.OL,2002-06-11,397.727294921875,418.1818542480469,395.4545593261719,404.5454406738281,291.9394226074219,131874
FRO,FRO.OL,2002-06-12,406.8181457519531,406.8181457519531,390.9090881347656,400.0,288.6591491699219,16759
FRO,FRO.OL,2002-06-13,404.5454406738281,404.5454406738281,384.0909118652344,386.3636474609375,278.8184814453125,90620
FRO,FRO.OL,2002-06-14,386.36358642578125,388.6363525390625,377.27264404296875,381.8181457519531,275.5381164550781,43318
FRO,FRO.OL,2002-06-17,386.36358642578125,400.0,381.8181457519531,390.9090881347656,282.0987548828125,24318
FRO,FRO.OL,2002-06-18,393.1817932128906,400.0,390.9090881347656,400.0,288.6591491699219,17478
FRO,FRO.OL,2002-06-19,393.1818542480469,400.0,393.1818542480469,393.1818542480469,283.73876953125,55154
FRO,FRO.OL,2002-06-20,395.4545593261719,395.4545593261719,370.4545593261719,381.8181457519531,275.5381164550781,168949
FRO,FRO.OL,2002-06-21,368.1817932128906,381.8181457519531,368.1817932128906,381.8181457519531,275.5381164550781,32404
FRO,FRO.OL,2002-06-24,368.1818542480469,368.1818542480469,347.727294921875,359.0909118652344,259.13720703125,30338
FRO,FRO.OL,2002-06-25,359.0908508300781,363.6363525390625,329.54541015625,331.8181457519531,239.4557647705078,72095
FRO,FRO.OL,2002-06-26,325.0,325.0,290.9090881347656,309.0909118652344,223.0548095703125,223954
FRO,FRO.OL,2002-06-27,313.63629150390625,313.63629150390625,300.0,302.272705078125,218.134521484375,246411
FRO,FRO.OL,2002-06-28,313.63629150390625,325.0,309.0909118652344,325.0,234.53555297851562,209072
FRO,FRO.OL,2002-07-01,322.727294921875,334.0909118652344,322.727294921875,329.5454406738281,237.81570434570312,131375
FRO,FRO.OL,2002-07-02,322.727294921875,329.5454406738281,322.727294921875,329.5454406738281,237.81570434570312,70440
FRO,FRO.OL,2002-07-03,322.727294921875,322.727294921875,286.3636474609375,302.272705078125,218.134521484375,103684
FRO,FRO.OL,2002-07-04,302.272705078125,313.63629150390625,290.9090881347656,290.9090881347656,209.93389892578125,138572
FRO,FRO.OL,2002-07-05,300.0,304.5454406738281,293.1817932128906,304.5454406738281,219.77459716796875,90708
FRO,FRO.OL,2002-07-08,300.0,313.6363525390625,290.9090881347656,313.6363525390625,226.3349609375,39905
FRO,FRO.OL,2002-07-09,311.3636474609375,322.727294921875,311.3636474609375,318.1817932128906,229.61521911621094,37116
FRO,FRO.OL,2002-07-10,315.9090881347656,320.4545593261719,315.9090881347656,318.1817932128906,229.61521911621094,91960
FRO,FRO.OL,2002-07-11,311.3636474609375,313.63629150390625,304.54541015625,306.8182067871094,221.4147491455078,64559
FRO,FRO.OL,2002-07-12,311.3636474609375,311.3636474609375,290.9090881347656,290.9090881347656,209.93389892578125,32582
FRO,FRO.OL,2002-07-15,295.4545593261719,297.727294921875,279.54541015625,281.8182067871094,203.37353515625,58908
FRO,FRO.OL,2002-07-16,286.3636474609375,293.1817932128906,275.0,286.3636474609375,206.65367126464844,259100
FRO,FRO.OL,2002-07-17,290.9090881347656,302.272705078125,281.8182067871094,302.272705078125,218.134521484375,301175
FRO,FRO.OL,2002-07-18,300.0,311.3636474609375,288.63629150390625,290.9090881347656,209.93389892578125,75570
FRO,FRO.OL,2002-07-19,288.63629150390625,290.9090881347656,284.0909118652344,286.3636474609375,206.65367126464844,59708
FRO,FRO.OL,2002-07-22,281.8182067871094,281.8182067871094,270.4545593261719,277.272705078125,200.0931854248047,57819
FRO,FRO.OL,2002-07-23,279.54541015625,281.8182067871094,259.0909118652344,265.9090881347656,191.8927764892578,40758
FRO,FRO.OL,2002-07-24,261.3636474609375,261.3636474609375,222.727294921875,238.6363525390625,172.21144104003906,58939
FRO,FRO.OL,2002-07-25,254.54539489746094,265.9090881347656,250.0,261.3636474609375,188.61248779296875,129096
FRO,FRO.OL,2002-07-26,252.272705078125,256.8182067871094,245.4545440673828,254.5454559326172,183.6921844482422,45895
FRO,FRO.OL,2002-07-29,261.3636474609375,263.63629150390625,252.272705078125,261.3636474609375,188.61248779296875,15143
FRO,FRO.OL,2002-07-30,275.0,277.272705078125,263.6363525390625,263.6363525390625,190.2526092529297,94822
FRO,FRO.OL,2002-07-31,270.4545593261719,270.4545593261719,250.0,256.8182067871094,185.33233642578125,64047
FRO,FRO.OL,2002-08-01,259.0909118652344,275.0,259.0909118652344,261.3636474609375,188.61248779296875,58993
FRO,FRO.OL,2002-08-02,259.0909118652344,259.0909118652344,250.0,252.272705078125,182.05201721191406,68860
FRO,FRO.OL,2002-08-05,250.0,250.0,220.4545440673828,225.0,162.37074279785156,35122
FRO,FRO.OL,2002-08-06,222.727294921875,236.3636474609375,215.9091033935547,234.0908966064453,168.93121337890625,100682
FRO,FRO.OL,2002-08-07,238.6363067626953,238.6363067626953,218.18179321289062,226.3636474609375,163.35484313964844,56724
FRO,FRO.OL,2002-08-08,227.272705078125,234.0908966064453,225.0,225.0,162.37074279785156,68572
FRO,FRO.OL,2002-08-09,231.81820678710938,231.81820678710938,225.0,229.5454559326172,165.65101623535156,123630
FRO,FRO.OL,2002-08-12,229.5454559326172,245.4545440673828,229.5454559326172,229.5454559326172,165.65101623535156,122496
FRO,FRO.OL,2002-08-13,229.54539489746094,231.81820678710938,225.0,225.0,162.37074279785156,87318
FRO,FRO.OL,2002-08-14,223.18179321289062,227.272705078125,222.727294921875,225.0,162.37074279785156,84488
FRO,FRO.OL,2002-08-15,227.272705078125,231.81820678710938,222.727294921875,225.0,162.37074279785156,121044
FRO,FRO.OL,2002-08-16,226.81820678710938,231.81820678710938,220.4545440673828,225.0,162.37074279785156,84594
FRO,FRO.OL,2002-08-19,222.727294921875,222.727294921875,206.81820678710938,211.3636474609375,152.53016662597656,74118
FRO,FRO.OL,2002-08-20,216.3636474609375,220.4545440673828,213.6363525390625,218.6363525390625,157.77838134765625,59488
FRO,FRO.OL,2002-08-21,219.0908966064453,231.81820678710938,219.0908966064453,225.0,162.37074279785156,54406
FRO,FRO.OL,2002-08-22,229.54539489746094,231.81820678710938,227.272705078125,227.272705078125,164.01084899902344,63954
FRO,FRO.OL,2002-08-23,231.81820678710938,243.18179321289062,214.54539489746094,234.0908966064453,168.93121337890625,157427
FRO,FRO.OL,2002-08-26,236.3636474609375,240.9091033935547,231.81820678710938,240.9091033935547,173.8515167236328,105947
FRO,FRO.OL,2002-08-27,247.727294921875,259.0909118652344,247.727294921875,252.272705078125,182.05201721191406,152231
FRO,FRO.OL,2002-08-28,250.0,256.8182067871094,229.54539489746094,231.81820678710938,167.29112243652344,190337
FRO,FRO.OL,2002-08-29,227.272705078125,227.272705078125,215.9091033935547,215.9091033935547,155.81033325195312,137204
FRO,FRO.OL,2002-08-30,222.272705078125,225.0,211.3636474609375,215.9091033935547,155.81033325195312,88484
FRO,FRO.OL,2002-09-02,215.9091033935547,219.0908966064453,215.9091033935547,218.18179321289062,157.45046997070312,42713
FRO,FRO.OL,2002-09-03,218.18179321289062,218.18179321289062,200.0,204.0908966064453,147.2817840576172,77982
FRO,FRO.OL,2002-09-04,200.0,200.0,175.0,183.6363525390625,132.520751953125,244417
FRO,FRO.OL,2002-09-05,185.4545440673828,185.4545440673828,163.6363067626953,165.9091033935547,119.72789764404297,170302
FRO,FRO.OL,2002-09-06,175.0,182.272705078125,172.727294921875,178.18179321289062,128.58448791503906,214808
FRO,FRO.OL,2002-09-09,182.272705078125,182.727294921875,173.6363525390625,173.6363525390625,125.30429077148438,70272
FRO,FRO.OL,2002-09-10,175.0,175.0,171.3636474609375,173.18179321289062,124.97625732421875,29596
FRO,FRO.OL,2002-09-11,172.727294921875,193.18179321289062,172.727294921875,193.18179321289062,139.40921020507812,101097
FRO,FRO.OL,2002-09-12,195.9091033935547,200.0,186.81820678710938,190.9091033935547,137.76905822753906,100387
FRO,FRO.OL,2002-09-13,186.81820678710938,188.6363067626953,181.81820678710938,186.3636474609375,134.48895263671875,76499
FRO,FRO.OL,2002-09-16,181.81820678710938,188.6363067626953,170.9091033935547,170.9091033935547,123.33610534667969,64479
FRO,FRO.OL,2002-09-17,179.0908966064453,182.727294921875,172.727294921875,172.727294921875,124.64822387695312,100232
FRO,FRO.OL,2002-09-18,171.3636474609375,171.3636474609375,161.3636474609375,163.6363525390625,118.08780670166016,45402
FRO,FRO.OL,2002-09-19,165.0,168.18179321289062,136.3636474609375,145.4545440673828,104.96694946289062,121187
FRO,FRO.OL,2002-09-20,143.18179321289062,150.0,134.0908966064453,150.0,108.2471923828125,202972
FRO,FRO.OL,2002-09-23,152.727294921875,153.18179321289062,125.45455169677734,134.0908966064453,96.76638793945312,172447
FRO,FRO.OL,2002-09-24,126.3636474609375,134.0908966064453,118.18180084228516,119.54544830322266,86.26972961425781,190850
FRO,FRO.OL,2002-09-25,118.18180084228516,138.6363525390625,117.72730255126953,130.4545440673828,94.14226531982422,280207
FRO,FRO.OL,2002-09-26,137.272705078125,146.3636474609375,136.3636474609375,143.18179321289062,103.3268051147461,276807
FRO,FRO.OL,2002-09-27,146.3636474609375,146.3636474609375,137.272705078125,138.6363525390625,100.04659271240234,245804
FRO,FRO.OL,2002-09-30,127.27269744873047,138.18179321289062,127.27269744873047,129.5454559326172,93.48619842529297,59575
FRO,FRO.OL,2002-10-01,129.5454559326172,141.81820678710938,129.5454559326172,140.9091033935547,101.686767578125,139055
FRO,FRO.OL,2002-10-02,150.9091033935547,155.9091033935547,149.0908966064453,154.5454559326172,111.52740478515625,194359
FRO,FRO.OL,2002-10-03,153.18179321289062,163.18179321289062,150.0,156.81820678710938,113.16751098632812,133235
FRO,FRO.OL,2002-10-04,159.0908966064453,167.727294921875,156.81820678710938,167.727294921875,121.04002380371094,202738
FRO,FRO.OL,2002-10-07,160.0,160.9091033935547,152.272705078125,159.0908966064453,114.80760955810547,192874
FRO,FRO.OL,2002-10-08,160.9091033935547,170.9091033935547,159.5454559326172,168.6363525390625,121.69606018066406,337244
FRO,FRO.OL,2002-10-09,176.81820678710938,195.4545440673828,172.727294921875,190.9091033935547,137.76905822753906,647464
FRO,FRO.OL,2002-10-10,202.272705078125,207.727294921875,198.6363525390625,204.5454559326172,147.6098175048828,564104
FRO,FRO.OL,2002-10-11,211.3636474609375,211.3636474609375,193.18179321289062,205.0,147.93780517578125,272172
FRO,FRO.OL,2002-10-14,207.272705078125,225.9091033935547,206.81820678710938,219.0908966064453,158.10646057128906,295138
FRO,FRO.OL,2002-10-15,227.272705078125,243.18179321289062,225.0,243.18179321289062,175.49166870117188,473692
FRO,FRO.OL,2002-10-16,245.4545440673828,270.4545593261719,245.4545440673828,261.3636474609375,188.61248779296875,640168
FRO,FRO.OL,2002-10-17,261.3636474609375,263.63629150390625,236.3636474609375,240.9091033935547,173.8515167236328,621017
FRO,FRO.OL,2002-10-18,240.9091033935547,240.9091033935547,215.9091033935547,217.727294921875,157.12245178222656,353840
FRO,FRO.OL,2002-10-21,220.4545440673828,231.81820678710938,206.81820678710938,206.81820678710938,149.2499542236328,294385
FRO,FRO.OL,2002-10-22,220.4545440673828,222.272705078125,201.3636474609375,203.18179321289062,146.62571716308594,375123
FRO,FRO.OL,2002-10-23,203.18179321289062,208.6363067626953,194.54539489746094,200.0,144.32957458496094,163676
FRO,FRO.OL,2002-10-24,206.81820678710938,226.3636474609375,204.54539489746094,225.0,162.37074279785156,473624
FRO,FRO.OL,2002-10-25,224.0908966064453,224.0908966064453,213.6363067626953,215.9091033935547,155.81033325195312,156499
FRO,FRO.OL,2002-10-28,220.9091033935547,221.81820678710938,202.727294921875,211.3636474609375,152.53016662597656,179988
FRO,FRO.OL,2002-10-29,204.5454559326172,204.5454559326172,186.81820678710938,189.5454559326172,136.78504943847656,298541
FRO,FRO.OL,2002-10-30,191.81820678710938,204.0908966064453,190.9091033935547,200.9091033935547,144.98562622070312,372487
FRO,FRO.OL,2002-10-31,200.0,208.18179321289062,197.727294921875,203.6363525390625,146.95367431640625,336227
FRO,FRO.OL,2002-11-01,202.272705078125,202.272705078125,193.18179321289062,193.18179321289062,139.40921020507812,132664
FRO,FRO.OL,2002-11-04,191.81820678710938,201.81820678710938,191.81820678710938,201.81820678710938,145.6416778564453,166907
FRO,FRO.OL,2002-11-05,199.0908966064453,201.81820678710938,196.3636474609375,198.18179321289062,143.0175018310547,156004
FRO,FRO.OL,2002-11-06,198.6363067626953,215.4545440673828,197.272705078125,211.3636474609375,152.53016662597656,519651
FRO,FRO.OL,2002-11-07,213.6363067626953,223.6363067626953,210.4545440673828,212.272705078125,153.18618774414062,395604
FRO,FRO.OL,2002-11-08,211.3636474609375,219.5454559326172,210.4545440673828,214.5454559326172,154.8262481689453,374660
FRO,FRO.OL,2002-11-11,213.6363067626953,220.0,213.18179321289062,215.9091033935547,155.81033325195312,141255
FRO,FRO.OL,2002-11-12,219.0908966064453,229.54539489746094,218.18179321289062,227.272705078125,164.01084899902344,497829
FRO,FRO.OL,2002-11-13,234.0908966064453,240.9091033935547,229.5454559326172,229.5454559326172,165.65101623535156,561422
FRO,FRO.OL,2002-11-14,234.0908966064453,236.3636474609375,217.727294921875,220.4545440673828,159.09054565429688,837413
FRO,FRO.OL,2002-11-15,227.272705078125,231.81820678710938,220.4545440673828,229.5454559326172,165.65101623535156,583278
FRO,FRO.OL,2002-11-18,231.81820678710938,238.6363067626953,231.81820678710938,234.0908966064453,168.93121337890625,738186
FRO,FRO.OL,2002-11-19,227.272705078125,231.81820678710938,220.4545440673828,222.727294921875,160.73068237304688,610885
FRO,FRO.OL,2002-11-20,229.5454559326172,240.9091033935547,225.9091033935547,229.5454559326172,165.65101623535156,1031051
FRO,FRO.OL,2002-11-21,238.6363067626953,238.6363067626953,223.6363067626953,231.81820678710938,167.29112243652344,816365
FRO,FRO.OL,2002-11-22,234.0908966064453,234.0908966064453,220.4545440673828,220.4545440673828,159.09054565429688,636733
FRO,FRO.OL,2002-11-25,216.81820678710938,218.6363067626953,212.727294921875,215.4545440673828,155.48231506347656,183892
FRO,FRO.OL,2002-11-26,213.6363067626953,219.0908966064453,206.81820678710938,216.3636474609375,156.1383819580078,533995
FRO,FRO.OL,2002-11-27,217.272705078125,224.54539489746094,215.9091033935547,221.81820678710938,160.0746612548828,306492
FRO,FRO.OL,2002-11-28,225.0,226.3636474609375,218.18179321289062,220.0,158.7625732421875,232221
FRO,FRO.OL,2002-11-29,221.3636474609375,234.0908966064453,221.3636474609375,234.0908966064453,168.93121337890625,463661
FRO,FRO.OL,2002-12-02,240.9091033935547,250.0,238.6363067626953,243.18179321289062,175.49166870117188,452524
FRO,FRO.OL,2002-12-03,245.4545440673828,245.4545440673828,229.5454559326172,229.5454559326172,165.65101623535156,329225
FRO,FRO.OL,2002-12-04,227.272705078125,240.9091033935547,225.4545440673828,240.9091033935547,173.8515167236328,395347
FRO,FRO.OL,2002-12-05,247.727294921875,252.272705078125,240.9091033935547,247.727294921875,178.7718963623047,594568
FRO,FRO.OL,2002-12-06,247.727294921875,252.272705078125,240.9091033935547,245.4545440673828,177.1316680908203,593620
FRO,FRO.OL,2002-12-09,256.8182067871094,263.63629150390625,254.54539489746094,261.3636474609375,188.61248779296875,361362
FRO,FRO.OL,2002-12-10,263.63629150390625,277.272705078125,261.3636474609375,261.3636474609375,188.61248779296875,542138
FRO,FRO.OL,2002-12-11,275.0,275.0,270.4545593261719,270.4545593261719,195.17295837402344,411329
FRO,FRO.OL,2002-12-12,272.727294921875,272.727294921875,256.8182067871094,263.6363525390625,190.2526092529297,484956
FRO,FRO.OL,2002-12-13,265.9090881347656,284.0909118652344,263.63629150390625,281.8182067871094,203.37353515625,635417
FRO,FRO.OL,2002-12-16,286.3636474609375,293.1817932128906,284.0909118652344,284.0909118652344,205.01364135742188,278661
FRO,FRO.OL,2002-12-17,288.63629150390625,300.0,288.63629150390625,300.0,216.494384765625,396021
FRO,FRO.OL,2002-12-18,293.1817932128906,302.272705078125,293.1817932128906,302.272705078125,218.134521484375,375130
FRO,FRO.OL,2002-12-19,304.54541015625,313.63629150390625,302.272705078125,306.8182067871094,221.4147491455078,406319
FRO,FRO.OL,2002-12-20,304.54541015625,304.54541015625,290.9090881347656,295.4545593261719,213.21421813964844,205717
FRO,FRO.OL,2002-12-23,293.1817932128906,293.1817932128906,277.272705078125,279.5454406738281,201.73336791992188,78304
FRO,FRO.OL,2002-12-24,279.5454406738281,279.5454406738281,279.5454406738281,279.5454406738281,201.73336791992188,0
FRO,FRO.OL,2002-12-25,279.5454406738281,279.5454406738281,279.5454406738281,279.5454406738281,201.73336791992188,0
FRO,FRO.OL,2002-12-26,279.5454406738281,279.5454406738281,279.5454406738281,279.5454406738281,201.73336791992188,0
FRO,FRO.OL,2002-12-27,281.8182067871094,290.9090881347656,279.54541015625,284.0909118652344,205.01364135742188,62634
FRO,FRO.OL,2002-12-30,281.8182067871094,281.8182067871094,265.9090881347656,275.0,198.45315551757812,86003
FRO,FRO.OL,2002-12-31,275.0,275.0,275.0,275.0,198.45315551757812,0
FRO,FRO.OL,2003-01-01,275.0,275.0,275.0,275.0,198.45315551757812,0
FRO,FRO.OL,2003-01-02,281.8182067871094,297.727294921875,277.272705078125,295.4545593261719,213.21421813964844,116625
FRO,FRO.OL,2003-01-03,297.727294921875,309.0909118652344,295.4545593261719,297.727294921875,214.8542938232422,302698
FRO,FRO.OL,2003-01-06,300.0,313.63629150390625,300.0,306.8182067871094,221.4147491455078,407081
FRO,FRO.OL,2003-01-07,322.727294921875,345.4545593261719,318.1817932128906,340.9090881347656,246.01629638671875,554794
FRO,FRO.OL,2003-01-08,334.0909118652344,345.4545593261719,331.8181457519531,334.0909118652344,241.09605407714844,652384
FRO,FRO.OL,2003-01-09,340.9090881347656,350.0,336.36358642578125,345.4545593261719,249.29641723632812,567845
FRO,FRO.OL,2003-01-10,354.54541015625,361.36358642578125,350.0,356.8181457519531,257.4970703125,612031
FRO,FRO.OL,2003-01-13,370.4545593261719,384.0908508300781,370.4545593261719,375.0,270.6180114746094,605834
FRO,FRO.OL,2003-01-14,372.727294921875,372.727294921875,356.8181457519531,361.3636474609375,260.77728271484375,692925
FRO,FRO.OL,2003-01-15,361.36358642578125,393.1817932128906,352.27264404296875,388.6363525390625,280.4585266113281,962153
FRO,FRO.OL,2003-01-16,390.9090881347656,397.727294921875,381.8181457519531,381.8181457519531,275.5381164550781,772960
FRO,FRO.OL,2003-01-17,379.54541015625,386.36358642578125,368.1817932128906,370.4545593261719,267.3377380371094,584672
FRO,FRO.OL,2003-01-20,375.0,384.0909118652344,375.0,379.5454406738281,273.89801025390625,246519
FRO,FRO.OL,2003-01-21,381.8181457519531,390.9090881347656,338.6363525390625,343.1818542480469,247.65646362304688,1298534
FRO,FRO.OL,2003-01-22,336.3636474609375,343.1818542480469,325.0,329.5454406738281,237.81570434570312,855775
FRO,FRO.OL,2003-01-23,325.0,340.9090881347656,315.9090881347656,334.0909118652344,241.09605407714844,781418
FRO,FRO.OL,2003-01-24,338.6363525390625,350.0,336.3636474609375,343.1818542480469,247.65646362304688,361981
FRO,FRO.OL,2003-01-27,318.1817932128906,327.27264404296875,313.63629150390625,322.727294921875,232.89547729492188,213725
FRO,FRO.OL,2003-01-28,320.4545593261719,325.0,304.54541015625,306.8182067871094,221.4147491455078,385594
FRO,FRO.OL,2003-01-29,300.0,304.54541015625,286.3636474609375,295.4545593261719,213.21421813964844,515855
FRO,FRO.OL,2003-01-30,304.54541015625,315.9090881347656,304.54541015625,311.3636474609375,224.69488525390625,394023
FRO,FRO.OL,2003-01-31,309.0909118652344,331.8181457519531,304.54541015625,331.8181457519531,239.4557647705078,626445
FRO,FRO.OL,2003-02-03,336.36358642578125,336.36358642578125,302.272705078125,302.272705078125,218.134521484375,451939
FRO,FRO.OL,2003-02-04,304.54541015625,318.1817932128906,300.0,302.272705078125,218.134521484375,508884
FRO,FRO.OL,2003-02-05,302.272705078125,309.0909118652344,293.1817932128906,302.272705078125,218.134521484375,258400
FRO,FRO.OL,2003-02-06,300.0,302.272705078125,288.6363525390625,288.6363525390625,208.2938232421875,428967
FRO,FRO.OL,2003-02-07,281.8182067871094,293.1817932128906,279.5454406738281,288.6363525390625,208.2938232421875,328005
FRO,FRO.OL,2003-02-10,284.0909118652344,290.9090881347656,279.54541015625,286.3636474609375,206.65367126464844,224608
FRO,FRO.OL,2003-02-11,290.9090881347656,297.727294921875,290.9090881347656,297.727294921875,214.8542938232422,205141
FRO,FRO.OL,2003-02-12,300.0,318.1817932128906,300.0,318.1817932128906,229.61521911621094,474872
FRO,FRO.OL,2003-02-13,322.727294921875,336.36358642578125,322.727294921875,331.8181457519531,239.4557647705078,601414
FRO,FRO.OL,2003-02-14,338.6363525390625,340.9090881347656,325.0,327.272705078125,236.1756134033203,452762
FRO,FRO.OL,2003-02-17,340.9090881347656,343.1818542480469,334.0909118652344,334.0909118652344,241.09605407714844,267651
FRO,FRO.OL,2003-02-18,334.0909118652344,334.0909118652344,322.727294921875,327.272705078125,236.1756134033203,215332
FRO,FRO.OL,2003-02-19,327.27264404296875,334.0908508300781,325.0,331.8181457519531,239.4557647705078,246089
FRO,FRO.OL,2003-02-20,334.0908508300781,334.0908508300781,315.9090881347656,318.1817932128906,229.61521911621094,234638
FRO,FRO.OL,2003-02-21,311.3636474609375,322.727294921875,309.0909118652344,318.1817932128906,229.61521911621094,241532
FRO,FRO.OL,2003-02-24,311.3636474609375,325.0,311.3636474609375,313.6363525390625,226.3349609375,176543
FRO,FRO.OL,2003-02-25,309.0909118652344,311.3636474609375,297.727294921875,297.727294921875,214.8542938232422,247929
FRO,FRO.OL,2003-02-26,302.272705078125,306.8182067871094,300.0,306.8182067871094,221.4147491455078,212618
FRO,FRO.OL,2003-02-27,306.8182067871094,311.3636474609375,297.727294921875,309.0909118652344,223.0548095703125,247836
FRO,FRO.OL,2003-02-28,318.1817932128906,345.4545593261719,318.1817932128906,345.4545593261719,249.29641723632812,544904
FRO,FRO.OL,2003-03-03,354.5454406738281,361.3636474609375,350.0,352.272705078125,254.21690368652344,320339
FRO,FRO.OL,2003-03-04,350.0,354.5454406738281,340.9090881347656,343.1818542480469,247.65646362304688,199666
FRO,FRO.OL,2003-03-05,343.1818542480469,361.3636474609375,340.9090881347656,352.272705078125,254.21690368652344,422559
FRO,FRO.OL,2003-03-06,354.5454406738281,361.3636474609375,350.0,352.272705078125,254.75927734375,388571
FRO,FRO.OL,2003-03-07,359.0908508300781,370.4545593261719,359.0908508300781,370.4545593261719,267.9080810546875,426612
FRO,FRO.OL,2003-03-10,381.8181457519531,390.9090881347656,375.0,375.0,271.1954040527344,455457
FRO,FRO.OL,2003-03-11,372.727294921875,375.0,356.8181457519531,368.1818542480469,266.2646484375,492075
FRO,FRO.OL,2003-03-12,370.4545593261719,377.27264404296875,370.4545593261719,375.0,271.1954040527344,517780
FRO,FRO.OL,2003-03-13,377.27264404296875,381.8181457519531,370.4545593261719,372.727294921875,269.55181884765625,430493
FRO,FRO.OL,2003-03-14,386.36358642578125,388.6363525390625,372.727294921875,372.727294921875,269.55181884765625,378809
FRO,FRO.OL,2003-03-17,354.5454406738281,368.1818542480469,354.5454406738281,361.3636474609375,261.3336486816406,222538
FRO,FRO.OL,2003-03-18,370.4545593261719,370.4545593261719,343.1817932128906,345.4545593261719,249.82838439941406,522652
FRO,FRO.OL,2003-03-19,347.727294921875,354.54541015625,345.4545593261719,350.0,253.11558532714844,179426
FRO,FRO.OL,2003-03-20,347.727294921875,347.727294921875,329.5454406738281,334.0909118652344,241.6103515625,288643
FRO,FRO.OL,2003-03-21,336.36358642578125,343.1817932128906,325.0,340.9090881347656,246.5412139892578,521896
FRO,FRO.OL,2003-03-24,338.6363525390625,340.9090881347656,331.8181457519531,334.0909118652344,241.6103515625,146073
FRO,FRO.OL,2003-03-25,338.6363525390625,359.0908508300781,336.36358642578125,356.8181457519531,258.0465087890625,306406
FRO,FRO.OL,2003-03-26,368.1818542480469,372.727294921875,359.0909118652344,361.3636474609375,261.3336486816406,460193
FRO,FRO.OL,2003-03-27,359.0909118652344,368.1818542480469,352.272705078125,354.5454406738281,256.4028625488281,275046
FRO,FRO.OL,2003-03-28,359.0909118652344,361.3636474609375,352.272705078125,359.0909118652344,259.6900939941406,183238
FRO,FRO.OL,2003-03-31,354.5454406738281,356.8181457519531,347.727294921875,354.5454406738281,256.4028625488281,116573
FRO,FRO.OL,2003-04-01,352.272705078125,352.272705078125,343.1818542480469,343.1818542480469,248.18487548828125,227117
FRO,FRO.OL,2003-04-02,350.0,365.9090881347656,350.0,363.6363525390625,262.9772644042969,486198
FRO,FRO.OL,2003-04-03,361.3636474609375,361.3636474609375,354.5454406738281,354.5454406738281,256.4028625488281,202384
FRO,FRO.OL,2003-04-04,352.272705078125,363.6363525390625,347.727294921875,361.3636474609375,261.3336486816406,156280
FRO,FRO.OL,2003-04-07,386.3636474609375,386.3636474609375,375.0,379.5454406738281,274.482421875,460680
FRO,FRO.OL,2003-04-08,370.4545593261719,384.0909118652344,368.1818542480469,379.5454406738281,274.482421875,622220
FRO,FRO.OL,2003-04-09,384.0908508300781,395.4545593261719,384.0908508300781,390.9090881347656,282.7007141113281,418817
FRO,FRO.OL,2003-04-10,388.6363525390625,388.6363525390625,379.5454406738281,384.0909118652344,277.76971435546875,539189
FRO,FRO.OL,2003-04-11,386.36358642578125,395.4545593261719,384.0908508300781,390.9090881347656,282.7007141113281,259967
FRO,FRO.OL,2003-04-14,395.4545593261719,411.36358642578125,395.4545593261719,406.8181457519531,294.205810546875,334543
FRO,FRO.OL,2003-04-15,418.1818542480469,422.727294921875,404.5454406738281,404.5454406738281,292.56231689453125,294637
FRO,FRO.OL,2003-04-16,406.8181457519531,413.6363525390625,400.0,411.3636474609375,297.4930419921875,129233
FRO,FRO.OL,2003-04-17,411.3636474609375,411.3636474609375,411.3636474609375,411.3636474609375,297.4930419921875,0
FRO,FRO.OL,2003-04-18,411.3636474609375,411.3636474609375,411.3636474609375,411.3636474609375,297.4930419921875,0
FRO,FRO.OL,2003-04-21,411.3636474609375,411.3636474609375,411.3636474609375,411.3636474609375,297.4930419921875,0
FRO,FRO.OL,2003-04-22,406.8181457519531,409.0908508300781,388.6363525390625,388.6363525390625,281.0569152832031,371708
FRO,FRO.OL,2003-04-23,390.9090881347656,397.727294921875,388.6363525390625,397.727294921875,287.6313781738281,298902
FRO,FRO.OL,2003-04-24,395.4545593261719,395.4545593261719,379.54541015625,381.8181457519531,276.12603759765625,390851
FRO,FRO.OL,2003-04-25,372.727294921875,379.5454406738281,368.1818542480469,368.1818542480469,266.2646484375,308918
FRO,FRO.OL,2003-04-28,370.4545593261719,381.8181457519531,370.4545593261719,379.5454406738281,274.482421875,204976
FRO,FRO.OL,2003-04-29,379.5454406738281,379.5454406738281,361.3636474609375,368.1818542480469,266.2646484375,317715
FRO,FRO.OL,2003-04-30,354.5454406738281,363.6363525390625,334.0909118652344,336.3636474609375,243.25392150878906,669190
FRO,FRO.OL,2003-05-01,336.3636474609375,336.3636474609375,336.3636474609375,336.3636474609375,243.25392150878906,0
FRO,FRO.OL,2003-05-02,334.0909118652344,334.0909118652344,315.9090881347656,329.5454406738281,238.32315063476562,629197
FRO,FRO.OL,2003-05-05,329.5454406738281,329.5454406738281,315.9090881347656,327.272705078125,236.6794891357422,316990
FRO,FRO.OL,2003-05-06,334.0908508300781,345.4545593261719,331.8181457519531,345.4545593261719,249.82838439941406,371412
FRO,FRO.OL,2003-05-07,350.0,359.0908508300781,343.1817932128906,356.8181457519531,258.0465087890625,415062
FRO,FRO.OL,2003-05-08,359.0908508300781,372.727294921875,354.54541015625,356.8181457519531,258.0465087890625,577779
FRO,FRO.OL,2003-05-09,381.8181457519531,393.1818542480469,379.5454406738281,393.1818542480469,284.3441467285156,626338
FRO,FRO.OL,2003-05-12,400.0,409.0909118652344,395.4545593261719,402.272705078125,290.9186706542969,416757
FRO,FRO.OL,2003-05-13,409.0909118652344,413.6363525390625,397.727294921875,404.5454406738281,292.56231689453125,511828
FRO,FRO.OL,2003-05-14,418.1817932128906,443.1817932128906,413.6363525390625,440.9090881347656,318.85986328125,672661
FRO,FRO.OL,2003-05-15,431.8181457519531,434.0908508300781,415.9090881347656,415.9090881347656,300.7803955078125,441516
FRO,FRO.OL,2003-05-16,393.1817932128906,397.727294921875,379.54541015625,388.6363525390625,284.4769592285156,228847
FRO,FRO.OL,2003-05-19,388.6363525390625,415.9090881347656,388.6363525390625,409.0909118652344,299.4493713378906,288363
FRO,FRO.OL,2003-05-20,397.727294921875,404.54541015625,393.1817932128906,400.0,292.7950134277344,171793
FRO,FRO.OL,2003-05-21,395.4545593261719,395.4545593261719,377.27264404296875,388.6363525390625,284.4769592285156,169455
FRO,FRO.OL,2003-05-22,388.6363525390625,397.727294921875,384.0908508300781,395.4545593261719,289.4678039550781,395587
FRO,FRO.OL,2003-05-23,411.3636474609375,434.0909118652344,411.3636474609375,429.5454406738281,314.42181396484375,780473
FRO,FRO.OL,2003-05-26,425.0,429.5454406738281,422.727294921875,429.5454406738281,314.42181396484375,101679
FRO,FRO.OL,2003-05-27,429.54541015625,443.1817932128906,427.27264404296875,438.6363525390625,321.07623291015625,373417
FRO,FRO.OL,2003-05-28,450.0,454.54541015625,443.1817932128906,447.727294921875,327.73065185546875,293916
FRO,FRO.OL,2003-05-29,447.727294921875,447.727294921875,447.727294921875,447.727294921875,327.73065185546875,0
FRO,FRO.OL,2003-05-30,440.9090881347656,447.727294921875,436.36358642578125,440.9090881347656,322.7397155761719,145588
FRO,FRO.OL,2003-06-02,445.4545593261719,452.27264404296875,436.36358642578125,450.0,329.3943176269531,181651
FRO,FRO.OL,2003-06-03,450.0,463.6363525390625,447.727294921875,450.0,329.3943176269531,289472
FRO,FRO.OL,2003-06-04,452.272705078125,470.4545593261719,447.727294921875,468.1818542480469,342.7032775878906,387734
FRO,FRO.OL,2003-06-05,465.9090881347656,475.0,465.9090881347656,465.9090881347656,341.0395812988281,238939
FRO,FRO.OL,2003-06-06,481.8181457519531,481.8181457519531,475.0,481.8181457519531,352.68475341796875,212874
FRO,FRO.OL,2003-06-09,481.8181457519531,481.8181457519531,481.8181457519531,481.8181457519531,352.68475341796875,0
FRO,FRO.OL,2003-06-10,486.3636474609375,486.3636474609375,472.727294921875,479.5454406738281,351.02117919921875,283942
FRO,FRO.OL,2003-06-11,493.1817932128906,500.0,486.36358642578125,490.9090881347656,359.3392028808594,398700
FRO,FRO.OL,2003-06-12,502.2724914550781,515.9089965820312,500.0,513.636474609375,375.9756164550781,266680
FRO,FRO.OL,2003-06-13,513.636474609375,513.636474609375,495.4545593261719,502.2724914550781,367.6571044921875,150413
FRO,FRO.OL,2003-06-16,502.2724914550781,502.2724914550781,486.3636474609375,493.1818542480469,361.0029602050781,122276
FRO,FRO.OL,2003-06-17,500.0,518.1820068359375,500.0,513.636474609375,375.9756164550781,195892
FRO,FRO.OL,2003-06-18,520.4545288085938,531.8179931640625,520.4545288085938,527.2725219726562,385.95697021484375,196659
FRO,FRO.OL,2003-06-19,495.4545593261719,500.0,481.8181457519531,484.0909118652344,357.7408447265625,214170
FRO,FRO.OL,2003-06-20,481.8181457519531,481.8181457519531,465.9090881347656,477.272705078125,352.7021484375,153936
FRO,FRO.OL,2003-06-23,468.1818542480469,468.1818542480469,434.0909118652344,442.0454406738281,326.6693420410156,454273
FRO,FRO.OL,2003-06-24,438.6363525390625,448.86358642578125,427.27264404296875,440.9090881347656,325.82952880859375,191808
FRO,FRO.OL,2003-06-25,446.5909118652344,456.8181457519531,439.772705078125,454.5454406738281,335.90673828125,330404
FRO,FRO.OL,2003-06-26,465.9090881347656,477.27264404296875,464.77264404296875,469.3181457519531,346.82373046875,279864
FRO,FRO.OL,2003-06-27,477.27264404296875,477.27264404296875,470.4545593261719,476.1363525390625,351.8624267578125,98057
FRO,FRO.OL,2003-06-30,472.727294921875,472.727294921875,460.227294921875,468.1818542480469,345.984130859375,55481
FRO,FRO.OL,2003-07-01,472.727294921875,472.727294921875,461.36358642578125,463.6363525390625,342.6249694824219,69593
FRO,FRO.OL,2003-07-02,470.4545593261719,481.8181457519531,464.772705078125,479.5454406738281,354.3817138671875,108021
FRO,FRO.OL,2003-07-03,477.272705078125,477.272705078125,461.3636474609375,468.1818542480469,345.984130859375,164780
FRO,FRO.OL,2003-07-04,454.54541015625,454.54541015625,439.77264404296875,445.4545593261719,329.18865966796875,170295
FRO,FRO.OL,2003-07-07,438.6363525390625,463.6363525390625,434.0909118652344,454.5454406738281,335.90673828125,199435
FRO,FRO.OL,2003-07-08,456.8181457519531,463.6363525390625,454.5454406738281,461.3636474609375,340.945556640625,56795
FRO,FRO.OL,2003-07-09,454.54541015625,461.36358642578125,443.1817932128906,450.0,332.5477600097656,63582
FRO,FRO.OL,2003-07-10,450.0,450.0,443.1818542480469,448.8636474609375,331.7080993652344,70691
FRO,FRO.OL,2003-07-11,447.727294921875,461.36358642578125,445.4545593261719,456.8181457519531,337.5863952636719,66688
FRO,FRO.OL,2003-07-14,465.9090881347656,479.5454406738281,463.6363525390625,479.5454406738281,354.3817138671875,54166
FRO,FRO.OL,2003-07-15,484.0908508300781,503.40899658203125,481.8181457519531,503.40899658203125,372.0167541503906,114990
FRO,FRO.OL,2003-07-16,502.2724914550781,513.636474609375,486.36358642578125,495.4545593261719,366.1385803222656,119047
FRO,FRO.OL,2003-07-17,493.1818542480469,493.1818542480469,476.1363525390625,477.272705078125,352.7021484375,85959
FRO,FRO.OL,2003-07-18,475.0,486.3636474609375,472.727294921875,480.6818542480469,355.2214660644531,60059
FRO,FRO.OL,2003-07-21,490.9090881347656,493.1818542480469,479.5454406738281,486.3636474609375,359.4203796386719,66204
FRO,FRO.OL,2003-07-22,484.0909118652344,484.0909118652344,475.0,477.272705078125,352.7021484375,42197
FRO,FRO.OL,2003-07-23,477.27264404296875,494.3181457519531,477.27264404296875,488.6363525390625,361.09991455078125,26996
FRO,FRO.OL,2003-07-24,493.1817932128906,513.636474609375,490.9090881347656,504.5455017089844,372.8565673828125,110726
FRO,FRO.OL,2003-07-25,500.0,502.2724914550781,487.5,489.772705078125,361.9395751953125,77567
FRO,FRO.OL,2003-07-28,500.0,504.5455017089844,487.5,490.9090881347656,362.7793884277344,56578
FRO,FRO.OL,2003-07-29,500.0,504.5455017089844,493.1817932128906,495.4545593261719,366.1385803222656,84264
FRO,FRO.OL,2003-07-30,495.4545593261719,498.86358642578125,481.8181457519531,488.6363525390625,361.09991455078125,79999
FRO,FRO.OL,2003-07-31,500.0,509.09100341796875,496.5908508300781,502.2724914550781,371.1769104003906,144285
FRO,FRO.OL,2003-08-01,509.09100341796875,534.0910034179688,500.0,530.6820068359375,392.17132568359375,146327
FRO,FRO.OL,2003-08-04,538.636474609375,590.9089965820312,538.636474609375,561.363525390625,414.84490966796875,286620
FRO,FRO.OL,2003-08-05,567.0454711914062,572.7274780273438,540.9089965820312,540.9089965820312,399.7291259765625,161858
FRO,FRO.OL,2003-08-06,531.8179931640625,531.8179931640625,518.1820068359375,518.1820068359375,382.93389892578125,121202
FRO,FRO.OL,2003-08-07,512.5,522.7274780273438,488.6363525390625,492.0454406738281,363.619140625,210103
FRO,FRO.OL,2003-08-08,500.0,510.2275085449219,500.0,506.8179931640625,374.5360412597656,72603
FRO,FRO.OL,2003-08-11,513.636474609375,527.2725219726562,513.636474609375,522.7274780273438,386.29296875,119901
FRO,FRO.OL,2003-08-12,525.0,529.5454711914062,513.636474609375,519.3179931640625,383.7735290527344,112976
FRO,FRO.OL,2003-08-13,522.7274780273438,522.7274780273438,492.04541015625,502.2724914550781,371.1769104003906,220286
FRO,FRO.OL,2003-08-14,472.727294921875,477.27264404296875,460.227294921875,465.9090881347656,348.11651611328125,240957
FRO,FRO.OL,2003-08-15,470.4545593261719,479.54541015625,470.4545593261719,475.0,354.908935546875,155562
FRO,FRO.OL,2003-08-18,484.0908508300781,497.727294921875,479.54541015625,495.4545593261719,370.192138671875,342383
FRO,FRO.OL,2003-08-19,509.09100341796875,509.09100341796875,490.9090881347656,497.727294921875,371.8902587890625,316600
FRO,FRO.OL,2003-08-20,488.6363525390625,493.1818542480469,484.0909118652344,486.3636474609375,363.3996887207031,73377
FRO,FRO.OL,2003-08-21,490.9090881347656,520.4545288085938,490.9090881347656,520.4545288085938,388.8714904785156,409012
FRO,FRO.OL,2003-08-22,543.1820068359375,545.4545288085938,530.6820068359375,544.3179931640625,406.7018127441406,265273
FRO,FRO.OL,2003-08-25,542.0454711914062,545.4545288085938,529.5454711914062,534.0910034179688,399.0604248046875,134755
FRO,FRO.OL,2003-08-26,544.3179931640625,554.5454711914062,536.363525390625,540.9089965820312,404.1546325683594,182155
FRO,FRO.OL,2003-08-27,546.5910034179688,550.0,534.0910034179688,538.636474609375,402.4567565917969,131088
FRO,FRO.OL,2003-08-28,538.636474609375,550.0,536.363525390625,544.3179931640625,406.7018127441406,132698
FRO,FRO.OL,2003-08-29,559.0910034179688,572.7274780273438,559.0910034179688,565.9089965820312,422.8341064453125,243467
FRO,FRO.OL,2003-09-01,571.5910034179688,580.6820068359375,563.636474609375,580.6820068359375,433.87213134765625,129643
FRO,FRO.OL,2003-09-02,584.0910034179688,609.0910034179688,579.5454711914062,604.5454711914062,451.7025146484375,217559
FRO,FRO.OL,2003-09-03,606.8179931640625,614.7725219726562,587.5,603.4089965820312,450.8531188964844,164673
FRO,FRO.OL,2003-09-04,606.8179931640625,623.863525390625,602.2725219726562,621.5910034179688,464.4386291503906,189662
FRO,FRO.OL,2003-09-05,638.636474609375,650.0,625.0,650.0,485.6650390625,507691
FRO,FRO.OL,2003-09-08,650.0,656.8179931640625,638.636474609375,653.4089965820312,488.212158203125,260975
FRO,FRO.OL,2003-09-09,654.5454711914062,665.9089965820312,643.1820068359375,643.1820068359375,480.57073974609375,210270
FRO,FRO.OL,2003-09-10,638.636474609375,642.0454711914062,627.2725219726562,627.2725219726562,468.68341064453125,125308
FRO,FRO.OL,2003-09-11,606.8179931640625,627.2725219726562,603.4089965820312,612.5,457.6459045410156,150033
FRO,FRO.OL,2003-09-12,618.1820068359375,625.0,613.636474609375,613.636474609375,458.4949951171875,85200
FRO,FRO.OL,2003-09-15,626.136474609375,651.136474609375,622.7274780273438,648.863525390625,484.81573486328125,150079
FRO,FRO.OL,2003-09-16,652.2725219726562,665.9089965820312,648.863525390625,651.136474609375,486.51422119140625,192345
FRO,FRO.OL,2003-09-17,659.0910034179688,663.636474609375,652.2725219726562,653.4089965820312,488.212158203125,194107
FRO,FRO.OL,2003-09-18,648.863525390625,655.6820068359375,623.863525390625,626.136474609375,467.83465576171875,229993
FRO,FRO.OL,2003-09-19,628.4089965820312,631.8179931640625,618.1820068359375,627.2725219726562,468.68341064453125,83746
FRO,FRO.OL,2003-09-22,609.0910034179688,615.9089965820312,592.0454711914062,593.1820068359375,443.2118835449219,148209
FRO,FRO.OL,2003-09-23,602.2725219726562,613.636474609375,577.2725219726562,604.5454711914062,451.7025146484375,144610
FRO,FRO.OL,2003-09-24,606.8179931640625,620.4545288085938,563.636474609375,567.0454711914062,423.6831359863281,379083
FRO,FRO.OL,2003-09-25,557.9545288085938,557.9545288085938,531.8179931640625,535.2274780273438,399.90960693359375,401065
FRO,FRO.OL,2003-09-26,531.8179931640625,550.0,527.2725219726562,534.0910034179688,399.0604248046875,153709
FRO,FRO.OL,2003-09-29,536.363525390625,561.363525390625,536.363525390625,554.5454711914062,414.3434753417969,105358
FRO,FRO.OL,2003-09-30,556.8179931640625,559.0910034179688,536.363525390625,536.363525390625,400.7583923339844,159012
FRO,FRO.OL,2003-10-01,534.0910034179688,534.0910034179688,493.1817932128906,500.0,373.58843994140625,264244
FRO,FRO.OL,2003-10-02,503.40899658203125,514.7725219726562,496.5908508300781,514.7725219726562,384.6260070800781,221357
FRO,FRO.OL,2003-10-03,515.9089965820312,545.4545288085938,512.5,543.1820068359375,405.8529968261719,264438
FRO,FRO.OL,2003-10-06,539.7725219726562,556.8179931640625,536.363525390625,546.5910034179688,408.40008544921875,143489
FRO,FRO.OL,2003-10-07,564.7725219726562,568.1820068359375,553.4089965820312,555.6820068359375,415.192626953125,205048
FRO,FRO.OL,2003-10-08,559.0910034179688,564.7725219726562,542.0454711914062,552.2725219726562,412.64532470703125,88392
FRO,FRO.OL,2003-10-09,525.0,538.636474609375,520.4545288085938,538.636474609375,402.4567565917969,187367
FRO,FRO.OL,2003-10-10,537.5,554.5454711914062,537.5,551.136474609375,411.79644775390625,141529
FRO,FRO.OL,2003-10-13,554.5454711914062,561.363525390625,539.7725219726562,548.863525390625,410.09808349609375,36724
FRO,FRO.OL,2003-10-14,552.2725219726562,555.6820068359375,537.5,552.2725219726562,412.64532470703125,101211
FRO,FRO.OL,2003-10-15,552.2725219726562,577.2725219726562,552.2725219726562,575.0,429.626708984375,118605
FRO,FRO.OL,2003-10-16,559.0910034179688,565.9089965820312,554.5454711914062,560.2274780273438,418.58892822265625,122192
FRO,FRO.OL,2003-10-17,559.0910034179688,580.6820068359375,559.0910034179688,577.2725219726562,431.32464599609375,110114
FRO,FRO.OL,2003-10-20,575.0,581.8179931640625,560.2274780273438,565.9089965820312,422.8341064453125,79957
FRO,FRO.OL,2003-10-21,571.5910034179688,571.5910034179688,564.7725219726562,568.1820068359375,424.5325622558594,33725
FRO,FRO.OL,2003-10-22,568.1820068359375,568.1820068359375,556.8179931640625,559.0910034179688,417.73980712890625,35028
FRO,FRO.OL,2003-10-23,550.0,559.0910034179688,545.4545288085938,554.5454711914062,414.3434753417969,64310
FRO,FRO.OL,2003-10-24,570.4545288085938,589.7725219726562,568.1820068359375,589.7725219726562,440.6642761230469,155117
FRO,FRO.OL,2003-10-27,597.7274780273438,611.363525390625,597.7274780273438,606.8179931640625,453.4002990722656,174082
FRO,FRO.OL,2003-10-28,611.363525390625,618.1820068359375,600.0,600.0,448.3060607910156,162605
FRO,FRO.OL,2003-10-29,597.7274780273438,604.5454711914062,586.363525390625,586.363525390625,438.11712646484375,101060
FRO,FRO.OL,2003-10-30,581.8179931640625,601.136474609375,578.4089965820312,595.4545288085938,444.9098205566406,132592
FRO,FRO.OL,2003-10-31,609.0910034179688,628.4089965820312,606.8179931640625,627.2725219726562,468.68341064453125,199437
FRO,FRO.OL,2003-11-03,636.363525390625,640.9089965820312,618.1820068359375,627.2725219726562,468.68341064453125,122433
FRO,FRO.OL,2003-11-04,643.1820068359375,659.0910034179688,643.1820068359375,656.8179931640625,490.75909423828125,207978
FRO,FRO.OL,2003-11-05,654.5454711914062,663.636474609375,640.9089965820312,657.9545288085938,491.60845947265625,429701
FRO,FRO.OL,2003-11-06,667.0454711914062,671.5910034179688,661.363525390625,667.0454711914062,498.40093994140625,341920
FRO,FRO.OL,2003-11-07,671.5910034179688,675.0,645.4545288085938,656.8179931640625,490.75909423828125,262866
FRO,FRO.OL,2003-11-10,655.6820068359375,661.363525390625,650.0,659.0910034179688,492.45751953125,98848
FRO,FRO.OL,2003-11-11,654.5454711914062,654.5454711914062,634.0910034179688,636.363525390625,475.47607421875,146850
FRO,FRO.OL,2003-11-12,637.5,644.3179931640625,622.7274780273438,637.5,476.3251647949219,89942
FRO,FRO.OL,2003-11-13,645.4545288085938,656.8179931640625,643.1820068359375,653.4089965820312,488.212158203125,117402
FRO,FRO.OL,2003-11-14,664.7725219726562,677.2725219726562,664.7725219726562,671.5910034179688,501.7969970703125,217405
FRO,FRO.OL,2003-11-17,679.5454711914062,679.5454711914062,665.9089965820312,670.4545288085938,500.94805908203125,151820
FRO,FRO.OL,2003-11-18,659.0910034179688,662.5,645.4545288085938,655.6820068359375,489.9105224609375,307958
FRO,FRO.OL,2003-11-19,645.4545288085938,668.1820068359375,645.4545288085938,664.7725219726562,496.7024841308594,216175
FRO,FRO.OL,2003-11-20,670.4545288085938,673.863525390625,661.363525390625,661.363525390625,494.1554260253906,219618
FRO,FRO.OL,2003-11-21,665.9089965820312,669.3179931640625,650.0,652.2725219726562,487.363037109375,109359
FRO,FRO.OL,2003-11-24,660.2274780273438,665.9089965820312,657.9545288085938,661.363525390625,494.1554260253906,92229
FRO,FRO.OL,2003-11-25,663.636474609375,679.5454711914062,663.636474609375,675.0,504.3441467285156,205736
FRO,FRO.OL,2003-11-26,672.7274780273438,676.136474609375,668.1820068359375,672.7274780273438,502.64617919921875,109379
FRO,FRO.OL,2003-11-27,679.5454711914062,690.9089965820312,679.5454711914062,686.363525390625,512.8348999023438,271685
FRO,FRO.OL,2003-11-28,650.0,654.5454711914062,640.9089965820312,654.5454711914062,493.7369079589844,101208
FRO,FRO.OL,2003-12-01,659.0910034179688,663.636474609375,645.4545288085938,650.0,490.30816650390625,67066
FRO,FRO.OL,2003-12-02,645.4545288085938,648.863525390625,631.8179931640625,643.1820068359375,485.165283203125,94887
FRO,FRO.OL,2003-12-03,647.7274780273438,652.2725219726562,635.2274780273438,635.2274780273438,479.16522216796875,139321
FRO,FRO.OL,2003-12-04,632.9545288085938,675.0,631.8179931640625,672.7274780273438,507.4519348144531,304721
FRO,FRO.OL,2003-12-05,693.1820068359375,713.636474609375,690.9089965820312,711.363525390625,536.5958862304688,365647
FRO,FRO.OL,2003-12-08,709.0910034179688,709.0910034179688,686.363525390625,702.2725219726562,529.7386474609375,83063
FRO,FRO.OL,2003-12-09,725.0,745.4545288085938,718.1820068359375,738.636474609375,557.1686401367188,159493
FRO,FRO.OL,2003-12-10,750.0,761.363525390625,745.4545288085938,754.5454711914062,569.1688232421875,169096
FRO,FRO.OL,2003-12-11,734.0910034179688,738.636474609375,720.4545288085938,738.636474609375,557.1686401367188,123663
FRO,FRO.OL,2003-12-12,734.0910034179688,745.4545288085938,718.1820068359375,727.2725219726562,548.5965576171875,131494
FRO,FRO.OL,2003-12-15,734.0910034179688,765.9089965820312,734.0910034179688,765.9089965820312,577.7410888671875,98272
FRO,FRO.OL,2003-12-16,756.8179931640625,763.636474609375,747.7274780273438,750.0,565.740478515625,51136
FRO,FRO.OL,2003-12-17,763.636474609375,768.1820068359375,756.8179931640625,763.636474609375,576.026611328125,68770
FRO,FRO.OL,2003-12-18,775.0,809.0910034179688,775.0,809.0910034179688,610.3139038085938,172033
FRO,FRO.OL,2003-12-19,811.363525390625,813.636474609375,795.4545288085938,806.8179931640625,608.5992431640625,55943
FRO,FRO.OL,2003-12-22,806.8179931640625,813.636474609375,797.7274780273438,809.0910034179688,610.3139038085938,60630
FRO,FRO.OL,2003-12-23,800.0,809.0910034179688,795.4545288085938,806.8179931640625,608.5992431640625,36592
FRO,FRO.OL,2003-12-24,806.8179931640625,806.8179931640625,806.8179931640625,806.8179931640625,608.5992431640625,0
FRO,FRO.OL,2003-12-25,806.8179931640625,806.8179931640625,806.8179931640625,806.8179931640625,608.5992431640625,0
FRO,FRO.OL,2003-12-26,806.8179931640625,806.8179931640625,806.8179931640625,806.8179931640625,608.5992431640625,0
FRO,FRO.OL,2003-12-29,827.2725219726562,840.9089965820312,827.2725219726562,829.5454711914062,625.7429809570312,70511
FRO,FRO.OL,2003-12-30,809.0910034179688,809.0910034179688,777.2725219726562,784.0910034179688,591.4555053710938,128684
FRO,FRO.OL,2003-12-31,784.0910034179688,784.0910034179688,784.0910034179688,784.0910034179688,591.4555053710938,0
FRO,FRO.OL,2004-01-01,784.0910034179688,784.0910034179688,784.0910034179688,784.0910034179688,591.4555053710938,0
FRO,FRO.OL,2004-01-02,763.636474609375,793.1820068359375,752.2725219726562,786.363525390625,593.1701049804688,86368
FRO,FRO.OL,2004-01-05,781.8179931640625,804.5454711914062,779.5454711914062,793.1820068359375,598.3133544921875,98909
FRO,FRO.OL,2004-01-06,800.0,800.0,772.7274780273438,784.0910034179688,591.4555053710938,126752
FRO,FRO.OL,2004-01-07,775.0,834.0910034179688,775.0,822.7274780273438,620.6002197265625,279556
FRO,FRO.OL,2004-01-08,831.8179931640625,859.0910034179688,829.5454711914062,838.636474609375,632.6005249023438,109287
FRO,FRO.OL,2004-01-09,843.1820068359375,845.4545288085938,829.5454711914062,836.363525390625,630.8861083984375,144034
FRO,FRO.OL,2004-01-12,834.0910034179688,884.0910034179688,827.2725219726562,877.2725219726562,661.7445678710938,201266
FRO,FRO.OL,2004-01-13,888.636474609375,904.5454711914062,886.363525390625,890.9089965820312,672.0311279296875,144645
FRO,FRO.OL,2004-01-14,897.7274780273438,913.636474609375,895.4545288085938,900.0,678.8883666992188,168881
FRO,FRO.OL,2004-01-15,911.363525390625,950.0,911.363525390625,922.7274780273438,696.0321655273438,148437
FRO,FRO.OL,2004-01-16,936.363525390625,940.9089965820312,913.636474609375,927.2725219726562,699.4605712890625,72993
FRO,FRO.OL,2004-01-19,940.9089965820312,952.2725219726562,929.5454711914062,936.363525390625,706.3182373046875,49232
FRO,FRO.OL,2004-01-20,940.9089965820312,947.7274780273438,931.8179931640625,945.4545288085938,713.1756591796875,43016
FRO,FRO.OL,2004-01-21,956.8179931640625,961.363525390625,927.2725219726562,936.363525390625,706.3182373046875,85316
FRO,FRO.OL,2004-01-22,931.8179931640625,938.636474609375,915.9089965820312,936.363525390625,706.3182373046875,86596
FRO,FRO.OL,2004-01-23,918.1820068359375,965.9089965820312,918.1820068359375,954.5454711914062,720.0332641601562,229764
FRO,FRO.OL,2004-01-26,945.4545288085938,963.636474609375,938.636474609375,956.8179931640625,721.7474365234375,64062
FRO,FRO.OL,2004-01-27,972.7274780273438,972.7274780273438,940.9089965820312,959.0910034179688,723.4617309570312,59995
FRO,FRO.OL,2004-01-28,954.5454711914062,963.636474609375,943.1820068359375,954.5454711914062,720.0332641601562,105749
FRO,FRO.OL,2004-01-29,943.1820068359375,950.0,890.9089965820312,895.4545288085938,675.459716796875,298802
FRO,FRO.OL,2004-01-30,895.4545288085938,938.636474609375,888.636474609375,938.636474609375,708.0326538085938,223092
FRO,FRO.OL,2004-02-02,945.4545288085938,959.0910034179688,931.8179931640625,938.636474609375,708.0326538085938,93903
FRO,FRO.OL,2004-02-03,927.2725219726562,952.2725219726562,925.0,936.363525390625,706.3182373046875,180507
FRO,FRO.OL,2004-02-04,938.636474609375,943.1820068359375,922.7274780273438,927.2725219726562,699.4605712890625,169074
FRO,FRO.OL,2004-02-05,927.2725219726562,931.8179931640625,915.9089965820312,927.2725219726562,699.4605712890625,106368
FRO,FRO.OL,2004-02-06,920.4545288085938,938.636474609375,915.9089965820312,918.1820068359375,692.6034545898438,99553
FRO,FRO.OL,2004-02-09,927.2725219726562,938.636474609375,927.2725219726562,936.363525390625,706.3182373046875,86723
FRO,FRO.OL,2004-02-10,940.9089965820312,945.4545288085938,922.7274780273438,922.7274780273438,696.0321655273438,123450
FRO,FRO.OL,2004-02-11,927.2725219726562,945.4545288085938,927.2725219726562,945.4545288085938,713.1756591796875,78258
FRO,FRO.OL,2004-02-12,956.8179931640625,963.636474609375,952.2725219726562,959.0910034179688,723.4617309570312,146773
FRO,FRO.OL,2004-02-13,970.4545288085938,970.4545288085938,925.0,925.0,697.7462768554688,164920
FRO,FRO.OL,2004-02-16,925.0,950.0,920.4545288085938,947.7274780273438,714.8902587890625,111974
FRO,FRO.OL,2004-02-17,943.1820068359375,945.4545288085938,938.636474609375,945.4545288085938,713.1756591796875,27362
FRO,FRO.OL,2004-02-18,940.9089965820312,970.4545288085938,940.9089965820312,963.636474609375,726.8908081054688,112477
FRO,FRO.OL,2004-02-19,968.1820068359375,988.636474609375,956.8179931640625,965.9089965820312,728.6049194335938,122349
FRO,FRO.OL,2004-02-20,975.0,990.9089965820312,968.1820068359375,979.5454711914062,738.8909912109375,139583
FRO,FRO.OL,2004-02-23,986.363525390625,1004.5454711914062,986.363525390625,997.7274780273438,752.6060791015625,93957
FRO,FRO.OL,2004-02-24,990.9089965820312,990.9089965820312,954.5454711914062,959.0910034179688,723.4617309570312,115159
FRO,FRO.OL,2004-02-25,959.0910034179688,972.7274780273438,959.0910034179688,970.4545288085938,732.0337524414062,75254
FRO,FRO.OL,2004-02-26,981.8179931640625,988.636474609375,977.2725219726562,977.2725219726562,737.1766967773438,62842
FRO,FRO.OL,2004-02-27,988.636474609375,1022.7274780273438,986.363525390625,1022.7274780273438,771.4640502929688,148653
FRO,FRO.OL,2004-03-01,988.636474609375,1036.363525390625,972.7274780273438,1027.2724609375,774.8923950195312,218446
FRO,FRO.OL,2004-03-02,1045.4544677734375,1081.8179931640625,1038.636474609375,1081.8179931640625,816.03759765625,140474
FRO,FRO.OL,2004-03-03,1081.8179931640625,1081.8179931640625,1056.8179931640625,1068.1820068359375,805.7515258789062,251039
FRO,FRO.OL,2004-03-04,1045.4544677734375,1075.0,1040.9090576171875,1072.7275390625,809.1800537109375,123303
FRO,FRO.OL,2004-03-05,1068.1820068359375,1100.0,1065.9090576171875,1079.5455322265625,814.3233032226562,77912
FRO,FRO.OL,2004-03-08,1093.1820068359375,1118.1820068359375,1088.636474609375,1118.1820068359375,843.467529296875,96047
FRO,FRO.OL,2004-03-09,1125.0,1134.0909423828125,1113.636474609375,1129.5455322265625,852.0391235351562,95757
FRO,FRO.OL,2004-03-10,981.8179931640625,1022.7274780273438,977.2725219726562,986.363525390625,759.1561279296875,118261
FRO,FRO.OL,2004-03-11,972.7274780273438,975.0,909.0910034179688,929.5454711914062,715.4262084960938,191696
FRO,FRO.OL,2004-03-12,925.0,945.4545288085938,900.0,940.9089965820312,724.1719970703125,154871
FRO,FRO.OL,2004-03-15,938.636474609375,945.4545288085938,881.8179931640625,893.1820068359375,687.439208984375,147543
FRO,FRO.OL,2004-03-16,888.636474609375,920.4545288085938,888.636474609375,913.636474609375,703.1818237304688,180313
FRO,FRO.OL,2004-03-17,931.8179931640625,931.8179931640625,897.7274780273438,918.1820068359375,706.6802368164062,174827
FRO,FRO.OL,2004-03-18,922.7274780273438,927.2725219726562,902.2725219726562,904.5454711914062,696.1846923828125,67591
FRO,FRO.OL,2004-03-19,904.5454711914062,909.0910034179688,854.5454711914062,870.4545288085938,669.9464721679688,189184
FRO,FRO.OL,2004-03-22,861.363525390625,861.363525390625,813.636474609375,815.9089965820312,627.9656372070312,161521
FRO,FRO.OL,2004-03-23,813.636474609375,831.8179931640625,797.7274780273438,820.4545288085938,631.464111328125,156081
FRO,FRO.OL,2004-03-24,813.636474609375,859.0910034179688,806.8179931640625,856.8179931640625,659.4511108398438,240088
FRO,FRO.OL,2004-03-25,854.5454711914062,872.7274780273438,847.7274780273438,847.7274780273438,652.454833984375,110552
FRO,FRO.OL,2004-03-26,859.0910034179688,863.636474609375,840.9089965820312,850.0,654.203857421875,55333
FRO,FRO.OL,2004-03-29,868.1820068359375,890.9089965820312,868.1820068359375,890.9089965820312,685.689697265625,77990
FRO,FRO.OL,2004-03-30,900.0,900.0,879.5454711914062,888.636474609375,683.9403686523438,85269
FRO,FRO.OL,2004-03-31,886.363525390625,888.636474609375,865.9089965820312,886.363525390625,682.1912231445312,88000
FRO,FRO.OL,2004-04-01,904.5454711914062,943.1820068359375,904.5454711914062,925.0,711.9276123046875,142352
FRO,FRO.OL,2004-04-02,925.0,950.0,925.0,950.0,731.169189453125,80321
FRO,FRO.OL,2004-04-05,954.5454711914062,984.0910034179688,947.7274780273438,984.0910034179688,757.4071044921875,69904
FRO,FRO.OL,2004-04-06,972.7274780273438,979.5454711914062,936.363525390625,945.4545288085938,727.6705932617188,77485
FRO,FRO.OL,2004-04-07,956.8179931640625,956.8179931640625,931.8179931640625,945.4545288085938,727.6705932617188,24618
FRO,FRO.OL,2004-04-08,945.4545288085938,945.4545288085938,945.4545288085938,945.4545288085938,727.6705932617188,0
FRO,FRO.OL,2004-04-09,945.4545288085938,945.4545288085938,945.4545288085938,945.4545288085938,727.6705932617188,0
FRO,FRO.OL,2004-04-12,945.4545288085938,945.4545288085938,945.4545288085938,945.4545288085938,727.6705932617188,0
FRO,FRO.OL,2004-04-13,954.5454711914062,972.7274780273438,954.5454711914062,956.8179931640625,736.41650390625,56436
FRO,FRO.OL,2004-04-14,915.9089965820312,929.5454711914062,890.9089965820312,895.4545288085938,689.1880493164062,95470
FRO,FRO.OL,2004-04-15,902.2725219726562,913.636474609375,897.7274780273438,904.5454711914062,696.1846923828125,63407
FRO,FRO.OL,2004-04-16,890.9089965820312,909.0910034179688,886.363525390625,886.363525390625,682.1912231445312,68824
FRO,FRO.OL,2004-04-19,890.9089965820312,893.1820068359375,870.4545288085938,890.9089965820312,685.689697265625,116441
FRO,FRO.OL,2004-04-20,911.363525390625,963.636474609375,911.363525390625,963.636474609375,741.664306640625,174295
FRO,FRO.OL,2004-04-21,961.363525390625,968.1820068359375,925.0,931.8179931640625,717.1751708984375,126225
FRO,FRO.OL,2004-04-22,925.0,931.8179931640625,904.5454711914062,920.4545288085938,708.42919921875,82011
FRO,FRO.OL,2004-04-23,934.0910034179688,938.636474609375,925.0,938.636474609375,722.4229125976562,15074
FRO,FRO.OL,2004-04-26,945.4545288085938,950.0,936.363525390625,950.0,731.169189453125,25369
FRO,FRO.OL,2004-04-27,945.4545288085938,950.0,918.1820068359375,922.7274780273438,710.1785888671875,73250
FRO,FRO.OL,2004-04-28,915.9089965820312,915.9089965820312,872.7274780273438,875.0,673.445068359375,87641
FRO,FRO.OL,2004-04-29,852.2725219726562,852.2725219726562,811.363525390625,840.9089965820312,647.206787109375,174770
FRO,FRO.OL,2004-04-30,811.363525390625,822.7274780273438,788.636474609375,811.363525390625,624.4669799804688,112697
FRO,FRO.OL,2004-05-03,795.4545288085938,820.4545288085938,781.8179931640625,809.0910034179688,622.718017578125,53090
FRO,FRO.OL,2004-05-04,829.5454711914062,856.8179931640625,827.2725219726562,854.5454711914062,657.7021484375,154981
FRO,FRO.OL,2004-05-05,847.7274780273438,879.5454711914062,840.9089965820312,859.0910034179688,661.2006225585938,98236
FRO,FRO.OL,2004-05-06,854.5454711914062,856.8179931640625,829.5454711914062,850.0,654.203857421875,98407
FRO,FRO.OL,2004-05-07,845.4545288085938,845.4545288085938,825.0,831.8179931640625,640.2101440429688,114360
FRO,FRO.OL,2004-05-10,809.0910034179688,829.5454711914062,804.5454711914062,806.8179931640625,620.9686889648438,106589
FRO,FRO.OL,2004-05-11,822.7274780273438,856.8179931640625,818.1820068359375,840.9089965820312,647.206787109375,162763
FRO,FRO.OL,2004-05-12,852.2725219726562,877.2725219726562,850.0,859.0910034179688,661.2006225585938,103415
FRO,FRO.OL,2004-05-13,895.4545288085938,918.1820068359375,890.9089965820312,915.9089965820312,704.9308471679688,249052
FRO,FRO.OL,2004-05-14,940.9089965820312,963.636474609375,922.7274780273438,963.636474609375,741.664306640625,248284
FRO,FRO.OL,2004-05-17,963.636474609375,963.636474609375,963.636474609375,963.636474609375,741.664306640625,0
FRO,FRO.OL,2004-05-18,945.4545288085938,954.5454711914062,922.7274780273438,938.636474609375,722.4229125976562,128962
FRO,FRO.OL,2004-05-19,977.2725219726562,1000.0,965.9089965820312,995.4545288085938,766.1531372070312,252502
FRO,FRO.OL,2004-05-20,995.4545288085938,995.4545288085938,995.4545288085938,995.4545288085938,766.1531372070312,0
FRO,FRO.OL,2004-05-21,993.1820068359375,1027.2724609375,990.9089965820312,1002.2725219726562,771.4005737304688,98038
FRO,FRO.OL,2004-05-24,1020.4545288085938,1047.7275390625,1020.4545288085938,1027.2724609375,790.6416015625,177914
FRO,FRO.OL,2004-05-25,1013.636474609375,1036.363525390625,1002.2725219726562,1034.0909423828125,795.8896484375,185710
FRO,FRO.OL,2004-05-26,1045.4544677734375,1054.5455322265625,1018.1820068359375,1027.2724609375,790.6416015625,190801
FRO,FRO.OL,2004-05-27,1040.9090576171875,1050.0,1022.7274780273438,1025.0,788.8927001953125,170881
FRO,FRO.OL,2004-05-28,1059.0909423828125,1077.2724609375,1038.636474609375,1070.4544677734375,823.876953125,304569
FRO,FRO.OL,2004-05-31,1070.4544677734375,1070.4544677734375,1070.4544677734375,1070.4544677734375,823.876953125,0
FRO,FRO.OL,2004-06-01,1097.7275390625,1125.0,1088.636474609375,1118.1820068359375,860.6103515625,185594
FRO,FRO.OL,2004-06-02,1140.9090576171875,1165.9090576171875,1136.363525390625,1136.363525390625,874.6039428710938,240950
FRO,FRO.OL,2004-06-03,913.636474609375,961.363525390625,909.0910034179688,954.5454711914062,734.66748046875,358158
FRO,FRO.OL,2004-06-04,959.0910034179688,975.0,925.0,927.2725219726562,713.6765747070312,157982
FRO,FRO.OL,2004-06-07,927.2725219726562,943.1820068359375,911.363525390625,918.1820068359375,706.6802368164062,126532
FRO,FRO.OL,2004-06-08,929.5454711914062,954.5454711914062,927.2725219726562,950.0,731.169189453125,150235
FRO,FRO.OL,2004-06-09,956.8179931640625,961.363525390625,931.8179931640625,954.5454711914062,734.66748046875,128525
FRO,FRO.OL,2004-06-10,936.363525390625,961.363525390625,931.8179931640625,956.8179931640625,736.41650390625,184799
FRO,FRO.OL,2004-06-11,954.5454711914062,963.636474609375,943.1820068359375,943.1820068359375,725.9215698242188,87483
FRO,FRO.OL,2004-06-14,938.636474609375,959.0910034179688,938.636474609375,952.2725219726562,732.91796875,80402
FRO,FRO.OL,2004-06-15,950.0,956.8179931640625,938.636474609375,940.9089965820312,724.1719970703125,211955
FRO,FRO.OL,2004-06-16,950.0,981.8179931640625,943.1820068359375,972.7274780273438,748.6611328125,157200
FRO,FRO.OL,2004-06-17,986.363525390625,990.9089965820312,977.2725219726562,988.636474609375,780.977294921875,101390
FRO,FRO.OL,2004-06-18,1015.9089965820312,1015.9089965820312,995.4545288085938,1011.363525390625,798.9306030273438,192580
FRO,FRO.OL,2004-06-21,1018.1820068359375,1029.5455322265625,984.0910034179688,1002.2725219726562,791.7493896484375,146914
FRO,FRO.OL,2004-06-22,981.8179931640625,984.0910034179688,956.8179931640625,965.9089965820312,763.023681640625,124344
FRO,FRO.OL,2004-06-23,965.9089965820312,990.9089965820312,943.1820068359375,990.9089965820312,782.7725219726562,222832
FRO,FRO.OL,2004-06-24,995.4545288085938,1011.363525390625,990.9089965820312,1000.0,789.9539794921875,147334
FRO,FRO.OL,2004-06-25,997.7274780273438,1018.1820068359375,997.7274780273438,1013.636474609375,800.7261962890625,77464
FRO,FRO.OL,2004-06-28,1036.363525390625,1052.2724609375,1036.363525390625,1038.636474609375,820.4752807617188,97562
FRO,FRO.OL,2004-06-29,1043.1820068359375,1075.0,1040.9090576171875,1075.0,849.2005615234375,76011
FRO,FRO.OL,2004-06-30,1079.5455322265625,1095.4544677734375,1068.1820068359375,1084.0909423828125,856.3822021484375,170557
FRO,FRO.OL,2004-07-01,1088.636474609375,1104.5455322265625,1063.636474609375,1104.5455322265625,872.5404052734375,136776
FRO,FRO.OL,2004-07-02,1090.9090576171875,1095.4544677734375,1077.2724609375,1077.2724609375,850.995849609375,79498
FRO,FRO.OL,2004-07-05,1072.7275390625,1086.363525390625,1063.636474609375,1072.7275390625,847.405517578125,18398
FRO,FRO.OL,2004-07-06,1070.4544677734375,1100.0,1070.4544677734375,1090.9090576171875,861.76806640625,45745
FRO,FRO.OL,2004-07-07,1109.0909423828125,1131.8179931640625,1104.5455322265625,1129.5455322265625,892.2889404296875,137693
FRO,FRO.OL,2004-07-08,1129.5455322265625,1170.4544677734375,1129.5455322265625,1165.9090576171875,921.0145263671875,101774
FRO,FRO.OL,2004-07-09,1168.1820068359375,1236.363525390625,1163.636474609375,1236.363525390625,976.670654296875,148326
FRO,FRO.OL,2004-07-12,1236.363525390625,1254.5455322265625,1200.0,1206.8179931640625,953.3306274414062,91087
FRO,FRO.OL,2004-07-13,1154.5455322265625,1159.0909423828125,1109.0909423828125,1129.5455322265625,892.2889404296875,222028
FRO,FRO.OL,2004-07-14,1104.5455322265625,1122.7275390625,1081.8179931640625,1093.1820068359375,863.5633544921875,176328
FRO,FRO.OL,2004-07-15,1140.9090576171875,1177.2724609375,1136.363525390625,1168.1820068359375,922.809814453125,145019
FRO,FRO.OL,2004-07-16,1172.7275390625,1188.636474609375,1163.636474609375,1168.1820068359375,922.809814453125,57648
FRO,FRO.OL,2004-07-19,1172.7275390625,1186.363525390625,1136.363525390625,1140.9090576171875,901.2656860351562,56523
FRO,FRO.OL,2004-07-20,1154.5455322265625,1163.636474609375,1147.7275390625,1159.0909423828125,915.6285400390625,48578
FRO,FRO.OL,2004-07-21,1177.2724609375,1231.8179931640625,1177.2724609375,1220.4544677734375,964.1028442382812,96569
FRO,FRO.OL,2004-07-22,1195.4544677734375,1209.0909423828125,1168.1820068359375,1177.2724609375,929.9912719726562,52188
FRO,FRO.OL,2004-07-23,1159.0909423828125,1168.1820068359375,1150.0,1154.5455322265625,912.0379638671875,56282
FRO,FRO.OL,2004-07-26,1181.8179931640625,1190.9090576171875,1161.363525390625,1175.0,928.1959838867188,44031
FRO,FRO.OL,2004-07-27,1140.9090576171875,1161.363525390625,1122.7275390625,1147.7275390625,906.6519775390625,77153
FRO,FRO.OL,2004-07-28,1168.1820068359375,1188.636474609375,1168.1820068359375,1186.363525390625,937.1727905273438,53793
FRO,FRO.OL,2004-07-29,1209.0909423828125,1211.363525390625,1190.9090576171875,1197.7275390625,946.1494750976562,54928
FRO,FRO.OL,2004-07-30,1204.5455322265625,1227.2724609375,1184.0909423828125,1220.4544677734375,964.1028442382812,64138
FRO,FRO.OL,2004-08-02,1218.1820068359375,1218.1820068359375,1190.9090576171875,1213.636474609375,958.716796875,28883
FRO,FRO.OL,2004-08-03,1200.0,1200.0,1175.0,1181.8179931640625,933.581787109375,71972
FRO,FRO.OL,2004-08-04,1154.5455322265625,1175.0,1145.4544677734375,1161.363525390625,917.4236450195312,62559
FRO,FRO.OL,2004-08-05,1143.1820068359375,1159.0909423828125,1118.1820068359375,1150.0,908.447509765625,166761
FRO,FRO.OL,2004-08-06,1131.8179931640625,1159.0909423828125,1075.0,1079.5455322265625,852.791259765625,156714
FRO,FRO.OL,2004-08-09,1084.0909423828125,1111.363525390625,1084.0909423828125,1090.9090576171875,861.76806640625,161316
FRO,FRO.OL,2004-08-10,1122.7275390625,1136.363525390625,1102.2724609375,1102.2724609375,870.7445678710938,160274
FRO,FRO.OL,2004-08-11,1113.636474609375,1118.1820068359375,1097.7275390625,1111.363525390625,877.9263916015625,83536
FRO,FRO.OL,2004-08-12,1129.5455322265625,1138.636474609375,1122.7275390625,1125.0,888.6983642578125,69512
FRO,FRO.OL,2004-08-13,1097.7275390625,1152.2724609375,1095.4544677734375,1131.8179931640625,894.0844116210938,121760
FRO,FRO.OL,2004-08-16,1122.7275390625,1159.0909423828125,1122.7275390625,1145.4544677734375,904.8563842773438,144757
FRO,FRO.OL,2004-08-17,1156.8179931640625,1193.1820068359375,1152.2724609375,1179.5455322265625,931.786865234375,150798
FRO,FRO.OL,2004-08-18,1168.1820068359375,1193.1820068359375,1165.9090576171875,1168.1820068359375,922.809814453125,200329
FRO,FRO.OL,2004-08-19,1195.4544677734375,1211.363525390625,1177.2724609375,1209.0909423828125,955.1265258789062,219245
FRO,FRO.OL,2004-08-20,1213.636474609375,1231.8179931640625,1204.5455322265625,1213.636474609375,958.716796875,180126
FRO,FRO.OL,2004-08-23,1218.1820068359375,1243.1820068359375,1213.636474609375,1234.0909423828125,974.8754272460938,146260
FRO,FRO.OL,2004-08-24,1227.2724609375,1231.8179931640625,1206.8179931640625,1215.9090576171875,960.5123291015625,113270
FRO,FRO.OL,2004-08-25,1218.1820068359375,1247.7275390625,1218.1820068359375,1229.5455322265625,971.2846069335938,166810
FRO,FRO.OL,2004-08-26,1190.9090576171875,1218.1820068359375,1181.8179931640625,1202.2724609375,955.960205078125,160711
FRO,FRO.OL,2004-08-27,1190.9090576171875,1206.8179931640625,1175.0,1200.0,954.1530151367188,151780
FRO,FRO.OL,2004-08-30,1190.9090576171875,1190.9090576171875,1175.0,1181.8179931640625,939.6959228515625,88900
FRO,FRO.OL,2004-08-31,1163.636474609375,1177.2724609375,1152.2724609375,1172.7275390625,932.467529296875,82268
FRO,FRO.OL,2004-09-01,1177.2724609375,1197.7275390625,1175.0,1193.1820068359375,948.7318115234375,67268
FRO,FRO.OL,2004-09-02,1202.2724609375,1256.8179931640625,1202.2724609375,1234.0909423828125,981.2599487304688,161708
FRO,FRO.OL,2004-09-03,1234.0909423828125,1240.9090576171875,1227.2724609375,1236.363525390625,983.06689453125,123747
FRO,FRO.OL,2004-09-06,1245.4544677734375,1275.0,1240.9090576171875,1259.0909423828125,1001.1380004882812,139627
FRO,FRO.OL,2004-09-07,1281.8179931640625,1302.27294921875,1261.363525390625,1268.1820068359375,1008.3662109375,262615
FRO,FRO.OL,2004-09-08,1227.2724609375,1250.0,1218.1820068359375,1220.4544677734375,970.4168701171875,212245
FRO,FRO.OL,2004-09-09,1215.9090576171875,1227.2724609375,1172.7275390625,1195.4544677734375,950.5390014648438,207611
FRO,FRO.OL,2004-09-10,1218.1820068359375,1252.2724609375,1213.636474609375,1247.7275390625,992.1025390625,172305
FRO,FRO.OL,2004-09-13,1218.1820068359375,1234.0909423828125,1204.5455322265625,1204.5455322265625,957.7672119140625,160249
FRO,FRO.OL,2004-09-14,1227.2724609375,1243.1820068359375,1206.8179931640625,1218.1820068359375,968.6100463867188,223685
FRO,FRO.OL,2004-09-15,1240.9090576171875,1259.0909423828125,1234.0909423828125,1245.4544677734375,990.2950439453125,2586778
FRO,FRO.OL,2004-09-16,1272.7275390625,1288.636474609375,1268.1820068359375,1277.2724609375,1015.594482421875,224187
FRO,FRO.OL,2004-09-17,1263.636474609375,1281.8179931640625,1245.4544677734375,1277.2724609375,1015.594482421875,139947
FRO,FRO.OL,2004-09-20,1295.4544677734375,1325.0,1295.4544677734375,1313.636474609375,1044.5084228515625,276293
FRO,FRO.OL,2004-09-21,1318.1820068359375,1354.5455322265625,1313.636474609375,1343.1820068359375,1068.0006103515625,279123
FRO,FRO.OL,2004-09-22,1361.363525390625,1377.27294921875,1350.0,1359.0909423828125,1080.6505126953125,174440
FRO,FRO.OL,2004-09-23,1368.1820068359375,1397.72705078125,1368.1820068359375,1377.27294921875,1095.1075439453125,235349
FRO,FRO.OL,2004-09-24,1409.0909423828125,1418.1820068359375,1395.4544677734375,1418.1820068359375,1127.6356201171875,285582
FRO,FRO.OL,2004-09-27,1436.363525390625,1472.72705078125,1436.363525390625,1472.72705078125,1171.0059814453125,245841
FRO,FRO.OL,2004-09-28,1459.0909423828125,1465.9090576171875,1415.9090576171875,1415.9090576171875,1125.827880859375,270613
FRO,FRO.OL,2004-09-29,1425.0,1447.72705078125,1418.1820068359375,1420.4544677734375,1129.442626953125,123305
FRO,FRO.OL,2004-09-30,1427.27294921875,1443.1820068359375,1413.636474609375,1434.0909423828125,1140.2850341796875,81979
FRO,FRO.OL,2004-10-01,1452.27294921875,1459.0909423828125,1436.363525390625,1438.636474609375,1143.899658203125,63651
FRO,FRO.OL,2004-10-04,1468.1820068359375,1534.0909423828125,1468.1820068359375,1529.5455322265625,1216.183349609375,172208
FRO,FRO.OL,2004-10-05,1556.8179931640625,1586.363525390625,1538.636474609375,1581.8179931640625,1257.7467041015625,141643
FRO,FRO.OL,2004-10-06,1622.72705078125,1638.636474609375,1604.5455322265625,1611.363525390625,1281.2396240234375,237742
FRO,FRO.OL,2004-10-07,1645.4544677734375,1675.0,1634.0909423828125,1638.636474609375,1302.9249267578125,281139
FRO,FRO.OL,2004-10-08,1631.8179931640625,1650.0,1588.636474609375,1615.9090576171875,1284.853759765625,156107
FRO,FRO.OL,2004-10-11,1672.72705078125,1677.27294921875,1586.363525390625,1609.0909423828125,1279.4324951171875,197752
FRO,FRO.OL,2004-10-12,1575.0,1575.0,1484.0909423828125,1486.363525390625,1181.847900390625,554859
FRO,FRO.OL,2004-10-13,1472.72705078125,1506.8179931640625,1415.9090576171875,1418.1820068359375,1127.6356201171875,413582
FRO,FRO.OL,2004-10-14,1395.4544677734375,1429.5455322265625,1311.363525390625,1386.363525390625,1102.33544921875,812224
FRO,FRO.OL,2004-10-15,1431.8179931640625,1452.27294921875,1411.363525390625,1436.363525390625,1142.0921630859375,282569
FRO,FRO.OL,2004-10-18,1463.636474609375,1490.9090576171875,1450.0,1481.8179931640625,1178.2344970703125,239278
FRO,FRO.OL,2004-10-19,1477.27294921875,1481.8179931640625,1400.0,1459.0909423828125,1160.16357421875,257312
FRO,FRO.OL,2004-10-20,1440.9090576171875,1440.9090576171875,1359.0909423828125,1418.1820068359375,1127.6356201171875,215371
FRO,FRO.OL,2004-10-21,1477.27294921875,1531.8179931640625,1447.72705078125,1525.0,1212.5693359375,408847
FRO,FRO.OL,2004-10-22,1550.0,1595.4544677734375,1538.636474609375,1545.4544677734375,1228.833251953125,301727
FRO,FRO.OL,2004-10-25,1527.27294921875,1568.1820068359375,1520.4544677734375,1529.5455322265625,1216.183349609375,175306
FRO,FRO.OL,2004-10-26,1552.27294921875,1565.9090576171875,1504.5455322265625,1518.1820068359375,1207.14794921875,125972
FRO,FRO.OL,2004-10-27,1559.0909423828125,1559.0909423828125,1525.0,1531.8179931640625,1217.9908447265625,116752
FRO,FRO.OL,2004-10-28,1461.363525390625,1481.8179931640625,1397.72705078125,1429.5455322265625,1136.6707763671875,475074
FRO,FRO.OL,2004-10-29,1409.0909423828125,1440.9090576171875,1404.5455322265625,1427.27294921875,1134.86376953125,159272
FRO,FRO.OL,2004-11-01,1456.8179931640625,1465.9090576171875,1436.363525390625,1459.0909423828125,1160.16357421875,96349
FRO,FRO.OL,2004-11-02,1443.1820068359375,1447.72705078125,1420.4544677734375,1420.4544677734375,1129.442626953125,135658
FRO,FRO.OL,2004-11-03,1436.363525390625,1493.1820068359375,1436.363525390625,1475.0,1172.81298828125,198642
FRO,FRO.OL,2004-11-04,1456.8179931640625,1477.27294921875,1440.9090576171875,1440.9090576171875,1145.706298828125,258783
FRO,FRO.OL,2004-11-05,1495.4544677734375,1534.0909423828125,1486.363525390625,1509.0909423828125,1199.9197998046875,177551
FRO,FRO.OL,2004-11-08,1518.1820068359375,1554.5455322265625,1513.636474609375,1525.0,1212.5693359375,325648
FRO,FRO.OL,2004-11-09,1565.9090576171875,1579.5455322265625,1545.4544677734375,1550.0,1232.4478759765625,233454
FRO,FRO.OL,2004-11-10,1568.1820068359375,1572.72705078125,1554.5455322265625,1563.636474609375,1243.2900390625,177503
FRO,FRO.OL,2004-11-11,1600.0,1618.1820068359375,1588.636474609375,1618.1820068359375,1286.6610107421875,212786
FRO,FRO.OL,2004-11-12,1656.8179931640625,1659.0909423828125,1618.1820068359375,1618.1820068359375,1286.6610107421875,274897
FRO,FRO.OL,2004-11-15,1656.8179931640625,1679.5455322265625,1654.5455322265625,1665.9090576171875,1324.6099853515625,283842
FRO,FRO.OL,2004-11-16,1663.636474609375,1665.9090576171875,1604.5455322265625,1627.27294921875,1293.8892822265625,277657
FRO,FRO.OL,2004-11-17,1625.0,1663.636474609375,1609.0909423828125,1663.636474609375,1322.8031005859375,116860
FRO,FRO.OL,2004-11-18,1672.72705078125,1675.0,1640.9090576171875,1672.72705078125,1330.031005859375,222275
FRO,FRO.OL,2004-11-19,1663.636474609375,1686.363525390625,1654.5455322265625,1684.0909423828125,1339.0670166015625,135733
FRO,FRO.OL,2004-11-22,1693.1820068359375,1763.636474609375,1690.9090576171875,1761.363525390625,1400.5084228515625,160939
FRO,FRO.OL,2004-11-23,1727.27294921875,1763.636474609375,1718.1820068359375,1752.27294921875,1403.239013671875,211224
FRO,FRO.OL,2004-11-24,1756.8179931640625,1756.8179931640625,1700.0,1722.72705078125,1379.578125,240626
FRO,FRO.OL,2004-11-25,1727.27294921875,1752.27294921875,1722.72705078125,1745.4544677734375,1397.7783203125,115660
FRO,FRO.OL,2004-11-26,1745.4544677734375,1745.4544677734375,1695.4544677734375,1727.27294921875,1383.21826171875,116529
FRO,FRO.OL,2004-11-29,1677.27294921875,1725.0,1672.72705078125,1720.4544677734375,1377.7581787109375,221548
FRO,FRO.OL,2004-11-30,1659.0909423828125,1690.9090576171875,1650.0,1686.363525390625,1350.4576416015625,224386
FRO,FRO.OL,2004-12-01,1690.9090576171875,1709.0909423828125,1677.27294921875,1681.8179931640625,1346.817626953125,182168
FRO,FRO.OL,2004-12-02,1611.363525390625,1654.5455322265625,1588.636474609375,1618.1820068359375,1295.8572998046875,311618
FRO,FRO.OL,2004-12-03,1529.5455322265625,1568.1820068359375,1522.72705078125,1550.0,1241.2562255859375,238418
FRO,FRO.OL,2004-12-06,1581.8179931640625,1615.9090576171875,1575.0,1606.8179931640625,1286.75732421875,144011
FRO,FRO.OL,2004-12-07,1609.0909423828125,1629.5455322265625,1609.0909423828125,1615.9090576171875,1294.0374755859375,190960
FRO,FRO.OL,2004-12-08,1536.363525390625,1561.363525390625,1490.9090576171875,1531.8179931640625,1226.6962890625,224849
FRO,FRO.OL,2004-12-09,1536.363525390625,1536.363525390625,1479.5455322265625,1488.636474609375,1192.11572265625,356462
FRO,FRO.OL,2004-12-10,1454.5455322265625,1463.636474609375,1375.0,1386.363525390625,1110.2149658203125,523855
FRO,FRO.OL,2004-12-13,1384.0909423828125,1400.0,1340.9090576171875,1379.5455322265625,1104.7547607421875,311640
FRO,FRO.OL,2004-12-14,1459.0909423828125,1465.9090576171875,1406.8179931640625,1406.8179931640625,1126.5947265625,595813
FRO,FRO.OL,2004-12-15,1386.363525390625,1413.636474609375,1354.5455322265625,1386.363525390625,1110.2149658203125,390719
FRO,FRO.OL,2004-12-16,1402.27294921875,1427.27294921875,1375.0,1384.0909423828125,1108.3948974609375,360577
FRO,FRO.OL,2004-12-17,1372.72705078125,1377.27294921875,1327.27294921875,1338.636474609375,1071.9945068359375,347536
FRO,FRO.OL,2004-12-20,1345.4544677734375,1372.72705078125,1331.8179931640625,1370.4544677734375,1097.474365234375,186012
FRO,FRO.OL,2004-12-21,1386.363525390625,1393.1820068359375,1345.4544677734375,1388.636474609375,1112.034912109375,242666
FRO,FRO.OL,2004-12-22,1404.5455322265625,1415.9090576171875,1386.363525390625,1413.636474609375,1132.0556640625,217091
FRO,FRO.OL,2004-12-23,1381.8179931640625,1381.8179931640625,1354.5455322265625,1359.0909423828125,1088.3741455078125,116877
FRO,FRO.OL,2004-12-24,1359.0909423828125,1359.0909423828125,1359.0909423828125,1359.0909423828125,1088.3741455078125,0
FRO,FRO.OL,2004-12-27,1322.72705078125,1336.363525390625,1275.0,1277.2724609375,1022.8535766601562,111085
FRO,FRO.OL,2004-12-28,1225.0,1277.2724609375,1213.636474609375,1277.2724609375,1022.8535766601562,179502
FRO,FRO.OL,2004-12-29,1286.363525390625,1304.5455322265625,1229.5455322265625,1243.1820068359375,995.5535278320312,342925
FRO,FRO.OL,2004-12-30,1236.363525390625,1259.0909423828125,1225.0,1225.0,980.9928588867188,169677
FRO,FRO.OL,2004-12-31,1225.0,1225.0,1225.0,1225.0,980.9928588867188,0
FRO,FRO.OL,2005-01-03,1200.0,1229.5455322265625,1184.0909423828125,1184.0909423828125,948.2326049804688,152618
FRO,FRO.OL,2005-01-04,1170.4544677734375,1209.0909423828125,1154.5455322265625,1204.5455322265625,964.61279296875,275799
FRO,FRO.OL,2005-01-05,1195.4544677734375,1240.9090576171875,1181.8179931640625,1231.8179931640625,986.4529418945312,422683
FRO,FRO.OL,2005-01-06,1229.5455322265625,1272.7275390625,1227.2724609375,1250.0,1001.013427734375,436083
FRO,FRO.OL,2005-01-07,1286.363525390625,1300.0,1265.9090576171875,1265.9090576171875,1013.7533569335938,713000
FRO,FRO.OL,2005-01-10,1250.0,1277.2724609375,1245.4544677734375,1277.2724609375,1022.8535766601562,162966
FRO,FRO.OL,2005-01-11,1279.5455322265625,1286.363525390625,1256.8179931640625,1272.7275390625,1019.2138671875,187062
FRO,FRO.OL,2005-01-12,1270.4544677734375,1272.7275390625,1254.5455322265625,1268.1820068359375,1015.5734252929688,143011
FRO,FRO.OL,2005-01-13,1293.1820068359375,1336.363525390625,1284.0909423828125,1331.8179931640625,1066.5341796875,277818
FRO,FRO.OL,2005-01-14,1354.5455322265625,1379.5455322265625,1338.636474609375,1368.1820068359375,1095.6546630859375,372568
FRO,FRO.OL,2005-01-17,1390.9090576171875,1390.9090576171875,1359.0909423828125,1359.0909423828125,1088.3741455078125,161322
FRO,FRO.OL,2005-01-18,1372.72705078125,1411.363525390625,1368.1820068359375,1409.0909423828125,1128.415283203125,269638
FRO,FRO.OL,2005-01-19,1372.72705078125,1395.4544677734375,1361.363525390625,1379.5455322265625,1104.7547607421875,382234
FRO,FRO.OL,2005-01-20,1327.27294921875,1340.9090576171875,1281.8179931640625,1290.9090576171875,1033.7740478515625,476401
FRO,FRO.OL,2005-01-21,1288.636474609375,1288.636474609375,1243.1820068359375,1272.7275390625,1019.2138671875,666395
FRO,FRO.OL,2005-01-24,1263.636474609375,1284.0909423828125,1252.2724609375,1256.8179931640625,1006.473388671875,312388
FRO,FRO.OL,2005-01-25,1245.4544677734375,1261.363525390625,1213.636474609375,1261.363525390625,1010.1135864257812,473997
FRO,FRO.OL,2005-01-26,1245.4544677734375,1261.363525390625,1240.9090576171875,1254.5455322265625,1004.6531372070312,221906
FRO,FRO.OL,2005-01-27,1286.363525390625,1336.363525390625,1281.8179931640625,1327.27294921875,1062.89453125,402752
FRO,FRO.OL,2005-01-28,1363.636474609375,1379.5455322265625,1329.5455322265625,1370.4544677734375,1097.474365234375,386759
FRO,FRO.OL,2005-01-31,1427.27294921875,1447.72705078125,1418.1820068359375,1440.9090576171875,1153.895263671875,583900
FRO,FRO.OL,2005-02-01,1468.1820068359375,1495.4544677734375,1463.636474609375,1484.0909423828125,1188.4757080078125,455527
FRO,FRO.OL,2005-02-02,1500.0,1520.4544677734375,1488.636474609375,1515.9090576171875,1213.95654296875,379464
FRO,FRO.OL,2005-02-03,1400.0,1409.0909423828125,1359.0909423828125,1377.27294921875,1102.9345703125,387393
FRO,FRO.OL,2005-02-04,1418.1820068359375,1418.1820068359375,1375.0,1395.4544677734375,1117.494873046875,369700
FRO,FRO.OL,2005-02-07,1372.72705078125,1381.8179931640625,1347.72705078125,1356.8179931640625,1086.55419921875,249660
FRO,FRO.OL,2005-02-08,1350.0,1354.5455322265625,1327.27294921875,1345.4544677734375,1077.454345703125,358259
FRO,FRO.OL,2005-02-09,1331.8179931640625,1350.0,1311.363525390625,1350.0,1081.0943603515625,324122
FRO,FRO.OL,2005-02-10,1340.9090576171875,1384.0909423828125,1334.0909423828125,1377.27294921875,1102.9345703125,367649
FRO,FRO.OL,2005-02-11,1397.72705078125,1413.636474609375,1393.1820068359375,1404.5455322265625,1124.77490234375,217094
FRO,FRO.OL,2005-02-14,1393.1820068359375,1415.9090576171875,1393.1820068359375,1413.636474609375,1132.0556640625,179524
FRO,FRO.OL,2005-02-15,1415.9090576171875,1452.27294921875,1413.636474609375,1452.27294921875,1162.995361328125,153787
FRO,FRO.OL,2005-02-16,1422.72705078125,1445.4544677734375,1388.636474609375,1390.9090576171875,1113.8551025390625,234585
FRO,FRO.OL,2005-02-17,1425.0,1436.363525390625,1413.636474609375,1436.363525390625,1150.2550048828125,178386
FRO,FRO.OL,2005-02-18,1400.0,1420.4544677734375,1386.363525390625,1386.363525390625,1110.2149658203125,173005
FRO,FRO.OL,2005-02-21,1397.72705078125,1413.636474609375,1397.72705078125,1404.5455322265625,1124.77490234375,116348
FRO,FRO.OL,2005-02-22,1400.0,1404.5455322265625,1377.27294921875,1386.363525390625,1110.2149658203125,186452
FRO,FRO.OL,2005-02-23,1388.636474609375,1413.636474609375,1384.0909423828125,1402.27294921875,1122.9549560546875,302669
FRO,FRO.OL,2005-02-24,1438.636474609375,1484.0909423828125,1431.8179931640625,1481.8179931640625,1186.655517578125,247665
FRO,FRO.OL,2005-02-25,1504.5455322265625,1538.636474609375,1504.5455322265625,1534.0909423828125,1228.5162353515625,255377
FRO,FRO.OL,2005-02-28,1572.72705078125,1609.0909423828125,1561.363525390625,1609.0909423828125,1288.5772705078125,270171
FRO,FRO.OL,2005-03-01,1611.363525390625,1613.636474609375,1550.0,1561.363525390625,1250.3564453125,367997
FRO,FRO.OL,2005-03-02,1518.1820068359375,1568.1820068359375,1495.4544677734375,1565.9090576171875,1253.99658203125,345004
FRO,FRO.OL,2005-03-03,1434.0909423828125,1461.363525390625,1413.636474609375,1422.72705078125,1152.211669921875,549706
FRO,FRO.OL,2005-03-04,1411.363525390625,1434.0909423828125,1400.0,1418.1820068359375,1148.5306396484375,337997
FRO,FRO.OL,2005-03-07,1434.0909423828125,1445.4544677734375,1409.0909423828125,1409.0909423828125,1141.16796875,204947
FRO,FRO.OL,2005-03-08,1377.27294921875,1388.636474609375,1361.363525390625,1363.636474609375,1104.3565673828125,228301
FRO,FRO.OL,2005-03-09,1412.5,1455.0,1375.0,1400.0,1133.8062744140625,434158
FRO,FRO.OL,2005-03-10,1382.5,1390.0,1352.5,1360.0,1101.4114990234375,327989
FRO,FRO.OL,2005-03-11,1350.0,1450.0,1350.0,1440.0,1166.200439453125,334241
FRO,FRO.OL,2005-03-14,1450.0,1500.0,1450.0,1460.0,1182.39794921875,273358
FRO,FRO.OL,2005-03-15,1510.0,1547.5,1507.5,1547.5,1253.26025390625,311140
FRO,FRO.OL,2005-03-16,1530.0,1547.5,1517.5,1525.0,1235.03857421875,334824
FRO,FRO.OL,2005-03-17,1550.0,1590.0,1547.5,1572.5,1273.5074462890625,391332
FRO,FRO.OL,2005-03-18,1615.0,1615.0,1570.0,1575.0,1275.5316162109375,216362
FRO,FRO.OL,2005-03-21,1580.0,1615.0,1575.0,1605.0,1299.8275146484375,148861
FRO,FRO.OL,2005-03-22,1600.0,1610.0,1585.0,1605.0,1299.8275146484375,124410
FRO,FRO.OL,2005-03-23,1575.0,1585.0,1540.0,1550.0,1255.28515625,104646
FRO,FRO.OL,2005-03-24,1550.0,1550.0,1550.0,1550.0,1255.28515625,0
FRO,FRO.OL,2005-03-25,1550.0,1550.0,1550.0,1550.0,1255.28515625,0
FRO,FRO.OL,2005-03-28,1550.0,1550.0,1550.0,1550.0,1255.28515625,0
FRO,FRO.OL,2005-03-29,1515.0,1527.5,1485.0,1485.0,1202.644287109375,123272
FRO,FRO.OL,2005-03-30,1470.0,1472.5,1437.5,1450.0,1174.299072265625,154428
FRO,FRO.OL,2005-03-31,1490.0,1515.0,1462.5,1515.0,1226.9400634765625,279284
FRO,FRO.OL,2005-04-01,1560.0,1572.5,1537.5,1570.0,1271.482421875,220427
FRO,FRO.OL,2005-04-04,1550.0,1600.0,1540.0,1595.0,1291.7283935546875,201142
FRO,FRO.OL,2005-04-05,1580.0,1590.0,1542.5,1550.0,1255.28515625,196929
FRO,FRO.OL,2005-04-06,1540.0,1580.0,1540.0,1557.5,1261.3583984375,173686
FRO,FRO.OL,2005-04-07,1575.0,1632.5,1575.0,1605.0,1299.8275146484375,284199
FRO,FRO.OL,2005-04-08,1587.5,1605.0,1570.0,1587.5,1285.65478515625,214461
FRO,FRO.OL,2005-04-11,1565.0,1570.0,1537.5,1537.5,1245.1614990234375,182236
FRO,FRO.OL,2005-04-12,1560.0,1595.0,1550.0,1572.5,1273.5074462890625,253588
FRO,FRO.OL,2005-04-13,1595.0,1620.0,1587.5,1592.5,1289.7039794921875,263370
FRO,FRO.OL,2005-04-14,1560.0,1577.5,1547.5,1552.5,1257.3095703125,220398
FRO,FRO.OL,2005-04-15,1497.5,1520.0,1485.0,1495.0,1210.7430419921875,246585
FRO,FRO.OL,2005-04-18,1400.0,1435.0,1367.5,1422.5,1152.028076171875,336724
FRO,FRO.OL,2005-04-19,1465.0,1505.0,1452.5,1505.0,1218.8411865234375,251348
FRO,FRO.OL,2005-04-20,1535.0,1547.5,1480.0,1490.0,1206.6932373046875,245797
FRO,FRO.OL,2005-04-21,1495.0,1495.0,1465.0,1467.5,1188.4720458984375,227881
FRO,FRO.OL,2005-04-22,1517.5,1517.5,1467.5,1480.0,1198.5946044921875,221276
FRO,FRO.OL,2005-04-25,1490.0,1492.5,1447.5,1487.5,1204.6688232421875,212403
FRO,FRO.OL,2005-04-26,1465.0,1467.5,1435.0,1442.5,1168.22509765625,236522
FRO,FRO.OL,2005-04-27,1430.0,1440.0,1407.5,1412.5,1143.92919921875,267193
FRO,FRO.OL,2005-04-28,1400.0,1420.0,1360.0,1360.0,1101.4114990234375,236367
FRO,FRO.OL,2005-04-29,1370.0,1395.0,1367.5,1380.0,1117.608642578125,202583
FRO,FRO.OL,2005-05-02,1397.5,1407.5,1375.0,1385.0,1121.65771484375,129640
FRO,FRO.OL,2005-05-03,1420.0,1420.0,1400.0,1405.0,1137.8555908203125,134814
FRO,FRO.OL,2005-05-04,1380.0,1385.0,1352.5,1360.0,1101.4114990234375,183444
FRO,FRO.OL,2005-05-05,1360.0,1360.0,1360.0,1360.0,1101.4114990234375,0
FRO,FRO.OL,2005-05-06,1410.0,1445.0,1395.0,1437.5,1164.1751708984375,162782
FRO,FRO.OL,2005-05-09,1440.0,1465.0,1437.5,1447.5,1172.2738037109375,140312
FRO,FRO.OL,2005-05-10,1462.5,1477.5,1415.0,1435.0,1162.1512451171875,205326
FRO,FRO.OL,2005-05-11,1420.0,1420.0,1372.5,1400.0,1133.8062744140625,309814
FRO,FRO.OL,2005-05-12,1395.0,1402.5,1372.5,1380.0,1117.608642578125,183393
FRO,FRO.OL,2005-05-13,1330.0,1347.5,1315.0,1315.0,1064.968017578125,346233
FRO,FRO.OL,2005-05-16,1315.0,1315.0,1315.0,1315.0,1064.968017578125,0
FRO,FRO.OL,2005-05-17,1315.0,1315.0,1315.0,1315.0,1064.968017578125,0
FRO,FRO.OL,2005-05-18,1350.0,1405.0,1345.0,1390.0,1125.70703125,359932
FRO,FRO.OL,2005-05-19,1335.0,1357.5,1322.5,1327.5,1075.0909423828125,651353
FRO,FRO.OL,2005-05-20,1327.5,1367.5,1315.0,1357.5,1099.38671875,461160
FRO,FRO.OL,2005-05-23,1330.0,1345.0,1327.5,1340.0,1085.214111328125,438226
FRO,FRO.OL,2005-05-24,1350.0,1375.0,1340.0,1355.0,1097.362548828125,266491
FRO,FRO.OL,2005-05-25,1362.5,1390.0,1357.5,1380.0,1117.608642578125,211115
FRO,FRO.OL,2005-05-26,1400.0,1415.0,1382.5,1395.0,1129.75634765625,206038
FRO,FRO.OL,2005-05-27,1405.0,1412.5,1382.5,1407.5,1139.879638671875,195634
FRO,FRO.OL,2005-05-30,1410.0,1412.5,1380.0,1385.0,1121.65771484375,140129
FRO,FRO.OL,2005-05-31,1340.0,1397.5,1325.0,1385.0,1121.65771484375,420272
FRO,FRO.OL,2005-06-01,1395.0,1397.5,1357.5,1370.0,1109.5103759765625,312793
FRO,FRO.OL,2005-06-02,1365.0,1415.0,1360.0,1415.0,1145.9541015625,338343
FRO,FRO.OL,2005-06-03,1420.0,1435.0,1400.0,1422.5,1152.028076171875,255459
FRO,FRO.OL,2005-06-06,1430.0,1445.0,1425.0,1440.0,1166.200439453125,152878
FRO,FRO.OL,2005-06-07,1435.0,1435.0,1405.0,1412.5,1143.92919921875,237009
FRO,FRO.OL,2005-06-08,1285.0,1300.0,1280.0,1287.5,1054.265625,289327
FRO,FRO.OL,2005-06-09,1307.5,1310.0,1290.0,1305.0,1068.5953369140625,276202
FRO,FRO.OL,2005-06-10,1310.0,1310.0,1290.0,1300.0,1064.501220703125,179467
FRO,FRO.OL,2005-06-13,1290.0,1292.5,1260.0,1265.0,1035.841552734375,195292
FRO,FRO.OL,2005-06-14,1262.5,1272.5,1240.0,1270.0,1039.935791015625,327760
FRO,FRO.OL,2005-06-15,1257.5,1265.0,1232.5,1245.0,1019.464599609375,415249
FRO,FRO.OL,2005-06-16,1215.0,1220.0,1175.0,1177.5,964.1923828125,500335
FRO,FRO.OL,2005-06-17,1165.0,1215.0,1162.5,1212.5,992.8516845703125,393298
FRO,FRO.OL,2005-06-20,1207.5,1247.5,1200.0,1225.0,1003.0875244140625,322284
FRO,FRO.OL,2005-06-21,1237.5,1237.5,1215.0,1220.0,998.9928588867188,199986
FRO,FRO.OL,2005-06-22,1195.0,1287.5,1195.0,1270.0,1039.935791015625,618056
FRO,FRO.OL,2005-06-23,1315.0,1335.0,1307.5,1330.0,1089.0665283203125,359304
FRO,FRO.OL,2005-06-24,1337.5,1355.0,1315.0,1330.0,1089.0665283203125,221617
FRO,FRO.OL,2005-06-27,1317.5,1347.5,1317.5,1317.5,1078.8309326171875,198974
FRO,FRO.OL,2005-06-28,1315.0,1332.5,1312.5,1322.5,1082.9251708984375,117888
FRO,FRO.OL,2005-06-29,1315.0,1347.5,1312.5,1320.0,1080.8779296875,225929
FRO,FRO.OL,2005-06-30,1322.5,1330.0,1297.5,1310.0,1072.689453125,165311
FRO,FRO.OL,2005-07-01,1332.5,1405.0,1332.5,1380.0,1130.0087890625,416641
FRO,FRO.OL,2005-07-04,1415.0,1445.0,1405.0,1445.0,1183.23388671875,173955
FRO,FRO.OL,2005-07-05,1450.0,1490.0,1427.5,1430.0,1170.9510498046875,253903
FRO,FRO.OL,2005-07-06,1485.0,1500.0,1457.5,1492.5,1222.1290283203125,344463
FRO,FRO.OL,2005-07-07,1465.0,1475.0,1385.0,1432.5,1172.99853515625,491127
FRO,FRO.OL,2005-07-08,1465.0,1497.5,1460.0,1480.0,1211.893310546875,191838
FRO,FRO.OL,2005-07-11,1480.0,1492.5,1470.0,1477.5,1209.846435546875,150597
FRO,FRO.OL,2005-07-12,1462.5,1470.0,1440.0,1445.0,1183.23388671875,142788
FRO,FRO.OL,2005-07-13,1460.0,1477.5,1455.0,1460.0,1195.516845703125,119605
FRO,FRO.OL,2005-07-14,1452.5,1475.0,1435.0,1452.5,1189.3753662109375,111892
FRO,FRO.OL,2005-07-15,1420.0,1432.5,1415.0,1420.0,1162.7628173828125,167752
FRO,FRO.OL,2005-07-18,1435.0,1465.0,1432.5,1445.0,1183.23388671875,105788
FRO,FRO.OL,2005-07-19,1462.5,1462.5,1442.5,1450.0,1187.3282470703125,78556
FRO,FRO.OL,2005-07-20,1440.0,1450.0,1422.5,1427.5,1168.9039306640625,144001
FRO,FRO.OL,2005-07-21,1437.5,1437.5,1402.5,1412.5,1156.6212158203125,153440
FRO,FRO.OL,2005-07-22,1402.5,1415.0,1380.0,1405.0,1150.480224609375,132979
FRO,FRO.OL,2005-07-25,1402.5,1425.0,1400.0,1400.0,1146.385986328125,63575
FRO,FRO.OL,2005-07-26,1407.5,1407.5,1380.0,1385.0,1134.1029052734375,115491
FRO,FRO.OL,2005-07-27,1362.5,1375.0,1357.5,1365.0,1117.726318359375,116041
FRO,FRO.OL,2005-07-28,1360.0,1372.5,1340.0,1345.0,1101.349365234375,145948
FRO,FRO.OL,2005-07-29,1365.0,1395.0,1360.0,1390.0,1138.197021484375,151294
FRO,FRO.OL,2005-08-01,1362.5,1370.0,1350.0,1355.0,1109.537841796875,78159
FRO,FRO.OL,2005-08-02,1340.0,1355.0,1330.0,1332.5,1091.11328125,133522
FRO,FRO.OL,2005-08-03,1337.5,1355.0,1307.5,1310.0,1072.689453125,215477
FRO,FRO.OL,2005-08-04,1320.0,1345.0,1310.0,1335.0,1093.1605224609375,226005
FRO,FRO.OL,2005-08-05,1360.0,1370.0,1340.0,1347.5,1103.395751953125,149102
FRO,FRO.OL,2005-08-08,1347.5,1352.5,1330.0,1350.0,1105.443359375,88677
FRO,FRO.OL,2005-08-09,1317.5,1327.5,1312.5,1315.0,1076.783935546875,168116
FRO,FRO.OL,2005-08-10,1322.5,1372.5,1320.0,1345.0,1101.349365234375,339562
FRO,FRO.OL,2005-08-11,1330.0,1357.5,1320.0,1350.0,1105.443359375,241627
FRO,FRO.OL,2005-08-12,1357.5,1387.5,1357.5,1370.0,1121.8206787109375,277914
FRO,FRO.OL,2005-08-15,1372.5,1402.5,1372.5,1385.0,1134.1029052734375,178760
FRO,FRO.OL,2005-08-16,1417.5,1422.5,1400.0,1410.0,1154.5740966796875,358558
FRO,FRO.OL,2005-08-17,1395.0,1405.0,1367.5,1375.0,1125.91455078125,369874
FRO,FRO.OL,2005-08-18,1367.5,1385.0,1362.5,1372.5,1123.867431640625,119540
FRO,FRO.OL,2005-08-19,1380.0,1392.5,1345.0,1360.0,1113.6318359375,283232
FRO,FRO.OL,2005-08-22,1370.0,1370.0,1330.0,1352.5,1107.49072265625,237733
FRO,FRO.OL,2005-08-23,1340.0,1370.0,1325.0,1352.5,1107.49072265625,402394
FRO,FRO.OL,2005-08-24,1415.0,1442.5,1405.0,1412.5,1156.6212158203125,1408273
FRO,FRO.OL,2005-08-25,1432.5,1447.5,1420.0,1425.0,1166.857421875,462895
FRO,FRO.OL,2005-08-26,1387.5,1395.0,1360.0,1365.0,1117.726318359375,505148
FRO,FRO.OL,2005-08-29,1400.0,1425.0,1380.0,1410.0,1154.5740966796875,313164
FRO,FRO.OL,2005-08-30,1435.0,1455.0,1412.5,1420.0,1162.7628173828125,256849
FRO,FRO.OL,2005-08-31,1455.0,1500.0,1450.0,1487.5,1218.03515625,582864
FRO,FRO.OL,2005-09-01,1510.0,1527.5,1500.0,1505.0,1240.7054443359375,444876
FRO,FRO.OL,2005-09-02,1417.5,1455.0,1415.0,1417.5,1168.57177734375,341847
FRO,FRO.OL,2005-09-05,1390.0,1392.5,1372.5,1382.5,1139.718017578125,184509
FRO,FRO.OL,2005-09-06,1390.0,1437.5,1390.0,1420.0,1170.632568359375,276996
FRO,FRO.OL,2005-09-07,1422.5,1450.0,1422.5,1425.0,1174.7547607421875,287870
FRO,FRO.OL,2005-09-08,1415.0,1430.0,1410.0,1410.0,1162.388427734375,239520
FRO,FRO.OL,2005-09-09,1420.0,1427.5,1392.5,1397.5,1152.083740234375,144772
FRO,FRO.OL,2005-09-12,1417.5,1417.5,1405.0,1412.5,1164.449462890625,89411
FRO,FRO.OL,2005-09-13,1390.0,1392.5,1365.0,1365.0,1125.2911376953125,139604
FRO,FRO.OL,2005-09-14,1367.5,1390.0,1367.5,1387.5,1143.83984375,129994
FRO,FRO.OL,2005-09-15,1415.0,1415.0,1392.5,1400.0,1154.1448974609375,126767
FRO,FRO.OL,2005-09-16,1387.5,1400.0,1382.5,1390.0,1145.9005126953125,78685
FRO,FRO.OL,2005-09-19,1400.0,1412.5,1397.5,1410.0,1162.388427734375,142979
FRO,FRO.OL,2005-09-20,1430.0,1455.0,1427.5,1440.0,1187.1202392578125,286953
FRO,FRO.OL,2005-09-21,1450.0,1477.5,1445.0,1465.0,1207.7301025390625,357207
FRO,FRO.OL,2005-09-22,1467.5,1482.5,1465.0,1477.5,1218.0350341796875,237975
FRO,FRO.OL,2005-09-23,1462.5,1470.0,1430.0,1432.5,1180.9375,211586
FRO,FRO.OL,2005-09-26,1445.0,1450.0,1417.5,1417.5,1168.57177734375,126611
FRO,FRO.OL,2005-09-27,1430.0,1435.0,1417.5,1420.0,1170.632568359375,99230
FRO,FRO.OL,2005-09-28,1430.0,1447.5,1425.0,1425.0,1174.7547607421875,187314
FRO,FRO.OL,2005-09-29,1440.0,1462.5,1425.0,1450.0,1195.3641357421875,184210
FRO,FRO.OL,2005-09-30,1462.5,1467.5,1440.0,1455.0,1199.486083984375,132091
FRO,FRO.OL,2005-10-03,1457.5,1457.5,1440.0,1447.5,1193.302734375,70532
FRO,FRO.OL,2005-10-04,1445.0,1452.5,1412.5,1417.5,1168.57177734375,166902
FRO,FRO.OL,2005-10-05,1387.5,1395.0,1357.5,1357.5,1119.1082763671875,279804
FRO,FRO.OL,2005-10-06,1295.0,1312.5,1267.5,1280.0,1055.2181396484375,443794
FRO,FRO.OL,2005-10-07,1290.0,1337.5,1280.0,1332.5,1098.4981689453125,248576
FRO,FRO.OL,2005-10-10,1347.5,1362.5,1317.5,1317.5,1086.1326904296875,162769
FRO,FRO.OL,2005-10-11,1325.0,1345.0,1325.0,1340.0,1104.68115234375,116814
FRO,FRO.OL,2005-10-12,1350.0,1352.5,1305.0,1310.0,1079.9493408203125,94939
FRO,FRO.OL,2005-10-13,1270.0,1280.0,1200.0,1207.5,995.4498291015625,284767
FRO,FRO.OL,2005-10-14,1222.5,1262.5,1177.5,1260.0,1038.730224609375,347869
FRO,FRO.OL,2005-10-17,1272.5,1275.0,1232.5,1247.5,1028.4254150390625,104206
FRO,FRO.OL,2005-10-18,1260.0,1272.5,1212.5,1227.5,1011.9371948242188,190120
FRO,FRO.OL,2005-10-19,1155.0,1192.5,1150.0,1172.5,966.5957641601562,218441
FRO,FRO.OL,2005-10-20,1235.0,1250.0,1207.5,1237.5,1020.1815795898438,168104
FRO,FRO.OL,2005-10-21,1190.0,1205.0,1165.0,1175.0,968.657470703125,251928
FRO,FRO.OL,2005-10-24,1230.0,1265.0,1215.0,1255.0,1034.608154296875,265710
FRO,FRO.OL,2005-10-25,1292.5,1300.0,1270.0,1300.0,1071.7059326171875,177314
FRO,FRO.OL,2005-10-26,1310.0,1327.5,1285.0,1290.0,1063.46142578125,262328
FRO,FRO.OL,2005-10-27,1282.5,1287.5,1235.0,1252.5,1032.5474853515625,351675
FRO,FRO.OL,2005-10-28,1240.0,1255.0,1205.0,1237.5,1020.1815795898438,124809
FRO,FRO.OL,2005-10-31,1277.5,1300.0,1265.0,1297.5,1069.64501953125,123862
FRO,FRO.OL,2005-11-01,1285.0,1297.5,1262.5,1267.5,1044.9129638671875,76396
FRO,FRO.OL,2005-11-02,1272.5,1280.0,1255.0,1270.0,1046.9742431640625,76675
FRO,FRO.OL,2005-11-03,1310.0,1347.5,1305.0,1347.5,1110.8638916015625,168950
FRO,FRO.OL,2005-11-04,1350.0,1350.0,1315.0,1332.5,1098.4981689453125,99201
FRO,FRO.OL,2005-11-07,1335.0,1362.5,1320.0,1355.0,1117.047607421875,142363
FRO,FRO.OL,2005-11-08,1370.0,1375.0,1337.5,1345.0,1108.8037109375,152814
FRO,FRO.OL,2005-11-09,1355.0,1400.0,1352.5,1400.0,1154.1448974609375,206272
FRO,FRO.OL,2005-11-10,1437.5,1437.5,1407.5,1427.5,1176.8153076171875,277968
FRO,FRO.OL,2005-11-11,1422.5,1422.5,1382.5,1400.0,1154.1448974609375,285542
FRO,FRO.OL,2005-11-14,1425.0,1500.0,1395.0,1452.5,1197.42529296875,830420
FRO,FRO.OL,2005-11-15,1417.5,1440.0,1392.5,1402.5,1156.205078125,228830
FRO,FRO.OL,2005-11-16,1380.0,1390.0,1375.0,1377.5,1135.5958251953125,127686
FRO,FRO.OL,2005-11-17,1410.0,1425.0,1392.5,1425.0,1174.7547607421875,289313
FRO,FRO.OL,2005-11-18,1435.0,1480.0,1432.5,1465.0,1207.7301025390625,308975
FRO,FRO.OL,2005-11-21,1475.0,1475.0,1455.0,1470.0,1211.851806640625,117385
FRO,FRO.OL,2005-11-22,1472.5,1485.0,1457.5,1475.0,1215.973876953125,236000
FRO,FRO.OL,2005-11-23,1462.5,1465.0,1427.5,1450.0,1195.3641357421875,167440
FRO,FRO.OL,2005-11-24,1455.0,1455.0,1425.0,1445.0,1191.2421875,123630
FRO,FRO.OL,2005-11-25,1400.0,1415.0,1380.0,1415.0,1172.5966796875,64284
FRO,FRO.OL,2005-11-28,1425.0,1425.0,1382.5,1382.5,1145.664306640625,70069
FRO,FRO.OL,2005-11-29,1367.5,1392.5,1345.0,1390.0,1151.8795166015625,102883
FRO,FRO.OL,2005-11-30,1370.0,1385.0,1350.0,1385.0,1147.7364501953125,115640
FRO,FRO.OL,2005-12-01,1395.0,1427.5,1385.0,1425.0,1180.8837890625,123308
FRO,FRO.OL,2005-12-02,1435.0,1447.5,1405.0,1440.0,1193.314453125,194717
FRO,FRO.OL,2005-12-05,1440.0,1464.699951171875,1410.0,1420.0,1176.740234375,103071
FRO,FRO.OL,2005-12-06,1410.0,1410.0,1390.0,1407.5,1166.381591796875,103833
FRO,FRO.OL,2005-12-07,1417.5,1422.5,1390.0,1410.0,1168.4532470703125,107797
FRO,FRO.OL,2005-12-08,1397.5,1405.0,1380.0,1395.0,1156.0224609375,42951
FRO,FRO.OL,2005-12-09,1380.0,1390.0,1360.0,1360.0,1127.0191650390625,57785
FRO,FRO.OL,2005-12-12,1375.0,1382.5,1365.0,1377.5,1141.520751953125,63788
FRO,FRO.OL,2005-12-13,1380.0,1385.0,1362.5,1362.5,1129.0904541015625,73943
FRO,FRO.OL,2005-12-14,1350.0,1350.0,1327.5,1340.0,1110.444580078125,78185
FRO,FRO.OL,2005-12-15,1340.0,1352.5,1310.0,1345.0,1114.5888671875,82535
FRO,FRO.OL,2005-12-16,1340.0,1345.0,1322.5,1340.0,1110.444580078125,67583
FRO,FRO.OL,2005-12-19,1330.0,1330.0,1287.5,1305.0,1081.4405517578125,100695
FRO,FRO.OL,2005-12-20,1295.0,1340.0,1285.0,1337.5,1108.3731689453125,111121
FRO,FRO.OL,2005-12-21,1322.5,1345.0,1307.5,1320.0,1093.870849609375,96562
FRO,FRO.OL,2005-12-22,1300.0,1302.5,1280.0,1300.0,1077.2972412109375,63963
FRO,FRO.OL,2005-12-23,1297.5,1302.5,1282.5,1295.0,1073.154052734375,69473
FRO,FRO.OL,2005-12-26,1295.0,1295.0,1295.0,1295.0,1073.154052734375,0
FRO,FRO.OL,2005-12-27,1290.0,1305.0,1285.0,1290.0,1069.0103759765625,25948
FRO,FRO.OL,2005-12-28,1280.0,1290.0,1272.5,1287.5,1066.9388427734375,49082
FRO,FRO.OL,2005-12-29,1297.5,1300.0,1282.5,1290.0,1069.0103759765625,87778
FRO,FRO.OL,2005-12-30,1285.0,1300.0,1275.0,1290.0,1069.0103759765625,80248
FRO,FRO.OL,2006-01-02,1287.5,1315.0,1285.0,1300.0,1077.2972412109375,29675
FRO,FRO.OL,2006-01-03,1310.0,1320.0,1277.5,1280.0,1060.7237548828125,94476
FRO,FRO.OL,2006-01-04,1295.0,1312.5,1285.0,1310.0,1085.584228515625,106880
FRO,FRO.OL,2006-01-05,1300.0,1307.5,1252.5,1265.0,1048.2933349609375,114538
FRO,FRO.OL,2006-01-06,1267.5,1267.5,1245.0,1260.0,1044.1494140625,57781
FRO,FRO.OL,2006-01-09,1262.5,1270.0,1242.5,1252.5,1037.934814453125,62931
FRO,FRO.OL,2006-01-10,1252.5,1257.5,1232.5,1257.5,1042.0777587890625,73734
FRO,FRO.OL,2006-01-11,1247.5,1252.5,1225.0,1247.5,1033.7908935546875,140303
FRO,FRO.OL,2006-01-12,1260.0,1280.0,1252.5,1262.5,1046.2215576171875,93887
FRO,FRO.OL,2006-01-13,1240.0,1252.5,1230.0,1245.0,1031.71923828125,140830
FRO,FRO.OL,2006-01-16,1250.0,1282.5,1250.0,1277.5,1058.6519775390625,75094
FRO,FRO.OL,2006-01-17,1277.5,1290.0,1265.0,1285.0,1064.866943359375,102119
FRO,FRO.OL,2006-01-18,1282.5,1282.5,1262.5,1275.0,1056.5797119140625,86105
FRO,FRO.OL,2006-01-19,1280.0,1290.0,1267.5,1285.0,1064.866943359375,72238
FRO,FRO.OL,2006-01-20,1295.0,1312.5,1270.0,1287.5,1066.9388427734375,113680
FRO,FRO.OL,2006-01-23,1287.5,1292.5,1270.0,1272.5,1054.508056640625,119449
FRO,FRO.OL,2006-01-24,1287.5,1355.0,1287.5,1352.5,1120.8035888671875,294301
FRO,FRO.OL,2006-01-25,1350.0,1375.0,1325.0,1325.0,1098.0145263671875,285677
FRO,FRO.OL,2006-01-26,1325.0,1345.0,1307.5,1307.5,1083.5128173828125,117593
FRO,FRO.OL,2006-01-27,1342.5,1357.5,1317.5,1340.0,1110.444580078125,94372
FRO,FRO.OL,2006-01-30,1327.5,1345.0,1322.5,1345.0,1114.5888671875,44643
FRO,FRO.OL,2006-01-31,1355.0,1360.0,1322.5,1322.5,1095.9427490234375,73193
FRO,FRO.OL,2006-02-01,1330.0,1335.0,1310.0,1320.0,1093.870849609375,58857
FRO,FRO.OL,2006-02-02,1305.0,1325.0,1282.5,1295.0,1073.154052734375,129024
FRO,FRO.OL,2006-02-03,1282.5,1297.5,1275.0,1282.5,1062.7950439453125,63881
FRO,FRO.OL,2006-02-06,1300.0,1307.5,1287.5,1300.0,1077.2972412109375,26626
FRO,FRO.OL,2006-02-07,1287.5,1305.0,1267.5,1287.5,1066.9388427734375,96309
FRO,FRO.OL,2006-02-08,1245.0,1275.0,1230.0,1272.5,1054.508056640625,319189
FRO,FRO.OL,2006-02-09,1260.0,1302.5,1260.0,1280.0,1060.7237548828125,79480
FRO,FRO.OL,2006-02-10,1277.5,1287.5,1262.5,1265.0,1048.2933349609375,83681
FRO,FRO.OL,2006-02-13,1282.5,1307.5,1275.0,1292.5,1071.082275390625,108433
FRO,FRO.OL,2006-02-14,1297.5,1322.5,1280.0,1300.0,1077.2972412109375,105068
FRO,FRO.OL,2006-02-15,1325.0,1340.0,1315.0,1320.0,1093.870849609375,135919
FRO,FRO.OL,2006-02-16,1320.0,1325.0,1295.0,1315.0,1089.727783203125,179466
FRO,FRO.OL,2006-02-17,1310.0,1312.5,1287.5,1305.0,1081.4405517578125,257735
FRO,FRO.OL,2006-02-20,1310.0,1330.0,1305.0,1310.0,1085.584228515625,74792
FRO,FRO.OL,2006-02-21,1310.0,1347.5,1310.0,1340.0,1110.444580078125,113972
FRO,FRO.OL,2006-02-22,1327.5,1340.0,1310.0,1337.5,1108.3731689453125,113717
FRO,FRO.OL,2006-02-23,1320.0,1337.5,1312.5,1322.5,1095.9427490234375,102975
FRO,FRO.OL,2006-02-24,1330.0,1330.0,1317.5,1327.5,1100.086669921875,57452
FRO,FRO.OL,2006-02-27,1327.5,1327.5,1292.5,1295.0,1073.154052734375,132141
FRO,FRO.OL,2006-02-28,1300.0,1320.0,1290.0,1295.0,1073.154052734375,110120
FRO,FRO.OL,2006-03-01,1307.5,1327.5,1297.5,1305.0,1081.4405517578125,131969
FRO,FRO.OL,2006-03-02,1250.0,1250.0,1210.0,1240.0,1033.515380859375,128968
FRO,FRO.OL,2006-03-03,1240.0,1250.0,1220.0,1237.5,1031.4317626953125,162069
FRO,FRO.OL,2006-03-06,1245.0,1247.5,1227.5,1230.0,1025.1807861328125,119205
FRO,FRO.OL,2006-03-07,1215.0,1220.0,1197.5,1212.5,1010.5947875976562,136184
FRO,FRO.OL,2006-03-08,1202.5,1225.0,1202.5,1220.0,1016.8460083007812,83987
FRO,FRO.OL,2006-03-09,1222.5,1230.0,1217.5,1222.5,1018.9297485351562,29670
FRO,FRO.OL,2006-03-10,1220.0,1220.0,1190.0,1190.0,991.842041015625,53165
FRO,FRO.OL,2006-03-13,1197.5,1200.0,1162.5,1170.0,975.17236328125,112819
FRO,FRO.OL,2006-03-14,1160.0,1165.0,1132.5,1147.5,956.4185791015625,146622
FRO,FRO.OL,2006-03-15,1152.5,1162.5,1142.5,1155.0,962.669677734375,68215
FRO,FRO.OL,2006-03-16,1155.0,1162.5,1140.0,1157.5,964.7537841796875,58045
FRO,FRO.OL,2006-03-17,1150.0,1190.0,1150.0,1170.0,975.17236328125,263169
FRO,FRO.OL,2006-03-20,1177.5,1185.0,1145.0,1155.0,962.669677734375,126797
FRO,FRO.OL,2006-03-21,1145.0,1145.0,1130.0,1137.5,948.0838623046875,84250
FRO,FRO.OL,2006-03-22,1150.0,1152.5,1135.0,1147.5,956.4185791015625,136307
FRO,FRO.OL,2006-03-23,1152.5,1167.5,1152.5,1165.0,971.0044555664062,67309
FRO,FRO.OL,2006-03-24,1162.5,1162.5,1142.5,1152.5,960.5861206054688,48325
FRO,FRO.OL,2006-03-27,1150.0,1150.0,1130.0,1142.5,952.251708984375,93387
FRO,FRO.OL,2006-03-28,1137.5,1140.0,1127.5,1132.5,943.9163818359375,214841
FRO,FRO.OL,2006-03-29,1140.0,1145.0,1125.0,1132.5,943.9163818359375,83720
FRO,FRO.OL,2006-03-30,1122.5,1125.0,1082.5,1090.0,908.4932861328125,200445
FRO,FRO.OL,2006-03-31,1087.5,1095.0,1070.0,1092.5,910.577392578125,54646
FRO,FRO.OL,2006-04-03,1082.5,1130.0,1082.5,1107.5,923.0794677734375,176892
FRO,FRO.OL,2006-04-04,1110.0,1110.0,1075.0,1077.5,898.0751342773438,133181
FRO,FRO.OL,2006-04-05,1065.0,1107.5,1065.0,1102.5,918.912353515625,79498
FRO,FRO.OL,2006-04-06,1110.0,1145.0,1105.0,1105.0,920.9957885742188,209076
FRO,FRO.OL,2006-04-07,1102.5,1115.0,1085.0,1087.5,906.409912109375,131587
FRO,FRO.OL,2006-04-10,1090.0,1100.0,1070.0,1092.5,910.577392578125,92862
FRO,FRO.OL,2006-04-11,1092.5,1092.5,1062.5,1062.5,885.5728149414062,94231
FRO,FRO.OL,2006-04-12,1055.0,1055.0,1010.0,1035.0,862.65234375,88883
FRO,FRO.OL,2006-04-13,1035.0,1035.0,1035.0,1035.0,862.65234375,0
FRO,FRO.OL,2006-04-14,1035.0,1035.0,1035.0,1035.0,862.65234375,0
FRO,FRO.OL,2006-04-17,1035.0,1035.0,1035.0,1035.0,862.65234375,0
FRO,FRO.OL,2006-04-18,950.0,1005.0,945.0,1002.5,835.56396484375,366335
FRO,FRO.OL,2006-04-19,1010.0,1057.5,1005.0,1043.75,869.945068359375,417038
FRO,FRO.OL,2006-04-20,1037.5,1067.5,1037.5,1052.5,877.238037109375,212237
FRO,FRO.OL,2006-04-21,1047.5,1070.0,1047.5,1055.0,879.32177734375,193233
FRO,FRO.OL,2006-04-24,1052.5,1087.5,1052.5,1075.0,895.9913330078125,153328
FRO,FRO.OL,2006-04-25,1085.0,1090.0,1060.0,1060.0,883.4893188476562,117996
FRO,FRO.OL,2006-04-26,1050.0,1055.0,1027.5,1045.0,870.98681640625,114100
FRO,FRO.OL,2006-04-27,1047.5,1047.5,995.0,1010.0,841.8150634765625,109283
FRO,FRO.OL,2006-04-28,997.5,1000.0,985.0,997.5,831.3967895507812,117923
FRO,FRO.OL,2006-05-01,997.5,997.5,997.5,997.5,831.3967895507812,0
FRO,FRO.OL,2006-05-02,982.5,1000.0,970.0,980.0,816.8106689453125,142200
FRO,FRO.OL,2006-05-03,980.0,990.0,970.0,975.0,812.643310546875,107240
FRO,FRO.OL,2006-05-04,975.0,1020.0,975.0,1010.0,841.8150634765625,118378
FRO,FRO.OL,2006-05-05,1012.5,1020.0,1002.5,1017.5,848.0662231445312,100872
FRO,FRO.OL,2006-05-08,1015.0,1027.5,1007.5,1020.0,850.1498413085938,115808
FRO,FRO.OL,2006-05-09,1015.0,1020.0,990.0,992.5,827.2291259765625,59115
FRO,FRO.OL,2006-05-10,1000.0,1000.0,972.5,980.0,816.8106689453125,78338
FRO,FRO.OL,2006-05-11,977.5,1000.0,977.5,992.5,827.2291259765625,78610
FRO,FRO.OL,2006-05-12,970.0,997.5,970.0,977.5,814.7267456054688,135260
FRO,FRO.OL,2006-05-15,955.0,957.5,930.0,945.0,787.638916015625,132269
FRO,FRO.OL,2006-05-16,975.0,1015.0,955.0,970.0,808.4758911132812,282863
FRO,FRO.OL,2006-05-17,970.0,970.0,970.0,970.0,808.4758911132812,0
FRO,FRO.OL,2006-05-18,950.0,980.0,945.0,960.0,800.1411743164062,178937
FRO,FRO.OL,2006-05-19,950.0,985.0,950.0,955.0,795.9736938476562,72102
FRO,FRO.OL,2006-05-22,955.0,955.0,892.5,920.0,766.8018798828125,126358
FRO,FRO.OL,2006-05-23,927.5,1005.0,915.0,1005.0,837.6477661132812,123403
FRO,FRO.OL,2006-05-24,970.0,972.5,912.5,965.0,804.3084716796875,165882
FRO,FRO.OL,2006-05-25,965.0,965.0,965.0,965.0,804.3084716796875,0
FRO,FRO.OL,2006-05-26,1000.0,1000.0,945.0,965.0,804.3084716796875,210774
FRO,FRO.OL,2006-05-29,987.5,1027.5,987.5,1022.5,852.2337036132812,157175
FRO,FRO.OL,2006-05-30,1035.0,1035.0,962.5,975.0,812.643310546875,101316
FRO,FRO.OL,2006-05-31,962.5,1002.5,952.5,985.0,820.9779663085938,99057
FRO,FRO.OL,2006-06-01,995.0,1005.0,975.0,985.0,820.9779663085938,60952
FRO,FRO.OL,2006-06-02,1010.0,1042.5,1007.5,1012.5,843.8989868164062,103629
FRO,FRO.OL,2006-06-05,1012.5,1012.5,1012.5,1012.5,843.8989868164062,0
FRO,FRO.OL,2006-06-06,990.0,1007.5,965.0,975.0,812.643310546875,158697
FRO,FRO.OL,2006-06-07,985.0,1025.0,977.5,1017.5,848.0662231445312,137064
FRO,FRO.OL,2006-06-08,952.5,957.5,920.0,930.0,780.892822265625,104523
FRO,FRO.OL,2006-06-09,965.0,992.5,957.5,972.5,816.5785522460938,123986
FRO,FRO.OL,2006-06-12,970.0,982.5,935.0,945.0,793.4878540039062,133098
FRO,FRO.OL,2006-06-13,925.0,937.5,902.5,927.5,778.7933349609375,174196
FRO,FRO.OL,2006-06-14,940.0,967.5,925.0,967.5,812.3803100585938,109014
FRO,FRO.OL,2006-06-15,982.5,1027.5,982.5,1025.0,860.661376953125,207538
FRO,FRO.OL,2006-06-16,1040.0,1047.5,987.5,1022.5,858.5621337890625,176509
FRO,FRO.OL,2006-06-19,1020.0,1070.0,1020.0,1050.0,881.6529541015625,122255
FRO,FRO.OL,2006-06-20,1045.0,1077.5,1045.0,1065.0,894.248046875,101955
FRO,FRO.OL,2006-06-21,1080.0,1102.5,1070.0,1097.5,921.5374145507812,211399
FRO,FRO.OL,2006-06-22,1140.0,1195.0,1137.5,1167.5,980.3147583007812,289381
FRO,FRO.OL,2006-06-23,1175.0,1195.0,1157.5,1187.5,997.1073608398438,109543
FRO,FRO.OL,2006-06-26,1195.0,1195.0,1142.5,1152.5,967.71923828125,226508
FRO,FRO.OL,2006-06-27,1162.5,1185.0,1150.0,1162.5,976.1156005859375,231574
FRO,FRO.OL,2006-06-28,1147.5,1175.0,1140.0,1170.0,982.4132690429688,94083
FRO,FRO.OL,2006-06-29,1180.0,1197.5,1175.0,1197.5,1005.5043334960938,131476
FRO,FRO.OL,2006-06-30,1195.0,1197.5,1162.5,1162.5,976.1156005859375,87889
FRO,FRO.OL,2006-07-03,1160.0,1190.0,1150.0,1187.5,997.1073608398438,67874
FRO,FRO.OL,2006-07-04,1195.0,1200.0,1165.0,1200.0,1007.6034545898438,36384
FRO,FRO.OL,2006-07-05,1192.5,1240.0,1177.5,1190.0,999.2071533203125,263511
FRO,FRO.OL,2006-07-06,1192.5,1220.0,1190.0,1207.5,1013.9006958007812,157574
FRO,FRO.OL,2006-07-07,1217.5,1237.5,1215.0,1232.5,1034.8924560546875,228890
FRO,FRO.OL,2006-07-10,1225.0,1235.0,1210.0,1225.0,1028.594970703125,82881
FRO,FRO.OL,2006-07-11,1227.5,1240.0,1215.0,1220.0,1024.397216796875,44969
FRO,FRO.OL,2006-07-12,1207.5,1222.5,1180.0,1222.5,1026.4962158203125,181320
FRO,FRO.OL,2006-07-13,1205.0,1222.5,1172.5,1182.5,992.9092407226562,78129
FRO,FRO.OL,2006-07-14,1150.0,1175.0,1125.0,1142.5,959.3226928710938,87335
FRO,FRO.OL,2006-07-17,1157.5,1165.0,1110.0,1150.0,965.6202392578125,79421
FRO,FRO.OL,2006-07-18,1150.0,1175.0,1132.5,1152.5,967.71923828125,104534
FRO,FRO.OL,2006-07-19,1170.0,1210.0,1162.5,1205.0,1011.8018798828125,154002
FRO,FRO.OL,2006-07-20,1225.0,1235.0,1192.5,1195.0,1003.4051513671875,64220
FRO,FRO.OL,2006-07-21,1190.0,1190.0,1155.0,1162.5,976.1156005859375,67861
FRO,FRO.OL,2006-07-24,1177.5,1185.0,1162.5,1185.0,995.0086669921875,29260
FRO,FRO.OL,2006-07-25,1192.5,1192.5,1167.5,1185.0,995.0086669921875,52576
FRO,FRO.OL,2006-07-26,1197.5,1227.5,1182.5,1215.0,1020.1982421875,154113
FRO,FRO.OL,2006-07-27,1217.5,1230.0,1200.0,1222.5,1026.4962158203125,65721
FRO,FRO.OL,2006-07-28,1197.5,1210.0,1187.5,1192.5,1001.30615234375,54326
FRO,FRO.OL,2006-07-31,1185.0,1225.0,1177.5,1205.0,1011.8018798828125,39544
FRO,FRO.OL,2006-08-01,1200.0,1220.0,1187.5,1192.5,1001.30615234375,50034
FRO,FRO.OL,2006-08-02,1200.0,1215.0,1185.0,1197.5,1005.5043334960938,68247
FRO,FRO.OL,2006-08-03,1200.0,1210.0,1187.5,1195.0,1003.4051513671875,103837
FRO,FRO.OL,2006-08-04,1207.5,1207.5,1185.0,1187.5,997.1073608398438,91173
FRO,FRO.OL,2006-08-07,1185.0,1235.0,1177.5,1235.0,1036.991943359375,245423
FRO,FRO.OL,2006-08-08,1272.5,1330.0,1260.0,1325.0,1112.56201171875,539965
FRO,FRO.OL,2006-08-09,1322.5,1385.0,1292.5,1345.0,1129.35546875,527227
FRO,FRO.OL,2006-08-10,1345.0,1362.5,1325.0,1332.5,1118.8594970703125,150045
FRO,FRO.OL,2006-08-11,1345.0,1385.0,1345.0,1357.5,1139.851806640625,152401
FRO,FRO.OL,2006-08-14,1357.5,1380.0,1335.0,1340.0,1125.1571044921875,147466
FRO,FRO.OL,2006-08-15,1332.5,1335.0,1287.5,1317.5,1106.2645263671875,225406
FRO,FRO.OL,2006-08-16,1325.0,1325.0,1287.5,1317.5,1106.2645263671875,153048
FRO,FRO.OL,2006-08-17,1285.0,1312.5,1275.0,1282.5,1076.8760986328125,256012
FRO,FRO.OL,2006-08-18,1287.5,1320.0,1285.0,1312.5,1102.0665283203125,89191
FRO,FRO.OL,2006-08-21,1325.0,1335.0,1295.0,1300.0,1091.570068359375,204519
FRO,FRO.OL,2006-08-22,1320.0,1365.0,1305.0,1352.5,1135.6531982421875,496594
FRO,FRO.OL,2006-08-23,1345.0,1385.0,1345.0,1375.0,1154.5457763671875,154509
FRO,FRO.OL,2006-08-24,1360.0,1377.5,1355.0,1362.5,1144.0494384765625,95035
FRO,FRO.OL,2006-08-25,1370.0,1405.0,1360.0,1400.0,1175.53759765625,153098
FRO,FRO.OL,2006-08-28,1397.5,1397.5,1370.0,1382.5,1160.84326171875,87640
FRO,FRO.OL,2006-08-29,1337.5,1352.5,1300.0,1307.5,1103.8564453125,140966
FRO,FRO.OL,2006-08-30,1320.0,1330.0,1297.5,1297.5,1095.413818359375,117900
FRO,FRO.OL,2006-08-31,1285.0,1295.0,1265.0,1290.0,1089.081787109375,296238
FRO,FRO.OL,2006-09-01,1287.5,1307.5,1275.0,1282.5,1082.75,100155
FRO,FRO.OL,2006-09-04,1305.0,1310.0,1285.0,1310.0,1105.9671630859375,50853
FRO,FRO.OL,2006-09-05,1302.5,1340.0,1295.0,1315.0,1110.188232421875,143285
FRO,FRO.OL,2006-09-06,1325.0,1335.0,1310.0,1312.5,1108.0777587890625,188035
FRO,FRO.OL,2006-09-07,1295.0,1302.5,1275.0,1280.0,1080.6395263671875,219183
FRO,FRO.OL,2006-09-08,1290.0,1295.0,1255.0,1255.0,1059.533203125,218469
FRO,FRO.OL,2006-09-11,1222.5,1235.0,1212.5,1227.5,1036.31640625,165704
FRO,FRO.OL,2006-09-12,1250.0,1265.0,1232.5,1262.5,1065.8653564453125,120955
FRO,FRO.OL,2006-09-13,1260.0,1282.5,1245.0,1280.0,1080.6395263671875,89253
FRO,FRO.OL,2006-09-14,1280.0,1315.0,1275.0,1295.0,1093.30322265625,320764
FRO,FRO.OL,2006-09-15,1260.0,1280.0,1255.0,1265.0,1067.9757080078125,81791
FRO,FRO.OL,2006-09-18,1262.5,1282.5,1235.0,1280.0,1080.6395263671875,143972
FRO,FRO.OL,2006-09-19,1292.5,1325.0,1287.5,1307.5,1103.8564453125,219282
FRO,FRO.OL,2006-09-20,1287.5,1297.5,1277.5,1280.0,1080.6395263671875,139239
FRO,FRO.OL,2006-09-21,1250.0,1262.5,1235.0,1242.5,1048.9798583984375,158263
FRO,FRO.OL,2006-09-22,1242.5,1252.5,1215.0,1225.0,1034.205322265625,116380
FRO,FRO.OL,2006-09-25,1240.0,1240.0,1207.5,1207.5,1019.4312133789062,24807
FRO,FRO.OL,2006-09-26,1243.75,1275.0,1228.75,1267.5,1070.08642578125,158753
FRO,FRO.OL,2006-09-27,1290.0,1300.0,1257.5,1292.5,1091.1927490234375,141763
FRO,FRO.OL,2006-09-28,1297.5,1297.5,1265.0,1270.0,1072.1971435546875,138013
FRO,FRO.OL,2006-09-29,1260.0,1277.5,1238.75,1245.0,1051.0908203125,193112
FRO,FRO.OL,2006-10-02,1250.0,1260.0,1240.0,1252.5,1057.422607421875,105675
FRO,FRO.OL,2006-10-03,1240.0,1240.0,1215.0,1223.75,1033.150390625,139306
FRO,FRO.OL,2006-10-04,1190.0,1218.75,1185.0,1217.5,1027.8739013671875,305017
FRO,FRO.OL,2006-10-05,1220.0,1220.0,1201.25,1207.5,1019.4312133789062,59363
FRO,FRO.OL,2006-10-06,1210.0,1210.0,1190.0,1191.25,1005.7123413085938,123100
FRO,FRO.OL,2006-10-09,1198.75,1205.0,1187.5,1191.25,1005.7123413085938,163515
FRO,FRO.OL,2006-10-10,1196.25,1205.0,1163.75,1183.75,999.3804321289062,299944
FRO,FRO.OL,2006-10-11,1182.5,1211.25,1181.25,1205.0,1017.3209228515625,174589
FRO,FRO.OL,2006-10-12,1192.5,1206.25,1185.0,1205.0,1017.3209228515625,174498
FRO,FRO.OL,2006-10-13,1210.0,1240.0,1197.5,1240.0,1046.8695068359375,97830
FRO,FRO.OL,2006-10-16,1242.5,1246.25,1226.25,1237.5,1044.7589111328125,65622
FRO,FRO.OL,2006-10-17,1237.5,1240.0,1223.75,1230.0,1038.427001953125,73025
FRO,FRO.OL,2006-10-18,1215.0,1236.25,1193.75,1217.5,1027.8739013671875,264921
FRO,FRO.OL,2006-10-19,1203.75,1217.5,1195.0,1206.25,1018.3761596679688,204085
FRO,FRO.OL,2006-10-20,1202.5,1206.25,1190.0,1192.5,1006.7678833007812,212611
FRO,FRO.OL,2006-10-23,1196.25,1207.5,1192.5,1200.0,1013.099609375,126759
FRO,FRO.OL,2006-10-24,1193.75,1205.0,1192.5,1205.0,1017.3209228515625,61181
FRO,FRO.OL,2006-10-25,1205.0,1235.0,1205.0,1232.5,1040.537353515625,134518
FRO,FRO.OL,2006-10-26,1242.5,1267.5,1232.5,1255.0,1059.533203125,159068
FRO,FRO.OL,2006-10-27,1240.0,1257.5,1233.75,1246.25,1052.1458740234375,127696
FRO,FRO.OL,2006-10-30,1245.0,1246.25,1222.5,1230.0,1038.427001953125,86187
FRO,FRO.OL,2006-10-31,1230.0,1243.75,1227.5,1236.25,1043.7032470703125,52572
FRO,FRO.OL,2006-11-01,1236.25,1236.25,1210.0,1220.0,1029.98486328125,127994
FRO,FRO.OL,2006-11-02,1212.5,1218.75,1185.0,1190.0,1004.6573486328125,145198
FRO,FRO.OL,2006-11-03,1180.0,1195.0,1176.25,1195.0,1008.8782958984375,148932
FRO,FRO.OL,2006-11-06,1186.25,1202.5,1182.5,1202.5,1015.2103881835938,98226
FRO,FRO.OL,2006-11-07,1195.0,1222.5,1185.0,1220.0,1029.98486328125,220627
FRO,FRO.OL,2006-11-08,1205.0,1230.0,1205.0,1222.5,1032.09521484375,86630
FRO,FRO.OL,2006-11-09,1230.0,1235.0,1221.25,1225.0,1034.205322265625,134069
FRO,FRO.OL,2006-11-10,1225.0,1236.25,1221.25,1235.0,1042.6483154296875,98171
FRO,FRO.OL,2006-11-13,1216.25,1230.0,1216.25,1225.0,1034.205322265625,100567
FRO,FRO.OL,2006-11-14,1245.0,1260.0,1231.25,1231.25,1039.482177734375,96657
FRO,FRO.OL,2006-11-15,1230.0,1255.0,1230.0,1243.75,1050.0352783203125,203124
FRO,FRO.OL,2006-11-16,1248.75,1277.5,1237.5,1272.5,1074.307373046875,242912
FRO,FRO.OL,2006-11-17,1255.0,1262.5,1235.0,1243.75,1050.0352783203125,131392
FRO,FRO.OL,2006-11-20,1240.0,1255.0,1235.0,1252.5,1057.422607421875,96095
FRO,FRO.OL,2006-11-21,1240.0,1250.0,1235.0,1242.5,1048.9798583984375,63204
FRO,FRO.OL,2006-11-22,1236.25,1237.5,1221.25,1221.25,1031.0400390625,88755
FRO,FRO.OL,2006-11-23,1215.0,1215.0,1192.5,1202.5,1015.2103881835938,114999
FRO,FRO.OL,2006-11-24,1200.0,1200.0,1175.0,1197.5,1010.9888916015625,151264
FRO,FRO.OL,2006-11-27,1195.0,1207.5,1176.25,1197.5,1010.9888916015625,131616
FRO,FRO.OL,2006-11-28,1160.0,1175.0,1107.5,1112.5,939.2274780273438,560185
FRO,FRO.OL,2006-11-29,1105.0,1123.75,1076.25,1085.0,916.0110473632812,310845
FRO,FRO.OL,2006-11-30,1080.0,1097.5,1072.5,1097.5,926.56396484375,212916
FRO,FRO.OL,2006-12-01,1100.0,1116.25,1092.5,1092.5,922.3428344726562,196637
FRO,FRO.OL,2006-12-04,1098.75,1100.0,1082.5,1085.0,916.0110473632812,167554
FRO,FRO.OL,2006-12-05,1005.0,1005.0,978.75,988.75,844.4808349609375,191228
FRO,FRO.OL,2006-12-06,1000.0,1025.0,996.25,1021.25,872.2387084960938,146476
FRO,FRO.OL,2006-12-07,1030.0,1035.0,1010.0,1015.0,866.9005737304688,119061
FRO,FRO.OL,2006-12-08,1022.5,1030.0,1016.25,1022.5,873.3064575195312,107837
FRO,FRO.OL,2006-12-11,1027.5,1028.75,1005.0,1013.75,865.8330688476562,80218
FRO,FRO.OL,2006-12-12,1010.0,1010.0,991.25,1002.5,856.2244873046875,102738
FRO,FRO.OL,2006-12-13,1005.0,1005.0,975.0,997.5,851.9541015625,192928
FRO,FRO.OL,2006-12-14,1010.0,1017.5,1000.0,1015.0,866.9005737304688,91171
FRO,FRO.OL,2006-12-15,1023.75,1055.0,1018.75,1045.0,892.5233764648438,358363
FRO,FRO.OL,2006-12-18,1050.0,1055.0,1021.25,1033.75,882.9148559570312,116924
FRO,FRO.OL,2006-12-19,1012.5,1026.25,988.75,992.5,847.6837768554688,124970
FRO,FRO.OL,2006-12-20,997.5,1018.75,997.5,1015.0,866.9005737304688,87819
FRO,FRO.OL,2006-12-21,992.5,998.75,981.25,983.75,840.2103881835938,114719
FRO,FRO.OL,2006-12-22,990.0,995.0,982.5,992.5,847.6837768554688,126098
FRO,FRO.OL,2006-12-27,987.5,1002.5,980.0,998.75,853.021728515625,45385
FRO,FRO.OL,2006-12-28,1000.0,1005.0,985.0,1003.75,857.2921142578125,56729
FRO,FRO.OL,2006-12-29,1002.5,1010.0,1001.25,1005.0,858.3598022460938,21774
FRO,FRO.OL,2007-01-02,995.0,1002.5,982.5,992.5,847.6837768554688,51813
FRO,FRO.OL,2007-01-03,992.5,1001.25,982.5,997.5,851.9541015625,173175
FRO,FRO.OL,2007-01-04,985.0,988.75,976.25,980.0,837.0076293945312,301226
FRO,FRO.OL,2007-01-05,970.0,970.0,948.75,961.25,820.9931640625,214726
FRO,FRO.OL,2007-01-08,962.5,970.0,957.5,965.0,824.1962280273438,123368
FRO,FRO.OL,2007-01-09,970.0,986.25,962.5,972.5,830.6018676757812,306690
FRO,FRO.OL,2007-01-10,967.5,968.75,950.0,967.5,826.3314208984375,229556
FRO,FRO.OL,2007-01-11,975.0,990.0,970.0,990.0,845.5484008789062,142618
FRO,FRO.OL,2007-01-12,990.0,1030.0,976.25,1025.0,875.4415893554688,283961
FRO,FRO.OL,2007-01-15,1050.0,1065.0,1040.0,1055.0,901.0640258789062,236477
FRO,FRO.OL,2007-01-16,1063.75,1073.75,1035.0,1045.0,892.5233764648438,194141
FRO,FRO.OL,2007-01-17,1043.75,1046.25,1016.25,1018.75,870.1036987304688,105137
FRO,FRO.OL,2007-01-18,1025.0,1045.0,1007.5,1017.5,869.0359497070312,124269
FRO,FRO.OL,2007-01-19,1005.0,1028.75,998.75,1015.0,866.9005737304688,199527
FRO,FRO.OL,2007-01-22,1030.0,1048.75,1016.25,1030.0,879.7120971679688,186593
FRO,FRO.OL,2007-01-23,1030.0,1045.0,1023.75,1032.5,881.8470458984375,99694
FRO,FRO.OL,2007-01-24,1050.0,1060.0,1033.75,1038.75,887.1853637695312,277136
FRO,FRO.OL,2007-01-25,1043.75,1043.75,1020.0,1025.0,875.4415893554688,353564
FRO,FRO.OL,2007-01-26,1025.0,1035.0,1020.0,1031.25,880.7797241210938,153275
FRO,FRO.OL,2007-01-29,1028.75,1028.75,1000.0,1021.25,872.2387084960938,181513
FRO,FRO.OL,2007-01-30,1015.0,1022.5,1005.0,1018.75,870.1036987304688,127546
FRO,FRO.OL,2007-01-31,1017.5,1020.0,1006.25,1018.75,870.1036987304688,170544
FRO,FRO.OL,2007-02-01,1030.0,1047.5,1021.25,1045.0,892.5233764648438,297837
FRO,FRO.OL,2007-02-02,1050.0,1083.75,1046.25,1080.0,922.4163208007812,217513
FRO,FRO.OL,2007-02-05,1080.0,1080.0,1057.5,1067.5,911.7403564453125,157981
FRO,FRO.OL,2007-02-06,1065.0,1066.25,1052.5,1056.25,902.1318969726562,70147
FRO,FRO.OL,2007-02-07,1056.25,1063.75,1050.0,1057.5,903.1994018554688,116534
FRO,FRO.OL,2007-02-08,1062.5,1081.25,1056.25,1060.0,905.3348999023438,111338
FRO,FRO.OL,2007-02-09,1075.0,1077.5,1052.5,1075.0,918.1461181640625,70048
FRO,FRO.OL,2007-02-12,1072.5,1072.5,1058.75,1061.25,906.4026489257812,71384
FRO,FRO.OL,2007-02-13,1061.25,1065.0,1052.5,1062.5,907.469970703125,92804
FRO,FRO.OL,2007-02-14,1072.5,1077.5,1067.5,1075.0,918.1461181640625,94775
FRO,FRO.OL,2007-02-15,1071.25,1090.0,1066.25,1072.5,916.0109252929688,132814
FRO,FRO.OL,2007-02-16,1075.0,1076.25,1043.75,1057.5,903.1994018554688,140829
FRO,FRO.OL,2007-02-19,1060.0,1060.0,1055.0,1057.5,903.1994018554688,46191
FRO,FRO.OL,2007-02-20,1060.0,1080.0,1060.0,1075.0,918.1461181640625,107869
FRO,FRO.OL,2007-02-21,1085.0,1110.0,1082.5,1105.0,943.7687377929688,239906
FRO,FRO.OL,2007-02-22,1117.5,1120.0,1097.5,1108.75,946.971435546875,121517
FRO,FRO.OL,2007-02-23,1117.5,1123.75,1110.0,1111.25,949.1063842773438,75212
FRO,FRO.OL,2007-02-26,1105.0,1120.0,1101.25,1105.0,943.7687377929688,45720
FRO,FRO.OL,2007-02-27,1100.0,1100.0,1067.5,1077.5,920.2813110351562,252008
FRO,FRO.OL,2007-02-28,1055.0,1088.75,1050.0,1072.5,916.0109252929688,163402
FRO,FRO.OL,2007-03-01,1083.75,1090.0,1052.5,1071.25,914.9430541992188,238375
FRO,FRO.OL,2007-03-02,1081.25,1085.0,1060.0,1083.75,925.6192016601562,208653
FRO,FRO.OL,2007-03-05,1060.0,1105.0,1057.5,1097.5,937.3629760742188,177546
FRO,FRO.OL,2007-03-06,950.0,960.0,918.75,926.25,798.55810546875,262841
FRO,FRO.OL,2007-03-07,942.5,956.25,936.25,955.0,823.3447875976562,182184
FRO,FRO.OL,2007-03-08,956.25,987.5,956.25,980.0,844.8984375,99252
FRO,FRO.OL,2007-03-09,987.5,992.5,972.5,987.5,851.3644409179688,66404
FRO,FRO.OL,2007-03-12,1005.0,1045.0,1005.0,1026.25,884.7723999023438,258643
FRO,FRO.OL,2007-03-13,1020.0,1023.75,1008.75,1012.5,872.91796875,87454
FRO,FRO.OL,2007-03-14,990.0,1008.75,982.5,996.25,858.9082641601562,158865
FRO,FRO.OL,2007-03-15,1003.75,1017.5,1002.5,1015.0,875.0733032226562,136116
FRO,FRO.OL,2007-03-16,1013.75,1040.0,1005.0,1040.0,896.6268920898438,128166
FRO,FRO.OL,2007-03-19,1045.0,1050.0,1025.0,1035.0,892.3162841796875,79337
FRO,FRO.OL,2007-03-20,1040.0,1058.75,1035.0,1053.75,908.4814453125,92718
FRO,FRO.OL,2007-03-21,1050.0,1058.75,1046.25,1056.25,910.6367797851562,62895
FRO,FRO.OL,2007-03-22,1073.75,1078.75,1062.5,1070.0,922.4912109375,76270
FRO,FRO.OL,2007-03-23,1080.0,1080.0,1057.5,1070.0,922.4912109375,92137
FRO,FRO.OL,2007-03-26,1087.5,1100.0,1080.0,1085.0,935.4234619140625,114945
FRO,FRO.OL,2007-03-27,1087.5,1090.0,1060.0,1063.75,917.1024780273438,209354
FRO,FRO.OL,2007-03-28,1070.0,1073.75,1050.0,1068.75,921.41357421875,152060
FRO,FRO.OL,2007-03-29,1077.5,1081.25,1068.75,1075.0,926.802001953125,192407
FRO,FRO.OL,2007-03-30,1080.0,1087.5,1067.5,1080.0,931.1124267578125,174511
FRO,FRO.OL,2007-04-02,1080.0,1093.75,1068.75,1088.75,938.6561279296875,107919
FRO,FRO.OL,2007-04-03,1085.0,1112.5,1072.5,1100.0,948.3553466796875,192642
FRO,FRO.OL,2007-04-04,1105.0,1105.0,1091.25,1100.0,948.3553466796875,33987
FRO,FRO.OL,2007-04-10,1098.75,1098.75,1075.0,1088.75,938.6561279296875,82320
FRO,FRO.OL,2007-04-11,1080.0,1080.0,1060.0,1060.0,913.8699340820312,227405
FRO,FRO.OL,2007-04-12,1060.0,1061.25,1028.75,1037.5,894.4714965820312,306325
FRO,FRO.OL,2007-04-13,1047.5,1052.5,1033.75,1037.5,894.4714965820312,214143
FRO,FRO.OL,2007-04-16,1031.25,1066.25,1031.25,1062.5,916.0250244140625,111550
FRO,FRO.OL,2007-04-17,1060.0,1070.0,1035.0,1041.25,897.7047119140625,339681
FRO,FRO.OL,2007-04-18,1042.5,1048.75,1032.5,1045.0,900.9375610351562,195518
FRO,FRO.OL,2007-04-19,1045.0,1060.0,1033.75,1050.0,905.2481689453125,176569
FRO,FRO.OL,2007-04-20,1050.0,1055.0,1043.75,1048.75,904.1704711914062,89396
FRO,FRO.OL,2007-04-23,1057.5,1078.75,1055.0,1078.75,930.0348510742188,111710
FRO,FRO.OL,2007-04-24,1060.0,1080.0,1057.5,1075.0,926.802001953125,109157
FRO,FRO.OL,2007-04-25,1075.0,1096.25,1075.0,1091.25,940.8115844726562,256479
FRO,FRO.OL,2007-04-26,1112.5,1113.75,1093.75,1098.75,947.2774658203125,107041
FRO,FRO.OL,2007-04-27,1095.0,1110.0,1090.0,1100.0,948.3553466796875,68896
FRO,FRO.OL,2007-04-30,1103.75,1132.5,1102.5,1130.0,974.2191772460938,91867
FRO,FRO.OL,2007-05-02,1152.5,1175.0,1145.0,1160.0,1000.0838012695312,230089
FRO,FRO.OL,2007-05-03,1152.5,1175.0,1152.5,1167.5,1006.5503540039062,171474
FRO,FRO.OL,2007-05-04,1175.0,1180.0,1157.5,1180.0,1017.3265380859375,123387
FRO,FRO.OL,2007-05-07,1180.0,1190.0,1171.25,1188.75,1024.8702392578125,75536
FRO,FRO.OL,2007-05-08,1195.0,1200.0,1170.0,1195.0,1030.2584228515625,151858
FRO,FRO.OL,2007-05-09,1200.0,1206.25,1183.75,1186.25,1022.7152709960938,187656
FRO,FRO.OL,2007-05-10,1180.0,1182.5,1165.0,1177.5,1015.1710205078125,162133
FRO,FRO.OL,2007-05-11,1162.5,1183.75,1157.5,1177.5,1015.1710205078125,111427
FRO,FRO.OL,2007-05-14,1180.0,1195.0,1180.0,1185.0,1021.6375732421875,125930
FRO,FRO.OL,2007-05-15,1182.5,1185.0,1172.5,1181.25,1018.404541015625,130238
FRO,FRO.OL,2007-05-16,1167.5,1175.0,1145.0,1166.25,1005.4720458984375,126837
FRO,FRO.OL,2007-05-18,1180.0,1205.0,1180.0,1200.0,1034.5693359375,104879
FRO,FRO.OL,2007-05-21,1185.0,1245.0,1185.0,1245.0,1073.365478515625,130904
FRO,FRO.OL,2007-05-22,1241.25,1270.0,1240.0,1260.0,1086.2982177734375,122021
FRO,FRO.OL,2007-05-23,1250.0,1270.0,1250.0,1270.0,1094.9195556640625,96169
FRO,FRO.OL,2007-05-24,1248.75,1272.5,1233.75,1270.0,1094.9195556640625,97747
FRO,FRO.OL,2007-05-25,1235.0,1282.5,1235.0,1275.0,1099.22998046875,133530
FRO,FRO.OL,2007-05-29,1285.0,1310.0,1270.0,1302.5,1122.938720703125,126201
FRO,FRO.OL,2007-05-30,1285.0,1310.0,1270.0,1305.0,1125.094482421875,184436
FRO,FRO.OL,2007-05-31,1355.0,1422.5,1350.0,1405.0,1211.30859375,356330
FRO,FRO.OL,2007-06-01,1387.5,1405.0,1382.5,1390.0,1198.3759765625,170331
FRO,FRO.OL,2007-06-04,1395.0,1420.0,1385.0,1410.0,1215.618896484375,130886
FRO,FRO.OL,2007-06-05,1417.5,1430.0,1402.5,1420.0,1224.2406005859375,206540
FRO,FRO.OL,2007-06-06,1385.0,1385.0,1325.0,1327.5,1150.5694580078125,367016
FRO,FRO.OL,2007-06-07,1340.0,1345.0,1262.5,1287.5,1115.9007568359375,312375
FRO,FRO.OL,2007-06-08,1243.75,1290.0,1230.0,1280.0,1109.400634765625,302467
FRO,FRO.OL,2007-06-11,1292.5,1325.0,1287.5,1307.5,1133.235107421875,144533
FRO,FRO.OL,2007-06-12,1305.0,1320.0,1292.5,1302.5,1128.901611328125,147180
FRO,FRO.OL,2007-06-13,1287.5,1320.0,1285.0,1317.5,1141.9024658203125,153670
FRO,FRO.OL,2007-06-14,1330.0,1362.5,1327.5,1362.5,1180.9046630859375,109432
FRO,FRO.OL,2007-06-15,1367.5,1395.0,1355.0,1382.5,1198.23876953125,119901
FRO,FRO.OL,2007-06-18,1365.0,1382.5,1355.0,1360.0,1178.738037109375,136902
FRO,FRO.OL,2007-06-19,1372.5,1387.5,1372.5,1380.0,1196.0721435546875,102296
FRO,FRO.OL,2007-06-20,1387.5,1395.0,1372.5,1380.0,1196.0721435546875,76487
FRO,FRO.OL,2007-06-21,1342.5,1367.5,1342.5,1355.0,1174.404052734375,155036
FRO,FRO.OL,2007-06-22,1360.0,1362.5,1327.5,1335.0,1157.070068359375,86359
FRO,FRO.OL,2007-06-25,1335.0,1367.5,1325.0,1355.0,1174.404052734375,108977
FRO,FRO.OL,2007-06-26,1360.0,1367.5,1337.5,1337.5,1159.236572265625,106132
FRO,FRO.OL,2007-06-27,1332.5,1337.5,1307.5,1310.0,1135.401611328125,87385
FRO,FRO.OL,2007-06-28,1342.5,1357.5,1327.5,1350.0,1170.0701904296875,102317
FRO,FRO.OL,2007-06-29,1350.0,1370.0,1345.0,1367.5,1185.238037109375,100847
FRO,FRO.OL,2007-07-02,1360.0,1360.0,1337.5,1340.0,1161.403076171875,70338
FRO,FRO.OL,2007-07-03,1350.0,1370.0,1347.5,1357.5,1176.571044921875,157970
FRO,FRO.OL,2007-07-04,1350.0,1450.0,1350.0,1435.0,1243.741455078125,213263
FRO,FRO.OL,2007-07-05,1437.5,1482.5,1405.0,1420.0,1230.7413330078125,346577
FRO,FRO.OL,2007-07-06,1410.0,1445.0,1407.5,1440.0,1248.0753173828125,94853
FRO,FRO.OL,2007-07-09,1462.5,1512.5,1462.5,1505.0,1304.4122314453125,181110
FRO,FRO.OL,2007-07-10,1507.5,1515.0,1482.5,1490.0,1291.4114990234375,143373
FRO,FRO.OL,2007-07-11,1480.0,1497.5,1475.0,1492.5,1293.5780029296875,72456
FRO,FRO.OL,2007-07-12,1495.0,1530.0,1490.0,1520.0,1317.41259765625,180748
FRO,FRO.OL,2007-07-13,1510.0,1517.5,1480.0,1505.0,1304.4122314453125,135200
FRO,FRO.OL,2007-07-16,1477.5,1485.0,1430.0,1455.0,1261.076171875,94728
FRO,FRO.OL,2007-07-17,1427.5,1430.0,1392.5,1405.0,1217.739990234375,237919
FRO,FRO.OL,2007-07-18,1405.0,1435.0,1405.0,1432.5,1241.574951171875,122167
FRO,FRO.OL,2007-07-19,1425.0,1445.0,1425.0,1432.5,1241.574951171875,76329
FRO,FRO.OL,2007-07-20,1460.0,1460.0,1435.0,1435.0,1243.741455078125,72368
FRO,FRO.OL,2007-07-23,1430.0,1430.0,1405.0,1420.0,1230.7413330078125,52334
FRO,FRO.OL,2007-07-24,1430.0,1475.0,1420.0,1425.0,1235.0745849609375,193766
FRO,FRO.OL,2007-07-25,1402.5,1420.0,1367.5,1370.0,1187.4052734375,183470
FRO,FRO.OL,2007-07-26,1372.5,1387.5,1335.0,1350.0,1170.0701904296875,176168
FRO,FRO.OL,2007-07-27,1320.0,1355.0,1315.0,1342.5,1163.5704345703125,126062
FRO,FRO.OL,2007-07-30,1320.0,1360.0,1317.5,1332.5,1154.9024658203125,100195
FRO,FRO.OL,2007-07-31,1350.0,1385.0,1350.0,1375.0,1191.7386474609375,108282
FRO,FRO.OL,2007-08-01,1335.0,1350.0,1310.0,1345.0,1165.737060546875,95677
FRO,FRO.OL,2007-08-02,1332.5,1355.0,1312.5,1335.0,1157.070068359375,108379
FRO,FRO.OL,2007-08-03,1337.5,1340.0,1295.0,1300.0,1126.734619140625,130796
FRO,FRO.OL,2007-08-06,1290.0,1295.0,1243.75,1247.5,1081.2320556640625,197838
FRO,FRO.OL,2007-08-07,1267.5,1287.5,1252.5,1285.0,1113.73388671875,125662
FRO,FRO.OL,2007-08-08,1290.0,1290.0,1265.0,1287.5,1115.9007568359375,201785
FRO,FRO.OL,2007-08-09,1270.0,1270.0,1230.0,1240.0,1074.731689453125,231188
FRO,FRO.OL,2007-08-10,1242.5,1243.75,1205.0,1227.5,1063.8973388671875,274215
FRO,FRO.OL,2007-08-13,1240.0,1282.5,1231.25,1270.0,1100.7330322265625,149098
FRO,FRO.OL,2007-08-14,1280.0,1290.0,1257.5,1275.0,1105.0667724609375,138252
FRO,FRO.OL,2007-08-15,1242.5,1260.0,1225.0,1250.0,1083.398681640625,125060
FRO,FRO.OL,2007-08-16,1215.0,1220.0,1165.0,1177.5,1020.561279296875,220861
FRO,FRO.OL,2007-08-17,1180.0,1275.0,1160.0,1212.5,1050.8963623046875,345330
FRO,FRO.OL,2007-08-20,1226.25,1250.0,1226.25,1240.0,1074.731689453125,76718
FRO,FRO.OL,2007-08-21,1240.0,1265.0,1215.0,1250.0,1083.398681640625,122938
FRO,FRO.OL,2007-08-22,1250.0,1317.5,1250.0,1282.5,1111.5667724609375,233070
FRO,FRO.OL,2007-08-23,1307.5,1365.0,1300.0,1305.0,1131.068115234375,341454
FRO,FRO.OL,2007-08-24,1305.0,1320.0,1290.0,1310.0,1135.401611328125,113788
FRO,FRO.OL,2007-08-27,1322.5,1332.5,1295.0,1327.5,1150.5694580078125,98773
FRO,FRO.OL,2007-08-28,1350.0,1350.0,1317.5,1320.0,1144.069091796875,90644
FRO,FRO.OL,2007-08-29,1302.5,1337.5,1295.0,1322.5,1146.2357177734375,104394
FRO,FRO.OL,2007-08-30,1345.0,1350.0,1327.5,1342.5,1163.5704345703125,66368
FRO,FRO.OL,2007-08-31,1347.5,1370.0,1325.0,1362.5,1180.9046630859375,108606
FRO,FRO.OL,2007-09-03,1350.0,1372.5,1335.0,1337.5,1159.236572265625,113435
FRO,FRO.OL,2007-09-04,1342.5,1365.0,1327.5,1357.5,1176.571044921875,88591
FRO,FRO.OL,2007-09-05,1360.0,1360.0,1315.0,1320.0,1144.069091796875,160204
FRO,FRO.OL,2007-09-06,1322.5,1330.0,1307.5,1312.5,1137.5689697265625,125769
FRO,FRO.OL,2007-09-07,1302.5,1325.0,1282.5,1292.5,1120.234375,126910
FRO,FRO.OL,2007-09-10,1272.5,1290.0,1255.0,1265.0,1096.3992919921875,139166
FRO,FRO.OL,2007-09-11,1255.0,1295.0,1255.0,1270.0,1100.7330322265625,292929
FRO,FRO.OL,2007-09-12,1297.5,1312.5,1280.0,1287.5,1115.9007568359375,205234
FRO,FRO.OL,2007-09-13,1290.0,1327.5,1280.0,1320.0,1144.069091796875,137964
FRO,FRO.OL,2007-09-14,1330.0,1330.0,1292.5,1312.5,1137.5689697265625,98046
FRO,FRO.OL,2007-09-17,1295.0,1295.0,1265.0,1272.5,1102.9000244140625,210876
FRO,FRO.OL,2007-09-18,1250.0,1277.5,1250.0,1270.0,1100.7330322265625,110081
FRO,FRO.OL,2007-09-19,1305.0,1310.0,1287.5,1305.0,1131.068115234375,233991
FRO,FRO.OL,2007-09-20,1300.0,1312.5,1285.0,1300.0,1126.734619140625,107461
FRO,FRO.OL,2007-09-21,1317.5,1352.5,1310.0,1350.0,1170.0701904296875,173121
FRO,FRO.OL,2007-09-24,1372.5,1410.0,1372.5,1385.0,1200.4058837890625,309378
FRO,FRO.OL,2007-09-25,1370.0,1380.0,1340.0,1352.5,1172.237548828125,98805
FRO,FRO.OL,2007-09-26,1365.0,1380.0,1350.0,1365.0,1183.0712890625,80863
FRO,FRO.OL,2007-09-27,1352.5,1355.0,1315.0,1330.0,1152.7359619140625,94759
FRO,FRO.OL,2007-09-28,1325.0,1340.0,1315.0,1325.0,1148.4024658203125,84891
FRO,FRO.OL,2007-10-01,1325.0,1335.0,1290.0,1330.0,1152.7359619140625,85922
FRO,FRO.OL,2007-10-02,1325.0,1352.5,1312.5,1350.0,1170.0701904296875,118081
FRO,FRO.OL,2007-10-03,1380.0,1390.0,1355.0,1362.5,1180.9046630859375,203544
FRO,FRO.OL,2007-10-04,1360.0,1362.5,1332.5,1345.0,1165.737060546875,126597
FRO,FRO.OL,2007-10-05,1347.5,1370.0,1332.5,1362.5,1180.9046630859375,68273
FRO,FRO.OL,2007-10-08,1362.5,1365.0,1342.5,1350.0,1170.0701904296875,131066
FRO,FRO.OL,2007-10-09,1342.5,1350.0,1332.5,1350.0,1170.0701904296875,238004
FRO,FRO.OL,2007-10-10,1235.0,1257.5,1212.5,1225.0,1074.6661376953125,265060
FRO,FRO.OL,2007-10-11,1230.0,1255.0,1227.5,1233.75,1082.3427734375,167659
FRO,FRO.OL,2007-10-12,1216.25,1228.75,1192.5,1200.0,1052.7344970703125,202109
FRO,FRO.OL,2007-10-15,1193.75,1197.5,1167.5,1183.75,1038.478759765625,191728
FRO,FRO.OL,2007-10-16,1167.5,1198.75,1167.5,1181.25,1036.2857666015625,162581
FRO,FRO.OL,2007-10-17,1177.5,1202.5,1167.5,1188.75,1042.865478515625,169879
FRO,FRO.OL,2007-10-18,1188.75,1193.75,1165.0,1170.0,1026.4163818359375,121556
FRO,FRO.OL,2007-10-19,1185.0,1197.5,1178.75,1190.0,1043.9619140625,118062
FRO,FRO.OL,2007-10-22,1176.25,1181.25,1140.0,1155.0,1013.256591796875,389768
FRO,FRO.OL,2007-10-23,1148.75,1162.5,1132.5,1145.0,1004.4837646484375,139052
FRO,FRO.OL,2007-10-24,1127.5,1145.0,1120.0,1132.5,993.5181884765625,196766
FRO,FRO.OL,2007-10-25,1142.5,1155.0,1131.25,1151.25,1009.9671630859375,103184
FRO,FRO.OL,2007-10-26,1165.0,1185.0,1158.75,1175.0,1030.8026123046875,169642
FRO,FRO.OL,2007-10-29,1172.5,1180.0,1160.0,1173.75,1029.70654296875,117490
FRO,FRO.OL,2007-10-30,1166.25,1176.25,1158.75,1165.0,1022.0301513671875,100361
FRO,FRO.OL,2007-10-31,1165.0,1213.75,1161.25,1210.0,1061.5074462890625,244627
FRO,FRO.OL,2007-11-01,1217.5,1220.0,1190.0,1212.5,1063.7000732421875,158628
FRO,FRO.OL,2007-11-02,1200.0,1202.5,1172.5,1176.25,1031.8990478515625,208084
FRO,FRO.OL,2007-11-05,1172.5,1182.5,1147.5,1148.75,1007.7741088867188,74326
FRO,FRO.OL,2007-11-06,1155.0,1168.75,1130.0,1150.0,1008.8705444335938,141742
FRO,FRO.OL,2007-11-07,1148.75,1156.25,1135.0,1143.75,1003.3878173828125,129660
FRO,FRO.OL,2007-11-08,1122.5,1150.0,1110.0,1127.5,989.1318969726562,93475
FRO,FRO.OL,2007-11-09,1122.5,1136.25,1093.75,1105.0,969.39306640625,81709
FRO,FRO.OL,2007-11-12,1085.0,1120.0,1075.0,1081.25,948.5576171875,115771
FRO,FRO.OL,2007-11-13,1067.5,1080.0,1025.0,1075.0,943.0748291015625,151821
FRO,FRO.OL,2007-11-14,1100.0,1105.0,1053.75,1082.5,949.6543579101562,163599
FRO,FRO.OL,2007-11-15,1051.25,1075.0,1020.0,1065.0,934.3018798828125,358815
FRO,FRO.OL,2007-11-16,1060.0,1067.5,1045.0,1062.5,932.1089477539062,259748
FRO,FRO.OL,2007-11-19,1090.0,1125.0,1063.75,1120.0,982.5521240234375,471634
FRO,FRO.OL,2007-11-20,1142.5,1142.5,1083.75,1107.5,971.5862426757812,208988
FRO,FRO.OL,2007-11-21,1092.5,1136.25,1075.0,1131.25,992.4216918945312,212306
FRO,FRO.OL,2007-11-22,1147.5,1200.0,1132.5,1192.5,1046.1556396484375,144997
FRO,FRO.OL,2007-11-23,1200.0,1285.0,1198.75,1252.5,1098.7916259765625,319050
FRO,FRO.OL,2007-11-26,1230.0,1262.5,1200.0,1238.75,1093.2757568359375,221752
FRO,FRO.OL,2007-11-27,1221.25,1262.5,1207.5,1242.5,1096.5850830078125,226495
FRO,FRO.OL,2007-11-28,1260.0,1290.0,1228.75,1282.5,1131.887939453125,281729
FRO,FRO.OL,2007-11-29,1285.0,1340.0,1280.0,1330.0,1173.8094482421875,302320
FRO,FRO.OL,2007-11-30,1327.5,1340.0,1272.5,1277.5,1127.47509765625,361646
FRO,FRO.OL,2007-12-03,1290.0,1292.5,1250.0,1255.0,1107.6173095703125,106728
FRO,FRO.OL,2007-12-04,1245.0,1250.0,1173.75,1180.0,1041.4248046875,204022
FRO,FRO.OL,2007-12-05,1186.25,1202.5,1160.0,1195.0,1054.663330078125,327865
FRO,FRO.OL,2007-12-06,1208.75,1217.5,1185.0,1217.5,1074.52099609375,145571
FRO,FRO.OL,2007-12-07,1223.75,1302.5,1216.25,1280.0,1129.681640625,371423
FRO,FRO.OL,2007-12-10,1295.0,1325.0,1280.0,1302.5,1149.5390625,369235
FRO,FRO.OL,2007-12-11,1315.0,1342.5,1310.0,1312.5,1158.364990234375,272868
FRO,FRO.OL,2007-12-12,1280.0,1317.5,1272.5,1305.0,1151.7454833984375,386963
FRO,FRO.OL,2007-12-13,1292.5,1342.5,1285.0,1292.5,1140.71337890625,332102
FRO,FRO.OL,2007-12-14,1312.5,1337.5,1307.5,1327.5,1171.6031494140625,333702
FRO,FRO.OL,2007-12-17,1332.5,1360.0,1325.0,1347.5,1189.2542724609375,316901
FRO,FRO.OL,2007-12-18,1345.0,1355.0,1315.0,1335.0,1178.2225341796875,351654
FRO,FRO.OL,2007-12-19,1322.5,1332.5,1275.0,1307.5,1153.9520263671875,263192
FRO,FRO.OL,2007-12-20,1325.0,1330.0,1305.0,1307.5,1153.9520263671875,208241
FRO,FRO.OL,2007-12-21,1320.0,1320.0,1290.0,1300.0,1147.3323974609375,137795
FRO,FRO.OL,2007-12-27,1297.5,1317.5,1297.5,1300.0,1147.3323974609375,46113
FRO,FRO.OL,2007-12-28,1300.0,1320.0,1295.0,1305.0,1151.7454833984375,78802
FRO,FRO.OL,2008-01-02,1302.5,1340.0,1302.5,1317.5,1162.77783203125,131921
FRO,FRO.OL,2008-01-03,1315.0,1332.5,1300.0,1325.0,1169.396728515625,145772
FRO,FRO.OL,2008-01-04,1317.5,1325.0,1260.0,1260.0,1112.0301513671875,244393
FRO,FRO.OL,2008-01-07,1247.5,1255.0,1190.0,1190.0,1050.2510986328125,248477
FRO,FRO.OL,2008-01-08,1160.0,1215.0,1157.5,1207.5,1065.6954345703125,260464
FRO,FRO.OL,2008-01-09,1195.0,1215.0,1140.0,1150.0,1014.9482421875,207712
FRO,FRO.OL,2008-01-10,1156.25,1165.0,1097.5,1116.25,985.1616821289062,205636
FRO,FRO.OL,2008-01-11,1112.5,1137.5,1092.5,1101.25,971.9231567382812,3870
FRO,FRO.OL,2008-01-14,1105.0,1135.0,1091.25,1092.5,964.2008666992188,134924
FRO,FRO.OL,2008-01-15,1093.75,1118.75,1085.0,1086.25,958.6846923828125,121261
FRO,FRO.OL,2008-01-16,1068.75,1075.0,1025.0,1050.0,926.6918334960938,153426
FRO,FRO.OL,2008-01-17,1015.0,1037.5,976.25,1000.0,882.5634765625,302732
FRO,FRO.OL,2008-01-18,1015.0,1050.0,990.0,1002.5,884.77001953125,127470
FRO,FRO.OL,2008-01-21,998.75,1008.75,960.0,972.5,858.2931518554688,103566
FRO,FRO.OL,2008-01-22,945.0,1015.0,900.0,1013.75,894.6989135742188,255756
FRO,FRO.OL,2008-01-23,1000.0,1068.75,950.0,1017.5,898.0084838867188,293644
FRO,FRO.OL,2008-01-24,1047.5,1090.0,1036.25,1063.75,938.8268432617188,201778
FRO,FRO.OL,2008-01-25,1096.25,1125.0,1068.75,1098.75,969.7164306640625,152696
FRO,FRO.OL,2008-01-28,1072.5,1088.75,1055.0,1068.75,943.2398681640625,150037
FRO,FRO.OL,2008-01-29,1138.75,1162.5,1125.0,1137.5,1003.9161376953125,301992
FRO,FRO.OL,2008-01-30,1120.0,1172.5,1117.5,1165.0,1028.1864013671875,254255
FRO,FRO.OL,2008-01-31,1157.5,1162.5,1130.0,1140.0,1006.1223754882812,182656
FRO,FRO.OL,2008-02-01,1142.5,1160.0,1117.5,1117.5,986.26513671875,240452
FRO,FRO.OL,2008-02-04,1140.0,1172.5,1133.75,1140.0,1006.1223754882812,181364
FRO,FRO.OL,2008-02-05,1138.75,1148.75,1110.0,1127.5,995.0902099609375,143273
FRO,FRO.OL,2008-02-06,1100.0,1131.25,1100.0,1121.25,989.5739135742188,141203
FRO,FRO.OL,2008-02-07,1135.0,1137.5,1092.5,1132.5,999.5035400390625,89529
FRO,FRO.OL,2008-02-08,1170.0,1185.0,1160.0,1175.0,1037.012451171875,180499
FRO,FRO.OL,2008-02-11,1170.0,1220.0,1160.0,1200.0,1059.076171875,130652
FRO,FRO.OL,2008-02-12,1211.25,1212.5,1176.25,1205.0,1063.4891357421875,86241
FRO,FRO.OL,2008-02-13,1181.25,1210.0,1181.25,1205.0,1063.4891357421875,67446
FRO,FRO.OL,2008-02-14,1250.0,1280.0,1241.25,1270.0,1120.85595703125,201217
FRO,FRO.OL,2008-02-15,1277.5,1295.0,1262.5,1275.0,1125.2684326171875,131357
FRO,FRO.OL,2008-02-18,1250.0,1275.0,1243.75,1275.0,1125.2684326171875,46095
FRO,FRO.OL,2008-02-19,1272.5,1280.0,1250.0,1262.5,1114.23681640625,96475
FRO,FRO.OL,2008-02-20,1265.0,1285.0,1250.0,1282.5,1131.887939453125,140950
FRO,FRO.OL,2008-02-21,1292.5,1317.5,1270.0,1315.0,1160.571044921875,147435
FRO,FRO.OL,2008-02-22,1245.0,1265.0,1205.0,1215.0,1080.5316162109375,173122
FRO,FRO.OL,2008-02-25,1222.5,1235.0,1207.5,1211.25,1077.196533203125,118371
FRO,FRO.OL,2008-02-26,1216.25,1232.5,1202.5,1218.75,1083.8660888671875,90685
FRO,FRO.OL,2008-02-27,1227.5,1247.5,1220.0,1233.75,1097.2066650390625,141261
FRO,FRO.OL,2008-02-28,1238.75,1248.75,1190.0,1211.25,1077.196533203125,128214
FRO,FRO.OL,2008-02-29,1207.5,1223.75,1192.5,1200.0,1067.1917724609375,69323
FRO,FRO.OL,2008-03-03,1175.0,1190.0,1110.0,1162.5,1033.842041015625,105500
FRO,FRO.OL,2008-03-04,1150.0,1163.75,1120.0,1151.25,1023.8369750976562,116869
FRO,FRO.OL,2008-03-05,1160.0,1187.5,1150.0,1180.0,1049.4051513671875,120400
FRO,FRO.OL,2008-03-06,1187.5,1196.25,1153.75,1155.0,1027.1719970703125,63812
FRO,FRO.OL,2008-03-07,1145.0,1158.75,1117.5,1145.0,1018.2785034179688,72539
FRO,FRO.OL,2008-03-10,1107.5,1125.0,1080.0,1081.25,961.5842895507812,97875
FRO,FRO.OL,2008-03-11,1075.0,1106.25,1045.0,1101.25,979.370849609375,113741
FRO,FRO.OL,2008-03-12,1116.25,1137.5,1102.5,1108.75,986.040771484375,105897
FRO,FRO.OL,2008-03-13,1087.5,1105.0,1070.0,1101.25,979.370849609375,97751
FRO,FRO.OL,2008-03-14,1125.0,1141.25,1098.75,1125.0,1000.4923706054688,92874
FRO,FRO.OL,2008-03-17,1085.0,1107.5,1078.75,1095.0,973.8123168945312,96367
FRO,FRO.OL,2008-03-18,1098.75,1115.0,1085.0,1102.5,980.4824829101562,97848
FRO,FRO.OL,2008-03-19,1125.0,1127.5,1085.0,1085.0,964.919677734375,40621
FRO,FRO.OL,2008-03-25,1165.0,1198.75,1152.5,1172.5,1042.7354736328125,142058
FRO,FRO.OL,2008-03-26,1175.0,1175.0,1142.5,1150.0,1022.7257080078125,81278
FRO,FRO.OL,2008-03-27,1135.0,1177.5,1135.0,1176.25,1046.0703125,75235
FRO,FRO.OL,2008-03-28,1175.0,1185.0,1175.0,1180.0,1049.4051513671875,57894
FRO,FRO.OL,2008-03-31,1170.0,1170.0,1150.0,1165.0,1036.0654296875,53850
FRO,FRO.OL,2008-04-01,1157.5,1216.25,1157.5,1216.25,1081.643310546875,84828
FRO,FRO.OL,2008-04-02,1235.0,1240.0,1190.0,1205.0,1071.6385498046875,127888
FRO,FRO.OL,2008-04-03,1210.0,1215.0,1185.0,1207.5,1073.8619384765625,71175
FRO,FRO.OL,2008-04-04,1206.25,1207.5,1180.0,1180.0,1049.4051513671875,70097
FRO,FRO.OL,2008-04-07,1186.25,1203.75,1167.5,1200.0,1067.1917724609375,95217
FRO,FRO.OL,2008-04-08,1195.0,1210.0,1176.25,1210.0,1076.0850830078125,84330
FRO,FRO.OL,2008-04-09,1210.0,1233.75,1200.0,1206.25,1072.7501220703125,110016
FRO,FRO.OL,2008-04-10,1195.0,1227.5,1190.0,1198.75,1066.0802001953125,198676
FRO,FRO.OL,2008-04-11,1220.0,1230.0,1201.25,1220.0,1084.9781494140625,95928
FRO,FRO.OL,2008-04-14,1217.5,1225.0,1207.5,1222.5,1087.201904296875,113841
FRO,FRO.OL,2008-04-15,1217.5,1272.5,1217.5,1265.0,1124.997802734375,266059
FRO,FRO.OL,2008-04-16,1285.0,1290.0,1270.0,1285.0,1142.7845458984375,131484
FRO,FRO.OL,2008-04-17,1310.0,1352.5,1307.5,1350.0,1200.590576171875,307636
FRO,FRO.OL,2008-04-18,1340.0,1385.0,1335.0,1370.0,1218.3773193359375,173167
FRO,FRO.OL,2008-04-21,1365.0,1372.5,1340.0,1350.0,1200.590576171875,61389
FRO,FRO.OL,2008-04-22,1362.5,1387.5,1352.5,1375.0,1222.82373046875,82310
FRO,FRO.OL,2008-04-23,1377.5,1390.0,1347.5,1355.0,1205.037353515625,135921
FRO,FRO.OL,2008-04-24,1360.0,1370.0,1330.0,1345.0,1196.1444091796875,119129
FRO,FRO.OL,2008-04-25,1375.0,1415.0,1365.0,1405.0,1249.5035400390625,131244
FRO,FRO.OL,2008-04-28,1417.5,1437.5,1412.5,1422.5,1265.066650390625,109645
FRO,FRO.OL,2008-04-29,1430.0,1437.5,1400.0,1405.0,1249.5035400390625,138517
FRO,FRO.OL,2008-04-30,1400.0,1422.5,1390.0,1417.5,1260.6202392578125,101865
FRO,FRO.OL,2008-05-02,1432.5,1490.0,1425.0,1485.0,1320.6497802734375,151764
FRO,FRO.OL,2008-05-05,1495.0,1495.0,1480.0,1485.0,1320.6497802734375,84535
FRO,FRO.OL,2008-05-06,1490.0,1510.0,1475.0,1490.0,1325.0965576171875,211720
FRO,FRO.OL,2008-05-07,1525.0,1557.5,1522.5,1550.0,1378.4556884765625,138632
FRO,FRO.OL,2008-05-08,1535.0,1552.5,1502.5,1507.5,1340.6600341796875,154876
FRO,FRO.OL,2008-05-09,1500.0,1520.0,1480.0,1507.5,1340.6600341796875,88089
FRO,FRO.OL,2008-05-13,1555.0,1570.0,1530.0,1555.0,1382.902587890625,116864
FRO,FRO.OL,2008-05-14,1560.0,1580.0,1547.5,1560.0,1387.3492431640625,111453
FRO,FRO.OL,2008-05-15,1560.0,1575.0,1537.5,1570.0,1396.242431640625,85505
FRO,FRO.OL,2008-05-16,1565.0,1580.0,1560.0,1562.5,1389.57275390625,37296
FRO,FRO.OL,2008-05-19,1567.5,1632.5,1567.5,1625.0,1445.1549072265625,112521
FRO,FRO.OL,2008-05-20,1642.5,1680.0,1635.0,1665.0,1480.7286376953125,157162
FRO,FRO.OL,2008-05-21,1682.5,1715.0,1660.0,1700.0,1511.85546875,182134
FRO,FRO.OL,2008-05-22,1692.5,1710.0,1680.0,1687.5,1500.738525390625,134508
FRO,FRO.OL,2008-05-23,1680.0,1680.0,1600.0,1617.5,1438.4854736328125,159609
FRO,FRO.OL,2008-05-26,1592.5,1615.0,1565.0,1572.5,1398.4661865234375,67004
FRO,FRO.OL,2008-05-27,1570.0,1585.0,1520.0,1570.0,1396.242431640625,194623
FRO,FRO.OL,2008-05-28,1597.5,1612.5,1557.5,1595.0,1418.4757080078125,157270
FRO,FRO.OL,2008-05-29,1620.0,1645.0,1565.0,1605.0,1427.3690185546875,151704
FRO,FRO.OL,2008-05-30,1610.0,1622.5,1575.0,1582.5,1407.3592529296875,330708
FRO,FRO.OL,2008-06-02,1550.0,1555.0,1522.5,1535.0,1377.08154296875,128506
FRO,FRO.OL,2008-06-03,1522.5,1555.0,1510.0,1537.5,1379.3240966796875,82512
FRO,FRO.OL,2008-06-04,1550.0,1560.0,1515.0,1552.5,1392.781005859375,104009
FRO,FRO.OL,2008-06-05,1542.5,1542.5,1495.0,1507.5,1352.410888671875,166163
FRO,FRO.OL,2008-06-06,1515.0,1562.5,1515.0,1550.0,1390.537841796875,104631
FRO,FRO.OL,2008-06-09,1575.0,1632.5,1560.0,1617.5,1451.09375,143837
FRO,FRO.OL,2008-06-10,1680.0,1680.0,1635.0,1645.0,1475.764892578125,168090
FRO,FRO.OL,2008-06-11,1622.5,1637.5,1600.0,1605.0,1439.8797607421875,94627
FRO,FRO.OL,2008-06-12,1582.5,1645.0,1582.5,1627.5,1460.0653076171875,143699
FRO,FRO.OL,2008-06-13,1622.5,1635.0,1590.0,1622.5,1455.57958984375,111762
FRO,FRO.OL,2008-06-16,1655.0,1717.5,1647.5,1710.0,1534.077880859375,159658
FRO,FRO.OL,2008-06-17,1722.5,1832.5,1722.5,1810.0,1623.78955078125,302866
FRO,FRO.OL,2008-06-18,1815.0,1842.5,1795.0,1805.0,1619.3040771484375,104420
FRO,FRO.OL,2008-06-19,1780.0,1817.5,1767.5,1785.0,1601.3616943359375,137774
FRO,FRO.OL,2008-06-20,1770.0,1790.0,1755.0,1762.5,1581.1766357421875,56276
FRO,FRO.OL,2008-06-23,1792.5,1860.0,1790.0,1850.0,1659.6748046875,164732
FRO,FRO.OL,2008-06-24,1857.5,1882.5,1810.0,1812.5,1626.0323486328125,75651
FRO,FRO.OL,2008-06-25,1810.0,1840.0,1770.0,1785.0,1601.3616943359375,85265
FRO,FRO.OL,2008-06-26,1782.5,1785.0,1747.5,1780.0,1596.8760986328125,760567
FRO,FRO.OL,2008-06-27,1755.0,1792.5,1750.0,1782.5,1599.1190185546875,125411
FRO,FRO.OL,2008-06-30,1812.5,1825.0,1782.5,1790.0,1605.8475341796875,94194
FRO,FRO.OL,2008-07-01,1782.5,1790.0,1705.0,1707.5,1531.834716796875,111144
FRO,FRO.OL,2008-07-02,1735.0,1760.0,1702.5,1707.5,1531.834716796875,75017
FRO,FRO.OL,2008-07-03,1635.0,1675.0,1572.5,1617.5,1451.09375,188167
FRO,FRO.OL,2008-07-04,1645.0,1660.0,1605.0,1612.5,1446.6085205078125,45029
FRO,FRO.OL,2008-07-07,1635.0,1652.5,1595.0,1627.5,1460.0653076171875,68367
FRO,FRO.OL,2008-07-08,1545.0,1577.5,1520.0,1527.5,1370.352783203125,106183
FRO,FRO.OL,2008-07-09,1557.5,1607.5,1545.0,1605.0,1439.8797607421875,144620
FRO,FRO.OL,2008-07-10,1592.5,1605.0,1545.0,1552.5,1392.781005859375,50076
FRO,FRO.OL,2008-07-11,1605.0,1637.5,1570.0,1635.0,1466.7935791015625,111800
FRO,FRO.OL,2008-07-14,1630.0,1657.5,1602.5,1635.0,1466.7935791015625,50757
FRO,FRO.OL,2008-07-15,1625.0,1630.0,1542.5,1555.0,1395.023681640625,40
FRO,FRO.OL,2008-07-16,1580.0,1597.5,1512.5,1577.5,1415.208984375,81027
FRO,FRO.OL,2008-07-17,1580.0,1622.5,1557.5,1620.0,1453.3369140625,103615
FRO,FRO.OL,2008-07-18,1595.0,1615.0,1572.5,1595.0,1430.9088134765625,54534
FRO,FRO.OL,2008-07-21,1622.5,1647.5,1607.5,1640.0,1471.279541015625,46913
FRO,FRO.OL,2008-07-22,1662.5,1707.5,1650.0,1677.5,1504.9212646484375,52667
FRO,FRO.OL,2008-07-23,1665.0,1760.0,1665.0,1752.5,1572.205322265625,104934
FRO,FRO.OL,2008-07-24,1752.5,1765.0,1685.0,1705.0,1529.592041015625,105787
FRO,FRO.OL,2008-07-25,1665.0,1667.5,1615.0,1635.0,1466.7935791015625,57036
FRO,FRO.OL,2008-07-28,1645.0,1687.5,1645.0,1680.0,1507.1636962890625,43777
FRO,FRO.OL,2008-07-29,1700.0,1720.0,1665.0,1675.0,1502.67822265625,79740
FRO,FRO.OL,2008-07-30,1705.0,1740.0,1682.5,1702.5,1527.34912109375,80300
FRO,FRO.OL,2008-07-31,1670.0,1690.0,1612.5,1627.5,1460.0653076171875,20
FRO,FRO.OL,2008-08-01,1635.0,1640.0,1560.0,1587.5,1424.1802978515625,114500
FRO,FRO.OL,2008-08-04,1537.5,1542.5,1490.0,1500.0,1345.6822509765625,185740
FRO,FRO.OL,2008-08-05,1425.0,1475.0,1397.5,1462.5,1312.040283203125,218560
FRO,FRO.OL,2008-08-06,1455.0,1505.0,1432.5,1505.0,1350.167724609375,118280
FRO,FRO.OL,2008-08-07,1500.0,1525.0,1462.5,1475.0,1323.2542724609375,137500
FRO,FRO.OL,2008-08-08,1472.5,1492.5,1450.0,1490.0,1336.7108154296875,100500
FRO,FRO.OL,2008-08-11,1485.0,1505.0,1467.5,1500.0,1345.6822509765625,72120
FRO,FRO.OL,2008-08-12,1525.0,1525.0,1475.0,1517.5,1361.3818359375,135060
FRO,FRO.OL,2008-08-13,1515.0,1515.0,1450.0,1497.5,1343.439453125,224800
FRO,FRO.OL,2008-08-14,1547.5,1610.0,1547.5,1572.5,1410.723876953125,185280
FRO,FRO.OL,2008-08-15,1605.0,1605.0,1555.0,1567.5,1406.2374267578125,109420
FRO,FRO.OL,2008-08-18,1580.0,1607.5,1565.0,1600.0,1435.3944091796875,103426
FRO,FRO.OL,2008-08-19,1577.5,1580.0,1500.0,1547.5,1388.29541015625,153898
FRO,FRO.OL,2008-08-20,1567.5,1580.0,1547.5,1567.5,1406.2374267578125,186315
FRO,FRO.OL,2008-08-21,1515.0,1525.0,1455.0,1475.0,1323.2542724609375,372626
FRO,FRO.OL,2008-08-22,1492.5,1492.5,1460.0,1475.0,1323.2542724609375,204670
FRO,FRO.OL,2008-08-25,1475.0,1525.0,1470.0,1510.0,1354.6534423828125,126260
FRO,FRO.OL,2008-08-26,1497.5,1522.5,1482.5,1515.0,1359.13916015625,287755
FRO,FRO.OL,2008-08-27,1527.5,1572.5,1522.5,1572.5,1410.723876953125,347286
FRO,FRO.OL,2008-08-28,1595.0,1640.0,1595.0,1632.5,1464.55078125,304363
FRO,FRO.OL,2008-08-29,1630.0,1647.5,1610.0,1627.5,1460.0653076171875,559416
FRO,FRO.OL,2008-09-01,1630.0,1637.5,1582.5,1590.0,1426.4227294921875,188047
FRO,FRO.OL,2008-09-02,1495.0,1505.0,1460.0,1462.5,1324.5355224609375,322923
FRO,FRO.OL,2008-09-03,1442.5,1482.5,1425.0,1440.0,1304.15869140625,234099
FRO,FRO.OL,2008-09-04,1465.0,1485.0,1430.0,1430.0,1295.10107421875,188151
FRO,FRO.OL,2008-09-05,1430.0,1440.0,1367.5,1382.5,1252.082275390625,199376
FRO,FRO.OL,2008-09-08,1427.5,1480.0,1427.5,1447.5,1310.9508056640625,171345
FRO,FRO.OL,2008-09-09,1432.5,1442.5,1345.0,1365.0,1236.233154296875,196402
FRO,FRO.OL,2008-09-10,1345.0,1377.5,1287.5,1372.5,1243.0257568359375,319848
FRO,FRO.OL,2008-09-11,1410.0,1440.0,1375.0,1430.0,1295.10107421875,220707
FRO,FRO.OL,2008-09-12,1422.5,1427.5,1375.0,1425.0,1290.5733642578125,127704
FRO,FRO.OL,2008-09-15,1415.0,1415.0,1332.5,1362.5,1233.9691162109375,188445
FRO,FRO.OL,2008-09-16,1310.0,1372.5,1282.5,1340.0,1213.591552734375,304446
FRO,FRO.OL,2008-09-17,1385.0,1387.5,1310.0,1310.0,1186.4217529296875,203965
FRO,FRO.OL,2008-09-18,1300.0,1407.5,1292.5,1322.5,1197.7425537109375,175915
FRO,FRO.OL,2008-09-19,1450.0,1490.0,1415.0,1475.0,1335.8568115234375,221096
FRO,FRO.OL,2008-09-22,1482.5,1492.5,1425.0,1467.5,1329.0643310546875,166890
FRO,FRO.OL,2008-09-23,1445.0,1480.0,1405.0,1417.5,1283.78076171875,151171
FRO,FRO.OL,2008-09-24,1407.5,1487.5,1390.0,1425.0,1290.5733642578125,212154
FRO,FRO.OL,2008-09-25,1450.0,1475.0,1407.5,1427.5,1292.8375244140625,88332
FRO,FRO.OL,2008-09-26,1420.0,1420.0,1367.5,1372.5,1243.0257568359375,75766
FRO,FRO.OL,2008-09-29,1377.5,1390.0,1310.0,1310.0,1186.4217529296875,132895
FRO,FRO.OL,2008-09-30,1285.0,1380.0,1285.0,1370.0,1240.76171875,159101
FRO,FRO.OL,2008-10-01,1397.5,1397.5,1317.5,1325.0,1200.006591796875,152934
FRO,FRO.OL,2008-10-02,1342.5,1350.0,1275.0,1300.0,1177.3653564453125,208280
FRO,FRO.OL,2008-10-03,1265.0,1330.0,1226.25,1330.0,1204.534912109375,190271
FRO,FRO.OL,2008-10-06,1265.0,1275.0,1090.0,1185.0,1073.2132568359375,306404
FRO,FRO.OL,2008-10-07,1260.0,1265.0,1146.25,1210.0,1095.8551025390625,177973
FRO,FRO.OL,2008-10-08,1100.0,1238.75,1080.0,1100.0,996.2322387695312,334630
FRO,FRO.OL,2008-10-09,1130.0,1175.0,1086.25,1107.5,1003.0244750976562,217272
FRO,FRO.OL,2008-10-10,975.0,1060.0,915.0,940.0,851.325439453125,344988
FRO,FRO.OL,2008-10-13,1000.0,1108.75,985.0,1108.75,1004.1565551757812,141
FRO,FRO.OL,2008-10-14,1145.0,1231.25,1125.0,1142.5,1034.722900390625,258548
FRO,FRO.OL,2008-10-15,1175.0,1200.0,1045.0,1067.5,966.7979125976562,255177
FRO,FRO.OL,2008-10-16,1025.0,1092.5,987.5,995.0,901.136962890625,353479
FRO,FRO.OL,2008-10-17,1076.25,1080.0,975.0,1040.0,941.8922119140625,297132
FRO,FRO.OL,2008-10-20,1083.75,1133.75,1063.75,1098.75,995.0996704101562,268103
FRO,FRO.OL,2008-10-21,1140.0,1165.0,1091.25,1138.75,1031.3265380859375,258122
FRO,FRO.OL,2008-10-22,1127.5,1138.75,1035.0,1067.5,966.7979125976562,401639
FRO,FRO.OL,2008-10-23,1068.75,1083.75,987.5,1037.5,939.6279296875,440024
FRO,FRO.OL,2008-10-24,975.0,975.0,826.25,910.0,824.155517578125,466203
FRO,FRO.OL,2008-10-27,871.25,945.0,850.0,940.0,851.325439453125,211062
FRO,FRO.OL,2008-10-28,1002.5,1025.0,930.0,950.0,860.3823852539062,146405
FRO,FRO.OL,2008-10-29,971.25,1037.5,966.25,1030.0,932.8355712890625,105318
FRO,FRO.OL,2008-10-30,1030.0,1040.0,980.0,1000.0,905.665283203125,129568
FRO,FRO.OL,2008-10-31,1000.0,1030.0,970.0,1030.0,932.8355712890625,85379
FRO,FRO.OL,2008-11-03,1060.0,1142.5,1060.0,1141.25,1033.5908203125,141450
FRO,FRO.OL,2008-11-04,1135.0,1255.0,1092.5,1240.0,1123.025146484375,177018
FRO,FRO.OL,2008-11-05,1255.0,1295.0,1177.5,1213.75,1099.25146484375,102578
FRO,FRO.OL,2008-11-06,1147.5,1168.75,1055.0,1080.0,978.1187133789062,98889
FRO,FRO.OL,2008-11-07,1080.0,1150.0,1080.0,1132.5,1025.66650390625,87268
FRO,FRO.OL,2008-11-10,1140.0,1210.0,1105.0,1113.75,1008.6847534179688,76777
FRO,FRO.OL,2008-11-11,1115.0,1162.5,1086.25,1092.5,989.439453125,87159
FRO,FRO.OL,2008-11-12,1112.5,1125.0,1040.0,1065.0,964.5335693359375,99322
FRO,FRO.OL,2008-11-13,1033.75,1110.0,995.0,1035.0,937.3637084960938,108310
FRO,FRO.OL,2008-11-14,1085.0,1111.25,1035.0,1053.75,954.3450927734375,61619
FRO,FRO.OL,2008-11-17,1040.0,1075.0,982.5,1055.0,955.4769897460938,106534
FRO,FRO.OL,2008-11-18,1052.5,1075.0,1016.25,1045.0,946.4203491210938,71778
FRO,FRO.OL,2008-11-19,1038.75,1070.0,1016.25,1030.0,932.8355712890625,98927
FRO,FRO.OL,2008-11-20,1010.0,1023.75,890.0,942.5,853.5897216796875,135059
FRO,FRO.OL,2008-11-21,940.0,991.25,910.0,927.5,840.004638671875,68157
FRO,FRO.OL,2008-11-24,925.0,1025.0,887.5,1025.0,928.30712890625,124701
FRO,FRO.OL,2008-11-25,1000.0,1040.0,955.0,1025.0,928.30712890625,136633
FRO,FRO.OL,2008-11-26,1003.75,1163.75,980.0,1150.0,1041.5155029296875,186547
FRO,FRO.OL,2008-11-27,1170.0,1225.0,1087.5,1115.0,1009.8165893554688,179844
FRO,FRO.OL,2008-11-28,1025.0,1050.0,952.5,1000.0,905.665283203125,129800
FRO,FRO.OL,2008-12-01,1001.25,1015.0,888.75,907.5,821.8914184570312,90849
FRO,FRO.OL,2008-12-02,897.5,1010.0,880.0,921.25,834.34423828125,148829
FRO,FRO.OL,2008-12-03,928.75,975.0,900.0,950.0,860.3823852539062,117027
FRO,FRO.OL,2008-12-04,931.25,1000.0,915.0,986.25,893.2125854492188,126287
FRO,FRO.OL,2008-12-05,950.0,1005.0,940.0,965.0,876.1880493164062,141335
FRO,FRO.OL,2008-12-08,1010.0,1100.0,1010.0,1073.75,974.9296875,85695
FRO,FRO.OL,2008-12-09,1081.25,1123.75,1053.75,1100.0,998.7636108398438,109556
FRO,FRO.OL,2008-12-10,1100.0,1136.25,1081.25,1122.5,1019.1930541992188,72026
FRO,FRO.OL,2008-12-11,1075.0,1118.75,1055.0,1080.0,980.6046142578125,78054
FRO,FRO.OL,2008-12-12,980.0,1050.0,975.0,1003.75,911.3718872070312,129130
FRO,FRO.OL,2008-12-15,1010.0,1030.0,992.5,1000.0,907.9669189453125,40316
FRO,FRO.OL,2008-12-16,980.0,1003.75,965.0,985.0,894.3473510742188,93458
FRO,FRO.OL,2008-12-17,985.0,1045.0,955.0,1022.5,928.396484375,123750
FRO,FRO.OL,2008-12-18,1010.0,1080.0,1005.0,1027.5,932.9363403320312,119944
FRO,FRO.OL,2008-12-19,1022.5,1085.0,1010.0,1065.0,966.9846801757812,65084
FRO,FRO.OL,2008-12-22,1052.5,1060.0,1005.0,1022.5,928.396484375,64311
FRO,FRO.OL,2008-12-23,1028.75,1055.0,1005.0,1050.0,953.3654174804688,59613
FRO,FRO.OL,2008-12-29,1038.75,1057.5,1018.75,1037.5,942.0159301757812,35730
FRO,FRO.OL,2008-12-30,1010.0,1028.75,987.5,1000.0,907.9669189453125,70064
FRO,FRO.OL,2009-01-02,1030.0,1106.25,1028.75,1106.25,1004.438720703125,54337
FRO,FRO.OL,2009-01-05,1077.5,1120.0,1075.0,1110.0,1007.8433837890625,65773
FRO,FRO.OL,2009-01-06,1090.0,1175.0,1082.5,1155.0,1048.7020263671875,104203
FRO,FRO.OL,2009-01-07,1140.0,1145.0,1077.5,1077.5,978.3346557617188,65673
FRO,FRO.OL,2009-01-08,1055.0,1115.0,1045.0,1113.75,1011.2479858398438,71144
FRO,FRO.OL,2009-01-09,1113.75,1130.0,1077.5,1088.75,988.5490112304688,45818
FRO,FRO.OL,2009-01-12,1095.0,1113.75,1062.5,1066.25,968.1199340820312,32550
FRO,FRO.OL,2009-01-13,1075.0,1077.5,1046.25,1072.5,973.7945556640625,40377
FRO,FRO.OL,2009-01-14,1090.0,1093.75,1027.5,1035.0,939.7459716796875,61504
FRO,FRO.OL,2009-01-15,1062.5,1076.25,1035.0,1065.0,966.9846801757812,74585
FRO,FRO.OL,2009-01-16,1075.0,1100.0,1058.75,1081.25,981.7391967773438,54813
FRO,FRO.OL,2009-01-19,1107.5,1107.5,1036.25,1043.75,947.6904907226562,20470
FRO,FRO.OL,2009-01-20,1038.75,1076.25,1038.75,1070.0,971.52490234375,38886
FRO,FRO.OL,2009-01-21,1050.0,1092.5,1040.0,1043.75,947.6904907226562,91636
FRO,FRO.OL,2009-01-22,1025.0,1033.75,973.75,977.5,887.5376586914062,114450
FRO,FRO.OL,2009-01-23,968.75,983.75,955.0,978.75,888.6726684570312,55662
FRO,FRO.OL,2009-01-26,968.75,980.0,940.0,967.5,878.4580078125,58054
FRO,FRO.OL,2009-01-27,965.0,975.0,935.0,952.5,864.8385620117188,48842
FRO,FRO.OL,2009-01-28,953.75,982.5,947.5,982.5,892.07763671875,75280
FRO,FRO.OL,2009-01-29,990.0,1017.5,971.25,1008.75,915.9118041992188,69797
FRO,FRO.OL,2009-01-30,1000.0,1020.0,980.0,1000.0,907.9669189453125,41807
FRO,FRO.OL,2009-02-02,980.0,1005.0,955.0,980.0,889.8075561523438,49102
FRO,FRO.OL,2009-02-03,972.5,991.25,966.25,985.0,894.3473510742188,42142
FRO,FRO.OL,2009-02-04,981.25,1013.75,973.75,1001.25,909.1018676757812,49661
FRO,FRO.OL,2009-02-05,975.0,1005.0,960.0,966.25,877.3231201171875,73820
FRO,FRO.OL,2009-02-06,966.25,980.0,952.5,963.75,875.053466796875,58414
FRO,FRO.OL,2009-02-09,956.25,985.0,956.25,978.75,888.6726684570312,39573
FRO,FRO.OL,2009-02-10,962.5,997.5,952.5,955.0,867.108642578125,41472
FRO,FRO.OL,2009-02-11,962.5,973.75,940.0,947.5,860.2986450195312,53890
FRO,FRO.OL,2009-02-12,955.0,966.25,930.0,935.0,848.9492797851562,56330
FRO,FRO.OL,2009-02-13,963.75,966.25,931.25,951.25,863.7037353515625,35166
FRO,FRO.OL,2009-02-16,935.0,936.25,908.75,915.0,830.7899169921875,21121
FRO,FRO.OL,2009-02-17,918.75,925.0,897.5,913.75,829.65478515625,40951
FRO,FRO.OL,2009-02-18,902.5,907.5,830.0,855.0,776.3118286132812,87682
FRO,FRO.OL,2009-02-19,873.75,873.75,846.25,852.5,774.0418701171875,103
FRO,FRO.OL,2009-02-20,825.0,852.5,810.0,837.5,760.4223022460938,36538
FRO,FRO.OL,2009-02-23,832.5,832.5,796.25,797.5,724.1036987304688,61452
FRO,FRO.OL,2009-02-24,783.75,783.75,740.0,767.5,696.8646850585938,67344
FRO,FRO.OL,2009-02-25,817.5,840.0,770.0,790.0,717.2938842773438,68584
FRO,FRO.OL,2009-02-26,790.0,797.5,735.0,766.25,695.729736328125,79823
FRO,FRO.OL,2009-02-27,750.0,765.0,703.75,737.5,669.6257934570312,88151
FRO,FRO.OL,2009-03-02,715.0,726.25,655.0,658.75,598.123291015625,104195
FRO,FRO.OL,2009-03-03,651.25,665.0,595.0,595.0,540.2404174804688,99278
FRO,FRO.OL,2009-03-04,598.75,665.0,598.75,665.0,603.7979736328125,137178
FRO,FRO.OL,2009-03-05,660.0,663.75,610.0,616.25,559.5346069335938,74388
FRO,FRO.OL,2009-03-06,602.5,625.0,580.0,597.5,542.5104370117188,67679
FRO,FRO.OL,2009-03-09,586.25,612.5,560.0,608.75,553.8837280273438,56378
FRO,FRO.OL,2009-03-10,592.5,632.5,592.5,621.25,565.2568969726562,45603
FRO,FRO.OL,2009-03-11,628.75,642.5,591.25,592.5,539.0982055664062,65556
FRO,FRO.OL,2009-03-12,596.25,598.75,580.0,592.5,539.0982055664062,91236
FRO,FRO.OL,2009-03-13,607.5,621.25,593.75,600.0,545.9221801757812,37231
FRO,FRO.OL,2009-03-16,605.0,611.25,581.25,596.25,542.5104370117188,48303
FRO,FRO.OL,2009-03-17,590.0,590.0,570.0,586.25,533.4116821289062,72226
FRO,FRO.OL,2009-03-18,588.75,597.5,561.25,566.25,515.2139892578125,64751
FRO,FRO.OL,2009-03-19,566.25,613.75,561.25,613.75,558.4329223632812,121077
FRO,FRO.OL,2009-03-20,607.5,632.5,603.75,610.0,555.02099609375,87801
FRO,FRO.OL,2009-03-23,612.5,652.5,611.25,648.75,590.278564453125,42680
FRO,FRO.OL,2009-03-24,651.25,653.75,615.0,645.0,586.8665771484375,63113
FRO,FRO.OL,2009-03-25,645.0,670.0,636.25,650.0,591.415771484375,50861
FRO,FRO.OL,2009-03-26,640.0,662.5,627.5,636.25,578.9051513671875,48572
FRO,FRO.OL,2009-03-27,642.5,651.25,630.0,640.0,582.3171997070312,35665
FRO,FRO.OL,2009-03-30,638.75,638.75,588.75,593.75,540.2354736328125,59174
FRO,FRO.OL,2009-03-31,605.0,615.0,590.0,600.0,545.9221801757812,68256
FRO,FRO.OL,2009-04-01,597.5,597.5,565.0,585.0,532.2742309570312,91775
FRO,FRO.OL,2009-04-02,591.25,612.5,591.25,605.0,550.4716186523438,45160
FRO,FRO.OL,2009-04-03,605.0,613.75,571.25,585.0,532.2742309570312,128153
FRO,FRO.OL,2009-04-06,600.0,622.5,596.25,603.75,549.3341674804688,131630
FRO,FRO.OL,2009-04-07,600.0,613.75,593.75,600.0,545.9221801757812,59551
FRO,FRO.OL,2009-04-08,600.0,600.0,566.25,585.0,532.2742309570312,37803
FRO,FRO.OL,2009-04-14,560.0,607.5,535.0,606.25,551.6090087890625,115213
FRO,FRO.OL,2009-04-15,596.25,625.0,586.25,590.0,536.82373046875,47920
FRO,FRO.OL,2009-04-16,590.0,603.75,583.75,590.0,536.82373046875,49156
FRO,FRO.OL,2009-04-17,588.75,627.5,588.75,625.0,568.6692504882812,111447
FRO,FRO.OL,2009-04-20,623.75,625.0,593.75,596.25,542.5104370117188,100915
FRO,FRO.OL,2009-04-21,596.25,615.0,577.5,615.0,559.570556640625,56037
FRO,FRO.OL,2009-04-22,606.25,623.75,600.0,622.5,566.3944702148438,68635
FRO,FRO.OL,2009-04-23,603.75,628.75,596.25,600.0,545.9221801757812,68654
FRO,FRO.OL,2009-04-24,588.75,611.25,586.25,611.25,556.1583251953125,42177
FRO,FRO.OL,2009-04-27,597.5,601.25,578.75,578.75,526.5875244140625,91199
FRO,FRO.OL,2009-04-28,580.0,602.5,572.5,597.5,543.6476440429688,66927
FRO,FRO.OL,2009-04-29,597.5,641.25,597.5,641.25,583.4544677734375,97289
FRO,FRO.OL,2009-04-30,650.0,668.75,625.0,660.0,600.5145874023438,71312
FRO,FRO.OL,2009-05-04,755.0,852.5,755.0,827.5,752.9179077148438,208822
FRO,FRO.OL,2009-05-05,841.25,845.0,738.75,750.0,682.4027709960938,264509
FRO,FRO.OL,2009-05-06,768.75,818.75,740.0,800.0,727.8963623046875,132087
FRO,FRO.OL,2009-05-07,805.0,832.5,772.5,772.5,702.8750610351562,208813
FRO,FRO.OL,2009-05-08,772.5,800.0,770.0,795.0,723.3471069335938,102363
FRO,FRO.OL,2009-05-11,798.75,798.75,728.75,740.0,673.3041381835938,158263
FRO,FRO.OL,2009-05-12,727.5,742.5,712.5,726.25,660.79345703125,81279
FRO,FRO.OL,2009-05-13,740.0,740.0,687.5,701.25,638.0465698242188,105438
FRO,FRO.OL,2009-05-14,686.25,701.25,671.25,687.5,625.535888671875,127448
FRO,FRO.OL,2009-05-15,690.0,710.0,682.5,705.0,641.458740234375,50231
FRO,FRO.OL,2009-05-18,702.5,726.25,678.75,717.5,652.8321533203125,70110
FRO,FRO.OL,2009-05-19,717.5,740.0,696.25,715.0,650.557373046875,115476
FRO,FRO.OL,2009-05-20,706.25,760.0,695.0,760.0,691.5015869140625,121374
FRO,FRO.OL,2009-05-22,685.0,713.75,677.5,687.5,625.535888671875,224740
FRO,FRO.OL,2009-05-25,688.75,691.25,677.5,687.5,625.535888671875,49239
FRO,FRO.OL,2009-05-26,690.0,695.0,655.0,685.0,623.2612915039062,152373
FRO,FRO.OL,2009-05-27,695.0,743.75,690.0,735.0,668.754638671875,212365
FRO,FRO.OL,2009-05-28,810.0,820.0,740.0,757.5,689.22705078125,385395
FRO,FRO.OL,2009-05-29,757.5,777.5,717.5,746.25,678.9908447265625,705949
FRO,FRO.OL,2009-06-02,740.0,772.5,720.0,750.0,682.4027709960938,155348
FRO,FRO.OL,2009-06-03,746.25,748.75,707.5,712.5,648.2828369140625,131800
FRO,FRO.OL,2009-06-04,716.25,738.75,700.0,735.0,668.754638671875,219694
FRO,FRO.OL,2009-06-05,740.0,775.0,733.75,750.0,683.5654907226562,169187
FRO,FRO.OL,2009-06-08,752.5,767.5,735.0,736.25,671.0333251953125,102042
FRO,FRO.OL,2009-06-09,757.5,806.25,757.5,800.0,729.1362915039062,338308
FRO,FRO.OL,2009-06-10,817.5,891.25,817.5,891.25,812.3035278320312,380908
FRO,FRO.OL,2009-06-11,897.5,932.5,867.5,891.25,812.3035278320312,256585
FRO,FRO.OL,2009-06-12,900.0,917.5,860.0,868.75,791.7965698242188,97604
FRO,FRO.OL,2009-06-15,870.0,883.75,837.5,837.5,763.3145751953125,112666
FRO,FRO.OL,2009-06-16,846.25,870.0,825.0,851.25,775.8467407226562,77288
FRO,FRO.OL,2009-06-17,832.5,832.5,791.25,795.0,724.5794677734375,86660
FRO,FRO.OL,2009-06-18,800.0,818.75,788.75,805.0,733.693603515625,101386
FRO,FRO.OL,2009-06-19,811.25,881.25,801.25,877.5,799.7716064453125,255242
FRO,FRO.OL,2009-06-22,858.75,860.0,796.25,796.25,725.71875,148280
FRO,FRO.OL,2009-06-23,796.25,821.25,765.0,773.75,705.211669921875,108988
FRO,FRO.OL,2009-06-24,787.5,835.0,787.5,832.5,758.7576904296875,117245
FRO,FRO.OL,2009-06-25,818.75,827.5,793.75,813.75,741.66845703125,96729
FRO,FRO.OL,2009-06-26,828.75,833.75,803.75,811.25,739.3899536132812,70849
FRO,FRO.OL,2009-06-29,810.0,822.5,805.0,808.75,737.111328125,68819
FRO,FRO.OL,2009-06-30,806.25,815.0,788.75,793.75,723.4401245117188,59339
FRO,FRO.OL,2009-07-01,790.0,820.0,778.75,787.5,717.7437744140625,73522
FRO,FRO.OL,2009-07-02,785.0,788.75,745.0,745.0,679.0082397460938,93342
FRO,FRO.OL,2009-07-03,748.75,755.0,728.75,730.0,665.3370971679688,49136
FRO,FRO.OL,2009-07-06,732.5,732.5,692.4500122070312,692.5,631.1587524414062,92029
FRO,FRO.OL,2009-07-07,702.5,714.5,692.5,698.75,636.8551025390625,70897
FRO,FRO.OL,2009-07-08,694.5499877929688,694.5499877929688,651.25,652.3499755859375,594.5652465820312,79845
FRO,FRO.OL,2009-07-09,662.5,674.5,645.0,647.3499755859375,590.0079956054688,101712
FRO,FRO.OL,2009-07-10,648.4000244140625,677.5,641.25,654.9000244140625,596.8893432617188,59076
FRO,FRO.OL,2009-07-13,655.2999877929688,674.9500122070312,648.75,663.7000122070312,604.9098510742188,43345
FRO,FRO.OL,2009-07-14,667.5,677.4500122070312,656.25,668.5499877929688,609.3302612304688,60322
FRO,FRO.OL,2009-07-15,675.0,716.25,673.5,715.0,651.6657104492188,112537
FRO,FRO.OL,2009-07-16,705.0,716.25,680.4000244140625,686.25,625.4625244140625,105861
FRO,FRO.OL,2009-07-17,692.5,702.5,680.4500122070312,689.4500122070312,628.3790283203125,36154
FRO,FRO.OL,2009-07-20,693.0,695.0,679.0499877929688,687.8499755859375,626.9205322265625,41425
FRO,FRO.OL,2009-07-21,686.5,705.0,677.0,677.0,617.031982421875,79150
FRO,FRO.OL,2009-07-22,677.0,682.5,661.0499877929688,669.5,610.1959838867188,28944
FRO,FRO.OL,2009-07-23,677.5,693.5999755859375,663.5,687.5,626.6015014648438,66910
FRO,FRO.OL,2009-07-24,692.5,699.9500122070312,684.9500122070312,690.0,628.8803100585938,51766
FRO,FRO.OL,2009-07-27,700.0,728.6500244140625,697.5,710.4500122070312,647.5188598632812,66051
FRO,FRO.OL,2009-07-28,712.4500122070312,712.5,683.0,691.9000244140625,630.612060546875,60441
FRO,FRO.OL,2009-07-29,691.25,696.3499755859375,680.2000122070312,686.7000122070312,625.8726806640625,57420
FRO,FRO.OL,2009-07-30,696.5,725.0,692.2999877929688,722.5,658.501220703125,124174
FRO,FRO.OL,2009-07-31,710.0,743.75,704.5,708.75,645.9691772460938,114694
FRO,FRO.OL,2009-08-03,708.75,740.0,700.0,722.5,658.501220703125,135733
FRO,FRO.OL,2009-08-04,725.0,740.0,713.0,724.0,659.868408203125,101257
FRO,FRO.OL,2009-08-05,724.9500122070312,747.5,712.0,733.0499877929688,668.1168212890625,116630
FRO,FRO.OL,2009-08-06,730.0,771.7999877929688,730.0,735.0,669.8941040039062,178132
FRO,FRO.OL,2009-08-07,731.0,747.5,716.25,740.0,674.451171875,88234
FRO,FRO.OL,2009-08-10,738.75,738.75,713.0,733.2999877929688,668.3446655273438,53981
FRO,FRO.OL,2009-08-11,739.0,740.0,707.6500244140625,709.7999877929688,646.9263305664062,66268
FRO,FRO.OL,2009-08-12,712.3499755859375,727.7000122070312,696.25,726.5,662.1470336914062,83467
FRO,FRO.OL,2009-08-13,727.5,739.3499755859375,721.5,732.7999877929688,667.888916015625,104792
FRO,FRO.OL,2009-08-14,734.7000122070312,737.0,709.0,710.0,647.1087036132812,87461
FRO,FRO.OL,2009-08-17,711.7000122070312,711.7000122070312,682.5,685.0,624.3231811523438,82482
FRO,FRO.OL,2009-08-18,688.9000244140625,698.0999755859375,682.7000122070312,684.7999877929688,624.1408081054688,38187
FRO,FRO.OL,2009-08-19,687.5,691.0999755859375,675.0,686.25,625.4625244140625,73324
FRO,FRO.OL,2009-08-20,697.5,713.2000122070312,692.75,697.75,635.943603515625,49730
FRO,FRO.OL,2009-08-21,692.0499877929688,714.9500122070312,686.3499755859375,709.4500122070312,646.6072998046875,47674
FRO,FRO.OL,2009-08-24,722.5,731.5,715.7999877929688,728.0499877929688,663.559814453125,61673
FRO,FRO.OL,2009-08-25,730.0,760.5499877929688,723.0999755859375,760.0,692.6796875,128550
FRO,FRO.OL,2009-08-26,755.0,760.0,739.5,742.7000122070312,676.912109375,113459
FRO,FRO.OL,2009-08-27,740.3499755859375,746.5,716.25,722.4500122070312,658.4558715820312,79049
FRO,FRO.OL,2009-08-28,765.0,770.0499877929688,707.5499877929688,708.75,645.9691772460938,319223
FRO,FRO.OL,2009-08-31,699.5,699.5,672.5,673.0,613.3859252929688,168610
FRO,FRO.OL,2009-09-01,675.0,679.5,634.0,646.0,588.7777709960938,208155
FRO,FRO.OL,2009-09-02,647.5,653.5,628.5,636.5,580.1192016601562,121813
FRO,FRO.OL,2009-09-03,642.5,655.0,630.5,647.5,590.1449584960938,100085
FRO,FRO.OL,2009-09-04,657.0,674.0,650.0,662.5,603.8160400390625,2404
FRO,FRO.OL,2009-09-07,662.5,666.5,640.5,644.5,587.4105224609375,53933
FRO,FRO.OL,2009-09-08,649.0,655.5,642.5,645.5,588.3219604492188,118114
FRO,FRO.OL,2009-09-09,640.0,649.0,633.0,639.0,583.5276489257812,66057
FRO,FRO.OL,2009-09-10,645.0,655.5,632.5,647.5,591.2898559570312,74001
FRO,FRO.OL,2009-09-11,656.0,674.0,655.0,659.5,602.2479858398438,160883
FRO,FRO.OL,2009-09-14,657.5,657.5,633.5,650.0,593.57275390625,55964
FRO,FRO.OL,2009-09-15,652.5,660.0,644.0,650.0,593.57275390625,88212
FRO,FRO.OL,2009-09-16,650.0,679.0,648.5,678.5,619.598876953125,137925
FRO,FRO.OL,2009-09-17,692.5,705.0,690.0,698.5,637.8624267578125,201408
FRO,FRO.OL,2009-09-18,677.0,708.5,677.0,707.0,645.6246948242188,159270
FRO,FRO.OL,2009-09-21,707.5,711.0,681.5,686.0,626.4474487304688,79669
FRO,FRO.OL,2009-09-22,693.5,709.5,687.0,698.0,637.4060668945312,85016
FRO,FRO.OL,2009-09-23,707.5,739.5,702.5,714.5,652.4735717773438,212278
FRO,FRO.OL,2009-09-24,695.0,703.0,656.5,666.5,608.6403198242188,244564
FRO,FRO.OL,2009-09-25,666.5,682.0,662.5,667.5,609.5535278320312,113061
FRO,FRO.OL,2009-09-28,661.5,678.5,654.0,678.5,619.598876953125,63727
FRO,FRO.OL,2009-09-29,682.5,685.0,674.0,680.0,620.9686279296875,88140
FRO,FRO.OL,2009-09-30,687.0,695.0,670.5,671.5,613.2064819335938,93679
FRO,FRO.OL,2009-10-01,674.0,684.0,654.5,655.0,598.138671875,92720
FRO,FRO.OL,2009-10-02,645.0,650.0,625.0,631.5,576.6788940429688,95091
FRO,FRO.OL,2009-10-05,637.0,647.5,621.0,643.5,587.6370849609375,43030
FRO,FRO.OL,2009-10-06,644.5,688.0,640.0,675.5,616.8590698242188,145830
FRO,FRO.OL,2009-10-07,671.0,690.5,671.0,678.5,619.598876953125,79223
FRO,FRO.OL,2009-10-08,679.5,702.5,675.0,689.0,629.1871948242188,159898
FRO,FRO.OL,2009-10-09,690.5,710.0,687.0,689.5,629.6436767578125,228582
FRO,FRO.OL,2009-10-12,690.5,708.0,690.5,701.5,640.6019897460938,230548
FRO,FRO.OL,2009-10-13,699.5,699.5,680.5,682.0,622.794921875,89395
FRO,FRO.OL,2009-10-14,690.0,699.0,687.0,696.0,635.5795288085938,70811
FRO,FRO.OL,2009-10-15,697.5,722.5,697.5,714.5,652.4735717773438,302191
FRO,FRO.OL,2009-10-16,725.0,765.0,725.0,760.0,694.0236206054688,534444
FRO,FRO.OL,2009-10-19,765.0,770.5,749.0,762.5,696.3064575195312,181626
FRO,FRO.OL,2009-10-20,751.5,776.0,738.5,751.0,685.8050537109375,219047
FRO,FRO.OL,2009-10-21,748.0,751.0,727.5,733.5,669.8240966796875,180466
FRO,FRO.OL,2009-10-22,728.5,734.5,712.0,714.0,652.0170288085938,133701
FRO,FRO.OL,2009-10-23,735.5,745.5,717.5,717.5,655.213134765625,144174
FRO,FRO.OL,2009-10-26,722.0,725.0,685.0,690.0,630.1005249023438,138138
FRO,FRO.OL,2009-10-27,686.0,692.5,675.5,675.5,616.8590698242188,98654
FRO,FRO.OL,2009-10-28,676.0,679.5,645.0,645.5,589.46337890625,211257
FRO,FRO.OL,2009-10-29,650.0,685.5,650.0,685.5,625.9911499023438,162878
FRO,FRO.OL,2009-10-30,692.5,700.0,657.0,661.5,604.0744018554688,115914
FRO,FRO.OL,2009-11-02,668.5,685.0,664.0,669.5,611.3798217773438,89586
FRO,FRO.OL,2009-11-03,668.0,668.0,651.0,665.5,607.7271728515625,81304
FRO,FRO.OL,2009-11-04,669.0,692.5,660.5,683.5,624.1647338867188,96041
FRO,FRO.OL,2009-11-05,670.5,688.0,665.0,679.5,620.511962890625,76107
FRO,FRO.OL,2009-11-06,683.5,689.0,660.0,662.0,604.5311279296875,51286
FRO,FRO.OL,2009-11-09,665.0,675.0,660.5,668.5,610.466796875,62392
FRO,FRO.OL,2009-11-10,670.0,675.0,659.5,660.5,603.1611938476562,66991
FRO,FRO.OL,2009-11-11,667.5,682.5,667.5,674.0,615.4894409179688,124725
FRO,FRO.OL,2009-11-12,675.0,732.5,669.5,715.0,652.9300537109375,368161
FRO,FRO.OL,2009-11-13,715.5,735.5,712.0,735.5,671.6505126953125,213369
FRO,FRO.OL,2009-11-16,742.5,790.0,718.5,772.5,705.4385375976562,438525
FRO,FRO.OL,2009-11-17,769.0,785.0,754.0,755.0,689.457763671875,214041
FRO,FRO.OL,2009-11-18,763.5,796.5,761.5,782.0,714.1138305664062,350889
FRO,FRO.OL,2009-11-19,787.5,797.0,757.5,760.0,694.0236206054688,287646
FRO,FRO.OL,2009-11-20,767.5,775.0,742.0,746.5,681.6956787109375,134921
FRO,FRO.OL,2009-11-23,756.5,764.0,742.5,752.5,687.1746215820312,159114
FRO,FRO.OL,2009-11-24,740.0,760.0,730.0,740.0,675.7598266601562,176287
FRO,FRO.OL,2009-11-25,755.0,757.5,739.5,755.0,689.457763671875,176624
FRO,FRO.OL,2009-11-26,744.0,752.0,719.5,733.5,669.8240966796875,144096
FRO,FRO.OL,2009-11-27,706.5,767.5,690.5,760.0,694.0236206054688,288985
FRO,FRO.OL,2009-11-30,765.0,782.0,753.0,772.5,705.4385375976562,213844
FRO,FRO.OL,2009-12-01,780.0,797.0,776.5,787.5,719.1364135742188,246413
FRO,FRO.OL,2009-12-02,787.5,810.0,781.0,787.5,719.1364135742188,295159
FRO,FRO.OL,2009-12-03,810.0,824.0,803.0,810.5,740.1397705078125,318686
FRO,FRO.OL,2009-12-04,804.0,822.5,790.0,808.0,738.5399169921875,163876
FRO,FRO.OL,2009-12-07,812.0,818.0,795.0,795.5,727.1146850585938,125539
FRO,FRO.OL,2009-12-08,789.0,815.0,778.5,795.0,726.6577758789062,116538
FRO,FRO.OL,2009-12-09,799.0,802.5,767.0,767.0,701.0646362304688,156184
FRO,FRO.OL,2009-12-10,764.0,784.0,761.5,780.0,712.9471435546875,147584
FRO,FRO.OL,2009-12-11,785.0,813.5,785.0,810.0,740.3682861328125,257159
FRO,FRO.OL,2009-12-14,819.5,832.0,805.0,821.5,750.879638671875,151784
FRO,FRO.OL,2009-12-15,830.0,840.0,825.0,838.0,765.9611206054688,198970
FRO,FRO.OL,2009-12-16,842.0,863.5,839.0,859.5,785.6129760742188,373964
FRO,FRO.OL,2009-12-17,862.5,869.5,852.5,861.0,786.9840087890625,159242
FRO,FRO.OL,2009-12-18,860.0,879.5,859.5,860.5,786.52685546875,148303
FRO,FRO.OL,2009-12-21,862.0,870.0,858.5,867.0,792.4681396484375,131698
FRO,FRO.OL,2009-12-22,853.5,854.0,828.5,830.5,759.1060791015625,182679
FRO,FRO.OL,2009-12-23,834.0,842.5,813.5,814.5,744.4813842773438,80671
FRO,FRO.OL,2009-12-28,827.5,835.5,823.0,826.5,755.44970703125,35304
FRO,FRO.OL,2009-12-29,829.5,830.0,817.5,820.0,749.5084228515625,47641
FRO,FRO.OL,2009-12-30,817.5,820.5,800.0,810.0,740.3682861328125,48959
FRO,FRO.OL,2010-01-04,807.5,832.5,801.0,823.0,752.2506713867188,239460
FRO,FRO.OL,2010-01-05,831.0,862.5,830.0,859.0,785.1558837890625,356112
FRO,FRO.OL,2010-01-06,866.5,875.0,850.0,857.0,783.3278198242188,265535
FRO,FRO.OL,2010-01-07,862.5,888.5,853.5,886.5,810.2916870117188,360315
FRO,FRO.OL,2010-01-08,907.5,925.0,896.5,899.5,822.1744384765625,417729
FRO,FRO.OL,2010-01-11,921.5,947.0,920.0,934.0,853.7083740234375,526689
FRO,FRO.OL,2010-01-12,950.0,952.0,911.5,919.5,840.4550170898438,478182
FRO,FRO.OL,2010-01-13,926.0,959.0,920.5,948.5,866.9618530273438,452246
FRO,FRO.OL,2010-01-14,967.0,970.0,934.5,939.5,858.735595703125,269379
FRO,FRO.OL,2010-01-15,940.0,950.0,919.0,925.0,845.4823608398438,232430
FRO,FRO.OL,2010-01-18,933.0,952.5,925.0,938.5,857.82177734375,166136
FRO,FRO.OL,2010-01-19,938.5,952.5,910.5,933.5,853.25146484375,205361
FRO,FRO.OL,2010-01-20,935.5,940.0,900.5,906.0,828.1156005859375,347872
FRO,FRO.OL,2010-01-21,914.0,920.5,873.0,876.5,801.1514282226562,365461
FRO,FRO.OL,2010-01-22,875.5,892.5,856.0,866.5,792.0111083984375,218369
FRO,FRO.OL,2010-01-25,866.0,887.0,855.0,877.5,802.0655517578125,147983
FRO,FRO.OL,2010-01-26,870.0,899.5,862.5,887.5,811.205810546875,165378
FRO,FRO.OL,2010-01-27,884.0,907.0,876.5,898.5,821.2601928710938,246721
FRO,FRO.OL,2010-01-28,917.5,933.0,886.0,889.5,813.0340576171875,207949
FRO,FRO.OL,2010-01-29,900.0,908.5,878.5,905.0,827.2014770507812,147225
FRO,FRO.OL,2010-02-01,896.0,901.5,860.5,864.5,790.1830444335938,215586
FRO,FRO.OL,2010-02-02,868.5,877.5,821.5,826.5,755.44970703125,426090
FRO,FRO.OL,2010-02-03,834.0,844.5,822.5,824.0,753.1646728515625,249360
FRO,FRO.OL,2010-02-04,830.0,842.5,804.0,805.0,735.7979736328125,187009
FRO,FRO.OL,2010-02-05,800.0,800.0,770.0,780.0,712.9471435546875,181107
FRO,FRO.OL,2010-02-08,788.5,790.0,761.5,767.0,701.0646362304688,186688
FRO,FRO.OL,2010-02-09,769.0,794.0,765.5,780.0,712.9471435546875,164947
FRO,FRO.OL,2010-02-10,780.0,794.5,767.5,772.0,705.634765625,139655
FRO,FRO.OL,2010-02-11,781.0,801.5,775.5,787.5,719.802490234375,120974
FRO,FRO.OL,2010-02-12,793.0,798.5,762.0,766.0,700.1506958007812,152975
FRO,FRO.OL,2010-02-15,770.0,776.5,732.0,741.0,677.2997436523438,110480
FRO,FRO.OL,2010-02-16,753.0,782.5,750.5,775.0,708.3770141601562,183589
FRO,FRO.OL,2010-02-17,787.5,805.0,779.5,796.0,727.57177734375,168320
FRO,FRO.OL,2010-02-18,796.0,818.5,790.5,814.5,744.4813842773438,167968
FRO,FRO.OL,2010-02-19,805.0,830.0,799.5,827.5,756.3638305664062,135150
FRO,FRO.OL,2010-02-22,827.0,849.0,826.5,833.0,761.3909912109375,166922
FRO,FRO.OL,2010-02-23,847.5,855.0,814.0,817.5,747.2233276367188,185653
FRO,FRO.OL,2010-02-24,817.0,828.0,809.0,823.0,752.2506713867188,121415
FRO,FRO.OL,2010-02-25,814.5,820.5,789.0,800.5,731.6849365234375,155756
FRO,FRO.OL,2010-02-26,818.0,818.0,778.5,791.0,723.0014038085938,96068
FRO,FRO.OL,2010-03-01,803.0,814.0,796.0,806.0,736.7119140625,110239
FRO,FRO.OL,2010-03-02,806.0,808.5,794.5,806.5,737.1691284179688,89707
FRO,FRO.OL,2010-03-03,807.5,822.5,802.5,817.0,746.7664794921875,131421
FRO,FRO.OL,2010-03-04,812.0,838.5,805.0,822.0,751.3365478515625,162464
FRO,FRO.OL,2010-03-05,828.5,845.0,828.5,839.5,768.5009155273438,125536
FRO,FRO.OL,2010-03-08,836.5,837.5,820.0,825.0,755.2272338867188,100206
FRO,FRO.OL,2010-03-09,828.0,832.5,812.5,827.5,757.5158081054688,111785
FRO,FRO.OL,2010-03-10,840.0,880.0,837.0,877.5,803.2870483398438,268222
FRO,FRO.OL,2010-03-11,885.0,902.0,876.5,883.0,808.322021484375,215107
FRO,FRO.OL,2010-03-12,892.0,896.5,876.0,879.5,805.117919921875,140501
FRO,FRO.OL,2010-03-15,885.0,897.5,874.0,878.0,803.7449951171875,185030
FRO,FRO.OL,2010-03-16,888.0,904.5,887.5,902.0,825.7151489257812,291628
FRO,FRO.OL,2010-03-17,910.0,919.5,898.0,901.5,825.2571411132812,145166
FRO,FRO.OL,2010-03-18,920.0,925.0,909.5,911.5,834.41162109375,192697
FRO,FRO.OL,2010-03-19,921.5,925.0,905.0,908.5,831.665283203125,139028
FRO,FRO.OL,2010-03-22,905.0,907.5,891.0,900.5,824.3418579101562,69839
FRO,FRO.OL,2010-03-23,907.5,918.0,903.0,909.0,832.1231079101562,87648
FRO,FRO.OL,2010-03-24,937.5,944.5,923.0,930.0,851.3469848632812,453276
FRO,FRO.OL,2010-03-25,920.0,949.5,915.0,930.0,851.3469848632812,196413
FRO,FRO.OL,2010-03-26,905.0,907.5,890.0,894.5,818.8494262695312,592453
FRO,FRO.OL,2010-03-29,895.0,917.0,895.0,914.5,837.1578979492188,139820
FRO,FRO.OL,2010-03-30,915.0,924.0,910.5,916.5,838.9887084960938,84443
FRO,FRO.OL,2010-03-31,915.0,927.5,911.0,915.0,837.6156616210938,58161
FRO,FRO.OL,2010-04-06,962.5,988.0,949.0,984.5,901.2376708984375,299662
FRO,FRO.OL,2010-04-07,987.5,999.0,975.0,986.5,903.0685424804688,307562
FRO,FRO.OL,2010-04-08,990.0,1007.0,977.0,979.5,896.6607055664062,376530
FRO,FRO.OL,2010-04-09,997.5,1047.5,992.5,1040.0,952.0440063476562,566428
FRO,FRO.OL,2010-04-12,1074.0,1089.5,1055.5,1064.0,974.0140380859375,287559
FRO,FRO.OL,2010-04-13,1057.5,1057.5,1015.5,1019.0,932.8198852539062,289605
FRO,FRO.OL,2010-04-14,1030.0,1067.0,1030.0,1067.0,976.7606201171875,275475
FRO,FRO.OL,2010-04-15,1075.0,1075.0,1047.0,1069.0,978.5914306640625,217036
FRO,FRO.OL,2010-04-16,1065.0,1065.0,1040.5,1040.5,952.5016479492188,163779
FRO,FRO.OL,2010-04-19,1040.0,1052.5,1026.5,1040.5,952.5016479492188,160321
FRO,FRO.OL,2010-04-20,1050.0,1071.5,1050.0,1071.5,980.8800048828125,129290
FRO,FRO.OL,2010-04-21,1090.0,1092.5,1069.0,1076.0,984.9993286132812,219116
FRO,FRO.OL,2010-04-22,1080.0,1086.0,1044.5,1052.0,963.0289916992188,263996
FRO,FRO.OL,2010-04-23,1060.5,1081.0,1047.5,1069.0,978.5914306640625,207402
FRO,FRO.OL,2010-04-26,1079.5,1088.0,1067.0,1070.5,979.96435546875,97089
FRO,FRO.OL,2010-04-27,1070.0,1070.0,1037.5,1045.0,956.6210327148438,170761
FRO,FRO.OL,2010-04-28,1039.5,1047.0,1007.5,1020.0,933.7354736328125,190065
FRO,FRO.OL,2010-04-29,1010.0,1040.5,1010.0,1032.0,944.7203979492188,81022
FRO,FRO.OL,2010-04-30,1040.0,1090.0,1035.0,1085.0,993.2382202148438,206697
FRO,FRO.OL,2010-05-03,1077.5,1122.5,1058.5,1119.0,1024.3626708984375,200174
FRO,FRO.OL,2010-05-04,1130.0,1145.0,1090.0,1099.0,1006.0543212890625,392127
FRO,FRO.OL,2010-05-05,1100.0,1103.5,1026.0,1040.0,952.0440063476562,328608
FRO,FRO.OL,2010-05-06,1027.5,1058.0,1004.0,1008.0,922.7503051757812,247793
FRO,FRO.OL,2010-05-07,985.0,1011.0,935.0,967.5,885.6754760742188,315487
FRO,FRO.OL,2010-05-10,1010.0,1045.0,989.5,1025.0,938.3126220703125,264567
FRO,FRO.OL,2010-05-11,1025.0,1044.5,1010.0,1035.0,947.4667358398438,312026
FRO,FRO.OL,2010-05-12,1040.5,1065.0,1030.0,1042.5,954.3322143554688,196029
FRO,FRO.OL,2010-05-14,1064.5,1071.5,1042.0,1043.0,954.7901611328125,169861
FRO,FRO.OL,2010-05-18,1025.0,1054.5,1020.5,1047.0,958.4517211914062,130184
FRO,FRO.OL,2010-05-19,1025.0,1025.5,984.5,988.0,904.4417724609375,288021
FRO,FRO.OL,2010-05-20,1001.5,1020.0,940.5,956.0,875.1480712890625,298953
FRO,FRO.OL,2010-05-21,965.0,992.0,926.5,969.0,887.0485229492188,329055
FRO,FRO.OL,2010-05-25,940.5,973.0,932.0,956.0,875.1480712890625,273508
FRO,FRO.OL,2010-05-26,1000.0,1000.0,970.5,988.0,904.4417724609375,334037
FRO,FRO.OL,2010-05-27,1000.0,1057.5,995.0,1051.0,962.1136474609375,208308
FRO,FRO.OL,2010-05-28,1072.0,1086.0,1060.0,1074.0,983.1685791015625,181849
FRO,FRO.OL,2010-05-31,1068.5,1071.5,1050.0,1050.0,961.1981811523438,50589
FRO,FRO.OL,2010-06-01,1050.0,1112.5,1018.0,1085.5,993.6953735351562,230961
FRO,FRO.OL,2010-06-02,1050.0,1120.0,1026.0,1112.5,1021.943115234375,227363
FRO,FRO.OL,2010-06-03,1127.5,1150.0,1105.5,1107.0,1016.8905639648438,166569
FRO,FRO.OL,2010-06-04,1109.0,1124.5,1063.0,1102.0,1012.2972412109375,158833
FRO,FRO.OL,2010-06-07,1075.5,1118.5,1075.0,1100.0,1010.4601440429688,127544
FRO,FRO.OL,2010-06-08,1100.5,1105.5,1037.0,1047.5,962.233642578125,166679
FRO,FRO.OL,2010-06-09,1053.0,1084.5,1035.0,1072.0,984.7396240234375,159338
FRO,FRO.OL,2010-06-10,1070.0,1122.5,1065.0,1122.5,1031.128662109375,205786
FRO,FRO.OL,2010-06-11,1134.0,1150.0,1111.5,1130.0,1038.01806640625,183089
FRO,FRO.OL,2010-06-14,1148.5,1169.5,1131.0,1158.5,1064.198486328125,171940
FRO,FRO.OL,2010-06-15,1137.5,1183.5,1120.0,1150.0,1056.390380859375,223690
FRO,FRO.OL,2010-06-16,1167.5,1175.5,1135.0,1145.0,1051.797119140625,108704
FRO,FRO.OL,2010-06-17,1152.0,1161.5,1117.0,1120.5,1029.2913818359375,136364
FRO,FRO.OL,2010-06-18,1128.5,1142.0,1120.0,1135.5,1043.0711669921875,88902
FRO,FRO.OL,2010-06-21,1164.5,1180.0,1154.5,1156.5,1062.3609619140625,75971
FRO,FRO.OL,2010-06-22,1145.0,1154.5,1119.0,1122.5,1031.128662109375,114903
FRO,FRO.OL,2010-06-23,1105.0,1107.5,1073.5,1089.0,1000.35546875,127624
FRO,FRO.OL,2010-06-24,1100.0,1101.0,1054.0,1060.0,973.7164916992188,127484
FRO,FRO.OL,2010-06-25,1054.5,1065.5,1035.5,1038.0,953.5072631835938,114224
FRO,FRO.OL,2010-06-28,1055.0,1073.5,1038.0,1045.5,960.3967895507812,106350
FRO,FRO.OL,2010-06-29,1035.0,1035.0,976.0,981.5,901.6062622070312,197498
FRO,FRO.OL,2010-06-30,985.0,986.5,935.0,951.0,873.5888061523438,236097
FRO,FRO.OL,2010-07-01,928.0,951.0,900.5,904.0,830.4146118164062,211129
FRO,FRO.OL,2010-07-02,920.0,944.0,911.0,926.0,850.6238403320312,100102
FRO,FRO.OL,2010-07-05,925.5,926.0,899.5,904.0,830.4146118164062,46397
FRO,FRO.OL,2010-07-06,915.0,951.0,915.0,935.0,858.8911743164062,140962
FRO,FRO.OL,2010-07-07,914.0,937.0,900.0,929.5,853.8389282226562,119583
FRO,FRO.OL,2010-07-08,959.5,959.5,936.5,944.5,867.6179809570312,118123
FRO,FRO.OL,2010-07-09,957.0,962.5,935.0,948.0,870.8331298828125,62292
FRO,FRO.OL,2010-07-12,954.0,955.0,921.0,924.5,849.2461547851562,60338
FRO,FRO.OL,2010-07-13,913.5,926.5,902.5,926.0,850.6238403320312,167075
FRO,FRO.OL,2010-07-14,935.0,951.5,927.0,945.0,868.0772705078125,101383
FRO,FRO.OL,2010-07-15,945.0,965.5,932.0,940.5,863.943603515625,123537
FRO,FRO.OL,2010-07-16,953.5,957.5,934.5,942.0,865.3213500976562,79302
FRO,FRO.OL,2010-07-19,945.0,949.0,926.5,935.0,858.8911743164062,74973
FRO,FRO.OL,2010-07-20,947.5,952.5,911.0,949.0,871.7517700195312,125221
FRO,FRO.OL,2010-07-21,964.5,1018.5,959.0,1005.5,923.6525268554688,226140
FRO,FRO.OL,2010-07-22,995.0,1025.0,991.5,1022.5,939.268798828125,125653
FRO,FRO.OL,2010-07-23,1017.5,1024.5,1000.5,1014.0,931.4608154296875,64438
FRO,FRO.OL,2010-07-26,1017.5,1032.0,1009.5,1028.0,944.321044921875,74187
FRO,FRO.OL,2010-07-27,1026.5,1046.0,1021.0,1024.5,941.1058959960938,74805
FRO,FRO.OL,2010-07-28,1023.0,1035.5,985.0,990.5,909.8736572265625,83262
FRO,FRO.OL,2010-07-29,991.5,1000.5,961.5,966.5,887.8272094726562,67574
FRO,FRO.OL,2010-07-30,974.0,974.0,927.5,927.5,852.0017700195312,162025
FRO,FRO.OL,2010-08-02,940.0,959.5,934.5,951.0,873.5888061523438,147338
FRO,FRO.OL,2010-08-03,950.0,951.0,923.5,935.0,858.8911743164062,111038
FRO,FRO.OL,2010-08-04,940.0,951.5,929.0,940.0,863.4842529296875,95147
FRO,FRO.OL,2010-08-05,927.0,936.5,921.5,923.0,847.8680419921875,153298
FRO,FRO.OL,2010-08-06,925.0,951.5,918.0,921.5,846.4900512695312,162396
FRO,FRO.OL,2010-08-09,931.5,944.5,925.0,934.5,858.4319458007812,64594
FRO,FRO.OL,2010-08-10,930.5,937.0,908.5,920.5,845.5714721679688,118961
FRO,FRO.OL,2010-08-11,910.5,918.5,894.5,900.5,827.1995239257812,187190
FRO,FRO.OL,2010-08-12,899.5,916.0,892.0,905.5,831.79248046875,154774
FRO,FRO.OL,2010-08-13,913.0,922.5,893.0,913.5,839.1415405273438,162568
FRO,FRO.OL,2010-08-16,915.0,918.0,880.5,897.0,823.9845581054688,84582
FRO,FRO.OL,2010-08-17,900.5,928.5,900.5,928.0,852.4608764648438,100351
FRO,FRO.OL,2010-08-18,924.5,940.5,915.5,937.0,860.728515625,101141
FRO,FRO.OL,2010-08-19,935.5,938.0,901.0,906.0,832.2518310546875,171639
FRO,FRO.OL,2010-08-20,900.0,909.0,877.5,891.5,818.93212890625,108277
FRO,FRO.OL,2010-08-23,885.0,892.0,858.5,872.5,801.478759765625,138496
FRO,FRO.OL,2010-08-24,869.0,869.0,826.5,833.0,765.1939697265625,224526
FRO,FRO.OL,2010-08-25,827.0,842.0,824.5,833.0,765.1939697265625,139997
FRO,FRO.OL,2010-08-26,840.0,874.5,837.5,859.5,789.537109375,131706
FRO,FRO.OL,2010-08-27,865.0,884.0,817.5,822.0,755.08935546875,341457
FRO,FRO.OL,2010-08-30,837.5,843.5,807.5,816.5,750.0369262695312,139984
FRO,FRO.OL,2010-08-31,802.5,844.5,802.5,838.5,770.246337890625,173876
FRO,FRO.OL,2010-09-01,836.5,839.0,813.5,837.5,769.3275756835938,149854
FRO,FRO.OL,2010-09-02,835.0,844.0,833.0,835.5,767.4906005859375,64728
FRO,FRO.OL,2010-09-03,835.0,870.5,835.0,867.0,796.4264526367188,105336
FRO,FRO.OL,2010-09-06,872.5,872.5,850.0,850.5,781.26953125,48305
FRO,FRO.OL,2010-09-07,850.0,860.5,835.5,854.0,784.4846801757812,140889
FRO,FRO.OL,2010-09-08,832.5,833.5,806.0,829.0,764.8782958984375,98984
FRO,FRO.OL,2010-09-09,831.5,846.5,818.0,837.0,772.2595825195312,96976
FRO,FRO.OL,2010-09-10,840.0,843.0,829.5,832.5,768.107421875,42797
FRO,FRO.OL,2010-09-13,840.0,850.0,833.5,847.0,781.4859008789062,49271
FRO,FRO.OL,2010-09-14,840.0,856.5,835.0,843.0,777.7954711914062,114462
FRO,FRO.OL,2010-09-15,840.0,877.5,831.0,877.5,809.6268920898438,284570
FRO,FRO.OL,2010-09-16,880.0,882.5,863.0,873.5,805.9361572265625,137589
FRO,FRO.OL,2010-09-17,879.0,895.5,871.0,878.0,810.088134765625,116527
FRO,FRO.OL,2010-09-20,878.0,881.0,860.0,870.5,803.1683349609375,105835
FRO,FRO.OL,2010-09-21,862.5,876.5,858.5,867.5,800.4004516601562,82259
FRO,FRO.OL,2010-09-22,870.0,870.0,848.0,852.0,786.0992431640625,107866
FRO,FRO.OL,2010-09-23,855.0,855.0,823.5,836.0,771.3367309570312,106688
FRO,FRO.OL,2010-09-24,835.0,853.5,825.5,843.0,777.7954711914062,113099
FRO,FRO.OL,2010-09-27,845.0,860.0,835.0,857.5,791.1739501953125,88997
FRO,FRO.OL,2010-09-28,855.0,860.0,845.0,856.5,790.2510986328125,108189
FRO,FRO.OL,2010-09-29,856.5,864.0,845.0,847.0,781.4859008789062,121211
FRO,FRO.OL,2010-09-30,846.0,846.0,832.5,833.5,769.0302124023438,127223
FRO,FRO.OL,2010-10-01,835.5,844.5,813.0,821.5,757.9583129882812,164678
FRO,FRO.OL,2010-10-04,824.0,824.0,803.0,805.0,742.7345581054688,94090
FRO,FRO.OL,2010-10-05,810.0,810.0,773.0,796.5,734.8921508789062,282726
FRO,FRO.OL,2010-10-06,807.0,834.5,804.0,823.0,759.3424682617188,181400
FRO,FRO.OL,2010-10-07,820.0,845.0,807.0,835.5,770.8756713867188,162994
FRO,FRO.OL,2010-10-08,835.0,842.5,827.5,840.5,775.48876953125,79195
FRO,FRO.OL,2010-10-11,835.0,844.0,831.0,843.5,778.2566528320312,45216
FRO,FRO.OL,2010-10-12,837.5,840.0,817.5,840.0,775.0274658203125,119846
FRO,FRO.OL,2010-10-13,840.0,854.0,828.0,831.5,767.18505859375,171364
FRO,FRO.OL,2010-10-14,836.0,840.0,801.5,802.5,740.4281005859375,203244
FRO,FRO.OL,2010-10-15,813.5,815.5,802.0,806.0,743.6572875976562,95045
FRO,FRO.OL,2010-10-18,809.0,814.5,802.5,810.5,747.8092651367188,51802
FRO,FRO.OL,2010-10-19,816.5,817.0,802.5,810.5,747.8092651367188,98241
FRO,FRO.OL,2010-10-20,809.0,817.0,778.5,782.5,721.9749145507812,288104
FRO,FRO.OL,2010-10-21,775.0,781.5,762.5,770.5,710.903076171875,133618
FRO,FRO.OL,2010-10-22,766.5,774.5,757.5,763.0,703.9832763671875,94856
FRO,FRO.OL,2010-10-25,763.0,771.0,763.0,765.5,706.2899169921875,113016
FRO,FRO.OL,2010-10-26,762.5,800.0,760.5,796.5,734.8921508789062,226328
FRO,FRO.OL,2010-10-27,799.0,816.5,796.0,805.0,742.7345581054688,195760
FRO,FRO.OL,2010-10-28,824.0,832.5,812.5,819.0,755.6517333984375,193745
FRO,FRO.OL,2010-10-29,818.0,840.0,813.5,835.5,770.8756713867188,172833
FRO,FRO.OL,2010-11-01,850.0,850.0,835.5,841.5,776.4115600585938,146784
FRO,FRO.OL,2010-11-02,850.0,854.5,835.5,847.5,781.9473876953125,181829
FRO,FRO.OL,2010-11-03,838.5,840.0,819.0,822.5,758.881103515625,169025
FRO,FRO.OL,2010-11-04,830.0,831.5,803.0,810.5,747.8092651367188,153995
FRO,FRO.OL,2010-11-05,819.5,819.5,801.5,809.0,746.4251708984375,81492
FRO,FRO.OL,2010-11-08,813.5,813.5,781.0,805.0,742.7345581054688,118961
FRO,FRO.OL,2010-11-09,800.5,814.0,794.5,807.5,745.0411987304688,57065
FRO,FRO.OL,2010-11-10,800.5,810.0,797.0,808.0,745.5025024414062,100141
FRO,FRO.OL,2010-11-11,801.5,826.5,797.5,824.5,760.7264404296875,115456
FRO,FRO.OL,2010-11-12,820.0,840.0,814.5,834.5,769.952880859375,100886
FRO,FRO.OL,2010-11-15,834.5,859.0,828.5,855.5,789.3286743164062,170079
FRO,FRO.OL,2010-11-16,855.0,855.0,838.5,838.5,773.6433715820312,97286
FRO,FRO.OL,2010-11-17,838.0,848.0,835.5,839.0,774.104736328125,46268
FRO,FRO.OL,2010-11-18,840.5,850.0,826.0,845.0,779.6406860351562,139259
FRO,FRO.OL,2010-11-19,850.0,867.5,846.5,861.5,794.864501953125,117050
FRO,FRO.OL,2010-11-22,865.0,873.0,848.0,850.5,784.7151489257812,85662
FRO,FRO.OL,2010-11-23,850.0,858.0,831.5,849.5,783.7926635742188,181099
FRO,FRO.OL,2010-11-24,851.0,860.5,802.5,817.0,753.8065185546875,243281
FRO,FRO.OL,2010-11-25,819.5,819.5,778.0,785.0,724.2814331054688,127084
FRO,FRO.OL,2010-11-26,782.0,812.5,779.0,808.5,745.9639892578125,113783
FRO,FRO.OL,2010-11-29,805.0,805.5,783.5,800.0,738.1213989257812,89640
FRO,FRO.OL,2010-11-30,805.0,813.0,796.0,813.0,750.1159057617188,93086
FRO,FRO.OL,2010-12-01,811.5,818.0,798.0,807.5,745.0411987304688,104335
FRO,FRO.OL,2010-12-02,807.5,809.5,782.0,783.0,722.436279296875,188512
FRO,FRO.OL,2010-12-03,783.0,793.5,771.0,777.0,718.0467529296875,177253
FRO,FRO.OL,2010-12-06,775.0,780.0,756.0,775.5,716.6605224609375,69615
FRO,FRO.OL,2010-12-07,769.0,784.5,762.5,775.0,716.1985473632812,80020
FRO,FRO.OL,2010-12-08,763.0,777.5,757.0,757.0,699.564208984375,94275
FRO,FRO.OL,2010-12-09,761.0,772.5,760.5,767.0,708.805419921875,121867
FRO,FRO.OL,2010-12-10,775.0,775.0,751.5,754.0,696.7918090820312,71759
FRO,FRO.OL,2010-12-13,750.0,775.5,737.5,774.0,715.2744750976562,146572
FRO,FRO.OL,2010-12-14,767.5,775.0,757.0,760.0,702.3366088867188,99151
FRO,FRO.OL,2010-12-15,749.5,753.0,737.0,747.5,690.7849731445312,104115
FRO,FRO.OL,2010-12-16,750.0,768.0,748.5,757.5,700.0263061523438,85060
FRO,FRO.OL,2010-12-17,764.5,764.5,747.5,753.0,695.8675537109375,56420
FRO,FRO.OL,2010-12-20,750.0,773.0,748.5,757.5,700.0263061523438,110418
FRO,FRO.OL,2010-12-21,774.5,781.0,762.5,767.5,709.2674560546875,110846
FRO,FRO.OL,2010-12-22,765.0,777.5,765.0,770.0,711.5779418945312,133284
FRO,FRO.OL,2010-12-23,780.0,780.0,767.5,769.5,711.1156616210938,41628
FRO,FRO.OL,2010-12-27,765.0,765.5,756.5,760.0,702.3366088867188,16936
FRO,FRO.OL,2010-12-28,759.5,761.5,755.0,757.5,700.0263061523438,23154
FRO,FRO.OL,2010-12-29,755.0,762.0,754.5,757.5,700.0263061523438,26908
FRO,FRO.OL,2010-12-30,760.0,762.0,745.5,752.5,695.4056396484375,46261
FRO,FRO.OL,2011-01-03,742.5,760.0,741.5,755.5,698.1781005859375,80247
FRO,FRO.OL,2011-01-04,755.0,782.5,745.5,771.5,712.9641723632812,164550
FRO,FRO.OL,2011-01-05,771.5,784.5,763.5,775.0,716.1985473632812,155463
FRO,FRO.OL,2011-01-06,777.5,792.0,767.5,791.5,731.4467163085938,223880
FRO,FRO.OL,2011-01-07,803.0,827.5,801.5,825.0,762.4046630859375,267350
FRO,FRO.OL,2011-01-10,827.5,847.5,813.5,819.5,757.3219604492188,175558
FRO,FRO.OL,2011-01-11,817.5,817.5,790.5,792.5,732.3704833984375,182971
FRO,FRO.OL,2011-01-12,796.0,805.5,783.5,787.5,727.7500610351562,106952
FRO,FRO.OL,2011-01-13,790.0,790.0,771.5,776.0,717.1224365234375,60349
FRO,FRO.OL,2011-01-14,770.0,781.5,762.5,763.5,705.5711059570312,79512
FRO,FRO.OL,2011-01-17,772.0,780.0,759.5,771.5,712.9641723632812,66742
FRO,FRO.OL,2011-01-18,771.5,785.5,769.5,770.5,712.0401611328125,132608
FRO,FRO.OL,2011-01-19,777.0,790.0,764.5,770.5,712.0401611328125,229273
FRO,FRO.OL,2011-01-20,774.5,776.0,753.0,753.0,695.8675537109375,64846
FRO,FRO.OL,2011-01-21,742.0,750.0,729.5,732.0,676.4609985351562,128224
FRO,FRO.OL,2011-01-24,732.5,733.0,709.5,712.5,658.4404296875,96529
FRO,FRO.OL,2011-01-25,725.0,732.5,704.5,726.5,671.3782958984375,194989
FRO,FRO.OL,2011-01-26,726.0,734.5,717.5,731.0,675.5368041992188,75424
FRO,FRO.OL,2011-01-27,728.5,734.5,718.5,726.0,670.9161376953125,83480
FRO,FRO.OL,2011-01-28,740.0,792.5,720.0,787.5,727.7500610351562,466117
FRO,FRO.OL,2011-01-31,787.5,791.0,736.0,740.0,683.8540649414062,347454
FRO,FRO.OL,2011-02-01,749.5,763.5,731.5,735.0,679.2333984375,152596
FRO,FRO.OL,2011-02-02,748.5,748.5,720.5,732.0,676.4609985351562,204746
FRO,FRO.OL,2011-02-03,738.5,745.5,731.0,741.0,684.7781372070312,56929
FRO,FRO.OL,2011-02-04,744.5,763.5,740.0,752.0,694.9435424804688,127079
FRO,FRO.OL,2011-02-07,755.0,763.0,752.5,760.5,702.7985229492188,56175
FRO,FRO.OL,2011-02-08,767.5,767.5,736.0,758.5,700.9503784179688,219567
FRO,FRO.OL,2011-02-09,762.0,762.0,744.0,746.5,689.8609008789062,98567
FRO,FRO.OL,2011-02-10,752.5,776.5,742.5,766.5,708.3433227539062,213710
FRO,FRO.OL,2011-02-11,775.5,778.5,760.0,765.0,706.9572143554688,145159
FRO,FRO.OL,2011-02-14,765.0,785.0,763.5,785.0,725.4397583007812,106580
FRO,FRO.OL,2011-02-15,790.0,795.0,771.0,773.5,714.812255859375,97161
FRO,FRO.OL,2011-02-16,772.5,775.0,755.5,767.5,709.2674560546875,77395
FRO,FRO.OL,2011-02-17,778.0,779.5,757.0,761.0,703.2608642578125,119681
FRO,FRO.OL,2011-02-18,759.5,759.5,740.5,745.0,688.4747924804688,73716
FRO,FRO.OL,2011-02-21,739.5,752.5,724.0,728.5,673.2266235351562,46116
FRO,FRO.OL,2011-02-22,724.0,749.5,701.0,747.5,690.7849731445312,137578
FRO,FRO.OL,2011-02-23,722.5,748.0,722.5,746.0,689.3988037109375,96177
FRO,FRO.OL,2011-02-24,730.0,775.0,730.0,755.5,698.1781005859375,182319
FRO,FRO.OL,2011-02-25,755.5,774.5,743.0,774.5,715.7364501953125,83194
FRO,FRO.OL,2011-02-28,777.5,777.5,752.5,757.0,699.564208984375,54515
FRO,FRO.OL,2011-03-01,762.5,774.5,754.5,758.0,700.4884033203125,66269
FRO,FRO.OL,2011-03-02,759.0,759.0,739.0,751.0,694.019287109375,71151
FRO,FRO.OL,2011-03-03,760.0,769.5,753.0,762.0,704.1846923828125,46357
FRO,FRO.OL,2011-03-04,757.5,762.5,749.5,756.0,698.6400146484375,75216
FRO,FRO.OL,2011-03-07,751.5,769.0,750.0,752.0,695.403564453125,58733
FRO,FRO.OL,2011-03-08,749.0,757.0,727.5,732.0,676.9085083007812,99955
FRO,FRO.OL,2011-03-09,722.5,740.5,721.0,726.0,671.3602294921875,122092
FRO,FRO.OL,2011-03-10,725.0,725.0,699.0,706.0,652.8654174804688,132414
FRO,FRO.OL,2011-03-11,703.0,710.0,690.0,703.0,650.0911254882812,59356
FRO,FRO.OL,2011-03-14,710.0,715.0,696.0,700.0,647.3169555664062,71649
FRO,FRO.OL,2011-03-15,690.0,694.5,665.0,685.5,633.908203125,145521
FRO,FRO.OL,2011-03-16,696.0,707.0,688.5,693.0,640.8439331054688,95778
FRO,FRO.OL,2011-03-17,702.5,713.5,697.0,698.5,645.929931640625,78666
FRO,FRO.OL,2011-03-18,698.0,704.0,681.5,682.5,631.134033203125,79037
FRO,FRO.OL,2011-03-21,692.5,703.0,683.5,689.5,637.607177734375,105095
FRO,FRO.OL,2011-03-22,690.0,692.0,681.5,691.5,639.456787109375,44710
FRO,FRO.OL,2011-03-23,690.5,692.5,683.0,688.5,636.6824951171875,46118
FRO,FRO.OL,2011-03-24,692.0,695.5,686.0,686.0,634.3706665039062,40524
FRO,FRO.OL,2011-03-25,685.0,695.5,683.5,694.0,641.7686157226562,70773
FRO,FRO.OL,2011-03-28,695.0,697.5,689.0,691.0,638.994384765625,30412
FRO,FRO.OL,2011-03-29,686.5,688.5,668.5,678.5,627.43505859375,65986
FRO,FRO.OL,2011-03-30,687.5,687.5,673.0,683.0,631.5964965820312,122046
FRO,FRO.OL,2011-03-31,687.0,693.0,683.5,688.0,636.22021484375,57929
FRO,FRO.OL,2011-04-01,689.5,694.0,684.5,686.0,634.3706665039062,54410
FRO,FRO.OL,2011-04-04,684.5,684.5,667.0,667.5,617.2630004882812,46666
FRO,FRO.OL,2011-04-05,667.0,667.5,660.5,665.0,614.951171875,42554
FRO,FRO.OL,2011-04-06,661.0,666.5,656.5,657.5,608.0155029296875,33399
FRO,FRO.OL,2011-04-07,656.0,670.0,653.0,664.0,614.0265502929688,64027
FRO,FRO.OL,2011-04-08,664.0,668.5,643.0,647.5,598.768310546875,76162
FRO,FRO.OL,2011-04-11,637.5,644.0,630.0,640.5,592.2950439453125,51465
FRO,FRO.OL,2011-04-12,640.0,645.0,631.0,636.0,588.1338500976562,43730
FRO,FRO.OL,2011-04-13,635.0,638.5,624.0,631.5,583.9722900390625,59383
FRO,FRO.OL,2011-04-14,630.0,630.0,613.5,614.0,567.7896118164062,51191
FRO,FRO.OL,2011-04-15,610.0,614.5,601.5,602.5,557.1551513671875,65852
FRO,FRO.OL,2011-04-18,593.0,602.5,593.0,599.5,554.380859375,67934
FRO,FRO.OL,2011-04-19,595.0,598.0,591.0,593.0,548.3699951171875,63865
FRO,FRO.OL,2011-04-20,595.0,599.0,581.5,599.0,553.9185180664062,43558
FRO,FRO.OL,2011-04-26,585.5,599.0,581.0,598.0,552.9937744140625,81911
FRO,FRO.OL,2011-04-27,609.0,609.0,588.5,592.5,547.90771484375,82932
FRO,FRO.OL,2011-04-28,595.0,595.0,579.5,586.0,541.8968505859375,66680
FRO,FRO.OL,2011-04-29,582.5,584.0,576.0,579.0,535.4237060546875,80383
FRO,FRO.OL,2011-05-02,579.0,589.5,573.5,574.5,531.2622680664062,32814
FRO,FRO.OL,2011-05-03,567.5,574.0,557.0,565.0,522.47705078125,82613
FRO,FRO.OL,2011-05-04,564.5,567.5,559.0,563.0,520.6278686523438,48708
FRO,FRO.OL,2011-05-05,561.5,571.0,545.5,568.5,525.7139892578125,87651
FRO,FRO.OL,2011-05-06,571.5,585.5,562.5,581.5,537.7355346679688,92044
FRO,FRO.OL,2011-05-09,579.5,581.5,570.5,577.5,534.03662109375,54187
FRO,FRO.OL,2011-05-10,577.5,585.0,577.5,582.0,538.1979370117188,40353
FRO,FRO.OL,2011-05-11,579.5,580.5,570.0,572.0,528.9505004882812,58376
FRO,FRO.OL,2011-05-12,568.5,570.5,561.0,570.0,527.1009521484375,38144
FRO,FRO.OL,2011-05-13,570.5,579.5,567.0,578.5,534.9613037109375,66267
FRO,FRO.OL,2011-05-16,577.0,589.0,571.5,577.5,534.03662109375,58448
FRO,FRO.OL,2011-05-18,569.0,572.5,561.5,565.0,522.47705078125,75359
FRO,FRO.OL,2011-05-19,572.0,573.0,565.5,569.0,526.1763916015625,53764
FRO,FRO.OL,2011-05-20,570.0,572.5,562.0,565.0,522.47705078125,44139
FRO,FRO.OL,2011-05-23,565.0,568.5,553.5,562.5,520.1654663085938,43614
FRO,FRO.OL,2011-05-24,564.5,565.0,515.0,527.0,487.3372497558594,155070
FRO,FRO.OL,2011-05-25,532.0,532.5,463.75,469.0,433.7024230957031,275747
FRO,FRO.OL,2011-05-26,479.5,492.25,477.75,482.5,446.1864318847656,129661
FRO,FRO.OL,2011-05-27,485.0,485.0,475.0,479.5,443.4122314453125,71099
FRO,FRO.OL,2011-05-30,475.0,501.0,475.0,496.5,459.1327819824219,44737
FRO,FRO.OL,2011-05-31,496.75,498.5,485.0,490.25,453.3531494140625,64578
FRO,FRO.OL,2011-06-01,495.5,509.5,492.25,497.25,459.8262634277344,120352
FRO,FRO.OL,2011-06-03,475.0,481.0,456.25,457.25,422.8367614746094,145235
FRO,FRO.OL,2011-06-06,445.25,476.0,445.25,463.0,428.6227111816406,137920
FRO,FRO.OL,2011-06-07,469.75,494.0,465.0,466.75,432.09417724609375,146930
FRO,FRO.OL,2011-06-08,457.75,457.75,432.0,435.25,402.9331970214844,193227
FRO,FRO.OL,2011-06-09,429.75,445.5,425.0,437.25,404.7845153808594,181543
FRO,FRO.OL,2011-06-10,434.5,441.5,424.0,441.0,408.25616455078125,100599
FRO,FRO.OL,2011-06-14,446.5,464.75,442.5,446.0,412.8849792480469,125225
FRO,FRO.OL,2011-06-15,443.75,443.75,426.25,435.25,402.9331970214844,105951
FRO,FRO.OL,2011-06-16,430.0,441.25,428.5,439.25,406.6361389160156,52794
FRO,FRO.OL,2011-06-17,438.5,448.25,428.5,432.75,400.6187438964844,56734
FRO,FRO.OL,2011-06-20,436.25,444.25,427.0,443.25,410.3391418457031,51445
FRO,FRO.OL,2011-06-21,450.0,453.25,441.5,445.25,412.190673828125,67191
FRO,FRO.OL,2011-06-22,445.0,468.25,444.0,463.5,429.0855712890625,190529
FRO,FRO.OL,2011-06-23,460.0,460.0,423.25,425.0,393.44427490234375,139228
FRO,FRO.OL,2011-06-24,426.5,427.5,397.5,401.75,371.9204406738281,174449
FRO,FRO.OL,2011-06-27,404.0,420.5,404.0,410.75,380.25213623046875,61404
FRO,FRO.OL,2011-06-28,411.5,412.5,396.5,400.0,370.30035400390625,121736
FRO,FRO.OL,2011-06-29,404.0,404.25,389.5,391.5,362.4314880371094,84007
FRO,FRO.OL,2011-06-30,394.0,394.25,386.25,388.5,359.65423583984375,91064
FRO,FRO.OL,2011-07-01,395.25,407.5,393.75,404.5,374.4662780761719,102017
FRO,FRO.OL,2011-07-04,399.0,399.0,387.25,397.0,367.52313232421875,64286
FRO,FRO.OL,2011-07-05,393.5,395.25,380.75,381.25,352.9425964355469,71974
FRO,FRO.OL,2011-07-06,382.5,390.25,368.75,373.25,345.53656005859375,54919
FRO,FRO.OL,2011-07-07,376.5,379.75,368.0,378.25,350.1653137207031,57608
FRO,FRO.OL,2011-07-08,377.25,383.0,365.0,365.75,338.5934753417969,47691
FRO,FRO.OL,2011-07-11,360.0,360.0,348.25,350.0,324.0128479003906,75537
FRO,FRO.OL,2011-07-12,345.0,351.75,334.25,349.0,323.08697509765625,94822
FRO,FRO.OL,2011-07-13,345.75,346.25,323.5,330.5,305.960693359375,113770
FRO,FRO.OL,2011-07-14,335.75,346.75,333.75,338.75,313.5980529785156,70237
FRO,FRO.OL,2011-07-15,334.5,336.0,324.0,327.75,303.4148864746094,32286
FRO,FRO.OL,2011-07-18,329.5,329.5,319.5,322.5,298.5546875,32708
FRO,FRO.OL,2011-07-19,320.75,324.25,312.5,313.25,289.9914245605469,41343
FRO,FRO.OL,2011-07-20,317.0,317.0,309.5,313.25,289.9914245605469,27698
FRO,FRO.OL,2011-07-21,314.5,325.75,314.25,320.75,296.9346008300781,64709
FRO,FRO.OL,2011-07-22,320.0,331.0,320.0,321.75,297.8603820800781,67080
FRO,FRO.OL,2011-07-25,324.75,324.75,310.0,311.0,287.908447265625,60768
FRO,FRO.OL,2011-07-26,315.0,315.0,303.25,312.0,288.8342590332031,57102
FRO,FRO.OL,2011-07-27,312.0,312.0,305.0,310.5,287.4456787109375,60098
FRO,FRO.OL,2011-07-28,305.0,319.25,304.25,319.0,295.31451416015625,65360
FRO,FRO.OL,2011-07-29,320.25,320.5,311.0,314.5,291.1486511230469,75877
FRO,FRO.OL,2011-08-01,312.75,317.5,298.0,298.0,275.8737487792969,99262
FRO,FRO.OL,2011-08-02,292.5,293.5,265.5,265.5,245.78688049316406,186398
FRO,FRO.OL,2011-08-03,264.75,271.0,255.75,262.0,242.5467987060547,160398
FRO,FRO.OL,2011-08-04,267.0,267.0,231.9499969482422,235.10000610351562,217.64405822753906,193729
FRO,FRO.OL,2011-08-05,230.0,251.75,220.14999389648438,230.25,213.15415954589844,229858
FRO,FRO.OL,2011-08-08,228.5,234.1999969482422,204.6999969482422,205.5,190.2418212890625,142815
FRO,FRO.OL,2011-08-09,200.0,217.0,191.0,214.1999969482422,198.29586791992188,222047
FRO,FRO.OL,2011-08-10,220.0,228.6999969482422,200.0500030517578,201.25,186.30738830566406,182238
FRO,FRO.OL,2011-08-11,205.0,205.5,191.39999389648438,203.10000610351562,188.02000427246094,196505
FRO,FRO.OL,2011-08-12,205.0,215.10000610351562,195.85000610351562,214.14999389648438,198.2495574951172,124420
FRO,FRO.OL,2011-08-15,219.10000610351562,220.5,207.5500030517578,209.6999969482422,194.12997436523438,126851
FRO,FRO.OL,2011-08-16,213.64999389648438,214.85000610351562,204.35000610351562,205.5,190.2418212890625,135471
FRO,FRO.OL,2011-08-17,203.10000610351562,205.89999389648438,198.60000610351562,201.85000610351562,186.86285400390625,86931
FRO,FRO.OL,2011-08-18,203.1999969482422,204.9499969482422,187.5,188.25,174.2726287841797,150064
FRO,FRO.OL,2011-08-19,189.6999969482422,195.5,177.60000610351562,190.5,176.3555450439453,149258
FRO,FRO.OL,2011-08-22,192.3000030517578,197.6999969482422,185.85000610351562,186.0,172.18966674804688,66444
FRO,FRO.OL,2011-08-23,190.25,191.0,177.4499969482422,178.60000610351562,165.33909606933594,92695
FRO,FRO.OL,2011-08-24,184.4499969482422,191.10000610351562,177.0500030517578,185.1999969482422,171.44906616210938,80473
FRO,FRO.OL,2011-08-25,185.1999969482422,187.8000030517578,175.0500030517578,177.4499969482422,164.2744903564453,91946
FRO,FRO.OL,2011-08-26,168.25,174.1999969482422,165.0,173.14999389648438,160.2937469482422,146960
FRO,FRO.OL,2011-08-29,175.0,180.0,163.0,168.0,155.52610778808594,169896
FRO,FRO.OL,2011-08-30,171.64999389648438,202.0500030517578,168.60000610351562,198.64999389648438,183.90040588378906,355969
FRO,FRO.OL,2011-08-31,205.4499969482422,234.8000030517578,204.1999969482422,216.39999389648438,200.33248901367188,648042
FRO,FRO.OL,2011-09-01,215.0,215.0,195.3000030517578,197.25,182.60438537597656,212774
FRO,FRO.OL,2011-09-02,195.0,195.0,182.5500030517578,185.5,171.72683715820312,125494
FRO,FRO.OL,2011-09-05,185.0,185.0,169.0,169.0,156.45191955566406,121446
FRO,FRO.OL,2011-09-06,170.0,180.0500030517578,170.0,173.75,160.8492431640625,131946
FRO,FRO.OL,2011-09-07,174.0,180.85000610351562,174.0,178.0,164.87857055664062,125302
FRO,FRO.OL,2011-09-08,177.5,180.0,175.0500030517578,179.1999969482422,165.9901123046875,85892
FRO,FRO.OL,2011-09-09,179.35000610351562,180.5,166.60000610351562,166.60000610351562,154.31895446777344,166725
FRO,FRO.OL,2011-09-12,166.3000030517578,171.0500030517578,156.10000610351562,164.5,152.3737030029297,166939
FRO,FRO.OL,2011-09-13,164.39999389648438,173.4499969482422,156.0500030517578,168.3000030517578,155.8936309814453,192600
FRO,FRO.OL,2011-09-14,170.0,174.9499969482422,164.35000610351562,171.6999969482422,159.04295349121094,111088
FRO,FRO.OL,2011-09-15,175.9499969482422,180.0,171.9499969482422,177.6999969482422,164.60067749023438,132306
FRO,FRO.OL,2011-09-16,179.0,184.35000610351562,175.0,176.0500030517578,163.072265625,127483
FRO,FRO.OL,2011-09-19,175.9499969482422,175.9499969482422,165.0500030517578,168.0,155.61566162109375,98820
FRO,FRO.OL,2011-09-20,166.4499969482422,175.5500030517578,166.25,171.8000030517578,159.1356201171875,108831
FRO,FRO.OL,2011-09-21,169.1999969482422,171.75,165.0500030517578,166.8000030517578,154.5041961669922,78747
FRO,FRO.OL,2011-09-22,161.5,161.5,152.25,156.4499969482422,144.91712951660156,195282
FRO,FRO.OL,2011-09-23,156.14999389648438,159.9499969482422,145.4499969482422,156.9499969482422,145.38027954101562,78304
FRO,FRO.OL,2011-09-26,155.0,157.0,146.0500030517578,148.25,137.32162475585938,181908
FRO,FRO.OL,2011-09-27,151.25,164.0,150.60000610351562,163.25,151.21585083007812,140996
FRO,FRO.OL,2011-09-28,160.0,160.6999969482422,150.0,150.5,139.40574645996094,138637
FRO,FRO.OL,2011-09-29,152.5,155.5500030517578,148.3000030517578,150.25,139.17417907714844,137179
FRO,FRO.OL,2011-09-30,151.5,151.5,141.60000610351562,142.64999389648438,132.13446044921875,165557
FRO,FRO.OL,2011-10-03,142.35000610351562,147.35000610351562,135.6999969482422,137.5,127.36405181884766,137463
FRO,FRO.OL,2011-10-04,124.94999694824219,125.0999984741211,115.55000305175781,123.25,114.16452026367188,258050
FRO,FRO.OL,2011-10-05,129.85000610351562,130.0,122.8499984741211,127.30000305175781,117.91597747802734,134767
FRO,FRO.OL,2011-10-06,130.0,132.5,124.5,125.6500015258789,116.38761138916016,112886
FRO,FRO.OL,2011-10-07,127.0,130.9499969482422,121.80000305175781,126.9000015258789,117.54544067382812,209540
FRO,FRO.OL,2011-10-10,127.0,141.25,126.5999984741211,141.1999969482422,130.7913055419922,148009
FRO,FRO.OL,2011-10-11,141.39999389648438,141.4499969482422,132.0,137.0,126.90089416503906,164310
FRO,FRO.OL,2011-10-12,140.89999389648438,162.0,137.64999389648438,162.0,150.05799865722656,432416
FRO,FRO.OL,2011-10-13,160.35000610351562,162.25,146.25,146.25,135.4690399169922,257714
FRO,FRO.OL,2011-10-14,152.10000610351562,152.35000610351562,143.14999389648438,146.0500030517578,135.28379821777344,267484
FRO,FRO.OL,2011-10-17,146.0500030517578,153.8000030517578,145.39999389648438,147.5500030517578,136.67318725585938,129278
FRO,FRO.OL,2011-10-18,147.35000610351562,147.35000610351562,137.8000030517578,143.3000030517578,132.7364959716797,130749
FRO,FRO.OL,2011-10-19,143.25,143.25,132.5,133.0500030517578,123.24212646484375,175545
FRO,FRO.OL,2011-10-20,131.39999389648438,133.25,126.5,127.44999694824219,118.05492401123047,107876
FRO,FRO.OL,2011-10-21,132.25,137.64999389648438,128.8000030517578,137.14999389648438,127.03986358642578,94702
FRO,FRO.OL,2011-10-24,137.14999389648438,143.0,134.5,143.0,132.4586181640625,121149
FRO,FRO.OL,2011-10-25,143.0,145.5,136.14999389648438,138.60000610351562,128.38299560546875,109093
FRO,FRO.OL,2011-10-26,139.5,142.89999389648438,137.14999389648438,141.39999389648438,130.9765625,155003
FRO,FRO.OL,2011-10-27,146.0500030517578,167.14999389648438,146.0500030517578,154.0,142.647705078125,561734
FRO,FRO.OL,2011-10-28,159.0,162.14999389648438,148.10000610351562,154.35000610351562,142.97193908691406,160686
FRO,FRO.OL,2011-10-31,152.5,152.5,141.64999389648438,142.85000610351562,132.31967163085938,110807
FRO,FRO.OL,2011-11-01,140.60000610351562,144.75,132.5500030517578,134.64999389648438,124.72416687011719,227539
FRO,FRO.OL,2011-11-02,135.5,139.6999969482422,131.6999969482422,131.6999969482422,121.99161529541016,124867
FRO,FRO.OL,2011-11-03,131.6999969482422,137.3000030517578,128.5,134.6999969482422,124.77047729492188,138106
FRO,FRO.OL,2011-11-04,137.5,137.75,132.0,132.39999389648438,122.64000701904297,138144
FRO,FRO.OL,2011-11-07,133.0,134.1999969482422,128.75,129.5500030517578,120.0000991821289,127654
FRO,FRO.OL,2011-11-08,130.39999389648438,138.25,129.85000610351562,133.1999969482422,123.38105010986328,190157
FRO,FRO.OL,2011-11-09,138.5500030517578,147.5,133.0,142.5500030517578,132.04180908203125,353559
FRO,FRO.OL,2011-11-10,140.5,170.0,140.5,160.60000610351562,148.76121520996094,915845
FRO,FRO.OL,2011-11-11,168.75,183.3000030517578,165.60000610351562,182.85000610351562,169.37106323242188,518132
FRO,FRO.OL,2011-11-14,188.0,199.35000610351562,171.0500030517578,171.0500030517578,158.44091796875,548066
FRO,FRO.OL,2011-11-15,168.5,172.35000610351562,160.1999969482422,168.3000030517578,155.8936309814453,379121
FRO,FRO.OL,2011-11-16,168.5,177.4499969482422,161.0500030517578,164.0500030517578,151.95689392089844,280625
FRO,FRO.OL,2011-11-17,163.35000610351562,170.0500030517578,157.5,168.25,155.8472900390625,224132
FRO,FRO.OL,2011-11-18,165.0,169.60000610351562,162.5,164.0,151.91058349609375,196883
FRO,FRO.OL,2011-11-21,165.75,170.8000030517578,153.5500030517578,153.5500030517578,142.23089599609375,186691
FRO,FRO.OL,2011-11-22,134.0,139.75,83.8499984741211,86.75,80.35514068603516,1961994
FRO,FRO.OL,2011-11-23,85.75,92.4000015258789,73.80000305175781,75.25,69.70287322998047,944644
FRO,FRO.OL,2011-11-24,81.0,86.1500015258789,77.25,84.0,77.80783081054688,528229
FRO,FRO.OL,2011-11-25,84.75,85.8499984741211,79.75,81.0,75.02899932861328,289655
FRO,FRO.OL,2011-11-28,82.55000305175781,87.19999694824219,81.5,86.44999694824219,80.07725524902344,181792
FRO,FRO.OL,2011-11-29,86.5,86.5,82.5,82.9000015258789,76.7889633178711,133338
FRO,FRO.OL,2011-11-30,80.0,87.05000305175781,78.44999694824219,85.6500015258789,79.33622741699219,211794
FRO,FRO.OL,2011-12-01,89.1500015258789,90.9000015258789,86.5,86.94999694824219,80.5404052734375,197866
FRO,FRO.OL,2011-12-02,87.19999694824219,90.30000305175781,87.19999694824219,89.0,82.43928527832031,103729
FRO,FRO.OL,2011-12-05,90.0,110.0,89.25,100.80000305175781,93.36943817138672,568424
FRO,FRO.OL,2011-12-06,130.60000610351562,140.0,112.5999984741211,127.5,118.1012191772461,1610516
FRO,FRO.OL,2011-12-07,121.8499984741211,122.1500015258789,106.4000015258789,110.4000015258789,102.2617416381836,690056
FRO,FRO.OL,2011-12-08,107.0999984741211,108.0,94.0,95.5,88.46013641357422,436583
FRO,FRO.OL,2011-12-09,95.4000015258789,107.9000015258789,94.0,105.80000305175781,98.0008544921875,214043
FRO,FRO.OL,2011-12-12,104.9000015258789,106.6500015258789,96.4000015258789,98.1500015258789,90.91478729248047,157696
FRO,FRO.OL,2011-12-13,96.1500015258789,105.19999694824219,96.0999984741211,101.19999694824219,93.73994445800781,178583
FRO,FRO.OL,2011-12-14,99.0,101.80000305175781,96.30000305175781,99.5,92.16529083251953,168754
FRO,FRO.OL,2011-12-15,100.0,102.5,96.6500015258789,99.0,91.70211791992188,114502
FRO,FRO.OL,2011-12-16,101.30000305175781,117.5,94.4000015258789,109.4000015258789,101.3354721069336,357234
FRO,FRO.OL,2011-12-19,104.5,117.0,104.5,109.0999984741211,101.05760192871094,120935
FRO,FRO.OL,2011-12-20,107.0,112.0,105.5999984741211,110.0,101.89125061035156,71670
FRO,FRO.OL,2011-12-21,112.5,114.5,109.69999694824219,109.9000015258789,101.79862976074219,48955
FRO,FRO.OL,2011-12-22,110.0,115.4000015258789,109.5,114.9000015258789,106.43003845214844,55688
FRO,FRO.OL,2011-12-23,115.5,125.1500015258789,115.5,123.5999984741211,114.48868560791016,58838
FRO,FRO.OL,2011-12-27,125.5,134.9499969482422,124.0999984741211,132.9499969482422,123.14945983886719,97114
FRO,FRO.OL,2011-12-28,133.25,137.5500030517578,123.0,127.5,118.1012191772461,103535
FRO,FRO.OL,2011-12-29,127.5,130.8000030517578,121.8499984741211,125.0,115.7854995727539,49290
FRO,FRO.OL,2011-12-30,125.0,130.10000610351562,124.5,127.4000015258789,118.00857543945312,57742
FRO,FRO.OL,2012-01-02,132.5,134.5,124.8499984741211,131.75,122.03791809082031,65342
FRO,FRO.OL,2012-01-03,134.4499969482422,134.4499969482422,127.5,129.5,119.95379638671875,69815
FRO,FRO.OL,2012-01-04,130.5,134.5,120.80000305175781,129.5,119.95379638671875,123499
FRO,FRO.OL,2012-01-05,127.5,132.1999969482422,127.05000305175781,130.0,120.41690063476562,66740
FRO,FRO.OL,2012-01-06,130.0,131.5,127.5999984741211,129.25,119.72222900390625,59522
FRO,FRO.OL,2012-01-09,131.75,131.75,121.0999984741211,121.44999694824219,112.49723815917969,48966
FRO,FRO.OL,2012-01-10,124.5,127.30000305175781,122.5999984741211,124.3499984741211,115.18344116210938,33754
FRO,FRO.OL,2012-01-11,125.0,127.05000305175781,121.25,127.05000305175781,117.68439483642578,60081
FRO,FRO.OL,2012-01-12,134.5,145.75,133.35000610351562,140.10000610351562,129.77243041992188,208292
FRO,FRO.OL,2012-01-13,137.0,138.9499969482422,132.5500030517578,137.25,127.13249206542969,113998
FRO,FRO.OL,2012-01-16,137.5,144.9499969482422,136.9499969482422,144.5,133.8480682373047,65779
FRO,FRO.OL,2012-01-17,146.0,157.9499969482422,143.6999969482422,146.75,135.93218994140625,220050
FRO,FRO.OL,2012-01-18,146.25,152.4499969482422,142.0,150.3000030517578,139.2205047607422,149838
FRO,FRO.OL,2012-01-19,147.85000610351562,152.3000030517578,147.0,149.5,138.4794464111328,131392
FRO,FRO.OL,2012-01-20,147.5,150.10000610351562,136.75,137.35000610351562,127.2251205444336,167928
FRO,FRO.OL,2012-01-23,139.89999389648438,154.5,139.1999969482422,150.8000030517578,139.68368530273438,158182
FRO,FRO.OL,2012-01-24,151.5,153.9499969482422,144.4499969482422,148.35000610351562,137.4142608642578,62625
FRO,FRO.OL,2012-01-25,147.5,151.0500030517578,145.0,146.4499969482422,135.65428161621094,60446
FRO,FRO.OL,2012-01-26,148.0,150.0,145.9499969482422,149.4499969482422,138.43313598632812,56079
FRO,FRO.OL,2012-01-27,149.5,152.5,149.25,150.85000610351562,139.72994995117188,59820
FRO,FRO.OL,2012-01-30,151.5,151.9499969482422,146.5500030517578,147.8000030517578,136.90478515625,35737
FRO,FRO.OL,2012-01-31,150.9499969482422,151.75,148.10000610351562,149.5,138.4794464111328,79403
FRO,FRO.OL,2012-02-01,147.9499969482422,150.25,147.60000610351562,149.4499969482422,138.43313598632812,121566
FRO,FRO.OL,2012-02-02,149.25,149.25,140.10000610351562,141.35000610351562,130.93026733398438,97907
FRO,FRO.OL,2012-02-03,142.39999389648438,147.25,140.5500030517578,142.14999389648438,131.67129516601562,54546
FRO,FRO.OL,2012-02-06,147.0,147.25,140.25,144.35000610351562,133.70913696289062,84041
FRO,FRO.OL,2012-02-07,149.5,149.5,142.60000610351562,147.4499969482422,136.58059692382812,130235
FRO,FRO.OL,2012-02-08,145.64999389648438,145.64999389648438,139.64999389648438,142.6999969482422,132.1807403564453,74270
FRO,FRO.OL,2012-02-09,145.0,145.14999389648438,139.5,141.39999389648438,130.9765625,93103
FRO,FRO.OL,2012-02-10,142.1999969482422,142.1999969482422,137.89999389648438,138.64999389648438,128.42929077148438,57869
FRO,FRO.OL,2012-02-13,140.0,140.0,127.4000015258789,129.5500030517578,120.0000991821289,108986
FRO,FRO.OL,2012-02-14,130.0,142.75,127.5,141.5,131.06919860839844,125569
FRO,FRO.OL,2012-02-15,142.5,142.5,136.60000610351562,137.8000030517578,127.64197540283203,63683
FRO,FRO.OL,2012-02-16,132.8000030517578,142.0,131.0500030517578,141.5,131.06919860839844,65810
FRO,FRO.OL,2012-02-17,142.5,143.6999969482422,137.60000610351562,138.5,128.29039001464844,73036
FRO,FRO.OL,2012-02-20,141.0,144.6999969482422,137.5,138.39999389648438,128.1977081298828,114943
FRO,FRO.OL,2012-02-21,140.39999389648438,155.0,138.5500030517578,155.0,143.5740509033203,337257
FRO,FRO.OL,2012-02-22,155.6999969482422,156.75,149.75,154.5,143.1109161376953,193342
FRO,FRO.OL,2012-02-23,149.9499969482422,154.5,143.5,145.75,135.00588989257812,87968
FRO,FRO.OL,2012-02-24,148.75,150.60000610351562,145.39999389648438,146.89999389648438,136.07113647460938,40914
FRO,FRO.OL,2012-02-27,149.0,155.64999389648438,147.9499969482422,154.89999389648438,143.4813690185547,74328
FRO,FRO.OL,2012-02-28,167.5,169.0,160.25,161.5,149.59487915039062,243160
FRO,FRO.OL,2012-02-29,159.25,159.25,151.85000610351562,154.0,142.647705078125,74141
FRO,FRO.OL,2012-03-01,151.6999969482422,159.0,150.6999969482422,151.14999389648438,140.00782775878906,113690
FRO,FRO.OL,2012-03-02,152.5,160.10000610351562,152.5,156.5,144.96348571777344,80800
FRO,FRO.OL,2012-03-05,153.89999389648438,154.0,145.25,149.64999389648438,138.618408203125,60003
FRO,FRO.OL,2012-03-06,152.5,152.5,139.5500030517578,141.14999389648438,130.74497985839844,101916
FRO,FRO.OL,2012-03-07,137.5,146.64999389648438,137.5,141.25,130.83758544921875,67935
FRO,FRO.OL,2012-03-08,141.39999389648438,142.35000610351562,137.5,138.85000610351562,128.61456298828125,86151
FRO,FRO.OL,2012-03-09,142.5,151.89999389648438,142.5,150.75,139.63729858398438,132877
FRO,FRO.OL,2012-03-12,150.0,152.10000610351562,145.14999389648438,150.35000610351562,139.266845703125,52967
FRO,FRO.OL,2012-03-13,150.25,156.0500030517578,149.0,153.35000610351562,142.045654296875,46025
FRO,FRO.OL,2012-03-14,154.9499969482422,165.0,153.5,157.0,145.4265899658203,158499
FRO,FRO.OL,2012-03-15,160.0,172.25,158.75,167.6999969482422,155.33782958984375,218078
FRO,FRO.OL,2012-03-16,175.0,220.0,174.3000030517578,216.3000030517578,200.35523986816406,624391
FRO,FRO.OL,2012-03-19,216.0500030517578,242.5,206.85000610351562,237.6999969482422,220.17774963378906,713895
FRO,FRO.OL,2012-03-20,237.39999389648438,237.5,207.85000610351562,221.0,204.7087860107422,391649
FRO,FRO.OL,2012-03-21,214.0,227.39999389648438,206.6999969482422,217.75,201.69834899902344,192005
FRO,FRO.OL,2012-03-22,206.6999969482422,213.4499969482422,197.5,199.5,184.79367065429688,256087
FRO,FRO.OL,2012-03-23,195.0,208.89999389648438,188.60000610351562,208.89999389648438,193.50076293945312,142663
FRO,FRO.OL,2012-03-26,202.5,210.0,195.10000610351562,198.10000610351562,183.49688720703125,119798
FRO,FRO.OL,2012-03-27,196.25,206.39999389648438,187.39999389648438,198.1999969482422,183.58950805664062,213606
FRO,FRO.OL,2012-03-28,200.0,225.5,195.0,220.39999389648438,204.1529998779297,368336
FRO,FRO.OL,2012-03-29,220.4499969482422,232.75,210.0,211.64999389648438,196.0480194091797,210678
FRO,FRO.OL,2012-03-30,223.9499969482422,223.9499969482422,214.8000030517578,218.64999389648438,202.53201293945312,113463
FRO,FRO.OL,2012-04-02,220.10000610351562,223.5,210.0500030517578,214.64999389648438,198.8268585205078,72642
FRO,FRO.OL,2012-04-03,212.10000610351562,213.9499969482422,205.0,206.14999389648438,190.95343017578125,100734
FRO,FRO.OL,2012-04-04,205.0,214.75,202.5500030517578,212.39999389648438,196.74270629882812,33183
FRO,FRO.OL,2012-04-10,201.0,206.3000030517578,195.75,196.5,182.01483154296875,134244
FRO,FRO.OL,2012-04-11,190.5,201.85000610351562,187.5,194.14999389648438,179.8380584716797,125506
FRO,FRO.OL,2012-04-12,199.0,199.35000610351562,191.0,198.39999389648438,183.77474975585938,53363
FRO,FRO.OL,2012-04-13,200.0,202.8000030517578,192.5,193.3000030517578,179.0507049560547,69844
FRO,FRO.OL,2012-04-16,194.0,195.0,182.75,186.25,172.52041625976562,76571
FRO,FRO.OL,2012-04-17,188.5,198.0,186.60000610351562,197.1999969482422,182.6631622314453,71748
FRO,FRO.OL,2012-04-18,193.5,193.5,182.64999389648438,183.4499969482422,169.92678833007812,101104
FRO,FRO.OL,2012-04-19,181.75,182.5,173.0,177.64999389648438,164.55435180664062,139131
FRO,FRO.OL,2012-04-20,185.0,185.0,177.89999389648438,179.0,165.80484008789062,39572
FRO,FRO.OL,2012-04-23,175.89999389648438,178.35000610351562,167.6999969482422,170.14999389648438,157.6072235107422,65227
FRO,FRO.OL,2012-04-24,170.3000030517578,175.64999389648438,167.5,175.64999389648438,162.7017822265625,73471
FRO,FRO.OL,2012-04-25,176.5,187.14999389648438,176.5,181.5,168.1205596923828,106212
FRO,FRO.OL,2012-04-26,181.5,191.64999389648438,176.0500030517578,189.5,175.53085327148438,104994
FRO,FRO.OL,2012-04-27,189.5,190.9499969482422,181.89999389648438,181.89999389648438,168.4910888671875,68874
FRO,FRO.OL,2012-04-30,189.5,192.5,185.0,189.25,175.2992401123047,63770
FRO,FRO.OL,2012-05-02,194.4499969482422,194.4499969482422,180.0,181.8000030517578,168.3984832763672,77519
FRO,FRO.OL,2012-05-03,180.0,183.89999389648438,176.0,178.8000030517578,165.61956787109375,76282
FRO,FRO.OL,2012-05-04,174.5,178.5,167.5,169.0,156.54200744628906,52085
FRO,FRO.OL,2012-05-07,166.5,172.75,163.9499969482422,171.8000030517578,159.1356201171875,36724
FRO,FRO.OL,2012-05-08,171.6999969482422,172.25,161.0,165.85000610351562,153.624267578125,41455
FRO,FRO.OL,2012-05-09,167.5,169.10000610351562,158.14999389648438,161.64999389648438,149.73382568359375,70797
FRO,FRO.OL,2012-05-10,159.5,167.4499969482422,159.5,163.85000610351562,151.7716522216797,38335
FRO,FRO.OL,2012-05-11,168.5,168.5,158.6999969482422,162.3000030517578,150.3358917236328,16823
FRO,FRO.OL,2012-05-14,162.0,162.0,152.5,154.4499969482422,143.06455993652344,30173
FRO,FRO.OL,2012-05-15,151.89999389648438,155.3000030517578,151.0500030517578,152.9499969482422,141.67515563964844,32667
FRO,FRO.OL,2012-05-16,153.5,159.6999969482422,151.85000610351562,155.85000610351562,144.36141967773438,39352
FRO,FRO.OL,2012-05-18,144.0500030517578,146.14999389648438,136.89999389648438,142.64999389648438,132.13446044921875,106780
FRO,FRO.OL,2012-05-21,142.25,148.39999389648438,138.9499969482422,145.0,134.3111572265625,39603
FRO,FRO.OL,2012-05-22,159.9499969482422,165.3000030517578,158.25,162.14999389648438,150.19696044921875,108831
FRO,FRO.OL,2012-05-23,158.75,159.60000610351562,145.0,149.35000610351562,138.3405303955078,64487
FRO,FRO.OL,2012-05-24,150.0,158.0500030517578,149.35000610351562,151.5500030517578,140.37835693359375,80616
FRO,FRO.OL,2012-05-25,150.89999389648438,172.3000030517578,150.89999389648438,171.3000030517578,158.67245483398438,73697
FRO,FRO.OL,2012-05-29,168.0,168.0,153.9499969482422,157.8000030517578,146.16761779785156,89465
FRO,FRO.OL,2012-05-30,161.1999969482422,161.1999969482422,145.0,148.75,137.7847442626953,76865
FRO,FRO.OL,2012-05-31,150.0,150.0,139.35000610351562,142.89999389648438,132.36599731445312,63057
FRO,FRO.OL,2012-06-01,145.8000030517578,146.0500030517578,136.0,138.89999389648438,128.66085815429688,34131
FRO,FRO.OL,2012-06-04,138.0500030517578,138.0500030517578,122.55000305175781,125.1500015258789,115.92444610595703,78353
FRO,FRO.OL,2012-06-05,125.0,129.0,120.25,126.9000015258789,117.54544067382812,67059
FRO,FRO.OL,2012-06-06,132.3000030517578,135.0,126.9000015258789,132.9499969482422,123.14945983886719,59689
FRO,FRO.OL,2012-06-07,131.5,136.5500030517578,128.64999389648438,129.64999389648438,120.0927505493164,62536
FRO,FRO.OL,2012-06-08,127.0,129.0,121.5,127.55000305175781,118.14754486083984,58695
FRO,FRO.OL,2012-06-11,128.5500030517578,129.8000030517578,121.0,122.0,113.00664520263672,42947
FRO,FRO.OL,2012-06-12,122.3499984741211,125.5999984741211,119.9000015258789,123.44999694824219,114.34976959228516,53907
FRO,FRO.OL,2012-06-13,127.5,127.5,120.69999694824219,122.80000305175781,113.74769592285156,52772
FRO,FRO.OL,2012-06-14,124.05000305175781,125.0,119.9000015258789,123.9000015258789,114.7666015625,47437
FRO,FRO.OL,2012-06-15,125.0,128.6999969482422,123.30000305175781,125.25,116.01709747314453,57409
FRO,FRO.OL,2012-06-18,132.0,134.0,124.30000305175781,125.69999694824219,116.43390655517578,67157
FRO,FRO.OL,2012-06-19,127.80000305175781,129.9499969482422,125.0,129.5500030517578,120.0000991821289,21370
FRO,FRO.OL,2012-06-20,131.6999969482422,136.25,128.9499969482422,134.5,124.58521270751953,33168
FRO,FRO.OL,2012-06-21,134.6999969482422,138.1999969482422,130.25,132.75,122.96421813964844,62756
FRO,FRO.OL,2012-06-22,132.8000030517578,132.8000030517578,124.30000305175781,125.94999694824219,116.66548919677734,34436
FRO,FRO.OL,2012-06-25,131.5,131.5,122.0,122.8499984741211,113.79400634765625,26668
FRO,FRO.OL,2012-06-26,120.69999694824219,125.8499984741211,120.25,121.0999984741211,112.17301177978516,31155
FRO,FRO.OL,2012-06-27,121.94999694824219,127.80000305175781,121.05000305175781,127.0,117.63806915283203,21135
FRO,FRO.OL,2012-06-28,129.75,131.10000610351562,125.0,128.89999389648438,119.39798736572266,24977
FRO,FRO.OL,2012-06-29,135.0,135.0,130.25,134.39999389648438,124.49258422851562,32831
FRO,FRO.OL,2012-07-02,135.0,137.6999969482422,129.9499969482422,131.0,121.34323120117188,32931
FRO,FRO.OL,2012-07-03,134.75,137.14999389648438,130.35000610351562,137.14999389648438,127.03986358642578,31587
FRO,FRO.OL,2012-07-04,138.0,138.0,135.5500030517578,136.10000610351562,126.06729888916016,13854
FRO,FRO.OL,2012-07-05,136.5,140.0,133.8000030517578,135.35000610351562,125.37255096435547,22730
FRO,FRO.OL,2012-07-06,138.10000610351562,138.5,134.0,135.89999389648438,125.88201904296875,31398
FRO,FRO.OL,2012-07-09,140.0,140.0,131.75,131.75,122.03791809082031,36754
FRO,FRO.OL,2012-07-10,130.5,134.4499969482422,129.0,133.85000610351562,123.98312377929688,17378
FRO,FRO.OL,2012-07-11,133.0,133.0,128.0500030517578,129.14999389648438,119.62955474853516,17045
FRO,FRO.OL,2012-07-12,127.5,128.0,122.5,122.5,113.46981811523438,21579
FRO,FRO.OL,2012-07-13,124.0,127.25,123.5,123.94999694824219,114.81290435791016,24008
FRO,FRO.OL,2012-07-16,124.75,127.94999694824219,123.69999694824219,124.80000305175781,115.6002426147461,16666
FRO,FRO.OL,2012-07-17,123.5,124.30000305175781,117.5,119.94999694824219,111.10778045654297,46523
FRO,FRO.OL,2012-07-18,122.0,123.94999694824219,118.3499984741211,123.44999694824219,114.34976959228516,21753
FRO,FRO.OL,2012-07-19,124.0,124.94999694824219,119.0,120.0999984741211,111.2467269897461,32602
FRO,FRO.OL,2012-07-20,121.0,121.94999694824219,117.5,117.5999984741211,108.93099975585938,24156
FRO,FRO.OL,2012-07-23,117.44999694824219,117.5999984741211,115.0999984741211,115.44999694824219,106.9394760131836,26471
FRO,FRO.OL,2012-07-24,115.44999694824219,115.55000305175781,112.4000015258789,114.1500015258789,105.73532104492188,36021
FRO,FRO.OL,2012-07-25,114.1500015258789,115.3499984741211,109.55000305175781,110.94999694824219,102.77120208740234,37000
FRO,FRO.OL,2012-07-26,109.0,111.44999694824219,107.6500015258789,108.05000305175781,100.08497619628906,33726
FRO,FRO.OL,2012-07-27,110.0,114.30000305175781,108.0999984741211,114.0,105.59639739990234,22131
FRO,FRO.OL,2012-07-30,115.1500015258789,119.8499984741211,115.1500015258789,117.55000305175781,108.88468170166016,39360
FRO,FRO.OL,2012-07-31,117.25,118.25,113.69999694824219,114.69999694824219,106.24478149414062,26982
FRO,FRO.OL,2012-08-01,113.44999694824219,115.3499984741211,112.30000305175781,113.5,105.13323974609375,26967
FRO,FRO.OL,2012-08-02,113.0,113.44999694824219,107.0999984741211,107.0999984741211,99.20503234863281,40411
FRO,FRO.OL,2012-08-03,107.0999984741211,113.94999694824219,107.0999984741211,111.44999694824219,103.23434448242188,25591
FRO,FRO.OL,2012-08-06,113.75,116.6500015258789,112.1500015258789,113.1500015258789,104.80904388427734,19551
FRO,FRO.OL,2012-08-07,113.5,116.19999694824219,111.75,112.5,104.20695495605469,30266
FRO,FRO.OL,2012-08-08,112.5,114.6500015258789,110.55000305175781,113.05000305175781,104.71641540527344,15788
FRO,FRO.OL,2012-08-09,113.6500015258789,114.30000305175781,111.05000305175781,111.69999694824219,103.46593475341797,13350
FRO,FRO.OL,2012-08-10,110.0,111.75,110.0,110.0,101.89125061035156,15007
FRO,FRO.OL,2012-08-13,111.0,111.0,106.05000305175781,106.44999694824219,98.6029281616211,13909
FRO,FRO.OL,2012-08-14,105.30000305175781,107.9000015258789,105.0,106.75,98.8808364868164,21321
FRO,FRO.OL,2012-08-15,109.9000015258789,109.9000015258789,106.75,108.0999984741211,100.13130950927734,27046
FRO,FRO.OL,2012-08-16,111.0,115.0,108.3499984741211,115.0,106.52268981933594,44477
FRO,FRO.OL,2012-08-17,112.0,116.69999694824219,112.0,114.94999694824219,106.47635650634766,25727
FRO,FRO.OL,2012-08-20,116.0,116.0,114.19999694824219,114.19999694824219,105.78163146972656,20452
FRO,FRO.OL,2012-08-21,116.5,116.5,111.44999694824219,115.80000305175781,107.2636947631836,24365
FRO,FRO.OL,2012-08-22,109.05000305175781,111.0,107.5,108.30000305175781,100.31657409667969,55760
FRO,FRO.OL,2012-08-23,108.5,109.0,106.75,107.0,99.11238098144531,23811
FRO,FRO.OL,2012-08-24,106.94999694824219,112.0,106.69999694824219,110.3499984741211,102.2154541015625,46672
FRO,FRO.OL,2012-08-27,113.0,113.69999694824219,108.94999694824219,110.44999694824219,102.3080825805664,31867
FRO,FRO.OL,2012-08-28,109.94999694824219,110.69999694824219,106.55000305175781,106.94999694824219,99.06608581542969,37152
FRO,FRO.OL,2012-08-29,106.94999694824219,108.0,95.0,96.25,89.15484619140625,85840
FRO,FRO.OL,2012-08-30,92.25,95.5999984741211,90.55000305175781,90.80000305175781,84.10661315917969,84438
FRO,FRO.OL,2012-08-31,90.75,94.05000305175781,89.9000015258789,89.9000015258789,83.27294921875,58793
FRO,FRO.OL,2012-09-03,90.4000015258789,94.3499984741211,90.4000015258789,92.0,85.21815490722656,38868
FRO,FRO.OL,2012-09-04,92.0,93.19999694824219,89.69999694824219,89.69999694824219,83.0876693725586,21269
FRO,FRO.OL,2012-09-05,91.94999694824219,91.94999694824219,86.19999694824219,90.0,83.36556243896484,21452
FRO,FRO.OL,2012-09-06,90.0,91.0,88.94999694824219,91.0,84.29187774658203,23539
FRO,FRO.OL,2012-09-07,91.55000305175781,93.9000015258789,91.5,92.5,85.68126678466797,45169
FRO,FRO.OL,2012-09-10,94.25,101.4000015258789,94.25,100.0999984741211,92.72103118896484,67002
FRO,FRO.OL,2012-09-11,106.0999984741211,112.5,104.5,105.1500015258789,97.3987808227539,104882
FRO,FRO.OL,2012-09-12,105.5,106.0,101.5,101.5,94.01785278320312,52409
FRO,FRO.OL,2012-09-13,101.5,102.75,100.19999694824219,102.5,94.94412994384766,25199
FRO,FRO.OL,2012-09-14,104.05000305175781,111.55000305175781,103.80000305175781,110.0,101.89125061035156,102980
FRO,FRO.OL,2012-09-17,110.5,119.19999694824219,110.0,118.3499984741211,109.6257095336914,101855
FRO,FRO.OL,2012-09-18,120.5,122.0,114.5,117.30000305175781,108.65312194824219,99136
FRO,FRO.OL,2012-09-19,112.0,118.0,108.55000305175781,115.25,106.75424194335938,115033
FRO,FRO.OL,2012-09-20,115.0,115.94999694824219,111.6500015258789,112.69999694824219,104.39220428466797,74187
FRO,FRO.OL,2012-09-21,112.69999694824219,117.3499984741211,110.5,117.3499984741211,108.69943237304688,81099
FRO,FRO.OL,2012-09-24,115.0,115.44999694824219,110.3499984741211,112.25,103.97539520263672,44353
FRO,FRO.OL,2012-09-25,114.75,115.9000015258789,111.1500015258789,115.9000015258789,107.35630798339844,22677
FRO,FRO.OL,2012-09-26,113.25,113.25,107.0,110.19999694824219,102.07649993896484,56194
FRO,FRO.OL,2012-09-27,112.4000015258789,113.69999694824219,109.9000015258789,113.19999694824219,104.85535430908203,28974
FRO,FRO.OL,2012-09-28,111.5,114.5,109.9000015258789,110.69999694824219,102.5396499633789,23550
FRO,FRO.OL,2012-10-01,110.69999694824219,112.19999694824219,109.25,112.0,103.74384307861328,17164
FRO,FRO.OL,2012-10-02,113.0,114.5,111.0,111.0,102.81754302978516,26965
FRO,FRO.OL,2012-10-03,112.55000305175781,113.94999694824219,110.05000305175781,111.0,102.81754302978516,24997
FRO,FRO.OL,2012-10-04,110.5,111.0,105.0,107.5999984741211,99.66816711425781,50180
FRO,FRO.OL,2012-10-05,107.5,110.6500015258789,104.9000015258789,108.5,100.5018310546875,59019
FRO,FRO.OL,2012-10-08,108.5,108.5,107.25,107.75,99.8071060180664,11560
FRO,FRO.OL,2012-10-09,105.5,107.5,104.0999984741211,105.5,97.72297668457031,27250
FRO,FRO.OL,2012-10-10,107.19999694824219,107.19999694824219,101.75,101.75,94.24939727783203,32199
FRO,FRO.OL,2012-10-11,101.44999694824219,103.30000305175781,100.0999984741211,102.0,94.4809799194336,39616
FRO,FRO.OL,2012-10-12,102.5,105.25,102.44999694824219,104.25,96.56511688232422,21643
FRO,FRO.OL,2012-10-15,101.05000305175781,102.44999694824219,95.0,99.8499984741211,92.48947143554688,52954
FRO,FRO.OL,2012-10-16,101.0,101.80000305175781,99.0,99.25,91.93370056152344,34687
FRO,FRO.OL,2012-10-17,96.0,97.75,90.8499984741211,91.5,84.75497436523438,106150
FRO,FRO.OL,2012-10-18,95.25,97.25,92.0999984741211,93.0999984741211,86.2370376586914,67692
FRO,FRO.OL,2012-10-19,94.5,96.94999694824219,93.69999694824219,95.25,88.22855377197266,51741
FRO,FRO.OL,2012-10-22,95.30000305175781,98.4000015258789,90.30000305175781,92.5,85.68126678466797,127630
FRO,FRO.OL,2012-10-23,95.44999694824219,95.6500015258789,91.30000305175781,94.0,87.07069396972656,64578
FRO,FRO.OL,2012-10-24,95.44999694824219,96.94999694824219,93.5,96.8499984741211,89.7105941772461,32757
FRO,FRO.OL,2012-10-25,92.9000015258789,96.1500015258789,91.9000015258789,93.1500015258789,86.28336334228516,40311
FRO,FRO.OL,2012-10-26,94.44999694824219,96.9000015258789,93.25,96.1500015258789,89.06222534179688,15135
FRO,FRO.OL,2012-10-29,95.44999694824219,95.44999694824219,93.0,94.9000015258789,87.90435791015625,16260
FRO,FRO.OL,2012-10-30,94.69999694824219,95.44999694824219,93.1500015258789,93.30000305175781,86.42230224609375,12386
FRO,FRO.OL,2012-10-31,94.44999694824219,95.0,89.5,90.0,83.36556243896484,66818
FRO,FRO.OL,2012-11-01,90.0,90.55000305175781,87.5,89.25,82.67086029052734,51500
FRO,FRO.OL,2012-11-02,90.0,91.0,87.8499984741211,89.9000015258789,83.27294921875,38740
FRO,FRO.OL,2012-11-05,90.0,91.69999694824219,89.3499984741211,91.5,84.75497436523438,11427
FRO,FRO.OL,2012-11-06,92.5,94.0,92.5,93.5,86.6075668334961,32501
FRO,FRO.OL,2012-11-07,93.5,94.5,91.05000305175781,91.25,84.52340698242188,14161
FRO,FRO.OL,2012-11-08,91.5,93.8499984741211,90.55000305175781,91.94999694824219,85.17182159423828,12956
FRO,FRO.OL,2012-11-09,91.0,93.4000015258789,90.44999694824219,92.5,85.68126678466797,40718
FRO,FRO.OL,2012-11-12,90.8499984741211,92.4000015258789,90.25,92.4000015258789,85.58866119384766,39675
FRO,FRO.OL,2012-11-13,91.6500015258789,93.94999694824219,90.30000305175781,93.0999984741211,86.2370376586914,76703
FRO,FRO.OL,2012-11-14,94.44999694824219,105.44999694824219,94.44999694824219,103.3499984741211,95.7314682006836,276450
FRO,FRO.OL,2012-11-15,110.0,113.0999984741211,105.0,105.5,97.72297668457031,152692
FRO,FRO.OL,2012-11-16,103.19999694824219,109.69999694824219,101.80000305175781,106.94999694824219,99.06608581542969,74977
FRO,FRO.OL,2012-11-19,109.25,112.0,107.3499984741211,110.0,101.89125061035156,141042
FRO,FRO.OL,2012-11-20,112.0,114.25,107.5,110.69999694824219,102.5396499633789,92651
FRO,FRO.OL,2012-11-21,110.0,110.0,105.9000015258789,108.25,100.270263671875,61757
FRO,FRO.OL,2012-11-22,108.0,110.25,105.25,106.05000305175781,98.232421875,22810
FRO,FRO.OL,2012-11-23,106.05000305175781,108.3499984741211,102.8499984741211,103.30000305175781,95.6851577758789,54754
FRO,FRO.OL,2012-11-26,103.94999694824219,107.4000015258789,103.0,105.75,97.95455169677734,19102
FRO,FRO.OL,2012-11-27,106.25,106.25,95.0,99.1500015258789,91.84107971191406,108256
FRO,FRO.OL,2012-11-28,97.55000305175781,100.0,94.4000015258789,97.80000305175781,90.59056854248047,62743
FRO,FRO.OL,2012-11-29,94.5,97.0,90.5,95.0999984741211,88.089599609375,88369
FRO,FRO.OL,2012-11-30,96.44999694824219,96.44999694824219,93.25,94.44999694824219,87.48751831054688,59690
FRO,FRO.OL,2012-12-03,93.5,95.9000015258789,93.30000305175781,94.5,87.53384399414062,34213
FRO,FRO.OL,2012-12-04,93.05000305175781,94.3499984741211,92.5999984741211,93.3499984741211,86.4686050415039,8224
FRO,FRO.OL,2012-12-05,93.5999984741211,95.0,91.75,91.80000305175781,85.03287506103516,19157
FRO,FRO.OL,2012-12-06,91.80000305175781,92.55000305175781,90.5,91.4000015258789,84.66238403320312,25637
FRO,FRO.OL,2012-12-07,90.6500015258789,92.8499984741211,90.5,92.0,85.21815490722656,14714
FRO,FRO.OL,2012-12-10,92.0,92.5,91.0999984741211,91.5,84.75497436523438,15072
FRO,FRO.OL,2012-12-11,91.5,95.69999694824219,91.5,95.5,88.46013641357422,52046
FRO,FRO.OL,2012-12-12,94.94999694824219,95.0999984741211,92.0,92.0,85.21815490722656,45612
FRO,FRO.OL,2012-12-13,92.0999984741211,92.5999984741211,90.0,91.3499984741211,84.61604309082031,41289
FRO,FRO.OL,2012-12-14,90.5,93.5,90.0,93.0999984741211,86.2370376586914,48032
FRO,FRO.OL,2012-12-17,95.30000305175781,97.44999694824219,94.0,97.25,90.08113861083984,77251
FRO,FRO.OL,2012-12-18,100.05000305175781,101.0,98.05000305175781,99.5,92.16529083251953,106680
FRO,FRO.OL,2012-12-19,99.75,101.25,98.05000305175781,100.19999694824219,92.81363677978516,62760
FRO,FRO.OL,2012-12-20,100.25,101.19999694824219,98.19999694824219,98.94999694824219,91.65579986572266,71218
FRO,FRO.OL,2012-12-21,98.5,101.5,96.0,101.5,94.01785278320312,59910
FRO,FRO.OL,2012-12-27,96.0,98.5,94.0,94.0,87.07069396972656,58400
FRO,FRO.OL,2012-12-28,94.0,97.5,90.5,92.5,85.68126678466797,55785
FRO,FRO.OL,2013-01-02,93.0,97.0,93.0,94.5,87.53384399414062,47241
FRO,FRO.OL,2013-01-03,94.5,98.5,93.5,97.0,89.84955596923828,87824
FRO,FRO.OL,2013-01-04,94.5,104.0,93.5,103.0,95.4072494506836,70245
FRO,FRO.OL,2013-01-07,101.0,102.0,97.5,99.5,92.16529083251953,52080
FRO,FRO.OL,2013-01-08,98.5,99.5,97.0,99.0,91.70211791992188,23779
FRO,FRO.OL,2013-01-09,99.0,101.5,98.5,99.0,91.70211791992188,55679
FRO,FRO.OL,2013-01-10,96.0,99.0,95.5,98.0,90.77583312988281,62003
FRO,FRO.OL,2013-01-11,99.0,102.0,98.0,98.5,91.23897552490234,40389
FRO,FRO.OL,2013-01-14,100.0,100.0,96.5,96.5,89.38641357421875,44505
FRO,FRO.OL,2013-01-15,98.5,98.5,95.5,96.0,88.92325592041016,30914
FRO,FRO.OL,2013-01-16,96.0,97.5,95.0,96.0,88.92325592041016,30592
FRO,FRO.OL,2013-01-17,96.5,98.5,95.5,98.0,90.77583312988281,31793
FRO,FRO.OL,2013-01-18,97.5,97.5,96.0,97.0,89.84955596923828,23369
FRO,FRO.OL,2013-01-21,96.0,98.5,94.0,96.0,88.92325592041016,50133
FRO,FRO.OL,2013-01-22,96.5,99.0,95.0,98.0,90.77583312988281,45162
FRO,FRO.OL,2013-01-23,98.5,101.0,98.0,100.5,93.091552734375,83052
FRO,FRO.OL,2013-01-24,100.0,100.0,97.0,97.5,90.31269836425781,44386
FRO,FRO.OL,2013-01-25,97.5,97.5,94.5,95.0,87.99697875976562,86089
FRO,FRO.OL,2013-01-28,94.5,97.0,94.5,95.0,87.99697875976562,120499
FRO,FRO.OL,2013-01-29,96.5,97.5,96.0,97.5,90.31269836425781,19607
FRO,FRO.OL,2013-01-30,97.0,97.0,96.0,96.0,88.92325592041016,15807
FRO,FRO.OL,2013-01-31,95.5,97.0,95.0,95.5,88.46013641357422,49558
FRO,FRO.OL,2013-02-01,96.0,96.0,95.0,95.5,88.46013641357422,11418
FRO,FRO.OL,2013-02-04,96.0,96.0,93.5,94.0,87.07069396972656,17359
FRO,FRO.OL,2013-02-05,93.5,95.0,91.0,93.0,86.14441680908203,57759
FRO,FRO.OL,2013-02-06,93.0,94.0,90.5,91.0,84.29187774658203,29615
FRO,FRO.OL,2013-02-07,91.0,92.5,91.0,92.0,85.21815490722656,29088
FRO,FRO.OL,2013-02-08,92.0,93.0,90.5,92.0,85.21815490722656,13811
FRO,FRO.OL,2013-02-11,92.0,92.0,90.0,91.0,84.29187774658203,13229
FRO,FRO.OL,2013-02-12,92.0,92.0,82.5,91.0,84.29187774658203,71119
FRO,FRO.OL,2013-02-13,91.0,91.5,87.5,90.0,83.36556243896484,23808
FRO,FRO.OL,2013-02-14,90.0,90.0,88.0,88.0,81.51301574707031,21374
FRO,FRO.OL,2013-02-15,87.5,89.0,87.0,87.5,81.04985809326172,24550
FRO,FRO.OL,2013-02-18,87.5,87.5,86.0,86.0,79.66043090820312,11467
FRO,FRO.OL,2013-02-19,86.5,88.0,84.5,86.0,79.66043090820312,39280
FRO,FRO.OL,2013-02-20,86.0,86.5,84.0,84.0,77.80783081054688,27495
FRO,FRO.OL,2013-02-21,83.5,84.0,80.0,80.5,74.56584930419922,51524
FRO,FRO.OL,2013-02-22,82.5,84.0,73.5,75.0,69.4713134765625,207036
FRO,FRO.OL,2013-02-25,70.0,71.5,61.5,62.0,57.42961883544922,288239
FRO,FRO.OL,2013-02-26,58.5,62.0,56.5,60.5,56.04019546508789,212564
FRO,FRO.OL,2013-02-27,62.0,63.0,60.5,61.75,57.19805145263672,74104
FRO,FRO.OL,2013-02-28,61.25,61.5,58.5,58.5,54.187618255615234,68661
FRO,FRO.OL,2013-03-01,58.75,59.75,57.5,59.75,55.34547805786133,38972
FRO,FRO.OL,2013-03-04,60.0,60.0,57.5,59.0,54.650753021240234,35501
FRO,FRO.OL,2013-03-05,58.5,58.75,54.25,54.75,50.714046478271484,120673
FRO,FRO.OL,2013-03-06,53.5,55.0,50.75,55.0,50.94562530517578,80444
FRO,FRO.OL,2013-03-07,56.75,58.0,55.75,56.25,52.103477478027344,37823
FRO,FRO.OL,2013-03-08,58.0,62.5,56.75,61.75,57.19805145263672,114080
FRO,FRO.OL,2013-03-11,63.5,66.0,62.0,63.5,58.819034576416016,130404
FRO,FRO.OL,2013-03-12,62.5,62.75,57.25,58.5,54.187618255615234,62096
FRO,FRO.OL,2013-03-13,58.75,60.5,56.25,56.25,52.103477478027344,52454
FRO,FRO.OL,2013-03-14,57.75,61.0,56.0,61.0,56.50332260131836,48422
FRO,FRO.OL,2013-03-15,60.0,62.5,59.0,62.25,57.66117858886719,76333
FRO,FRO.OL,2013-03-18,60.5,67.0,60.0,67.0,62.06103515625,139256
FRO,FRO.OL,2013-03-19,64.0,64.75,61.75,62.25,57.66117858886719,70571
FRO,FRO.OL,2013-03-20,62.5,63.25,60.25,61.5,56.966468811035156,55540
FRO,FRO.OL,2013-03-21,59.75,67.5,59.0,65.5,60.67161560058594,49964
FRO,FRO.OL,2013-03-22,65.0,70.0,63.0,66.25,61.366329193115234,110446
FRO,FRO.OL,2013-03-25,66.0,67.75,63.0,64.0,59.28218078613281,29093
FRO,FRO.OL,2013-03-26,64.5,65.75,61.5,64.0,59.28218078613281,23081
FRO,FRO.OL,2013-03-27,64.0,65.0,64.0,65.0,60.20845031738281,11558
FRO,FRO.OL,2013-04-02,65.5,66.25,62.5,63.75,59.05060958862305,24076
FRO,FRO.OL,2013-04-03,64.25,64.25,59.5,60.0,55.577049255371094,94224
FRO,FRO.OL,2013-04-04,61.0,61.25,59.25,60.0,55.577049255371094,45710
FRO,FRO.OL,2013-04-05,58.5,60.25,56.0,56.75,52.566619873046875,59050
FRO,FRO.OL,2013-04-08,60.0,61.75,59.75,61.75,57.19805145263672,52794
FRO,FRO.OL,2013-04-09,61.5,61.5,58.75,60.25,55.80861282348633,27254
FRO,FRO.OL,2013-04-10,60.5,62.0,59.0,61.0,56.50332260131836,33664
FRO,FRO.OL,2013-04-11,59.75,61.0,59.25,59.75,55.34547805786133,25573
FRO,FRO.OL,2013-04-12,60.75,60.75,59.0,59.75,55.34547805786133,12405
FRO,FRO.OL,2013-04-15,59.75,59.75,56.25,57.5,53.26134490966797,34059
FRO,FRO.OL,2013-04-16,56.25,57.75,54.0,57.25,53.02976608276367,60388
FRO,FRO.OL,2013-04-17,57.75,58.75,56.25,56.75,52.566619873046875,22324
FRO,FRO.OL,2013-04-18,57.5,57.5,55.0,55.0,50.94562530517578,38380
FRO,FRO.OL,2013-04-19,56.0,56.5,54.5,55.5,51.40877151489258,10146
FRO,FRO.OL,2013-04-22,55.75,56.75,55.25,55.75,51.64033508300781,9739
FRO,FRO.OL,2013-04-23,56.0,58.0,55.25,57.75,53.49290466308594,14632
FRO,FRO.OL,2013-04-24,58.5,58.5,57.5,58.0,53.724464416503906,5445
FRO,FRO.OL,2013-04-25,58.0,58.0,57.0,57.5,53.26134490966797,6341
FRO,FRO.OL,2013-04-26,57.25,57.5,56.25,56.25,52.103477478027344,25842
FRO,FRO.OL,2013-04-29,56.25,56.25,55.0,55.75,51.64033508300781,15595
FRO,FRO.OL,2013-04-30,55.5,55.5,53.5,53.5,49.556190490722656,31923
FRO,FRO.OL,2013-05-02,52.5,53.0,49.5,50.0,46.314205169677734,94782
FRO,FRO.OL,2013-05-03,52.0,52.25,50.0,51.5,47.7036247253418,26576
FRO,FRO.OL,2013-05-06,51.0,52.5,51.0,52.0,48.16678237915039,20425
FRO,FRO.OL,2013-05-07,51.75,53.25,50.75,52.5,48.62990951538086,19439
FRO,FRO.OL,2013-05-08,53.5,53.5,51.25,51.5,47.7036247253418,18066
FRO,FRO.OL,2013-05-10,51.5,53.5,51.25,52.75,48.861488342285156,19556
FRO,FRO.OL,2013-05-13,55.5,60.5,55.25,60.5,56.04019546508789,110632
FRO,FRO.OL,2013-05-14,60.5,63.75,59.5,61.25,56.73490905761719,82154
FRO,FRO.OL,2013-05-15,60.0,61.5,58.25,59.0,54.650753021240234,60735
FRO,FRO.OL,2013-05-16,59.0,61.25,55.5,59.75,55.34547805786133,112006
FRO,FRO.OL,2013-05-21,62.0,69.5,61.5,66.5,61.59787368774414,198836
FRO,FRO.OL,2013-05-22,70.25,70.25,67.0,70.0,64.83988189697266,162566
FRO,FRO.OL,2013-05-23,65.0,70.25,62.5,70.0,64.83988189697266,101908
FRO,FRO.OL,2013-05-24,68.25,70.0,65.5,65.5,60.67161560058594,74163
FRO,FRO.OL,2013-05-27,66.75,66.75,64.0,64.25,59.51374816894531,24939
FRO,FRO.OL,2013-05-28,65.0,68.25,65.0,68.0,62.98731231689453,47222
FRO,FRO.OL,2013-05-29,67.25,67.25,64.5,64.75,59.976898193359375,52357
FRO,FRO.OL,2013-05-30,63.25,64.5,58.5,60.0,55.577049255371094,151135
FRO,FRO.OL,2013-05-31,59.5,59.5,53.0,53.0,49.093055725097656,324746
FRO,FRO.OL,2013-06-03,53.0,55.25,50.5,53.5,49.556190490722656,85764
FRO,FRO.OL,2013-06-04,53.5,55.0,52.5,54.5,50.482479095458984,53882
FRO,FRO.OL,2013-06-05,54.25,57.25,53.0,56.0,51.87192153930664,40262
FRO,FRO.OL,2013-06-06,54.5,55.75,52.5,55.0,50.94562530517578,37095
FRO,FRO.OL,2013-06-07,52.75,53.75,50.5,53.0,49.093055725097656,112905
FRO,FRO.OL,2013-06-10,52.75,54.0,50.0,54.0,50.01934051513672,47082
FRO,FRO.OL,2013-06-11,54.0,54.25,50.75,51.75,47.93519592285156,45355
FRO,FRO.OL,2013-06-12,51.5,52.75,51.0,51.0,47.2404899597168,25281
FRO,FRO.OL,2013-06-13,51.0,53.0,49.5,52.25,48.398353576660156,39584
FRO,FRO.OL,2013-06-14,52.75,54.25,51.75,52.75,48.861488342285156,24713
FRO,FRO.OL,2013-06-17,54.0,73.25,52.75,69.0,63.913612365722656,585995
FRO,FRO.OL,2013-06-18,68.5,69.75,62.5,63.5,58.819034576416016,192289
FRO,FRO.OL,2013-06-19,62.5,67.0,60.75,61.25,56.73490905761719,70222
FRO,FRO.OL,2013-06-20,60.5,62.0,58.0,59.0,54.650753021240234,28417
FRO,FRO.OL,2013-06-21,57.5,59.25,56.25,57.75,53.49290466308594,81050
FRO,FRO.OL,2013-06-24,57.75,57.75,54.5,54.5,50.482479095458984,22200
FRO,FRO.OL,2013-06-25,53.5,57.0,53.0,54.25,50.25091552734375,57285
FRO,FRO.OL,2013-06-26,55.75,57.75,54.5,57.0,52.79819869995117,20674
FRO,FRO.OL,2013-06-27,57.0,58.0,55.25,55.25,51.17719650268555,26161
FRO,FRO.OL,2013-06-28,55.25,56.75,54.25,54.5,50.482479095458984,16268
FRO,FRO.OL,2013-07-01,53.5,56.5,53.5,56.0,51.87192153930664,16750
FRO,FRO.OL,2013-07-02,56.5,59.25,55.0,59.25,54.8823356628418,35040
FRO,FRO.OL,2013-07-03,59.5,62.5,57.75,61.5,56.966468811035156,60835
FRO,FRO.OL,2013-07-04,62.5,66.5,62.0,62.0,57.42961883544922,31658
FRO,FRO.OL,2013-07-05,60.5,66.25,60.25,62.0,57.42961883544922,24285
FRO,FRO.OL,2013-07-08,62.75,64.0,59.5,62.75,58.12432098388672,22026
FRO,FRO.OL,2013-07-09,62.25,63.75,60.75,62.5,57.89274978637695,18283
FRO,FRO.OL,2013-07-10,61.75,63.75,60.75,62.0,57.42961883544922,19772
FRO,FRO.OL,2013-07-11,62.5,63.0,60.0,60.25,55.80861282348633,21580
FRO,FRO.OL,2013-07-12,60.5,61.5,59.0,60.25,55.80861282348633,35408
FRO,FRO.OL,2013-07-15,60.0,61.25,60.0,60.5,56.04019546508789,4027
FRO,FRO.OL,2013-07-16,60.25,61.0,59.5,59.5,55.113895416259766,5872
FRO,FRO.OL,2013-07-17,60.5,62.5,59.5,62.5,57.89274978637695,16748
FRO,FRO.OL,2013-07-18,62.5,68.0,62.0,66.75,61.829463958740234,76257
FRO,FRO.OL,2013-07-19,66.75,68.75,64.5,67.5,62.524166107177734,25862
FRO,FRO.OL,2013-07-22,67.0,69.0,65.25,68.5,63.45044708251953,15486
FRO,FRO.OL,2013-07-23,70.0,71.25,66.5,69.25,64.14519500732422,35821
FRO,FRO.OL,2013-07-24,68.75,83.5,68.0,82.5,76.41842651367188,66722
FRO,FRO.OL,2013-07-25,79.0,80.0,75.0,80.0,74.10272979736328,85191
FRO,FRO.OL,2013-07-26,80.0,87.5,80.0,84.5,78.27100372314453,133663
FRO,FRO.OL,2013-07-29,82.5,83.0,78.0,80.5,74.56584930419922,32018
FRO,FRO.OL,2013-07-30,79.5,82.5,79.0,79.5,73.63958740234375,12140
FRO,FRO.OL,2013-07-31,79.5,79.5,75.5,77.0,71.3238525390625,22201
FRO,FRO.OL,2013-08-01,79.0,87.0,78.0,83.5,77.34471893310547,84957
FRO,FRO.OL,2013-08-02,85.0,85.0,80.0,81.5,75.49214935302734,37668
FRO,FRO.OL,2013-08-05,80.5,81.0,76.5,78.0,72.25016021728516,33632
FRO,FRO.OL,2013-08-06,80.5,80.5,76.5,76.5,70.86073303222656,33491
FRO,FRO.OL,2013-08-07,77.0,77.0,73.25,73.5,68.08190155029297,21691
FRO,FRO.OL,2013-08-08,71.5,76.5,71.5,74.25,68.7765884399414,35599
FRO,FRO.OL,2013-08-09,74.75,79.0,74.75,76.5,70.86073303222656,38653
FRO,FRO.OL,2013-08-12,75.0,77.0,75.0,75.5,69.93445587158203,30115
FRO,FRO.OL,2013-08-13,75.0,76.5,73.75,74.0,68.5450210571289,23170
FRO,FRO.OL,2013-08-14,73.75,77.5,72.25,77.5,71.78702545166016,63421
FRO,FRO.OL,2013-08-15,79.0,82.0,77.5,81.0,75.02899932861328,82045
FRO,FRO.OL,2013-08-16,79.0,81.5,77.5,81.5,75.49214935302734,50473
FRO,FRO.OL,2013-08-19,82.5,88.0,82.5,83.0,76.881591796875,101688
FRO,FRO.OL,2013-08-20,79.0,87.0,79.0,83.5,77.34471893310547,135013
FRO,FRO.OL,2013-08-21,85.0,85.5,82.0,84.5,78.27100372314453,48168
FRO,FRO.OL,2013-08-22,84.5,87.0,83.0,84.5,78.27100372314453,87317
FRO,FRO.OL,2013-08-23,84.5,84.5,81.5,82.0,75.95529174804688,70992
FRO,FRO.OL,2013-08-26,82.0,83.0,78.5,79.5,73.63958740234375,66844
FRO,FRO.OL,2013-08-27,80.0,86.5,79.0,86.5,80.1235580444336,127186
FRO,FRO.OL,2013-08-28,85.0,86.0,75.5,83.0,76.881591796875,186065
FRO,FRO.OL,2013-08-29,79.0,79.0,70.0,75.5,69.93445587158203,195605
FRO,FRO.OL,2013-08-30,74.75,76.5,71.25,75.5,69.93445587158203,96650
FRO,FRO.OL,2013-09-02,74.75,76.5,72.5,73.5,68.08190155029297,23636
FRO,FRO.OL,2013-09-03,73.75,75.0,71.75,74.25,68.7765884399414,23106
FRO,FRO.OL,2013-09-04,74.0,75.0,72.5,74.25,68.7765884399414,12296
FRO,FRO.OL,2013-09-05,74.0,78.5,72.75,78.5,72.71329498291016,27643
FRO,FRO.OL,2013-09-06,78.5,82.5,76.0,80.0,74.10272979736328,34099
FRO,FRO.OL,2013-09-09,82.5,85.5,80.0,83.5,77.34471893310547,36305
FRO,FRO.OL,2013-09-10,81.5,84.0,78.0,80.0,74.10272979736328,16489
FRO,FRO.OL,2013-09-11,80.0,80.0,78.0,78.0,72.25016021728516,26810
FRO,FRO.OL,2013-09-12,80.0,82.0,76.0,76.0,70.3975830078125,114321
FRO,FRO.OL,2013-09-13,77.5,78.5,76.0,77.0,71.3238525390625,7892
FRO,FRO.OL,2013-09-16,77.5,80.0,75.5,77.0,71.3238525390625,19432
FRO,FRO.OL,2013-09-17,77.5,78.5,75.5,77.5,71.78702545166016,12557
FRO,FRO.OL,2013-09-18,76.0,78.0,74.5,77.5,71.78702545166016,15012
FRO,FRO.OL,2013-09-19,76.0,77.5,72.75,73.0,67.61873626708984,53917
FRO,FRO.OL,2013-09-20,89.0,89.0,78.0,78.0,72.25016021728516,407284
FRO,FRO.OL,2013-09-23,78.0,80.0,77.0,77.0,71.3238525390625,23146
FRO,FRO.OL,2013-09-24,78.5,81.5,77.0,78.5,72.71329498291016,22563
FRO,FRO.OL,2013-09-25,77.5,81.0,75.5,80.5,74.56584930419922,33255
FRO,FRO.OL,2013-09-26,80.5,82.0,78.0,82.0,75.95529174804688,35400
FRO,FRO.OL,2013-09-27,80.0,81.5,78.5,79.0,73.17644500732422,7879
FRO,FRO.OL,2013-09-30,79.5,80.0,77.0,77.5,71.78702545166016,6160
FRO,FRO.OL,2013-10-01,80.0,80.0,78.0,79.5,73.63958740234375,5571
FRO,FRO.OL,2013-10-02,79.5,80.5,79.0,80.0,74.10272979736328,5583
FRO,FRO.OL,2013-10-03,80.5,80.5,77.5,77.5,71.78702545166016,6278
FRO,FRO.OL,2013-10-04,80.0,80.5,76.5,80.0,74.10272979736328,11352
FRO,FRO.OL,2013-10-07,79.0,79.0,75.0,75.0,69.4713134765625,19070
FRO,FRO.OL,2013-10-08,76.0,77.5,74.25,74.25,68.7765884399414,19834
FRO,FRO.OL,2013-10-09,74.25,75.0,71.0,72.25,66.92403411865234,31119
FRO,FRO.OL,2013-10-10,72.25,74.25,70.0,74.0,68.5450210571289,20310
FRO,FRO.OL,2013-10-11,74.0,75.0,65.25,67.5,62.524166107177734,88824
FRO,FRO.OL,2013-10-14,66.5,69.5,65.0,65.0,60.20845031738281,39540
FRO,FRO.OL,2013-10-15,63.5,65.75,61.5,64.5,59.74532699584961,165950
FRO,FRO.OL,2013-10-16,64.25,65.0,61.5,64.25,59.51374816894531,48877
FRO,FRO.OL,2013-10-17,65.0,71.25,65.0,67.75,62.75574493408203,136182
FRO,FRO.OL,2013-10-18,68.25,69.0,65.0,66.0,61.13475799560547,47233
FRO,FRO.OL,2013-10-21,66.75,72.0,66.75,71.5,66.22930908203125,46433
FRO,FRO.OL,2013-10-22,69.0,71.25,67.75,68.0,62.98731231689453,46131
FRO,FRO.OL,2013-10-23,68.25,69.5,67.75,67.75,62.75574493408203,12533
FRO,FRO.OL,2013-10-24,68.5,69.25,67.5,67.75,62.75574493408203,13170
FRO,FRO.OL,2013-10-25,68.5,69.25,67.0,68.0,62.98731231689453,6282
FRO,FRO.OL,2013-10-28,68.5,68.5,65.5,65.5,60.67161560058594,15145
FRO,FRO.OL,2013-10-29,67.0,67.25,65.0,65.25,60.44002914428711,15956
FRO,FRO.OL,2013-10-30,65.0,65.0,61.25,62.5,57.89274978637695,48773
FRO,FRO.OL,2013-10-31,64.0,64.0,61.25,63.0,58.355899810791016,57771
FRO,FRO.OL,2013-11-01,63.75,72.5,63.25,69.0,63.913612365722656,213714
FRO,FRO.OL,2013-11-04,71.25,74.75,70.0,70.5,65.30303192138672,141694
FRO,FRO.OL,2013-11-05,71.0,71.0,67.5,67.5,62.524166107177734,88272
FRO,FRO.OL,2013-11-06,69.0,69.5,67.5,68.0,62.98731231689453,40186
FRO,FRO.OL,2013-11-07,68.5,72.25,68.0,70.75,65.53459930419922,65590
FRO,FRO.OL,2013-11-08,69.75,73.5,69.0,73.5,68.08190155029297,64594
FRO,FRO.OL,2013-11-11,76.0,81.5,75.0,77.0,71.3238525390625,269054
FRO,FRO.OL,2013-11-12,78.5,81.0,76.0,77.0,71.3238525390625,116410
FRO,FRO.OL,2013-11-13,76.0,78.0,75.0,77.5,71.78702545166016,32220
FRO,FRO.OL,2013-11-14,78.5,78.5,76.0,76.5,70.86073303222656,42339
FRO,FRO.OL,2013-11-15,76.0,77.5,73.0,77.0,71.3238525390625,74128
FRO,FRO.OL,2013-11-18,78.0,78.0,75.5,76.0,70.3975830078125,43797
FRO,FRO.OL,2013-11-19,76.5,76.5,75.0,75.0,69.4713134765625,16573
FRO,FRO.OL,2013-11-20,76.5,77.5,75.0,76.0,70.3975830078125,77716
FRO,FRO.OL,2013-11-21,76.0,77.5,74.0,74.5,69.0081558227539,54380
FRO,FRO.OL,2013-11-22,74.5,75.5,73.75,74.0,68.5450210571289,39182
FRO,FRO.OL,2013-11-25,73.75,77.5,73.75,74.5,69.0081558227539,108880
FRO,FRO.OL,2013-11-26,74.0,74.75,73.25,74.25,68.7765884399414,43200
FRO,FRO.OL,2013-11-27,73.5,82.5,73.5,82.0,75.95529174804688,345937
FRO,FRO.OL,2013-11-28,84.0,95.0,81.0,91.0,84.29187774658203,535945
FRO,FRO.OL,2013-11-29,92.5,107.5,91.5,94.0,87.07069396972656,862045
FRO,FRO.OL,2013-12-02,92.5,107.0,92.5,104.5,96.79670715332031,645541
FRO,FRO.OL,2013-12-03,104.5,112.5,102.0,105.5,97.72297668457031,692654
FRO,FRO.OL,2013-12-04,109.5,113.5,106.0,110.0,101.89125061035156,395543
FRO,FRO.OL,2013-12-05,116.0,118.5,112.0,115.5,106.98580932617188,335854
FRO,FRO.OL,2013-12-06,112.0,112.5,103.5,107.5,99.57552337646484,263771
FRO,FRO.OL,2013-12-09,102.0,105.0,96.0,99.0,91.70211791992188,194153
FRO,FRO.OL,2013-12-10,100.0,106.5,97.5,98.0,90.77583312988281,135792
FRO,FRO.OL,2013-12-11,97.5,101.0,94.0,99.5,92.16529083251953,92791
FRO,FRO.OL,2013-12-12,99.0,107.5,95.0,103.0,95.4072494506836,128862
FRO,FRO.OL,2013-12-13,105.0,106.0,101.0,101.5,94.01785278320312,77822
FRO,FRO.OL,2013-12-16,102.0,106.0,99.0,100.0,92.62841033935547,108383
FRO,FRO.OL,2013-12-17,100.5,101.0,96.5,99.0,91.70211791992188,63355
FRO,FRO.OL,2013-12-18,100.0,102.0,99.0,99.5,92.16529083251953,28747
FRO,FRO.OL,2013-12-19,102.0,111.0,101.0,111.0,102.81754302978516,186442
FRO,FRO.OL,2013-12-20,111.0,112.0,106.0,108.0,100.03868103027344,116106
FRO,FRO.OL,2013-12-23,108.5,114.0,104.5,110.5,102.3543930053711,134033
FRO,FRO.OL,2013-12-27,113.0,125.0,113.0,121.0,112.08039093017578,199039
FRO,FRO.OL,2013-12-30,121.0,125.0,116.5,118.0,109.30150604248047,115785
FRO,FRO.OL,2014-01-02,118.0,120.5,110.0,111.0,102.81754302978516,143994
FRO,FRO.OL,2014-01-03,110.0,118.5,109.0,117.0,108.37523651123047,103300
FRO,FRO.OL,2014-01-06,116.0,127.5,114.0,127.5,118.1012191772461,231531
FRO,FRO.OL,2014-01-07,130.5,143.5,128.5,136.5,126.4377670288086,341294
FRO,FRO.OL,2014-01-08,139.0,144.5,136.5,142.0,131.53233337402344,171142
FRO,FRO.OL,2014-01-09,142.5,171.0,142.5,159.0,147.2791748046875,488263
FRO,FRO.OL,2014-01-10,153.5,157.5,134.5,135.5,125.51148986816406,416650
FRO,FRO.OL,2014-01-13,140.0,150.0,139.0,144.5,133.8480682373047,244955
FRO,FRO.OL,2014-01-14,142.5,146.5,130.0,133.5,123.65892791748047,228911
FRO,FRO.OL,2014-01-15,137.5,144.5,135.5,139.5,129.2166290283203,212580
FRO,FRO.OL,2014-01-16,147.5,155.0,145.0,154.0,142.647705078125,331660
FRO,FRO.OL,2014-01-17,155.0,158.0,147.5,151.0,139.86891174316406,250723
FRO,FRO.OL,2014-01-20,145.5,152.5,145.5,148.5,137.5531768798828,99183
FRO,FRO.OL,2014-01-21,151.5,161.0,150.5,152.5,141.25831604003906,344282
FRO,FRO.OL,2014-01-22,155.5,160.5,148.5,153.0,141.72146606445312,292396
FRO,FRO.OL,2014-01-23,150.0,159.0,147.5,154.5,143.1109161376953,390819
FRO,FRO.OL,2014-01-24,155.5,158.0,143.5,146.5,135.70059204101562,220583
FRO,FRO.OL,2014-01-27,142.5,144.5,132.5,140.0,129.6797637939453,227254
FRO,FRO.OL,2014-01-28,135.0,141.5,129.5,136.0,125.97462463378906,242056
FRO,FRO.OL,2014-01-29,137.5,140.5,121.0,124.5,115.32235717773438,388981
FRO,FRO.OL,2014-01-30,122.5,138.0,120.0,134.5,124.58521270751953,251967
FRO,FRO.OL,2014-01-31,138.0,138.5,130.0,131.5,121.80634307861328,93014
FRO,FRO.OL,2014-02-03,129.0,132.5,126.5,126.5,117.17494201660156,92470
FRO,FRO.OL,2014-02-04,122.5,125.0,119.0,123.0,113.93293762207031,121677
FRO,FRO.OL,2014-02-05,124.5,127.0,120.0,120.0,111.15409851074219,69339
FRO,FRO.OL,2014-02-06,124.0,126.0,122.0,124.0,114.85923767089844,50180
FRO,FRO.OL,2014-02-07,124.5,126.5,121.0,125.0,115.7854995727539,75090
FRO,FRO.OL,2014-02-10,126.0,127.0,120.0,122.0,113.00664520263672,80679
FRO,FRO.OL,2014-02-11,122.5,122.5,114.0,115.0,106.52268981933594,128610
FRO,FRO.OL,2014-02-12,111.0,116.5,107.5,115.5,106.98580932617188,226898
FRO,FRO.OL,2014-02-13,117.5,120.0,113.0,116.0,107.44892883300781,116155
FRO,FRO.OL,2014-02-14,117.0,124.5,114.0,124.5,115.32235717773438,202049
FRO,FRO.OL,2014-02-17,126.0,130.0,123.5,124.0,114.85923767089844,129939
FRO,FRO.OL,2014-02-18,123.5,125.5,118.5,120.5,111.61722564697266,98026
FRO,FRO.OL,2014-02-19,119.0,119.5,115.0,116.5,107.91211700439453,90241
FRO,FRO.OL,2014-02-20,113.0,118.0,110.5,114.0,105.59639739990234,78898
FRO,FRO.OL,2014-02-21,115.0,123.5,115.0,121.0,112.08039093017578,164387
FRO,FRO.OL,2014-02-24,124.5,128.5,121.5,123.5,114.39610290527344,317421
FRO,FRO.OL,2014-02-25,126.0,128.0,121.0,121.5,112.54350280761719,113798
FRO,FRO.OL,2014-02-26,124.0,132.5,121.5,132.5,122.73265838623047,254176
FRO,FRO.OL,2014-02-27,137.0,140.0,123.0,123.0,113.93293762207031,380273
FRO,FRO.OL,2014-02-28,125.5,132.5,122.0,132.0,122.26951599121094,254465
FRO,FRO.OL,2014-03-03,129.5,130.5,125.5,126.5,117.17494201660156,161816
FRO,FRO.OL,2014-03-04,127.0,131.5,125.0,131.0,121.34323120117188,146716
FRO,FRO.OL,2014-03-05,132.0,137.0,129.5,135.0,125.04833221435547,164231
FRO,FRO.OL,2014-03-06,135.0,136.5,132.0,132.5,122.73265838623047,76077
FRO,FRO.OL,2014-03-07,131.5,132.5,126.0,127.0,117.63806915283203,139455
FRO,FRO.OL,2014-03-10,125.0,126.0,120.0,122.0,113.00664520263672,129990
FRO,FRO.OL,2014-03-11,124.0,125.5,119.0,125.0,115.7854995727539,89428
FRO,FRO.OL,2014-03-12,121.0,121.0,114.5,118.0,109.30150604248047,180613
FRO,FRO.OL,2014-03-13,117.0,118.0,114.0,116.0,107.44892883300781,97599
FRO,FRO.OL,2014-03-14,113.5,115.0,110.5,112.5,104.20695495605469,80699
FRO,FRO.OL,2014-03-17,112.0,117.0,112.0,116.5,107.91211700439453,70981
FRO,FRO.OL,2014-03-18,118.0,121.5,115.0,120.5,111.61722564697266,63387
FRO,FRO.OL,2014-03-19,122.5,122.5,118.5,120.0,111.15409851074219,28452
FRO,FRO.OL,2014-03-20,119.0,120.5,117.5,120.5,111.61722564697266,31806
FRO,FRO.OL,2014-03-21,120.5,121.5,115.0,117.5,108.83837890625,42545
FRO,FRO.OL,2014-03-24,120.5,121.5,114.5,115.0,106.52268981933594,68559
FRO,FRO.OL,2014-03-25,117.0,119.0,114.5,117.0,108.37523651123047,37325
FRO,FRO.OL,2014-03-26,115.0,118.0,112.5,113.5,105.13323974609375,63894
FRO,FRO.OL,2014-03-27,113.0,113.0,107.0,108.0,100.03868103027344,95390
FRO,FRO.OL,2014-03-28,109.5,115.0,109.0,115.0,106.52268981933594,86597
FRO,FRO.OL,2014-03-31,115.0,117.0,111.5,117.0,108.37523651123047,50693
FRO,FRO.OL,2014-04-01,117.5,120.0,115.0,120.0,111.15409851074219,44423
FRO,FRO.OL,2014-04-02,121.0,125.5,117.0,120.0,111.15409851074219,142634
FRO,FRO.OL,2014-04-03,122.5,123.5,119.5,121.5,112.54350280761719,25098
FRO,FRO.OL,2014-04-04,118.5,122.0,118.0,122.0,113.00664520263672,32493
FRO,FRO.OL,2014-04-07,119.0,119.5,114.5,117.0,108.37523651123047,36519
FRO,FRO.OL,2014-04-08,117.0,117.5,114.0,114.0,105.59639739990234,48427
FRO,FRO.OL,2014-04-09,115.0,118.0,115.0,117.5,108.83837890625,24337
FRO,FRO.OL,2014-04-10,118.5,118.5,113.0,113.0,104.67008209228516,22783
FRO,FRO.OL,2014-04-11,114.0,114.0,107.0,109.0,100.96495819091797,75151
FRO,FRO.OL,2014-04-14,107.5,107.5,103.0,107.5,99.57552337646484,33000
FRO,FRO.OL,2014-04-15,106.0,107.0,100.0,100.0,92.62841033935547,58533
FRO,FRO.OL,2014-04-16,100.0,100.0,95.0,97.0,89.84955596923828,27177
FRO,FRO.OL,2014-04-22,107.0,110.5,105.5,109.5,101.42809295654297,78796
FRO,FRO.OL,2014-04-23,110.0,110.0,102.5,106.5,98.64926147460938,54304
FRO,FRO.OL,2014-04-24,108.0,109.5,105.5,108.5,100.5018310546875,35107
FRO,FRO.OL,2014-04-25,108.0,108.0,105.0,105.5,97.72297668457031,22547
FRO,FRO.OL,2014-04-28,104.5,105.5,101.0,103.5,95.87039184570312,62842
FRO,FRO.OL,2014-04-29,101.0,102.0,99.0,100.0,92.62841033935547,29506
FRO,FRO.OL,2014-04-30,98.5,100.0,97.0,97.0,89.84955596923828,40165
FRO,FRO.OL,2014-05-02,99.0,101.5,99.0,101.0,93.55467987060547,52897
FRO,FRO.OL,2014-05-05,100.0,100.0,95.5,98.0,90.77583312988281,26401
FRO,FRO.OL,2014-05-06,95.5,97.0,90.0,91.5,84.75497436523438,100716
FRO,FRO.OL,2014-05-07,90.5,90.5,87.0,88.5,81.97613525390625,113907
FRO,FRO.OL,2014-05-08,89.5,91.0,87.5,89.0,82.43928527832031,59352
FRO,FRO.OL,2014-05-09,88.0,88.5,84.0,86.5,80.1235580444336,71912
FRO,FRO.OL,2014-05-12,86.0,89.5,85.5,89.0,82.43928527832031,50998
FRO,FRO.OL,2014-05-13,90.0,90.0,87.0,87.5,81.04985809326172,45214
FRO,FRO.OL,2014-05-14,88.0,89.5,85.0,86.5,80.1235580444336,79753
FRO,FRO.OL,2014-05-15,85.5,87.0,84.0,86.0,79.66043090820312,71400
FRO,FRO.OL,2014-05-16,86.0,87.0,84.0,85.0,78.73413848876953,34678
FRO,FRO.OL,2014-05-19,86.0,86.0,83.5,85.0,78.73413848876953,32852
FRO,FRO.OL,2014-05-20,85.0,85.0,79.0,83.0,76.881591796875,54357
FRO,FRO.OL,2014-05-21,83.5,84.5,82.5,83.5,77.34471893310547,27994
FRO,FRO.OL,2014-05-22,83.0,84.0,80.5,84.0,77.80783081054688,67789
FRO,FRO.OL,2014-05-23,83.0,83.5,81.5,83.0,76.881591796875,34555
FRO,FRO.OL,2014-05-26,83.5,84.5,82.5,84.5,78.27100372314453,42975
FRO,FRO.OL,2014-05-27,82.0,83.5,75.0,76.0,70.3975830078125,308938
FRO,FRO.OL,2014-05-28,72.0,72.75,67.5,70.75,65.53459930419922,260966
FRO,FRO.OL,2014-05-30,71.25,71.5,69.75,70.5,65.30303192138672,58513
FRO,FRO.OL,2014-06-02,69.0,69.5,66.5,67.5,62.524166107177734,68424
FRO,FRO.OL,2014-06-03,69.25,72.0,68.25,69.75,64.60831451416016,86407
FRO,FRO.OL,2014-06-04,71.25,72.0,70.0,71.25,65.99773406982422,43215
FRO,FRO.OL,2014-06-05,72.0,74.0,71.0,71.5,66.22930908203125,80414
FRO,FRO.OL,2014-06-06,72.75,77.0,72.5,75.5,69.93445587158203,160120
FRO,FRO.OL,2014-06-10,76.5,77.0,74.75,75.5,69.93445587158203,60787
FRO,FRO.OL,2014-06-11,76.0,76.0,73.5,74.0,68.5450210571289,39499
FRO,FRO.OL,2014-06-12,73.5,74.5,71.75,72.25,66.92403411865234,69820
FRO,FRO.OL,2014-06-13,73.0,74.25,71.75,72.5,67.15557861328125,28912
FRO,FRO.OL,2014-06-16,73.25,73.5,69.5,70.75,65.53459930419922,54293
FRO,FRO.OL,2014-06-17,71.5,73.0,69.75,72.5,67.15557861328125,57742
FRO,FRO.OL,2014-06-18,74.25,75.5,73.0,73.25,67.85029602050781,100776
FRO,FRO.OL,2014-06-19,74.5,76.5,73.5,75.5,69.93445587158203,112262
FRO,FRO.OL,2014-06-20,76.5,82.5,76.5,82.0,75.95529174804688,156904
FRO,FRO.OL,2014-06-23,88.0,95.5,86.0,94.0,87.07069396972656,236829
FRO,FRO.OL,2014-06-24,93.0,97.5,89.0,94.0,87.07069396972656,285487
FRO,FRO.OL,2014-06-25,92.5,96.5,89.5,90.5,83.82869720458984,173935
FRO,FRO.OL,2014-06-26,91.5,93.5,88.0,88.5,81.97613525390625,115400
FRO,FRO.OL,2014-06-27,89.5,91.5,88.0,91.0,84.29187774658203,37499
FRO,FRO.OL,2014-06-30,91.0,92.0,88.5,90.0,83.36556243896484,24952
FRO,FRO.OL,2014-07-01,89.5,93.5,88.0,92.5,85.68126678466797,97974
FRO,FRO.OL,2014-07-02,92.5,93.5,90.5,92.5,85.68126678466797,49757
FRO,FRO.OL,2014-07-03,90.5,90.5,87.0,88.0,81.51301574707031,94545
FRO,FRO.OL,2014-07-04,87.5,88.0,85.5,86.0,79.66043090820312,27699
FRO,FRO.OL,2014-07-07,88.0,89.0,86.5,87.0,80.58672332763672,26529
FRO,FRO.OL,2014-07-08,85.0,86.0,81.5,82.5,76.41842651367188,51843
FRO,FRO.OL,2014-07-09,81.0,82.5,80.5,82.0,75.95529174804688,36327
FRO,FRO.OL,2014-07-10,80.0,80.0,76.5,77.0,71.3238525390625,53168
FRO,FRO.OL,2014-07-11,77.0,81.5,77.0,81.5,75.49214935302734,39449
FRO,FRO.OL,2014-07-14,82.0,83.5,80.5,82.5,76.41842651367188,25683
FRO,FRO.OL,2014-07-15,83.5,83.5,81.0,81.0,75.02899932861328,19379
FRO,FRO.OL,2014-07-16,82.0,84.0,81.5,82.0,75.95529174804688,18153
FRO,FRO.OL,2014-07-17,80.5,80.5,76.5,79.0,73.17644500732422,35264
FRO,FRO.OL,2014-07-18,78.0,80.0,77.0,80.0,74.10272979736328,44807
FRO,FRO.OL,2014-07-21,79.0,82.0,79.0,80.0,74.10272979736328,37864
FRO,FRO.OL,2014-07-22,82.0,83.5,81.0,83.5,77.34471893310547,71737
FRO,FRO.OL,2014-07-23,85.0,85.0,83.0,84.0,77.80783081054688,27106
FRO,FRO.OL,2014-07-24,83.5,85.5,80.5,81.0,75.02899932861328,55565
FRO,FRO.OL,2014-07-25,82.0,82.0,77.5,79.0,73.17644500732422,46770
FRO,FRO.OL,2014-07-28,79.5,80.5,77.0,77.0,71.3238525390625,55619
FRO,FRO.OL,2014-07-29,77.5,80.0,76.5,78.0,72.25016021728516,30793
FRO,FRO.OL,2014-07-30,78.0,78.5,76.5,78.0,72.25016021728516,13671
FRO,FRO.OL,2014-07-31,77.5,78.5,76.5,77.0,71.3238525390625,45085
FRO,FRO.OL,2014-08-01,76.0,76.0,73.5,75.0,69.4713134765625,29602
FRO,FRO.OL,2014-08-04,75.0,76.0,73.75,74.5,69.0081558227539,20921
FRO,FRO.OL,2014-08-05,74.25,75.5,73.75,75.5,69.93445587158203,20703
FRO,FRO.OL,2014-08-06,74.5,74.75,71.25,73.25,67.85029602050781,82822
FRO,FRO.OL,2014-08-07,73.5,74.0,70.5,70.5,65.30303192138672,51617
FRO,FRO.OL,2014-08-08,70.75,70.75,66.75,69.0,63.913612365722656,90359
FRO,FRO.OL,2014-08-11,70.5,72.5,69.25,71.5,66.22930908203125,93542
FRO,FRO.OL,2014-08-12,72.5,73.0,71.0,72.0,66.69245910644531,85873
FRO,FRO.OL,2014-08-13,72.5,75.0,71.0,74.0,68.5450210571289,80163
FRO,FRO.OL,2014-08-14,77.0,84.0,75.5,82.0,75.95529174804688,269860
FRO,FRO.OL,2014-08-15,82.0,86.0,80.5,84.0,77.80783081054688,270799
FRO,FRO.OL,2014-08-18,86.5,86.5,83.0,84.5,78.27100372314453,91543
FRO,FRO.OL,2014-08-19,83.0,84.0,81.0,82.5,76.41842651367188,135655
FRO,FRO.OL,2014-08-20,81.0,83.5,80.0,83.0,76.881591796875,111591
FRO,FRO.OL,2014-08-21,83.5,83.5,78.5,78.5,72.71329498291016,64194
FRO,FRO.OL,2014-08-22,79.5,82.0,79.5,80.0,74.10272979736328,101716
FRO,FRO.OL,2014-08-25,80.0,82.5,79.0,79.5,73.63958740234375,69656
FRO,FRO.OL,2014-08-26,80.0,81.0,79.5,81.0,75.02899932861328,119239
FRO,FRO.OL,2014-08-27,80.0,82.0,79.0,82.0,75.95529174804688,101163
FRO,FRO.OL,2014-08-28,79.5,79.5,70.75,71.0,65.76616668701172,296440
FRO,FRO.OL,2014-08-29,70.75,70.75,61.5,62.25,57.66117858886719,376191
FRO,FRO.OL,2014-09-01,63.5,66.0,60.5,60.75,56.271751403808594,262708
FRO,FRO.OL,2014-09-02,62.5,63.5,61.5,62.25,57.66117858886719,80760
FRO,FRO.OL,2014-09-03,63.0,63.25,58.0,58.0,53.724464416503906,107139
FRO,FRO.OL,2014-09-04,57.5,57.5,54.0,54.0,50.01934051513672,196283
FRO,FRO.OL,2014-09-05,50.0,51.5,48.75,49.400001525878906,45.7584342956543,366446
FRO,FRO.OL,2014-09-08,51.0,54.5,51.0,51.0,47.2404899597168,204196
FRO,FRO.OL,2014-09-09,52.25,52.75,51.0,51.0,47.2404899597168,97322
FRO,FRO.OL,2014-09-10,52.0,52.0,50.0,50.75,47.00892639160156,54697
FRO,FRO.OL,2014-09-11,51.0,52.5,50.75,51.0,47.2404899597168,62554
FRO,FRO.OL,2014-09-12,52.25,52.25,50.5,51.0,47.2404899597168,50261
FRO,FRO.OL,2014-09-15,50.5,50.5,48.04999923706055,48.79999923706055,45.20267105102539,82251
FRO,FRO.OL,2014-09-16,48.599998474121094,49.849998474121094,47.54999923706055,49.849998474121094,46.175254821777344,90801
FRO,FRO.OL,2014-09-17,49.95000076293945,50.5,47.099998474121094,47.29999923706055,43.813228607177734,51923
FRO,FRO.OL,2014-09-18,47.95000076293945,48.04999923706055,45.54999923706055,46.0,42.60907745361328,61284
FRO,FRO.OL,2014-09-19,46.29999923706055,46.45000076293945,45.70000076293945,46.0,42.60907745361328,57520
FRO,FRO.OL,2014-09-22,44.54999923706055,44.54999923706055,41.900001525878906,43.25,40.0617790222168,168909
FRO,FRO.OL,2014-09-23,41.0,41.95000076293945,39.25,40.0,37.05136489868164,175757
FRO,FRO.OL,2014-09-24,40.5,41.400001525878906,40.150001525878906,41.099998474121094,38.07027816772461,72094
FRO,FRO.OL,2014-09-25,41.20000076293945,41.5,39.349998474121094,39.099998474121094,36.21771240234375,69020
FRO,FRO.OL,2014-09-26,39.099998474121094,39.099998474121094,37.5,38.70000076293945,35.847198486328125,63713
FRO,FRO.OL,2014-09-29,40.20000076293945,42.5,40.0,41.20000076293945,38.162906646728516,110489
FRO,FRO.OL,2014-09-30,42.04999923706055,42.04999923706055,40.0,40.95000076293945,37.93133544921875,74831
FRO,FRO.OL,2014-10-01,41.25,49.95000076293945,40.0,44.900001525878906,41.59015655517578,287207
FRO,FRO.OL,2014-10-02,45.849998474121094,47.5,45.04999923706055,47.349998474121094,43.85954666137695,127026
FRO,FRO.OL,2014-10-03,48.5,48.70000076293945,45.25,46.5,43.072208404541016,56877
FRO,FRO.OL,2014-10-06,47.25,47.400001525878906,45.0,45.5,42.145938873291016,33090
FRO,FRO.OL,2014-10-07,45.75,45.75,41.0,42.54999923706055,39.41339111328125,86529
FRO,FRO.OL,2014-10-08,42.0,42.0,41.0,41.25,38.20921325683594,58749
FRO,FRO.OL,2014-10-09,44.25,46.25,43.400001525878906,45.20000076293945,41.8680419921875,73606
FRO,FRO.OL,2014-10-10,45.349998474121094,46.849998474121094,44.099998474121094,44.95000076293945,41.636474609375,74865
FRO,FRO.OL,2014-10-13,44.0,46.599998474121094,44.0,45.75,42.37748718261719,45690
FRO,FRO.OL,2014-10-14,44.849998474121094,46.45000076293945,44.20000076293945,44.20000076293945,40.94176483154297,40160
FRO,FRO.OL,2014-10-15,45.5,46.400001525878906,43.0,45.0,41.68278121948242,35974
FRO,FRO.OL,2014-10-16,46.79999923706055,52.5,46.5,50.25,46.5457763671875,262114
FRO,FRO.OL,2014-10-17,50.0,55.75,50.0,55.75,51.64033508300781,181436
FRO,FRO.OL,2014-10-20,53.75,55.75,51.25,54.25,50.25091552734375,110101
FRO,FRO.OL,2014-10-21,55.5,57.0,54.25,55.5,51.40877151489258,85986
FRO,FRO.OL,2014-10-22,56.25,57.5,52.75,57.0,52.79819869995117,165359
FRO,FRO.OL,2014-10-23,54.75,55.5,54.0,55.5,51.40877151489258,39142
FRO,FRO.OL,2014-10-24,54.75,56.0,53.75,54.0,50.01934051513672,23807
FRO,FRO.OL,2014-10-27,54.5,54.5,51.75,52.25,48.398353576660156,53680
FRO,FRO.OL,2014-10-28,49.5,55.75,48.70000076293945,51.25,47.47206497192383,199806
FRO,FRO.OL,2014-10-29,48.900001525878906,50.25,47.5,48.0,44.46162796020508,170599
FRO,FRO.OL,2014-10-30,47.5,50.5,46.0,46.5,43.072208404541016,145707
FRO,FRO.OL,2014-10-31,47.75,48.25,46.75,47.70000076293945,44.183753967285156,46788
FRO,FRO.OL,2014-11-03,50.0,53.5,49.5,49.54999923706055,45.897377014160156,208836
FRO,FRO.OL,2014-11-04,50.0,50.75,48.0,48.849998474121094,45.24897766113281,70884
FRO,FRO.OL,2014-11-05,48.849998474121094,48.95000076293945,47.25,48.45000076293945,44.87845230102539,80320
FRO,FRO.OL,2014-11-06,48.5,49.95000076293945,47.349998474121094,47.54999923706055,44.0447998046875,116906
FRO,FRO.OL,2014-11-07,48.900001525878906,49.599998474121094,47.900001525878906,48.5,44.92477798461914,112972
FRO,FRO.OL,2014-11-10,48.5,49.0,47.349998474121094,47.349998474121094,43.85954666137695,61663
FRO,FRO.OL,2014-11-11,47.349998474121094,47.349998474121094,45.70000076293945,46.25,42.840633392333984,52927
FRO,FRO.OL,2014-11-12,45.79999923706055,45.95000076293945,43.79999923706055,44.5,41.219642639160156,44292
FRO,FRO.OL,2014-11-13,45.0,46.25,44.29999923706055,44.599998474121094,41.31227111816406,55694
FRO,FRO.OL,2014-11-14,44.599998474121094,45.0,43.150001525878906,43.5,40.29336166381836,43068
FRO,FRO.OL,2014-11-17,43.54999923706055,44.900001525878906,43.5,44.349998474121094,41.0806884765625,46468
FRO,FRO.OL,2014-11-18,44.849998474121094,46.0,44.650001525878906,44.599998474121094,41.31227111816406,69467
FRO,FRO.OL,2014-11-19,45.0,45.0,44.099998474121094,44.25,40.988067626953125,25402
FRO,FRO.OL,2014-11-20,44.0,44.0,43.0,43.900001525878906,40.663875579833984,53722
FRO,FRO.OL,2014-11-21,44.04999923706055,47.5,44.04999923706055,45.75,42.37748718261719,139037
FRO,FRO.OL,2014-11-24,47.349998474121094,47.349998474121094,45.0,45.20000076293945,41.8680419921875,54577
FRO,FRO.OL,2014-11-25,44.5,44.900001525878906,41.29999923706055,41.79999923706055,38.71866989135742,134706
FRO,FRO.OL,2014-11-26,41.25,43.20000076293945,41.25,42.70000076293945,39.552330017089844,68354
FRO,FRO.OL,2014-11-27,42.25,43.349998474121094,41.54999923706055,41.54999923706055,38.48709487915039,44139
FRO,FRO.OL,2014-11-28,41.5,44.04999923706055,40.75,43.70000076293945,40.47861099243164,93395
FRO,FRO.OL,2014-12-01,44.79999923706055,52.0,44.5,49.900001525878906,46.22157287597656,397927
FRO,FRO.OL,2014-12-02,49.20000076293945,49.95000076293945,47.650001525878906,49.0,45.387916564941406,142717
FRO,FRO.OL,2014-12-03,49.75,51.0,49.5,50.5,46.777339935302734,87183
FRO,FRO.OL,2014-12-04,47.79999923706055,48.400001525878906,46.75,47.5,43.99848937988281,79127
FRO,FRO.OL,2014-12-05,47.25,48.75,47.25,48.29999923706055,44.73952102661133,49164
FRO,FRO.OL,2014-12-08,49.75,52.25,49.25,50.0,46.314205169677734,169951
FRO,FRO.OL,2014-12-09,50.5,51.5,49.0,49.400001525878906,45.7584342956543,161429
FRO,FRO.OL,2014-12-10,51.25,52.75,50.25,52.0,48.16678237915039,185806
FRO,FRO.OL,2014-12-11,52.0,60.75,51.25,60.5,56.04019546508789,454491
FRO,FRO.OL,2014-12-12,63.0,81.0,62.75,77.5,71.78702545166016,1370842
FRO,FRO.OL,2014-12-15,91.0,102.5,87.0,96.0,88.92325592041016,1281293
FRO,FRO.OL,2014-12-16,105.0,105.0,85.0,85.0,78.73413848876953,1173386
FRO,FRO.OL,2014-12-17,81.5,84.0,72.5,78.0,72.25016021728516,711019
FRO,FRO.OL,2014-12-18,86.0,98.0,82.5,95.0,87.99697875976562,664846
FRO,FRO.OL,2014-12-19,98.0,103.5,93.5,97.0,89.84955596923828,592630
FRO,FRO.OL,2014-12-22,101.5,103.0,95.5,96.5,89.38641357421875,405696
FRO,FRO.OL,2014-12-23,94.0,94.5,85.0,91.0,84.29187774658203,279071
FRO,FRO.OL,2014-12-29,93.5,93.5,87.5,88.5,81.97613525390625,120048
FRO,FRO.OL,2014-12-30,86.5,95.0,85.0,94.0,87.07069396972656,169843
FRO,FRO.OL,2015-01-02,95.0,99.0,95.0,97.0,89.84955596923828,145728
FRO,FRO.OL,2015-01-05,99.0,99.0,90.0,96.0,88.92325592041016,198818
FRO,FRO.OL,2015-01-06,97.5,125.0,97.0,121.0,112.08039093017578,975036
FRO,FRO.OL,2015-01-07,126.5,144.0,123.0,132.5,122.73265838623047,1544148
FRO,FRO.OL,2015-01-08,135.0,137.0,125.0,131.0,121.34323120117188,584647
FRO,FRO.OL,2015-01-09,143.0,149.0,138.5,143.5,132.92178344726562,831282
FRO,FRO.OL,2015-01-12,152.0,165.0,148.5,164.0,151.91058349609375,1085074
FRO,FRO.OL,2015-01-13,177.0,194.0,157.0,166.0,153.76318359375,1629747
FRO,FRO.OL,2015-01-14,155.0,166.0,128.5,140.0,129.6797637939453,1560754
FRO,FRO.OL,2015-01-15,142.0,146.5,125.0,126.5,117.17494201660156,1098424
FRO,FRO.OL,2015-01-16,127.5,140.0,121.0,125.0,115.7854995727539,1072321
FRO,FRO.OL,2015-01-19,124.5,125.5,104.5,114.0,105.59639739990234,861310
FRO,FRO.OL,2015-01-20,114.0,137.5,113.0,136.5,126.4377670288086,1054025
FRO,FRO.OL,2015-01-21,138.0,142.5,120.5,125.0,115.7854995727539,688604
FRO,FRO.OL,2015-01-22,113.5,124.0,112.0,115.0,106.52268981933594,688263
FRO,FRO.OL,2015-01-23,117.5,127.0,117.5,123.5,114.39610290527344,618404
FRO,FRO.OL,2015-01-26,122.0,128.5,118.0,125.0,115.7854995727539,420988
FRO,FRO.OL,2015-01-27,130.0,136.5,123.5,125.5,116.24864196777344,637110
FRO,FRO.OL,2015-01-28,123.0,129.0,121.0,121.5,112.54350280761719,406878
FRO,FRO.OL,2015-01-29,120.0,120.0,101.0,103.0,95.4072494506836,832745
FRO,FRO.OL,2015-01-30,95.0,98.0,87.5,92.0,85.21815490722656,858490
FRO,FRO.OL,2015-02-02,88.5,105.5,87.5,100.0,92.62841033935547,785658
FRO,FRO.OL,2015-02-03,102.0,107.5,95.5,95.5,88.46013641357422,696938
FRO,FRO.OL,2015-02-04,98.0,99.0,91.5,92.5,85.68126678466797,307538
FRO,FRO.OL,2015-02-05,98.5,104.0,95.5,103.5,95.87039184570312,554865
FRO,FRO.OL,2015-02-06,103.5,107.0,100.0,102.0,94.4809799194336,423494
FRO,FRO.OL,2015-02-09,100.0,103.5,97.0,103.0,95.4072494506836,286802
FRO,FRO.OL,2015-02-10,109.5,114.0,107.0,107.0,99.11238098144531,465345
FRO,FRO.OL,2015-02-11,106.0,107.0,101.0,106.5,98.64926147460938,301966
FRO,FRO.OL,2015-02-12,110.5,111.0,107.5,110.5,102.3543930053711,290252
FRO,FRO.OL,2015-02-13,110.0,115.0,106.5,114.0,105.59639739990234,416027
FRO,FRO.OL,2015-02-16,111.0,112.0,107.0,107.0,99.11238098144531,248474
FRO,FRO.OL,2015-02-17,107.5,108.5,103.5,106.0,98.18611145019531,268793
FRO,FRO.OL,2015-02-18,104.5,105.0,101.0,103.5,95.87039184570312,189641
FRO,FRO.OL,2015-02-19,105.5,108.5,102.5,105.0,97.25981903076172,277005
FRO,FRO.OL,2015-02-20,102.0,102.5,96.0,98.0,90.77583312988281,398738
FRO,FRO.OL,2015-02-23,99.5,101.5,95.0,97.0,89.84955596923828,155178
FRO,FRO.OL,2015-02-24,97.0,98.0,90.5,93.0,86.14441680908203,278901
FRO,FRO.OL,2015-02-25,92.5,94.0,89.0,90.5,83.82869720458984,123937
FRO,FRO.OL,2015-02-26,98.5,115.0,95.0,106.5,98.64926147460938,1173186
FRO,FRO.OL,2015-02-27,107.5,108.5,96.0,97.5,90.31269836425781,398878
FRO,FRO.OL,2015-03-02,96.0,97.0,92.0,97.0,89.84955596923828,345302
FRO,FRO.OL,2015-03-03,96.5,104.0,94.0,97.0,89.84955596923828,242555
FRO,FRO.OL,2015-03-04,99.5,100.0,94.0,99.5,92.16529083251953,116495
FRO,FRO.OL,2015-03-05,100.5,101.5,98.0,99.5,92.16529083251953,85605
FRO,FRO.OL,2015-03-06,98.5,103.0,95.5,97.0,89.84955596923828,220693
FRO,FRO.OL,2015-03-09,96.0,101.5,94.5,100.0,92.62841033935547,174470
FRO,FRO.OL,2015-03-10,99.0,99.5,95.0,96.0,88.92325592041016,125749
FRO,FRO.OL,2015-03-11,96.0,99.5,95.5,98.0,90.77583312988281,123192
FRO,FRO.OL,2015-03-12,98.0,100.0,98.0,99.5,92.16529083251953,62387
FRO,FRO.OL,2015-03-13,101.0,104.0,99.0,100.0,92.62841033935547,156815
FRO,FRO.OL,2015-03-16,99.5,104.0,98.5,102.0,94.4809799194336,168024
FRO,FRO.OL,2015-03-17,102.5,104.5,97.5,98.0,90.77583312988281,200769
FRO,FRO.OL,2015-03-18,98.5,102.5,97.5,99.5,92.16529083251953,141021
FRO,FRO.OL,2015-03-19,101.5,104.0,99.0,100.5,93.091552734375,185831
FRO,FRO.OL,2015-03-20,102.0,102.5,99.5,99.5,92.16529083251953,121468
FRO,FRO.OL,2015-03-23,99.0,99.0,95.0,95.5,88.46013641357422,190004
FRO,FRO.OL,2015-03-24,96.0,98.0,95.0,95.5,88.46013641357422,107309
FRO,FRO.OL,2015-03-25,96.0,97.5,94.0,94.5,87.53384399414062,86962
FRO,FRO.OL,2015-03-26,92.0,95.5,91.0,93.5,86.6075668334961,185671
FRO,FRO.OL,2015-03-27,95.0,96.0,92.5,93.0,86.14441680908203,85420
FRO,FRO.OL,2015-03-30,94.5,94.5,91.5,92.5,85.68126678466797,87678
FRO,FRO.OL,2015-03-31,90.0,91.5,89.0,90.5,83.82869720458984,139104
FRO,FRO.OL,2015-04-01,90.0,92.0,90.0,92.0,85.21815490722656,38764
FRO,FRO.OL,2015-04-07,90.0,92.0,89.5,91.5,84.75497436523438,87185
FRO,FRO.OL,2015-04-08,91.5,97.0,91.0,97.0,89.84955596923828,144991
FRO,FRO.OL,2015-04-09,97.5,97.5,94.0,95.0,87.99697875976562,116026
FRO,FRO.OL,2015-04-10,95.0,101.0,95.0,99.0,91.70211791992188,252418
FRO,FRO.OL,2015-04-13,109.0,119.0,105.5,117.0,108.37523651123047,940790
FRO,FRO.OL,2015-04-14,118.0,121.5,111.5,115.5,106.98580932617188,479871
FRO,FRO.OL,2015-04-15,119.0,124.0,117.0,117.0,108.37523651123047,726735
FRO,FRO.OL,2015-04-16,115.5,117.5,109.5,109.5,101.42809295654297,370003
FRO,FRO.OL,2015-04-17,111.0,113.0,108.5,111.0,102.81754302978516,166725
FRO,FRO.OL,2015-04-20,110.0,113.5,109.0,111.0,102.81754302978516,111549
FRO,FRO.OL,2015-04-21,114.0,121.5,114.0,120.0,111.15409851074219,438284
FRO,FRO.OL,2015-04-22,118.0,118.5,112.0,113.5,105.13323974609375,244767
FRO,FRO.OL,2015-04-23,109.5,112.5,107.0,112.0,103.74384307861328,230271
FRO,FRO.OL,2015-04-24,110.0,111.5,103.0,104.0,96.33356475830078,234067
FRO,FRO.OL,2015-04-27,105.5,106.5,103.5,104.0,96.33356475830078,104888
FRO,FRO.OL,2015-04-28,101.5,102.5,99.0,101.5,94.01785278320312,162378
FRO,FRO.OL,2015-04-29,101.5,102.5,96.5,96.5,89.38641357421875,119305
FRO,FRO.OL,2015-04-30,94.5,102.5,94.5,97.0,89.84955596923828,207106
FRO,FRO.OL,2015-05-04,98.5,101.0,96.0,97.0,89.84955596923828,81514
FRO,FRO.OL,2015-05-05,98.0,98.0,95.5,96.5,89.38641357421875,86493
FRO,FRO.OL,2015-05-06,95.0,95.0,91.0,94.0,87.07069396972656,234835
FRO,FRO.OL,2015-05-07,92.5,92.5,89.5,90.0,83.36556243896484,211048
FRO,FRO.OL,2015-05-08,90.0,95.5,90.0,91.5,84.75497436523438,231769
FRO,FRO.OL,2015-05-11,91.0,94.5,90.0,90.5,83.82869720458984,139912
FRO,FRO.OL,2015-05-12,91.5,93.0,88.5,91.5,84.75497436523438,231590
FRO,FRO.OL,2015-05-13,90.0,92.0,89.5,90.0,83.36556243896484,166075
FRO,FRO.OL,2015-05-15,97.0,102.5,95.5,96.0,88.92325592041016,359956
FRO,FRO.OL,2015-05-18,103.0,104.0,100.5,101.0,93.55467987060547,394328
FRO,FRO.OL,2015-05-19,101.0,103.0,98.0,98.0,90.77583312988281,296297
FRO,FRO.OL,2015-05-20,100.0,102.5,99.5,100.5,93.091552734375,202374
FRO,FRO.OL,2015-05-21,101.5,104.0,99.0,103.0,95.4072494506836,255292
FRO,FRO.OL,2015-05-22,105.0,115.0,104.5,111.0,102.81754302978516,709636
FRO,FRO.OL,2015-05-26,115.0,118.5,107.5,108.5,100.5018310546875,419350
FRO,FRO.OL,2015-05-27,110.0,120.0,110.0,119.0,110.22779083251953,507198
FRO,FRO.OL,2015-05-28,117.0,118.5,113.0,117.5,108.83837890625,366635
FRO,FRO.OL,2015-05-29,123.0,127.5,101.5,104.5,96.79670715332031,1118226
FRO,FRO.OL,2015-06-01,102.0,109.5,98.5,108.5,100.5018310546875,522108
FRO,FRO.OL,2015-06-02,109.5,109.5,103.5,107.5,99.57552337646484,227533
FRO,FRO.OL,2015-06-03,112.0,113.5,107.0,108.5,100.5018310546875,306907
FRO,FRO.OL,2015-06-04,110.5,110.5,105.5,107.5,99.57552337646484,175460
FRO,FRO.OL,2015-06-05,105.0,110.5,103.5,109.0,100.96495819091797,160418
FRO,FRO.OL,2015-06-08,109.5,112.0,107.0,108.5,100.5018310546875,144916
FRO,FRO.OL,2015-06-09,107.0,108.5,104.0,107.5,99.57552337646484,110715
FRO,FRO.OL,2015-06-10,107.5,108.5,106.5,107.5,99.57552337646484,71290
FRO,FRO.OL,2015-06-11,111.0,113.5,110.0,110.5,102.3543930053711,261810
FRO,FRO.OL,2015-06-12,111.5,111.5,104.0,107.0,99.11238098144531,232902
FRO,FRO.OL,2015-06-15,112.0,112.5,107.5,108.0,100.03868103027344,215526
FRO,FRO.OL,2015-06-16,107.5,109.0,103.0,108.5,100.5018310546875,182917
FRO,FRO.OL,2015-06-17,106.0,108.5,104.0,104.5,96.79670715332031,234849
FRO,FRO.OL,2015-06-18,103.5,106.5,101.5,106.5,98.64926147460938,196792
FRO,FRO.OL,2015-06-19,107.0,108.4000015258789,105.5,107.44999694824219,99.52921295166016,141305
FRO,FRO.OL,2015-06-22,107.44999694824219,110.25,106.5,108.9000015258789,100.8723373413086,351694
FRO,FRO.OL,2015-06-23,109.25,109.80000305175781,106.75,108.25,100.270263671875,104207
FRO,FRO.OL,2015-06-24,108.3499984741211,109.0999984741211,107.0,108.69999694824219,100.68709564208984,103635
FRO,FRO.OL,2015-06-25,108.94999694824219,109.75,106.75,107.0,99.11238098144531,99089
FRO,FRO.OL,2015-06-26,104.5,106.25,103.75,105.5,97.72297668457031,127686
FRO,FRO.OL,2015-06-29,101.94999694824219,105.5,101.80000305175781,103.9000015258789,96.24092102050781,76179
FRO,FRO.OL,2015-06-30,103.0,103.5,97.5999984741211,97.69999694824219,90.49795532226562,138226
FRO,FRO.OL,2015-07-01,99.0,102.80000305175781,97.80000305175781,102.6500015258789,95.08307647705078,152142
FRO,FRO.OL,2015-07-02,102.5,103.0,95.5,99.80000305175781,92.44314575195312,615473
FRO,FRO.OL,2015-07-03,97.5,97.8499984741211,95.5999984741211,95.5999984741211,88.55274963378906,207749
FRO,FRO.OL,2015-07-06,95.0,99.30000305175781,95.0,98.0,90.77583312988281,278844
FRO,FRO.OL,2015-07-07,99.0,99.6500015258789,95.30000305175781,95.55000305175781,88.50642395019531,281676
FRO,FRO.OL,2015-07-08,94.8499984741211,96.6500015258789,92.5,93.9000015258789,86.97808837890625,182678
FRO,FRO.OL,2015-07-09,94.94999694824219,98.0,93.9000015258789,97.5,90.31269836425781,235851
FRO,FRO.OL,2015-07-10,98.55000305175781,98.75,94.5999984741211,95.0,87.99697875976562,174063
FRO,FRO.OL,2015-07-13,96.0999984741211,97.5,95.0,96.1500015258789,89.06222534179688,183173
FRO,FRO.OL,2015-07-14,97.0,98.8499984741211,96.25,97.5999984741211,90.40534210205078,202868
FRO,FRO.OL,2015-07-15,97.75,105.75,97.5999984741211,104.44999694824219,96.75038146972656,591702
FRO,FRO.OL,2015-07-16,105.19999694824219,107.0,101.25,101.75,94.24939727783203,481856
FRO,FRO.OL,2015-07-17,103.44999694824219,106.0,102.30000305175781,103.3499984741211,95.7314682006836,275000
FRO,FRO.OL,2015-07-20,107.0,113.69999694824219,104.75,111.5999984741211,103.3733139038086,606188
FRO,FRO.OL,2015-07-21,118.25,132.9499969482422,116.8499984741211,122.44999694824219,113.42350006103516,1635973
FRO,FRO.OL,2015-07-22,125.0,130.0,123.0,130.0,120.41690063476562,944888
FRO,FRO.OL,2015-07-23,134.5,139.10000610351562,130.0,130.14999389648438,120.55587005615234,1095147
FRO,FRO.OL,2015-07-24,129.5,129.5,124.0999984741211,126.0,116.71179962158203,549669
FRO,FRO.OL,2015-07-27,128.25,135.6999969482422,126.4000015258789,127.55000305175781,118.14754486083984,715492
FRO,FRO.OL,2015-07-28,127.5,129.64999389648438,125.25,126.0,116.71179962158203,485399
FRO,FRO.OL,2015-07-29,128.25,131.39999389648438,128.1999969482422,130.5500030517578,120.9263916015625,603717
FRO,FRO.OL,2015-07-30,134.25,134.75,127.94999694824219,129.75,120.18535614013672,470853
FRO,FRO.OL,2015-07-31,129.25,130.0,122.9000015258789,125.5,116.24864196777344,517728
FRO,FRO.OL,2015-08-03,125.75,126.80000305175781,120.0,122.44999694824219,113.42350006103516,429131
FRO,FRO.OL,2015-08-04,123.0,124.75,119.3499984741211,124.5,115.32235717773438,262078
FRO,FRO.OL,2015-08-05,124.0,124.0,116.44999694824219,117.0,108.37523651123047,378917
FRO,FRO.OL,2015-08-06,116.0,117.0,113.5,117.0,108.37523651123047,368162
FRO,FRO.OL,2015-08-07,118.44999694824219,121.05000305175781,114.94999694824219,116.0,107.44892883300781,280368
FRO,FRO.OL,2015-08-10,116.0,116.0,104.0999984741211,105.8499984741211,98.04716491699219,614521
FRO,FRO.OL,2015-08-11,106.25,109.75,105.94999694824219,106.94999694824219,99.06608581542969,214640
FRO,FRO.OL,2015-08-12,107.5,107.5,101.5,102.0,94.4809799194336,284577
FRO,FRO.OL,2015-08-13,102.5,105.5,101.44999694824219,105.0,97.25981903076172,215219
FRO,FRO.OL,2015-08-14,106.0,106.80000305175781,102.69999694824219,103.0,95.4072494506836,156280
FRO,FRO.OL,2015-08-17,103.5,110.94999694824219,103.30000305175781,110.5,102.3543930053711,365879
FRO,FRO.OL,2015-08-18,111.5999984741211,116.94999694824219,110.05000305175781,111.0,102.81754302978516,365848
FRO,FRO.OL,2015-08-19,111.0999984741211,112.5,108.0,109.0999984741211,101.05760192871094,159334
FRO,FRO.OL,2015-08-20,106.0,107.75,102.6500015258789,103.80000305175781,96.14827728271484,215661
FRO,FRO.OL,2015-08-21,98.19999694824219,102.25,98.0,98.0,90.77583312988281,388929
FRO,FRO.OL,2015-08-24,93.25,94.0,83.75,88.75,82.20771789550781,654047
FRO,FRO.OL,2015-08-25,89.0,95.4000015258789,89.0,94.0,87.07069396972656,389633
FRO,FRO.OL,2015-08-26,94.5999984741211,107.4000015258789,89.94999694824219,103.44999694824219,95.82408905029297,745398
FRO,FRO.OL,2015-08-27,110.0999984741211,110.5,104.5,105.9000015258789,98.09346771240234,721889
FRO,FRO.OL,2015-08-28,108.0,110.80000305175781,106.0,110.80000305175781,102.63227081298828,424987
FRO,FRO.OL,2015-08-31,110.5999984741211,111.1500015258789,107.5999984741211,108.9000015258789,100.8723373413086,239462
FRO,FRO.OL,2015-09-01,108.3499984741211,110.4000015258789,105.8499984741211,108.1500015258789,100.17761993408203,271363
FRO,FRO.OL,2015-09-02,106.0,109.0,105.0999984741211,106.80000305175781,98.92713165283203,222069
FRO,FRO.OL,2015-09-03,109.30000305175781,114.44999694824219,108.55000305175781,112.5,104.20695495605469,775187
FRO,FRO.OL,2015-09-04,110.5,112.75,108.9000015258789,110.25,102.12281799316406,340229
FRO,FRO.OL,2015-09-07,112.0,113.80000305175781,110.75,110.75,102.58596801757812,206262
FRO,FRO.OL,2015-09-08,111.0,113.0,110.5,111.4000015258789,103.18803405761719,214404
FRO,FRO.OL,2015-09-09,113.25,113.5,110.5,110.6500015258789,102.49334716796875,198869
FRO,FRO.OL,2015-09-10,109.0,109.9000015258789,108.0,108.0999984741211,100.13130950927734,186716
FRO,FRO.OL,2015-09-11,109.4000015258789,110.5999984741211,107.05000305175781,107.5,99.57552337646484,123058
FRO,FRO.OL,2015-09-14,109.0,109.0,103.5,104.25,96.56511688232422,165336
FRO,FRO.OL,2015-09-15,106.0,109.0,105.75,107.5,99.57552337646484,189485
FRO,FRO.OL,2015-09-16,109.30000305175781,112.80000305175781,108.75,110.6500015258789,102.49334716796875,256457
FRO,FRO.OL,2015-09-17,112.05000305175781,118.5,112.05000305175781,116.30000305175781,107.72683715820312,591225
FRO,FRO.OL,2015-09-18,117.75,122.94999694824219,116.8499984741211,119.1500015258789,110.36675262451172,448696
FRO,FRO.OL,2015-09-21,121.25,124.25,120.5,121.19999694824219,112.265625,362037
FRO,FRO.OL,2015-09-22,121.05000305175781,121.5,115.25,116.75,108.14366912841797,269558
FRO,FRO.OL,2015-09-23,116.5,118.5,115.5,117.0,108.37523651123047,186733
FRO,FRO.OL,2015-09-24,114.0,118.5,113.25,115.19999694824219,106.7079086303711,230419
FRO,FRO.OL,2015-09-25,117.94999694824219,118.0,115.19999694824219,115.75,107.21737670898438,203114
FRO,FRO.OL,2015-09-28,110.5,115.0,108.5,110.0,101.89125061035156,294168
FRO,FRO.OL,2015-09-29,108.0,111.19999694824219,105.75,108.69999694824219,100.68709564208984,215795
FRO,FRO.OL,2015-09-30,108.9000015258789,116.0,108.9000015258789,116.0,107.44892883300781,342638
FRO,FRO.OL,2015-10-01,116.55000305175781,120.5,115.0,116.1500015258789,107.58789825439453,323836
FRO,FRO.OL,2015-10-02,118.5,119.9000015258789,114.0,118.94999694824219,110.18148803710938,390223
FRO,FRO.OL,2015-10-05,124.0,132.5,123.5999984741211,127.5,118.1012191772461,1066800
FRO,FRO.OL,2015-10-06,128.64999389648438,132.75,128.0,131.5500030517578,121.85270690917969,731165
FRO,FRO.OL,2015-10-07,130.60000610351562,133.1999969482422,125.0,126.25,116.94336700439453,524301
FRO,FRO.OL,2015-10-08,125.1500015258789,131.25,123.0,130.1999969482422,120.60216522216797,409659
FRO,FRO.OL,2015-10-09,130.1999969482422,134.75,130.14999389648438,132.14999389648438,122.408447265625,513602
FRO,FRO.OL,2015-10-12,129.25,135.6999969482422,128.5,133.4499969482422,123.61260223388672,560354
FRO,FRO.OL,2015-10-13,132.6999969482422,139.39999389648438,131.5500030517578,135.25,125.27993774414062,676795
FRO,FRO.OL,2015-10-14,133.5,136.25,132.10000610351562,132.3000030517578,122.54737854003906,559785
FRO,FRO.OL,2015-10-15,132.3000030517578,134.60000610351562,131.75,132.4499969482422,122.68634796142578,341569
FRO,FRO.OL,2015-10-16,134.5500030517578,135.75,131.3000030517578,131.3000030517578,121.62110137939453,333966
FRO,FRO.OL,2015-10-19,132.5500030517578,134.5500030517578,128.1999969482422,128.1999969482422,118.74962615966797,313645
FRO,FRO.OL,2015-10-20,125.1500015258789,127.0,119.5999984741211,123.5,114.39610290527344,492061
FRO,FRO.OL,2015-10-21,125.5,130.35000610351562,124.44999694824219,129.5,119.95379638671875,251127
FRO,FRO.OL,2015-10-22,127.0,129.64999389648438,124.6500015258789,128.60000610351562,119.12015533447266,236854
FRO,FRO.OL,2015-10-23,129.5,130.8000030517578,126.25,127.5,118.1012191772461,184627
FRO,FRO.OL,2015-10-26,127.75,130.9499969482422,127.25,128.4499969482422,118.98118591308594,219452
FRO,FRO.OL,2015-10-27,128.0,128.0,124.0,126.9000015258789,117.54544067382812,253064
FRO,FRO.OL,2015-10-28,125.30000305175781,128.5500030517578,123.25,127.8499984741211,118.42539978027344,226842
FRO,FRO.OL,2015-10-29,131.0,131.0,126.1500015258789,128.5,119.02749633789062,310635
FRO,FRO.OL,2015-10-30,128.8000030517578,133.5,128.0500030517578,133.0,123.19574737548828,334899
FRO,FRO.OL,2015-11-02,133.5500030517578,140.89999389648438,133.25,139.5,129.2166290283203,548405
FRO,FRO.OL,2015-11-03,139.6999969482422,141.14999389648438,138.25,139.5,129.2166290283203,310323
FRO,FRO.OL,2015-11-04,141.5,142.9499969482422,139.0500030517578,140.39999389648438,130.05030822753906,304584
FRO,FRO.OL,2015-11-05,139.25,139.5,135.5,137.9499969482422,127.7808837890625,302845
FRO,FRO.OL,2015-11-06,138.0,140.5,136.8000030517578,139.39999389648438,129.12399291992188,227999
FRO,FRO.OL,2015-11-09,140.3000030517578,147.5,140.25,144.64999389648438,133.98696899414062,477250
FRO,FRO.OL,2015-11-10,144.64999389648438,146.5,142.5,143.0,132.4586181640625,307110
FRO,FRO.OL,2015-11-11,143.0,144.89999389648438,131.10000610351562,132.75,122.96421813964844,599341
FRO,FRO.OL,2015-11-12,132.1999969482422,132.5,126.0,129.0,119.49065399169922,363836
FRO,FRO.OL,2015-11-13,128.0,132.89999389648438,124.5,125.75,116.48021697998047,276790
FRO,FRO.OL,2015-11-16,129.0,132.5,127.5,130.5,120.88005828857422,230673
FRO,FRO.OL,2015-11-17,134.0500030517578,135.0,128.75,129.5,119.95379638671875,260013
FRO,FRO.OL,2015-11-18,128.5,128.89999389648438,125.5999984741211,126.5,117.17494201660156,247058
FRO,FRO.OL,2015-11-19,127.5,127.6500015258789,123.5999984741211,124.0,114.85923767089844,208619
FRO,FRO.OL,2015-11-20,124.69999694824219,125.3499984741211,120.5,124.05000305175781,114.90553283691406,364597
FRO,FRO.OL,2015-11-23,125.0,126.44999694824219,121.0,121.55000305175781,112.58982849121094,176968
FRO,FRO.OL,2015-11-24,126.5,137.4499969482422,124.0,135.5,125.51148986816406,769996
FRO,FRO.OL,2015-11-25,135.5,135.75,128.25,128.75,119.25907897949219,440724
FRO,FRO.OL,2015-11-26,130.75,133.39999389648438,129.5,130.0,120.41690063476562,184399
FRO,FRO.OL,2015-11-27,130.0,130.5,124.5,127.0,117.63806915283203,300440
FRO,FRO.OL,2015-11-30,128.9499969482422,131.5,127.5,131.5,121.80634307861328,556840
FRO,FRO.OL,2015-12-01,127.0999984741211,127.3499984741211,120.5999984741211,124.0,114.85923767089844,1311614
FRO,FRO.OL,2015-12-02,126.0,130.5,125.25,129.5,119.95379638671875,1849479
FRO,FRO.OL,2015-12-03,129.5,134.14999389648438,127.5,127.75,118.3327865600586,1100835
FRO,FRO.OL,2015-12-04,126.55000305175781,129.89999389648438,123.0,129.5,119.95379638671875,757563
FRO,FRO.OL,2015-12-07,132.5,135.0,132.0,132.25,122.50104522705078,1171372
FRO,FRO.OL,2015-12-08,132.6999969482422,135.5500030517578,126.5,130.0,120.41690063476562,922035
FRO,FRO.OL,2015-12-09,128.5,132.60000610351562,127.0,132.60000610351562,122.82526397705078,833107
FRO,FRO.OL,2015-12-10,131.0,132.25,128.0,131.75,122.03791809082031,516782
FRO,FRO.OL,2015-12-11,131.0,131.0,125.75,125.94999694824219,116.66548919677734,454418
FRO,FRO.OL,2015-12-14,126.6500015258789,126.9000015258789,115.44999694824219,116.9000015258789,108.28262329101562,840363
FRO,FRO.OL,2015-12-15,122.0,125.5999984741211,119.05000305175781,123.80000305175781,114.67396545410156,782544
FRO,FRO.OL,2015-12-16,127.55000305175781,130.0,126.25,129.75,120.18535614013672,939758
FRO,FRO.OL,2015-12-17,132.0,133.9499969482422,129.5500030517578,130.3000030517578,120.9278335571289,986282
FRO,FRO.OL,2015-12-18,129.89999389648438,129.89999389648438,125.0,128.14999389648438,118.93246459960938,590695
FRO,FRO.OL,2015-12-21,131.0,132.39999389648438,129.5500030517578,130.75,121.34546661376953,635342
FRO,FRO.OL,2015-12-22,129.35000610351562,129.35000610351562,125.5,125.69999694824219,116.65868377685547,434150
FRO,FRO.OL,2015-12-23,126.19999694824219,128.8000030517578,124.5,126.94999694824219,117.81874084472656,471464
FRO,FRO.OL,2015-12-28,126.94999694824219,127.4000015258789,121.8499984741211,122.05000305175781,113.27119445800781,419694
FRO,FRO.OL,2015-12-29,123.5,126.94999694824219,122.0,126.44999694824219,117.35472869873047,359120
FRO,FRO.OL,2015-12-30,127.1500015258789,129.75,125.5,128.10000610351562,118.88607025146484,379995
FRO,FRO.OL,2016-01-04,127.5,129.64999389648438,125.75,129.4499969482422,120.13897705078125,462184
FRO,FRO.OL,2016-01-05,129.25,129.35000610351562,123.0999984741211,123.25,114.3848876953125,755692
FRO,FRO.OL,2016-01-06,122.80000305175781,122.80000305175781,113.05000305175781,115.6500015258789,107.33155822753906,1062846
FRO,FRO.OL,2016-01-07,110.25,111.75,101.9000015258789,105.3499984741211,97.77240753173828,1645979
FRO,FRO.OL,2016-01-08,109.5,115.0,105.19999694824219,109.25,101.39189910888672,1271243
FRO,FRO.OL,2016-01-11,107.75,111.5,104.75,105.6500015258789,98.05083465576172,836573
FRO,FRO.OL,2016-01-12,103.5999984741211,104.5,94.1500015258789,95.8499984741211,88.95573425292969,1644177
FRO,FRO.OL,2016-01-13,98.75,103.80000305175781,98.75,99.80000305175781,92.62159729003906,1435155
FRO,FRO.OL,2016-01-14,98.0,98.75,93.44999694824219,95.5,88.63088989257812,1427795
FRO,FRO.OL,2016-01-15,95.0,95.19999694824219,86.5,89.0,82.59842681884766,1739484
FRO,FRO.OL,2016-01-18,87.25,93.5999984741211,85.30000305175781,91.0,84.45458984375,1441617
FRO,FRO.OL,2016-01-19,95.25,97.80000305175781,93.6500015258789,95.75,88.86292266845703,1423165
FRO,FRO.OL,2016-01-20,90.0,91.25,87.0,87.19999694824219,80.92790222167969,1015778
FRO,FRO.OL,2016-01-21,88.55000305175781,96.30000305175781,88.1500015258789,95.75,88.86292266845703,1322107
FRO,FRO.OL,2016-01-22,100.5,102.0,94.75,95.9000015258789,89.00211334228516,1068023
FRO,FRO.OL,2016-01-25,95.9000015258789,97.19999694824219,92.5,95.0,88.16685485839844,718256
FRO,FRO.OL,2016-01-26,91.0,96.1500015258789,90.30000305175781,94.6500015258789,87.84205627441406,939774
FRO,FRO.OL,2016-01-27,95.1500015258789,96.44999694824219,93.25,95.05000305175781,88.21326446533203,778918
FRO,FRO.OL,2016-01-28,94.69999694824219,97.19999694824219,93.30000305175781,93.9000015258789,87.14598846435547,991981
FRO,FRO.OL,2016-01-29,95.19999694824219,96.0999984741211,92.75,94.69999694824219,87.88844299316406,725165
FRO,FRO.OL,2016-02-01,94.80000305175781,95.0,89.5,90.75,84.22254943847656,780856
FRO,FRO.OL,2016-02-02,89.0999984741211,89.80000305175781,85.5,85.75,79.58219909667969,588745
FRO,FRO.OL,2016-02-03,85.0,86.44999694824219,82.0,86.0,79.814208984375,1191029
FRO,FRO.OL,2016-02-04,87.4000015258789,88.5,84.0,88.30000305175781,81.94877624511719,799267
FRO,FRO.OL,2016-02-05,85.0999984741211,87.25,83.55000305175781,84.5,78.42211151123047,955008
FRO,FRO.OL,2016-02-08,79.0,79.80000305175781,68.5,69.0,64.03697204589844,2123762
FRO,FRO.OL,2016-02-09,71.0,73.69999694824219,65.25,73.25,67.98129272460938,2348949
FRO,FRO.OL,2016-02-10,69.5,73.0,69.05000305175781,70.6500015258789,65.56830596923828,816867
FRO,FRO.OL,2016-02-11,70.0,70.0999984741211,66.05000305175781,68.6500015258789,63.71217346191406,1190036
FRO,FRO.OL,2016-02-12,70.5,71.6500015258789,69.75,70.55000305175781,65.47550201416016,1031372
FRO,FRO.OL,2016-02-15,74.30000305175781,74.69999694824219,73.0,73.5,68.21330261230469,814838
FRO,FRO.OL,2016-02-16,74.4000015258789,75.30000305175781,72.0,73.1500015258789,67.88849639892578,671087
FRO,FRO.OL,2016-02-17,74.0,78.5999984741211,73.80000305175781,78.5999984741211,72.94649505615234,1303078
FRO,FRO.OL,2016-02-18,79.5999984741211,80.5,76.25,76.80000305175781,71.27596282958984,1129073
FRO,FRO.OL,2016-02-19,75.55000305175781,76.4000015258789,74.30000305175781,75.1500015258789,69.74462890625,788101
FRO,FRO.OL,2016-02-22,77.8499984741211,83.55000305175781,77.80000305175781,83.1500015258789,77.1692123413086,1218374
FRO,FRO.OL,2016-02-23,82.25,84.1500015258789,80.80000305175781,80.9000015258789,75.08104705810547,1129334
FRO,FRO.OL,2016-02-24,79.55000305175781,80.75,76.5999984741211,77.25,71.69359588623047,796492
FRO,FRO.OL,2016-02-25,79.44999694824219,79.80000305175781,76.5,77.6500015258789,72.06480407714844,722672
FRO,FRO.OL,2016-02-26,78.5,80.1500015258789,78.5,79.3499984741211,73.64253997802734,630777
FRO,FRO.OL,2016-02-29,80.0,81.0,78.4000015258789,79.6500015258789,73.92094421386719,1057615
FRO,FRO.OL,2016-03-01,78.55000305175781,78.75,76.55000305175781,77.0,71.46155548095703,827885
FRO,FRO.OL,2016-03-02,77.94999694824219,78.0,72.80000305175781,75.0,69.60542297363281,1163921
FRO,FRO.OL,2016-03-03,75.5999984741211,78.0,74.94999694824219,76.0999984741211,70.62631225585938,889082
FRO,FRO.OL,2016-03-04,76.5999984741211,80.3499984741211,76.5999984741211,80.0,74.24578857421875,799519
FRO,FRO.OL,2016-03-07,83.0,84.9000015258789,80.30000305175781,81.80000305175781,75.91629791259766,1212158
FRO,FRO.OL,2016-03-08,82.80000305175781,85.1500015258789,78.19999694824219,79.55000305175781,73.82816314697266,1210868
FRO,FRO.OL,2016-03-09,76.5,79.75,76.5,77.0,71.7773666381836,1211387
FRO,FRO.OL,2016-03-10,74.8499984741211,77.75,72.30000305175781,72.94999694824219,68.00208282470703,1263449
FRO,FRO.OL,2016-03-11,74.0,77.5,73.0999984741211,77.4000015258789,72.15025329589844,1594422
FRO,FRO.OL,2016-03-14,79.5,83.0999984741211,79.0,80.3499984741211,74.90015411376953,1648321
FRO,FRO.OL,2016-03-15,79.94999694824219,80.19999694824219,77.55000305175781,77.69999694824219,72.42989349365234,1137474
FRO,FRO.OL,2016-03-16,78.5,79.3499984741211,77.80000305175781,79.19999694824219,73.82817077636719,574476
FRO,FRO.OL,2016-03-17,80.69999694824219,81.0,77.0,77.75,72.47648620605469,839724
FRO,FRO.OL,2016-03-18,77.0,77.5,75.5,75.5999984741211,70.47234344482422,992538
FRO,FRO.OL,2016-03-21,75.0999984741211,75.0999984741211,70.55000305175781,71.0,66.18434143066406,1384337
FRO,FRO.OL,2016-03-22,71.4000015258789,71.75,68.69999694824219,70.6500015258789,65.85807800292969,1284789
FRO,FRO.OL,2016-03-23,69.69999694824219,70.0,67.69999694824219,69.44999694824219,64.73946380615234,736238
FRO,FRO.OL,2016-03-29,65.5999984741211,67.5,65.05000305175781,66.9000015258789,62.3624153137207,1481801
FRO,FRO.OL,2016-03-30,68.19999694824219,68.6500015258789,66.19999694824219,67.0999984741211,62.54884719848633,1288971
FRO,FRO.OL,2016-03-31,67.5,70.8499984741211,66.44999694824219,70.0,65.25215148925781,1450407
FRO,FRO.OL,2016-04-01,69.19999694824219,69.9000015258789,67.5,67.8499984741211,63.247962951660156,999526
FRO,FRO.OL,2016-04-04,68.94999694824219,70.5,67.55000305175781,68.0,63.38780975341797,1110080
FRO,FRO.OL,2016-04-05,65.80000305175781,66.4000015258789,63.45000076293945,64.0999984741211,59.75233459472656,997242
FRO,FRO.OL,2016-04-06,64.5999984741211,65.3499984741211,61.900001525878906,62.5,58.2608528137207,1158232
FRO,FRO.OL,2016-04-07,65.0,65.30000305175781,61.79999923706055,62.5,58.2608528137207,1421971
FRO,FRO.OL,2016-04-08,62.5,63.599998474121094,61.20000076293945,63.04999923706055,58.7735481262207,1174931
FRO,FRO.OL,2016-04-11,63.099998474121094,65.4000015258789,62.5,65.19999694824219,60.7777214050293,867269
FRO,FRO.OL,2016-04-12,64.4000015258789,64.94999694824219,62.150001525878906,62.70000076293945,58.447288513183594,1025111
FRO,FRO.OL,2016-04-13,63.900001525878906,65.55000305175781,63.900001525878906,65.55000305175781,61.10398864746094,1323005
FRO,FRO.OL,2016-04-14,67.69999694824219,68.80000305175781,66.5999984741211,66.94999694824219,62.409027099609375,1555722
FRO,FRO.OL,2016-04-15,66.5,66.80000305175781,63.25,63.5,59.193016052246094,1216382
FRO,FRO.OL,2016-04-18,63.0,65.1500015258789,62.099998474121094,65.0999984741211,60.68449783325195,852207
FRO,FRO.OL,2016-04-19,65.05000305175781,70.30000305175781,64.5,69.69999694824219,64.97250366210938,2580188
FRO,FRO.OL,2016-04-20,69.05000305175781,69.30000305175781,66.0,67.05000305175781,62.50225067138672,1987946
FRO,FRO.OL,2016-04-21,68.05000305175781,68.30000305175781,67.3499984741211,67.9000015258789,63.29458999633789,940406
FRO,FRO.OL,2016-04-22,68.0,71.94999694824219,68.0,71.0999984741211,66.27754211425781,2293646
FRO,FRO.OL,2016-04-25,70.55000305175781,71.0999984741211,68.19999694824219,68.55000305175781,63.9005126953125,892966
FRO,FRO.OL,2016-04-26,68.0,68.55000305175781,67.30000305175781,67.80000305175781,63.20138168334961,676863
FRO,FRO.OL,2016-04-27,69.5,70.69999694824219,69.19999694824219,70.30000305175781,65.53180694580078,1718993
FRO,FRO.OL,2016-04-28,70.4000015258789,70.9000015258789,68.4000015258789,69.5999984741211,64.87926483154297,1188079
FRO,FRO.OL,2016-04-29,68.3499984741211,68.3499984741211,66.0999984741211,66.94999694824219,62.409027099609375,1187014
FRO,FRO.OL,2016-05-02,66.5,66.5,64.5999984741211,65.0,60.59128952026367,551567
FRO,FRO.OL,2016-05-03,66.0,66.0,62.900001525878906,63.75,59.42607116699219,832853
FRO,FRO.OL,2016-05-04,63.650001525878906,64.05000305175781,62.400001525878906,63.79999923706055,59.472679138183594,900275
FRO,FRO.OL,2016-05-06,62.599998474121094,64.5,61.900001525878906,64.05000305175781,59.70573043823242,1131482
FRO,FRO.OL,2016-05-09,64.19999694824219,64.19999694824219,62.5,62.79999923706055,58.54050827026367,797708
FRO,FRO.OL,2016-05-10,63.5,66.0,63.29999923706055,64.8499984741211,60.45146560668945,1504934
FRO,FRO.OL,2016-05-11,65.69999694824219,66.19999694824219,63.5,64.6500015258789,60.2650260925293,1057190
FRO,FRO.OL,2016-05-12,64.80000305175781,65.5,63.95000076293945,64.80000305175781,60.404850006103516,1019812
FRO,FRO.OL,2016-05-13,64.19999694824219,64.8499984741211,63.099998474121094,64.0999984741211,59.75233459472656,642165
FRO,FRO.OL,2016-05-18,65.75,66.5999984741211,65.0,65.9000015258789,61.43024826049805,1075107
FRO,FRO.OL,2016-05-19,65.69999694824219,65.80000305175781,62.45000076293945,62.54999923706055,58.307456970214844,1154746
FRO,FRO.OL,2016-05-20,63.0,63.25,61.650001525878906,62.25,58.02781677246094,1237712
FRO,FRO.OL,2016-05-23,62.650001525878906,65.19999694824219,62.150001525878906,64.75,60.358238220214844,1078386
FRO,FRO.OL,2016-05-24,64.25,64.5,63.599998474121094,64.44999694824219,60.07858657836914,777436
FRO,FRO.OL,2016-05-25,65.05000305175781,65.55000305175781,64.5,65.5,61.057369232177734,977460
FRO,FRO.OL,2016-05-26,65.30000305175781,66.80000305175781,64.5,66.30000305175781,61.80311584472656,994793
FRO,FRO.OL,2016-05-27,66.0,66.5,64.80000305175781,65.25,60.8243293762207,485349
FRO,FRO.OL,2016-05-30,66.69999694824219,67.3499984741211,65.94999694824219,66.75,62.22257614135742,454916
FRO,FRO.OL,2016-05-31,67.25,71.69999694824219,67.19999694824219,71.25,66.4173583984375,2983170
FRO,FRO.OL,2016-06-01,74.0,75.75,71.69999694824219,72.1500015258789,67.25633239746094,1917213
FRO,FRO.OL,2016-06-02,72.05000305175781,73.5999984741211,71.0,71.80000305175781,66.9300537109375,982156
FRO,FRO.OL,2016-06-03,75.0,75.4000015258789,71.69999694824219,71.8499984741211,66.97667694091797,1312811
FRO,FRO.OL,2016-06-06,73.19999694824219,76.25,71.9000015258789,76.05000305175781,70.89180755615234,1189552
FRO,FRO.OL,2016-06-07,76.55000305175781,77.75,76.30000305175781,77.5,72.24346923828125,1254239
FRO,FRO.OL,2016-06-08,79.05000305175781,83.0,78.3499984741211,82.30000305175781,76.71788787841797,1559440
FRO,FRO.OL,2016-06-09,83.1500015258789,84.94999694824219,81.55000305175781,82.19999694824219,76.62466430664062,1825813
FRO,FRO.OL,2016-06-10,80.0999984741211,80.25,75.9000015258789,76.5,71.6600112915039,1127243
FRO,FRO.OL,2016-06-13,73.9000015258789,75.4000015258789,72.05000305175781,75.0999984741211,70.34857940673828,1232909
FRO,FRO.OL,2016-06-14,73.1500015258789,73.94999694824219,71.80000305175781,71.8499984741211,67.30419158935547,638496
FRO,FRO.OL,2016-06-15,71.5,71.75,69.69999694824219,70.80000305175781,66.32063293457031,1045994
FRO,FRO.OL,2016-06-16,67.6500015258789,67.6500015258789,65.75,66.5,62.29266357421875,1585945
FRO,FRO.OL,2016-06-17,67.69999694824219,69.3499984741211,66.69999694824219,68.94999694824219,64.58767700195312,808186
FRO,FRO.OL,2016-06-20,69.5,70.6500015258789,68.0999984741211,68.9000015258789,64.54084014892578,586968
FRO,FRO.OL,2016-06-21,68.94999694824219,69.0,67.0999984741211,67.69999694824219,63.41675567626953,733694
FRO,FRO.OL,2016-06-22,67.8499984741211,67.9000015258789,66.5,66.80000305175781,62.573699951171875,476477
FRO,FRO.OL,2016-06-23,67.0,69.4000015258789,66.5,68.5,64.1661376953125,797839
FRO,FRO.OL,2016-06-24,63.5,69.0,63.099998474121094,68.0,63.69777297973633,1131119
FRO,FRO.OL,2016-06-27,68.0,68.0,64.0,64.0,59.95084762573242,815969
FRO,FRO.OL,2016-06-28,64.80000305175781,67.44999694824219,64.80000305175781,66.5999984741211,62.38634490966797,747327
FRO,FRO.OL,2016-06-29,67.6500015258789,68.3499984741211,67.0999984741211,67.44999694824219,63.18256378173828,501751
FRO,FRO.OL,2016-06-30,67.44999694824219,67.5999984741211,64.0999984741211,64.1500015258789,60.09135437011719,984913
FRO,FRO.OL,2016-07-01,65.0,65.4000015258789,64.30000305175781,65.4000015258789,61.262264251708984,517129
FRO,FRO.OL,2016-07-04,66.44999694824219,66.5,64.69999694824219,65.0999984741211,60.98124313354492,286182
FRO,FRO.OL,2016-07-05,64.5,64.80000305175781,62.650001525878906,63.5,59.48248291015625,593687
FRO,FRO.OL,2016-07-06,63.099998474121094,63.75,62.29999923706055,62.599998474121094,58.63941955566406,365343
FRO,FRO.OL,2016-07-07,63.150001525878906,63.400001525878906,62.20000076293945,62.599998474121094,58.63941955566406,376882
FRO,FRO.OL,2016-07-08,61.400001525878906,63.0,59.900001525878906,62.400001525878906,58.45206832885742,832568
FRO,FRO.OL,2016-07-11,64.0,64.94999694824219,62.75,64.5999984741211,60.51287841796875,554864
FRO,FRO.OL,2016-07-12,65.3499984741211,65.8499984741211,63.45000076293945,65.4000015258789,61.262264251708984,722890
FRO,FRO.OL,2016-07-13,66.0,66.19999694824219,65.05000305175781,65.5,61.35593795776367,406574
FRO,FRO.OL,2016-07-14,65.0,65.8499984741211,63.95000076293945,65.8499984741211,61.683807373046875,442625
FRO,FRO.OL,2016-07-15,65.69999694824219,66.0,64.5,65.44999694824219,61.309104919433594,468757
FRO,FRO.OL,2016-07-18,65.55000305175781,65.9000015258789,64.55000305175781,65.75,61.59013366699219,393223
FRO,FRO.OL,2016-07-19,65.75,66.9000015258789,65.30000305175781,66.8499984741211,62.62053680419922,586517
FRO,FRO.OL,2016-07-20,66.4000015258789,67.9000015258789,66.1500015258789,67.30000305175781,63.04206466674805,624211
FRO,FRO.OL,2016-07-21,69.0999984741211,70.75,68.30000305175781,70.55000305175781,66.08644104003906,578584
FRO,FRO.OL,2016-07-22,70.0999984741211,70.25,69.25,69.25,64.86868286132812,506394
FRO,FRO.OL,2016-07-25,69.1500015258789,69.94999694824219,68.69999694824219,69.25,64.86868286132812,408772
FRO,FRO.OL,2016-07-26,69.80000305175781,69.80000305175781,67.44999694824219,69.0,64.63451385498047,456696
FRO,FRO.OL,2016-07-27,69.5,70.75,69.4000015258789,70.4000015258789,65.94593811035156,595464
FRO,FRO.OL,2016-07-28,69.5,69.5999984741211,67.19999694824219,67.5,63.22940444946289,470632
FRO,FRO.OL,2016-07-29,67.3499984741211,67.3499984741211,65.69999694824219,66.0,61.82430648803711,353544
FRO,FRO.OL,2016-08-01,66.69999694824219,67.05000305175781,65.44999694824219,65.80000305175781,61.63695526123047,346855
FRO,FRO.OL,2016-08-02,65.0,65.4000015258789,63.5,64.5999984741211,60.51287841796875,456855
FRO,FRO.OL,2016-08-03,62.79999923706055,63.20000076293945,62.150001525878906,62.650001525878906,58.68626022338867,500083
FRO,FRO.OL,2016-08-04,64.25,65.0,63.150001525878906,64.5,60.41920852661133,675194
FRO,FRO.OL,2016-08-05,64.25,66.3499984741211,64.19999694824219,66.0999984741211,61.9179801940918,507412
FRO,FRO.OL,2016-08-08,66.75,68.80000305175781,66.55000305175781,68.30000305175781,63.978790283203125,446351
FRO,FRO.OL,2016-08-09,69.0,69.1500015258789,68.25,68.44999694824219,64.11930847167969,386541
FRO,FRO.OL,2016-08-10,67.80000305175781,67.8499984741211,65.5999984741211,65.9000015258789,61.73063278198242,406329
FRO,FRO.OL,2016-08-11,65.75,66.9000015258789,64.6500015258789,66.80000305175781,62.573699951171875,246564
FRO,FRO.OL,2016-08-12,66.94999694824219,67.80000305175781,66.30000305175781,67.25,62.995235443115234,420986
FRO,FRO.OL,2016-08-15,67.6500015258789,68.5999984741211,67.0999984741211,68.1500015258789,63.83829879760742,317809
FRO,FRO.OL,2016-08-16,68.69999694824219,68.80000305175781,67.30000305175781,68.3499984741211,64.025634765625,477117
FRO,FRO.OL,2016-08-17,68.69999694824219,68.69999694824219,67.25,67.25,62.995235443115234,357947
FRO,FRO.OL,2016-08-18,67.6500015258789,68.19999694824219,66.30000305175781,67.30000305175781,63.04206466674805,439807
FRO,FRO.OL,2016-08-19,67.3499984741211,67.5,65.9000015258789,67.30000305175781,63.04206466674805,442626
FRO,FRO.OL,2016-08-22,67.4000015258789,68.5,67.0,68.3499984741211,64.025634765625,338097
FRO,FRO.OL,2016-08-23,68.75,69.9000015258789,68.4000015258789,69.9000015258789,65.47756958007812,593182
FRO,FRO.OL,2016-08-24,70.69999694824219,72.1500015258789,70.55000305175781,71.1500015258789,66.64847564697266,791323
FRO,FRO.OL,2016-08-25,68.0,68.5,66.25,67.19999694824219,62.948402404785156,587036
FRO,FRO.OL,2016-08-26,67.0,68.4000015258789,66.9000015258789,68.0,63.69777297973633,281023
FRO,FRO.OL,2016-08-29,67.9000015258789,68.25,67.4000015258789,67.44999694824219,63.18256378173828,325455
FRO,FRO.OL,2016-08-30,67.19999694824219,67.8499984741211,66.30000305175781,67.30000305175781,63.04206466674805,375150
FRO,FRO.OL,2016-08-31,63.349998474121094,65.0,61.75,62.29999923706055,58.3583984375,1353570
FRO,FRO.OL,2016-09-01,61.20000076293945,61.5,58.5,59.650001525878906,55.876068115234375,1794641
FRO,FRO.OL,2016-09-02,59.5,60.5,58.5,60.25,56.43810272216797,857886
FRO,FRO.OL,2016-09-05,60.25,61.95000076293945,60.25,60.79999923706055,56.95329666137695,424197
FRO,FRO.OL,2016-09-06,61.5,61.5,60.400001525878906,60.79999923706055,56.95329666137695,419399
FRO,FRO.OL,2016-09-07,62.20000076293945,62.54999923706055,61.29999923706055,62.20000076293945,58.26472091674805,820568
FRO,FRO.OL,2016-09-08,62.0,62.70000076293945,61.29999923706055,61.650001525878906,57.74951934814453,467226
FRO,FRO.OL,2016-09-09,59.79999923706055,61.650001525878906,59.400001525878906,60.20000076293945,56.57479476928711,359894
FRO,FRO.OL,2016-09-12,58.54999923706055,59.0,57.70000076293945,58.349998474121094,54.83620071411133,520810
FRO,FRO.OL,2016-09-13,58.849998474121094,59.29999923706055,57.599998474121094,57.599998474121094,54.13136672973633,467930
FRO,FRO.OL,2016-09-14,57.5,59.099998474121094,57.5,58.04999923706055,54.554264068603516,493965
FRO,FRO.OL,2016-09-15,56.900001525878906,57.75,54.849998474121094,57.70000076293945,54.2253532409668,673766
FRO,FRO.OL,2016-09-16,56.5,57.5,56.5,57.5,54.03738021850586,320569
FRO,FRO.OL,2016-09-19,58.599998474121094,60.75,58.599998474121094,60.150001525878906,56.52781677246094,477936
FRO,FRO.OL,2016-09-20,58.5,59.900001525878906,58.04999923706055,59.900001525878906,56.2928581237793,451631
FRO,FRO.OL,2016-09-21,60.0,60.25,59.150001525878906,60.0,56.386844635009766,257602
FRO,FRO.OL,2016-09-22,60.5,61.20000076293945,60.099998474121094,60.75,57.0916748046875,323116
FRO,FRO.OL,2016-09-23,59.79999923706055,60.599998474121094,59.400001525878906,60.0,56.386844635009766,318277
FRO,FRO.OL,2016-09-26,58.099998474121094,59.5,57.650001525878906,58.79999923706055,55.25910186767578,531395
FRO,FRO.OL,2016-09-27,58.099998474121094,58.650001525878906,57.5,58.150001525878906,54.648250579833984,446906
FRO,FRO.OL,2016-09-28,57.849998474121094,60.150001525878906,57.849998474121094,59.25,55.6820068359375,706718
FRO,FRO.OL,2016-09-29,59.0,59.150001525878906,57.5,57.95000076293945,54.46028518676758,586513
FRO,FRO.OL,2016-09-30,57.5,57.900001525878906,56.75,57.54999923706055,54.08437728881836,340737
FRO,FRO.OL,2016-10-03,58.0,58.0,56.099998474121094,56.150001525878906,52.76868438720703,400848
FRO,FRO.OL,2016-10-04,56.400001525878906,59.04999923706055,56.400001525878906,58.349998474121094,54.83620071411133,573241
FRO,FRO.OL,2016-10-05,58.20000076293945,59.95000076293945,57.70000076293945,59.70000076293945,56.10490417480469,713326
FRO,FRO.OL,2016-10-06,59.900001525878906,63.70000076293945,59.900001525878906,62.95000076293945,59.159183502197266,1135501
FRO,FRO.OL,2016-10-07,62.0,62.599998474121094,60.599998474121094,61.5,57.79651641845703,661689
FRO,FRO.OL,2016-10-10,62.45000076293945,64.3499984741211,61.599998474121094,64.25,60.38090515136719,581520
FRO,FRO.OL,2016-10-11,64.25,65.55000305175781,64.0,64.4000015258789,60.52187728881836,615033
FRO,FRO.OL,2016-10-12,64.0,64.75,63.70000076293945,63.75,59.91101837158203,329681
FRO,FRO.OL,2016-10-13,62.5,62.75,61.0,61.099998474121094,57.420597076416016,505758
FRO,FRO.OL,2016-10-14,61.349998474121094,63.95000076293945,61.29999923706055,62.5,58.73628616333008,608776
FRO,FRO.OL,2016-10-17,62.099998474121094,62.79999923706055,61.400001525878906,61.70000076293945,57.984474182128906,360968
FRO,FRO.OL,2016-10-18,61.70000076293945,63.5,61.5,61.650001525878906,57.93747329711914,370151
FRO,FRO.OL,2016-10-19,61.79999923706055,63.400001525878906,61.79999923706055,63.0,59.2061767578125,422072
FRO,FRO.OL,2016-10-20,63.349998474121094,64.30000305175781,63.150001525878906,63.849998474121094,60.0049934387207,620622
FRO,FRO.OL,2016-10-21,64.05000305175781,64.30000305175781,63.099998474121094,63.900001525878906,60.05198287963867,331611
FRO,FRO.OL,2016-10-24,63.29999923706055,63.849998474121094,62.04999923706055,62.400001525878906,58.6423225402832,500028
FRO,FRO.OL,2016-10-25,62.349998474121094,62.70000076293945,61.599998474121094,62.400001525878906,58.6423225402832,401416
FRO,FRO.OL,2016-10-26,62.0,62.0,60.5,60.79999923706055,57.13866424560547,437263
FRO,FRO.OL,2016-10-27,61.20000076293945,61.20000076293945,60.20000076293945,60.79999923706055,57.13866424560547,288924
FRO,FRO.OL,2016-10-28,60.79999923706055,61.650001525878906,60.599998474121094,61.5,57.79651641845703,260821
FRO,FRO.OL,2016-10-31,61.400001525878906,62.20000076293945,60.400001525878906,60.599998474121094,56.950714111328125,429872
FRO,FRO.OL,2016-11-01,59.650001525878906,61.0,59.650001525878906,60.95000076293945,57.27962875366211,334318
FRO,FRO.OL,2016-11-02,60.25,60.45000076293945,57.75,58.400001525878906,54.88319396972656,846035
FRO,FRO.OL,2016-11-03,58.400001525878906,58.54999923706055,57.900001525878906,58.29999923706055,54.789215087890625,277647
FRO,FRO.OL,2016-11-04,57.54999923706055,58.400001525878906,57.349998474121094,57.400001525878906,53.94341278076172,424660
FRO,FRO.OL,2016-11-07,58.45000076293945,59.349998474121094,58.099998474121094,59.29999923706055,55.729000091552734,234492
FRO,FRO.OL,2016-11-08,59.29999923706055,59.70000076293945,57.79999923706055,57.79999923706055,54.31932067871094,286777
FRO,FRO.OL,2016-11-09,56.0,59.25,55.5,58.54999923706055,55.02416229248047,485357
FRO,FRO.OL,2016-11-10,59.900001525878906,62.0,59.599998474121094,61.599998474121094,57.89048767089844,649647
FRO,FRO.OL,2016-11-11,62.650001525878906,62.849998474121094,61.45000076293945,62.400001525878906,58.6423225402832,409627
FRO,FRO.OL,2016-11-14,62.900001525878906,63.5,62.20000076293945,63.20000076293945,59.39413833618164,474613
FRO,FRO.OL,2016-11-15,62.849998474121094,63.04999923706055,61.0,61.70000076293945,57.984474182128906,544674
FRO,FRO.OL,2016-11-16,62.400001525878906,63.70000076293945,61.79999923706055,63.70000076293945,59.86402130126953,583589
FRO,FRO.OL,2016-11-17,65.0,68.0,64.5,65.9000015258789,61.93155288696289,1479608
FRO,FRO.OL,2016-11-18,64.44999694824219,65.0,62.95000076293945,64.25,60.38090515136719,462621
FRO,FRO.OL,2016-11-21,65.30000305175781,65.3499984741211,63.5,64.3499984741211,60.47488784790039,328281
FRO,FRO.OL,2016-11-22,66.0,66.0,65.0999984741211,65.3499984741211,61.414649963378906,295331
FRO,FRO.OL,2016-11-23,65.4000015258789,65.4000015258789,64.05000305175781,64.9000015258789,60.991764068603516,196766
FRO,FRO.OL,2016-11-24,65.0,65.25,64.6500015258789,64.69999694824219,60.80380630493164,105385
FRO,FRO.OL,2016-11-25,64.8499984741211,65.05000305175781,64.1500015258789,64.5999984741211,60.7098274230957,147756
FRO,FRO.OL,2016-11-28,64.0,64.30000305175781,63.25,63.5,59.67607879638672,223782
FRO,FRO.OL,2016-11-29,63.5,63.599998474121094,60.29999923706055,61.5,57.79651641845703,450016
FRO,FRO.OL,2016-11-30,61.400001525878906,62.599998474121094,60.599998474121094,61.0,57.326622009277344,630337
FRO,FRO.OL,2016-12-01,60.099998474121094,60.79999923706055,57.400001525878906,59.849998474121094,56.24586868286133,817206
FRO,FRO.OL,2016-12-02,59.099998474121094,60.25,58.75,59.79999923706055,56.198883056640625,335969
FRO,FRO.OL,2016-12-05,59.04999923706055,60.599998474121094,58.5,59.5,55.916954040527344,293392
FRO,FRO.OL,2016-12-06,60.25,61.0,59.400001525878906,60.79999923706055,57.13866424560547,337707
FRO,FRO.OL,2016-12-07,60.75,62.5,60.70000076293945,61.400001525878906,57.70252990722656,448891
FRO,FRO.OL,2016-12-08,61.45000076293945,63.25,61.45000076293945,62.900001525878906,59.112205505371094,538474
FRO,FRO.OL,2016-12-09,63.54999923706055,66.25,62.900001525878906,65.9000015258789,61.93155288696289,1581125
FRO,FRO.OL,2016-12-12,64.94999694824219,65.19999694824219,62.650001525878906,62.900001525878906,59.112205505371094,743462
FRO,FRO.OL,2016-12-13,62.900001525878906,65.3499984741211,62.400001525878906,65.0,61.18301773071289,1255770
FRO,FRO.OL,2016-12-14,64.75,65.5999984741211,64.0999984741211,64.5,60.71237564086914,795534
FRO,FRO.OL,2016-12-15,63.95000076293945,65.75,61.119998931884766,65.3499984741211,61.51244354248047,846836
FRO,FRO.OL,2016-12-16,65.5,66.3499984741211,64.8499984741211,65.25,61.418331146240234,642622
FRO,FRO.OL,2016-12-19,64.5,65.0999984741211,62.20000076293945,62.70000076293945,59.01808166503906,902548
FRO,FRO.OL,2016-12-20,61.95000076293945,63.29999923706055,61.400001525878906,62.79999923706055,59.112205505371094,872277
FRO,FRO.OL,2016-12-21,63.20000076293945,64.0,62.0,62.400001525878906,58.73570251464844,916609
FRO,FRO.OL,2016-12-22,62.70000076293945,63.900001525878906,62.650001525878906,63.0,59.300453186035156,517664
FRO,FRO.OL,2016-12-23,62.75,63.400001525878906,61.5,61.79999923706055,58.17092514038086,607858
FRO,FRO.OL,2016-12-27,61.75,62.75,61.70000076293945,62.20000076293945,58.54743957519531,345096
FRO,FRO.OL,2016-12-28,62.20000076293945,62.900001525878906,61.900001525878906,62.099998474121094,58.45330047607422,381604
FRO,FRO.OL,2016-12-29,62.04999923706055,62.349998474121094,61.349998474121094,61.5,57.8885498046875,317469
FRO,FRO.OL,2016-12-30,61.29999923706055,62.45000076293945,60.5,62.0,58.35917663574219,940691
FRO,FRO.OL,2017-01-02,62.95000076293945,64.0999984741211,62.20000076293945,62.29999923706055,58.64156723022461,1216300
FRO,FRO.OL,2017-01-03,63.0,64.69999694824219,62.79999923706055,64.0,60.241737365722656,1771037
FRO,FRO.OL,2017-01-04,64.3499984741211,64.55000305175781,63.0,63.599998474121094,59.865230560302734,902011
FRO,FRO.OL,2017-01-05,63.5,63.900001525878906,63.04999923706055,63.5,59.7711067199707,583912
FRO,FRO.OL,2017-01-06,63.54999923706055,64.3499984741211,62.54999923706055,63.04999923706055,59.34752655029297,688244
FRO,FRO.OL,2017-01-09,63.0,63.0,60.650001525878906,61.29999923706055,57.70028305053711,1244065
FRO,FRO.OL,2017-01-10,61.20000076293945,61.5,60.20000076293945,61.45000076293945,57.84147262573242,841186
FRO,FRO.OL,2017-01-11,61.349998474121094,62.54999923706055,60.650001525878906,62.25,58.59449768066406,566910
FRO,FRO.OL,2017-01-12,62.099998474121094,62.349998474121094,60.95000076293945,61.150001525878906,57.559112548828125,1201341
FRO,FRO.OL,2017-01-13,61.150001525878906,62.94499969482422,60.29999923706055,60.29999923706055,56.75901412963867,697089
FRO,FRO.OL,2017-01-16,60.400001525878906,60.650001525878906,59.599998474121094,59.95000076293945,56.4295654296875,434919
FRO,FRO.OL,2017-01-17,60.25,60.5,59.5,59.599998474121094,56.10011672973633,431191
FRO,FRO.OL,2017-01-18,59.29999923706055,59.900001525878906,59.150001525878906,59.349998474121094,55.86479187011719,354097
FRO,FRO.OL,2017-01-19,59.79999923706055,60.20000076293945,59.099998474121094,59.599998474121094,56.10011672973633,568354
FRO,FRO.OL,2017-01-20,60.0,60.400001525878906,59.20000076293945,59.20000076293945,55.72360610961914,408532
FRO,FRO.OL,2017-01-23,60.20000076293945,60.54999923706055,59.20000076293945,59.95000076293945,56.4295654296875,624124
FRO,FRO.OL,2017-01-24,59.599998474121094,59.95000076293945,59.20000076293945,59.5,56.00598907470703,505142
FRO,FRO.OL,2017-01-25,59.849998474121094,60.70000076293945,59.599998474121094,60.29999923706055,56.75901412963867,492820
FRO,FRO.OL,2017-01-26,60.349998474121094,60.95000076293945,59.54999923706055,60.29999923706055,56.75901412963867,557936
FRO,FRO.OL,2017-01-27,60.20000076293945,60.20000076293945,58.599998474121094,58.599998474121094,55.15884017944336,671333
FRO,FRO.OL,2017-01-30,59.04999923706055,60.70000076293945,57.650001525878906,57.79999923706055,54.405818939208984,1072225
FRO,FRO.OL,2017-01-31,58.45000076293945,59.25,56.70000076293945,57.0,53.652809143066406,712944
FRO,FRO.OL,2017-02-01,56.70000076293945,57.29999923706055,56.25,56.900001525878906,53.558677673339844,659402
FRO,FRO.OL,2017-02-02,56.400001525878906,57.11957931518555,55.349998474121094,55.79999923706055,52.523258209228516,642480
FRO,FRO.OL,2017-02-03,55.70000076293945,55.95000076293945,55.150001525878906,55.900001525878906,52.617393493652344,686768
FRO,FRO.OL,2017-02-06,55.900001525878906,57.099998474121094,55.75,56.400001525878906,53.08803176879883,467275
FRO,FRO.OL,2017-02-07,55.75,57.099998474121094,55.75,57.0,53.652809143066406,515915
FRO,FRO.OL,2017-02-08,56.95000076293945,57.599998474121094,55.599998474121094,55.70000076293945,52.42913818359375,557812
FRO,FRO.OL,2017-02-09,55.95000076293945,56.54999923706055,55.75,56.20000076293945,52.899776458740234,455829
FRO,FRO.OL,2017-02-10,56.5,58.349998474121094,56.150001525878906,58.29999923706055,54.87645721435547,785724
FRO,FRO.OL,2017-02-13,59.25,60.75,58.900001525878906,60.29999923706055,56.75901412963867,796478
FRO,FRO.OL,2017-02-14,59.95000076293945,59.95000076293945,58.849998474121094,58.95000076293945,55.48828887939453,364613
FRO,FRO.OL,2017-02-15,59.20000076293945,59.5,58.0,58.150001525878906,54.735267639160156,355586
FRO,FRO.OL,2017-02-16,58.0,58.54999923706055,57.75,57.79999923706055,54.405818939208984,342911
FRO,FRO.OL,2017-02-17,58.29999923706055,58.5,57.5,58.150001525878906,54.735267639160156,329371
FRO,FRO.OL,2017-02-20,58.099998474121094,58.599998474121094,57.150001525878906,57.45000076293945,54.07636260986328,263312
FRO,FRO.OL,2017-02-21,57.400001525878906,58.349998474121094,57.04999923706055,58.0,54.59406661987305,437687
FRO,FRO.OL,2017-02-22,58.04999923706055,58.400001525878906,57.150001525878906,57.29999923706055,53.93517303466797,221871
FRO,FRO.OL,2017-02-23,57.29999923706055,57.400001525878906,55.849998474121094,56.650001525878906,53.32334899902344,631905
FRO,FRO.OL,2017-02-24,56.70000076293945,56.70000076293945,55.75,55.79999923706055,52.523258209228516,411099
FRO,FRO.OL,2017-02-27,55.849998474121094,56.45000076293945,55.25,56.29999923706055,52.9939079284668,413012
FRO,FRO.OL,2017-02-28,56.599998474121094,59.79999923706055,56.45000076293945,58.5,55.0647087097168,1548093
FRO,FRO.OL,2017-03-01,58.20000076293945,59.349998474121094,58.0,58.75,55.3000373840332,552605
FRO,FRO.OL,2017-03-02,59.70000076293945,60.0,58.75,59.400001525878906,55.911865234375,647492
FRO,FRO.OL,2017-03-03,59.70000076293945,59.70000076293945,58.5,58.70000076293945,55.25297164916992,350783
FRO,FRO.OL,2017-03-06,58.79999923706055,59.0,58.099998474121094,58.75,55.3000373840332,283410
FRO,FRO.OL,2017-03-07,58.95000076293945,59.150001525878906,58.0,58.29999923706055,54.87645721435547,267846
FRO,FRO.OL,2017-03-08,58.20000076293945,58.20000076293945,57.349998474121094,57.95000076293945,54.5470085144043,247070
FRO,FRO.OL,2017-03-09,57.650001525878906,58.599998474121094,56.79999923706055,58.5,55.0647087097168,504576
FRO,FRO.OL,2017-03-10,57.900001525878906,57.900001525878906,57.04999923706055,57.54999923706055,54.309749603271484,261551
FRO,FRO.OL,2017-03-13,57.29999923706055,58.5,56.5,58.20000076293945,54.923160552978516,686439
FRO,FRO.OL,2017-03-14,58.20000076293945,58.599998474121094,57.25,57.5,54.262569427490234,438006
FRO,FRO.OL,2017-03-15,57.5,58.20000076293945,57.25,58.20000076293945,54.923160552978516,253710
FRO,FRO.OL,2017-03-16,58.349998474121094,60.599998474121094,58.20000076293945,59.95000076293945,56.57463455200195,1361113
FRO,FRO.OL,2017-03-17,60.0,60.29999923706055,59.099998474121094,59.20000076293945,55.86686325073242,471935
FRO,FRO.OL,2017-03-20,59.29999923706055,60.70000076293945,59.29999923706055,60.25,56.85773468017578,480554
FRO,FRO.OL,2017-03-21,60.0,60.29999923706055,58.349998474121094,58.5,55.206268310546875,469099
FRO,FRO.OL,2017-03-22,58.0,58.0,56.650001525878906,57.0,53.79072952270508,448828
FRO,FRO.OL,2017-03-23,57.75,57.79999923706055,56.54999923706055,56.599998474121094,53.41324234008789,498579
FRO,FRO.OL,2017-03-24,57.75,57.900001525878906,56.650001525878906,57.45000076293945,54.21538543701172,335777
FRO,FRO.OL,2017-03-27,56.900001525878906,57.150001525878906,56.150001525878906,56.5,53.31888198852539,466456
FRO,FRO.OL,2017-03-28,57.5,57.75,56.599998474121094,57.45000076293945,54.21538543701172,265546
FRO,FRO.OL,2017-03-29,57.5,58.599998474121094,56.79999923706055,58.5,55.206268310546875,407821
FRO,FRO.OL,2017-03-30,58.5,59.0,57.75,58.5,55.206268310546875,235650
FRO,FRO.OL,2017-03-31,58.0,58.0,57.349998474121094,57.5,54.262569427490234,431359
FRO,FRO.OL,2017-04-03,57.400001525878906,57.849998474121094,57.25,57.54999923706055,54.309749603271484,215894
FRO,FRO.OL,2017-04-04,57.54999923706055,58.04999923706055,56.75,57.70000076293945,54.451316833496094,386165
FRO,FRO.OL,2017-04-05,57.650001525878906,58.849998474121094,57.599998474121094,58.5,55.206268310546875,376220
FRO,FRO.OL,2017-04-06,57.04999923706055,58.25,56.95000076293945,58.0,54.734413146972656,551883
FRO,FRO.OL,2017-04-07,58.0,58.04999923706055,57.5,57.849998474121094,54.592864990234375,216169
FRO,FRO.OL,2017-04-10,58.25,58.54999923706055,57.54999923706055,58.45000076293945,55.159088134765625,188367
FRO,FRO.OL,2017-04-11,58.79999923706055,58.79999923706055,57.849998474121094,58.349998474121094,55.06471252441406,337734
FRO,FRO.OL,2017-04-12,59.25,59.45000076293945,58.599998474121094,58.95000076293945,55.63093185424805,257938
FRO,FRO.OL,2017-04-13,58.95000076293945,58.95000076293945,58.95000076293945,58.95000076293945,55.63093185424805,0
FRO,FRO.OL,2017-04-18,58.650001525878906,58.650001525878906,56.599998474121094,57.150001525878906,53.932281494140625,367857
FRO,FRO.OL,2017-04-19,56.95000076293945,57.54999923706055,56.70000076293945,56.79999923706055,53.601985931396484,322291
FRO,FRO.OL,2017-04-20,56.849998474121094,57.5,56.650001525878906,57.400001525878906,54.1682014465332,237225
FRO,FRO.OL,2017-04-21,57.79999923706055,57.79999923706055,56.849998474121094,57.45000076293945,54.21538543701172,306870
FRO,FRO.OL,2017-04-24,56.79999923706055,58.400001525878906,56.79999923706055,57.20000076293945,53.979461669921875,284688
FRO,FRO.OL,2017-04-25,57.400001525878906,58.25,57.0,58.04999923706055,54.78160095214844,445024
FRO,FRO.OL,2017-04-26,58.5,58.5,57.5,57.79999923706055,54.54567337036133,184990
FRO,FRO.OL,2017-04-27,57.20000076293945,57.5,56.849998474121094,57.04999923706055,53.8379020690918,216785
FRO,FRO.OL,2017-04-28,56.900001525878906,57.599998474121094,56.75,57.20000076293945,53.979461669921875,154636
FRO,FRO.OL,2017-05-02,57.0,57.70000076293945,56.900001525878906,57.20000076293945,53.979461669921875,199976
FRO,FRO.OL,2017-05-03,56.849998474121094,57.29999923706055,56.599998474121094,57.20000076293945,53.979461669921875,201067
FRO,FRO.OL,2017-05-04,56.650001525878906,57.400001525878906,56.04999923706055,56.099998474121094,52.9413948059082,166789
FRO,FRO.OL,2017-05-05,55.0,55.599998474121094,54.79999923706055,55.54999923706055,52.422367095947266,312708
FRO,FRO.OL,2017-05-08,55.54999923706055,55.849998474121094,54.900001525878906,55.54999923706055,52.422367095947266,254893
FRO,FRO.OL,2017-05-09,54.95000076293945,56.349998474121094,54.75,55.650001525878906,52.51673126220703,364069
FRO,FRO.OL,2017-05-10,54.79999923706055,55.349998474121094,54.54999923706055,54.849998474121094,51.761783599853516,371592
FRO,FRO.OL,2017-05-11,55.0,55.349998474121094,54.70000076293945,55.0,51.90333557128906,231023
FRO,FRO.OL,2017-05-12,54.70000076293945,54.95000076293945,54.45000076293945,54.599998474121094,51.52584457397461,121246
FRO,FRO.OL,2017-05-15,54.54999923706055,55.79999923706055,54.54999923706055,55.25,52.139259338378906,287502
FRO,FRO.OL,2017-05-16,54.25,55.25,54.099998474121094,54.400001525878906,51.33711242675781,350279
FRO,FRO.OL,2017-05-18,53.5,53.79999923706055,52.650001525878906,52.70000076293945,49.732826232910156,418273
FRO,FRO.OL,2017-05-19,52.75,53.349998474121094,52.349998474121094,52.45000076293945,49.49689865112305,307930
FRO,FRO.OL,2017-05-22,52.400001525878906,52.599998474121094,51.849998474121094,52.20000076293945,49.2609748840332,277730
FRO,FRO.OL,2017-05-23,51.849998474121094,52.20000076293945,51.5,51.79999923706055,48.883506774902344,312832
FRO,FRO.OL,2017-05-24,51.79999923706055,52.29999923706055,51.75,52.29999923706055,49.3553466796875,173320
FRO,FRO.OL,2017-05-26,50.599998474121094,50.599998474121094,48.310001373291016,48.400001525878906,45.6749382019043,671571
FRO,FRO.OL,2017-05-29,48.29999923706055,49.22999954223633,48.0,49.209999084472656,46.43932342529297,262059
FRO,FRO.OL,2017-05-30,49.18000030517578,49.18000030517578,47.0,47.08000183105469,44.42925262451172,510284
FRO,FRO.OL,2017-05-31,45.56999969482422,49.15999984741211,45.5099983215332,47.349998474121094,44.684043884277344,1135253
FRO,FRO.OL,2017-06-01,48.81999969482422,49.349998474121094,48.06999969482422,49.189998626708984,46.42045593261719,462157
FRO,FRO.OL,2017-06-02,49.29999923706055,49.29999923706055,47.7400016784668,47.849998474121094,45.155887603759766,491729
FRO,FRO.OL,2017-06-06,48.099998474121094,48.209999084472656,46.43000030517578,47.0,44.35374069213867,490365
FRO,FRO.OL,2017-06-07,47.970001220703125,48.0,47.2599983215332,47.619998931884766,44.93885040283203,287807
FRO,FRO.OL,2017-06-08,47.22999954223633,47.54999923706055,46.70000076293945,47.060001373291016,44.55070877075195,481107
FRO,FRO.OL,2017-06-09,47.0,47.0,45.209999084472656,46.209999084472656,43.746028900146484,494225
FRO,FRO.OL,2017-06-12,47.290000915527344,47.290000915527344,45.40999984741211,47.25,44.73058319091797,495893
FRO,FRO.OL,2017-06-13,48.599998474121094,48.66999816894531,47.15999984741211,47.70000076293945,45.15658187866211,509990
FRO,FRO.OL,2017-06-14,47.27000045776367,47.5,45.349998474121094,45.47999954223633,43.054954528808594,961153
FRO,FRO.OL,2017-06-15,46.33000183105469,46.599998474121094,45.220001220703125,46.599998474121094,44.115234375,1195433
FRO,FRO.OL,2017-06-16,46.20000076293945,46.70000076293945,45.0,46.0,43.54723358154297,635516
FRO,FRO.OL,2017-06-19,46.0,46.70000076293945,45.79999923706055,46.20000076293945,43.736568450927734,259674
FRO,FRO.OL,2017-06-20,46.20000076293945,46.599998474121094,45.599998474121094,45.599998474121094,43.168556213378906,220623
FRO,FRO.OL,2017-06-21,46.099998474121094,46.900001525878906,45.79999923706055,46.70000076293945,44.20991134643555,298133
FRO,FRO.OL,2017-06-22,46.5,46.70000076293945,45.70000076293945,46.5,44.020572662353516,226407
FRO,FRO.OL,2017-06-23,46.400001525878906,46.79999923706055,46.099998474121094,46.70000076293945,44.20991134643555,265627
FRO,FRO.OL,2017-06-26,46.79999923706055,47.099998474121094,46.20000076293945,46.5,44.020572662353516,217023
FRO,FRO.OL,2017-06-27,46.599998474121094,46.79999923706055,46.099998474121094,46.79999923706055,44.304569244384766,258876
FRO,FRO.OL,2017-06-28,46.79999923706055,46.79999923706055,45.70000076293945,46.599998474121094,44.115234375,348185
FRO,FRO.OL,2017-06-29,47.099998474121094,47.099998474121094,46.099998474121094,46.70000076293945,44.20991134643555,199054
FRO,FRO.OL,2017-06-30,47.0,47.099998474121094,46.29999923706055,47.099998474121094,44.58857727050781,160578
FRO,FRO.OL,2017-07-03,47.70000076293945,48.5,47.20000076293945,48.400001525878906,45.81925964355469,260265
FRO,FRO.OL,2017-07-04,49.0,50.25,48.099998474121094,48.599998474121094,46.00859069824219,340623
FRO,FRO.OL,2017-07-05,48.599998474121094,49.29999923706055,48.20000076293945,48.900001525878906,46.292598724365234,205887
FRO,FRO.OL,2017-07-06,49.20000076293945,49.20000076293945,47.70000076293945,48.5,45.9139289855957,144270
FRO,FRO.OL,2017-07-07,48.099998474121094,49.0,47.79999923706055,47.79999923706055,45.25125503540039,166394
FRO,FRO.OL,2017-07-10,47.79999923706055,48.400001525878906,47.20000076293945,48.20000076293945,45.629920959472656,189226
FRO,FRO.OL,2017-07-11,48.20000076293945,48.900001525878906,48.0,48.0,45.440582275390625,87058
FRO,FRO.OL,2017-07-12,48.0,49.400001525878906,48.0,48.599998474121094,46.00859069824219,185234
FRO,FRO.OL,2017-07-13,47.900001525878906,49.0,47.70000076293945,48.900001525878906,46.292598724365234,129510
FRO,FRO.OL,2017-07-14,49.0,50.75,48.900001525878906,50.75,48.04395294189453,165944
FRO,FRO.OL,2017-07-17,50.75,51.25,50.5,51.0,48.28062438964844,179146
FRO,FRO.OL,2017-07-18,51.0,51.5,50.75,51.0,48.28062438964844,140444
FRO,FRO.OL,2017-07-19,51.25,52.0,51.0,52.0,49.22730255126953,193805
FRO,FRO.OL,2017-07-20,52.0,52.25,50.75,51.0,48.28062438964844,198941
FRO,FRO.OL,2017-07-21,50.5,50.75,47.400001525878906,47.5,44.96723937988281,339591
FRO,FRO.OL,2017-07-24,48.099998474121094,48.79999923706055,47.099998474121094,47.20000076293945,44.68324279785156,311602
FRO,FRO.OL,2017-07-25,47.099998474121094,47.400001525878906,46.70000076293945,46.900001525878906,44.39924621582031,175749
FRO,FRO.OL,2017-07-26,46.599998474121094,47.0,46.0,46.0,43.54723358154297,199632
FRO,FRO.OL,2017-07-27,46.0,46.400001525878906,45.599998474121094,45.79999923706055,43.357887268066406,208291
FRO,FRO.OL,2017-07-28,45.599998474121094,46.70000076293945,45.599998474121094,46.70000076293945,44.20991134643555,237359
FRO,FRO.OL,2017-07-31,46.79999923706055,46.79999923706055,45.599998474121094,45.599998474121094,43.168556213378906,256586
FRO,FRO.OL,2017-08-01,45.599998474121094,46.099998474121094,45.0,45.099998474121094,42.69520568847656,375050
FRO,FRO.OL,2017-08-02,45.099998474121094,45.099998474121094,43.79999923706055,44.5,42.1272087097168,509617
FRO,FRO.OL,2017-08-03,45.0,45.099998474121094,44.20000076293945,44.400001525878906,42.03254318237305,333230
FRO,FRO.OL,2017-08-04,44.20000076293945,44.20000076293945,43.29999923706055,43.70000076293945,41.3698616027832,321928
FRO,FRO.OL,2017-08-07,43.5,44.400001525878906,42.70000076293945,44.099998474121094,41.748538970947266,345496
FRO,FRO.OL,2017-08-08,44.0,44.20000076293945,43.5,44.099998474121094,41.748538970947266,166579
FRO,FRO.OL,2017-08-09,43.900001525878906,44.400001525878906,43.70000076293945,44.099998474121094,41.748538970947266,266882
FRO,FRO.OL,2017-08-10,44.20000076293945,44.5,43.20000076293945,43.20000076293945,40.89653015136719,300572
FRO,FRO.OL,2017-08-11,42.900001525878906,43.099998474121094,42.0,42.400001525878906,40.13918685913086,418666
FRO,FRO.OL,2017-08-14,42.5,43.20000076293945,42.5,42.79999923706055,40.517852783203125,255988
FRO,FRO.OL,2017-08-15,42.70000076293945,42.70000076293945,42.0,42.0,39.76051330566406,278344
FRO,FRO.OL,2017-08-16,41.79999923706055,42.0,40.400001525878906,40.5,38.34048843383789,524006
FRO,FRO.OL,2017-08-17,40.400001525878906,40.70000076293945,39.20000076293945,39.599998474121094,37.488487243652344,696816
FRO,FRO.OL,2017-08-18,40.099998474121094,40.5,39.599998474121094,39.70000076293945,37.58314895629883,364957
FRO,FRO.OL,2017-08-21,39.70000076293945,40.5,39.70000076293945,40.5,38.34048843383789,169804
FRO,FRO.OL,2017-08-22,40.599998474121094,41.5,40.20000076293945,41.29999923706055,39.097835540771484,253945
FRO,FRO.OL,2017-08-23,41.79999923706055,42.099998474121094,41.0,41.599998474121094,39.3818359375,287592
FRO,FRO.OL,2017-08-24,42.099998474121094,42.5,41.5,42.400001525878906,40.13918685913086,542942
FRO,FRO.OL,2017-08-25,42.29999923706055,43.29999923706055,41.79999923706055,43.20000076293945,40.89653015136719,563188
FRO,FRO.OL,2017-08-28,43.900001525878906,44.79999923706055,43.099998474121094,44.5,42.1272087097168,559404
FRO,FRO.OL,2017-08-29,44.79999923706055,44.79999923706055,42.400001525878906,43.0,40.70718765258789,413777
FRO,FRO.OL,2017-08-30,41.900001525878906,41.900001525878906,39.79999923706055,40.79999923706055,38.62449264526367,1105773
FRO,FRO.OL,2017-08-31,40.400001525878906,40.79999923706055,38.79999923706055,39.0,36.92047882080078,994419
FRO,FRO.OL,2017-09-01,38.5,40.400001525878906,38.5,40.0,37.86715316772461,1014565
FRO,FRO.OL,2017-09-04,39.599998474121094,41.20000076293945,39.20000076293945,40.79999923706055,38.62449264526367,477948
FRO,FRO.OL,2017-09-05,40.79999923706055,42.0,40.20000076293945,40.5,38.34048843383789,824561
FRO,FRO.OL,2017-09-06,40.099998474121094,42.5,40.0,42.20000076293945,39.949851989746094,894331
FRO,FRO.OL,2017-09-07,42.900001525878906,44.70000076293945,42.79999923706055,44.29999923706055,41.9378776550293,1320141
FRO,FRO.OL,2017-09-08,44.599998474121094,44.599998474121094,42.70000076293945,43.29999923706055,40.99119186401367,843873
FRO,FRO.OL,2017-09-11,43.400001525878906,44.099998474121094,43.29999923706055,43.5,41.18052673339844,355558
FRO,FRO.OL,2017-09-12,43.79999923706055,43.900001525878906,43.20000076293945,43.5,41.18052673339844,329204
FRO,FRO.OL,2017-09-13,43.5,44.599998474121094,43.20000076293945,44.5,42.1272087097168,292907
FRO,FRO.OL,2017-09-14,44.5,44.5,43.70000076293945,44.20000076293945,41.84320831298828,310013
FRO,FRO.OL,2017-09-15,44.20000076293945,44.29999923706055,43.400001525878906,43.79999923706055,41.46453857421875,207395
FRO,FRO.OL,2017-09-18,44.099998474121094,44.400001525878906,43.5,44.400001525878906,42.03254318237305,283900
FRO,FRO.OL,2017-09-19,44.400001525878906,44.400001525878906,43.599998474121094,44.0,41.65387725830078,315091
FRO,FRO.OL,2017-09-20,43.900001525878906,44.900001525878906,43.79999923706055,44.70000076293945,42.316551208496094,421748
FRO,FRO.OL,2017-09-21,44.900001525878906,46.5,44.900001525878906,46.400001525878906,43.9259033203125,617679
FRO,FRO.OL,2017-09-22,45.79999923706055,46.79999923706055,45.0,46.20000076293945,43.736568450927734,560293
FRO,FRO.OL,2017-09-25,46.0,46.400001525878906,45.5,45.900001525878906,43.452571868896484,470355
FRO,FRO.OL,2017-09-26,45.20000076293945,46.29999923706055,45.099998474121094,45.900001525878906,43.452571868896484,576214
FRO,FRO.OL,2017-09-27,46.099998474121094,48.0,46.0,47.0,44.493896484375,695980
FRO,FRO.OL,2017-09-28,47.29999923706055,47.5,46.70000076293945,46.900001525878906,44.39924621582031,234852
FRO,FRO.OL,2017-09-29,46.900001525878906,48.900001525878906,46.20000076293945,48.70000076293945,46.1032600402832,532682
FRO,FRO.OL,2017-10-02,48.599998474121094,48.599998474121094,46.599998474121094,47.5,44.96723937988281,462354
FRO,FRO.OL,2017-10-03,47.5,48.599998474121094,47.099998474121094,48.5,45.9139289855957,328296
FRO,FRO.OL,2017-10-04,48.5,48.79999923706055,47.5,47.70000076293945,45.15658187866211,350282
FRO,FRO.OL,2017-10-05,47.79999923706055,48.0,47.099998474121094,47.79999923706055,45.25125503540039,254800
FRO,FRO.OL,2017-10-06,47.79999923706055,48.29999923706055,47.20000076293945,47.20000076293945,44.68324279785156,279017
FRO,FRO.OL,2017-10-09,46.900001525878906,47.20000076293945,46.400001525878906,46.599998474121094,44.115234375,195973
FRO,FRO.OL,2017-10-10,46.599998474121094,47.29999923706055,46.5,47.099998474121094,44.58857727050781,164620
FRO,FRO.OL,2017-10-11,47.099998474121094,47.5,46.70000076293945,47.400001525878906,44.87258529663086,214736
FRO,FRO.OL,2017-10-12,47.29999923706055,48.099998474121094,47.29999923706055,47.70000076293945,45.15658187866211,322750
FRO,FRO.OL,2017-10-13,47.599998474121094,48.29999923706055,47.099998474121094,48.29999923706055,45.72459030151367,328945
FRO,FRO.OL,2017-10-16,48.099998474121094,50.75,48.099998474121094,50.25,47.570621490478516,919514
FRO,FRO.OL,2017-10-17,50.5,51.0,49.5,49.5,46.86060333251953,509170
FRO,FRO.OL,2017-10-18,49.5,50.75,49.29999923706055,50.75,48.04395294189453,238245
FRO,FRO.OL,2017-10-19,50.5,50.5,48.599998474121094,48.599998474121094,46.00859069824219,385583
FRO,FRO.OL,2017-10-20,48.70000076293945,49.5,48.70000076293945,48.900001525878906,46.292598724365234,184931
FRO,FRO.OL,2017-10-23,49.0,49.5,48.599998474121094,49.099998474121094,46.481929779052734,253200
FRO,FRO.OL,2017-10-24,49.099998474121094,49.5,48.29999923706055,48.29999923706055,45.72459030151367,350195
FRO,FRO.OL,2017-10-25,48.29999923706055,49.29999923706055,47.400001525878906,49.0,46.387271881103516,269001
FRO,FRO.OL,2017-10-26,48.5,49.0,48.29999923706055,48.5,45.9139289855957,226667
FRO,FRO.OL,2017-10-27,49.099998474121094,49.400001525878906,48.29999923706055,49.0,46.387271881103516,279584
FRO,FRO.OL,2017-10-30,49.20000076293945,50.75,49.20000076293945,49.900001525878906,47.23927307128906,451605
FRO,FRO.OL,2017-10-31,49.900001525878906,50.5,49.70000076293945,50.0,47.33394241333008,189515
FRO,FRO.OL,2017-11-01,50.25,52.0,50.0,51.25,48.51729202270508,641592
FRO,FRO.OL,2017-11-02,51.25,52.0,50.5,52.0,49.22730255126953,359750
FRO,FRO.OL,2017-11-03,52.0,52.25,51.0,51.0,48.28062438964844,357780
FRO,FRO.OL,2017-11-06,52.0,53.0,51.0,51.25,48.51729202270508,569454
FRO,FRO.OL,2017-11-07,51.75,52.0,51.0,51.25,48.51729202270508,286020
FRO,FRO.OL,2017-11-08,51.25,51.5,50.75,50.75,48.04395294189453,202644
FRO,FRO.OL,2017-11-09,50.75,51.0,49.099998474121094,49.5,46.86060333251953,329434
FRO,FRO.OL,2017-11-10,49.5,50.0,48.900001525878906,49.0,46.387271881103516,267952
FRO,FRO.OL,2017-11-13,49.29999923706055,49.599998474121094,48.0,48.5,45.9139289855957,289785
FRO,FRO.OL,2017-11-14,48.0,48.20000076293945,46.70000076293945,47.099998474121094,44.58857727050781,463076
FRO,FRO.OL,2017-11-15,46.5,47.0,45.900001525878906,46.5,44.020572662353516,432383
FRO,FRO.OL,2017-11-16,46.599998474121094,47.599998474121094,46.599998474121094,47.0,44.493896484375,404726
FRO,FRO.OL,2017-11-17,47.29999923706055,47.70000076293945,46.70000076293945,47.29999923706055,44.77791213989258,387581
FRO,FRO.OL,2017-11-20,47.20000076293945,48.0,47.20000076293945,47.70000076293945,45.15658187866211,165065
FRO,FRO.OL,2017-11-21,47.70000076293945,47.900001525878906,47.0,47.5,44.96723937988281,305283
FRO,FRO.OL,2017-11-22,47.0,47.0,43.400001525878906,46.79999923706055,44.304569244384766,1341746
FRO,FRO.OL,2017-11-23,45.599998474121094,45.70000076293945,43.5,43.5,41.18052673339844,624987
FRO,FRO.OL,2017-11-24,43.29999923706055,45.0,42.79999923706055,44.900001525878906,42.50588607788086,507685
FRO,FRO.OL,2017-11-27,44.79999923706055,45.20000076293945,44.20000076293945,44.599998474121094,42.22187805175781,256833
FRO,FRO.OL,2017-11-28,44.5,45.20000076293945,43.79999923706055,45.099998474121094,42.69520568847656,278722
FRO,FRO.OL,2017-11-29,45.099998474121094,45.099998474121094,43.599998474121094,43.900001525878906,41.5592041015625,277153
FRO,FRO.OL,2017-11-30,43.5,43.70000076293945,42.29999923706055,43.29999923706055,40.99119186401367,1025240
FRO,FRO.OL,2017-12-01,43.29999923706055,43.900001525878906,42.900001525878906,43.900001525878906,41.5592041015625,280220
FRO,FRO.OL,2017-12-04,43.099998474121094,43.900001525878906,43.099998474121094,43.29999923706055,40.99119186401367,236842
FRO,FRO.OL,2017-12-05,42.70000076293945,43.0,42.099998474121094,42.099998474121094,39.85518264770508,385321
FRO,FRO.OL,2017-12-06,41.900001525878906,42.0,40.5,40.900001525878906,38.71916580200195,347957
FRO,FRO.OL,2017-12-07,40.099998474121094,40.900001525878906,40.0,40.79999923706055,38.62449264526367,309288
FRO,FRO.OL,2017-12-08,40.599998474121094,40.70000076293945,40.099998474121094,40.400001525878906,38.24582290649414,222132
FRO,FRO.OL,2017-12-11,40.29999923706055,41.599998474121094,40.0,41.400001525878906,39.1925048828125,283500
FRO,FRO.OL,2017-12-12,42.0,42.400001525878906,40.900001525878906,41.70000076293945,39.47651290893555,344540
FRO,FRO.OL,2017-12-13,41.0,41.5,40.29999923706055,40.900001525878906,38.71916580200195,329836
FRO,FRO.OL,2017-12-14,40.400001525878906,40.79999923706055,39.400001525878906,40.29999923706055,38.151161193847656,727257
FRO,FRO.OL,2017-12-15,39.20000076293945,40.20000076293945,39.0,39.5,37.39381408691406,639287
FRO,FRO.OL,2017-12-18,39.900001525878906,39.900001525878906,39.20000076293945,39.5,37.39381408691406,301856
FRO,FRO.OL,2017-12-19,39.29999923706055,40.29999923706055,39.0,39.099998474121094,37.01513671875,557019
FRO,FRO.OL,2017-12-20,39.0,39.29999923706055,38.099998474121094,38.599998474121094,36.541805267333984,825914
FRO,FRO.OL,2017-12-21,38.5,39.599998474121094,38.0,39.0,36.92047882080078,731927
FRO,FRO.OL,2017-12-22,38.79999923706055,39.29999923706055,38.400001525878906,38.400001525878906,36.35247039794922,328913
FRO,FRO.OL,2017-12-27,38.400001525878906,39.20000076293945,38.20000076293945,38.900001525878906,36.82581329345703,243233
FRO,FRO.OL,2017-12-28,38.599998474121094,38.900001525878906,38.29999923706055,38.599998474121094,36.541805267333984,319521
FRO,FRO.OL,2017-12-29,38.5,38.70000076293945,38.0,38.099998474121094,36.06846237182617,418039
FRO,FRO.OL,2018-01-02,38.20000076293945,40.47999954223633,38.099998474121094,39.5,37.39381408691406,811447
FRO,FRO.OL,2018-01-03,38.900001525878906,39.7599983215332,38.5,39.29999923706055,37.2044792175293,824884
FRO,FRO.OL,2018-01-04,39.63999938964844,42.31999969482422,39.599998474121094,42.040000915527344,39.79838562011719,1955446
FRO,FRO.OL,2018-01-05,41.97999954223633,41.97999954223633,40.720001220703125,41.18000030517578,38.98423767089844,929619
FRO,FRO.OL,2018-01-08,41.18000030517578,41.459999084472656,39.79999923706055,39.880001068115234,37.7535514831543,917927
FRO,FRO.OL,2018-01-09,39.84000015258789,40.279998779296875,39.220001220703125,39.29999923706055,37.2044792175293,737214
FRO,FRO.OL,2018-01-10,39.31999969482422,39.52000045776367,38.97999954223633,39.0,36.92047882080078,704483
FRO,FRO.OL,2018-01-11,39.02000045776367,39.619998931884766,38.52000045776367,39.540000915527344,37.43168258666992,462130
FRO,FRO.OL,2018-01-12,39.58000183105469,40.29999923706055,39.20000076293945,39.900001525878906,37.77248001098633,673623
FRO,FRO.OL,2018-01-15,40.36000061035156,41.2400016784668,40.220001220703125,40.7400016784668,38.56770324707031,628797
FRO,FRO.OL,2018-01-16,40.79999923706055,41.52000045776367,40.7599983215332,41.119998931884766,38.92742919921875,1043824
FRO,FRO.OL,2018-01-17,40.400001525878906,40.720001220703125,39.81999969482422,40.0,37.86715316772461,677493
FRO,FRO.OL,2018-01-18,39.91999816894531,40.20000076293945,39.220001220703125,39.36000061035156,37.26127624511719,507166
FRO,FRO.OL,2018-01-19,39.20000076293945,39.29999923706055,38.70000076293945,38.91999816894531,36.84473419189453,524083
FRO,FRO.OL,2018-01-22,38.7599983215332,39.52000045776367,38.7599983215332,39.15999984741211,37.07194900512695,467580
FRO,FRO.OL,2018-01-23,39.119998931884766,39.36000061035156,38.63999938964844,38.91999816894531,36.84473419189453,797225
FRO,FRO.OL,2018-01-24,38.939998626708984,38.97999954223633,38.119998931884766,38.119998931884766,36.08739471435547,531072
FRO,FRO.OL,2018-01-25,38.47999954223633,38.959999084472656,37.900001525878906,38.02000045776367,35.992733001708984,909200
FRO,FRO.OL,2018-01-26,38.02000045776367,38.380001068115234,37.65999984741211,38.060001373291016,36.030601501464844,453344
FRO,FRO.OL,2018-01-29,38.060001373291016,38.34000015258789,37.52000045776367,37.97999954223633,35.95486068725586,764980
FRO,FRO.OL,2018-01-30,37.599998474121094,37.720001220703125,35.65999984741211,35.900001525878906,33.98577117919922,1258459
FRO,FRO.OL,2018-01-31,35.70000076293945,36.58000183105469,35.619998931884766,35.720001220703125,33.81537628173828,557371
FRO,FRO.OL,2018-02-01,35.7400016784668,36.099998474121094,35.5,35.63999938964844,33.7396354675293,541130
FRO,FRO.OL,2018-02-02,35.5,35.560001373291016,34.0,34.099998474121094,32.281742095947266,890327
FRO,FRO.OL,2018-02-05,33.900001525878906,34.220001220703125,32.599998474121094,33.040000915527344,31.27827262878418,754863
FRO,FRO.OL,2018-02-06,31.0,32.5,30.600000381469727,31.81999969482422,30.123323440551758,1265185
FRO,FRO.OL,2018-02-07,32.939998626708984,32.939998626708984,31.6200008392334,32.36000061035156,30.63452911376953,648641
FRO,FRO.OL,2018-02-08,33.63999938964844,33.7400016784668,32.060001373291016,32.720001220703125,30.975339889526367,334732
FRO,FRO.OL,2018-02-09,32.0,32.380001068115234,31.399999618530273,31.959999084472656,30.255859375,528687
FRO,FRO.OL,2018-02-12,32.20000076293945,33.459999084472656,32.20000076293945,32.400001525878906,30.672399520874023,459408
FRO,FRO.OL,2018-02-13,32.52000045776367,33.099998474121094,31.520000457763672,31.639999389648438,29.95292091369629,518865
FRO,FRO.OL,2018-02-14,31.959999084472656,32.0,31.34000015258789,31.700000762939453,30.00971794128418,343712
FRO,FRO.OL,2018-02-15,31.780000686645508,32.91999816894531,31.5,31.520000457763672,29.83931541442871,306258
FRO,FRO.OL,2018-02-16,31.600000381469727,31.920000076293945,31.3799991607666,31.5,29.820384979248047,330536
FRO,FRO.OL,2018-02-19,31.5,32.0,31.280000686645508,31.3799991607666,29.706783294677734,347123
FRO,FRO.OL,2018-02-20,31.600000381469727,31.81999969482422,30.719999313354492,31.799999237060547,30.10439109802246,413614
FRO,FRO.OL,2018-02-21,31.780000686645508,32.20000076293945,31.239999771118164,31.899999618530273,30.199054718017578,311654
FRO,FRO.OL,2018-02-22,31.899999618530273,32.47999954223633,31.420000076293945,32.29999923706055,30.577728271484375,351417
FRO,FRO.OL,2018-02-23,32.540000915527344,33.63999938964844,32.31999969482422,33.41999816894531,31.63801383972168,750489
FRO,FRO.OL,2018-02-26,33.599998474121094,34.220001220703125,32.720001220703125,32.7400016784668,30.994272232055664,600448
FRO,FRO.OL,2018-02-27,32.560001373291016,33.34000015258789,32.380001068115234,32.599998474121094,30.861724853515625,334401
FRO,FRO.OL,2018-02-28,32.099998474121094,33.560001373291016,31.34000015258789,31.34000015258789,29.668914794921875,1015610
FRO,FRO.OL,2018-03-01,30.899999618530273,31.34000015258789,30.5,30.84000015258789,29.19557762145996,717863
FRO,FRO.OL,2018-03-02,30.6200008392334,30.920000076293945,30.219999313354492,30.459999084472656,28.83583641052246,789124
FRO,FRO.OL,2018-03-05,31.84000015258789,31.84000015258789,30.6200008392334,31.1200008392334,29.460649490356445,524259
FRO,FRO.OL,2018-03-06,32.279998779296875,34.97999954223633,32.08000183105469,34.97999954223633,33.114830017089844,3259535
FRO,FRO.OL,2018-03-07,34.29999923706055,35.41999816894531,33.36000061035156,35.0,33.13376235961914,1481847
FRO,FRO.OL,2018-03-08,34.97999954223633,34.97999954223633,33.720001220703125,33.720001220703125,31.922008514404297,705905
FRO,FRO.OL,2018-03-09,33.97999954223633,34.34000015258789,33.29999923706055,34.0,32.18708038330078,511883
FRO,FRO.OL,2018-03-12,34.18000030517578,34.20000076293945,33.29999923706055,33.70000076293945,31.903074264526367,349406
FRO,FRO.OL,2018-03-13,33.84000015258789,35.86000061035156,33.84000015258789,35.36000061035156,33.47456741333008,1215197
FRO,FRO.OL,2018-03-14,35.13999938964844,35.880001068115234,34.0,34.0,32.18708038330078,1027114
FRO,FRO.OL,2018-03-15,34.29999923706055,34.79999923706055,33.13999938964844,34.31999969482422,32.49001693725586,1184784
FRO,FRO.OL,2018-03-16,34.70000076293945,34.70000076293945,33.560001373291016,33.81999969482422,32.016685485839844,628147
FRO,FRO.OL,2018-03-19,34.79999923706055,34.939998626708984,33.63999938964844,33.81999969482422,32.016685485839844,714421
FRO,FRO.OL,2018-03-20,34.18000030517578,34.2400016784668,33.400001525878906,34.18000030517578,32.35749435424805,373931
FRO,FRO.OL,2018-03-21,34.400001525878906,35.540000915527344,33.68000030517578,35.540000915527344,33.64497375488281,690724
FRO,FRO.OL,2018-03-22,35.41999816894531,35.41999816894531,34.279998779296875,34.34000015258789,32.508949279785156,608321
FRO,FRO.OL,2018-03-23,34.040000915527344,35.2400016784668,34.040000915527344,35.2400016784668,33.36096954345703,439141
FRO,FRO.OL,2018-03-26,34.86000061035156,35.220001220703125,34.70000076293945,35.060001373291016,33.190555572509766,288171
FRO,FRO.OL,2018-03-27,35.20000076293945,35.939998626708984,35.20000076293945,35.939998626708984,34.02363586425781,241676
FRO,FRO.OL,2018-03-28,36.0,36.220001220703125,35.70000076293945,35.70000076293945,33.79644012451172,277941
FRO,FRO.OL,2018-04-03,34.900001525878906,35.29999923706055,34.5,34.7400016784668,32.88762283325195,437955
FRO,FRO.OL,2018-04-04,34.81999969482422,35.68000030517578,33.560001373291016,34.880001068115234,33.020172119140625,461968
FRO,FRO.OL,2018-04-05,34.880001068115234,35.70000076293945,34.880001068115234,35.70000076293945,33.79644012451172,251186
FRO,FRO.OL,2018-04-06,35.70000076293945,35.79999923706055,33.91999816894531,34.13999938964844,32.319618225097656,480406
FRO,FRO.OL,2018-04-09,34.060001373291016,34.41999816894531,33.439998626708984,33.79999923706055,31.99774932861328,354899
FRO,FRO.OL,2018-04-10,33.84000015258789,34.619998931884766,33.70000076293945,34.619998931884766,32.774017333984375,451137
FRO,FRO.OL,2018-04-11,35.20000076293945,36.5,34.5,36.5,34.55378341674805,744091
FRO,FRO.OL,2018-04-12,36.58000183105469,37.08000183105469,35.7400016784668,37.0,35.02711868286133,679262
FRO,FRO.OL,2018-04-13,37.20000076293945,37.68000030517578,36.400001525878906,36.779998779296875,34.818851470947266,719020
FRO,FRO.OL,2018-04-16,36.79999923706055,37.060001373291016,36.400001525878906,36.79999923706055,34.83778381347656,224203
FRO,FRO.OL,2018-04-17,37.0,37.599998474121094,36.81999969482422,36.880001068115234,34.91352081298828,575612
FRO,FRO.OL,2018-04-18,37.20000076293945,37.380001068115234,36.58000183105469,37.119998931884766,35.14072036743164,493060
FRO,FRO.OL,2018-04-19,37.20000076293945,37.70000076293945,36.779998779296875,37.58000183105469,35.576194763183594,489699
FRO,FRO.OL,2018-04-20,37.79999923706055,38.65999984741211,37.68000030517578,38.040000915527344,36.01166534423828,489184
FRO,FRO.OL,2018-04-23,38.08000183105469,38.599998474121094,37.7599983215332,38.0,35.973793029785156,486184
FRO,FRO.OL,2018-04-24,38.0,38.47999954223633,37.86000061035156,38.34000015258789,36.295658111572266,304159
FRO,FRO.OL,2018-04-25,37.959999084472656,37.959999084472656,36.0,36.0,34.08043670654297,837077
FRO,FRO.OL,2018-04-26,36.459999084472656,36.459999084472656,35.619998931884766,36.31999969482422,34.38337707519531,357725
FRO,FRO.OL,2018-04-27,36.560001373291016,36.560001373291016,35.34000015258789,35.79999923706055,33.89110565185547,384465
FRO,FRO.OL,2018-04-30,35.939998626708984,35.939998626708984,34.720001220703125,34.720001220703125,32.86869430541992,274150
FRO,FRO.OL,2018-05-02,34.720001220703125,35.220001220703125,34.720001220703125,35.0,33.13376235961914,155344
FRO,FRO.OL,2018-05-03,34.900001525878906,35.2599983215332,34.619998931884766,34.939998626708984,33.07696533203125,207867
FRO,FRO.OL,2018-05-04,34.900001525878906,35.119998931884766,34.36000061035156,34.70000076293945,32.849754333496094,157296
FRO,FRO.OL,2018-05-07,34.63999938964844,35.099998474121094,34.540000915527344,35.099998474121094,33.228424072265625,246101
FRO,FRO.OL,2018-05-08,35.119998931884766,37.5,35.119998931884766,36.900001525878906,34.93245315551758,1030116
FRO,FRO.OL,2018-05-09,37.060001373291016,37.47999954223633,36.65999984741211,37.36000061035156,35.367916107177734,458480
FRO,FRO.OL,2018-05-11,37.459999084472656,37.70000076293945,36.91999816894531,37.5,35.500450134277344,385932
FRO,FRO.OL,2018-05-14,37.5,37.7599983215332,37.29999923706055,37.7599983215332,35.746585845947266,236270
FRO,FRO.OL,2018-05-15,37.79999923706055,38.20000076293945,37.439998626708984,38.0,35.973793029785156,386023
FRO,FRO.OL,2018-05-16,38.0,38.20000076293945,37.31999969482422,37.900001525878906,35.87913131713867,319823
FRO,FRO.OL,2018-05-18,38.0,38.5,37.599998474121094,38.41999816894531,36.371402740478516,369142
FRO,FRO.OL,2018-05-22,38.5,38.5,38.099998474121094,38.29999923706055,36.257808685302734,446148
FRO,FRO.OL,2018-05-23,38.220001220703125,39.0,37.84000015258789,39.0,36.92047882080078,437767
FRO,FRO.OL,2018-05-24,39.0,39.599998474121094,38.459999084472656,39.15999984741211,37.07194900512695,546016
FRO,FRO.OL,2018-05-25,39.15999984741211,39.15999984741211,38.0,38.380001068115234,36.33353805541992,408224
FRO,FRO.OL,2018-05-28,38.599998474121094,41.36000061035156,38.599998474121094,41.0,38.81383514404297,1286702
FRO,FRO.OL,2018-05-29,41.2599983215332,42.31999969482422,40.52000045776367,41.63999938964844,39.419708251953125,1828983
FRO,FRO.OL,2018-05-30,41.70000076293945,42.86000061035156,41.380001068115234,42.86000061035156,40.57466125488281,1044284
FRO,FRO.OL,2018-05-31,43.65999984741211,48.70000076293945,43.29999923706055,47.5,44.96723937988281,2806094
FRO,FRO.OL,2018-06-01,47.5,48.20000076293945,45.81999969482422,46.36000061035156,43.888038635253906,1320400
FRO,FRO.OL,2018-06-04,47.060001373291016,47.060001373291016,45.52000045776367,45.52000045776367,43.09282684326172,675901
FRO,FRO.OL,2018-06-05,45.459999084472656,46.779998779296875,45.20000076293945,45.79999923706055,43.357887268066406,496062
FRO,FRO.OL,2018-06-06,45.97999954223633,47.2599983215332,45.08000183105469,46.900001525878906,44.39924621582031,783150
FRO,FRO.OL,2018-06-07,46.900001525878906,47.13999938964844,46.2599983215332,46.400001525878906,43.9259033203125,489003
FRO,FRO.OL,2018-06-08,46.31999969482422,46.540000915527344,45.5,45.58000183105469,43.149620056152344,645277
FRO,FRO.OL,2018-06-11,45.58000183105469,45.70000076293945,44.619998931884766,44.79999923706055,42.41121292114258,519105
FRO,FRO.OL,2018-06-12,44.79999923706055,46.13999938964844,44.7599983215332,45.20000076293945,42.78988265991211,329262
FRO,FRO.OL,2018-06-13,45.220001220703125,45.29999923706055,44.65999984741211,45.15999984741211,42.75202178955078,376392
FRO,FRO.OL,2018-06-14,45.15999984741211,46.20000076293945,45.13999938964844,46.0,43.54723358154297,345450
FRO,FRO.OL,2018-06-15,45.79999923706055,46.0,44.13999938964844,44.58000183105469,42.20294952392578,586401
FRO,FRO.OL,2018-06-18,44.58000183105469,47.52000045776367,44.220001220703125,47.099998474121094,44.58857727050781,1161816
FRO,FRO.OL,2018-06-19,47.779998779296875,48.36000061035156,46.560001373291016,48.20000076293945,45.629920959472656,787457
FRO,FRO.OL,2018-06-20,49.0,50.75,48.619998931884766,49.15999984741211,46.538734436035156,1817617
FRO,FRO.OL,2018-06-21,49.279998779296875,50.099998474121094,48.400001525878906,48.720001220703125,46.122196197509766,737563
FRO,FRO.OL,2018-06-22,48.15999984741211,50.349998474121094,48.02000045776367,50.349998474121094,47.665283203125,517715
FRO,FRO.OL,2018-06-25,50.5,50.70000076293945,49.400001525878906,49.779998779296875,47.125667572021484,656723
FRO,FRO.OL,2018-06-26,49.619998931884766,49.900001525878906,47.279998779296875,47.7400016784668,45.194454193115234,725215
FRO,FRO.OL,2018-06-27,47.97999954223633,51.0,47.619998931884766,50.54999923706055,47.854618072509766,999634
FRO,FRO.OL,2018-06-28,50.0,50.0,48.2599983215332,48.2599983215332,45.68672561645508,602674
FRO,FRO.OL,2018-06-29,48.08000183105469,48.7400016784668,47.29999923706055,47.459999084472656,44.92937469482422,290594
FRO,FRO.OL,2018-07-02,47.20000076293945,47.939998626708984,46.79999923706055,46.86000061035156,44.36137390136719,206742
FRO,FRO.OL,2018-07-03,47.0,47.099998474121094,45.65999984741211,45.65999984741211,43.22536087036133,279687
FRO,FRO.OL,2018-07-04,45.540000915527344,47.0,45.099998474121094,46.36000061035156,43.888038635253906,267585
FRO,FRO.OL,2018-07-05,46.15999984741211,47.20000076293945,45.720001220703125,45.81999969482422,43.3768310546875,352531
FRO,FRO.OL,2018-07-06,47.02000045776367,47.02000045776367,44.41999816894531,45.0,42.600547790527344,611742
FRO,FRO.OL,2018-07-09,45.20000076293945,45.65999984741211,44.599998474121094,44.880001068115234,42.4869499206543,386167
FRO,FRO.OL,2018-07-10,44.81999969482422,47.599998474121094,44.81999969482422,47.29999923706055,44.77791213989258,344701
FRO,FRO.OL,2018-07-11,46.15999984741211,46.52000045776367,44.220001220703125,45.02000045776367,42.619483947753906,465821
FRO,FRO.OL,2018-07-12,44.900001525878906,45.31999969482422,43.540000915527344,43.939998626708984,41.597068786621094,296360
FRO,FRO.OL,2018-07-13,43.91999816894531,43.91999816894531,42.7599983215332,43.279998779296875,40.972251892089844,234850
FRO,FRO.OL,2018-07-16,43.279998779296875,43.400001525878906,41.2400016784668,41.29999923706055,39.097835540771484,324734
FRO,FRO.OL,2018-07-17,41.29999923706055,42.34000015258789,41.08000183105469,42.02000045776367,39.779449462890625,269900
FRO,FRO.OL,2018-07-18,42.099998474121094,43.29999923706055,41.400001525878906,43.15999984741211,40.85865783691406,283675
FRO,FRO.OL,2018-07-19,43.400001525878906,45.2400016784668,43.220001220703125,45.15999984741211,42.75202178955078,429186
FRO,FRO.OL,2018-07-20,45.20000076293945,45.20000076293945,43.880001068115234,44.47999954223633,42.1082763671875,234175
FRO,FRO.OL,2018-07-23,44.540000915527344,45.380001068115234,43.31999969482422,45.18000030517578,42.77095031738281,316073
FRO,FRO.OL,2018-07-24,44.79999923706055,44.880001068115234,43.220001220703125,43.79999923706055,41.46453857421875,360202
FRO,FRO.OL,2018-07-25,43.060001373291016,43.65999984741211,41.52000045776367,42.119998931884766,39.87411117553711,505375
FRO,FRO.OL,2018-07-26,42.2400016784668,44.0,42.2400016784668,43.34000015258789,41.02906036376953,519758
FRO,FRO.OL,2018-07-27,43.5,43.880001068115234,42.68000030517578,42.84000015258789,40.55572509765625,217981
FRO,FRO.OL,2018-07-30,42.84000015258789,42.880001068115234,41.900001525878906,41.900001525878906,39.66585159301758,189018
FRO,FRO.OL,2018-07-31,41.79999923706055,42.36000061035156,41.380001068115234,41.5,39.28717803955078,403179
FRO,FRO.OL,2018-08-01,41.52000045776367,41.939998626708984,40.959999084472656,41.279998779296875,39.078914642333984,183978
FRO,FRO.OL,2018-08-02,41.02000045776367,42.29999923706055,40.41999816894531,42.08000183105469,39.83625411987305,337466
FRO,FRO.OL,2018-08-03,42.380001068115234,42.65999984741211,41.84000015258789,42.0,39.76051330566406,256657
FRO,FRO.OL,2018-08-06,42.0,42.41999816894531,41.540000915527344,41.619998931884766,39.400779724121094,104953
FRO,FRO.OL,2018-08-07,41.619998931884766,41.84000015258789,41.31999969482422,41.84000015258789,39.609039306640625,164387
FRO,FRO.OL,2018-08-08,41.7599983215332,41.7599983215332,41.13999938964844,41.5,39.28717803955078,233938
FRO,FRO.OL,2018-08-09,41.31999969482422,42.0,41.31999969482422,41.79999923706055,39.57118225097656,177262
FRO,FRO.OL,2018-08-10,42.0,42.0,40.7400016784668,41.119998931884766,38.92742919921875,241391
FRO,FRO.OL,2018-08-13,41.2599983215332,41.619998931884766,40.599998474121094,40.599998474121094,38.435157775878906,182216
FRO,FRO.OL,2018-08-14,41.08000183105469,41.15999984741211,38.939998626708984,39.220001220703125,37.12874984741211,672528
FRO,FRO.OL,2018-08-15,39.099998474121094,39.279998779296875,38.0,38.20000076293945,36.16313552856445,873181
FRO,FRO.OL,2018-08-16,38.0,40.380001068115234,37.720001220703125,40.099998474121094,37.961822509765625,625818
FRO,FRO.OL,2018-08-17,40.2400016784668,43.599998474121094,40.0,43.15999984741211,40.85865783691406,1071548
FRO,FRO.OL,2018-08-20,43.380001068115234,44.5,41.34000015258789,41.65999984741211,39.438636779785156,802242
FRO,FRO.OL,2018-08-21,41.86000061035156,44.86000061035156,41.400001525878906,44.0,41.65387725830078,752158
FRO,FRO.OL,2018-08-22,44.70000076293945,46.400001525878906,44.220001220703125,44.599998474121094,42.22187805175781,1092730
FRO,FRO.OL,2018-08-23,45.34000015258789,47.619998931884766,44.91999816894531,46.0,43.54723358154297,1233294
FRO,FRO.OL,2018-08-24,45.380001068115234,45.7599983215332,44.380001068115234,44.599998474121094,42.22187805175781,618137
FRO,FRO.OL,2018-08-27,44.7599983215332,45.619998931884766,44.7599983215332,45.41999816894531,42.9981575012207,245864
FRO,FRO.OL,2018-08-28,45.720001220703125,45.86000061035156,44.540000915527344,45.52000045776367,43.09282684326172,217914
FRO,FRO.OL,2018-08-29,45.619998931884766,45.97999954223633,45.34000015258789,45.68000030517578,43.244293212890625,134366
FRO,FRO.OL,2018-08-30,45.439998626708984,46.20000076293945,44.91999816894531,46.119998931884766,43.660831451416016,362041
FRO,FRO.OL,2018-08-31,46.08000183105469,46.540000915527344,45.5,45.5,43.07388687133789,333229
FRO,FRO.OL,2018-09-03,45.5,45.7400016784668,43.41999816894531,43.65999984741211,41.331993103027344,363592
FRO,FRO.OL,2018-09-04,44.02000045776367,45.279998779296875,43.5,44.880001068115234,42.4869499206543,421420
FRO,FRO.OL,2018-09-05,44.47999954223633,44.47999954223633,43.41999816894531,43.70000076293945,41.3698616027832,380008
FRO,FRO.OL,2018-09-06,43.599998474121094,44.2400016784668,43.2400016784668,43.97999954223633,41.63493347167969,279244
FRO,FRO.OL,2018-09-07,43.79999923706055,43.79999923706055,42.599998474121094,43.13999938964844,40.8397331237793,420892
FRO,FRO.OL,2018-09-10,42.70000076293945,43.400001525878906,42.68000030517578,43.15999984741211,40.85865783691406,221192
FRO,FRO.OL,2018-09-11,43.20000076293945,43.5,42.58000183105469,43.0,40.70718765258789,185919
FRO,FRO.OL,2018-09-12,43.15999984741211,43.880001068115234,43.08000183105469,43.20000076293945,40.89653015136719,153124
FRO,FRO.OL,2018-09-13,43.220001220703125,43.65999984741211,42.5,42.5,40.233856201171875,181113
FRO,FRO.OL,2018-09-14,42.2400016784668,43.119998931884766,42.18000030517578,42.84000015258789,40.55572509765625,185001
FRO,FRO.OL,2018-09-17,42.84000015258789,43.0,41.439998626708984,42.599998474121094,40.328521728515625,351773
FRO,FRO.OL,2018-09-18,42.0,42.599998474121094,41.619998931884766,42.52000045776367,40.25279235839844,247657
FRO,FRO.OL,2018-09-19,43.0,44.0,42.880001068115234,43.29999923706055,40.99119186401367,346717
FRO,FRO.OL,2018-09-20,43.29999923706055,43.68000030517578,42.900001525878906,43.5,41.18052673339844,333877
FRO,FRO.OL,2018-09-21,43.599998474121094,45.119998931884766,43.599998474121094,44.720001220703125,42.335487365722656,485593
FRO,FRO.OL,2018-09-24,44.720001220703125,45.7599983215332,44.70000076293945,45.439998626708984,43.0170783996582,421094
FRO,FRO.OL,2018-09-25,45.68000030517578,45.86000061035156,44.599998474121094,45.58000183105469,43.149620056152344,521901
FRO,FRO.OL,2018-09-26,45.79999923706055,46.18000030517578,45.0,46.0,43.54723358154297,521544
FRO,FRO.OL,2018-09-27,46.0,46.84000015258789,45.220001220703125,46.65999984741211,44.17203903198242,445677
FRO,FRO.OL,2018-09-28,46.68000030517578,47.5,46.20000076293945,47.5,44.96723937988281,558783
FRO,FRO.OL,2018-10-01,48.52000045776367,50.5,47.959999084472656,49.91999816894531,47.25820541381836,1432178
FRO,FRO.OL,2018-10-02,50.5,51.400001525878906,50.0,50.5,47.80727005004883,942090
FRO,FRO.OL,2018-10-03,50.599998474121094,52.5,50.599998474121094,52.400001525878906,49.605979919433594,1126562
FRO,FRO.OL,2018-10-04,52.95000076293945,54.400001525878906,52.5,53.650001525878906,50.7893180847168,1066767
FRO,FRO.OL,2018-10-05,53.099998474121094,54.099998474121094,52.349998474121094,53.54999923706055,50.69465255737305,1028637
FRO,FRO.OL,2018-10-08,53.70000076293945,55.0,51.75,51.95000076293945,49.17997360229492,762879
FRO,FRO.OL,2018-10-09,52.349998474121094,55.0,52.349998474121094,55.0,52.06733703613281,1166370
FRO,FRO.OL,2018-10-10,55.20000076293945,56.599998474121094,53.849998474121094,54.0,51.12066650390625,1085192
FRO,FRO.OL,2018-10-11,51.0,52.45000076293945,49.0,51.5,48.753971099853516,1432220
FRO,FRO.OL,2018-10-12,51.70000076293945,53.5,50.400001525878906,53.0,50.173980712890625,1181485
FRO,FRO.OL,2018-10-15,52.79999923706055,54.20000076293945,52.04999923706055,53.45000076293945,50.5999870300293,663133
FRO,FRO.OL,2018-10-16,54.099998474121094,54.650001525878906,53.45000076293945,54.650001525878906,51.736000061035156,470456
FRO,FRO.OL,2018-10-17,54.650001525878906,56.29999923706055,54.349998474121094,54.900001525878906,51.97267532348633,621189
FRO,FRO.OL,2018-10-18,54.900001525878906,55.849998474121094,53.849998474121094,54.20000076293945,51.310001373291016,283871
FRO,FRO.OL,2018-10-19,54.0,54.75,53.20000076293945,54.599998474121094,51.68866729736328,387423
FRO,FRO.OL,2018-10-22,54.70000076293945,55.099998474121094,53.29999923706055,53.400001525878906,50.55265426635742,369844
FRO,FRO.OL,2018-10-23,52.900001525878906,53.150001525878906,51.25,51.25,48.51729202270508,544381
FRO,FRO.OL,2018-10-24,51.54999923706055,54.5,51.54999923706055,54.0,51.12066650390625,724097
FRO,FRO.OL,2018-10-25,52.900001525878906,54.599998474121094,52.0,54.5,51.593997955322266,573953
FRO,FRO.OL,2018-10-26,54.650001525878906,59.0,54.0,59.0,55.85405731201172,1449280
FRO,FRO.OL,2018-10-29,59.349998474121094,61.5,59.099998474121094,61.400001525878906,58.126075744628906,1216119
FRO,FRO.OL,2018-10-30,61.650001525878906,62.25,59.0,59.70000076293945,56.516727447509766,683899
FRO,FRO.OL,2018-10-31,60.599998474121094,62.0,60.0,61.04999923706055,57.794742584228516,564279
FRO,FRO.OL,2018-11-01,60.75,61.70000076293945,59.25,61.599998474121094,58.3154182434082,571664
FRO,FRO.OL,2018-11-02,61.79999923706055,62.95000076293945,60.650001525878906,61.099998474121094,57.842079162597656,650807
FRO,FRO.OL,2018-11-05,61.25,62.79999923706055,61.25,61.95000076293945,58.646759033203125,523667
FRO,FRO.OL,2018-11-06,62.20000076293945,62.5,59.099998474121094,59.70000076293945,56.516727447509766,618770
FRO,FRO.OL,2018-11-07,60.599998474121094,62.0,59.04999923706055,59.04999923706055,55.90139389038086,812644
FRO,FRO.OL,2018-11-08,59.5,59.5,55.599998474121094,56.849998474121094,53.81869125366211,686870
FRO,FRO.OL,2018-11-09,56.79999923706055,57.20000076293945,55.400001525878906,55.54999923706055,52.588016510009766,317794
FRO,FRO.OL,2018-11-12,55.5,55.5,52.20000076293945,52.54999923706055,49.74797058105469,952819
FRO,FRO.OL,2018-11-13,52.20000076293945,53.79999923706055,51.650001525878906,52.0,49.22730255126953,497406
FRO,FRO.OL,2018-11-14,51.900001525878906,52.099998474121094,49.79999923706055,50.95000076293945,48.23329162597656,753097
FRO,FRO.OL,2018-11-15,51.95000076293945,54.25,51.20000076293945,53.25,50.410648345947266,754793
FRO,FRO.OL,2018-11-16,55.099998474121094,56.0,53.0,53.0,50.173980712890625,662849
FRO,FRO.OL,2018-11-19,53.70000076293945,56.20000076293945,53.45000076293945,54.150001525878906,51.26266860961914,782368
FRO,FRO.OL,2018-11-20,54.5,55.400001525878906,51.75,51.849998474121094,49.085296630859375,581229
FRO,FRO.OL,2018-11-21,52.04999923706055,55.20000076293945,52.04999923706055,54.650001525878906,51.736000061035156,548766
FRO,FRO.OL,2018-11-22,55.099998474121094,55.54999923706055,53.45000076293945,54.849998474121094,51.92534637451172,396572
FRO,FRO.OL,2018-11-23,55.29999923706055,55.5,52.79999923706055,54.0,51.12066650390625,483015
FRO,FRO.OL,2018-11-26,54.5,56.20000076293945,54.5,54.79999923706055,51.87800598144531,401703
FRO,FRO.OL,2018-11-27,55.849998474121094,63.0,55.54999923706055,62.599998474121094,59.2620964050293,2160437
FRO,FRO.OL,2018-11-28,63.45000076293945,64.0,61.150001525878906,62.0,58.6940803527832,904988
FRO,FRO.OL,2018-11-29,62.95000076293945,67.80000305175781,62.54999923706055,67.6500015258789,64.04283142089844,1123411
FRO,FRO.OL,2018-11-30,67.4000015258789,67.80000305175781,61.0,62.650001525878906,59.30943298339844,2043634
FRO,FRO.OL,2018-12-03,63.0,63.79999923706055,60.599998474121094,62.20000076293945,58.88343048095703,684073
FRO,FRO.OL,2018-12-04,61.5,62.25,60.29999923706055,61.45000076293945,58.17341232299805,344866
FRO,FRO.OL,2018-12-05,60.25,62.54999923706055,59.45000076293945,60.900001525878906,57.652740478515625,429417
FRO,FRO.OL,2018-12-06,60.5,60.5,56.400001525878906,56.70000076293945,53.676692962646484,667726
FRO,FRO.OL,2018-12-07,57.70000076293945,60.099998474121094,57.54999923706055,59.400001525878906,56.232730865478516,393261
FRO,FRO.OL,2018-12-10,57.95000076293945,58.400001525878906,55.099998474121094,56.54999923706055,53.53468704223633,733080
FRO,FRO.OL,2018-12-11,56.5,57.25,54.20000076293945,54.599998474121094,51.68866729736328,970733
FRO,FRO.OL,2018-12-12,54.75,58.04999923706055,54.29999923706055,57.70000076293945,54.623374938964844,557406
FRO,FRO.OL,2018-12-13,57.900001525878906,58.150001525878906,56.54999923706055,57.650001525878906,54.5760383605957,336621
FRO,FRO.OL,2018-12-14,57.25,57.25,55.650001525878906,57.0,53.960697174072266,257083
FRO,FRO.OL,2018-12-17,56.79999923706055,56.900001525878906,54.04999923706055,54.150001525878906,51.26266860961914,347540
FRO,FRO.OL,2018-12-18,52.400001525878906,52.599998474121094,49.7599983215332,52.0,49.22730255126953,761442
FRO,FRO.OL,2018-12-19,51.75,52.25,50.5,52.04999923706055,49.274635314941406,208119
FRO,FRO.OL,2018-12-20,50.95000076293945,51.150001525878906,47.540000915527344,48.79999923706055,46.19792938232422,705757
FRO,FRO.OL,2018-12-21,48.0,49.84000015258789,46.560001373291016,49.560001373291016,46.91740417480469,556584
FRO,FRO.OL,2018-12-27,50.70000076293945,50.70000076293945,48.0,49.279998779296875,46.65233612060547,618130
FRO,FRO.OL,2018-12-28,49.68000030517578,50.5,48.70000076293945,48.79999923706055,46.19792938232422,396368
FRO,FRO.OL,2019-01-02,48.779998779296875,48.779998779296875,46.400001525878906,48.34000015258789,45.762454986572266,343420
FRO,FRO.OL,2019-01-03,47.97999954223633,50.04999923706055,47.65999984741211,49.97999954223633,47.31501388549805,397097
FRO,FRO.OL,2019-01-04,50.0,51.45000076293945,49.0,51.25,48.51729202270508,483999
FRO,FRO.OL,2019-01-07,51.650001525878906,51.79999923706055,49.7599983215332,50.54999923706055,47.854618072509766,292011
FRO,FRO.OL,2019-01-08,50.54999923706055,51.599998474121094,49.560001373291016,51.45000076293945,48.706626892089844,388253
FRO,FRO.OL,2019-01-09,52.04999923706055,54.54999923706055,51.349998474121094,53.849998474121094,50.97865295410156,484981
FRO,FRO.OL,2019-01-10,53.400001525878906,53.400001525878906,49.18000030517578,49.540000915527344,46.898475646972656,1046975
FRO,FRO.OL,2019-01-11,49.52000045776367,49.52000045776367,46.7599983215332,47.70000076293945,45.15658187866211,729844
FRO,FRO.OL,2019-01-14,47.380001068115234,47.900001525878906,46.0,46.79999923706055,44.304569244384766,468228
FRO,FRO.OL,2019-01-15,47.0,50.0,46.41999816894531,48.84000015258789,46.23579406738281,550225
FRO,FRO.OL,2019-01-16,48.7599983215332,48.84000015258789,47.20000076293945,47.5,44.96723937988281,523598
FRO,FRO.OL,2019-01-17,47.5,48.5,47.02000045776367,48.2599983215332,45.68672561645508,316682
FRO,FRO.OL,2019-01-18,48.34000015258789,49.0,48.0,48.439998626708984,45.85712432861328,441071
FRO,FRO.OL,2019-01-21,48.86000061035156,50.29999923706055,48.79999923706055,50.04999923706055,47.381282806396484,311530
FRO,FRO.OL,2019-01-22,49.959999084472656,51.599998474121094,48.5,48.91999816894531,46.311527252197266,552001
FRO,FRO.OL,2019-01-23,49.0,49.15999984741211,48.040000915527344,48.959999084472656,46.34939956665039,265829
FRO,FRO.OL,2019-01-24,48.2599983215332,49.959999084472656,48.2599983215332,49.18000030517578,46.557655334472656,345751
FRO,FRO.OL,2019-01-25,48.7400016784668,49.02000045776367,46.380001068115234,46.599998474121094,44.115234375,474466
FRO,FRO.OL,2019-01-28,46.599998474121094,46.599998474121094,44.02000045776367,44.459999084472656,42.08934020996094,536846
FRO,FRO.OL,2019-01-29,44.20000076293945,44.959999084472656,43.70000076293945,44.0,41.65387725830078,410282
FRO,FRO.OL,2019-01-30,43.720001220703125,45.7599983215332,43.720001220703125,44.63999938964844,42.259742736816406,517808
FRO,FRO.OL,2019-01-31,45.119998931884766,45.5,43.20000076293945,43.20000076293945,40.89653015136719,483107
FRO,FRO.OL,2019-02-01,43.20000076293945,43.29999923706055,42.13999938964844,42.2400016784668,39.98771286010742,491253
FRO,FRO.OL,2019-02-04,42.86000061035156,43.0,41.81999969482422,42.68000030517578,40.40425491333008,282632
FRO,FRO.OL,2019-02-05,42.68000030517578,45.2599983215332,42.68000030517578,45.08000183105469,42.6762809753418,549110
FRO,FRO.OL,2019-02-06,45.0,45.68000030517578,44.5,44.79999923706055,42.41121292114258,329512
FRO,FRO.OL,2019-02-07,44.5,44.939998626708984,43.20000076293945,43.939998626708984,41.597068786621094,351334
FRO,FRO.OL,2019-02-08,43.040000915527344,44.220001220703125,42.31999969482422,42.31999969482422,40.063453674316406,444724
FRO,FRO.OL,2019-02-11,42.52000045776367,42.779998779296875,41.779998779296875,42.220001220703125,39.96878433227539,436001
FRO,FRO.OL,2019-02-12,45.02000045776367,49.08000183105469,45.02000045776367,47.63999938964844,45.09978103637695,1396005
FRO,FRO.OL,2019-02-13,48.79999923706055,48.79999923706055,46.34000015258789,47.2400016784668,44.721107482910156,383580
FRO,FRO.OL,2019-02-14,47.720001220703125,49.099998474121094,47.36000061035156,48.79999923706055,46.19792938232422,494081
FRO,FRO.OL,2019-02-15,49.36000061035156,50.849998474121094,49.08000183105469,50.79999923706055,48.09128952026367,760676
FRO,FRO.OL,2019-02-18,52.0,52.29999923706055,50.45000076293945,51.04999923706055,48.32794952392578,601641
FRO,FRO.OL,2019-02-19,51.25,51.25,49.7400016784668,49.959999084472656,47.296077728271484,450537
FRO,FRO.OL,2019-02-20,50.0,50.04999923706055,49.060001373291016,49.70000076293945,47.0499382019043,205861
FRO,FRO.OL,2019-02-21,49.2599983215332,50.0,48.70000076293945,49.29999923706055,46.6712646484375,247025
FRO,FRO.OL,2019-02-22,49.34000015258789,52.400001525878906,49.099998474121094,51.75,48.99062728881836,611927
FRO,FRO.OL,2019-02-25,52.400001525878906,52.79999923706055,50.849998474121094,51.5,48.753971099853516,521203
FRO,FRO.OL,2019-02-26,50.650001525878906,52.45000076293945,49.619998931884766,51.599998474121094,48.84862518310547,608089
FRO,FRO.OL,2019-02-27,51.599998474121094,53.70000076293945,51.599998474121094,52.95000076293945,50.12664794921875,739233
FRO,FRO.OL,2019-02-28,54.0,55.95000076293945,52.900001525878906,55.25,52.30400848388672,1278069
FRO,FRO.OL,2019-03-01,55.79999923706055,57.099998474121094,54.79999923706055,56.099998474121094,53.10869216918945,718332
FRO,FRO.OL,2019-03-04,56.95000076293945,58.599998474121094,56.54999923706055,57.650001525878906,54.5760383605957,763345
FRO,FRO.OL,2019-03-05,57.70000076293945,58.150001525878906,57.349998474121094,57.599998474121094,54.5286979675293,409325
FRO,FRO.OL,2019-03-06,57.54999923706055,58.70000076293945,57.54999923706055,58.0,54.907371520996094,293004
FRO,FRO.OL,2019-03-07,57.5,57.5,54.70000076293945,55.20000076293945,52.25666809082031,598809
FRO,FRO.OL,2019-03-08,54.25,55.20000076293945,53.900001525878906,54.849998474121094,51.92534637451172,391364
FRO,FRO.OL,2019-03-11,54.900001525878906,55.29999923706055,53.54999923706055,53.54999923706055,50.69465255737305,344919
FRO,FRO.OL,2019-03-12,53.70000076293945,56.0,53.70000076293945,55.45000076293945,52.493343353271484,425951
FRO,FRO.OL,2019-03-13,55.900001525878906,56.150001525878906,55.099998474121094,55.75,52.77735137939453,397365
FRO,FRO.OL,2019-03-14,55.75,56.0,54.5,54.849998474121094,51.92534637451172,472612
FRO,FRO.OL,2019-03-15,54.70000076293945,55.79999923706055,54.25,55.79999923706055,52.824676513671875,2267566
FRO,FRO.OL,2019-03-18,56.5,57.79999923706055,55.29999923706055,57.54999923706055,54.48136901855469,539464
FRO,FRO.OL,2019-03-19,57.849998474121094,58.150001525878906,57.150001525878906,57.349998474121094,54.29203796386719,337124
FRO,FRO.OL,2019-03-20,56.849998474121094,57.650001525878906,56.79999923706055,57.400001525878906,54.3393669128418,223505
FRO,FRO.OL,2019-03-21,57.5,59.20000076293945,57.5,59.04999923706055,55.90139389038086,423562
FRO,FRO.OL,2019-03-22,59.400001525878906,60.150001525878906,58.20000076293945,58.400001525878906,55.286048889160156,690319
FRO,FRO.OL,2019-03-25,57.849998474121094,58.20000076293945,56.099998474121094,56.349998474121094,53.34535217285156,415350
FRO,FRO.OL,2019-03-26,56.54999923706055,56.95000076293945,55.599998474121094,56.150001525878906,53.15602493286133,294072
FRO,FRO.OL,2019-03-27,56.20000076293945,56.70000076293945,55.25,55.900001525878906,52.91934585571289,340236
FRO,FRO.OL,2019-03-28,55.95000076293945,56.5,54.849998474121094,54.95000076293945,52.02000045776367,275666
FRO,FRO.OL,2019-03-29,55.20000076293945,55.79999923706055,54.900001525878906,55.099998474121094,52.16200637817383,476553
FRO,FRO.OL,2019-04-01,55.79999923706055,58.45000076293945,55.79999923706055,57.75,54.67070388793945,565210
FRO,FRO.OL,2019-04-02,57.95000076293945,58.29999923706055,56.70000076293945,57.75,54.67070388793945,564358
FRO,FRO.OL,2019-04-03,57.849998474121094,59.45000076293945,57.70000076293945,58.79999923706055,55.66471481323242,404356
FRO,FRO.OL,2019-04-04,58.70000076293945,59.150001525878906,57.75,58.75,55.61738204956055,320686
FRO,FRO.OL,2019-04-05,59.0,60.5,58.75,60.099998474121094,56.89540100097656,668894
FRO,FRO.OL,2019-04-08,61.0,66.19999694824219,61.0,65.80000305175781,62.29145812988281,2330964
FRO,FRO.OL,2019-04-09,66.05000305175781,67.5,64.4000015258789,65.5,62.00746536254883,818852
FRO,FRO.OL,2019-04-10,64.69999694824219,66.44999694824219,64.5999984741211,66.4000015258789,62.8594856262207,458528
FRO,FRO.OL,2019-04-11,67.75,67.94999694824219,65.0,66.19999694824219,62.67015075683594,572202
FRO,FRO.OL,2019-04-12,67.3499984741211,67.5,65.9000015258789,67.05000305175781,63.474822998046875,513015
FRO,FRO.OL,2019-04-15,66.94999694824219,67.19999694824219,65.80000305175781,66.1500015258789,62.62282180786133,313906
FRO,FRO.OL,2019-04-16,66.0,66.80000305175781,65.5,66.0999984741211,62.575469970703125,225833
FRO,FRO.OL,2019-04-17,66.0999984741211,66.0999984741211,66.0999984741211,66.0999984741211,62.575469970703125,0
FRO,FRO.OL,2019-04-23,68.5,70.25,68.44999694824219,69.44999694824219,65.7468490600586,657270
FRO,FRO.OL,2019-04-24,70.5,70.94999694824219,69.5,69.69999694824219,65.98351287841797,662861
FRO,FRO.OL,2019-04-25,69.94999694824219,71.0,68.9000015258789,69.19999694824219,65.51016235351562,502292
FRO,FRO.OL,2019-04-26,70.5,70.5,67.0999984741211,68.05000305175781,64.42150115966797,358092
FRO,FRO.OL,2019-04-29,69.05000305175781,69.8499984741211,68.1500015258789,69.5999984741211,65.88886260986328,284764
FRO,FRO.OL,2019-04-30,70.19999694824219,71.69999694824219,69.3499984741211,71.4000015258789,67.59288024902344,624728
FRO,FRO.OL,2019-05-02,71.0,71.0,68.5,70.4000015258789,66.64619445800781,466048
FRO,FRO.OL,2019-05-03,69.44999694824219,71.05000305175781,69.30000305175781,70.1500015258789,66.4095230102539,425395
FRO,FRO.OL,2019-05-06,69.44999694824219,70.25,68.30000305175781,70.0,66.26752471923828,401120
FRO,FRO.OL,2019-05-07,69.9000015258789,70.44999694824219,68.30000305175781,68.5999984741211,64.9421615600586,269472
FRO,FRO.OL,2019-05-08,68.4000015258789,70.5,68.4000015258789,70.1500015258789,66.4095230102539,271500
FRO,FRO.OL,2019-05-09,69.44999694824219,70.5999984741211,69.0,69.25,65.55750274658203,327803
FRO,FRO.OL,2019-05-10,70.0,70.5,69.55000305175781,70.0,66.26752471923828,267810
FRO,FRO.OL,2019-05-13,69.44999694824219,69.6500015258789,66.69999694824219,67.0,63.427490234375,485759
FRO,FRO.OL,2019-05-14,66.80000305175781,72.75,66.4000015258789,72.75,68.87089538574219,793681
FRO,FRO.OL,2019-05-15,73.80000305175781,77.25,73.25,76.5999984741211,72.51561737060547,1216367
FRO,FRO.OL,2019-05-16,76.19999694824219,79.0,75.25,78.5999984741211,74.4089584350586,1095620
FRO,FRO.OL,2019-05-20,80.5,81.8499984741211,78.3499984741211,80.30000305175781,76.0183334350586,1121714
FRO,FRO.OL,2019-05-21,81.80000305175781,82.9000015258789,80.6500015258789,81.25,76.91767120361328,744438
FRO,FRO.OL,2019-05-22,80.30000305175781,80.55000305175781,78.4000015258789,79.4000015258789,75.16629791259766,627037
FRO,FRO.OL,2019-05-23,77.0,77.44999694824219,74.44999694824219,75.0,71.00090026855469,750622
FRO,FRO.OL,2019-05-24,74.69999694824219,76.55000305175781,74.69999694824219,75.5999984741211,71.56891632080078,430632
FRO,FRO.OL,2019-05-27,75.94999694824219,75.94999694824219,72.3499984741211,74.05000305175781,70.10157012939453,437074
FRO,FRO.OL,2019-05-28,73.55000305175781,75.0999984741211,73.55000305175781,74.0,70.05423736572266,381558
FRO,FRO.OL,2019-05-29,73.5,73.5,70.0,70.4000015258789,66.64619445800781,545500
FRO,FRO.OL,2019-05-31,69.25,69.44999694824219,65.55000305175781,69.44999694824219,65.7468490600586,859236
FRO,FRO.OL,2019-06-03,67.5999984741211,68.75,66.94999694824219,68.6500015258789,64.989501953125,315782
FRO,FRO.OL,2019-06-04,68.0,69.44999694824219,67.3499984741211,69.0,65.32085418701172,437799
FRO,FRO.OL,2019-06-05,69.44999694824219,70.0999984741211,68.30000305175781,69.0,65.32085418701172,540295
FRO,FRO.OL,2019-06-06,68.94999694824219,70.55000305175781,67.9000015258789,68.5,64.8475112915039,466225
FRO,FRO.OL,2019-06-07,67.6500015258789,68.8499984741211,67.6500015258789,68.4000015258789,64.75285339355469,331277
FRO,FRO.OL,2019-06-11,67.0,68.19999694824219,66.05000305175781,67.4000015258789,63.806148529052734,366497
FRO,FRO.OL,2019-06-12,67.0999984741211,67.0999984741211,63.150001525878906,63.400001525878906,60.01943588256836,382731
FRO,FRO.OL,2019-06-13,62.0,70.30000305175781,61.900001525878906,69.75,66.0308609008789,1490143
FRO,FRO.OL,2019-06-14,70.0,70.30000305175781,66.0,67.1500015258789,63.56949996948242,586810
FRO,FRO.OL,2019-06-17,66.55000305175781,67.0,64.94999694824219,66.5999984741211,63.048805236816406,285684
FRO,FRO.OL,2019-06-18,65.75,68.5999984741211,65.75,68.5999984741211,64.9421615600586,323232
FRO,FRO.OL,2019-06-19,68.0,68.44999694824219,66.05000305175781,67.3499984741211,63.75883483886719,343900
FRO,FRO.OL,2019-06-20,69.3499984741211,71.0999984741211,68.55000305175781,70.05000305175781,66.31486511230469,776685
FRO,FRO.OL,2019-06-21,69.4000015258789,72.6500015258789,68.69999694824219,72.6500015258789,68.7762451171875,908042
FRO,FRO.OL,2019-06-24,73.75,73.94999694824219,70.6500015258789,71.30000305175781,67.49821472167969,602625
FRO,FRO.OL,2019-06-25,68.4000015258789,70.1500015258789,67.55000305175781,67.9000015258789,64.27949523925781,414049
FRO,FRO.OL,2019-06-26,68.5,68.6500015258789,67.0,67.4000015258789,63.806148529052734,314317
FRO,FRO.OL,2019-06-27,67.30000305175781,69.80000305175781,67.0,69.80000305175781,66.07819366455078,378334
FRO,FRO.OL,2019-06-28,69.5999984741211,70.0,68.19999694824219,69.19999694824219,65.51016235351562,242847
FRO,FRO.OL,2019-07-01,70.80000305175781,71.6500015258789,69.75,70.5999984741211,66.83550262451172,294080
FRO,FRO.OL,2019-07-02,69.1500015258789,70.5,68.9000015258789,69.0,65.32085418701172,283216
FRO,FRO.OL,2019-07-03,69.30000305175781,69.5999984741211,68.0,68.0999984741211,64.46883392333984,228543
FRO,FRO.OL,2019-07-04,67.69999694824219,68.5,67.5999984741211,68.0,64.37416076660156,113138
FRO,FRO.OL,2019-07-05,68.05000305175781,68.3499984741211,67.5,68.0999984741211,64.46883392333984,207300
FRO,FRO.OL,2019-07-08,68.69999694824219,71.44999694824219,68.3499984741211,71.25,67.45087432861328,247386
FRO,FRO.OL,2019-07-09,73.0,73.25,70.19999694824219,70.75,66.97752380371094,318177
FRO,FRO.OL,2019-07-10,70.5,71.25,68.8499984741211,70.55000305175781,66.7881851196289,238845
FRO,FRO.OL,2019-07-11,71.19999694824219,71.19999694824219,69.6500015258789,69.6500015258789,65.93617248535156,153847
FRO,FRO.OL,2019-07-12,69.30000305175781,69.80000305175781,68.69999694824219,69.30000305175781,65.60484313964844,161882
FRO,FRO.OL,2019-07-15,69.30000305175781,70.0,68.3499984741211,68.80000305175781,65.13151550292969,132746
FRO,FRO.OL,2019-07-16,68.8499984741211,69.4000015258789,68.19999694824219,69.4000015258789,65.69950866699219,119394
FRO,FRO.OL,2019-07-17,69.80000305175781,71.0,69.25,69.5,65.79417419433594,200240
FRO,FRO.OL,2019-07-18,69.0,69.0,65.55000305175781,66.3499984741211,62.812137603759766,373480
FRO,FRO.OL,2019-07-19,65.8499984741211,67.69999694824219,65.44999694824219,66.69999694824219,63.143470764160156,240309
FRO,FRO.OL,2019-07-22,67.0999984741211,70.30000305175781,67.0,68.8499984741211,65.1788330078125,263582
FRO,FRO.OL,2019-07-23,69.25,69.5999984741211,68.0999984741211,69.0,65.32085418701172,146147
FRO,FRO.OL,2019-07-24,69.0,69.0,67.55000305175781,68.6500015258789,64.989501953125,133897
FRO,FRO.OL,2019-07-25,69.0,72.19999694824219,69.0,70.69999694824219,66.93017578125,307227
FRO,FRO.OL,2019-07-26,71.0,71.0,69.5,70.75,66.97752380371094,101893
FRO,FRO.OL,2019-07-29,69.0,70.0,67.9000015258789,67.94999694824219,64.32682800292969,161884
FRO,FRO.OL,2019-07-30,67.3499984741211,67.94999694824219,65.0,65.0,61.53413009643555,430482
FRO,FRO.OL,2019-07-31,65.4000015258789,66.05000305175781,65.0,65.0,61.53413009643555,164226
FRO,FRO.OL,2019-08-01,65.19999694824219,67.75,64.5,67.69999694824219,64.09016418457031,377314
FRO,FRO.OL,2019-08-02,66.0,66.44999694824219,64.94999694824219,65.0,61.53413009643555,332975
FRO,FRO.OL,2019-08-05,64.0,64.0,60.25,60.29999923706055,57.08474349975586,609273
FRO,FRO.OL,2019-08-06,60.0,64.75,59.54999923706055,62.5,59.16743087768555,650608
FRO,FRO.OL,2019-08-07,63.45000076293945,65.80000305175781,62.099998474121094,62.25,58.93075942993164,493209
FRO,FRO.OL,2019-08-08,64.4000015258789,66.1500015258789,62.650001525878906,64.75,61.297454833984375,489299
FRO,FRO.OL,2019-08-09,65.25,66.05000305175781,62.650001525878906,63.04999923706055,59.688106536865234,264737
FRO,FRO.OL,2019-08-12,64.0,64.0,61.79999923706055,62.400001525878906,59.07276916503906,210820
FRO,FRO.OL,2019-08-13,61.5,64.0,61.20000076293945,64.0,60.58744430541992,172693
FRO,FRO.OL,2019-08-14,64.0,64.0,58.849998474121094,59.20000076293945,56.04338836669922,368040
FRO,FRO.OL,2019-08-15,59.20000076293945,59.29999923706055,56.0,58.0,54.907371520996094,422496
FRO,FRO.OL,2019-08-16,58.349998474121094,62.5,58.349998474121094,62.349998474121094,59.02543258666992,389875
FRO,FRO.OL,2019-08-19,64.0,69.55000305175781,63.900001525878906,69.55000305175781,65.84149169921875,582385
FRO,FRO.OL,2019-08-20,70.0,73.5,70.0,71.80000305175781,67.97154235839844,996113
FRO,FRO.OL,2019-08-21,71.80000305175781,72.4000015258789,70.55000305175781,71.8499984741211,68.01886749267578,239539
FRO,FRO.OL,2019-08-22,71.69999694824219,72.80000305175781,70.94999694824219,71.0999984741211,67.30887603759766,277419
FRO,FRO.OL,2019-08-23,74.0,77.0,69.3499984741211,73.1500015258789,69.24954223632812,976249
FRO,FRO.OL,2019-08-26,71.5999984741211,74.5999984741211,70.5,73.5,69.58089447021484,456787
FRO,FRO.OL,2019-08-27,75.0,76.0999984741211,73.3499984741211,74.3499984741211,70.38556671142578,371144
FRO,FRO.OL,2019-08-28,76.0,79.1500015258789,74.80000305175781,76.0,71.94758605957031,951786
FRO,FRO.OL,2019-08-29,76.25,78.94999694824219,76.0999984741211,77.9000015258789,73.74629974365234,488886
FRO,FRO.OL,2019-08-30,78.0999984741211,79.80000305175781,77.19999694824219,78.1500015258789,73.98295593261719,438981
FRO,FRO.OL,2019-09-02,78.1500015258789,78.19999694824219,75.25,76.4000015258789,72.3262710571289,241159
FRO,FRO.OL,2019-09-03,76.19999694824219,76.80000305175781,73.69999694824219,74.0,70.05423736572266,389279
FRO,FRO.OL,2019-09-04,74.6500015258789,75.5999984741211,74.0,74.0,70.05423736572266,161207
FRO,FRO.OL,2019-09-05,74.75,75.30000305175781,73.4000015258789,73.80000305175781,69.86490631103516,407472
FRO,FRO.OL,2019-09-06,76.0,78.4000015258789,74.1500015258789,77.5,73.36761474609375,864134
FRO,FRO.OL,2019-09-09,78.05000305175781,80.75,76.69999694824219,80.0,75.73430633544922,697924
FRO,FRO.OL,2019-09-10,80.55000305175781,81.25,79.30000305175781,79.69999694824219,75.4503173828125,331325
FRO,FRO.OL,2019-09-11,80.8499984741211,80.9000015258789,79.25,79.80000305175781,75.54496002197266,528368
FRO,FRO.OL,2019-09-12,79.80000305175781,80.0999984741211,76.75,77.94999694824219,73.79362487792969,377114
FRO,FRO.OL,2019-09-13,78.25,83.6500015258789,78.25,83.55000305175781,79.09502410888672,838875
FRO,FRO.OL,2019-09-16,84.5,88.30000305175781,83.55000305175781,83.5999984741211,79.14236450195312,855807
FRO,FRO.OL,2019-09-17,82.1500015258789,83.4000015258789,77.4000015258789,78.0,73.84095764160156,1269853
FRO,FRO.OL,2019-09-18,79.44999694824219,81.6500015258789,78.44999694824219,80.6500015258789,76.34966278076172,493392
FRO,FRO.OL,2019-09-19,81.6500015258789,82.80000305175781,78.25,81.0999984741211,76.7756576538086,635211
FRO,FRO.OL,2019-09-20,80.6500015258789,82.55000305175781,79.69999694824219,82.30000305175781,77.91166687011719,738144
FRO,FRO.OL,2019-09-23,83.5999984741211,84.3499984741211,81.8499984741211,81.9000015258789,77.53298950195312,613294
FRO,FRO.OL,2019-09-24,82.44999694824219,83.30000305175781,80.44999694824219,80.69999694824219,76.39697265625,430808
FRO,FRO.OL,2019-09-25,79.19999694824219,79.4000015258789,77.30000305175781,78.5999984741211,74.4089584350586,482269
FRO,FRO.OL,2019-09-26,81.19999694824219,87.75,81.0,84.5,79.99436950683594,1608569
FRO,FRO.OL,2019-09-27,86.0,87.0,82.05000305175781,84.69999694824219,80.1836929321289,981635
FRO,FRO.OL,2019-09-30,83.5999984741211,84.5,82.0,82.75,78.33767700195312,458944
FRO,FRO.OL,2019-10-01,84.0999984741211,87.6500015258789,83.25,87.0,82.36105346679688,741247
FRO,FRO.OL,2019-10-02,86.0,87.30000305175781,84.5999984741211,86.30000305175781,81.69839477539062,767034
FRO,FRO.OL,2019-10-03,85.69999694824219,87.55000305175781,83.80000305175781,84.8499984741211,80.3257064819336,786614
FRO,FRO.OL,2019-10-04,86.19999694824219,91.9000015258789,85.69999694824219,91.8499984741211,86.95246124267578,1047178
FRO,FRO.OL,2019-10-07,94.0,100.80000305175781,94.0,98.4000015258789,93.15321350097656,1717064
FRO,FRO.OL,2019-10-08,102.0,105.4000015258789,98.80000305175781,100.30000305175781,94.95188903808594,1363914
FRO,FRO.OL,2019-10-09,102.0,109.0999984741211,100.69999694824219,104.69999694824219,99.1172866821289,2062582
FRO,FRO.OL,2019-10-10,106.69999694824219,106.69999694824219,96.0,98.94999694824219,93.67385864257812,2581530
FRO,FRO.OL,2019-10-11,103.0999984741211,110.19999694824219,103.0,107.19999694824219,101.48397827148438,3320271
FRO,FRO.OL,2019-10-14,106.5,107.30000305175781,102.0,106.0999984741211,100.44263458251953,1580559
FRO,FRO.OL,2019-10-15,107.0999984741211,108.0,98.5999984741211,100.69999694824219,95.33056640625,1904756
FRO,FRO.OL,2019-10-16,99.5,100.19999694824219,96.0999984741211,98.69999694824219,93.43721008300781,1220616
FRO,FRO.OL,2019-10-17,97.8499984741211,99.5,95.9000015258789,97.55000305175781,92.34852600097656,901801
FRO,FRO.OL,2019-10-18,99.0,101.0,98.55000305175781,99.05000305175781,93.7685317993164,705266
FRO,FRO.OL,2019-10-21,99.19999694824219,99.19999694824219,96.0,97.0,91.8278579711914,399268
FRO,FRO.OL,2019-10-22,97.0,98.3499984741211,95.8499984741211,97.25,92.06451416015625,421995
FRO,FRO.OL,2019-10-23,96.69999694824219,98.55000305175781,95.80000305175781,97.80000305175781,92.58519744873047,619342
FRO,FRO.OL,2019-10-24,98.69999694824219,100.9000015258789,98.5,99.5,94.1945571899414,849424
FRO,FRO.OL,2019-10-25,97.0,97.4000015258789,94.6500015258789,95.19999694824219,90.12381744384766,1005648
FRO,FRO.OL,2019-10-28,95.0,97.44999694824219,94.1500015258789,96.5999984741211,91.44918060302734,723697
FRO,FRO.OL,2019-10-29,95.5999984741211,97.0,95.05000305175781,96.5999984741211,91.44918060302734,747426
FRO,FRO.OL,2019-10-30,97.5,99.25,97.1500015258789,97.80000305175781,92.58519744873047,1053422
FRO,FRO.OL,2019-10-31,99.0,99.0,95.5999984741211,96.5,91.3545150756836,531567
FRO,FRO.OL,2019-11-01,96.5,96.8499984741211,95.1500015258789,95.1500015258789,90.07649993896484,519782
FRO,FRO.OL,2019-11-04,95.19999694824219,96.94999694824219,94.75,96.3499984741211,91.21250915527344,443672
FRO,FRO.OL,2019-11-05,95.19999694824219,95.5,92.80000305175781,94.9000015258789,89.83980560302734,552926
FRO,FRO.OL,2019-11-06,91.80000305175781,91.9000015258789,89.0,89.55000305175781,84.77507781982422,918897
FRO,FRO.OL,2019-11-07,88.6500015258789,89.75,86.25,86.55000305175781,81.93505096435547,1062588
FRO,FRO.OL,2019-11-08,86.05000305175781,89.75,86.05000305175781,87.8499984741211,83.1657485961914,548587
FRO,FRO.OL,2019-11-11,88.4000015258789,89.1500015258789,85.5999984741211,86.5999984741211,81.98238372802734,737156
FRO,FRO.OL,2019-11-12,87.0,90.8499984741211,87.0,90.5,85.67443084716797,1001976
FRO,FRO.OL,2019-11-13,90.94999694824219,93.0999984741211,88.5999984741211,93.0,88.04114532470703,981951
FRO,FRO.OL,2019-11-14,92.69999694824219,94.25,91.0999984741211,93.5,88.51448059082031,937128
FRO,FRO.OL,2019-11-15,93.0,95.0,91.69999694824219,94.80000305175781,89.74517059326172,764710
FRO,FRO.OL,2019-11-18,96.0,97.3499984741211,94.80000305175781,95.94999694824219,90.8338394165039,857611
FRO,FRO.OL,2019-11-19,96.5,97.80000305175781,94.0,95.4000015258789,90.31316375732422,1131287
FRO,FRO.OL,2019-11-20,95.4000015258789,101.4000015258789,94.9000015258789,100.0999984741211,94.76256561279297,1719551
FRO,FRO.OL,2019-11-21,100.4000015258789,101.69999694824219,99.0999984741211,100.30000305175781,94.95188903808594,992735
FRO,FRO.OL,2019-11-22,101.4000015258789,103.80000305175781,100.5,103.30000305175781,97.79193115234375,1328989
FRO,FRO.OL,2019-11-25,102.80000305175781,103.80000305175781,101.0,102.9000015258789,97.41325378417969,701173
FRO,FRO.OL,2019-11-26,104.0,106.19999694824219,102.5,103.4000015258789,97.88660430908203,1053944
FRO,FRO.OL,2019-11-27,100.0999984741211,105.0,100.0,102.0999984741211,96.65589904785156,1305346
FRO,FRO.OL,2019-11-28,102.69999694824219,106.5999984741211,102.0999984741211,103.80000305175781,98.26526641845703,1418242
FRO,FRO.OL,2019-11-29,104.69999694824219,104.69999694824219,100.19999694824219,101.4000015258789,95.99325561523438,1361519
FRO,FRO.OL,2019-12-02,103.5,104.0,100.5,100.5,95.14124298095703,1455730
FRO,FRO.OL,2019-12-03,100.0,100.5999984741211,95.25,96.55000305175781,91.40184783935547,1288667
FRO,FRO.OL,2019-12-04,97.0,99.5,97.0,99.5,94.1945571899414,823600
FRO,FRO.OL,2019-12-05,100.5999984741211,100.5999984741211,96.5999984741211,97.0,91.8278579711914,945141
FRO,FRO.OL,2019-12-06,97.8499984741211,101.69999694824219,97.5999984741211,101.19999694824219,95.80389404296875,950456
FRO,FRO.OL,2019-12-09,102.30000305175781,105.4000015258789,101.30000305175781,104.80000305175781,99.21195983886719,916490
FRO,FRO.OL,2019-12-10,104.80000305175781,105.9000015258789,103.0,104.69999694824219,99.21194458007812,776104
FRO,FRO.OL,2019-12-11,105.4000015258789,106.0999984741211,102.5,102.80000305175781,97.41153717041016,683260
FRO,FRO.OL,2019-12-12,103.9000015258789,105.0,101.19999694824219,102.30000305175781,96.93775939941406,649780
FRO,FRO.OL,2019-12-13,103.0,103.0,100.0999984741211,100.5999984741211,95.32685852050781,728024
FRO,FRO.OL,2019-12-16,101.30000305175781,103.30000305175781,100.9000015258789,103.0,97.60108184814453,770460
FRO,FRO.OL,2019-12-17,103.4000015258789,104.69999694824219,101.69999694824219,103.0,97.60108184814453,818743
FRO,FRO.OL,2019-12-18,103.19999694824219,103.9000015258789,101.5999984741211,103.80000305175781,98.35912322998047,903120
FRO,FRO.OL,2019-12-19,104.69999694824219,108.0999984741211,103.19999694824219,108.0999984741211,102.43372344970703,1561838
FRO,FRO.OL,2019-12-20,108.5,111.4000015258789,107.69999694824219,109.0999984741211,103.38130950927734,2408369
FRO,FRO.OL,2019-12-23,108.80000305175781,111.5999984741211,108.19999694824219,111.19999694824219,105.37123107910156,813973
FRO,FRO.OL,2019-12-27,112.5,114.19999694824219,109.5999984741211,109.5999984741211,103.85511016845703,805849
FRO,FRO.OL,2019-12-30,110.0,112.0,108.30000305175781,110.9000015258789,105.08695983886719,1040983
FRO,FRO.OL,2020-01-02,113.80000305175781,114.69999694824219,112.5,113.4000015258789,107.45591735839844,1519117
FRO,FRO.OL,2020-01-03,114.69999694824219,116.9000015258789,113.9000015258789,116.30000305175781,110.20391845703125,1511721
FRO,FRO.OL,2020-01-06,116.9000015258789,117.4000015258789,112.69999694824219,114.0,108.02448272705078,1371894
FRO,FRO.OL,2020-01-07,114.80000305175781,115.5999984741211,112.5999984741211,113.19999694824219,107.26640319824219,909620
FRO,FRO.OL,2020-01-08,114.4000015258789,117.0,113.5999984741211,116.0999984741211,110.01438903808594,1373663
FRO,FRO.OL,2020-01-09,114.80000305175781,115.5,113.69999694824219,115.0,108.97205352783203,1264040
FRO,FRO.OL,2020-01-10,116.30000305175781,117.4000015258789,113.5,114.30000305175781,108.30875396728516,1458740
FRO,FRO.OL,2020-01-13,113.0,114.0999984741211,111.0999984741211,112.0999984741211,106.22404479980469,1924612
FRO,FRO.OL,2020-01-14,113.4000015258789,114.80000305175781,110.5999984741211,112.0,106.12931060791016,1505338
FRO,FRO.OL,2020-01-15,110.19999694824219,110.19999694824219,105.0999984741211,106.5,100.91759490966797,2040655
FRO,FRO.OL,2020-01-16,106.69999694824219,107.0999984741211,103.80000305175781,104.0,98.54863739013672,1260445
FRO,FRO.OL,2020-01-17,106.19999694824219,110.9000015258789,105.5,110.4000015258789,104.6131591796875,1770387
FRO,FRO.OL,2020-01-20,110.69999694824219,110.9000015258789,107.30000305175781,107.69999694824219,102.05467987060547,687858
FRO,FRO.OL,2020-01-21,107.69999694824219,108.80000305175781,106.0999984741211,108.0,102.33898162841797,871790
FRO,FRO.OL,2020-01-22,108.0,108.69999694824219,105.5,106.9000015258789,101.296630859375,760597
FRO,FRO.OL,2020-01-23,105.4000015258789,106.0,98.5,100.30000305175781,95.0425796508789,2402996
FRO,FRO.OL,2020-01-24,101.5,103.0,97.5999984741211,97.9000015258789,92.76837921142578,1704938
FRO,FRO.OL,2020-01-27,93.94999694824219,95.0,90.80000305175781,94.5,89.54661560058594,2654244
FRO,FRO.OL,2020-01-28,95.0,95.1500015258789,91.3499984741211,94.0,89.07278442382812,1968867
FRO,FRO.OL,2020-01-29,94.44999694824219,95.4000015258789,92.75,93.0,88.12523651123047,1392096
FRO,FRO.OL,2020-01-30,92.0,92.0,87.94999694824219,87.94999694824219,83.33992767333984,2002516
FRO,FRO.OL,2020-01-31,87.94999694824219,90.0,83.5999984741211,84.0999984741211,79.69173431396484,2151661
FRO,FRO.OL,2020-02-03,81.0,82.5999984741211,78.5999984741211,80.0999984741211,75.90139770507812,2721005
FRO,FRO.OL,2020-02-04,80.30000305175781,82.94999694824219,79.75,80.3499984741211,76.13829803466797,1882432
FRO,FRO.OL,2020-02-05,80.0,82.69999694824219,78.19999694824219,80.69999694824219,76.46994018554688,1687833
FRO,FRO.OL,2020-02-06,81.94999694824219,81.94999694824219,76.44999694824219,76.69999694824219,72.67961883544922,1767423
FRO,FRO.OL,2020-02-07,74.94999694824219,74.94999694824219,69.30000305175781,71.9000015258789,68.13123321533203,2859394
FRO,FRO.OL,2020-02-10,71.5999984741211,74.05000305175781,70.55000305175781,73.6500015258789,69.78948974609375,1747817
FRO,FRO.OL,2020-02-11,74.55000305175781,78.69999694824219,74.0,77.25,73.2008056640625,2239734
FRO,FRO.OL,2020-02-12,77.5,79.5,75.80000305175781,78.55000305175781,74.43265533447266,1623327
FRO,FRO.OL,2020-02-13,77.69999694824219,77.69999694824219,74.69999694824219,76.80000305175781,72.77437591552734,1609555
FRO,FRO.OL,2020-02-14,76.75,78.6500015258789,75.6500015258789,75.80000305175781,71.8268051147461,1002375
FRO,FRO.OL,2020-02-17,77.0,78.1500015258789,75.9000015258789,77.0,72.9638900756836,884769
FRO,FRO.OL,2020-02-18,76.0,76.55000305175781,74.8499984741211,75.69999694824219,71.73204803466797,780724
FRO,FRO.OL,2020-02-19,76.05000305175781,78.0,76.05000305175781,77.55000305175781,73.4850845336914,598946
FRO,FRO.OL,2020-02-20,78.19999694824219,78.5999984741211,76.55000305175781,76.5999984741211,72.58486938476562,941696
FRO,FRO.OL,2020-02-21,76.0,76.19999694824219,74.44999694824219,75.30000305175781,71.3530044555664,736252
FRO,FRO.OL,2020-02-24,73.4000015258789,73.8499984741211,68.30000305175781,68.4000015258789,64.814697265625,1832573
FRO,FRO.OL,2020-02-25,69.0,70.69999694824219,67.75,68.94999694824219,65.33585357666016,1358109
FRO,FRO.OL,2020-02-26,67.80000305175781,70.80000305175781,65.8499984741211,70.1500015258789,66.47295379638672,1746971
FRO,FRO.OL,2020-02-27,72.0,72.0,64.3499984741211,66.0,62.54047393798828,2568961
FRO,FRO.OL,2020-02-28,65.9000015258789,74.5,65.05000305175781,72.19999694824219,68.4155044555664,2839634
FRO,FRO.OL,2020-03-02,79.0,79.80000305175781,71.25,72.19999694824219,68.4155044555664,2645481
FRO,FRO.OL,2020-03-03,75.0,77.75,74.4000015258789,76.19999694824219,72.20582580566406,1817463
FRO,FRO.OL,2020-03-04,74.30000305175781,74.5999984741211,70.0999984741211,71.05000305175781,67.3257827758789,1447630
FRO,FRO.OL,2020-03-05,72.05000305175781,72.19999694824219,64.55000305175781,65.0,61.59290313720703,2266314
FRO,FRO.OL,2020-03-06,60.5,63.5,58.5,63.0,59.69773483276367,2374812
FRO,FRO.OL,2020-03-09,55.0,75.1500015258789,55.0,72.19999694824219,68.4155044555664,4829119
FRO,FRO.OL,2020-03-10,75.0,85.9000015258789,75.0,82.05000305175781,77.74919128417969,3715185
FRO,FRO.OL,2020-03-11,92.4000015258789,94.94999694824219,86.80000305175781,88.9000015258789,84.24015808105469,4969161
FRO,FRO.OL,2020-03-12,87.0,91.55000305175781,75.80000305175781,86.25,82.09844207763672,3943355
FRO,FRO.OL,2020-03-13,89.4000015258789,94.25,84.9000015258789,89.9000015258789,85.57273864746094,4620688
FRO,FRO.OL,2020-03-16,93.0,94.4000015258789,78.5,87.4000015258789,83.19306945800781,5098812
FRO,FRO.OL,2020-03-17,85.0,87.5,79.0,79.0,75.19740295410156,2307825
FRO,FRO.OL,2020-03-18,75.0999984741211,77.0,67.0,70.69999694824219,67.29690551757812,2733875
FRO,FRO.OL,2020-03-19,75.0,75.55000305175781,69.55000305175781,73.8499984741211,70.29529571533203,3084297
FRO,FRO.OL,2020-03-20,78.0,79.4000015258789,73.30000305175781,77.1500015258789,73.43644714355469,2928091
FRO,FRO.OL,2020-03-23,73.5,76.05000305175781,70.75,71.1500015258789,67.72525787353516,2112354
FRO,FRO.OL,2020-03-24,78.5,81.0,74.75,78.0999984741211,74.34072875976562,2531709
FRO,FRO.OL,2020-03-25,82.5,88.0,79.19999694824219,87.4000015258789,83.19306945800781,3330200
FRO,FRO.OL,2020-03-26,84.19999694824219,86.9000015258789,82.0,86.5999984741211,82.43158721923828,2481920
FRO,FRO.OL,2020-03-27,89.0,91.5999984741211,87.25,90.0,85.66792297363281,3014307
FRO,FRO.OL,2020-03-30,96.0,108.0,95.05000305175781,108.0,102.80152893066406,4223175
FRO,FRO.OL,2020-03-31,110.30000305175781,112.80000305175781,97.6500015258789,103.19999694824219,98.23255920410156,3451967
FRO,FRO.OL,2020-04-01,100.19999694824219,107.9000015258789,97.80000305175781,106.0999984741211,100.99297332763672,1975124
FRO,FRO.OL,2020-04-02,101.4000015258789,102.19999694824219,93.1500015258789,95.9000015258789,91.283935546875,3436636
FRO,FRO.OL,2020-04-03,86.9000015258789,89.0999984741211,76.5999984741211,82.0,78.05300903320312,4447235
FRO,FRO.OL,2020-04-06,87.0,89.75,84.0,86.0,81.8604736328125,2199409
FRO,FRO.OL,2020-04-07,86.0,86.6500015258789,78.25,80.69999694824219,76.81558227539062,2201050
FRO,FRO.OL,2020-04-08,83.0,84.0999984741211,80.5,82.0,78.05300903320312,993587
FRO,FRO.OL,2020-04-14,84.0,89.5,79.0,89.44999694824219,85.1444091796875,3255369
FRO,FRO.OL,2020-04-15,89.19999694824219,93.80000305175781,86.69999694824219,91.1500015258789,86.76256561279297,1796759
FRO,FRO.OL,2020-04-16,91.44999694824219,95.25,91.44999694824219,94.30000305175781,89.76094818115234,1533174
FRO,FRO.OL,2020-04-17,98.0,100.4000015258789,96.19999694824219,99.0,94.23472595214844,1761936
FRO,FRO.OL,2020-04-20,100.19999694824219,105.80000305175781,98.30000305175781,104.0,98.99405670166016,1516982
FRO,FRO.OL,2020-04-21,111.0,123.0,109.30000305175781,117.5999984741211,111.9394302368164,5619406
FRO,FRO.OL,2020-04-22,118.0,118.4000015258789,113.69999694824219,114.5999984741211,109.0838394165039,2896164
FRO,FRO.OL,2020-04-23,116.5,119.5,115.0999984741211,116.0,110.41644287109375,2379268
FRO,FRO.OL,2020-04-24,112.0,114.0,108.19999694824219,110.5999984741211,105.27637481689453,2298800
FRO,FRO.OL,2020-04-27,112.4000015258789,121.0,112.4000015258789,121.0,115.17578125,2951273
FRO,FRO.OL,2020-04-28,115.0,117.5,106.19999694824219,108.0,102.80152893066406,3715378
FRO,FRO.OL,2020-04-29,109.30000305175781,111.4000015258789,98.55000305175781,100.5,95.66252899169922,2267871
FRO,FRO.OL,2020-04-30,95.5999984741211,97.75,91.5999984741211,96.80000305175781,92.14061737060547,3119486
FRO,FRO.OL,2020-05-04,94.5,95.05000305175781,91.6500015258789,92.55000305175781,88.09520721435547,1625874
FRO,FRO.OL,2020-05-05,92.80000305175781,94.94999694824219,83.69999694824219,85.3499984741211,81.24176025390625,1965014
FRO,FRO.OL,2020-05-06,84.0,86.4000015258789,79.5,80.1500015258789,76.29205322265625,2133890
FRO,FRO.OL,2020-05-07,77.5,82.3499984741211,77.0999984741211,79.8499984741211,76.00648498535156,2404199
FRO,FRO.OL,2020-05-08,81.1500015258789,84.0,80.4000015258789,82.19999694824219,78.2433853149414,1724328
FRO,FRO.OL,2020-05-11,83.5,83.6500015258789,78.0999984741211,78.19999694824219,74.43590545654297,1271409
FRO,FRO.OL,2020-05-12,78.19999694824219,80.25,75.80000305175781,76.80000305175781,73.10331726074219,945372
FRO,FRO.OL,2020-05-13,75.5,78.0,74.6500015258789,76.5,72.8177490234375,1056909
FRO,FRO.OL,2020-05-14,78.0,78.75,73.5,73.8499984741211,70.29529571533203,1261296
FRO,FRO.OL,2020-05-15,74.4000015258789,77.30000305175781,72.25,77.19999694824219,73.48406219482422,1379338
FRO,FRO.OL,2020-05-18,78.0999984741211,80.0999984741211,75.0,76.69999694824219,73.00811004638672,2647207
FRO,FRO.OL,2020-05-19,77.0999984741211,81.3499984741211,76.30000305175781,80.05000305175781,76.1968765258789,2370114
FRO,FRO.OL,2020-05-20,82.0,82.80000305175781,76.5999984741211,76.9000015258789,73.19850158691406,2526251
FRO,FRO.OL,2020-05-22,79.9000015258789,80.25,74.9000015258789,78.4000015258789,74.62628173828125,2346935
FRO,FRO.OL,2020-05-25,80.5999984741211,80.5999984741211,78.69999694824219,79.9000015258789,76.05409240722656,659469
FRO,FRO.OL,2020-05-26,80.0,83.75,79.0999984741211,83.0,79.00487518310547,1082940
FRO,FRO.OL,2020-05-27,84.55000305175781,88.0999984741211,82.5999984741211,86.30000305175781,82.14604949951172,1853753
FRO,FRO.OL,2020-05-28,90.0,91.4000015258789,88.6500015258789,89.94999694824219,85.6203384399414,2337598
FRO,FRO.OL,2020-05-29,89.0,89.0,85.0,87.19999694824219,83.0027084350586,1887216
FRO,FRO.OL,2020-06-02,89.0,89.5,81.6500015258789,83.0,79.00487518310547,2306796
FRO,FRO.OL,2020-06-03,79.19999694824219,80.75,76.75,78.25,75.11703491210938,2262119
FRO,FRO.OL,2020-06-04,74.44999694824219,75.1500015258789,72.0999984741211,72.6500015258789,69.74125671386719,1756111
FRO,FRO.OL,2020-06-05,74.0999984741211,77.0,73.6500015258789,76.3499984741211,73.29309844970703,1171516
FRO,FRO.OL,2020-06-08,76.75,80.25,74.80000305175781,80.25,77.03694915771484,1370251
FRO,FRO.OL,2020-06-09,83.0,84.0,79.19999694824219,81.4000015258789,78.14093017578125,2057256
FRO,FRO.OL,2020-06-10,82.0,82.0,77.4000015258789,77.4000015258789,74.30106353759766,1230135
FRO,FRO.OL,2020-06-11,76.5999984741211,76.8499984741211,73.5,74.55000305175781,71.56517028808594,1682252
FRO,FRO.OL,2020-06-12,73.75,77.4000015258789,73.05000305175781,76.5999984741211,73.53308868408203,1029862
FRO,FRO.OL,2020-06-15,75.80000305175781,76.1500015258789,73.80000305175781,75.19999694824219,72.18913269042969,580275
FRO,FRO.OL,2020-06-16,78.0,79.75,76.5999984741211,77.5999984741211,74.4930419921875,838121
FRO,FRO.OL,2020-06-17,76.0,77.55000305175781,73.9000015258789,73.9000015258789,70.94120025634766,836088
FRO,FRO.OL,2020-06-18,73.9000015258789,74.9000015258789,72.5999984741211,74.6500015258789,71.66116333007812,696942
FRO,FRO.OL,2020-06-19,74.6500015258789,75.1500015258789,73.5999984741211,74.19999694824219,71.22917175292969,886553
FRO,FRO.OL,2020-06-22,73.0999984741211,73.25,70.6500015258789,70.75,67.91731262207031,1660535
FRO,FRO.OL,2020-06-23,71.94999694824219,73.30000305175781,70.5,71.80000305175781,68.92527770996094,1539186
FRO,FRO.OL,2020-06-24,71.69999694824219,71.80000305175781,69.4000015258789,70.0999984741211,67.29332733154297,601493
FRO,FRO.OL,2020-06-25,70.9000015258789,72.80000305175781,69.6500015258789,72.80000305175781,69.88523864746094,834143
FRO,FRO.OL,2020-06-26,71.5999984741211,71.75,69.0,69.0,66.23738098144531,847167
FRO,FRO.OL,2020-06-29,68.94999694824219,70.05000305175781,67.5,69.80000305175781,67.00535583496094,517286
FRO,FRO.OL,2020-06-30,69.5,69.5,66.25,66.9000015258789,64.22147369384766,773384
FRO,FRO.OL,2020-07-01,67.05000305175781,68.8499984741211,66.6500015258789,68.8499984741211,66.09337615966797,715332
FRO,FRO.OL,2020-07-02,70.69999694824219,70.75,66.8499984741211,67.0,64.31746673583984,1072329
FRO,FRO.OL,2020-07-03,67.0,67.4000015258789,65.0,65.5999984741211,62.97350311279297,628288
FRO,FRO.OL,2020-07-06,65.94999694824219,69.1500015258789,65.8499984741211,68.4000015258789,65.66140747070312,849659
FRO,FRO.OL,2020-07-07,69.19999694824219,71.5,68.4000015258789,69.5,66.71735382080078,816287
FRO,FRO.OL,2020-07-08,68.0,71.0,67.0999984741211,70.3499984741211,67.53333282470703,505437
FRO,FRO.OL,2020-07-09,70.5,70.5999984741211,68.4000015258789,68.4000015258789,65.66140747070312,400725
FRO,FRO.OL,2020-07-10,68.94999694824219,71.5,68.0999984741211,70.94999694824219,68.10930633544922,526939
FRO,FRO.OL,2020-07-13,71.30000305175781,72.3499984741211,69.25,70.05000305175781,67.245361328125,454380
FRO,FRO.OL,2020-07-14,69.5999984741211,71.0999984741211,69.0,69.80000305175781,67.00535583496094,444928
FRO,FRO.OL,2020-07-15,71.0999984741211,71.94999694824219,70.30000305175781,71.55000305175781,68.68528747558594,377554
FRO,FRO.OL,2020-07-16,71.80000305175781,72.5,71.0,71.19999694824219,68.34929656982422,388573
FRO,FRO.OL,2020-07-17,71.25,72.69999694824219,70.44999694824219,71.3499984741211,68.4932861328125,352759
FRO,FRO.OL,2020-07-20,71.4000015258789,71.80000305175781,70.6500015258789,71.1500015258789,68.3012924194336,215585
FRO,FRO.OL,2020-07-21,71.1500015258789,71.1500015258789,69.1500015258789,69.1500015258789,66.3813705444336,404694
FRO,FRO.OL,2020-07-22,68.94999694824219,69.5,67.5,67.94999694824219,65.22941589355469,401523
FRO,FRO.OL,2020-07-23,68.55000305175781,69.75,68.4000015258789,69.69999694824219,66.90935516357422,297048
FRO,FRO.OL,2020-07-24,70.0,71.8499984741211,69.44999694824219,70.0,67.19734191894531,480211
FRO,FRO.OL,2020-07-27,70.0,70.9000015258789,69.0999984741211,70.5999984741211,67.77330780029297,252317
FRO,FRO.OL,2020-07-28,70.5999984741211,71.94999694824219,70.1500015258789,71.19999694824219,68.34929656982422,341812
FRO,FRO.OL,2020-07-29,71.5,74.19999694824219,70.94999694824219,74.0,71.03718566894531,538384
FRO,FRO.OL,2020-07-30,74.5999984741211,75.44999694824219,71.5,72.8499984741211,69.93321990966797,532971
FRO,FRO.OL,2020-07-31,72.9000015258789,73.69999694824219,72.0,72.4000015258789,69.5012435913086,266289
FRO,FRO.OL,2020-08-03,72.5,73.55000305175781,72.0,73.0,70.07723236083984,362764
FRO,FRO.OL,2020-08-04,72.80000305175781,74.19999694824219,72.44999694824219,73.0,70.07723236083984,609644
FRO,FRO.OL,2020-08-05,74.0,75.44999694824219,73.5999984741211,74.80000305175781,71.8051528930664,476059
FRO,FRO.OL,2020-08-06,74.8499984741211,75.5,73.0,74.8499984741211,71.85316467285156,346113
FRO,FRO.OL,2020-08-07,74.44999694824219,74.44999694824219,72.55000305175781,72.5999984741211,69.69325256347656,336747
FRO,FRO.OL,2020-08-10,74.6500015258789,74.75,73.30000305175781,74.1500015258789,71.18118286132812,383252
FRO,FRO.OL,2020-08-11,74.19999694824219,75.80000305175781,73.80000305175781,75.5999984741211,72.57312774658203,611834
FRO,FRO.OL,2020-08-12,76.0,76.4000015258789,75.05000305175781,76.05000305175781,73.00511169433594,410047
FRO,FRO.OL,2020-08-13,76.3499984741211,77.19999694824219,75.1500015258789,75.55000305175781,72.52513885498047,391180
FRO,FRO.OL,2020-08-14,75.0999984741211,75.19999694824219,73.0,74.30000305175781,71.32518768310547,344721
FRO,FRO.OL,2020-08-17,76.25,77.5,75.5,76.44999694824219,73.38909149169922,378028
FRO,FRO.OL,2020-08-18,76.69999694824219,76.94999694824219,74.94999694824219,75.30000305175781,72.28514099121094,273677
FRO,FRO.OL,2020-08-19,75.5999984741211,75.5999984741211,74.0,74.0,71.03718566894531,339207
FRO,FRO.OL,2020-08-20,73.9000015258789,74.5,72.75,74.0999984741211,71.13318634033203,329786
FRO,FRO.OL,2020-08-21,74.0999984741211,75.0,73.80000305175781,75.0,71.99713897705078,261527
FRO,FRO.OL,2020-08-24,74.05000305175781,75.30000305175781,73.0999984741211,73.6500015258789,70.70121002197266,443830
FRO,FRO.OL,2020-08-25,74.94999694824219,76.25,74.3499984741211,75.55000305175781,72.52513885498047,370271
FRO,FRO.OL,2020-08-26,75.5999984741211,75.8499984741211,73.6500015258789,74.0,71.03718566894531,433136
FRO,FRO.OL,2020-08-27,76.0,76.0,70.0,70.1500015258789,67.34134674072266,934559
FRO,FRO.OL,2020-08-28,71.0,71.0,68.0,68.55000305175781,65.8053970336914,1071557
FRO,FRO.OL,2020-08-31,71.80000305175781,71.80000305175781,69.1500015258789,69.19999694824219,66.42937469482422,393212
FRO,FRO.OL,2020-09-01,69.5,70.44999694824219,68.30000305175781,68.80000305175781,66.04540252685547,427306
FRO,FRO.OL,2020-09-02,68.05000305175781,68.5999984741211,65.55000305175781,65.55000305175781,62.92552185058594,596639
FRO,FRO.OL,2020-09-03,66.1500015258789,66.6500015258789,64.94999694824219,65.0,62.39752960205078,519090
FRO,FRO.OL,2020-09-04,65.0,66.9000015258789,64.5,65.3499984741211,62.73350524902344,403572
FRO,FRO.OL,2020-09-07,67.5,67.75,66.6500015258789,67.69999694824219,64.98944091796875,389953
FRO,FRO.OL,2020-09-08,68.0,68.30000305175781,66.1500015258789,66.94999694824219,64.26946258544922,892359
FRO,FRO.OL,2020-09-09,69.9000015258789,71.6500015258789,69.6500015258789,70.9000015258789,68.06129455566406,975927
FRO,FRO.OL,2020-09-10,66.9000015258789,66.9000015258789,64.55000305175781,65.25,63.0823860168457,999224
FRO,FRO.OL,2020-09-11,66.19999694824219,69.0999984741211,65.30000305175781,69.0999984741211,66.80450439453125,1081679
FRO,FRO.OL,2020-09-14,68.1500015258789,69.3499984741211,67.0999984741211,68.5999984741211,66.32109832763672,660393
FRO,FRO.OL,2020-09-15,70.0,70.0,67.1500015258789,68.1500015258789,65.88603973388672,848420
FRO,FRO.OL,2020-09-16,67.80000305175781,67.80000305175781,66.05000305175781,67.25,65.01595306396484,563332
FRO,FRO.OL,2020-09-17,66.0999984741211,67.44999694824219,66.0,67.3499984741211,65.11263275146484,321809
FRO,FRO.OL,2020-09-18,66.19999694824219,66.94999694824219,65.5999984741211,66.0,63.80746841430664,476585
FRO,FRO.OL,2020-09-21,65.8499984741211,65.8499984741211,62.5,62.5,60.423744201660156,669181
FRO,FRO.OL,2020-09-22,61.95000076293945,62.79999923706055,61.75,62.099998474121094,60.03703308105469,488736
FRO,FRO.OL,2020-09-23,62.25,62.599998474121094,60.29999923706055,60.29999923706055,58.29683303833008,449127
FRO,FRO.OL,2020-09-24,60.0,60.5,58.75,59.29999923706055,57.33005142211914,713096
FRO,FRO.OL,2020-09-25,61.0,63.150001525878906,60.45000076293945,62.650001525878906,60.568763732910156,547717
FRO,FRO.OL,2020-09-28,61.599998474121094,62.70000076293945,60.54999923706055,60.849998474121094,58.82855224609375,475535
FRO,FRO.OL,2020-09-29,61.0,61.25,59.849998474121094,61.04999923706055,59.021915435791016,326195
FRO,FRO.OL,2020-09-30,60.0,62.20000076293945,59.5,61.849998474121094,59.79533386230469,456156
FRO,FRO.OL,2020-10-01,61.0,61.75,60.599998474121094,60.70000076293945,58.68354415893555,287262
FRO,FRO.OL,2020-10-02,60.099998474121094,61.79999923706055,59.79999923706055,60.400001525878906,58.39350891113281,391395
FRO,FRO.OL,2020-10-05,60.599998474121094,62.25,60.599998474121094,62.0,59.94034957885742,481928
FRO,FRO.OL,2020-10-06,62.0,63.54999923706055,61.95000076293945,62.5,60.423744201660156,336175
FRO,FRO.OL,2020-10-07,61.70000076293945,62.400001525878906,60.29999923706055,60.5,58.490177154541016,490257
FRO,FRO.OL,2020-10-08,61.650001525878906,62.599998474121094,60.900001525878906,62.5,60.423744201660156,444344
FRO,FRO.OL,2020-10-09,63.29999923706055,64.1500015258789,62.349998474121094,62.349998474121094,60.27872848510742,456230
FRO,FRO.OL,2020-10-12,63.0,63.0,60.70000076293945,61.599998474121094,59.55363845825195,421060
FRO,FRO.OL,2020-10-13,61.599998474121094,62.79999923706055,61.349998474121094,61.79999923706055,59.74700164794922,382129
FRO,FRO.OL,2020-10-14,61.900001525878906,62.95000076293945,60.849998474121094,62.650001525878906,60.568763732910156,409893
FRO,FRO.OL,2020-10-15,62.900001525878906,63.25,61.75,62.650001525878906,60.568763732910156,240383
FRO,FRO.OL,2020-10-16,62.5,63.5,62.400001525878906,62.5,60.423744201660156,338052
FRO,FRO.OL,2020-10-19,62.0,63.900001525878906,61.70000076293945,62.95000076293945,60.85879135131836,332605
FRO,FRO.OL,2020-10-20,61.70000076293945,62.150001525878906,60.79999923706055,60.79999923706055,58.78022003173828,397851
FRO,FRO.OL,2020-10-21,60.900001525878906,61.20000076293945,57.70000076293945,57.75,55.83153533935547,692112
FRO,FRO.OL,2020-10-22,57.75,59.349998474121094,56.900001525878906,58.900001525878906,56.943336486816406,345719
FRO,FRO.OL,2020-10-23,58.599998474121094,59.349998474121094,57.5,58.0,56.07323455810547,374787
FRO,FRO.OL,2020-10-26,57.400001525878906,57.400001525878906,55.400001525878906,55.45000076293945,53.60794448852539,414187
FRO,FRO.OL,2020-10-27,55.70000076293945,56.599998474121094,55.099998474121094,55.95000076293945,54.091339111328125,312569
FRO,FRO.OL,2020-10-28,54.54999923706055,55.25,51.900001525878906,51.900001525878906,50.175880432128906,722356
FRO,FRO.OL,2020-10-29,52.0,53.45000076293945,51.099998474121094,53.0,51.23933410644531,773143
FRO,FRO.OL,2020-10-30,53.5,54.29999923706055,52.0,52.45000076293945,50.707611083984375,397947
FRO,FRO.OL,2020-11-02,52.25,54.70000076293945,52.150001525878906,54.0,52.20611572265625,630946
FRO,FRO.OL,2020-11-03,54.5,54.5,52.70000076293945,52.79999923706055,51.045982360839844,358303
FRO,FRO.OL,2020-11-04,53.95000076293945,53.95000076293945,51.29999923706055,52.5,50.755950927734375,346368
FRO,FRO.OL,2020-11-05,52.849998474121094,53.099998474121094,51.5,52.099998474121094,50.369239807128906,400015
FRO,FRO.OL,2020-11-06,52.0,53.45000076293945,51.54999923706055,52.70000076293945,50.949302673339844,415776
FRO,FRO.OL,2020-11-09,53.400001525878906,56.45000076293945,52.099998474121094,56.150001525878906,54.284690856933594,806083
FRO,FRO.OL,2020-11-10,56.20000076293945,58.25,55.54999923706055,57.650001525878906,55.734867095947266,406649
FRO,FRO.OL,2020-11-11,59.650001525878906,59.900001525878906,58.0,59.900001525878906,57.91011047363281,588889
FRO,FRO.OL,2020-11-12,59.650001525878906,59.650001525878906,57.900001525878906,58.5,56.5566291809082,491234
FRO,FRO.OL,2020-11-13,56.54999923706055,58.099998474121094,55.900001525878906,57.79999923706055,55.879878997802734,308355
FRO,FRO.OL,2020-11-16,58.25,60.45000076293945,57.95000076293945,60.25,58.24849319458008,518590
FRO,FRO.OL,2020-11-17,60.75,60.95000076293945,59.54999923706055,59.95000076293945,57.958457946777344,443042
FRO,FRO.OL,2020-11-18,60.20000076293945,61.70000076293945,59.54999923706055,61.54999923706055,59.50529861450195,418736
FRO,FRO.OL,2020-11-19,61.400001525878906,61.400001525878906,59.75,60.75,58.73188018798828,350957
FRO,FRO.OL,2020-11-20,61.150001525878906,62.04999923706055,60.75,61.45000076293945,59.40861892700195,459361
FRO,FRO.OL,2020-11-23,61.95000076293945,64.0,61.95000076293945,64.0,61.873924255371094,585953
FRO,FRO.OL,2020-11-24,65.0,67.3499984741211,64.8499984741211,65.69999694824219,63.51744079589844,1039316
FRO,FRO.OL,2020-11-25,62.79999923706055,62.79999923706055,58.54999923706055,60.0,58.00680160522461,2124986
FRO,FRO.OL,2020-11-26,58.79999923706055,59.45000076293945,56.900001525878906,59.0,57.04001235961914,1228692
FRO,FRO.OL,2020-11-27,59.0,59.79999923706055,57.849998474121094,59.150001525878906,57.185035705566406,677502
FRO,FRO.OL,2020-11-30,58.849998474121094,58.849998474121094,56.20000076293945,56.25,54.381370544433594,695523
FRO,FRO.OL,2020-12-01,56.25,56.75,55.599998474121094,55.650001525878906,53.80130386352539,444784
FRO,FRO.OL,2020-12-02,54.150001525878906,55.099998474121094,53.599998474121094,54.29999923706055,52.49614334106445,511823
FRO,FRO.OL,2020-12-03,54.25,55.29999923706055,53.400001525878906,54.349998474121094,52.544490814208984,901833
FRO,FRO.OL,2020-12-04,55.0,59.29999923706055,55.0,59.29999923706055,57.33005142211914,2102120
FRO,FRO.OL,2020-12-07,58.95000076293945,59.75,57.0,57.349998474121094,55.44483184814453,1030374
FRO,FRO.OL,2020-12-08,57.650001525878906,59.349998474121094,57.29999923706055,58.0,56.07323455810547,745314
FRO,FRO.OL,2020-12-09,58.5,58.5,57.20000076293945,57.849998474121094,55.92822265625,648876
FRO,FRO.OL,2020-12-10,57.95000076293945,59.29999923706055,57.400001525878906,59.29999923706055,57.33005142211914,900433
FRO,FRO.OL,2020-12-11,59.349998474121094,61.79999923706055,59.349998474121094,60.349998474121094,58.34517288208008,1238883
FRO,FRO.OL,2020-12-14,61.0,61.29999923706055,59.0,59.75,57.76510238647461,917505
FRO,FRO.OL,2020-12-15,58.29999923706055,59.25,58.20000076293945,58.400001525878906,56.45995330810547,590007
FRO,FRO.OL,2020-12-16,58.54999923706055,59.70000076293945,58.25,59.70000076293945,57.71676254272461,909131
FRO,FRO.OL,2020-12-17,60.0,60.25,57.099998474121094,57.29999923706055,55.39649200439453,1111713
FRO,FRO.OL,2020-12-18,57.5,57.849998474121094,56.79999923706055,57.0,55.10646057128906,784036
FRO,FRO.OL,2020-12-21,55.04999923706055,56.0,53.900001525878906,54.0,52.20611572265625,1017679
FRO,FRO.OL,2020-12-22,54.54999923706055,55.849998474121094,54.150001525878906,54.45000076293945,52.64116287231445,670737
FRO,FRO.OL,2020-12-23,54.150001525878906,55.29999923706055,54.04999923706055,55.099998474121094,53.269569396972656,643385
FRO,FRO.OL,2020-12-28,55.099998474121094,55.5,54.599998474121094,55.0,53.17289733886719,483269
FRO,FRO.OL,2020-12-29,54.79999923706055,55.25,53.70000076293945,54.04999923706055,52.254451751708984,1094202
FRO,FRO.OL,2020-12-30,54.04999923706055,54.70000076293945,53.75,54.29999923706055,52.49614334106445,604636
FRO,FRO.OL,2021-01-04,54.150001525878906,55.79999923706055,54.0,55.29999923706055,53.462928771972656,1073142
FRO,FRO.OL,2021-01-05,55.25,57.150001525878906,55.150001525878906,55.70000076293945,53.849639892578125,1057249
FRO,FRO.OL,2021-01-06,56.04999923706055,56.04999923706055,53.79999923706055,54.349998474121094,52.544490814208984,1222922
FRO,FRO.OL,2021-01-07,54.5,54.5,53.349998474121094,53.900001525878906,52.10943603515625,903154
FRO,FRO.OL,2021-01-08,54.04999923706055,56.54999923706055,54.04999923706055,56.150001525878906,54.284690856933594,1156360
FRO,FRO.OL,2021-01-11,55.54999923706055,55.900001525878906,54.5,54.54999923706055,52.73784637451172,896472
FRO,FRO.OL,2021-01-12,54.599998474121094,56.400001525878906,54.599998474121094,56.400001525878906,54.52639389038086,686649
FRO,FRO.OL,2021-01-13,56.5,56.70000076293945,55.45000076293945,55.95000076293945,54.091339111328125,493114
FRO,FRO.OL,2021-01-14,54.900001525878906,55.5,54.599998474121094,55.349998474121094,53.511268615722656,433611
FRO,FRO.OL,2021-01-15,53.900001525878906,54.849998474121094,53.20000076293945,53.349998474121094,51.57770538330078,1291820
FRO,FRO.OL,2021-01-18,53.599998474121094,53.75,52.599998474121094,53.45000076293945,51.67438888549805,524530
FRO,FRO.OL,2021-01-19,53.5,53.75,52.599998474121094,52.900001525878906,51.142662048339844,581219
FRO,FRO.OL,2021-01-20,53.20000076293945,54.349998474121094,52.70000076293945,53.04999923706055,51.28767395019531,571807
FRO,FRO.OL,2021-01-21,52.79999923706055,53.0,51.29999923706055,51.29999923706055,49.595802307128906,1107042
FRO,FRO.OL,2021-01-22,51.400001525878906,52.25,51.099998474121094,51.45000076293945,49.74082946777344,402485
FRO,FRO.OL,2021-01-25,51.70000076293945,52.349998474121094,50.25,50.650001525878906,48.9674072265625,1215141
FRO,FRO.OL,2021-01-26,50.349998474121094,51.900001525878906,50.04999923706055,51.650001525878906,49.93418884277344,491045
FRO,FRO.OL,2021-01-27,51.20000076293945,51.79999923706055,50.54999923706055,50.75,49.064083099365234,428874
FRO,FRO.OL,2021-01-28,50.45000076293945,51.150001525878906,49.779998779296875,49.959999084472656,48.300323486328125,857304
FRO,FRO.OL,2021-01-29,49.599998474121094,50.20000076293945,48.81999969482422,50.0,48.338993072509766,737564
FRO,FRO.OL,2021-02-01,49.599998474121094,51.45000076293945,49.459999084472656,50.95000076293945,49.25743865966797,596148
FRO,FRO.OL,2021-02-02,51.099998474121094,52.0,50.70000076293945,51.900001525878906,50.175880432128906,587729
FRO,FRO.OL,2021-02-03,52.20000076293945,52.95000076293945,51.900001525878906,52.900001525878906,51.142662048339844,463777
FRO,FRO.OL,2021-02-04,53.04999923706055,54.54999923706055,53.0,53.5,51.72272872924805,593646
FRO,FRO.OL,2021-02-05,54.79999923706055,57.75,54.349998474121094,55.45000076293945,53.60794448852539,1726809
FRO,FRO.OL,2021-02-08,57.0,57.349998474121094,55.29999923706055,57.0,55.10646057128906,849836
FRO,FRO.OL,2021-02-09,57.0,57.650001525878906,55.599998474121094,56.0,54.13967514038086,865959
FRO,FRO.OL,2021-02-10,56.45000076293945,57.45000076293945,55.79999923706055,56.900001525878906,55.00978088378906,802338
FRO,FRO.OL,2021-02-11,58.0,58.900001525878906,57.099998474121094,57.25,55.3481559753418,601379
FRO,FRO.OL,2021-02-12,57.45000076293945,58.599998474121094,57.150001525878906,58.599998474121094,56.6533088684082,484211
FRO,FRO.OL,2021-02-15,59.95000076293945,61.150001525878906,59.400001525878906,61.099998474121094,59.07025909423828,747731
FRO,FRO.OL,2021-02-16,62.29999923706055,65.55000305175781,62.099998474121094,63.849998474121094,61.72890090942383,2074493
FRO,FRO.OL,2021-02-17,64.30000305175781,65.5,63.45000076293945,65.05000305175781,62.88904571533203,1316824
FRO,FRO.OL,2021-02-18,64.80000305175781,64.80000305175781,61.150001525878906,61.150001525878906,59.11860275268555,1343101
FRO,FRO.OL,2021-02-19,61.099998474121094,63.400001525878906,61.099998474121094,62.150001525878906,60.08536911010742,1069406
FRO,FRO.OL,2021-02-22,63.900001525878906,63.900001525878906,60.599998474121094,61.95000076293945,59.89201736450195,856344
FRO,FRO.OL,2021-02-23,61.5,61.599998474121094,58.599998474121094,60.650001525878906,58.63521194458008,1021189
FRO,FRO.OL,2021-02-24,59.099998474121094,59.70000076293945,58.150001525878906,59.45000076293945,57.47507095336914,871019
FRO,FRO.OL,2021-02-25,58.599998474121094,60.349998474121094,58.349998474121094,60.349998474121094,58.34517288208008,627773
FRO,FRO.OL,2021-02-26,59.900001525878906,60.20000076293945,58.04999923706055,58.599998474121094,56.6533088684082,728108
FRO,FRO.OL,2021-03-01,58.70000076293945,60.400001525878906,58.54999923706055,60.400001525878906,58.39350891113281,672640
FRO,FRO.OL,2021-03-02,59.900001525878906,61.25,59.04999923706055,61.20000076293945,59.16693878173828,640197
FRO,FRO.OL,2021-03-03,61.29999923706055,62.25,60.5,61.5,59.456966400146484,617783
FRO,FRO.OL,2021-03-04,61.849998474121094,62.45000076293945,60.900001525878906,61.70000076293945,59.65032958984375,785768
FRO,FRO.OL,2021-03-05,60.54999923706055,60.54999923706055,57.95000076293945,58.5,56.5566291809082,1111558
FRO,FRO.OL,2021-03-08,59.599998474121094,60.25,59.04999923706055,59.75,57.76510238647461,726376
FRO,FRO.OL,2021-03-09,60.04999923706055,60.900001525878906,59.349998474121094,60.75,58.73188018798828,629235
FRO,FRO.OL,2021-03-10,60.5,60.95000076293945,59.29999923706055,60.70000076293945,58.68354415893555,434138
FRO,FRO.OL,2021-03-11,62.5,65.3499984741211,61.75,64.69999694824219,62.55065155029297,1595061
FRO,FRO.OL,2021-03-12,64.5,64.9000015258789,63.0,64.4000015258789,62.26062774658203,1025338
FRO,FRO.OL,2021-03-15,64.4000015258789,66.80000305175781,64.0999984741211,66.5,64.2908706665039,851018
FRO,FRO.OL,2021-03-16,67.5999984741211,68.25,65.6500015258789,66.4000015258789,64.1941909790039,1301724
FRO,FRO.OL,2021-03-17,65.75,66.1500015258789,62.75,64.19999694824219,62.067264556884766,886865
FRO,FRO.OL,2021-03-18,64.9000015258789,69.4000015258789,64.44999694824219,68.3499984741211,66.07940673828125,1364567
FRO,FRO.OL,2021-03-19,65.9000015258789,67.30000305175781,64.5999984741211,66.19999694824219,64.00083923339844,2050664
FRO,FRO.OL,2021-03-22,66.5,67.80000305175781,65.80000305175781,66.5,64.2908706665039,537491
FRO,FRO.OL,2021-03-23,67.0999984741211,67.0999984741211,63.650001525878906,64.3499984741211,62.2122802734375,582420
FRO,FRO.OL,2021-03-24,63.5,65.94999694824219,63.0,65.55000305175781,63.3724365234375,755758
FRO,FRO.OL,2021-03-25,66.19999694824219,66.4000015258789,62.54999923706055,63.70000076293945,61.58387756347656,1356615
FRO,FRO.OL,2021-03-26,66.4000015258789,70.80000305175781,65.94999694824219,70.3499984741211,68.0129623413086,2145132
FRO,FRO.OL,2021-03-29,67.55000305175781,67.9000015258789,63.29999923706055,63.29999923706055,61.19717025756836,2724558
FRO,FRO.OL,2021-03-30,63.79999923706055,64.4000015258789,61.650001525878906,61.79999923706055,59.74700164794922,902427
FRO,FRO.OL,2021-03-31,60.95000076293945,62.599998474121094,60.79999923706055,62.599998474121094,60.52042770385742,600224
FRO,FRO.OL,2021-04-06,62.900001525878906,63.91999816894531,62.68000030517578,63.599998474121094,61.48720169067383,625381
FRO,FRO.OL,2021-04-07,63.5,65.37999725341797,62.91999816894531,64.4000015258789,62.26062774658203,560301
FRO,FRO.OL,2021-04-08,65.5199966430664,65.69999694824219,63.900001525878906,64.0,61.873924255371094,735754
FRO,FRO.OL,2021-04-09,64.30000305175781,64.73999786376953,63.79999923706055,64.0,61.873924255371094,384562
FRO,FRO.OL,2021-04-12,62.119998931884766,62.2599983215332,58.060001373291016,58.380001068115234,56.440616607666016,1905596
FRO,FRO.OL,2021-04-13,58.36000061035156,58.36000061035156,56.5,56.70000076293945,54.81642532348633,1614250
FRO,FRO.OL,2021-04-14,57.0,58.380001068115234,56.619998931884766,58.15999984741211,56.22792053222656,901858
FRO,FRO.OL,2021-04-15,58.52000045776367,60.380001068115234,58.29999923706055,60.060001373291016,58.06480026245117,1002967
FRO,FRO.OL,2021-04-16,58.29999923706055,59.47999954223633,58.0,58.52000045776367,56.575965881347656,650623
FRO,FRO.OL,2021-04-19,59.41999816894531,61.7400016784668,59.400001525878906,60.81999969482422,58.79955291748047,904410
FRO,FRO.OL,2021-04-20,61.15999984741211,63.880001068115234,60.79999923706055,61.099998474121094,59.07025909423828,1179717
FRO,FRO.OL,2021-04-21,60.86000061035156,61.41999816894531,59.619998931884766,61.41999816894531,59.37962341308594,621692
FRO,FRO.OL,2021-04-22,61.5,63.0,61.5,62.29999923706055,60.23038864135742,669842
FRO,FRO.OL,2021-04-23,62.2400016784668,62.400001525878906,61.18000030517578,62.0,59.94034957885742,377048
FRO,FRO.OL,2021-04-26,61.81999969482422,62.0,60.47999954223633,60.47999954223633,58.470855712890625,615472
FRO,FRO.OL,2021-04-27,60.779998779296875,61.779998779296875,60.5,60.79999923706055,58.78022003173828,466982
FRO,FRO.OL,2021-04-28,60.0,61.540000915527344,59.52000045776367,61.2400016784668,59.205604553222656,976796
FRO,FRO.OL,2021-04-29,61.599998474121094,64.72000122070312,61.599998474121094,63.68000030517578,61.564544677734375,1333464
FRO,FRO.OL,2021-04-30,63.959999084472656,64.77999877929688,62.86000061035156,63.7599983215332,61.64188766479492,708099
FRO,FRO.OL,2021-05-03,63.5,65.4800033569336,63.2599983215332,64.95999908447266,62.80201721191406,912103
FRO,FRO.OL,2021-05-04,65.94000244140625,66.87999725341797,65.19999694824219,65.58000183105469,63.40144348144531,1104883
FRO,FRO.OL,2021-05-05,65.45999908447266,66.5,65.0999984741211,66.08000183105469,63.88481903076172,781986
FRO,FRO.OL,2021-05-06,66.30000305175781,66.55999755859375,63.29999923706055,63.91999816894531,61.796573638916016,1126398
FRO,FRO.OL,2021-05-07,64.80000305175781,66.27999877929688,64.37999725341797,65.30000305175781,63.1307373046875,902648
FRO,FRO.OL,2021-05-10,65.95999908447266,67.95999908447266,65.91999816894531,67.5,65.25763702392578,1147581
FRO,FRO.OL,2021-05-11,66.36000061035156,66.37999725341797,64.05999755859375,65.05999755859375,62.8986930847168,816409
FRO,FRO.OL,2021-05-12,65.05999755859375,65.5,64.18000030517578,65.5,63.324073791503906,652275
FRO,FRO.OL,2021-05-14,65.0999984741211,65.5,63.79999923706055,64.80000305175781,62.6473388671875,774911
FRO,FRO.OL,2021-05-18,65.08000183105469,67.36000061035156,65.08000183105469,66.13999938964844,63.94282531738281,1352343
FRO,FRO.OL,2021-05-19,66.58000183105469,69.45999908447266,66.4000015258789,67.72000122070312,65.47034454345703,1525568
FRO,FRO.OL,2021-05-20,68.5,69.63999938964844,68.0999984741211,69.36000061035156,67.05585479736328,1101216
FRO,FRO.OL,2021-05-21,70.0,74.80000305175781,70.0,73.91999816894531,71.46437072753906,1982825
FRO,FRO.OL,2021-05-25,75.45999908447266,75.5,72.0199966430664,72.30000305175781,69.89820098876953,1731833
FRO,FRO.OL,2021-05-26,73.0,73.0,70.0999984741211,71.04000091552734,68.6800537109375,613151
FRO,FRO.OL,2021-05-27,72.4000015258789,73.55999755859375,69.13999938964844,69.44000244140625,67.1332015991211,1012581
FRO,FRO.OL,2021-05-28,69.0,70.87999725341797,68.54000091552734,70.77999877929688,68.4286880493164,787957
FRO,FRO.OL,2021-05-31,71.22000122070312,72.5999984741211,70.86000061035156,71.80000305175781,69.414794921875,600941
FRO,FRO.OL,2021-06-01,72.62000274658203,73.5,71.33999633789062,73.13999938964844,70.71028137207031,954762
FRO,FRO.OL,2021-06-02,73.30000305175781,73.69999694824219,72.23999786376953,72.68000030517578,70.26557159423828,365517
FRO,FRO.OL,2021-06-03,71.22000122070312,71.81999969482422,69.87999725341797,70.54000091552734,68.19664764404297,823570
FRO,FRO.OL,2021-06-04,70.31999969482422,70.9800033569336,69.36000061035156,70.77999877929688,68.4286880493164,479826
FRO,FRO.OL,2021-06-07,69.9800033569336,70.62000274658203,68.81999969482422,70.30000305175781,67.96463012695312,470353
FRO,FRO.OL,2021-06-08,70.19999694824219,71.26000213623047,69.69999694824219,70.55999755859375,68.2159652709961,276685
FRO,FRO.OL,2021-06-09,71.19999694824219,71.19999694824219,69.30000305175781,69.91999816894531,67.59724426269531,310510
FRO,FRO.OL,2021-06-10,70.16000366210938,71.95999908447266,69.5999984741211,71.41999816894531,69.04743194580078,403571
FRO,FRO.OL,2021-06-11,71.94000244140625,73.9800033569336,71.73999786376953,73.4800033569336,71.03899383544922,677535
FRO,FRO.OL,2021-06-14,73.83999633789062,74.0999984741211,72.69999694824219,73.08000183105469,70.65227508544922,284467
FRO,FRO.OL,2021-06-15,73.0999984741211,73.31999969482422,71.41999816894531,71.55999755859375,69.18276977539062,386631
FRO,FRO.OL,2021-06-16,71.62000274658203,72.63999938964844,71.18000030517578,72.4000015258789,69.994873046875,460853
FRO,FRO.OL,2021-06-17,73.80000305175781,73.9800033569336,72.30000305175781,72.9800033569336,70.55561065673828,535854
FRO,FRO.OL,2021-06-18,72.9800033569336,73.0,70.86000061035156,71.55999755859375,69.18276977539062,891744
FRO,FRO.OL,2021-06-21,70.5999984741211,72.94000244140625,69.33999633789062,72.94000244140625,70.51692962646484,473097
FRO,FRO.OL,2021-06-22,72.9000015258789,73.5,72.19999694824219,72.58000183105469,70.16888427734375,314648
FRO,FRO.OL,2021-06-23,72.5999984741211,75.0,72.5199966430664,74.73999786376953,72.25713348388672,829109
FRO,FRO.OL,2021-06-24,74.5,74.94000244140625,73.81999969482422,74.04000091552734,71.58039855957031,296324
FRO,FRO.OL,2021-06-25,73.80000305175781,76.62000274658203,73.80000305175781,75.86000061035156,73.33993530273438,1070754
FRO,FRO.OL,2021-06-28,75.5,76.41999816894531,73.91999816894531,73.91999816894531,71.46437072753906,457938
FRO,FRO.OL,2021-06-29,74.0,74.30000305175781,73.0,73.5999984741211,71.15499877929688,546685
FRO,FRO.OL,2021-06-30,73.27999877929688,78.19999694824219,73.27999877929688,77.72000122070312,75.13813781738281,946974
FRO,FRO.OL,2021-07-01,78.30000305175781,78.91999816894531,76.0999984741211,76.19999694824219,73.66861724853516,830428
FRO,FRO.OL,2021-07-02,75.9000015258789,78.9000015258789,75.69999694824219,77.44000244140625,74.86743927001953,833339
FRO,FRO.OL,2021-07-05,77.91999816894531,81.80000305175781,77.69999694824219,81.36000061035156,78.65723419189453,1175284
FRO,FRO.OL,2021-07-06,81.5199966430664,81.5999984741211,77.83999633789062,77.83999633789062,75.25414276123047,1014587
FRO,FRO.OL,2021-07-07,77.26000213623047,80.13999938964844,77.19999694824219,77.80000305175781,75.21546936035156,760751
FRO,FRO.OL,2021-07-08,76.54000091552734,76.80000305175781,74.31999969482422,74.5,72.02510070800781,661087
FRO,FRO.OL,2021-07-09,75.4000015258789,75.9000015258789,74.66000366210938,75.0,72.50849151611328,363954
FRO,FRO.OL,2021-07-12,75.31999969482422,75.44000244140625,73.86000061035156,74.68000030517578,72.19911193847656,364912
FRO,FRO.OL,2021-07-13,74.62000274658203,75.26000213623047,73.41999816894531,73.41999816894531,70.98098754882812,299185
FRO,FRO.OL,2021-07-14,71.9000015258789,75.33999633789062,71.62000274658203,74.05999755859375,71.59972381591797,907806
FRO,FRO.OL,2021-07-15,73.41999816894531,73.41999816894531,71.13999938964844,71.9000015258789,69.51148223876953,615420
FRO,FRO.OL,2021-07-16,72.5,73.30000305175781,71.18000030517578,71.18000030517578,68.81539916992188,439941
FRO,FRO.OL,2021-07-19,71.5999984741211,71.69999694824219,68.0199966430664,68.68000030517578,66.39844512939453,846810
FRO,FRO.OL,2021-07-20,68.81999969482422,71.58000183105469,68.81999969482422,70.33999633789062,68.0032958984375,637470
FRO,FRO.OL,2021-07-21,71.19999694824219,72.87999725341797,70.31999969482422,72.58000183105469,70.16888427734375,332907
FRO,FRO.OL,2021-07-22,73.12000274658203,73.86000061035156,71.45999908447266,71.58000183105469,69.20211791992188,368104
FRO,FRO.OL,2021-07-23,71.58000183105469,72.62000274658203,70.9000015258789,70.9800033569336,68.62205505371094,270749
FRO,FRO.OL,2021-07-26,71.0,73.23999786376953,70.33999633789062,73.18000030517578,70.74894714355469,322614
FRO,FRO.OL,2021-07-27,71.26000213623047,72.13999938964844,69.5,69.80000305175781,67.48124694824219,443100
FRO,FRO.OL,2021-07-28,70.05999755859375,70.5999984741211,69.0999984741211,70.41999816894531,68.08065032958984,212993
FRO,FRO.OL,2021-07-29,71.12000274658203,71.5,70.0,70.23999786376953,67.90660858154297,370279
FRO,FRO.OL,2021-07-30,70.08000183105469,71.0,69.31999969482422,70.81999969482422,68.46736145019531,275209
FRO,FRO.OL,2021-08-02,71.0,71.55999755859375,70.08000183105469,70.80000305175781,68.44804382324219,207153
FRO,FRO.OL,2021-08-03,70.30000305175781,70.41999816894531,67.69999694824219,68.31999969482422,66.05039978027344,421707
FRO,FRO.OL,2021-08-04,68.5,68.86000061035156,67.0999984741211,67.80000305175781,65.54768371582031,291310
FRO,FRO.OL,2021-08-05,67.5,67.5,66.16000366210938,66.44000244140625,64.23284912109375,455141
FRO,FRO.OL,2021-08-06,66.9000015258789,67.0,66.0,67.0,64.77426147460938,352122
FRO,FRO.OL,2021-08-09,67.19999694824219,67.19999694824219,64.9800033569336,65.54000091552734,63.362762451171875,427668
FRO,FRO.OL,2021-08-10,64.9000015258789,65.30000305175781,62.779998779296875,64.04000091552734,61.9125862121582,568920
FRO,FRO.OL,2021-08-11,64.68000030517578,68.45999908447266,64.44000244140625,67.33999633789062,65.10296630859375,859439
FRO,FRO.OL,2021-08-12,68.0,68.05999755859375,66.22000122070312,66.4000015258789,64.1941909790039,197237
FRO,FRO.OL,2021-08-13,66.0999984741211,66.45999908447266,64.86000061035156,64.95999908447266,62.80201721191406,258038
FRO,FRO.OL,2021-08-16,64.80000305175781,65.73999786376953,63.91999816894531,65.13999938964844,62.97603988647461,294976
FRO,FRO.OL,2021-08-17,65.54000091552734,67.22000122070312,64.0,67.22000122070312,64.98693084716797,366358
FRO,FRO.OL,2021-08-18,67.5,67.81999969482422,66.30000305175781,66.9000015258789,64.67758178710938,290446
FRO,FRO.OL,2021-08-19,67.22000122070312,67.86000061035156,65.80000305175781,67.04000091552734,64.81291198730469,482427
FRO,FRO.OL,2021-08-20,64.80000305175781,66.94000244140625,64.5999984741211,65.55999755859375,63.38210678100586,516570
FRO,FRO.OL,2021-08-23,66.5,66.80000305175781,65.54000091552734,66.05999755859375,63.865474700927734,319842
FRO,FRO.OL,2021-08-24,65.94000244140625,66.91999816894531,65.72000122070312,66.30000305175781,64.09750366210938,216785
FRO,FRO.OL,2021-08-25,66.30000305175781,66.91999816894531,65.9000015258789,66.58000183105469,64.36820220947266,196454
FRO,FRO.OL,2021-08-26,64.80000305175781,68.04000091552734,63.099998474121094,67.55999755859375,65.31565856933594,932377
FRO,FRO.OL,2021-08-27,67.5999984741211,67.5999984741211,63.900001525878906,64.4000015258789,62.26062774658203,1192750
FRO,FRO.OL,2021-08-30,64.62000274658203,65.5999984741211,63.119998931884766,63.13999938964844,61.042484283447266,927897
FRO,FRO.OL,2021-08-31,63.0,63.84000015258789,61.20000076293945,61.459999084472656,59.418296813964844,832032
FRO,FRO.OL,2021-09-01,62.29999923706055,66.31999969482422,62.20000076293945,65.68000030517578,63.498104095458984,937689
FRO,FRO.OL,2021-09-02,66.05999755859375,68.83999633789062,65.9000015258789,68.5999984741211,66.32109832763672,752416
FRO,FRO.OL,2021-09-03,68.30000305175781,68.30000305175781,66.0999984741211,66.0999984741211,63.904151916503906,580318
FRO,FRO.OL,2021-09-06,66.58000183105469,67.58000183105469,65.80000305175781,67.37999725341797,65.1416244506836,251326
FRO,FRO.OL,2021-09-07,66.80000305175781,70.81999969482422,66.80000305175781,70.04000091552734,67.7132797241211,866414
FRO,FRO.OL,2021-09-08,68.5,70.0,67.18000030517578,67.18000030517578,64.94828033447266,719895
FRO,FRO.OL,2021-09-09,68.19999694824219,72.22000122070312,67.63999938964844,71.5,69.12477111816406,1437597
FRO,FRO.OL,2021-09-10,71.26000213623047,71.26000213623047,68.62000274658203,68.68000030517578,66.39844512939453,678119
FRO,FRO.OL,2021-09-13,68.5,68.95999908447266,67.4000015258789,68.0,65.74105072021484,613319
FRO,FRO.OL,2021-09-14,68.45999908447266,69.16000366210938,66.5999984741211,67.0,64.77426147460938,1312751
FRO,FRO.OL,2021-09-15,66.77999877929688,69.27999877929688,66.62000274658203,68.9000015258789,66.61112976074219,788877
FRO,FRO.OL,2021-09-16,68.26000213623047,70.55999755859375,68.19999694824219,69.05999755859375,66.76582336425781,1100102
FRO,FRO.OL,2021-09-17,69.55999755859375,71.83999633789062,69.27999877929688,70.05999755859375,67.73259735107422,1760231
FRO,FRO.OL,2021-09-20,69.0199966430664,69.0199966430664,65.0999984741211,65.69999694824219,63.51744079589844,1051963
FRO,FRO.OL,2021-09-21,66.94000244140625,68.5,65.0199966430664,67.81999969482422,65.56700897216797,1628341
FRO,FRO.OL,2021-09-22,68.94000244140625,71.58000183105469,68.54000091552734,71.31999969482422,68.95072174072266,1542593
FRO,FRO.OL,2021-09-23,72.0,72.91999816894531,69.55999755859375,69.62000274658203,67.30722045898438,1064088
FRO,FRO.OL,2021-09-24,70.0,72.41999816894531,69.16000366210938,72.41999816894531,70.01419067382812,946286
FRO,FRO.OL,2021-09-27,73.5,78.58000183105469,73.5,78.31999969482422,75.71822357177734,2661688
FRO,FRO.OL,2021-09-28,77.95999908447266,78.30000305175781,74.55999755859375,75.0,72.50849151611328,1585075
FRO,FRO.OL,2021-09-29,75.63999938964844,78.5,74.5199966430664,78.5,75.8922348022461,1282097
FRO,FRO.OL,2021-09-30,79.5199966430664,81.08000183105469,79.0199966430664,79.80000305175781,77.14903259277344,1464453
FRO,FRO.OL,2021-10-01,80.13999938964844,85.0999984741211,79.0,84.80000305175781,81.9829330444336,2139352
FRO,FRO.OL,2021-10-04,85.0,85.0,79.86000061035156,80.16000366210938,77.49707794189453,1794313
FRO,FRO.OL,2021-10-05,79.05999755859375,80.37999725341797,77.30000305175781,80.30000305175781,77.63243865966797,1282648
FRO,FRO.OL,2021-10-06,81.04000091552734,81.44000244140625,77.91999816894531,78.72000122070312,76.10491943359375,1157218
FRO,FRO.OL,2021-10-07,80.0,80.72000122070312,77.83999633789062,78.44000244140625,75.83421325683594,928082
FRO,FRO.OL,2021-10-08,79.5,80.41999816894531,77.22000122070312,78.45999908447266,75.85354614257812,764632
FRO,FRO.OL,2021-10-11,76.30000305175781,78.4800033569336,76.0,78.0,75.4088363647461,794670
FRO,FRO.OL,2021-10-12,77.69999694824219,78.26000213623047,76.5,77.37999725341797,74.80943298339844,797437
FRO,FRO.OL,2021-10-13,77.5,77.5,73.41999816894531,74.04000091552734,71.58039855957031,1475109
FRO,FRO.OL,2021-10-14,74.4000015258789,77.4800033569336,74.4000015258789,76.5,73.95867156982422,1271044
FRO,FRO.OL,2021-10-15,76.0,77.27999877929688,74.77999877929688,76.5999984741211,74.05533599853516,977488
FRO,FRO.OL,2021-10-18,77.12000274658203,78.04000091552734,75.76000213623047,77.91999816894531,75.33148193359375,859715
FRO,FRO.OL,2021-10-19,79.80000305175781,82.36000061035156,78.77999877929688,80.69999694824219,78.0191421508789,2101909
FRO,FRO.OL,2021-10-20,81.0,81.37999725341797,78.0,78.69999694824219,76.08555603027344,1323218
FRO,FRO.OL,2021-10-21,79.0,80.91999816894531,78.41999816894531,78.5999984741211,75.98890686035156,828033
FRO,FRO.OL,2021-10-22,77.4000015258789,79.23999786376953,76.80000305175781,77.54000091552734,74.964111328125,959896
FRO,FRO.OL,2021-10-25,77.62000274658203,78.80000305175781,77.31999969482422,77.72000122070312,75.13813781738281,947347
FRO,FRO.OL,2021-10-26,78.9000015258789,79.5999984741211,77.31999969482422,77.63999938964844,75.06078338623047,1144738
FRO,FRO.OL,2021-10-27,77.04000091552734,78.69999694824219,75.0,77.80000305175781,75.21546936035156,1717913
FRO,FRO.OL,2021-10-28,77.12000274658203,77.12000274658203,74.16000366210938,74.36000061035156,71.88975524902344,1255239
FRO,FRO.OL,2021-10-29,75.0,76.80000305175781,74.63999938964844,75.0999984741211,72.60517120361328,664726
FRO,FRO.OL,2021-11-01,76.0199966430664,77.0,74.80000305175781,76.68000030517578,74.13268280029297,757607
FRO,FRO.OL,2021-11-02,76.72000122070312,78.23999786376953,75.80000305175781,76.44000244140625,73.90065002441406,1031433
FRO,FRO.OL,2021-11-03,76.18000030517578,77.31999969482422,75.23999786376953,77.08000183105469,74.51939392089844,601106
FRO,FRO.OL,2021-11-04,77.0999984741211,79.19999694824219,76.54000091552734,77.0,74.44204711914062,1344250
FRO,FRO.OL,2021-11-05,77.0,77.0,73.91999816894531,74.4800033569336,72.00576782226562,819293
FRO,FRO.OL,2021-11-08,74.0999984741211,74.4000015258789,72.0,73.19999694824219,70.76826477050781,1008700
FRO,FRO.OL,2021-11-09,72.26000213623047,73.30000305175781,71.23999786376953,71.69999694824219,69.318115234375,997171
FRO,FRO.OL,2021-11-10,71.83999633789062,73.04000091552734,71.0999984741211,71.62000274658203,69.24076843261719,581935
FRO,FRO.OL,2021-11-11,71.44000244140625,73.9000015258789,70.81999969482422,73.87999725341797,71.42571258544922,827492
FRO,FRO.OL,2021-11-12,74.05999755859375,74.77999877929688,72.22000122070312,72.86000061035156,70.43958282470703,870270
FRO,FRO.OL,2021-11-15,73.23999786376953,73.63999938964844,70.0999984741211,70.4800033569336,68.13865661621094,777913
FRO,FRO.OL,2021-11-16,70.12000274658203,70.26000213623047,67.08000183105469,67.37999725341797,65.1416244506836,1400051
FRO,FRO.OL,2021-11-17,67.44000244140625,68.4000015258789,65.91999816894531,67.13999938964844,64.90959930419922,1093625
FRO,FRO.OL,2021-11-18,66.0999984741211,66.44000244140625,64.87999725341797,65.44000244140625,63.26607894897461,740383
FRO,FRO.OL,2021-11-19,66.0199966430664,66.69999694824219,64.12000274658203,64.58000183105469,62.43463897705078,1186665
FRO,FRO.OL,2021-11-22,65.0,65.5,63.41999816894531,64.63999938964844,62.49265670776367,766815
FRO,FRO.OL,2021-11-23,64.80000305175781,64.80000305175781,61.560001373291016,62.70000076293945,60.61710739135742,1370630
FRO,FRO.OL,2021-11-24,63.02000045776367,64.22000122070312,62.540000915527344,64.22000122070312,62.086605072021484,761306
FRO,FRO.OL,2021-11-25,64.19999694824219,66.0999984741211,63.7599983215332,64.63999938964844,62.49265670776367,616448
FRO,FRO.OL,2021-11-26,62.34000015258789,62.70000076293945,61.060001373291016,61.459999084472656,59.418296813964844,1093085
FRO,FRO.OL,2021-11-29,62.0,63.29999923706055,59.20000076293945,60.52000045776367,58.509517669677734,2083141
FRO,FRO.OL,2021-11-30,58.97999954223633,61.900001525878906,58.599998474121094,60.97999954223633,58.95423889160156,1431642
FRO,FRO.OL,2021-12-01,62.0,64.22000122070312,61.13999938964844,61.41999816894531,59.37962341308594,1542283
FRO,FRO.OL,2021-12-02,59.900001525878906,62.84000015258789,59.36000061035156,62.459999084472656,60.385066986083984,1665661
FRO,FRO.OL,2021-12-03,63.5,63.5,60.720001220703125,61.0,58.97358322143555,829715
FRO,FRO.OL,2021-12-06,61.29999923706055,61.779998779296875,60.18000030517578,61.599998474121094,59.55363845825195,531173
FRO,FRO.OL,2021-12-07,62.939998626708984,65.37999725341797,62.70000076293945,65.0,62.840694427490234,1191388
FRO,FRO.OL,2021-12-08,65.4000015258789,65.4000015258789,63.540000915527344,65.12000274658203,62.95671081542969,715123
FRO,FRO.OL,2021-12-09,65.30000305175781,65.30000305175781,62.79999923706055,63.959999084472656,61.83523941040039,624414
FRO,FRO.OL,2021-12-10,63.099998474121094,64.26000213623047,63.099998474121094,63.29999923706055,61.19717025756836,411727
FRO,FRO.OL,2021-12-13,63.0,64.19999694824219,61.900001525878906,62.34000015258789,60.2690544128418,758436
FRO,FRO.OL,2021-12-14,61.79999923706055,61.900001525878906,59.34000015258789,60.81999969482422,58.79955291748047,1069704
FRO,FRO.OL,2021-12-15,60.31999969482422,61.040000915527344,58.84000015258789,59.0,57.04001235961914,617389
FRO,FRO.OL,2021-12-16,60.099998474121094,61.2400016784668,59.7400016784668,61.13999938964844,59.10892105102539,627483
FRO,FRO.OL,2021-12-17,61.0,61.36000061035156,60.0,60.08000183105469,58.08414077758789,1348038
FRO,FRO.OL,2021-12-20,59.400001525878906,61.2400016784668,58.599998474121094,61.0,58.97358322143555,642131
FRO,FRO.OL,2021-12-21,61.34000015258789,62.0,61.08000183105469,61.880001068115234,59.824344635009766,607667
FRO,FRO.OL,2021-12-22,63.79999923706055,64.95999908447266,62.400001525878906,63.08000183105469,60.984474182128906,2421158
FRO,FRO.OL,2021-12-23,63.880001068115234,64.86000061035156,62.400001525878906,62.959999084472656,60.86846160888672,1551656
FRO,FRO.OL,2021-12-27,63.119998931884766,64.80000305175781,62.79999923706055,63.619998931884766,61.50653076171875,943172
FRO,FRO.OL,2021-12-28,63.099998474121094,64.94000244140625,63.0,64.76000213623047,62.608665466308594,995909
FRO,FRO.OL,2021-12-29,64.0999984741211,64.4000015258789,62.099998474121094,62.18000030517578,60.114376068115234,1089241
FRO,FRO.OL,2021-12-30,62.220001220703125,63.220001220703125,61.5,62.79999923706055,60.713775634765625,859868
FRO,FRO.OL,2022-01-03,64.5999984741211,67.5,64.5,67.41999816894531,65.1802978515625,2830898
FRO,FRO.OL,2022-01-04,68.37999725341797,69.58000183105469,66.73999786376953,66.95999908447266,64.73558807373047,2058089
FRO,FRO.OL,2022-01-05,66.81999969482422,66.87999725341797,65.72000122070312,66.23999786376953,64.03950500488281,1456954
FRO,FRO.OL,2022-01-06,65.0,67.72000122070312,64.5,66.33999633789062,64.13617706298828,1440383
FRO,FRO.OL,2022-01-07,66.0999984741211,67.08000183105469,65.69999694824219,66.33999633789062,64.13617706298828,1096244
FRO,FRO.OL,2022-01-10,65.9000015258789,66.13999938964844,64.19999694824219,64.73999786376953,62.58933639526367,1139244
FRO,FRO.OL,2022-01-11,65.5999984741211,67.66000366210938,65.33999633789062,67.5,65.25763702392578,1142451
FRO,FRO.OL,2022-01-12,68.0,68.54000091552734,67.27999877929688,68.12000274658203,65.8570327758789,1137556
FRO,FRO.OL,2022-01-13,68.13999938964844,68.16000366210938,66.13999938964844,66.19999694824219,64.00083923339844,842765
FRO,FRO.OL,2022-01-14,66.33999633789062,66.66000366210938,64.72000122070312,65.69999694824219,63.51744079589844,807695
FRO,FRO.OL,2022-01-17,65.80000305175781,66.0,63.79999923706055,64.44000244140625,62.29930877685547,698925
FRO,FRO.OL,2022-01-18,64.63999938964844,65.0,63.7400016784668,64.36000061035156,62.22195053100586,757852
FRO,FRO.OL,2022-01-19,64.0,64.04000091552734,62.58000183105469,62.68000030517578,60.5977668762207,1165785
FRO,FRO.OL,2022-01-20,62.400001525878906,62.400001525878906,60.880001068115234,61.2599983215332,59.224937438964844,1128674
FRO,FRO.OL,2022-01-21,60.0,60.36000061035156,57.7400016784668,57.97999954223633,56.053897857666016,1726963
FRO,FRO.OL,2022-01-24,57.439998626708984,57.58000183105469,55.380001068115234,55.619998931884766,53.77229690551758,1675558
FRO,FRO.OL,2022-01-25,57.279998779296875,57.97999954223633,55.779998779296875,57.040000915527344,55.1451301574707,1080648
FRO,FRO.OL,2022-01-26,58.400001525878906,59.779998779296875,57.97999954223633,59.619998931884766,57.63942337036133,852307
FRO,FRO.OL,2022-01-27,58.02000045776367,60.619998931884766,57.599998474121094,59.779998779296875,57.794105529785156,674951
FRO,FRO.OL,2022-01-28,60.2599983215332,60.34000015258789,58.779998779296875,59.400001525878906,57.42672348022461,590621
FRO,FRO.OL,2022-01-31,59.41999816894531,59.70000076293945,57.119998931884766,58.040000915527344,56.11191177368164,766007
FRO,FRO.OL,2022-02-01,57.68000030517578,59.900001525878906,57.099998474121094,59.900001525878906,57.91011047363281,779663
FRO,FRO.OL,2022-02-02,61.599998474121094,62.099998474121094,60.29999923706055,61.13999938964844,59.10892105102539,1018541
FRO,FRO.OL,2022-02-03,60.97999954223633,60.97999954223633,58.20000076293945,58.70000076293945,56.74998474121094,740141
FRO,FRO.OL,2022-02-04,59.400001525878906,60.0,58.599998474121094,60.0,58.00680160522461,860554
FRO,FRO.OL,2022-02-07,61.0,62.2400016784668,59.20000076293945,62.2400016784668,60.17238998413086,894978
FRO,FRO.OL,2022-02-08,62.2400016784668,62.97999954223633,61.52000045776367,62.540000915527344,60.46240997314453,690282
FRO,FRO.OL,2022-02-09,63.0,63.02000045776367,61.52000045776367,62.0,59.94034957885742,464759
FRO,FRO.OL,2022-02-10,62.02000045776367,65.86000061035156,62.02000045776367,65.66000366210938,63.47876739501953,1380546
FRO,FRO.OL,2022-02-11,64.83999633789062,67.4000015258789,64.05999755859375,67.36000061035156,65.1222915649414,862086
FRO,FRO.OL,2022-02-14,67.30000305175781,67.4000015258789,65.5999984741211,66.5999984741211,64.38752746582031,805602
FRO,FRO.OL,2022-02-15,66.54000091552734,67.37999725341797,65.73999786376953,67.08000183105469,64.85160064697266,871337
FRO,FRO.OL,2022-02-16,67.30000305175781,68.86000061035156,66.18000030517578,67.13999938964844,64.90959930419922,916193
FRO,FRO.OL,2022-02-17,66.5,73.4000015258789,66.5,73.12000274658203,70.69094848632812,2587281
FRO,FRO.OL,2022-02-18,73.45999908447266,75.37999725341797,72.22000122070312,73.36000061035156,70.9229736328125,1672822
FRO,FRO.OL,2022-02-21,72.18000030517578,72.81999969482422,70.80000305175781,71.4000015258789,69.02810668945312,940738
FRO,FRO.OL,2022-02-22,69.41999816894531,74.80000305175781,69.12000274658203,74.72000122070312,72.23779296875,1553883
FRO,FRO.OL,2022-02-23,75.0,76.68000030517578,74.16000366210938,75.44000244140625,72.93387603759766,1165263
FRO,FRO.OL,2022-02-24,74.69999694824219,78.72000122070312,74.69999694824219,77.22000122070312,74.65475463867188,2133707
FRO,FRO.OL,2022-02-25,78.76000213623047,80.66000366210938,76.80000305175781,78.0,75.4088363647461,1948236
FRO,FRO.OL,2022-02-28,80.30000305175781,86.08000183105469,80.22000122070312,84.55999755859375,81.75090789794922,3188892
FRO,FRO.OL,2022-03-01,85.0,88.95999908447266,84.37999725341797,85.83999633789062,82.98839569091797,2364935
FRO,FRO.OL,2022-03-02,85.0,86.4000015258789,79.33999633789062,80.05999755859375,77.400390625,3164060
FRO,FRO.OL,2022-03-03,80.0999984741211,83.5999984741211,74.4000015258789,80.0999984741211,77.4390640258789,4299086
FRO,FRO.OL,2022-03-04,80.81999969482422,82.41999816894531,77.4800033569336,81.69999694824219,78.98591613769531,1947106
FRO,FRO.OL,2022-03-07,83.37999725341797,90.0,82.69999694824219,89.30000305175781,86.33345031738281,3736101
FRO,FRO.OL,2022-03-08,91.5,91.77999877929688,83.9000015258789,84.4000015258789,81.59622192382812,2776958
FRO,FRO.OL,2022-03-09,84.05999755859375,84.5,77.9000015258789,77.9000015258789,75.3121566772461,1769363
FRO,FRO.OL,2022-03-10,78.4800033569336,80.08000183105469,77.0999984741211,78.23999786376953,75.64086151123047,1406843
FRO,FRO.OL,2022-03-11,78.30000305175781,78.66000366210938,75.87999725341797,75.87999725341797,73.35926055908203,1143926
FRO,FRO.OL,2022-03-14,75.36000061035156,75.5199966430664,72.5,73.62000274658203,71.1743392944336,1039643
FRO,FRO.OL,2022-03-15,71.86000061035156,74.5199966430664,71.62000274658203,73.0,70.57493591308594,1263425
FRO,FRO.OL,2022-03-16,74.27999877929688,76.62000274658203,74.08000183105469,75.5999984741211,73.08854675292969,1025461
FRO,FRO.OL,2022-03-17,75.80000305175781,77.16000366210938,75.31999969482422,75.9800033569336,73.45594787597656,856736
FRO,FRO.OL,2022-03-18,75.5,76.4000015258789,74.81999969482422,75.12000274658203,72.62452697753906,1037795
FRO,FRO.OL,2022-03-21,75.33999633789062,75.87999725341797,72.44000244140625,75.0,72.50849151611328,1236668
FRO,FRO.OL,2022-03-22,75.0,75.37999725341797,73.54000091552734,74.27999877929688,71.81240844726562,551464
FRO,FRO.OL,2022-03-23,74.27999877929688,75.44000244140625,73.83999633789062,74.83999633789062,72.35379028320312,695748
FRO,FRO.OL,2022-03-24,74.76000213623047,74.76000213623047,72.0,72.0,69.608154296875,1040118
FRO,FRO.OL,2022-03-25,71.5,73.76000213623047,70.62000274658203,73.19999694824219,70.76826477050781,1158854
FRO,FRO.OL,2022-03-28,74.0,77.13999938964844,73.81999969482422,74.62000274658203,72.14112091064453,1286669
FRO,FRO.OL,2022-03-29,74.45999908447266,74.5999984741211,68.66000366210938,70.87999725341797,68.52535247802734,1636330
FRO,FRO.OL,2022-03-30,72.19999694824219,75.5999984741211,71.81999969482422,75.54000091552734,73.03057098388672,1193245
FRO,FRO.OL,2022-03-31,75.0,77.4800033569336,74.62000274658203,77.16000366210938,74.59673309326172,1247109
FRO,FRO.OL,2022-04-01,78.0,81.25,77.19999694824219,80.55000305175781,77.87413024902344,1252195
FRO,FRO.OL,2022-04-04,80.44999694824219,82.25,79.4000015258789,81.9000015258789,79.17926788330078,993453
FRO,FRO.OL,2022-04-05,81.75,83.80000305175781,80.19999694824219,82.1500015258789,79.42098999023438,911754
FRO,FRO.OL,2022-04-06,82.0,84.8499984741211,80.94999694824219,84.30000305175781,81.49954986572266,1205731
FRO,FRO.OL,2022-04-07,85.0,86.0,77.5,78.8499984741211,76.23058319091797,6484130
FRO,FRO.OL,2022-04-08,79.4000015258789,82.9000015258789,79.0999984741211,82.19999694824219,79.46930694580078,2629108
FRO,FRO.OL,2022-04-11,84.30000305175781,85.9000015258789,81.75,83.0999984741211,80.33940124511719,1576863
FRO,FRO.OL,2022-04-12,82.0,83.25,80.19999694824219,81.75,79.03426361083984,1459167
FRO,FRO.OL,2022-04-13,81.94999694824219,83.30000305175781,81.75,82.94999694824219,80.19438171386719,655431
FRO,FRO.OL,2022-04-19,81.5999984741211,84.44999694824219,79.6500015258789,80.4000015258789,77.72911834716797,1092403
FRO,FRO.OL,2022-04-20,80.80000305175781,80.80000305175781,76.80000305175781,77.30000305175781,74.7320785522461,1098095
FRO,FRO.OL,2022-04-21,78.19999694824219,79.5999984741211,77.55000305175781,79.5,76.85900115966797,758548
FRO,FRO.OL,2022-04-22,77.5,79.6500015258789,76.25,78.9000015258789,76.2789306640625,772316
FRO,FRO.OL,2022-04-25,77.0,77.0,74.25,74.9000015258789,72.41181182861328,871675
FRO,FRO.OL,2022-04-26,75.0,75.8499984741211,74.30000305175781,74.75,72.26680755615234,464603
FRO,FRO.OL,2022-04-27,76.55000305175781,79.30000305175781,75.9000015258789,78.4000015258789,75.79553985595703,840416
FRO,FRO.OL,2022-04-28,78.5,80.6500015258789,77.80000305175781,78.05000305175781,75.4571762084961,711821
FRO,FRO.OL,2022-04-29,79.55000305175781,80.1500015258789,78.19999694824219,78.9000015258789,76.2789306640625,632106
FRO,FRO.OL,2022-05-02,78.5,78.8499984741211,76.80000305175781,78.5,75.8922348022461,465754
FRO,FRO.OL,2022-05-03,77.5,81.05000305175781,77.44999694824219,80.75,78.0674819946289,641039
FRO,FRO.OL,2022-05-04,79.5,84.0,79.5,82.44999694824219,79.71101379394531,1474682
FRO,FRO.OL,2022-05-05,82.0,84.0,81.6500015258789,82.5,79.75933074951172,695560
FRO,FRO.OL,2022-05-06,81.30000305175781,84.5999984741211,81.0,83.05000305175781,80.29107666015625,861359
FRO,FRO.OL,2022-05-09,82.69999694824219,82.69999694824219,76.55000305175781,76.6500015258789,74.10369873046875,1074758
FRO,FRO.OL,2022-05-10,74.05000305175781,77.25,73.69999694824219,76.75,74.20036315917969,719679
FRO,FRO.OL,2022-05-11,77.0999984741211,79.3499984741211,76.1500015258789,78.30000305175781,75.69888305664062,677298
FRO,FRO.OL,2022-05-12,77.94999694824219,78.1500015258789,74.25,75.44999694824219,72.94355010986328,765755
FRO,FRO.OL,2022-05-13,77.0,79.5,77.0,79.0,76.37561798095703,688817
FRO,FRO.OL,2022-05-16,79.0,82.94999694824219,78.5,82.8499984741211,80.09773254394531,1174548
FRO,FRO.OL,2022-05-18,83.0,86.25,82.05000305175781,85.44999694824219,82.6113510131836,2099762
FRO,FRO.OL,2022-05-19,83.80000305175781,85.94999694824219,83.6500015258789,85.05000305175781,82.2246322631836,993797
FRO,FRO.OL,2022-05-20,86.0,87.19999694824219,84.5,86.0999984741211,83.23974609375,1186379
FRO,FRO.OL,2022-05-23,88.0,89.19999694824219,83.25,84.30000305175781,81.49954986572266,1314745
FRO,FRO.OL,2022-05-24,87.0,89.6500015258789,86.5999984741211,88.19999694824219,85.2699966430664,2684220
FRO,FRO.OL,2022-05-25,91.44999694824219,97.19999694824219,89.55000305175781,97.0999984741211,93.87431335449219,2973556
FRO,FRO.OL,2022-05-27,102.0999984741211,103.9000015258789,100.0999984741211,103.0,99.5783462524414,2272971
FRO,FRO.OL,2022-05-30,109.80000305175781,109.80000305175781,92.55000305175781,92.75,89.6688232421875,3246006
FRO,FRO.OL,2022-05-31,94.25,95.6500015258789,92.0,93.3499984741211,90.24890899658203,2813954
FRO,FRO.OL,2022-06-01,90.30000305175781,93.0,89.8499984741211,92.19999694824219,89.1371078491211,1506325
FRO,FRO.OL,2022-06-02,94.5,99.0,94.25,97.75,94.50273895263672,2029378
FRO,FRO.OL,2022-06-03,96.0,97.25,95.0,95.44999694824219,92.27914428710938,967923
FRO,FRO.OL,2022-06-07,95.75,97.44999694824219,94.05000305175781,96.80000305175781,93.58429718017578,1090297
FRO,FRO.OL,2022-06-08,97.5,97.75,92.30000305175781,93.19999694824219,90.1038818359375,985325
FRO,FRO.OL,2022-06-09,93.19999694824219,93.3499984741211,89.30000305175781,91.4000015258789,88.36368560791016,1037916
FRO,FRO.OL,2022-06-10,89.4000015258789,91.5,86.19999694824219,90.19999694824219,87.20352935791016,1401574
FRO,FRO.OL,2022-06-13,89.0,91.75,85.6500015258789,86.05000305175781,83.19142150878906,1051922
FRO,FRO.OL,2022-06-14,86.5,89.1500015258789,85.05000305175781,88.3499984741211,85.41500854492188,891424
FRO,FRO.OL,2022-06-15,87.25,88.75,86.0,87.05000305175781,84.15819549560547,606878
FRO,FRO.OL,2022-06-16,86.4000015258789,88.19999694824219,85.1500015258789,85.6500015258789,82.80470275878906,768440
FRO,FRO.OL,2022-06-17,85.0,88.0999984741211,84.44999694824219,85.5999984741211,82.75634765625,1122031
FRO,FRO.OL,2022-06-20,84.8499984741211,85.44999694824219,84.0,84.75,81.93460845947266,345211
FRO,FRO.OL,2022-06-21,85.0999984741211,88.55000305175781,84.80000305175781,88.3499984741211,85.41500854492188,927503
FRO,FRO.OL,2022-06-22,88.0,90.19999694824219,85.69999694824219,87.0,84.10985565185547,810782
FRO,FRO.OL,2022-06-23,86.30000305175781,89.8499984741211,84.30000305175781,88.5,85.56002044677734,941549
FRO,FRO.OL,2022-06-24,87.4000015258789,88.4000015258789,86.19999694824219,86.69999694824219,83.81982421875,591156
FRO,FRO.OL,2022-06-27,90.0,93.0,89.80000305175781,92.8499984741211,89.76549530029297,1107010
FRO,FRO.OL,2022-06-28,92.5999984741211,93.8499984741211,91.30000305175781,91.9000015258789,88.84707641601562,607556
FRO,FRO.OL,2022-06-29,91.0,94.5999984741211,90.8499984741211,92.8499984741211,89.76549530029297,690324
FRO,FRO.OL,2022-06-30,90.19999694824219,92.0,88.0999984741211,88.0999984741211,85.17332458496094,850089
FRO,FRO.OL,2022-07-01,88.0,88.1500015258789,83.94999694824219,85.75,82.90137481689453,1391379
FRO,FRO.OL,2022-07-04,89.5999984741211,90.3499984741211,87.05000305175781,87.9000015258789,84.97996520996094,467670
FRO,FRO.OL,2022-07-05,88.5,89.8499984741211,86.5999984741211,87.94999694824219,85.02828216552734,801306
FRO,FRO.OL,2022-07-06,87.3499984741211,87.55000305175781,81.0,81.0,78.30917358398438,1075711
FRO,FRO.OL,2022-07-07,82.19999694824219,87.80000305175781,81.44999694824219,86.30000305175781,83.43311309814453,1264935
FRO,FRO.OL,2022-07-08,86.0,86.0,83.0999984741211,84.0,81.20951080322266,902358
FRO,FRO.OL,2022-07-11,83.69999694824219,85.30000305175781,82.0,82.0,79.27596282958984,655027
FRO,FRO.OL,2022-07-12,83.0,84.5999984741211,82.1500015258789,83.0999984741211,80.33940124511719,757577
FRO,FRO.OL,2022-07-13,84.05000305175781,88.0,83.1500015258789,85.9000015258789,83.04639434814453,975107
FRO,FRO.OL,2022-07-14,86.80000305175781,87.5,85.25,85.4000015258789,82.56299591064453,598573
FRO,FRO.OL,2022-07-15,85.9000015258789,89.0999984741211,85.30000305175781,87.0,84.10985565185547,847101
FRO,FRO.OL,2022-07-18,90.19999694824219,93.0,90.19999694824219,92.9000015258789,89.81385040283203,1223580
FRO,FRO.OL,2022-07-19,92.55000305175781,94.1500015258789,90.3499984741211,92.75,89.6688232421875,1117724
FRO,FRO.OL,2022-07-20,94.0,94.5999984741211,91.9000015258789,92.1500015258789,89.08876037597656,557394
FRO,FRO.OL,2022-07-21,92.3499984741211,94.44999694824219,91.44999694824219,91.5,88.46037292480469,580758
FRO,FRO.OL,2022-07-22,92.80000305175781,94.0,91.3499984741211,92.8499984741211,89.76549530029297,589976
FRO,FRO.OL,2022-07-25,92.0,92.5,89.80000305175781,91.9000015258789,88.84707641601562,562081
FRO,FRO.OL,2022-07-26,92.80000305175781,94.25,91.1500015258789,91.9000015258789,88.84707641601562,828215
FRO,FRO.OL,2022-07-27,91.5,95.80000305175781,91.4000015258789,94.8499984741211,91.69908142089844,540382
FRO,FRO.OL,2022-07-28,96.0,97.1500015258789,92.05000305175781,92.19999694824219,89.1371078491211,953269
FRO,FRO.OL,2022-07-29,92.0,93.4000015258789,91.4000015258789,91.8499984741211,88.79875183105469,581666
FRO,FRO.OL,2022-08-01,94.80000305175781,98.30000305175781,94.4000015258789,96.44999694824219,93.24592590332031,1302695
FRO,FRO.OL,2022-08-02,96.80000305175781,101.9000015258789,96.75,100.80000305175781,97.45142364501953,1352090
FRO,FRO.OL,2022-08-03,101.5999984741211,104.0,98.69999694824219,100.0,96.67798614501953,1136054
FRO,FRO.OL,2022-08-04,100.19999694824219,101.0,97.19999694824219,100.19999694824219,96.87135314941406,646809
FRO,FRO.OL,2022-08-05,99.0,102.5,98.19999694824219,102.4000015258789,98.9982681274414,550074
FRO,FRO.OL,2022-08-08,103.30000305175781,105.5999984741211,100.5999984741211,105.4000015258789,101.89860534667969,891026
FRO,FRO.OL,2022-08-09,104.80000305175781,108.0,104.0999984741211,108.0,104.4122314453125,779909
FRO,FRO.OL,2022-08-10,108.0,108.19999694824219,103.5,103.80000305175781,100.35176086425781,873342
FRO,FRO.OL,2022-08-11,105.5,109.9000015258789,105.0999984741211,109.69999694824219,106.0557632446289,809318
FRO,FRO.OL,2022-08-12,110.0999984741211,110.9000015258789,107.4000015258789,108.30000305175781,104.70226287841797,695667
FRO,FRO.OL,2022-08-15,108.30000305175781,109.0,105.0,106.4000015258789,102.86537170410156,552380
FRO,FRO.OL,2022-08-16,108.0999984741211,110.69999694824219,108.0,110.5,106.82917785644531,1369437
FRO,FRO.OL,2022-08-17,112.5,117.69999694824219,111.9000015258789,117.69999694824219,113.78999328613281,1908443
FRO,FRO.OL,2022-08-18,118.5,118.69999694824219,115.5,116.5,112.62986755371094,1261809
FRO,FRO.OL,2022-08-19,116.5,117.0,113.4000015258789,115.5999984741211,111.75975799560547,725410
FRO,FRO.OL,2022-08-22,114.9000015258789,118.0,113.4000015258789,117.30000305175781,113.40328979492188,769221
FRO,FRO.OL,2022-08-23,117.0,117.0,112.80000305175781,114.4000015258789,110.599609375,1092956
FRO,FRO.OL,2022-08-24,114.5999984741211,118.19999694824219,114.0,118.19999694824219,114.27337646484375,1217192
FRO,FRO.OL,2022-08-25,119.0,121.4000015258789,114.80000305175781,116.0,112.14646911621094,1920587
FRO,FRO.OL,2022-08-26,114.0999984741211,116.9000015258789,110.9000015258789,113.0,109.24613952636719,1328003
FRO,FRO.OL,2022-08-29,114.5999984741211,119.5,114.5,119.5,115.53020477294922,1444181
FRO,FRO.OL,2022-08-30,120.0,120.69999694824219,113.30000305175781,113.80000305175781,110.01956176757812,1276245
FRO,FRO.OL,2022-08-31,114.69999694824219,116.9000015258789,112.4000015258789,116.9000015258789,113.01656341552734,1088181
FRO,FRO.OL,2022-09-01,116.5,119.0999984741211,115.30000305175781,118.19999694824219,114.27337646484375,1004701
FRO,FRO.OL,2022-09-02,118.30000305175781,119.30000305175781,116.0999984741211,118.5999984741211,114.66010284423828,1038132
FRO,FRO.OL,2022-09-05,119.5999984741211,121.0,118.0999984741211,118.9000015258789,114.95014190673828,1025868
FRO,FRO.OL,2022-09-06,121.0,127.5,118.5999984741211,126.0999984741211,121.91094970703125,2850035
FRO,FRO.OL,2022-09-07,127.9000015258789,128.39999389648438,117.69999694824219,121.5,117.46376037597656,2247346
FRO,FRO.OL,2022-09-08,120.5,121.5,115.0,118.19999694824219,114.27337646484375,1107666
FRO,FRO.OL,2022-09-09,121.9000015258789,127.69999694824219,121.4000015258789,127.69999694824219,123.45780181884766,1588265
FRO,FRO.OL,2022-09-12,128.8000030517578,128.8000030517578,123.9000015258789,125.30000305175781,121.13752746582031,1146220
FRO,FRO.OL,2022-09-13,127.5,128.8000030517578,125.80000305175781,128.0,123.74784851074219,1383480
FRO,FRO.OL,2022-09-14,126.0999984741211,135.89999389648438,126.0999984741211,132.89999389648438,128.48501586914062,1509847
FRO,FRO.OL,2022-09-15,133.89999389648438,134.39999389648438,128.60000610351562,130.6999969482422,126.50086212158203,1056215
FRO,FRO.OL,2022-09-16,131.0,133.10000610351562,126.5999984741211,128.60000610351562,124.4683837890625,1587694
FRO,FRO.OL,2022-09-19,128.60000610351562,137.0,122.5,135.89999389648438,131.53382873535156,1652010
FRO,FRO.OL,2022-09-20,140.0,141.60000610351562,135.1999969482422,137.5,133.0824737548828,2024408
FRO,FRO.OL,2022-09-21,139.10000610351562,140.89999389648438,134.60000610351562,136.3000030517578,131.92098999023438,1562198
FRO,FRO.OL,2022-09-22,135.1999969482422,140.1999969482422,135.0,136.10000610351562,131.7274169921875,860968
FRO,FRO.OL,2022-09-23,135.39999389648438,136.0,124.5999984741211,126.9000015258789,122.82301330566406,1750594
FRO,FRO.OL,2022-09-26,124.9000015258789,131.89999389648438,123.0,131.1999969482422,126.9848403930664,1731186
FRO,FRO.OL,2022-09-27,128.6999969482422,131.0,125.5,127.4000015258789,123.30693054199219,1031454
FRO,FRO.OL,2022-09-28,126.0,126.4000015258789,119.30000305175781,123.0,119.04830169677734,1891562
FRO,FRO.OL,2022-09-29,124.4000015258789,125.19999694824219,115.80000305175781,116.69999694824219,112.95071411132812,1213677
FRO,FRO.OL,2022-09-30,115.0,122.5999984741211,115.0,120.69999694824219,116.82219696044922,1756809
FRO,FRO.OL,2022-10-03,120.30000305175781,120.30000305175781,113.5999984741211,113.5999984741211,109.9502944946289,1456028
FRO,FRO.OL,2022-10-04,116.4000015258789,117.30000305175781,111.5999984741211,113.19999694824219,109.56314086914062,1187457
FRO,FRO.OL,2022-10-05,112.0,112.0,107.0999984741211,108.80000305175781,105.30451202392578,1523961
FRO,FRO.OL,2022-10-06,109.69999694824219,116.80000305175781,109.0,113.5999984741211,109.9502944946289,1478995
FRO,FRO.OL,2022-10-07,115.80000305175781,116.4000015258789,113.4000015258789,114.80000305175781,111.11174774169922,845951
FRO,FRO.OL,2022-10-10,115.69999694824219,119.19999694824219,113.4000015258789,117.69999694824219,113.9185791015625,1036563
FRO,FRO.OL,2022-10-11,116.5,116.5,111.5,113.0,109.36958312988281,822189
FRO,FRO.OL,2022-10-12,114.0,116.80000305175781,111.69999694824219,112.0,108.40170288085938,1009610
FRO,FRO.OL,2022-10-13,117.0,117.80000305175781,113.69999694824219,116.19999694824219,112.46675872802734,1139886
FRO,FRO.OL,2022-10-14,120.0,125.5999984741211,119.0,124.0999984741211,120.11296081542969,1729462
FRO,FRO.OL,2022-10-17,127.5999984741211,130.8000030517578,126.30000305175781,128.39999389648438,124.27478790283203,1118177
FRO,FRO.OL,2022-10-18,132.0,136.10000610351562,131.0,135.89999389648438,131.53382873535156,1584252
FRO,FRO.OL,2022-10-19,136.0,136.0,127.80000305175781,131.0,126.791259765625,1510353
FRO,FRO.OL,2022-10-20,131.0,132.8000030517578,128.3000030517578,130.3000030517578,126.11376953125,757068
FRO,FRO.OL,2022-10-21,128.0,130.1999969482422,127.0,128.89999389648438,124.75873565673828,622986
FRO,FRO.OL,2022-10-24,132.5,136.39999389648438,131.6999969482422,134.1999969482422,129.88845825195312,1404311
FRO,FRO.OL,2022-10-25,134.1999969482422,134.89999389648438,129.8000030517578,132.5,128.24307250976562,944268
FRO,FRO.OL,2022-10-26,132.5,135.10000610351562,131.10000610351562,135.0,130.66273498535156,701688
FRO,FRO.OL,2022-10-27,133.5,136.39999389648438,130.60000610351562,131.0,126.791259765625,1116135
FRO,FRO.OL,2022-10-28,131.60000610351562,131.89999389648438,127.69999694824219,128.6999969482422,124.5651626586914,767028
FRO,FRO.OL,2022-10-31,129.10000610351562,130.39999389648438,126.0999984741211,129.89999389648438,125.72660827636719,748565
FRO,FRO.OL,2022-11-01,131.8000030517578,138.60000610351562,131.6999969482422,137.89999389648438,133.4696044921875,1639869
FRO,FRO.OL,2022-11-02,137.89999389648438,139.60000610351562,135.3000030517578,138.89999389648438,134.4374542236328,1141714
FRO,FRO.OL,2022-11-03,137.0,142.0,137.0,141.0,136.47000122070312,1583301
FRO,FRO.OL,2022-11-04,141.10000610351562,144.39999389648438,140.0,140.5,135.98605346679688,1397673
FRO,FRO.OL,2022-11-07,140.5,143.5,138.1999969482422,141.10000610351562,136.56675720214844,979828
FRO,FRO.OL,2022-11-08,138.5,143.60000610351562,138.0,143.60000610351562,138.98648071289062,1213410
FRO,FRO.OL,2022-11-09,144.1999969482422,146.5,143.10000610351562,144.5,139.8575439453125,1416079
FRO,FRO.OL,2022-11-10,139.89999389648438,141.10000610351562,132.60000610351562,133.8000030517578,129.5013427734375,2096230
FRO,FRO.OL,2022-11-11,136.3000030517578,139.1999969482422,133.5,134.3000030517578,129.9852752685547,1277160
FRO,FRO.OL,2022-11-14,133.5,138.3000030517578,132.39999389648438,137.10000610351562,132.69532775878906,989489
FRO,FRO.OL,2022-11-15,136.0,139.0,134.5,137.10000610351562,132.69532775878906,776427
FRO,FRO.OL,2022-11-16,141.5,145.3000030517578,141.0,142.3000030517578,137.72821044921875,1621452
FRO,FRO.OL,2022-11-17,142.8000030517578,146.0,139.10000610351562,146.0,141.3093719482422,1255674
FRO,FRO.OL,2022-11-18,145.0,147.10000610351562,141.8000030517578,144.3000030517578,139.66400146484375,1197672
FRO,FRO.OL,2022-11-21,145.8000030517578,151.5,144.5,147.0,142.27720642089844,2028330
FRO,FRO.OL,2022-11-22,150.89999389648438,151.5,144.60000610351562,145.39999389648438,140.72865295410156,1547571
FRO,FRO.OL,2022-11-23,144.8000030517578,145.10000610351562,140.3000030517578,143.6999969482422,139.08326721191406,1764655
FRO,FRO.OL,2022-11-24,138.1999969482422,139.0,134.3000030517578,135.39999389648438,131.0499267578125,2113194
FRO,FRO.OL,2022-11-25,136.39999389648438,138.10000610351562,130.60000610351562,134.89999389648438,130.56597900390625,1625840
FRO,FRO.OL,2022-11-28,134.8000030517578,137.0,129.1999969482422,130.89999389648438,126.6944808959961,1247322
FRO,FRO.OL,2022-11-29,132.6999969482422,133.60000610351562,128.10000610351562,133.10000610351562,128.8238067626953,1216982
FRO,FRO.OL,2022-11-30,130.8000030517578,136.89999389648438,124.0999984741211,136.6999969482422,132.3081512451172,2968297
FRO,FRO.OL,2022-12-01,137.1999969482422,137.3000030517578,131.0,132.5,128.24307250976562,1574669
FRO,FRO.OL,2022-12-02,132.0,135.8000030517578,131.60000610351562,133.0,128.72705078125,1174718
FRO,FRO.OL,2022-12-05,138.60000610351562,145.39999389648438,137.1999969482422,141.60000610351562,137.0507354736328,2472424
FRO,FRO.OL,2022-12-06,138.0,139.60000610351562,134.60000610351562,134.6999969482422,130.37240600585938,1256396
FRO,FRO.OL,2022-12-07,130.8000030517578,131.6999969482422,123.5999984741211,123.5999984741211,119.62902069091797,1607719
FRO,FRO.OL,2022-12-08,123.0999984741211,130.6999969482422,122.5999984741211,129.60000610351562,125.4362564086914,2066405
FRO,FRO.OL,2022-12-09,130.1999969482422,132.0,127.0,129.6999969482422,125.5330581665039,1293658
FRO,FRO.OL,2022-12-12,130.0,139.89999389648438,129.6999969482422,139.5,135.01820373535156,2373685
FRO,FRO.OL,2022-12-13,141.3000030517578,143.6999969482422,136.1999969482422,136.1999969482422,131.82420349121094,1889945
FRO,FRO.OL,2022-12-14,137.10000610351562,139.0,134.5,135.0,130.66273498535156,1056060
FRO,FRO.OL,2022-12-15,133.0,135.39999389648438,130.8000030517578,135.39999389648438,131.0499267578125,1385484
FRO,FRO.OL,2022-12-16,135.39999389648438,135.60000610351562,132.6999969482422,134.6999969482422,130.37240600585938,854297
FRO,FRO.OL,2022-12-19,133.8000030517578,134.5,127.0999984741211,127.80000305175781,123.69408416748047,1025167
FRO,FRO.OL,2022-12-20,126.4000015258789,131.5,125.5999984741211,131.10000610351562,126.88810729980469,1120031
FRO,FRO.OL,2022-12-21,129.6999969482422,132.0,126.0999984741211,127.5,123.40372467041016,1046484
FRO,FRO.OL,2022-12-22,127.4000015258789,128.0,121.9000015258789,122.4000015258789,118.46759796142578,1252954
FRO,FRO.OL,2022-12-23,123.4000015258789,125.4000015258789,120.80000305175781,122.5999984741211,118.66114807128906,787864
FRO,FRO.OL,2022-12-27,122.80000305175781,125.30000305175781,121.0999984741211,121.9000015258789,117.98362731933594,429623
FRO,FRO.OL,2022-12-28,121.5999984741211,122.0999984741211,117.5,118.0,114.20893096923828,733367
FRO,FRO.OL,2022-12-29,117.0,120.80000305175781,115.80000305175781,119.0,115.17680358886719,864928
FRO,FRO.OL,2022-12-30,118.80000305175781,120.0999984741211,116.80000305175781,117.5999984741211,113.82178497314453,824259
FRO,FRO.OL,2023-01-02,118.0999984741211,123.5999984741211,118.0999984741211,123.0,119.04830169677734,595270
FRO,FRO.OL,2023-01-03,124.0,124.0999984741211,117.30000305175781,117.4000015258789,113.62821960449219,785545
FRO,FRO.OL,2023-01-04,117.4000015258789,117.4000015258789,117.4000015258789,117.4000015258789,113.62821960449219,0
FRO,FRO.OL,2023-01-05,117.4000015258789,117.4000015258789,117.4000015258789,117.4000015258789,113.62821960449219,0
FRO,FRO.OL,2023-01-06,117.4000015258789,117.4000015258789,117.4000015258789,117.4000015258789,113.62821960449219,0
FRO,FRO.OL,2023-01-09,117.4000015258789,117.4000015258789,117.4000015258789,117.4000015258789,113.62821960449219,0
FRO,FRO.OL,2023-01-10,117.4000015258789,117.4000015258789,117.4000015258789,117.4000015258789,113.62821960449219,0
FRO,FRO.OL,2023-01-11,117.4000015258789,117.4000015258789,117.4000015258789,117.4000015258789,113.62821960449219,0
FRO,FRO.OL,2023-01-12,117.4000015258789,117.4000015258789,117.4000015258789,117.4000015258789,113.62821960449219,0
FRO,FRO.OL,2023-01-13,134.8000030517578,136.77999877929688,133.0,133.0,128.72705078125,1345345
FRO,FRO.OL,2023-01-16,136.89999389648438,142.3800048828125,136.1999969482422,138.0399932861328,133.60508728027344,1895436
FRO,FRO.OL,2023-01-17,138.39999389648438,140.8000030517578,137.63999938964844,139.10000610351562,134.6310272216797,1248740
FRO,FRO.OL,2023-01-18,138.0,139.25999450683594,136.24000549316406,137.32000732421875,132.9082489013672,1101775
FRO,FRO.OL,2023-01-19,135.0,138.32000732421875,133.72000122070312,135.25999450683594,130.91439819335938,1197513
FRO,FRO.OL,2023-01-20,137.0,140.33999633789062,136.32000732421875,138.32000732421875,133.87608337402344,1617826
FRO,FRO.OL,2023-01-23,141.0,141.5,136.0399932861328,137.25999450683594,132.85015869140625,1431545
FRO,FRO.OL,2023-01-24,136.5,136.5,132.55999755859375,134.97999572753906,130.6433868408203,949277
FRO,FRO.OL,2023-01-25,135.89999389648438,135.89999389648438,130.3000030517578,130.5399932861328,126.34603118896484,792198
FRO,FRO.OL,2023-01-26,133.0,135.1999969482422,130.6999969482422,131.0,126.791259765625,594333
FRO,FRO.OL,2023-01-27,130.97999572753906,135.33999633789062,130.3000030517578,134.8800048828125,130.546630859375,920360
FRO,FRO.OL,2023-01-30,137.6999969482422,139.9199981689453,136.33999633789062,138.25999450683594,133.81802368164062,1333707
FRO,FRO.OL,2023-01-31,136.1999969482422,137.5399932861328,135.27999877929688,137.5399932861328,133.12118530273438,935653
FRO,FRO.OL,2023-02-01,138.27999877929688,145.5,138.17999267578125,144.44000244140625,139.79949951171875,1757181
FRO,FRO.OL,2023-02-02,145.4600067138672,147.52000427246094,143.5,143.52000427246094,138.90907287597656,1641065
FRO,FRO.OL,2023-02-03,146.0,151.17999267578125,144.13999938964844,149.47999572753906,144.67755126953125,1202516
FRO,FRO.OL,2023-02-06,148.0,156.89999389648438,148.0,154.5,149.5363006591797,1335357
FRO,FRO.OL,2023-02-07,155.5,161.0,155.5,156.72000122070312,151.6849365234375,2405032
FRO,FRO.OL,2023-02-08,159.0,160.5399932861328,153.6999969482422,159.27999877929688,154.16273498535156,1165506
FRO,FRO.OL,2023-02-09,159.0,168.52000427246094,158.05999755859375,167.5800018310547,162.1960906982422,1678301
FRO,FRO.OL,2023-02-10,166.0,169.9600067138672,161.52000427246094,162.13999938964844,156.93081665039062,1300669
FRO,FRO.OL,2023-02-13,165.3800048828125,168.9600067138672,163.8000030517578,168.60000610351562,163.18328857421875,777235
FRO,FRO.OL,2023-02-14,171.0,175.3000030517578,167.5,175.0,169.377685546875,1629180
FRO,FRO.OL,2023-02-15,175.0,175.0,171.22000122070312,173.77999877929688,168.1968536376953,1151456
FRO,FRO.OL,2023-02-16,178.5399932861328,180.5,174.52000427246094,177.77999877929688,172.068359375,1255775
FRO,FRO.OL,2023-02-17,177.10000610351562,180.10000610351562,175.9199981689453,178.94000244140625,173.19110107421875,667927
FRO,FRO.OL,2023-02-20,177.75999450683594,177.8800048828125,174.0,175.13999938964844,169.51316833496094,669762
FRO,FRO.OL,2023-02-21,175.82000732421875,184.1999969482422,175.33999633789062,182.0,176.15277099609375,1241596
FRO,FRO.OL,2023-02-22,179.4199981689453,180.3000030517578,173.82000732421875,174.47999572753906,168.8743438720703,1421845
FRO,FRO.OL,2023-02-23,175.0,183.89999389648438,174.39999389648438,182.9600067138672,177.08193969726562,917454
FRO,FRO.OL,2023-02-24,184.13999938964844,187.5,182.1999969482422,186.82000732421875,180.8179168701172,1135788
FRO,FRO.OL,2023-02-27,187.39999389648438,192.72000122070312,185.8000030517578,190.97999572753906,184.84422302246094,915574
FRO,FRO.OL,2023-02-28,194.0,195.44000244140625,185.24000549316406,192.22000122070312,186.04440307617188,1832664
FRO,FRO.OL,2023-03-01,195.05999755859375,199.9600067138672,194.52000427246094,197.83999633789062,191.48387145996094,1297102
FRO,FRO.OL,2023-03-02,193.8000030517578,194.22000122070312,188.05999755859375,189.36000061035156,183.2763214111328,1436368
FRO,FRO.OL,2023-03-03,192.0399932861328,197.5800018310547,191.89999389648438,195.0,188.73509216308594,1272389
FRO,FRO.OL,2023-03-06,197.4600067138672,197.4600067138672,189.0,189.77999877929688,183.68283081054688,978436
FRO,FRO.OL,2023-03-07,191.0,193.05999755859375,188.33999633789062,190.63999938964844,184.5151824951172,667010
FRO,FRO.OL,2023-03-08,192.5,201.75,191.66000366210938,201.0,194.5423583984375,1476106
FRO,FRO.OL,2023-03-09,199.67999267578125,205.5,199.02000427246094,201.1999969482422,194.73590087890625,1213302
FRO,FRO.OL,2023-03-10,194.86000061035156,199.36000061035156,193.1999969482422,195.0,188.73509216308594,1478625
FRO,FRO.OL,2023-03-13,192.97999572753906,194.10000610351562,182.05999755859375,185.6199951171875,179.6564483642578,2102872
FRO,FRO.OL,2023-03-14,186.0,192.77999877929688,184.8800048828125,181.10000610351562,175.28170776367188,1371238
FRO,FRO.OL,2023-03-15,180.10000610351562,182.6199951171875,169.75999450683594,173.24000549316406,168.67079162597656,2060877
FRO,FRO.OL,2023-03-16,173.02000427246094,175.8000030517578,169.36000061035156,172.8800048828125,168.32029724121094,1488477
FRO,FRO.OL,2023-03-17,176.4199981689453,181.0,171.1199951171875,171.60000610351562,167.07400512695312,2347774
FRO,FRO.OL,2023-03-20,167.0,179.4600067138672,165.0,179.13999938964844,174.41514587402344,1562129
FRO,FRO.OL,2023-03-21,180.0,186.3000030517578,179.86000061035156,183.55999755859375,178.71856689453125,1501868
FRO,FRO.OL,2023-03-22,185.5,186.5,177.83999633789062,180.60000610351562,175.83665466308594,802237
FRO,FRO.OL,2023-03-23,178.0,183.66000366210938,176.8800048828125,180.02000427246094,175.27194213867188,1011707
FRO,FRO.OL,2023-03-24,175.0,176.5,168.5399932861328,170.4199981689453,165.9251251220703,1589490
FRO,FRO.OL,2023-03-27,172.0,175.0,169.39999389648438,172.83999633789062,168.28131103515625,699457
FRO,FRO.OL,2023-03-28,173.94000244140625,176.66000366210938,173.6199951171875,174.97999572753906,170.36485290527344,674471
FRO,FRO.OL,2023-03-29,176.0,176.0,172.0399932861328,173.75999450683594,169.1770477294922,581389
FRO,FRO.OL,2023-03-30,171.74000549316406,173.0,168.24000549316406,169.74000549316406,165.26312255859375,1147196
FRO,FRO.OL,2023-03-31,169.0399932861328,172.13999938964844,168.25999450683594,171.22000122070312,166.70404052734375,1135841
FRO,FRO.OL,2023-04-03,165.0,165.67999267578125,153.8000030517578,154.77999877929688,150.6976318359375,2626555
FRO,FRO.OL,2023-04-04,154.6999969482422,155.6199951171875,151.8800048828125,152.0399932861328,148.0299072265625,1336346
FRO,FRO.OL,2023-04-05,154.17999267578125,155.97999572753906,151.97999572753906,153.9199981689453,149.86033630371094,636055
FRO,FRO.OL,2023-04-11,156.89999389648438,157.44000244140625,153.05999755859375,157.44000244140625,153.28749084472656,1057372
FRO,FRO.OL,2023-04-12,158.5,159.55999755859375,154.3800048828125,157.39999389648438,153.24850463867188,1141987
FRO,FRO.OL,2023-04-13,158.89999389648438,165.67999267578125,157.0,165.13999938964844,160.78439331054688,2215622
FRO,FRO.OL,2023-04-14,162.5,166.4600067138672,162.5,164.6999969482422,160.35598754882812,1331795
FRO,FRO.OL,2023-04-17,166.6199951171875,171.17999267578125,166.60000610351562,170.74000549316406,166.2366943359375,1043206
FRO,FRO.OL,2023-04-18,173.60000610351562,179.0,173.3000030517578,179.0,174.2788543701172,1203396
FRO,FRO.OL,2023-04-19,178.60000610351562,180.66000366210938,174.77999877929688,175.4600067138672,170.8322296142578,848612
FRO,FRO.OL,2023-04-20,175.0,175.0,169.89999389648438,171.60000610351562,167.07400512695312,737382
FRO,FRO.OL,2023-04-21,169.5,169.5,162.02000427246094,162.6999969482422,158.4087677001953,1026430
FRO,FRO.OL,2023-04-24,162.39999389648438,173.39999389648438,160.47999572753906,173.3800048828125,168.80706787109375,1345611
FRO,FRO.OL,2023-04-25,172.52000427246094,174.83999633789062,169.74000549316406,170.74000549316406,166.2366943359375,919851
FRO,FRO.OL,2023-04-26,168.39999389648438,170.74000549316406,163.94000244140625,165.47999572753906,161.11541748046875,794285
FRO,FRO.OL,2023-04-27,162.0,164.16000366210938,160.44000244140625,163.1199951171875,158.8176727294922,741121
FRO,FRO.OL,2023-04-28,163.60000610351562,165.44000244140625,160.1199951171875,165.44000244140625,161.07650756835938,770949
FRO,FRO.OL,2023-05-02,166.8000030517578,167.8000030517578,161.3800048828125,162.8000030517578,158.50611877441406,857458
FRO,FRO.OL,2023-05-03,163.0800018310547,163.13999938964844,159.6199951171875,160.55999755859375,156.32521057128906,852836
FRO,FRO.OL,2023-05-04,160.5399932861328,161.3000030517578,154.72000122070312,156.39999389648438,152.27491760253906,826274
FRO,FRO.OL,2023-05-05,157.6999969482422,161.66000366210938,155.32000732421875,160.77999877929688,156.53939819335938,854230
FRO,FRO.OL,2023-05-08,160.0,160.0,148.10000610351562,149.4199981689453,145.47900390625,2061758
FRO,FRO.OL,2023-05-09,150.22000122070312,152.1999969482422,149.0399932861328,152.1999969482422,148.18569946289062,956894
FRO,FRO.OL,2023-05-10,152.32000732421875,155.3000030517578,151.5800018310547,153.5399932861328,149.49034118652344,714719
FRO,FRO.OL,2023-05-11,155.0,160.94000244140625,154.16000366210938,160.16000366210938,155.93576049804688,1294116
FRO,FRO.OL,2023-05-12,161.9199981689453,164.74000549316406,159.0,161.60000610351562,157.33778381347656,794179
FRO,FRO.OL,2023-05-15,157.60000610351562,161.66000366210938,156.44000244140625,158.66000366210938,154.475341796875,836520
FRO,FRO.OL,2023-05-16,158.02000427246094,162.16000366210938,156.17999267578125,160.0,155.7799835205078,970698
FRO,FRO.OL,2023-05-19,159.33999633789062,161.77999877929688,158.0,161.75999450683594,157.4935302734375,850663
FRO,FRO.OL,2023-05-22,163.86000061035156,165.47999572753906,158.6999969482422,159.02000427246094,154.82583618164062,1218018
FRO,FRO.OL,2023-05-23,158.52000427246094,161.5399932861328,157.55999755859375,158.36000061035156,154.18321228027344,952975
FRO,FRO.OL,2023-05-24,158.47999572753906,159.52000427246094,154.5800018310547,155.22000122070312,151.1260528564453,841210
FRO,FRO.OL,2023-05-25,156.24000549316406,161.1199951171875,155.75999450683594,159.05999755859375,154.86476135253906,1127732
FRO,FRO.OL,2023-05-26,160.0,167.39999389648438,160.0,164.63999938964844,160.29759216308594,1528639
FRO,FRO.OL,2023-05-30,168.0,170.63999938964844,164.60000610351562,166.1999969482422,161.81642150878906,1682378
FRO,FRO.OL,2023-05-31,166.89999389648438,168.0,153.55999755859375,157.8800048828125,153.71591186523438,3100173
FRO,FRO.OL,2023-06-01,162.16000366210938,174.0,158.39999389648438,170.60000610351562,166.1004180908203,3341938
FRO,FRO.OL,2023-06-02,165.63999938964844,169.22000122070312,163.6999969482422,166.10000610351562,161.71908569335938,2646935
FRO,FRO.OL,2023-06-05,160.4600067138672,162.0,154.44000244140625,155.5,151.3986358642578,2325401
FRO,FRO.OL,2023-06-06,151.0,152.74000549316406,149.4600067138672,150.32000732421875,146.35528564453125,1775804
FRO,FRO.OL,2023-06-07,154.8000030517578,157.4199981689453,153.0800018310547,154.47999572753906,150.4055633544922,1134365
FRO,FRO.OL,2023-06-08,155.5,158.17999267578125,153.8000030517578,155.0800018310547,150.98973083496094,961169
FRO,FRO.OL,2023-06-09,156.02000427246094,158.94000244140625,155.13999938964844,158.05999755859375,153.89111328125,1254324
FRO,FRO.OL,2023-06-12,158.75999450683594,163.05999755859375,158.5,159.3000030517578,155.09841918945312,1452491
FRO,FRO.OL,2023-06-13,163.5,169.1999969482422,162.5,165.3000030517578,160.94017028808594,2796173
FRO,FRO.OL,2023-06-14,163.60000610351562,166.4199981689453,161.47999572753906,156.72000122070312,152.5864715576172,2487706
FRO,FRO.OL,2023-06-15,161.3800048828125,165.97999572753906,160.13999938964844,161.8000030517578,158.23928833007812,2441286
FRO,FRO.OL,2023-06-16,162.0,163.97999572753906,160.3000030517578,162.17999267578125,158.61093139648438,1653342
FRO,FRO.OL,2023-06-19,162.0,162.83999633789062,160.5,162.67999267578125,159.09991455078125,892502
FRO,FRO.OL,2023-06-20,162.60000610351562,163.0,159.0,160.13999938964844,156.61581420898438,1150331
FRO,FRO.OL,2023-06-21,161.0,165.6999969482422,161.0,164.39999389648438,160.78207397460938,1590892
FRO,FRO.OL,2023-06-22,162.5,163.4600067138672,158.02000427246094,159.4600067138672,155.9508056640625,1350428
FRO,FRO.OL,2023-06-23,158.3000030517578,158.5800018310547,155.13999938964844,156.1999969482422,152.76251220703125,964846
FRO,FRO.OL,2023-06-26,155.0,155.0,147.52000427246094,150.94000244140625,147.6182861328125,1453600
FRO,FRO.OL,2023-06-27,148.5800018310547,148.72000122070312,145.02000427246094,145.94000244140625,142.72833251953125,1596845
FRO,FRO.OL,2023-06-28,145.1999969482422,148.4199981689453,144.82000732421875,146.75999450683594,143.53024291992188,1402028
FRO,FRO.OL,2023-06-29,148.3000030517578,152.77999877929688,147.1199951171875,152.1999969482422,148.85055541992188,1202753
FRO,FRO.OL,2023-06-30,153.02000427246094,156.55999755859375,152.89999389648438,154.47999572753906,151.08038330078125,975419
FRO,FRO.OL,2023-07-03,157.0,161.67999267578125,156.97999572753906,158.4600067138672,154.97279357910156,1424865
FRO,FRO.OL,2023-07-04,156.8000030517578,158.75999450683594,156.66000366210938,156.86000061035156,153.40798950195312,661653
FRO,FRO.OL,2023-07-05,156.6999969482422,157.67999267578125,154.02000427246094,157.3000030517578,153.8383331298828,937381
FRO,FRO.OL,2023-07-06,160.27999877929688,162.25999450683594,159.3000030517578,160.74000549316406,157.20263671875,1430921
FRO,FRO.OL,2023-07-07,159.8800048828125,162.83999633789062,159.5,162.0800018310547,158.51312255859375,1062098
FRO,FRO.OL,2023-07-10,163.0,164.05999755859375,160.36000061035156,160.36000061035156,156.8309783935547,725372
FRO,FRO.OL,2023-07-11,159.10000610351562,161.75999450683594,158.83999633789062,161.39999389648438,157.8480987548828,809659
FRO,FRO.OL,2023-07-12,162.63999938964844,163.60000610351562,159.5,160.0800018310547,156.55715942382812,927753
FRO,FRO.OL,2023-07-13,160.0,160.5399932861328,157.24000549316406,158.52000427246094,155.03147888183594,916740
FRO,FRO.OL,2023-07-14,159.8000030517578,159.8000030517578,154.25999450683594,155.02000427246094,151.6084747314453,641811
FRO,FRO.OL,2023-07-17,153.36000061035156,153.36000061035156,149.5,151.5399932861328,148.205078125,1017842
FRO,FRO.OL,2023-07-18,152.10000610351562,153.9199981689453,151.83999633789062,152.39999389648438,149.046142578125,523377
FRO,FRO.OL,2023-07-19,152.0,152.0,149.39999389648438,151.05999755859375,147.7356414794922,569439
FRO,FRO.OL,2023-07-20,150.4600067138672,152.5,148.72000122070312,150.13999938964844,146.83587646484375,883923
FRO,FRO.OL,2023-07-21,151.0,153.5,149.1999969482422,149.3000030517578,146.01437377929688,872805
FRO,FRO.OL,2023-07-24,149.5,151.83999633789062,147.66000366210938,151.10000610351562,147.7747802734375,757425
FRO,FRO.OL,2023-07-25,151.5,158.1199951171875,150.89999389648438,157.0800018310547,153.6231689453125,1567344
FRO,FRO.OL,2023-07-26,157.3000030517578,159.02000427246094,155.39999389648438,156.6999969482422,153.2515106201172,756280
FRO,FRO.OL,2023-07-27,157.0,157.9199981689453,155.9199981689453,156.97999572753906,153.52536010742188,459777
FRO,FRO.OL,2023-07-28,156.6199951171875,159.9600067138672,156.6199951171875,159.8800048828125,156.3615264892578,763987
FRO,FRO.OL,2023-07-31,162.8000030517578,172.0,162.8000030517578,169.25999450683594,165.5351104736328,2821613
FRO,FRO.OL,2023-08-01,170.5,172.47999572753906,169.6999969482422,171.5,167.72579956054688,1380510
FRO,FRO.OL,2023-08-02,169.8000030517578,171.3000030517578,167.0399932861328,168.25999450683594,164.55711364746094,972071
FRO,FRO.OL,2023-08-03,168.77999877929688,176.83999633789062,168.3000030517578,175.4199981689453,171.55955505371094,1791989
FRO,FRO.OL,2023-08-04,176.4600067138672,180.94000244140625,174.47999572753906,176.52000427246094,172.63536071777344,1824714
FRO,FRO.OL,2023-08-07,178.1199951171875,180.33999633789062,173.5800018310547,174.9199981689453,171.07054138183594,1065409
FRO,FRO.OL,2023-08-08,174.89999389648438,177.4199981689453,173.02000427246094,177.0,173.10476684570312,690174
FRO,FRO.OL,2023-08-09,177.89999389648438,179.89999389648438,176.0399932861328,179.5399932861328,175.58889770507812,862287
FRO,FRO.OL,2023-08-10,179.9199981689453,182.3000030517578,178.3000030517578,181.24000549316406,177.25149536132812,1165561
FRO,FRO.OL,2023-08-11,181.24000549316406,185.94000244140625,179.9600067138672,184.5,180.4397430419922,1464804
FRO,FRO.OL,2023-08-14,182.66000366210938,184.6199951171875,181.39999389648438,183.6999969482422,179.6573486328125,689948
FRO,FRO.OL,2023-08-15,184.1999969482422,186.0,183.16000366210938,184.5,180.4397430419922,748732
FRO,FRO.OL,2023-08-16,184.39999389648438,190.3800048828125,184.0,189.0,184.8407440185547,1500548
FRO,FRO.OL,2023-08-17,188.8000030517578,191.75999450683594,187.16000366210938,191.36000061035156,187.14874267578125,932773
FRO,FRO.OL,2023-08-18,191.5,191.66000366210938,185.3000030517578,188.52000427246094,184.3712921142578,976993
FRO,FRO.OL,2023-08-21,190.17999267578125,192.8000030517578,189.5,189.72000122070312,185.5448760986328,750537
FRO,FRO.OL,2023-08-22,190.39999389648438,191.74000549316406,188.39999389648438,191.60000610351562,187.3834991455078,763330
FRO,FRO.OL,2023-08-23,191.22000122070312,191.22000122070312,182.0,184.9600067138672,180.8896026611328,1591893
FRO,FRO.OL,2023-08-24,190.0,197.3800048828125,188.02000427246094,197.13999938964844,192.8015594482422,2370983
FRO,FRO.OL,2023-08-25,193.9600067138672,198.4600067138672,192.4600067138672,196.16000366210938,191.8431396484375,1164612
FRO,FRO.OL,2023-08-28,201.0,201.3000030517578,198.0,198.0,193.64263916015625,1056113
FRO,FRO.OL,2023-08-29,196.0,198.77999877929688,194.39999389648438,196.60000610351562,192.27345275878906,1059989
FRO,FRO.OL,2023-08-30,198.0,198.39999389648438,191.27999877929688,191.3000030517578,187.09007263183594,997554
FRO,FRO.OL,2023-08-31,192.0,193.39999389648438,189.67999267578125,190.27999877929688,186.092529296875,945711
FRO,FRO.OL,2023-09-01,187.32000732421875,189.32000732421875,185.0,186.0,181.90672302246094,1304555
FRO,FRO.OL,2023-09-04,186.0,188.6999969482422,185.5,185.67999267578125,181.59373474121094,712592
FRO,FRO.OL,2023-09-05,186.0,186.0,175.0,176.22000122070312,172.34194946289062,2082674
FRO,FRO.OL,2023-09-06,177.82000732421875,180.5,177.1199951171875,178.22000122070312,174.29791259765625,1077888
FRO,FRO.OL,2023-09-07,176.5800018310547,178.74000549316406,175.66000366210938,176.25999450683594,172.38108825683594,1230132
FRO,FRO.OL,2023-09-08,176.82000732421875,179.32000732421875,176.5,177.6999969482422,173.7893829345703,766011
FRO,FRO.OL,2023-09-11,182.5399932861328,183.63999938964844,178.9199981689453,179.47999572753906,175.53021240234375,1018498
FRO,FRO.OL,2023-09-12,178.16000366210938,180.8800048828125,176.24000549316406,179.77999877929688,175.82359313964844,1153594
FRO,FRO.OL,2023-09-13,179.8000030517578,180.66000366210938,176.52000427246094,171.75999450683594,167.98008728027344,1104346
FRO,FRO.OL,2023-09-14,172.55999755859375,176.5,171.27999877929688,174.17999267578125,171.14398193359375,1452043
FRO,FRO.OL,2023-09-15,172.5,175.6999969482422,172.16000366210938,174.1999969482422,171.16363525390625,1365991
FRO,FRO.OL,2023-09-18,176.4199981689453,180.6999969482422,175.72000122070312,180.33999633789062,177.19659423828125,1019052
FRO,FRO.OL,2023-09-19,181.16000366210938,185.1199951171875,181.16000366210938,183.72000122070312,180.51768493652344,1118429
FRO,FRO.OL,2023-09-20,183.4199981689453,185.5,181.36000061035156,185.0,181.77537536621094,882225
FRO,FRO.OL,2023-09-21,186.4600067138672,193.5,186.0,191.8000030517578,188.45684814453125,1740775
FRO,FRO.OL,2023-09-22,192.8000030517578,195.0,190.10000610351562,194.94000244140625,191.54212951660156,1248485
FRO,FRO.OL,2023-09-25,195.0,195.75999450683594,191.3800048828125,192.5800018310547,189.22328186035156,825933
FRO,FRO.OL,2023-09-26,196.3000030517578,198.74000549316406,195.72000122070312,197.5,194.05746459960938,1245708
FRO,FRO.OL,2023-09-27,197.0800018310547,201.1999969482422,194.82000732421875,200.5,197.0052032470703,1057797
FRO,FRO.OL,2023-09-28,198.0,198.9600067138672,190.0,194.32000732421875,190.9329376220703,1391548
FRO,FRO.OL,2023-09-29,197.9600067138672,201.1999969482422,196.02000427246094,197.0,193.56619262695312,2339803
FRO,FRO.OL,2023-10-02,200.10000610351562,201.3000030517578,198.0399932861328,199.89999389648438,196.4156494140625,1138129
FRO,FRO.OL,2023-10-03,195.0,198.16000366210938,194.5,195.5,192.09237670898438,976338
FRO,FRO.OL,2023-10-04,195.5,196.0,188.05999755859375,188.6999969482422,185.41087341308594,1123756
FRO,FRO.OL,2023-10-05,188.5,197.55999755859375,182.33999633789062,197.55999755859375,194.116455078125,3390861
FRO,FRO.OL,2023-10-06,201.89999389648438,202.64999389648438,192.1199951171875,196.0,192.58363342285156,2396520
FRO,FRO.OL,2023-10-09,201.0,211.4499969482422,199.0,209.4499969482422,205.79922485351562,3259132
FRO,FRO.OL,2023-10-10,212.0,216.39999389648438,209.89999389648438,213.4499969482422,209.72947692871094,1997224
FRO,FRO.OL,2023-10-11,216.0,216.35000610351562,211.25,213.85000610351562,210.12252807617188,1173539
FRO,FRO.OL,2023-10-12,217.60000610351562,224.0,217.39999389648438,220.64999389648438,216.80397033691406,1941087
FRO,FRO.OL,2023-10-13,223.39999389648438,228.0,222.0500030517578,227.5,223.5345916748047,1664807
FRO,FRO.OL,2023-10-16,228.5,231.1999969482422,224.8000030517578,227.39999389648438,223.43630981445312,1615904
FRO,FRO.OL,2023-10-17,229.3000030517578,235.85000610351562,229.3000030517578,233.0500030517578,228.98782348632812,1550916
FRO,FRO.OL,2023-10-18,233.9499969482422,234.5,229.5,231.4499969482422,227.41574096679688,1116888
FRO,FRO.OL,2023-10-19,230.0,231.89999389648438,226.60000610351562,229.0,225.00843811035156,1067897
FRO,FRO.OL,2023-10-20,229.0,232.0500030517578,227.35000610351562,229.60000610351562,225.59799194335938,1077115
FRO,FRO.OL,2023-10-23,230.1999969482422,233.5,229.6999969482422,231.60000610351562,227.5631561279297,943307
FRO,FRO.OL,2023-10-24,230.3000030517578,237.5,230.3000030517578,236.10000610351562,231.9846954345703,1477342
FRO,FRO.OL,2023-10-25,237.39999389648438,241.75,236.64999389648438,239.35000610351562,235.1780548095703,986429
FRO,FRO.OL,2023-10-26,239.5,242.3000030517578,236.6999969482422,236.85000610351562,232.72161865234375,1053815
FRO,FRO.OL,2023-10-27,239.10000610351562,245.89999389648438,239.10000610351562,244.0,239.7469940185547,1075999
FRO,FRO.OL,2023-10-30,247.0500030517578,249.39999389648438,242.14999389648438,243.0,238.76441955566406,1199060
FRO,FRO.OL,2023-10-31,243.0,251.0,242.0500030517578,249.3000030517578,244.95460510253906,1320685
FRO,FRO.OL,2023-11-01,250.64999389648438,254.5500030517578,245.5500030517578,253.85000610351562,249.42529296875,1061083
FRO,FRO.OL,2023-11-02,254.9499969482422,256.20001220703125,248.4499969482422,254.0500030517578,249.621826171875,1072402
FRO,FRO.OL,2023-11-03,254.14999389648438,255.6999969482422,244.5,249.0,244.6598358154297,1420583
FRO,FRO.OL,2023-11-06,249.10000610351562,254.0,248.25,250.0,245.64239501953125,804458
FRO,FRO.OL,2023-11-07,247.1999969482422,247.3000030517578,240.14999389648438,241.89999389648438,237.68357849121094,1351202
FRO,FRO.OL,2023-11-08,242.14999389648438,246.35000610351562,238.1999969482422,239.39999389648438,235.22714233398438,1062912
FRO,FRO.OL,2023-11-09,239.3000030517578,242.60000610351562,234.10000610351562,241.4499969482422,237.24142456054688,1370290
FRO,FRO.OL,2023-11-10,238.0,241.4499969482422,237.5,238.0,233.8515625,724009
FRO,FRO.OL,2023-11-13,238.8000030517578,241.60000610351562,237.5500030517578,240.35000610351562,236.1605987548828,537550
FRO,FRO.OL,2023-11-14,239.0500030517578,240.14999389648438,232.39999389648438,233.39999389648438,229.33175659179688,1049753
FRO,FRO.OL,2023-11-15,233.3000030517578,239.35000610351562,233.0500030517578,238.0,233.8515625,932301
FRO,FRO.OL,2023-11-16,236.5,237.5,230.9499969482422,232.89999389648438,228.84046936035156,820108
FRO,FRO.OL,2023-11-17,232.10000610351562,237.6999969482422,230.5500030517578,237.25,233.1146240234375,989899
FRO,FRO.OL,2023-11-20,238.3000030517578,242.89999389648438,236.5500030517578,239.39999389648438,235.22714233398438,773468
FRO,FRO.OL,2023-11-21,237.5,239.39999389648438,232.14999389648438,234.0500030517578,229.97044372558594,740517
FRO,FRO.OL,2023-11-22,235.39999389648438,236.6999969482422,231.5,235.0,230.90386962890625,923358
FRO,FRO.OL,2023-11-23,236.0,237.85000610351562,234.4499969482422,236.39999389648438,232.2794647216797,508378
FRO,FRO.OL,2023-11-24,237.5500030517578,244.5,237.5,243.14999389648438,238.9117889404297,1251349
FRO,FRO.OL,2023-11-27,243.0,244.35000610351562,237.0500030517578,237.3000030517578,233.16378784179688,924151
FRO,FRO.OL,2023-11-28,237.3000030517578,237.64999389648438,234.75,236.0,231.88641357421875,622237
FRO,FRO.OL,2023-11-29,231.1999969482422,231.75,222.64999389648438,224.89999389648438,220.9799041748047,2018548
FRO,FRO.OL,2023-11-30,215.0,216.10000610351562,208.0,212.89999389648438,209.18905639648438,3861694
FRO,FRO.OL,2023-12-01,214.6999969482422,219.60000610351562,212.64999389648438,218.8000030517578,214.98623657226562,1591875
FRO,FRO.OL,2023-12-04,215.0,220.0500030517578,213.89999389648438,215.0500030517578,211.3015899658203,1130545
FRO,FRO.OL,2023-12-05,213.10000610351562,215.5,210.75,210.8000030517578,207.12567138671875,989510
FRO,FRO.OL,2023-12-06,212.5,216.10000610351562,211.1999969482422,214.0,210.2698974609375,947326
FRO,FRO.OL,2023-12-07,211.9499969482422,213.14999389648438,207.10000610351562,209.3000030517578,205.65182495117188,1263023
FRO,FRO.OL,2023-12-08,209.64999389648438,212.8000030517578,208.5500030517578,210.8000030517578,207.12567138671875,592345
FRO,FRO.OL,2023-12-11,211.0,212.64999389648438,206.10000610351562,206.64999389648438,203.04800415039062,733088
FRO,FRO.OL,2023-12-12,205.5,208.60000610351562,203.14999389648438,206.0,202.4093475341797,877424
FRO,FRO.OL,2023-12-13,203.89999389648438,204.64999389648438,198.89999389648438,199.1199951171875,195.64926147460938,1339239
FRO,FRO.OL,2023-12-14,200.1999969482422,203.60000610351562,198.72000122070312,201.8000030517578,198.58175659179688,1860004
FRO,FRO.OL,2023-12-15,201.1999969482422,207.25,200.0,202.1999969482422,198.97537231445312,2240419
FRO,FRO.OL,2023-12-18,211.14999389648438,225.0,210.64999389648438,216.3000030517578,212.85049438476562,3733861
FRO,FRO.OL,2023-12-19,214.60000610351562,214.60000610351562,209.3000030517578,211.75,208.37306213378906,1438448
FRO,FRO.OL,2023-12-20,213.10000610351562,216.4499969482422,212.85000610351562,214.3000030517578,210.88241577148438,994342
FRO,FRO.OL,2023-12-21,211.0,215.5,210.10000610351562,212.1999969482422,208.8158721923828,743425
FRO,FRO.OL,2023-12-22,214.3000030517578,219.5500030517578,214.3000030517578,218.35000610351562,214.86781311035156,1187185
FRO,FRO.OL,2023-12-27,211.64999389648438,211.6999969482422,205.1999969482422,205.89999389648438,202.6163330078125,1732062
FRO,FRO.OL,2023-12-28,205.0,207.25,202.4499969482422,203.85000610351562,200.5990753173828,823962
FRO,FRO.OL,2023-12-29,203.85000610351562,205.35000610351562,202.5,202.89999389648438,199.66419982910156,802903
FRO,FRO.OL,2024-01-02,209.0,213.39999389648438,208.8000030517578,210.85000610351562,207.48741149902344,1225670
FRO,FRO.OL,2024-01-03,209.0,216.64999389648438,207.89999389648438,216.64999389648438,213.19491577148438,1211404
FRO,FRO.OL,2024-01-04,219.60000610351562,222.60000610351562,219.5,221.4499969482422,217.91835021972656,1396013
FRO,FRO.OL,2024-01-05,216.3000030517578,222.35000610351562,215.5,221.4499969482422,217.91835021972656,1206335
FRO,FRO.OL,2024-01-08,230.0,233.5,221.10000610351562,224.3000030517578,220.72291564941406,3078729
FRO,FRO.OL,2024-01-09,227.0,231.6999969482422,223.4499969482422,225.5,221.90379333496094,1575957
FRO,FRO.OL,2024-01-10,227.85000610351562,229.75,225.89999389648438,228.75,225.10194396972656,849389
FRO,FRO.OL,2024-01-11,227.25,227.39999389648438,216.14999389648438,217.0500030517578,213.58853149414062,2128390
FRO,FRO.OL,2024-01-12,221.85000610351562,235.89999389648438,221.39999389648438,232.85000610351562,229.13656616210938,3084517
FRO,FRO.OL,2024-01-15,233.25,234.85000610351562,231.39999389648438,232.35000610351562,228.64453125,1322305
FRO,FRO.OL,2024-01-16,232.39999389648438,240.89999389648438,230.10000610351562,238.5,234.6964569091797,2213428
FRO,FRO.OL,2024-01-17,232.6999969482422,236.75,231.0,236.5,232.72833251953125,1294246
FRO,FRO.OL,2024-01-18,236.6999969482422,237.64999389648438,233.0500030517578,233.4499969482422,229.72698974609375,1128365
FRO,FRO.OL,2024-01-19,233.3000030517578,235.60000610351562,230.4499969482422,231.1999969482422,227.5128631591797,904239
FRO,FRO.OL,2024-01-22,232.0,233.4499969482422,228.89999389648438,229.39999389648438,225.74159240722656,638711
FRO,FRO.OL,2024-01-23,227.8000030517578,227.8000030517578,218.5,220.14999389648438,216.6390838623047,1590078
FRO,FRO.OL,2024-01-24,221.6999969482422,230.5,221.0,230.35000610351562,226.67642211914062,1333596
FRO,FRO.OL,2024-01-25,229.64999389648438,233.60000610351562,226.9499969482422,227.1999969482422,223.57666015625,1025449
FRO,FRO.OL,2024-01-26,227.39999389648438,230.0,225.35000610351562,229.5500030517578,225.88917541503906,766800
FRO,FRO.OL,2024-01-29,236.9499969482422,238.5500030517578,232.5500030517578,232.64999389648438,228.9397430419922,1718187
FRO,FRO.OL,2024-01-30,234.0500030517578,237.5500030517578,230.60000610351562,236.75,232.974365234375,1261283
FRO,FRO.OL,2024-01-31,237.5,239.75,234.5500030517578,235.89999389648438,232.1378936767578,1067029
FRO,FRO.OL,2024-02-01,237.8000030517578,244.25,236.64999389648438,242.10000610351562,238.2390594482422,1365742
FRO,FRO.OL,2024-02-02,234.8000030517578,235.75,228.6999969482422,230.0500030517578,226.3812255859375,2019062
FRO,FRO.OL,2024-02-05,231.0,237.0,230.5,231.0,227.31607055664062,1202449
FRO,FRO.OL,2024-02-06,232.9499969482422,235.35000610351562,231.8000030517578,234.25,230.51425170898438,772142
FRO,FRO.OL,2024-02-07,228.5,230.9499969482422,225.75,229.60000610351562,225.93841552734375,1585486
FRO,FRO.OL,2024-02-08,234.89999389648438,237.9499969482422,232.1999969482422,234.1999969482422,230.4650115966797,1489344
FRO,FRO.OL,2024-02-09,236.0,236.89999389648438,232.39999389648438,236.0,232.23629760742188,1062707
FRO,FRO.OL,2024-02-12,236.0,243.25,235.4499969482422,242.3000030517578,238.43585205078125,1465920
FRO,FRO.OL,2024-02-13,243.85000610351562,247.5,242.0,243.4499969482422,239.5675048828125,1368615
FRO,FRO.OL,2024-02-14,246.0,250.64999389648438,245.0500030517578,246.6999969482422,242.76568603515625,1385508
FRO,FRO.OL,2024-02-15,247.89999389648438,248.0500030517578,243.89999389648438,248.0500030517578,244.09414672851562,912121
FRO,FRO.OL,2024-02-16,252.5500030517578,258.45001220703125,252.5500030517578,257.25,253.14743041992188,1883723
FRO,FRO.OL,2024-02-19,257.0,258.8999938964844,254.5500030517578,256.6499938964844,252.5570068359375,762663
FRO,FRO.OL,2024-02-20,256.1000061035156,256.1000061035156,248.85000610351562,253.64999389648438,249.60482788085938,1067527
FRO,FRO.OL,2024-02-21,247.14999389648438,247.9499969482422,242.5500030517578,247.35000610351562,243.4053192138672,975503
FRO,FRO.OL,2024-02-22,240.5,244.0500030517578,238.60000610351562,238.60000610351562,234.79489135742188,1155962
FRO,FRO.OL,2024-02-23,239.6999969482422,242.5,237.75,240.89999389648438,237.05819702148438,809618
FRO,FRO.OL,2024-02-26,242.0,244.8000030517578,240.89999389648438,243.8000030517578,239.9119110107422,579663
FRO,FRO.OL,2024-02-27,243.8000030517578,243.8000030517578,233.89999389648438,236.1999969482422,232.43313598632812,1057972
FRO,FRO.OL,2024-02-28,236.1999969482422,242.3000030517578,235.39999389648438,240.8000030517578,236.9597625732422,945944
FRO,FRO.OL,2024-02-29,237.5,240.8000030517578,230.0,239.5,235.6804962158203,2017234
FRO,FRO.OL,2024-03-01,241.0,245.14999389648438,238.0,241.5,237.64862060546875,1160542
FRO,FRO.OL,2024-03-04,238.5500030517578,243.14999389648438,235.3000030517578,241.10000610351562,237.2550048828125,1347562
FRO,FRO.OL,2024-03-05,243.0,249.8000030517578,241.39999389648438,249.10000610351562,245.12742614746094,2074179
FRO,FRO.OL,2024-03-06,250.0,254.5500030517578,246.60000610351562,246.64999389648438,242.71646118164062,1302171
FRO,FRO.OL,2024-03-07,246.8000030517578,248.25,243.3000030517578,243.35000610351562,239.4691162109375,613915
FRO,FRO.OL,2024-03-08,245.3000030517578,246.85000610351562,239.25,241.0500030517578,237.20578002929688,724410
FRO,FRO.OL,2024-03-11,239.10000610351562,242.10000610351562,237.39999389648438,238.64999389648438,234.84405517578125,599636
FRO,FRO.OL,2024-03-12,239.1999969482422,240.9499969482422,236.3000030517578,239.10000610351562,235.28689575195312,616493
FRO,FRO.OL,2024-03-13,241.3000030517578,244.0,238.60000610351562,239.10000610351562,235.28689575195312,1106380
FRO,FRO.OL,2024-03-14,241.64999389648438,245.8000030517578,240.35000610351562,244.9499969482422,241.41717529296875,1462667
FRO,FRO.OL,2024-03-15,252.0,255.25,248.0500030517578,249.64999389648438,246.04937744140625,6382918
FRO,FRO.OL,2024-03-18,251.0,255.1999969482422,246.75,247.75,244.17678833007812,951401
FRO,FRO.OL,2024-03-19,252.5,253.39999389648438,249.5,249.60000610351562,246.00013732910156,1186684
FRO,FRO.OL,2024-03-20,248.0500030517578,248.0500030517578,237.25,238.8000030517578,235.35586547851562,1744016
FRO,FRO.OL,2024-03-21,243.0,248.6999969482422,240.85000610351562,247.5500030517578,243.9796600341797,1470437
FRO,FRO.OL,2024-03-22,248.0,250.5,245.85000610351562,246.6999969482422,243.1419219970703,1072530
FRO,FRO.OL,2024-03-25,247.75,250.8000030517578,245.10000610351562,247.8000030517578,244.22608947753906,625357
FRO,FRO.OL,2024-03-26,245.1999969482422,245.8000030517578,241.75,242.64999389648438,239.15032958984375,676238
FRO,FRO.OL,2024-03-27,242.6999969482422,246.39999389648438,242.0,246.39999389648438,242.8462371826172,779777
FRO,FRO.OL,2024-04-02,257.0,260.1000061035156,253.0,255.0,251.32223510742188,1688094
FRO,FRO.OL,2024-04-03,256.29998779296875,259.20001220703125,254.3000030517578,257.8999938964844,254.18038940429688,824629
FRO,FRO.OL,2024-04-04,259.70001220703125,260.1000061035156,257.3999938964844,257.6000061035156,253.8847198486328,712895
FRO,FRO.OL,2024-04-05,259.5,261.8999938964844,257.20001220703125,259.8999938964844,256.1515197753906,1028174
FRO,FRO.OL,2024-04-08,257.0,257.5,249.6999969482422,249.8000030517578,246.19723510742188,1114928
FRO,FRO.OL,2024-04-09,251.8000030517578,254.0,249.10000610351562,249.60000610351562,246.00013732910156,760437
FRO,FRO.OL,2024-04-10,249.0,249.8000030517578,245.1999969482422,249.8000030517578,246.19723510742188,1033091
FRO,FRO.OL,2024-04-11,253.1999969482422,266.1000061035156,253.1999969482422,264.1000061035156,260.2909851074219,2485059
FRO,FRO.OL,2024-04-12,266.0,274.20001220703125,264.3999938964844,270.3999938964844,266.5001220703125,1235410
FRO,FRO.OL,2024-04-15,267.0,268.79998779296875,263.20001220703125,266.70001220703125,262.8534851074219,823018
FRO,FRO.OL,2024-04-16,266.8999938964844,266.8999938964844,260.8999938964844,261.0,257.2356872558594,692577
FRO,FRO.OL,2024-04-17,266.1000061035156,270.5,265.70001220703125,269.5,265.6131286621094,709520
FRO,FRO.OL,2024-04-18,265.70001220703125,266.29998779296875,257.70001220703125,258.79998779296875,255.06739807128906,1001510
FRO,FRO.OL,2024-04-19,255.1999969482422,257.1000061035156,252.0,256.3999938964844,252.7020263671875,871353
FRO,FRO.OL,2024-04-22,254.0,254.0,249.3000030517578,250.1999969482422,246.59144592285156,663555
FRO,FRO.OL,2024-04-23,252.39999389648438,253.6999969482422,249.5,252.1999969482422,248.56260681152344,448024
FRO,FRO.OL,2024-04-24,253.89999389648438,256.3999938964844,252.89999389648438,255.1999969482422,251.5193328857422,482284
FRO,FRO.OL,2024-04-25,250.0,252.5,248.1999969482422,251.60000610351562,247.9712677001953,715947
FRO,FRO.OL,2024-04-26,255.3000030517578,259.79998779296875,255.3000030517578,258.5,254.77175903320312,778221
FRO,FRO.OL,2024-04-29,262.0,263.3999938964844,258.5,259.70001220703125,255.9544219970703,570139
FRO,FRO.OL,2024-04-30,260.6000061035156,267.79998779296875,260.6000061035156,264.8999938964844,261.0794372558594,885667
FRO,FRO.OL,2024-05-02,261.0,267.0,260.6000061035156,266.0,262.1635437011719,654575
FRO,FRO.OL,2024-05-03,271.1000061035156,272.70001220703125,265.29998779296875,267.1000061035156,263.2477111816406,1186433
FRO,FRO.OL,2024-05-06,268.6000061035156,271.79998779296875,267.5,269.5,265.6131286621094,554542
FRO,FRO.OL,2024-05-07,267.20001220703125,268.3999938964844,264.20001220703125,267.8999938964844,264.0361633300781,428402
FRO,FRO.OL,2024-05-08,269.70001220703125,275.0,269.20001220703125,275.0,271.0337829589844,1054089
FRO,FRO.OL,2024-05-10,278.5,289.20001220703125,278.1000061035156,287.70001220703125,283.5506286621094,1555253
FRO,FRO.OL,2024-05-13,286.70001220703125,290.29998779296875,285.1000061035156,287.20001220703125,283.057861328125,657548
FRO,FRO.OL,2024-05-14,287.79998779296875,292.29998779296875,284.29998779296875,288.0,283.84625244140625,818863
FRO,FRO.OL,2024-05-15,290.0,291.20001220703125,285.3999938964844,288.6000061035156,284.43768310546875,724428
FRO,FRO.OL,2024-05-16,290.0,293.70001220703125,289.29998779296875,292.79998779296875,288.5770263671875,563896
FRO,FRO.OL,2024-05-21,299.1000061035156,306.0,299.1000061035156,305.79998779296875,301.3895263671875,907203
FRO,FRO.OL,2024-05-22,309.0,314.20001220703125,300.1000061035156,301.1000061035156,296.7573547363281,1313939
FRO,FRO.OL,2024-05-23,301.5,306.6000061035156,299.29998779296875,300.20001220703125,295.8703308105469,728908
FRO,FRO.OL,2024-05-24,300.0,304.70001220703125,297.1000061035156,304.3999938964844,300.00970458984375,495932
FRO,FRO.OL,2024-05-27,305.0,310.70001220703125,304.70001220703125,309.79998779296875,305.3318786621094,462016
FRO,FRO.OL,2024-05-28,310.79998779296875,311.5,302.20001220703125,304.29998779296875,299.91119384765625,872316
FRO,FRO.OL,2024-05-29,306.3999938964844,309.0,303.6000061035156,305.8999938964844,301.48809814453125,693684
FRO,FRO.OL,2024-05-30,295.3999938964844,309.5,292.20001220703125,296.70001220703125,292.4208068847656,1732194
FRO,FRO.OL,2024-05-31,301.0,309.20001220703125,300.0,300.79998779296875,296.4616394042969,1887376
FRO,FRO.OL,2024-06-03,300.29998779296875,300.6000061035156,290.1000061035156,291.5,287.2958068847656,1198906
FRO,FRO.OL,2024-06-04,291.1000061035156,291.8999938964844,287.1000061035156,291.3999938964844,287.1972351074219,758197
FRO,FRO.OL,2024-06-05,285.6000061035156,286.79998779296875,281.3999938964844,286.1000061035156,281.97369384765625,902578
FRO,FRO.OL,2024-06-06,288.70001220703125,292.0,284.5,285.79998779296875,281.6779479980469,675359
FRO,FRO.OL,2024-06-07,284.1000061035156,285.0,277.6000061035156,283.0,278.9183654785156,870838
FRO,FRO.OL,2024-06-10,283.5,285.79998779296875,282.29998779296875,285.20001220703125,281.0867004394531,524985
FRO,FRO.OL,2024-06-11,285.0,285.0,271.5,275.3999938964844,271.427978515625,1307400
FRO,FRO.OL,2024-06-12,276.0,280.1000061035156,273.1000061035156,268.29998779296875,264.43035888671875,732768
FRO,FRO.OL,2024-06-13,270.0,271.79998779296875,264.3999938964844,264.3999938964844,261.1902160644531,750669
FRO,FRO.OL,2024-06-14,265.0,266.0,257.0,262.20001220703125,259.0169677734375,935515
FRO,FRO.OL,2024-06-17,258.1000061035156,261.29998779296875,255.5,257.79998779296875,254.6703338623047,681406
FRO,FRO.OL,2024-06-18,256.6000061035156,262.1000061035156,255.89999389648438,259.6000061035156,256.4485168457031,568427
FRO,FRO.OL,2024-06-19,262.0,268.3999938964844,261.20001220703125,268.3999938964844,265.14166259765625,864916
FRO,FRO.OL,2024-06-20,268.79998779296875,269.20001220703125,263.70001220703125,265.3999938964844,262.17803955078125,570868
FRO,FRO.OL,2024-06-21,267.5,274.0,266.70001220703125,270.6000061035156,267.31494140625,1055677
FRO,FRO.OL,2024-06-24,273.0,275.5,269.6000061035156,274.79998779296875,271.46392822265625,552278
FRO,FRO.OL,2024-06-25,276.0,276.79998779296875,272.29998779296875,272.5,269.1919250488281,406152
FRO,FRO.OL,2024-06-26,273.0,277.70001220703125,272.6000061035156,275.8999938964844,272.5506286621094,458663
FRO,FRO.OL,2024-06-27,277.3999938964844,281.5,276.6000061035156,278.29998779296875,274.9214172363281,531628
FRO,FRO.OL,2024-06-28,281.0,283.3999938964844,279.0,279.70001220703125,276.30450439453125,412107
FRO,FRO.OL,2024-07-01,277.5,279.1000061035156,262.29998779296875,262.5,259.3133544921875,1285799
FRO,FRO.OL,2024-07-02,265.5,269.20001220703125,264.29998779296875,268.1000061035156,264.8453369140625,661572
FRO,FRO.OL,2024-07-03,269.29998779296875,270.70001220703125,267.20001220703125,268.3999938964844,265.14166259765625,329778
FRO,FRO.OL,2024-07-04,267.70001220703125,267.70001220703125,263.0,263.0,259.80718994140625,395221
FRO,FRO.OL,2024-07-05,263.29998779296875,263.70001220703125,260.29998779296875,260.79998779296875,257.6339111328125,400259
FRO,FRO.OL,2024-07-08,253.5,258.20001220703125,251.10000610351562,252.0,248.94078063964844,713069
FRO,FRO.OL,2024-07-09,255.39999389648438,255.39999389648438,248.5,251.5,248.44683837890625,650129
FRO,FRO.OL,2024-07-10,252.0,252.5,248.1999969482422,250.60000610351562,247.55776977539062,407149
FRO,FRO.OL,2024-07-11,249.8000030517578,250.39999389648438,244.5,244.60000610351562,241.63059997558594,615099
FRO,FRO.OL,2024-07-12,250.0,254.10000610351562,246.60000610351562,250.89999389648438,247.85411071777344,596075
FRO,FRO.OL,2024-07-15,253.39999389648438,255.5,250.89999389648438,254.1999969482422,251.11404418945312,386101
FRO,FRO.OL,2024-07-16,255.0,257.79998779296875,254.39999389648438,256.70001220703125,253.58370971679688,343309
FRO,FRO.OL,2024-07-17,256.29998779296875,257.79998779296875,252.6999969482422,253.3000030517578,250.22499084472656,325296
FRO,FRO.OL,2024-07-18,252.60000610351562,256.3999938964844,250.6999969482422,253.8000030517578,250.7189178466797,554963
FRO,FRO.OL,2024-07-19,255.6999969482422,260.8999938964844,255.1999969482422,260.79998779296875,257.6339111328125,543498
FRO,FRO.OL,2024-07-22,264.0,275.20001220703125,263.5,274.79998779296875,271.46392822265625,943063
FRO,FRO.OL,2024-07-23,278.0,280.29998779296875,275.79998779296875,276.8999938964844,273.5384826660156,575174
FRO,FRO.OL,2024-07-24,277.70001220703125,280.5,272.5,272.79998779296875,269.4882507324219,523390
FRO,FRO.OL,2024-07-25,270.0,271.0,264.5,265.6000061035156,262.37567138671875,475853
FRO,FRO.OL,2024-07-26,265.79998779296875,267.20001220703125,259.5,259.5,256.3497009277344,423416
FRO,FRO.OL,2024-07-29,259.29998779296875,268.79998779296875,259.29998779296875,268.5,265.240478515625,563276
FRO,FRO.OL,2024-07-30,267.0,268.5,261.79998779296875,263.1000061035156,259.906005859375,435062
FRO,FRO.OL,2024-07-31,265.5,270.1000061035156,264.79998779296875,268.8999938964844,265.6355895996094,495333
FRO,FRO.OL,2024-08-01,269.0,271.6000061035156,266.1000061035156,267.0,263.7586669921875,479668
FRO,FRO.OL,2024-08-02,263.1000061035156,263.1000061035156,250.3000030517578,251.89999389648438,248.84197998046875,1181909
FRO,FRO.OL,2024-08-05,240.0,247.1999969482422,232.0,246.39999389648438,243.40875244140625,1223372
FRO,FRO.OL,2024-08-06,249.60000610351562,253.89999389648438,242.39999389648438,246.0,243.01361083984375,686303
FRO,FRO.OL,2024-08-07,248.8000030517578,256.3999938964844,248.60000610351562,252.5,249.4346923828125,730773
FRO,FRO.OL,2024-08-08,248.10000610351562,249.89999389648438,244.6999969482422,248.10000610351562,245.088134765625,528193
FRO,FRO.OL,2024-08-09,250.0,253.6999969482422,248.5,249.60000610351562,246.56991577148438,388067
FRO,FRO.OL,2024-08-12,253.0,256.3999938964844,252.6999969482422,255.6999969482422,252.59584045410156,443937
FRO,FRO.OL,2024-08-13,257.0,259.1000061035156,251.8000030517578,253.10000610351562,250.0274200439453,413674
FRO,FRO.OL,2024-08-14,254.10000610351562,256.6000061035156,250.60000610351562,256.1000061035156,252.9910125732422,406021
FRO,FRO.OL,2024-08-15,258.0,265.0,256.0,261.70001220703125,258.5229797363281,814079
FRO,FRO.OL,2024-08-16,270.0,274.79998779296875,266.6000061035156,268.5,265.240478515625,1191338
FRO,FRO.OL,2024-08-19,269.5,270.5,265.79998779296875,265.79998779296875,262.5732421875,589660
FRO,FRO.OL,2024-08-20,267.0,268.29998779296875,258.79998779296875,260.20001220703125,257.0412292480469,565018
FRO,FRO.OL,2024-08-21,257.6000061035156,260.79998779296875,257.20001220703125,258.6000061035156,255.46063232421875,382796
FRO,FRO.OL,2024-08-22,258.0,259.0,255.39999389648438,256.3999938964844,253.287353515625,349862
FRO,FRO.OL,2024-08-23,253.89999389648438,257.6000061035156,250.5,257.29998779296875,254.1764373779297,741305
FRO,FRO.OL,2024-08-26,252.6999969482422,257.79998779296875,251.6999969482422,256.1000061035156,252.9910125732422,453678
FRO,FRO.OL,2024-08-27,256.0,256.0,250.3000030517578,251.8000030517578,248.74317932128906,447398
FRO,FRO.OL,2024-08-28,251.39999389648438,251.39999389648438,245.39999389648438,245.39999389648438,242.4208984375,530923
FRO,FRO.OL,2024-08-29,244.5,246.5,241.8000030517578,244.89999389648438,241.9269561767578,514223
FRO,FRO.OL,2024-08-30,237.8000030517578,261.1000061035156,234.0,259.1000061035156,255.95457458496094,2104503
FRO,FRO.OL,2024-09-02,255.60000610351562,258.79998779296875,248.5,249.39999389648438,246.37232971191406,1010294
FRO,FRO.OL,2024-09-03,251.60000610351562,254.89999389648438,243.10000610351562,244.1999969482422,241.23545837402344,764700
FRO,FRO.OL,2024-09-04,241.1999969482422,243.39999389648438,238.0,241.89999389648438,238.96337890625,907205
FRO,FRO.OL,2024-09-05,237.5,239.3000030517578,233.10000610351562,238.6999969482422,235.80223083496094,890665
FRO,FRO.OL,2024-09-06,237.10000610351562,242.39999389648438,236.0,242.1999969482422,239.25973510742188,795857
FRO,FRO.OL,2024-09-09,237.0,240.3000030517578,236.6999969482422,237.39999389648438,234.51800537109375,499548
FRO,FRO.OL,2024-09-10,241.60000610351562,246.1999969482422,236.5,237.0,234.1228790283203,736785
FRO,FRO.OL,2024-09-11,238.0,242.10000610351562,238.0,239.5,236.59251403808594,511206
FRO,FRO.OL,2024-09-12,236.89999389648438,239.89999389648438,235.60000610351562,239.0,236.7113494873047,689273
FRO,FRO.OL,2024-09-13,240.0,242.60000610351562,238.0,239.10000610351562,236.81040954589844,614258
FRO,FRO.OL,2024-09-16,242.5,244.89999389648438,240.6999969482422,244.60000610351562,242.2577362060547,854255
FRO,FRO.OL,2024-09-17,246.0,249.39999389648438,245.3000030517578,246.0,243.6443328857422,724748
FRO,FRO.OL,2024-09-18,248.0,248.0,244.39999389648438,245.5,243.1491241455078,451258
FRO,FRO.OL,2024-09-19,247.5,252.60000610351562,246.6999969482422,250.0,247.6060333251953,762917
FRO,FRO.OL,2024-09-20,246.1999969482422,247.39999389648438,233.39999389648438,235.60000610351562,233.34393310546875,2945018
FRO,FRO.OL,2024-09-23,234.0,237.60000610351562,230.8000030517578,235.60000610351562,233.34393310546875,919773
FRO,FRO.OL,2024-09-24,236.8000030517578,240.39999389648438,235.1999969482422,235.1999969482422,232.94776916503906,676493
FRO,FRO.OL,2024-09-25,233.1999969482422,234.8000030517578,227.0,227.1999969482422,225.02435302734375,1439189
FRO,FRO.OL,2024-09-26,236.1999969482422,239.3000030517578,228.1999969482422,237.0,234.7305450439453,1705763
FRO,FRO.OL,2024-09-27,238.6999969482422,240.89999389648438,236.89999389648438,238.89999389648438,236.6123046875,909023
FRO,FRO.OL,2024-09-30,240.89999389648438,243.1999969482422,238.3000030517578,238.89999389648438,236.6123046875,639412
FRO,FRO.OL,2024-10-01,238.60000610351562,247.6999969482422,235.8000030517578,243.6999969482422,241.36636352539062,1092230
FRO,FRO.OL,2024-10-02,246.10000610351562,257.8999938964844,246.10000610351562,252.89999389648438,250.47824096679688,1569019
FRO,FRO.OL,2024-10-03,254.5,259.70001220703125,252.0,259.70001220703125,257.213134765625,1033130
FRO,FRO.OL,2024-10-04,261.79998779296875,265.20001220703125,260.29998779296875,263.0,260.4815368652344,968062
FRO,FRO.OL,2024-10-07,262.0,267.0,259.3999938964844,267.0,264.4432373046875,954129
FRO,FRO.OL,2024-10-08,269.0,270.3999938964844,263.0,264.70001220703125,262.1652526855469,731165
FRO,FRO.OL,2024-10-09,266.0,268.70001220703125,260.6000061035156,261.0,258.50067138671875,714343
FRO,FRO.OL,2024-10-10,266.0,267.29998779296875,263.3999938964844,265.79998779296875,263.2547302246094,664948
FRO,FRO.OL,2024-10-11,264.29998779296875,264.5,259.1000061035156,259.20001220703125,256.71795654296875,695532
FRO,FRO.OL,2024-10-14,259.20001220703125,259.8999938964844,252.89999389648438,253.8000030517578,251.36965942382812,606903
FRO,FRO.OL,2024-10-15,245.6999969482422,245.6999969482422,241.0,241.6999969482422,239.38551330566406,1317547
FRO,FRO.OL,2024-10-16,240.0,241.8000030517578,238.1999969482422,241.1999969482422,238.8903045654297,625018
FRO,FRO.OL,2024-10-17,241.89999389648438,244.60000610351562,239.5,240.60000610351562,238.29605102539062,657426
FRO,FRO.OL,2024-10-18,241.0,245.39999389648438,241.0,242.10000610351562,239.7816925048828,802037
FRO,FRO.OL,2024-10-21,242.0,244.8000030517578,239.1999969482422,239.60000610351562,237.30563354492188,853541
FRO,FRO.OL,2024-10-22,239.5,240.0,234.0,234.8000030517578,232.55157470703125,661705
FRO,FRO.OL,2024-10-23,232.60000610351562,232.89999389648438,221.60000610351562,224.5,222.3502197265625,1491662
FRO,FRO.OL,2024-10-24,222.5,223.60000610351562,218.6999969482422,220.0,217.893310546875,1024179
FRO,FRO.OL,2024-10-25,219.10000610351562,221.3000030517578,217.10000610351562,221.3000030517578,219.1808624267578,716466
FRO,FRO.OL,2024-10-28,218.0,219.0,212.1999969482422,215.5,213.4364013671875,1138918
FRO,FRO.OL,2024-10-29,216.3000030517578,221.60000610351562,214.89999389648438,216.60000610351562,214.52587890625,897093
FRO,FRO.OL,2024-10-30,216.5,216.5,210.60000610351562,213.0,210.96031188964844,1201731
FRO,FRO.OL,2024-10-31,212.0,214.60000610351562,208.3000030517578,211.89999389648438,209.87088012695312,1002376
FRO,FRO.OL,2024-11-01,214.0,216.89999389648438,213.10000610351562,213.60000610351562,211.55459594726562,621982
FRO,FRO.OL,2024-11-04,212.8000030517578,212.8000030517578,208.3000030517578,211.1999969482422,209.1775665283203,728370
FRO,FRO.OL,2024-11-05,210.8000030517578,211.60000610351562,209.0,209.10000610351562,207.09768676757812,410178
FRO,FRO.OL,2024-11-06,208.89999389648438,210.6999969482422,204.5,207.89999389648438,205.9091796875,892672
FRO,FRO.OL,2024-11-07,209.0,214.39999389648438,209.0,211.60000610351562,209.57376098632812,637718
FRO,FRO.OL,2024-11-08,212.0,213.10000610351562,207.8000030517578,209.5,207.49386596679688,702205
FRO,FRO.OL,2024-11-11,209.0,212.39999389648438,207.8000030517578,209.10000610351562,207.09768676757812,486844
FRO,FRO.OL,2024-11-12,207.0,209.89999389648438,205.10000610351562,205.5,203.53216552734375,465117
FRO,FRO.OL,2024-11-13,207.10000610351562,213.1999969482422,207.10000610351562,211.89999389648438,209.87088012695312,1117431
FRO,FRO.OL,2024-11-14,215.5,222.8000030517578,215.5,221.8000030517578,219.67608642578125,997303
FRO,FRO.OL,2024-11-15,222.0,222.0,216.39999389648438,216.39999389648438,214.32777404785156,660670
FRO,FRO.OL,2024-11-18,216.39999389648438,220.0,215.3000030517578,219.10000610351562,217.00193786621094,618989
FRO,FRO.OL,2024-11-19,224.89999389648438,227.89999389648438,221.0,224.10000610351562,221.9540557861328,1064424
FRO,FRO.OL,2024-11-20,227.10000610351562,228.5,224.0,224.60000610351562,222.44927978515625,637289
FRO,FRO.OL,2024-11-21,222.89999389648438,222.89999389648438,214.89999389648438,217.3000030517578,215.2191619873047,902818
FRO,FRO.OL,2024-11-22,215.89999389648438,218.10000610351562,213.1999969482422,216.8000030517578,214.72396850585938,930707
FRO,FRO.OL,2024-11-25,216.8000030517578,219.0,211.10000610351562,211.60000610351562,209.57376098632812,720234
FRO,FRO.OL,2024-11-26,211.5,212.39999389648438,207.60000610351562,208.5,206.50344848632812,907997
FRO,FRO.OL,2024-11-27,198.10000610351562,198.10000610351562,181.14999389648438,184.35000610351562,182.58470153808594,4921621
FRO,FRO.OL,2024-11-28,187.0,189.5500030517578,185.5500030517578,185.5500030517578,183.77322387695312,1020634
FRO,FRO.OL,2024-11-29,183.8000030517578,185.35000610351562,179.5500030517578,180.89999389648438,179.167724609375,1780777
FRO,FRO.OL,2024-12-02,178.89999389648438,179.25,172.89999389648438,175.6999969482422,174.01751708984375,1794589
FRO,FRO.OL,2024-12-03,174.5,177.5,173.8000030517578,177.10000610351562,175.40411376953125,897388
FRO,FRO.OL,2024-12-04,188.0,190.89999389648438,180.25,180.39999389648438,178.67250061035156,1912784
FRO,FRO.OL,2024-12-05,177.5500030517578,177.60000610351562,173.0,176.39999389648438,174.7108154296875,1617081
FRO,FRO.OL,2024-12-06,175.8000030517578,177.35000610351562,171.4499969482422,172.8000030517578,171.14529418945312,1285133
FRO,FRO.OL,2024-12-09,170.5500030517578,174.25,168.60000610351562,170.4499969482422,168.8177947998047,1196729
FRO,FRO.OL,2024-12-10,166.5,168.5500030517578,165.25,166.0500030517578,164.78863525390625,763208
FRO,FRO.OL,2024-12-11,164.0,167.0,160.5,161.35000610351562,160.1243438720703,1579130
FRO,FRO.OL,2024-12-12,157.60000610351562,159.60000610351562,153.0,155.8000030517578,154.61648559570312,2541469
FRO,FRO.OL,2024-12-13,152.14999389648438,159.25,152.14999389648438,156.1999969482422,155.01345825195312,1775119
FRO,FRO.OL,2024-12-16,159.89999389648438,161.10000610351562,153.25,156.5500030517578,155.36080932617188,1017106
FRO,FRO.OL,2024-12-17,155.0500030517578,155.5500030517578,150.25,152.64999389648438,151.49041748046875,1332649
FRO,FRO.OL,2024-12-18,154.3000030517578,157.35000610351562,154.3000030517578,155.25,154.07069396972656,1029192
FRO,FRO.OL,2024-12-19,156.35000610351562,158.35000610351562,153.85000610351562,154.1999969482422,153.02865600585938,897525
FRO,FRO.OL,2024-12-20,153.6999969482422,155.60000610351562,150.5500030517578,151.9499969482422,150.79576110839844,2118385
FRO,FRO.OL,2024-12-23,153.0,156.0,151.35000610351562,154.85000610351562,153.67372131347656,860249
FRO,FRO.OL,2024-12-27,159.5,161.6999969482422,157.5,158.6999969482422,157.4944610595703,1124733
FRO,FRO.OL,2024-12-30,159.0,160.4499969482422,155.89999389648438,156.5500030517578,155.36080932617188,985694
FRO,FRO.OL,2025-01-02,161.35000610351562,169.8000030517578,161.35000610351562,169.8000030517578,168.51014709472656,1900151
FRO,FRO.OL,2025-01-03,169.89999389648438,169.89999389648438,162.85000610351562,163.35000610351562,162.10916137695312,1741134
FRO,FRO.OL,2025-01-06,164.25,166.0,161.14999389648438,165.8000030517578,164.54052734375,1262859
FRO,FRO.OL,2025-01-07,161.5,179.8000030517578,161.3000030517578,178.0,176.64785766601562,4276691
FRO,FRO.OL,2025-01-08,179.10000610351562,180.85000610351562,174.5500030517578,177.64999389648438,176.30050659179688,2366468
FRO,FRO.OL,2025-01-09,179.64999389648438,180.5500030517578,175.64999389648438,175.9499969482422,174.61343383789062,1090223
FRO,FRO.OL,2025-01-10,178.64999389648438,197.6999969482422,178.14999389648438,195.9499969482422,194.46151733398438,4407946
FRO,FRO.OL,2025-01-13,203.89999389648438,209.1999969482422,199.0,206.89999389648438,205.32833862304688,3934410
FRO,FRO.OL,2025-01-14,211.0,212.5,203.5,206.5,204.9313507080078,3262640
FRO,FRO.OL,2025-01-15,211.0,214.6999969482422,208.5,212.0,210.38958740234375,2575337
FRO,FRO.OL,2025-01-16,212.8000030517578,212.8000030517578,204.89999389648438,205.3000030517578,203.74046325683594,2096383
FRO,FRO.OL,2025-01-17,199.0,204.39999389648438,194.35000610351562,199.0,197.4883270263672,2534499
FRO,FRO.OL,2025-01-20,200.0,203.60000610351562,197.0,197.0,195.5035400390625,1282227
FRO,FRO.OL,2025-01-21,199.9499969482422,200.39999389648438,189.10000610351562,190.0,188.55670166015625,1765212
FRO,FRO.OL,2025-01-22,183.0,188.3000030517578,182.60000610351562,186.64999389648438,185.23216247558594,1913683
FRO,FRO.OL,2025-01-23,186.64999389648438,191.4499969482422,185.0500030517578,191.4499969482422,189.9956817626953,1103717
FRO,FRO.OL,2025-01-24,189.0,189.10000610351562,179.64999389648438,180.6999969482422,179.3273468017578,1269154
FRO,FRO.OL,2025-01-27,178.39999389648438,182.89999389648438,176.39999389648438,182.39999389648438,181.01443481445312,1210568
FRO,FRO.OL,2025-01-28,180.5,187.0,178.5,182.64999389648438,181.26254272460938,1354297
FRO,FRO.OL,2025-01-29,185.85000610351562,191.0,185.39999389648438,190.64999389648438,189.20175170898438,1319635
FRO,FRO.OL,2025-01-30,192.4499969482422,199.14999389648438,192.3000030517578,195.5500030517578,194.06454467773438,1368754
FRO,FRO.OL,2025-01-31,199.0,203.89999389648438,196.1999969482422,199.14999389648438,197.63717651367188,1805877
FRO,FRO.OL,2025-02-03,192.75,200.0,192.5500030517578,198.89999389648438,197.3891143798828,1535165
FRO,FRO.OL,2025-02-04,199.4499969482422,210.0,195.25,209.60000610351562,208.0078125,2424122
FRO,FRO.OL,2025-02-05,215.0,218.60000610351562,204.3000030517578,206.0,204.43515014648438,1903748
FRO,FRO.OL,2025-02-06,205.0,208.1999969482422,198.39999389648438,200.6999969482422,199.17543029785156,1314924
FRO,FRO.OL,2025-02-07,200.0,202.60000610351562,198.0500030517578,202.1999969482422,200.66403198242188,859438
FRO,FRO.OL,2025-02-10,199.9499969482422,202.6999969482422,193.9499969482422,194.4499969482422,192.972900390625,864800
FRO,FRO.OL,2025-02-11,197.39999389648438,199.8000030517578,195.5,196.1999969482422,194.70960998535156,1046365
FRO,FRO.OL,2025-02-12,195.0,204.3000030517578,192.1999969482422,202.10000610351562,200.56480407714844,1610159
FRO,FRO.OL,2025-02-13,199.0,200.6999969482422,196.89999389648438,199.3000030517578,197.7860565185547,861449
FRO,FRO.OL,2025-02-14,195.3000030517578,209.3000030517578,194.5500030517578,198.3000030517578,196.79364013671875,2239419
FRO,FRO.OL,2025-02-17,198.6999969482422,199.35000610351562,195.85000610351562,195.85000610351562,194.3622589111328,717037
FRO,FRO.OL,2025-02-18,198.5,199.1999969482422,196.0,197.4499969482422,195.95010375976562,786948
FRO,FRO.OL,2025-02-19,199.25,201.10000610351562,195.14999389648438,197.75,196.24783325195312,808707
FRO,FRO.OL,2025-02-20,194.3000030517578,194.39999389648438,186.14999389648438,186.25,184.835205078125,1524101
FRO,FRO.OL,2025-02-21,186.35000610351562,190.0500030517578,185.6999969482422,186.3000030517578,184.8848114013672,967493
FRO,FRO.OL,2025-02-24,185.6999969482422,186.5,178.6999969482422,179.0,177.64024353027344,1228529
FRO,FRO.OL,2025-02-25,182.0,186.4499969482422,179.0,179.0,177.64024353027344,1167752
FRO,FRO.OL,2025-02-26,177.10000610351562,179.4499969482422,175.25,179.10000610351562,177.73951721191406,1049357
FRO,FRO.OL,2025-02-27,177.5,177.5,172.0500030517578,173.0500030517578,171.73545837402344,1378216
FRO,FRO.OL,2025-02-28,170.0,182.5500030517578,167.5,181.0500030517578,179.67469787597656,1978841
FRO,FRO.OL,2025-03-03,181.5,189.35000610351562,181.5,183.3000030517578,181.90760803222656,1317930
FRO,FRO.OL,2025-03-04,181.85000610351562,185.5,176.60000610351562,181.5,180.12127685546875,1204627
FRO,FRO.OL,2025-03-05,185.75,187.8000030517578,176.5,178.0,176.64785766601562,1011498
FRO,FRO.OL,2025-03-06,174.5,181.14999389648438,172.60000610351562,175.8000030517578,174.46458435058594,1174541
FRO,FRO.OL,2025-03-07,176.9499969482422,179.75,174.5,178.8000030517578,177.44178771972656,623725
FRO,FRO.OL,2025-03-10,179.64999389648438,179.64999389648438,164.3000030517578,167.0500030517578,165.78103637695312,1634903
FRO,FRO.OL,2025-03-11,162.4499969482422,168.75,160.5,164.6999969482422,163.4488983154297,1266207
FRO,FRO.OL,2025-03-12,167.4499969482422,169.10000610351562,164.4499969482422,165.89999389648438,164.6397705078125,722928
FRO,FRO.OL,2025-03-13,163.8000030517578,170.1999969482422,163.0,168.10000610351562,167.02442932128906,1090820
FRO,FRO.OL,2025-03-14,168.9499969482422,168.9499969482422,162.10000610351562,162.4499969482422,161.4105682373047,798800
FRO,FRO.OL,2025-03-17,165.0,169.39999389648438,164.10000610351562,168.5500030517578,167.47154235839844,1024735
FRO,FRO.OL,2025-03-18,170.0,172.89999389648438,167.5,169.3000030517578,168.21673583984375,1191735
FRO,FRO.OL,2025-03-19,168.85000610351562,177.64999389648438,168.1999969482422,175.89999389648438,174.7744903564453,1549327
FRO,FRO.OL,2025-03-20,180.0,181.10000610351562,172.64999389648438,178.0,176.86106872558594,1204947
FRO,FRO.OL,2025-03-21,178.6999969482422,178.6999969482422,171.5,172.10000610351562,170.99884033203125,1301239
FRO,FRO.OL,2025-03-24,173.9499969482422,173.9499969482422,167.4499969482422,170.75,169.657470703125,807133
FRO,FRO.OL,2025-03-25,170.0500030517578,173.4499969482422,168.10000610351562,169.4499969482422,168.3657684326172,589177
FRO,FRO.OL,2025-03-26,166.4499969482422,168.14999389648438,165.5500030517578,166.4499969482422,165.38497924804688,686467
FRO,FRO.OL,2025-03-27,162.0,162.5,157.0,159.5,158.4794464111328,1591014
FRO,FRO.OL,2025-03-28,157.0,158.75,156.0,156.3000030517578,155.2999267578125,795203
FRO,FRO.OL,2025-03-31,155.64999389648438,155.64999389648438,150.64999389648438,153.6999969482422,152.716552734375,1879601
FRO,FRO.OL,2025-04-01,155.6999969482422,159.1999969482422,155.0500030517578,157.25,156.24383544921875,708055
FRO,FRO.OL,2025-04-02,157.5,158.39999389648438,152.64999389648438,153.6999969482422,152.716552734375,592833
FRO,FRO.OL,2025-04-03,149.75,154.0500030517578,147.3000030517578,150.89999389648438,149.93447875976562,1724724
FRO,FRO.OL,2025-04-04,150.0,150.35000610351562,133.64999389648438,134.89999389648438,134.03684997558594,2471525
FRO,FRO.OL,2025-04-07,129.5,151.0,126.0,151.0,150.03382873535156,3171471
FRO,FRO.OL,2025-04-08,154.3000030517578,155.39999389648438,147.0500030517578,148.10000610351562,147.1523895263672,1518823
FRO,FRO.OL,2025-04-09,142.8000030517578,147.89999389648438,141.3000030517578,145.25,144.3206329345703,1395326
FRO,FRO.OL,2025-04-10,156.10000610351562,156.35000610351562,149.39999389648438,150.39999389648438,149.4376678466797,1252493
FRO,FRO.OL,2025-04-11,151.60000610351562,163.6999969482422,150.5,160.6999969482422,159.67176818847656,1590754
FRO,FRO.OL,2025-04-14,164.9499969482422,165.39999389648438,158.6999969482422,159.14999389648438,158.13168334960938,1213166
FRO,FRO.OL,2025-04-15,159.89999389648438,160.85000610351562,156.10000610351562,156.1999969482422,155.2005615234375,548155
FRO,FRO.OL,2025-04-16,154.25,155.25,152.75,154.85000610351562,153.8592071533203,322456
FRO,FRO.OL,2025-04-22,156.8000030517578,159.39999389648438,153.14999389648438,157.39999389648438,156.39288330078125,794564
FRO,FRO.OL,2025-04-23,158.14999389648438,162.5,157.75,162.0500030517578,161.0131378173828,1183801
FRO,FRO.OL,2025-04-24,165.0,168.75,164.35000610351562,165.6999969482422,164.63978576660156,1185320
FRO,FRO.OL,2025-04-25,169.60000610351562,171.8000030517578,165.35000610351562,170.39999389648438,169.30970764160156,1090828
FRO,FRO.OL,2025-04-28,172.10000610351562,173.0,167.89999389648438,170.5500030517578,169.45875549316406,732682
FRO,FRO.OL,2025-04-29,169.5,172.85000610351562,167.75,172.39999389648438,171.29690551757812,620300
FRO,FRO.OL,2025-04-30,172.0,175.3000030517578,171.4499969482422,174.75,173.63186645507812,938570
FRO,FRO.OL,2025-05-02,177.0,180.75,174.9499969482422,176.6999969482422,175.56939697265625,1196404
FRO,FRO.OL,2025-05-05,186.0,190.0,183.9499969482422,185.0,183.81629943847656,1722807
FRO,FRO.OL,2025-05-06,188.0,190.10000610351562,183.10000610351562,186.60000610351562,185.40606689453125,1459047
FRO,FRO.OL,2025-05-07,181.1999969482422,182.35000610351562,176.3000030517578,177.14999389648438,176.01651000976562,1285970
FRO,FRO.OL,2025-05-08,177.39999389648438,178.75,173.5500030517578,175.89999389648438,174.7744903564453,799734
FRO,FRO.OL,2025-05-09,181.14999389648438,181.60000610351562,178.14999389648438,178.1999969482422,177.05979919433594,720515
FRO,FRO.OL,2025-05-12,182.0,186.14999389648438,182.0,183.39999389648438,182.2265167236328,950252
FRO,FRO.OL,2025-05-13,183.39999389648438,184.5,180.3000030517578,183.5,182.32589721679688,802745
FRO,FRO.OL,2025-05-14,185.5,189.85000610351562,185.5,189.85000610351562,188.63526916503906,1144733
FRO,FRO.OL,2025-05-15,188.0,188.0,182.89999389648438,186.5,185.30667114257812,1100291
FRO,FRO.OL,2025-05-16,188.9499969482422,193.1999969482422,187.8000030517578,190.14999389648438,188.93333435058594,1174336
FRO,FRO.OL,2025-05-19,189.10000610351562,190.39999389648438,187.64999389648438,188.64999389648438,187.44293212890625,842653
FRO,FRO.OL,2025-05-20,189.0,189.5500030517578,185.10000610351562,186.3000030517578,185.10797119140625,1117164
FRO,FRO.OL,2025-05-21,185.75,187.5,181.39999389648438,182.39999389648438,181.23292541503906,987151
FRO,FRO.OL,2025-05-22,182.0,183.9499969482422,176.64999389648438,177.4499969482422,176.31459045410156,1264985
FRO,FRO.OL,2025-05-23,172.89999389648438,182.25,172.14999389648438,182.25,181.08387756347656,2225250
FRO,FRO.OL,2025-05-26,189.25,195.0,188.0,194.35000610351562,193.10646057128906,1645010
FRO,FRO.OL,2025-05-27,194.4499969482422,195.35000610351562,187.39999389648438,188.60000610351562,187.39324951171875,1890654
FRO,FRO.OL,2025-05-28,191.8000030517578,192.8000030517578,180.25,180.9499969482422,179.7921905517578,1880438
FRO,FRO.OL,2025-05-30,179.5,188.5500030517578,178.3000030517578,184.60000610351562,183.41883850097656,1409797
FRO,FRO.OL,2025-06-02,184.0,186.0,182.5,183.3000030517578,182.12716674804688,968297
FRO,FRO.OL,2025-06-03,183.5,183.5,176.5,179.85000610351562,178.69923400878906,1319190
FRO,FRO.OL,2025-06-04,179.85000610351562,181.89999389648438,178.3000030517578,180.14999389648438,178.997314453125,765967
FRO,FRO.OL,2025-06-05,181.0,185.85000610351562,180.75,181.8000030517578,180.6367645263672,1427324
FRO,FRO.OL,2025-06-06,182.5500030517578,186.3000030517578,181.0,181.5,180.33868408203125,1125598
FRO,FRO.OL,2025-06-10,178.75,181.4499969482422,176.64999389648438,177.75,176.6126708984375,1215377
FRO,FRO.OL,2025-06-11,176.89999389648438,177.9499969482422,174.4499969482422,177.3000030517578,176.34413146972656,851056
FRO,FRO.OL,2025-06-12,180.89999389648438,182.8000030517578,178.4499969482422,180.75,179.77554321289062,1560907
FRO,FRO.OL,2025-06-13,194.39999389648438,197.0,186.14999389648438,188.4499969482422,187.4340362548828,3975229
FRO,FRO.OL,2025-06-16,193.39999389648438,197.39999389648438,183.8000030517578,185.0,184.00262451171875,3095516
FRO,FRO.OL,2025-06-17,185.0,195.89999389648438,185.0,193.89999389648438,192.85464477539062,2399644
FRO,FRO.OL,2025-06-18,196.1999969482422,196.75,191.0500030517578,193.10000610351562,192.0589599609375,2209873
FRO,FRO.OL,2025-06-19,194.0,199.5,194.0,199.5,198.4244384765625,1379643
FRO,FRO.OL,2025-06-20,197.5,197.89999389648438,192.85000610351562,194.25,193.2027587890625,1978745
FRO,FRO.OL,2025-06-23,199.89999389648438,200.0,193.0,196.39999389648438,195.34115600585938,2092252
FRO,FRO.OL,2025-06-24,183.0,185.4499969482422,177.6999969482422,180.35000610351562,179.37770080566406,3147166
FRO,FRO.OL,2025-06-25,179.0,180.75,176.0,177.5500030517578,176.59280395507812,1679550
FRO,FRO.OL,2025-06-26,177.39999389648438,178.5500030517578,175.35000610351562,176.25,175.29978942871094,765983
FRO,FRO.OL,2025-06-27,175.5,175.5,171.6999969482422,172.9499969482422,172.017578125,1367938
FRO,FRO.OL,2025-06-30,172.0,172.1999969482422,166.1999969482422,166.4499969482422,165.55262756347656,1377377
FRO,FRO.OL,2025-07-01,164.0,166.3000030517578,162.5500030517578,164.6999969482422,163.81207275390625,1000865
FRO,FRO.OL,2025-07-02,166.1999969482422,169.5,165.25,169.5,168.58619689941406,802634
FRO,FRO.OL,2025-07-03,170.3000030517578,175.3000030517578,170.3000030517578,174.1999969482422,173.26084899902344,834037
FRO,FRO.OL,2025-07-04,174.89999389648438,180.8000030517578,174.5,180.6999969482422,179.72579956054688,969517
FRO,FRO.OL,2025-07-07,181.25,187.64999389648438,180.4499969482422,186.4499969482422,185.44480895996094,1459466
FRO,FRO.OL,2025-07-08,187.25,189.14999389648438,185.5,188.4499969482422,187.4340362548828,1132350
FRO,FRO.OL,2025-07-09,187.0,187.14999389648438,179.3000030517578,179.5500030517578,178.58200073242188,1504407
FRO,FRO.OL,2025-07-10,181.8000030517578,185.60000610351562,180.0,185.5,184.4999237060547,764701
FRO,FRO.OL,2025-07-11,186.0,191.6999969482422,186.0,191.3000030517578,190.26866149902344,1193388
FRO,FRO.OL,2025-07-14,192.10000610351562,192.5,187.0,187.39999389648438,186.38967895507812,660679
FRO,FRO.OL,2025-07-15,186.85000610351562,188.8000030517578,186.0,188.3000030517578,187.28485107421875,506809
FRO,FRO.OL,2025-07-16,188.89999389648438,190.64999389648438,187.4499969482422,187.64999389648438,186.63833618164062,644878
FRO,FRO.OL,2025-07-17,187.6999969482422,190.75,186.5,190.3000030517578,189.2740478515625,560888
FRO,FRO.OL,2025-07-18,189.0,190.0,188.0,189.0,187.98106384277344,696455
FRO,FRO.OL,2025-07-21,186.39999389648438,188.10000610351562,185.0500030517578,185.25,184.25128173828125,450122
FRO,FRO.OL,2025-07-22,184.35000610351562,185.8000030517578,183.35000610351562,185.10000610351562,184.10208129882812,505463
FRO,FRO.OL,2025-07-23,184.89999389648438,192.10000610351562,184.85000610351562,191.60000610351562,190.56704711914062,1030053
FRO,FRO.OL,2025-07-24,191.1999969482422,193.4499969482422,190.3000030517578,192.10000610351562,191.06436157226562,733230
FRO,FRO.OL,2025-07-25,191.10000610351562,191.4499969482422,186.60000610351562,188.0500030517578,187.0361785888672,579718
FRO,FRO.OL,2025-07-28,190.0,194.35000610351562,189.25,192.85000610351562,191.810302734375,1164826
FRO,FRO.OL,2025-07-29,193.25,195.0,191.10000610351562,193.6999969482422,192.6557159423828,912193
FRO,FRO.OL,2025-07-30,194.25,195.0,188.10000610351562,192.60000610351562,191.5616455078125,1271271
FRO,FRO.OL,2025-07-31,191.6999969482422,192.3000030517578,188.5500030517578,191.60000610351562,190.56704711914062,790538
FRO,FRO.OL,2025-08-01,190.39999389648438,193.4499969482422,187.60000610351562,189.3000030517578,188.27944946289062,814290
FRO,FRO.OL,2025-08-04,193.0,200.10000610351562,193.0,198.89999389648438,197.8276824951172,2036174
FRO,FRO.OL,2025-08-05,200.0,207.6999969482422,199.0,204.5,203.3975067138672,1536788
FRO,FRO.OL,2025-08-06,209.6999969482422,212.0,206.6999969482422,207.5,206.38131713867188,1276602
FRO,FRO.OL,2025-08-07,202.1999969482422,206.39999389648438,201.0,203.3000030517578,202.2039794921875,1078211
FRO,FRO.OL,2025-08-08,202.0,207.6999969482422,202.0,203.39999389648438,202.3034210205078,902777
FRO,FRO.OL,2025-08-11,196.8000030517578,196.8000030517578,189.64999389648438,193.1999969482422,192.1584014892578,1674344
FRO,FRO.OL,2025-08-12,190.5,192.9499969482422,188.5500030517578,192.9499969482422,191.90975952148438,855752
FRO,FRO.OL,2025-08-13,190.75,194.1999969482422,189.4499969482422,191.4499969482422,190.4178466796875,822734
FRO,FRO.OL,2025-08-14,191.5500030517578,195.39999389648438,191.5,192.9499969482422,191.90975952148438,659034
FRO,FRO.OL,2025-08-15,192.0,192.85000610351562,187.5500030517578,189.1999969482422,188.1799774169922,763294
FRO,FRO.OL,2025-08-18,189.5500030517578,192.89999389648438,188.35000610351562,191.39999389648438,190.3681182861328,753093
FRO,FRO.OL,2025-08-19,194.14999389648438,195.89999389648438,193.14999389648438,193.14999389648438,192.1086883544922,1030380
FRO,FRO.OL,2025-08-20,190.0,196.6999969482422,189.1999969482422,194.5,193.45140075683594,808871
FRO,FRO.OL,2025-08-21,196.0500030517578,202.10000610351562,196.0500030517578,201.89999389648438,200.81150817871094,1086346
FRO,FRO.OL,2025-08-22,208.0,209.89999389648438,206.5,209.89999389648438,208.76837158203125,1475744
FRO,FRO.OL,2025-08-25,209.3000030517578,209.3000030517578,206.8000030517578,207.10000610351562,205.98348999023438,702662
FRO,FRO.OL,2025-08-26,207.1999969482422,209.1999969482422,203.8000030517578,206.0,204.88938903808594,603649
FRO,FRO.OL,2025-08-27,204.0,207.3000030517578,203.60000610351562,206.5,205.38670349121094,680838
FRO,FRO.OL,2025-08-28,207.0,209.39999389648438,205.6999969482422,206.3000030517578,205.1877899169922,869904
FRO,FRO.OL,2025-08-29,198.0,209.5,197.6999969482422,206.5,205.38670349121094,2392317
FRO,FRO.OL,2025-09-01,209.89999389648438,212.6999969482422,205.0,206.60000610351562,205.48617553710938,953497
FRO,FRO.OL,2025-09-02,205.0,209.60000610351562,204.3000030517578,204.39999389648438,203.2980194091797,1131081
FRO,FRO.OL,2025-09-03,208.0,217.6999969482422,206.89999389648438,216.0,214.8354949951172,2083498
FRO,FRO.OL,2025-09-04,218.5,218.6999969482422,212.60000610351562,218.0,216.82472229003906,1544933
FRO,FRO.OL,2025-09-05,218.39999389648438,222.0,215.60000610351562,222.0,220.8031463623047,4793630
FRO,FRO.OL,2025-09-08,225.0,230.89999389648438,224.6999969482422,227.8000030517578,226.57188415527344,1864328
FRO,FRO.OL,2025-09-09,229.8000030517578,229.8000030517578,223.0,223.0,221.79776000976562,1698788
FRO,FRO.OL,2025-09-10,224.0,225.0,220.60000610351562,224.0,222.79237365722656,1037006
FRO,FRO.OL,2025-09-11,221.6999969482422,225.89999389648438,221.1999969482422,221.5,220.6604766845703,1291899
FRO,FRO.OL,2025-09-12,227.60000610351562,233.0,226.1999969482422,230.89999389648438,230.02484130859375,2845981
FRO,FRO.OL,2025-09-15,233.10000610351562,238.3000030517578,232.89999389648438,236.89999389648438,236.00209045410156,2027077
FRO,FRO.OL,2025-09-16,238.10000610351562,238.10000610351562,231.5,232.3000030517578,231.41954040527344,1691920
FRO,FRO.OL,2025-09-17,233.60000610351562,235.89999389648438,231.5,235.89999389648438,235.00587463378906,1143089
FRO,FRO.OL,2025-09-18,233.0,235.39999389648438,231.39999389648438,232.1999969482422,231.31991577148438,1181521
FRO,FRO.OL,2025-09-19,234.10000610351562,234.8000030517578,228.6999969482422,230.0,229.1282501220703,1785504
FRO,FRO.OL,2025-09-22,230.39999389648438,232.1999969482422,226.89999389648438,230.5,229.62635803222656,1030606
FRO,FRO.OL,2025-09-23,230.0,237.1999969482422,228.1999969482422,237.0,236.1017303466797,1584074
FRO,FRO.OL,2025-09-24,238.0,238.10000610351562,235.1999969482422,236.0,235.1055145263672,797893
FRO,FRO.OL,2025-09-25,236.0,236.5,230.0,230.0,229.1282501220703,823535
FRO,FRO.OL,2025-09-26,231.39999389648438,232.39999389648438,228.10000610351562,230.5,229.62635803222656,616633
FRO,FRO.OL,2025-09-29,231.89999389648438,232.8000030517578,226.39999389648438,228.6999969482422,227.8331756591797,779799
FRO,FRO.OL,2025-09-30,225.8000030517578,229.60000610351562,221.10000610351562,228.0,227.13583374023438,1265306
FRO,FRO.OL,2025-10-01,226.0,227.89999389648438,221.6999969482422,225.1999969482422,224.34645080566406,946236
FRO,FRO.OL,2025-10-02,226.10000610351562,230.0,224.39999389648438,224.39999389648438,223.54946899414062,757013
FRO,FRO.OL,2025-10-03,226.0,231.10000610351562,224.39999389648438,228.5,227.63394165039062,816802
FRO,FRO.OL,2025-10-06,226.0,230.0,224.10000610351562,228.39999389648438,227.53431701660156,975508
FRO,FRO.OL,2025-10-07,227.5,227.60000610351562,217.1999969482422,217.1999969482422,216.37677001953125,1102254
FRO,FRO.OL,2025-10-08,218.8000030517578,221.6999969482422,216.6999969482422,217.8000030517578,216.9744873046875,922636
FRO,FRO.OL,2025-10-09,220.5,230.60000610351562,220.5,230.0,229.1282501220703,2124034
FRO,FRO.OL,2025-10-10,232.0,234.8000030517578,229.10000610351562,232.6999969482422,231.81802368164062,1259941
FRO,FRO.OL,2025-10-13,232.0,235.89999389648438,228.60000610351562,233.3000030517578,232.41574096679688,911715
FRO,FRO.OL,2025-10-14,232.0,232.0,216.89999389648438,220.1999969482422,219.3654022216797,2279728
FRO,FRO.OL,2025-10-15,223.10000610351562,230.5,221.10000610351562,230.1999969482422,229.32749938964844,1136357
FRO,FRO.OL,2025-10-16,229.8000030517578,235.60000610351562,229.0,235.3000030517578,234.40817260742188,1301158
FRO,FRO.OL,2025-10-17,230.89999389648438,232.8000030517578,225.60000610351562,230.3000030517578,229.4271240234375,1272446
FRO,FRO.OL,2025-10-20,234.0,240.5,234.0,237.5,236.59983825683594,1411767
FRO,FRO.OL,2025-10-21,237.39999389648438,237.39999389648438,230.10000610351562,231.5,230.62257385253906,870988
FRO,FRO.OL,2025-10-22,230.1999969482422,231.5,225.39999389648438,225.39999389648438,224.54568481445312,1044038
FRO,FRO.OL,2025-10-23,235.0,241.6999969482422,225.39999389648438,238.3000030517578,237.3968048095703,3997364
FRO,FRO.OL,2025-10-24,240.8000030517578,241.60000610351562,236.5,238.6999969482422,237.7952880859375,1556602
FRO,FRO.OL,2025-10-27,241.0,241.0,234.1999969482422,236.6999969482422,235.8028564453125,1223537
FRO,FRO.OL,2025-10-28,237.60000610351562,243.0,237.5,240.1999969482422,239.2895965576172,1387220
FRO,FRO.OL,2025-10-29,242.89999389648438,250.39999389648438,241.89999389648438,248.0,247.06002807617188,2017113
FRO,FRO.OL,2025-10-30,251.0,253.1999969482422,247.3000030517578,247.3000030517578,246.36268615722656,1755197
FRO,FRO.OL,2025-10-31,246.0,251.10000610351562,244.8000030517578,248.8000030517578,247.8570098876953,1078664
FRO,FRO.OL,2025-11-03,250.5,251.0,244.3000030517578,247.6999969482422,246.76116943359375,1091267
FRO,FRO.OL,2025-11-04,244.8000030517578,244.8000030517578,237.0,238.0,237.09793090820312,1009330
FRO,FRO.OL,2025-11-05,235.0,239.39999389648438,234.0,237.0,236.1017303466797,553060
FRO,FRO.OL,2025-11-06,236.5,243.1999969482422,235.8000030517578,241.5,240.5846710205078,637170
FRO,FRO.OL,2025-11-07,242.0,245.60000610351562,240.1999969482422,241.3000030517578,240.3854217529297,545903
FRO,FRO.OL,2025-11-10,243.8000030517578,244.0,238.60000610351562,244.0,243.0751953125,630931
FRO,FRO.OL,2025-11-11,242.89999389648438,246.5,241.10000610351562,241.5,240.5846710205078,996091
FRO,FRO.OL,2025-11-12,243.5,250.0,243.5,250.0,249.05245971679688,1427700
FRO,FRO.OL,2025-11-13,253.3000030517578,255.89999389648438,250.10000610351562,255.0,254.0334930419922,1481850
FRO,FRO.OL,2025-11-14,252.6999969482422,253.6999969482422,246.8000030517578,251.3000030517578,250.3475341796875,1199005
FRO,FRO.OL,2025-11-17,256.0,259.5,254.6999969482422,259.0,258.0183410644531,1080916
FRO,FRO.OL,2025-11-18,256.0,257.29998779296875,251.8000030517578,256.3999938964844,255.42819213867188,1278923
FRO,FRO.OL,2025-11-19,259.3999938964844,259.6000061035156,253.6999969482422,258.0,257.0221252441406,1208551
FRO,FRO.OL,2025-11-20,258.20001220703125,264.6000061035156,254.39999389648438,262.5,261.5050964355469,1552256
FRO,FRO.OL,2025-11-21,252.39999389648438,264.79998779296875,248.6999969482422,261.0,260.0107421875,2180016
FRO,FRO.OL,2025-11-24,263.6000061035156,265.20001220703125,250.0,251.60000610351562,250.64639282226562,2426657
FRO,FRO.OL,2025-11-25,255.0,260.70001220703125,246.89999389648438,248.8000030517578,247.8570098876953,1621525
FRO,FRO.OL,2025-11-26,247.5,249.3000030517578,243.6999969482422,246.6999969482422,245.7649688720703,958745
FRO,FRO.OL,2025-11-27,243.0,247.3000030517578,241.1999969482422,244.10000610351562,243.17483520507812,908576
FRO,FRO.OL,2025-11-28,244.1999969482422,246.0,240.0,242.0,241.08277893066406,1077546
FRO,FRO.OL,2025-12-01,239.39999389648438,242.0,233.60000610351562,235.39999389648438,234.50779724121094,1109197
FRO,FRO.OL,2025-12-02,231.60000610351562,234.3000030517578,228.5,233.6999969482422,232.81423950195312,1563259
FRO,FRO.OL,2025-12-03,236.0,242.1999969482422,236.0,240.89999389648438,239.9869384765625,1016983
FRO,FRO.OL,2025-12-04,240.0,240.39999389648438,235.5,235.5,234.60740661621094,686271
FRO,FRO.OL,2025-12-05,235.1999969482422,237.6999969482422,233.10000610351562,235.8000030517578,234.90628051757812,670247
FRO,FRO.OL,2025-12-08,236.0,242.39999389648438,235.8000030517578,241.10000610351562,240.18618774414062,804197
FRO,FRO.OL,2025-12-09,239.0,239.6999969482422,232.6999969482422,232.6999969482422,231.81802368164062,1067000
FRO,FRO.OL,2025-12-10,231.8000030517578,233.8000030517578,228.8000030517578,229.3000030517578,228.430908203125,746572
FRO,FRO.OL,2025-12-11,230.0,234.3000030517578,227.39999389648438,231.89999389648438,231.21263122558594,1049181
FRO,FRO.OL,2025-12-12,231.39999389648438,234.89999389648438,229.6999969482422,233.8000030517578,233.1070098876953,769431
FRO,FRO.OL,2025-12-15,232.8000030517578,234.60000610351562,230.10000610351562,231.8000030517578,231.11294555664062,595901
FRO,FRO.OL,2025-12-16,229.0,234.10000610351562,228.8000030517578,231.5,230.81382751464844,858957
FRO,FRO.OL,2025-12-17,231.8000030517578,238.5,231.8000030517578,233.3000030517578,232.60848999023438,937306
FRO,FRO.OL,2025-12-18,235.0,235.39999389648438,228.1999969482422,229.0,228.3212432861328,600616
FRO,FRO.OL,2025-12-19,225.0,225.0,221.10000610351562,222.0,221.34197998046875,1762572
FRO,FRO.OL,2025-12-22,223.0,226.0,220.1999969482422,222.39999389648438,221.7407989501953,849476
FRO,FRO.OL,2025-12-23,219.10000610351562,220.8000030517578,214.6999969482422,215.39999389648438,214.7615509033203,1828419
FRO,FRO.OL,2025-12-29,215.60000610351562,220.39999389648438,215.60000610351562,220.39999389648438,219.74671936035156,880274
FRO,FRO.OL,2025-12-30,221.89999389648438,222.89999389648438,219.8000030517578,222.39999389648438,221.7407989501953,738735
FRO,FRO.OL,2026-01-02,221.39999389648438,221.5,208.5,208.60000610351562,207.98170471191406,1458260
FRO,FRO.OL,2026-01-05,211.6999969482422,215.3000030517578,208.60000610351562,212.6999969482422,212.06954956054688,1404194
FRO,FRO.OL,2026-01-06,209.60000610351562,218.6999969482422,207.10000610351562,218.6999969482422,218.05177307128906,1673319
FRO,FRO.OL,2026-01-07,216.1999969482422,235.0,214.60000610351562,233.0,232.30938720703125,2481836
FRO,FRO.OL,2026-01-08,235.5,244.5,235.5,239.8000030517578,239.0892333984375,2640038
FRO,FRO.OL,2026-01-09,251.0,253.0,244.3000030517578,244.39999389648438,243.6755828857422,2257500
FRO,FRO.OL,2026-01-12,251.8000030517578,255.8000030517578,251.1999969482422,252.39999389648438,251.65187072753906,2154780
FRO,FRO.OL,2026-01-13,253.0,264.79998779296875,250.1999969482422,264.1000061035156,263.31719970703125,2162809
FRO,FRO.OL,2026-01-14,262.8999938964844,268.3999938964844,260.8999938964844,267.0,266.2086181640625,1518150
FRO,FRO.OL,2026-01-15,262.0,262.0,255.8000030517578,259.1000061035156,258.33203125,1541451
FRO,FRO.OL,2026-01-16,263.5,268.79998779296875,263.0,267.20001220703125,266.40802001953125,1482973
FRO,FRO.OL,2026-01-19,264.0,264.6000061035156,259.1000061035156,263.0,262.220458984375,1049885
FRO,FRO.OL,2026-01-20,261.20001220703125,263.0,256.8999938964844,259.20001220703125,258.4317321777344,1041755
FRO,FRO.OL,2026-01-21,257.0,264.8999938964844,256.70001220703125,257.6000061035156,256.83648681640625,1411746
FRO,FRO.OL,2026-01-22,263.0,264.6000061035156,250.8000030517578,252.3000030517578,251.55218505859375,1352604
FRO,FRO.OL,2026-01-23,250.3000030517578,257.8999938964844,247.89999389648438,257.8999938964844,257.13555908203125,964429
FRO,FRO.OL,2026-01-26,264.5,270.70001220703125,262.29998779296875,263.3999938964844,262.6192626953125,2444161
FRO,FRO.OL,2026-01-27,263.0,264.20001220703125,258.20001220703125,261.0,260.22637939453125,1499437
FRO,FRO.OL,2026-01-28,259.79998779296875,266.3999938964844,257.20001220703125,266.20001220703125,265.4109802246094,1627668
FRO,FRO.OL,2026-01-29,267.8999938964844,272.6000061035156,265.79998779296875,266.5,265.7100830078125,1972517
FRO,FRO.OL,2026-01-30,269.3999938964844,275.5,266.5,274.5,273.6863708496094,1684719
FRO,FRO.OL,2026-02-02,269.5,275.1000061035156,267.6000061035156,273.79998779296875,272.9884338378906,1185003
FRO,FRO.OL,2026-02-03,276.5,280.29998779296875,274.5,274.70001220703125,273.88580322265625,1219757
FRO,FRO.OL,2026-02-04,277.0,277.3999938964844,269.8999938964844,270.3999938964844,269.5985107421875,1194736
FRO,FRO.OL,2026-02-05,270.5,277.0,268.6000061035156,275.29998779296875,274.4839782714844,1031217
FRO,FRO.OL,2026-02-06,273.0,278.5,268.5,278.5,277.6745300292969,1349567
FRO,FRO.OL,2026-02-09,281.70001220703125,283.0,275.1000061035156,278.0,277.1759948730469,1420955
FRO,FRO.OL,2026-02-10,278.1000061035156,279.0,275.1000061035156,276.5,275.6804504394531,818071
FRO,FRO.OL,2026-02-11,275.29998779296875,290.0,274.5,281.6000061035156,280.7653503417969,1448377
FRO,FRO.OL,2026-02-12,285.6000061035156,287.0,282.5,284.0,283.158203125,786311
FRO,FRO.OL,2026-02-13,281.8999938964844,289.70001220703125,278.70001220703125,289.70001220703125,288.8413391113281,1601182
FRO,FRO.OL,2026-02-16,290.0,295.0,289.29998779296875,294.3999938964844,293.5273742675781,811188
FRO,FRO.OL,2026-02-17,294.3999938964844,296.79998779296875,287.5,292.29998779296875,291.43359375,1538926
FRO,FRO.OL,2026-02-18,298.5,316.1000061035156,298.5,313.1000061035156,312.1719665527344,2868709
FRO,FRO.OL,2026-02-19,316.0,324.70001220703125,311.70001220703125,324.3999938964844,323.4384765625,1712578
FRO,FRO.OL,2026-02-20,324.0,326.8999938964844,319.3999938964844,324.6000061035156,323.63787841796875,1450705
FRO,FRO.OL,2026-02-23,326.0,328.0,320.29998779296875,325.8999938964844,324.93402099609375,1171694
FRO,FRO.OL,2026-02-24,334.29998779296875,342.1000061035156,332.5,342.1000061035156,341.0860290527344,1928372
FRO,FRO.OL,2026-02-25,345.0,349.5,339.79998779296875,342.0,340.9862976074219,1393981
FRO,FRO.OL,2026-02-26,347.1000061035156,351.6000061035156,339.0,349.8999938964844,348.8628845214844,1537662
FRO,FRO.OL,2026-02-27,346.0,360.29998779296875,341.0,354.0,352.95074462890625,1628419
FRO,FRO.OL,2026-03-02,374.0,388.6000061035156,361.6000061035156,364.0,362.92108154296875,3787033
FRO,FRO.OL,2026-03-03,376.6000061035156,377.20001220703125,347.0,349.79998779296875,348.76318359375,3073383
FRO,FRO.OL,2026-03-04,351.0,356.29998779296875,338.79998779296875,351.5,350.4581604003906,2348482
FRO,FRO.OL,2026-03-05,346.1000061035156,346.8999938964844,335.6000061035156,343.79998779296875,342.78094482421875,1757512
FRO,FRO.OL,2026-03-06,336.0,341.5,324.6000061035156,330.3999938964844,329.4206848144531,2031986
FRO,FRO.OL,2026-03-09,326.0,342.79998779296875,323.6000061035156,339.70001220703125,338.6931457519531,2092456
FRO,FRO.OL,2026-03-10,340.0,348.79998779296875,334.70001220703125,347.5,346.4700012207031,1197604
FRO,FRO.OL,2026-03-11,334.29998779296875,334.29998779296875,317.0,321.0,321.0,1578831
FRO,FRO.OL,2026-03-12,316.29998779296875,319.20001220703125,299.79998779296875,301.20001220703125,301.20001220703125,1873211
FRO,FRO.OL,2026-03-13,296.0,298.6000061035156,284.1000061035156,293.1000061035156,293.1000061035156,2488858
FRO,FRO.OL,2026-03-16,292.20001220703125,303.0,288.8999938964844,297.6000061035156,297.6000061035156,1294644
FRO,FRO.OL,2026-03-17,304.79998779296875,307.6000061035156,298.3999938964844,301.0,301.0,1311762
FRO,FRO.OL,2026-03-18,303.0,313.1000061035156,300.6000061035156,313.0,313.0,1280487
FRO,FRO.OL,2026-03-19,307.5,311.5,296.79998779296875,310.20001220703125,310.20001220703125,1590771
FRO,FRO.OL,2026-03-20,310.20001220703125,317.0,303.70001220703125,310.70001220703125,310.70001220703125,1587339
FRO,FRO.OL,2026-03-23,301.0,329.79998779296875,296.0,327.1000061035156,327.1000061035156,2094886
FRO,FRO.OL,2026-03-24,329.70001220703125,342.79998779296875,325.8999938964844,342.0,342.0,1570693
FRO,FRO.OL,2026-03-25,345.0,349.70001220703125,327.0,327.8999938964844,327.8999938964844,1518251
FRO,FRO.OL,2026-03-26,328.0,336.20001220703125,326.0,334.0,334.0,635055
FRO,FRO.OL,2026-03-27,329.6000061035156,330.29998779296875,319.8999938964844,330.0,330.0,700967
FRO,FRO.OL,2026-03-30,331.0,335.1000061035156,321.6000061035156,332.70001220703125,332.70001220703125,686804
FRO,FRO.OL,2026-03-31,327.8999938964844,341.0,325.6000061035156,339.8999938964844,339.8999938964844,1360554
FRO,FRO.OL,2026-04-01,336.0,340.5,332.29998779296875,339.29998779296875,339.29998779296875,640287
FRO,FRO.OL,2026-04-07,351.0,358.79998779296875,348.79998779296875,349.0,349.0,1729908
FRO,FRO.OL,2026-04-08,352.29998779296875,353.6000061035156,325.6000061035156,342.8999938964844,342.8999938964844,1755004
FRO,FRO.OL,2026-04-09,345.5,349.8999938964844,343.3999938964844,344.20001220703125,344.20001220703125,959225
FRO,FRO.OL,2026-04-10,336.6000061035156,336.8999938964844,324.79998779296875,326.6000061035156,326.6000061035156,1208000
FRO,FRO.OL,2026-04-13,331.8999938964844,333.29998779296875,323.70001220703125,332.29998779296875,332.29998779296875,833732
FRO,FRO.OL,2026-04-14,330.0,333.6000061035156,322.3999938964844,329.1000061035156,329.1000061035156,905770
FRO,FRO.OL,2026-04-15,324.20001220703125,341.70001220703125,323.0,335.8999938964844,335.8999938964844,1602946
FRO,FRO.OL,2026-04-16,333.3999938964844,333.3999938964844,322.70001220703125,329.5,329.5,933303
FRO,FRO.OL,2026-04-17,329.5,347.20001220703125,328.0,346.29998779296875,346.29998779296875,2084284
FRO,FRO.OL,2026-04-20,339.70001220703125,343.20001220703125,327.79998779296875,342.0,342.0,869831
FRO,FRO.OL,2026-04-21,346.5,355.70001220703125,344.8999938964844,345.0,345.0,1217942
FRO,FRO.OL,2026-04-22,334.20001220703125,335.6000061035156,316.0,316.3999938964844,316.3999938964844,1823126
FRO,FRO.OL,2026-04-23,321.6000061035156,329.0,317.8999938964844,324.6000061035156,324.6000061035156,895473
FRO,FRO.OL,2026-04-24,325.3999938964844,330.5,321.70001220703125,329.70001220703125,329.70001220703125,573424
FRO,FRO.OL,2026-04-27,332.1000061035156,335.29998779296875,324.79998779296875,324.79998779296875,324.79998779296875,782599
FRO,FRO.OL,2026-04-28,333.0,342.0,331.79998779296875,335.79998779296875,335.79998779296875,1133218
FRO,FRO.OL,2026-04-29,336.29998779296875,341.8999938964844,334.5,334.5,334.5,666307
FRO,FRO.OL,2026-04-30,334.5,344.8999938964844,332.1000061035156,337.0,337.0,764541
FRO,FRO.OL,2026-05-04,339.79998779296875,342.8999938964844,336.1000061035156,341.29998779296875,341.29998779296875,456753
FRO,FRO.OL,2026-05-05,344.29998779296875,356.0,344.29998779296875,353.70001220703125,353.70001220703125,1132528
FRO,FRO.OL,2026-05-06,354.79998779296875,364.29998779296875,337.3999938964844,348.70001220703125,348.70001220703125,1380874
FRO,FRO.OL,2026-05-07,350.0,357.8999938964844,342.5,353.6000061035156,353.6000061035156,765301
FRO,FRO.OL,2026-05-08,354.70001220703125,358.79998779296875,353.29998779296875,358.0,358.0,528553
FRO,FRO.OL,2026-05-11,360.0,365.0,358.29998779296875,360.20001220703125,360.20001220703125,222755
