ticker,yahoo_symbol,date,open,high,low,close,adj_close,volume
STB,STB.OL,2000-01-03,51.24698257446289,52.92721176147461,51.24698257446289,51.66703796386719,26.658334732055664,350022
STB,STB.OL,2000-01-04,50.40686798095703,50.82692337036133,48.72663879394531,48.72663879394531,25.141191482543945,796512
STB,STB.OL,2000-01-05,47.46646499633789,48.30657958984375,46.206295013427734,47.88652420043945,24.70772361755371,1053831
STB,STB.OL,2000-01-06,47.88652420043945,48.30657958984375,47.46646499633789,47.88652420043945,24.70772361755371,458779
STB,STB.OL,2000-01-07,48.72663879394531,49.14669418334961,48.30657958984375,48.30657958984375,24.924457550048828,331828
STB,STB.OL,2000-01-10,49.56675338745117,49.56675338745117,48.30657958984375,48.72663879394531,25.141191482543945,250105
STB,STB.OL,2000-01-11,47.88652420043945,48.72663879394531,47.46646499633789,48.72663879394531,25.141191482543945,749315
STB,STB.OL,2000-01-12,48.30657958984375,48.72663879394531,47.46646499633789,47.46646499633789,24.490991592407227,216637
STB,STB.OL,2000-01-13,47.88652420043945,48.72663879394531,47.88652420043945,48.72663879394531,25.141191482543945,277528
STB,STB.OL,2000-01-14,48.72663879394531,49.56675338745117,47.88652420043945,48.30657958984375,24.924457550048828,630310
STB,STB.OL,2000-01-17,49.56675338745117,49.56675338745117,48.30657958984375,49.14669418334961,25.357925415039062,696877
STB,STB.OL,2000-01-18,49.14669418334961,49.14669418334961,47.88652420043945,47.88652420043945,24.70772361755371,1294233
STB,STB.OL,2000-01-19,47.88652420043945,48.30657958984375,47.88652420043945,48.30657958984375,24.924457550048828,1406371
STB,STB.OL,2000-01-20,48.30657958984375,49.14669418334961,47.88652420043945,49.14669418334961,25.357925415039062,1073589
STB,STB.OL,2000-01-21,48.30657958984375,49.98680877685547,48.30657958984375,48.72663879394531,25.141191482543945,542407
STB,STB.OL,2000-01-24,48.30657958984375,49.14669418334961,48.30657958984375,48.72663879394531,25.141191482543945,1480667
STB,STB.OL,2000-01-25,47.88652420043945,48.30657958984375,47.46646499633789,47.88652420043945,24.70772361755371,771137
STB,STB.OL,2000-01-26,48.72663879394531,48.72663879394531,46.62635040283203,47.88652420043945,24.70772361755371,443244
STB,STB.OL,2000-01-27,47.88652420043945,48.72663879394531,47.88652420043945,48.72663879394531,25.141191482543945,386029
STB,STB.OL,2000-01-28,47.88652420043945,48.72663879394531,46.62635040283203,47.88652420043945,24.70772361755371,414187
STB,STB.OL,2000-01-31,47.46646499633789,47.88652420043945,46.206295013427734,46.206295013427734,23.84078598022461,628313
STB,STB.OL,2000-02-01,46.206295013427734,47.046409606933594,44.526065826416016,45.366180419921875,23.407318115234375,1061933
STB,STB.OL,2000-02-02,44.94612121582031,46.206295013427734,44.94612121582031,45.78623580932617,23.624052047729492,549528
STB,STB.OL,2000-02-03,46.206295013427734,46.206295013427734,44.94612121582031,45.366180419921875,23.407318115234375,395493
STB,STB.OL,2000-02-04,44.94612121582031,45.366180419921875,44.526065826416016,44.94612121582031,23.190584182739258,637944
STB,STB.OL,2000-02-07,45.366180419921875,45.366180419921875,44.526065826416016,44.526065826416016,22.973848342895508,243121
STB,STB.OL,2000-02-08,44.94612121582031,45.366180419921875,44.10601043701172,45.366180419921875,23.407318115234375,375808
STB,STB.OL,2000-02-09,44.526065826416016,45.366180419921875,44.10601043701172,44.10601043701172,22.75711441040039,385940
STB,STB.OL,2000-02-10,44.10601043701172,44.526065826416016,43.26589584350586,43.685951232910156,22.540382385253906,751874
STB,STB.OL,2000-02-11,44.526065826416016,44.526065826416016,43.26589584350586,43.26589584350586,22.323644638061523,343505
STB,STB.OL,2000-02-14,43.685951232910156,45.78623580932617,42.8458366394043,45.366180419921875,23.407318115234375,461494
STB,STB.OL,2000-02-15,45.366180419921875,45.366180419921875,44.10601043701172,44.94612121582031,23.190584182739258,305609
STB,STB.OL,2000-02-16,45.366180419921875,45.366180419921875,44.10601043701172,44.526065826416016,22.973848342895508,893359
STB,STB.OL,2000-02-17,44.526065826416016,44.94612121582031,43.685951232910156,44.94612121582031,23.190584182739258,248954
STB,STB.OL,2000-02-18,44.94612121582031,44.94612121582031,43.26589584350586,43.685951232910156,22.540382385253906,1026974
STB,STB.OL,2000-02-21,43.26589584350586,43.685951232910156,42.8458366394043,43.26589584350586,22.323644638061523,347662
STB,STB.OL,2000-02-22,43.685951232910156,44.10601043701172,43.26589584350586,43.685951232910156,22.540382385253906,608369
STB,STB.OL,2000-02-23,44.10601043701172,44.526065826416016,43.26589584350586,44.526065826416016,22.973848342895508,468011
STB,STB.OL,2000-02-24,44.526065826416016,44.526065826416016,42.8458366394043,42.8458366394043,22.106910705566406,1024824
STB,STB.OL,2000-02-25,43.685951232910156,43.685951232910156,42.00572204589844,42.00572204589844,21.673439025878906,831711
STB,STB.OL,2000-02-28,42.42578125,42.42578125,41.16560745239258,42.00572204589844,21.673439025878906,452163
STB,STB.OL,2000-02-29,42.42578125,42.8458366394043,41.75368881225586,42.42578125,21.890174865722656,339550
STB,STB.OL,2000-03-01,42.8458366394043,42.8458366394043,41.58566665649414,42.00572204589844,21.673439025878906,510319
STB,STB.OL,2000-03-02,42.00572204589844,42.00572204589844,41.417640686035156,41.83769989013672,21.586746215820312,840146
STB,STB.OL,2000-03-03,41.75368881225586,43.685951232910156,41.75368881225586,43.26589584350586,22.323644638061523,419176
STB,STB.OL,2000-03-06,43.685951232910156,43.685951232910156,42.00572204589844,42.8458366394043,22.106910705566406,324136
STB,STB.OL,2000-03-07,42.42578125,42.42578125,41.3336296081543,42.00572204589844,21.673439025878906,428347
STB,STB.OL,2000-03-08,42.42578125,42.8458366394043,41.58566665649414,42.8458366394043,22.106910705566406,675874
STB,STB.OL,2000-03-09,43.26589584350586,43.26589584350586,41.669677734375,42.00572204589844,21.673439025878906,449103
STB,STB.OL,2000-03-10,42.8458366394043,42.8458366394043,42.00572204589844,42.00572204589844,21.673439025878906,702725
STB,STB.OL,2000-03-13,42.00572204589844,42.00572204589844,42.00572204589844,42.00572204589844,21.673439025878906,0
STB,STB.OL,2000-03-14,42.00572204589844,43.26589584350586,41.3336296081543,42.00572204589844,21.673439025878906,555168
STB,STB.OL,2000-03-15,42.00572204589844,42.00572204589844,41.58566665649414,42.00572204589844,21.673439025878906,470112
STB,STB.OL,2000-03-16,42.8458366394043,42.8458366394043,41.16560745239258,41.16560745239258,21.239974975585938,740258
STB,STB.OL,2000-03-17,42.00572204589844,42.42578125,41.58566665649414,41.92171096801758,21.63010025024414,583346
STB,STB.OL,2000-03-20,42.00572204589844,43.26589584350586,42.00572204589844,42.8458366394043,22.106910705566406,429051
STB,STB.OL,2000-03-21,42.8458366394043,42.8458366394043,41.75368881225586,42.00572204589844,21.673439025878906,357207
STB,STB.OL,2000-03-22,42.42578125,42.8458366394043,41.16560745239258,41.58566665649414,21.45671272277832,580154
STB,STB.OL,2000-03-23,41.58566665649414,41.58566665649414,40.40950393676758,40.99758529663086,21.153282165527344,597555
STB,STB.OL,2000-03-24,41.58566665649414,42.8458366394043,40.32549285888672,42.8458366394043,22.106910705566406,1703092
STB,STB.OL,2000-03-27,42.8458366394043,42.8458366394043,41.58566665649414,41.669677734375,21.500051498413086,1748362
STB,STB.OL,2000-03-28,41.75368881225586,42.42578125,41.75368881225586,42.00572204589844,21.673439025878906,700249
STB,STB.OL,2000-03-29,42.00572204589844,42.42578125,41.58566665649414,42.00572204589844,21.673439025878906,653350
STB,STB.OL,2000-03-30,42.00572204589844,42.00572204589844,41.58566665649414,41.83769989013672,21.586746215820312,246514
STB,STB.OL,2000-03-31,42.42578125,43.685951232910156,41.669677734375,43.26589584350586,22.323644638061523,669114
STB,STB.OL,2000-04-03,43.685951232910156,45.78623580932617,42.42578125,45.366180419921875,23.407318115234375,768332
STB,STB.OL,2000-04-04,45.78623580932617,46.206295013427734,44.526065826416016,45.366180419921875,23.407318115234375,671850
STB,STB.OL,2000-04-05,44.526065826416016,44.94612121582031,43.26589584350586,44.10601043701172,22.75711441040039,625615
STB,STB.OL,2000-04-06,43.685951232910156,45.366180419921875,43.685951232910156,44.94612121582031,23.190584182739258,208789
STB,STB.OL,2000-04-07,45.366180419921875,45.366180419921875,44.10601043701172,45.366180419921875,23.407318115234375,263955
STB,STB.OL,2000-04-10,45.366180419921875,46.206295013427734,44.526065826416016,45.366180419921875,23.407318115234375,640910
STB,STB.OL,2000-04-11,44.526065826416016,47.88652420043945,44.526065826416016,47.046409606933594,24.27425765991211,2848732
STB,STB.OL,2000-04-12,47.046409606933594,47.46646499633789,45.78623580932617,46.62635040283203,24.057518005371094,1007425
STB,STB.OL,2000-04-13,45.366180419921875,47.046409606933594,44.94612121582031,45.78623580932617,23.624052047729492,7110740
STB,STB.OL,2000-04-14,46.206295013427734,46.62635040283203,42.8458366394043,42.8458366394043,22.106910705566406,507241
STB,STB.OL,2000-04-17,42.00572204589844,42.8458366394043,41.16560745239258,42.8458366394043,22.106910705566406,548237
STB,STB.OL,2000-04-18,43.26589584350586,43.685951232910156,42.00572204589844,43.26589584350586,22.323644638061523,426005
STB,STB.OL,2000-04-19,43.685951232910156,44.10601043701172,43.26589584350586,43.26589584350586,22.323644638061523,87809
STB,STB.OL,2000-04-20,43.26589584350586,43.26589584350586,43.26589584350586,43.26589584350586,22.323644638061523,0
STB,STB.OL,2000-04-21,43.26589584350586,43.26589584350586,43.26589584350586,43.26589584350586,22.323644638061523,0
STB,STB.OL,2000-04-24,43.26589584350586,43.26589584350586,43.26589584350586,43.26589584350586,22.323644638061523,0
STB,STB.OL,2000-04-25,43.685951232910156,44.10601043701172,43.26589584350586,43.685951232910156,22.540382385253906,74029
STB,STB.OL,2000-04-26,44.526065826416016,45.366180419921875,44.10601043701172,45.366180419921875,23.407318115234375,426190
STB,STB.OL,2000-04-27,44.526065826416016,45.366180419921875,44.526065826416016,44.94612121582031,23.190584182739258,443695
STB,STB.OL,2000-04-28,44.94612121582031,47.046409606933594,44.94612121582031,46.206295013427734,23.84078598022461,216220
STB,STB.OL,2000-05-01,46.206295013427734,46.206295013427734,46.206295013427734,46.206295013427734,23.84078598022461,0
STB,STB.OL,2000-05-02,44.94612121582031,47.046409606933594,44.94612121582031,46.62635040283203,24.057518005371094,7385416
STB,STB.OL,2000-05-03,45.366180419921875,47.046409606933594,45.366180419921875,47.046409606933594,24.27425765991211,3520432
STB,STB.OL,2000-05-04,46.206295013427734,47.88652420043945,45.78623580932617,47.046409606933594,24.715606689453125,416603
STB,STB.OL,2000-05-05,46.206295013427734,48.30657958984375,46.206295013427734,48.30657958984375,25.377628326416016,1145498
STB,STB.OL,2000-05-08,48.30657958984375,49.56675338745117,47.88652420043945,49.56675338745117,26.039653778076172,1307750
STB,STB.OL,2000-05-09,49.56675338745117,49.56675338745117,49.56675338745117,49.56675338745117,26.039653778076172,0
STB,STB.OL,2000-05-10,48.72663879394531,49.56675338745117,48.30657958984375,49.56675338745117,26.039653778076172,1261897
STB,STB.OL,2000-05-11,49.14669418334961,50.40686798095703,48.72663879394531,49.14669418334961,25.818979263305664,361574
STB,STB.OL,2000-05-12,48.30657958984375,49.98680877685547,48.30657958984375,48.72663879394531,25.598304748535156,303520
STB,STB.OL,2000-05-15,48.30657958984375,49.14669418334961,47.88652420043945,48.72663879394531,25.598304748535156,552498
STB,STB.OL,2000-05-16,48.72663879394531,49.56675338745117,48.72663879394531,48.72663879394531,25.598304748535156,1762759
STB,STB.OL,2000-05-17,48.72663879394531,48.72663879394531,48.72663879394531,48.72663879394531,25.598304748535156,0
STB,STB.OL,2000-05-18,49.14669418334961,50.40686798095703,48.72663879394531,49.56675338745117,26.039653778076172,4551414
STB,STB.OL,2000-05-19,49.56675338745117,50.40686798095703,49.14669418334961,49.98680877685547,26.260326385498047,1761146
STB,STB.OL,2000-05-22,49.56675338745117,49.98680877685547,48.72663879394531,49.14669418334961,25.818979263305664,1051566
STB,STB.OL,2000-05-23,49.56675338745117,51.24698257446289,49.56675338745117,50.40686798095703,26.481006622314453,5671655
STB,STB.OL,2000-05-24,49.56675338745117,50.40686798095703,49.14669418334961,49.14669418334961,25.818979263305664,585155
STB,STB.OL,2000-05-25,49.14669418334961,49.56675338745117,48.72663879394531,49.56675338745117,26.039653778076172,257748
STB,STB.OL,2000-05-26,47.88652420043945,49.14669418334961,47.88652420043945,49.14669418334961,25.818979263305664,6825899
STB,STB.OL,2000-05-29,49.14669418334961,50.40686798095703,49.14669418334961,49.98680877685547,26.260326385498047,182341
STB,STB.OL,2000-05-30,49.98680877685547,49.98680877685547,48.72663879394531,49.14669418334961,25.818979263305664,161794
STB,STB.OL,2000-05-31,48.72663879394531,49.14669418334961,47.88652420043945,48.30657958984375,25.377628326416016,215413
STB,STB.OL,2000-06-01,48.30657958984375,48.30657958984375,48.30657958984375,48.30657958984375,25.377628326416016,0
STB,STB.OL,2000-06-02,48.30657958984375,49.14669418334961,47.88652420043945,47.88652420043945,25.156951904296875,921245
STB,STB.OL,2000-06-05,48.30657958984375,48.72663879394531,47.88652420043945,48.72663879394531,25.598304748535156,695227
STB,STB.OL,2000-06-06,48.30657958984375,49.56675338745117,47.46646499633789,47.46646499633789,24.936283111572266,451826
STB,STB.OL,2000-06-07,48.30657958984375,48.72663879394531,47.046409606933594,48.72663879394531,25.598304748535156,402152
STB,STB.OL,2000-06-08,49.14669418334961,52.50715255737305,49.14669418334961,52.08709716796875,27.36370849609375,1330779
STB,STB.OL,2000-06-09,51.24698257446289,52.50715255737305,50.40686798095703,50.82692337036133,26.70168113708496,487008
STB,STB.OL,2000-06-12,50.82692337036133,50.82692337036133,50.82692337036133,50.82692337036133,26.70168113708496,0
STB,STB.OL,2000-06-13,52.08709716796875,52.08709716796875,48.72663879394531,51.24698257446289,26.922351837158203,167828
STB,STB.OL,2000-06-14,51.66703796386719,51.66703796386719,48.72663879394531,49.14669418334961,25.818979263305664,576970
STB,STB.OL,2000-06-15,49.98680877685547,50.40686798095703,49.56675338745117,49.56675338745117,26.039653778076172,426169
STB,STB.OL,2000-06-16,49.56675338745117,50.40686798095703,49.14669418334961,50.40686798095703,26.481006622314453,603765
STB,STB.OL,2000-06-19,50.40686798095703,50.40686798095703,50.40686798095703,50.40686798095703,26.481006622314453,0
STB,STB.OL,2000-06-20,50.40686798095703,50.82692337036133,49.98680877685547,49.98680877685547,26.260326385498047,160654
STB,STB.OL,2000-06-21,49.98680877685547,50.82692337036133,49.98680877685547,49.98680877685547,26.260326385498047,868162
STB,STB.OL,2000-06-22,50.40686798095703,50.40686798095703,49.56675338745117,49.98680877685547,26.260326385498047,65193
STB,STB.OL,2000-06-23,48.72663879394531,51.24698257446289,48.72663879394531,50.40686798095703,26.481006622314453,46712
STB,STB.OL,2000-06-26,50.82692337036133,51.24698257446289,49.98680877685547,51.24698257446289,26.922351837158203,360819
STB,STB.OL,2000-06-27,50.40686798095703,52.92721176147461,50.40686798095703,52.50715255737305,27.584381103515625,928448
STB,STB.OL,2000-06-28,52.08709716796875,52.92721176147461,51.66703796386719,52.92721176147461,27.805055618286133,122786
STB,STB.OL,2000-06-29,52.50715255737305,52.50715255737305,51.24698257446289,51.24698257446289,26.922351837158203,222958
STB,STB.OL,2000-06-30,50.40686798095703,52.92721176147461,50.40686798095703,52.08709716796875,27.36370849609375,206545
STB,STB.OL,2000-07-03,51.66703796386719,53.347267150878906,51.66703796386719,52.50715255737305,27.584381103515625,103418
STB,STB.OL,2000-07-04,52.50715255737305,52.92721176147461,52.08709716796875,52.50715255737305,27.584381103515625,146632
STB,STB.OL,2000-07-05,52.08709716796875,53.76732635498047,52.08709716796875,52.92721176147461,27.805055618286133,249307
STB,STB.OL,2000-07-06,52.92721176147461,53.347267150878906,52.50715255737305,52.50715255737305,27.584381103515625,205757
STB,STB.OL,2000-07-07,52.50715255737305,52.50715255737305,52.50715255737305,52.50715255737305,27.584381103515625,0
STB,STB.OL,2000-07-10,55.44755554199219,56.28766632080078,54.187381744384766,55.027496337890625,28.90843391418457,613353
STB,STB.OL,2000-07-11,54.60743713378906,55.027496337890625,53.347267150878906,53.76732635498047,28.246408462524414,393964
STB,STB.OL,2000-07-12,54.187381744384766,55.027496337890625,54.187381744384766,55.027496337890625,28.90843391418457,221160
STB,STB.OL,2000-07-13,55.027496337890625,55.44755554199219,54.60743713378906,55.44755554199219,29.129106521606445,230322
STB,STB.OL,2000-07-14,54.60743713378906,55.867610931396484,54.60743713378906,55.44755554199219,29.129106521606445,251049
STB,STB.OL,2000-07-17,55.867610931396484,57.5478401184082,55.867610931396484,56.707725524902344,29.7911319732666,757351
STB,STB.OL,2000-07-18,56.707725524902344,56.707725524902344,55.44755554199219,55.44755554199219,29.129106521606445,234645
STB,STB.OL,2000-07-19,55.44755554199219,56.28766632080078,54.60743713378906,54.60743713378906,28.687755584716797,271154
STB,STB.OL,2000-07-20,54.60743713378906,55.44755554199219,54.60743713378906,55.027496337890625,28.90843391418457,306852
STB,STB.OL,2000-07-21,55.027496337890625,56.707725524902344,54.60743713378906,55.867610931396484,29.349781036376953,476502
STB,STB.OL,2000-07-24,55.867610931396484,55.867610931396484,55.867610931396484,55.867610931396484,29.349781036376953,0
STB,STB.OL,2000-07-25,55.44755554199219,56.28766632080078,55.44755554199219,55.44755554199219,29.129106521606445,126529
STB,STB.OL,2000-07-26,55.867610931396484,56.707725524902344,55.867610931396484,56.28766632080078,29.570459365844727,144167
STB,STB.OL,2000-07-27,56.28766632080078,56.28766632080078,56.28766632080078,56.28766632080078,29.570459365844727,0
STB,STB.OL,2000-07-28,55.44755554199219,56.28766632080078,55.44755554199219,56.20365524291992,29.526317596435547,7098388
STB,STB.OL,2000-07-31,56.28766632080078,56.707725524902344,55.027496337890625,56.707725524902344,29.7911319732666,109008
STB,STB.OL,2000-08-01,56.28766632080078,58.80801010131836,56.28766632080078,57.5478401184082,30.232484817504883,1787632
STB,STB.OL,2000-08-02,57.5478401184082,57.9678955078125,56.28766632080078,57.9678955078125,30.453157424926758,11982631
STB,STB.OL,2000-08-03,57.9678955078125,57.9678955078125,57.127784729003906,57.9678955078125,30.453157424926758,785150
STB,STB.OL,2000-08-04,57.9678955078125,58.38795471191406,57.127784729003906,57.127784729003906,30.011810302734375,207136
STB,STB.OL,2000-08-07,56.28766632080078,57.9678955078125,56.28766632080078,57.127784729003906,30.011810302734375,79690
STB,STB.OL,2000-08-08,57.127784729003906,57.9678955078125,56.707725524902344,57.127784729003906,30.011810302734375,580472
STB,STB.OL,2000-08-09,56.707725524902344,58.80801010131836,56.707725524902344,58.80801010131836,30.89450454711914,24831935
STB,STB.OL,2000-08-10,58.80801010131836,58.80801010131836,57.5478401184082,57.5478401184082,30.232484817504883,1470177
STB,STB.OL,2000-08-11,57.9678955078125,57.9678955078125,57.127784729003906,57.5478401184082,30.232484817504883,4346508
STB,STB.OL,2000-08-14,57.5478401184082,58.80801010131836,56.707725524902344,57.9678955078125,30.453157424926758,449687
STB,STB.OL,2000-08-15,57.9678955078125,57.9678955078125,56.28766632080078,56.707725524902344,29.7911319732666,80430
STB,STB.OL,2000-08-16,57.127784729003906,57.127784729003906,55.44755554199219,55.867610931396484,29.349781036376953,174226
STB,STB.OL,2000-08-17,55.027496337890625,55.44755554199219,53.347267150878906,54.60743713378906,28.687755584716797,11481771
STB,STB.OL,2000-08-18,55.867610931396484,56.28766632080078,54.60743713378906,55.44755554199219,29.129106521606445,1080940
STB,STB.OL,2000-08-21,54.60743713378906,55.867610931396484,53.76732635498047,55.44755554199219,29.129106521606445,211837
STB,STB.OL,2000-08-22,55.44755554199219,55.44755554199219,54.60743713378906,55.44755554199219,29.129106521606445,121752
STB,STB.OL,2000-08-23,55.44755554199219,55.867610931396484,54.60743713378906,55.44755554199219,29.129106521606445,447331
STB,STB.OL,2000-08-24,55.44755554199219,55.867610931396484,53.76732635498047,55.44755554199219,29.129106521606445,483535
STB,STB.OL,2000-08-25,55.44755554199219,56.28766632080078,55.44755554199219,55.867610931396484,29.349781036376953,6849504
STB,STB.OL,2000-08-28,55.867610931396484,56.28766632080078,54.60743713378906,54.60743713378906,28.687755584716797,789278
STB,STB.OL,2000-08-29,54.60743713378906,54.60743713378906,53.347267150878906,53.76732635498047,28.246408462524414,225508
STB,STB.OL,2000-08-30,54.187381744384766,54.60743713378906,52.08709716796875,54.187381744384766,28.467079162597656,194118
STB,STB.OL,2000-08-31,53.76732635498047,54.60743713378906,53.76732635498047,54.187381744384766,28.467079162597656,434196
STB,STB.OL,2000-09-01,54.187381744384766,55.44755554199219,52.92721176147461,55.44755554199219,29.129106521606445,220742
STB,STB.OL,2000-09-04,55.027496337890625,55.867610931396484,54.187381744384766,54.187381744384766,28.467079162597656,217139
STB,STB.OL,2000-09-05,52.92721176147461,53.76732635498047,50.40686798095703,51.66703796386719,27.143030166625977,632603
STB,STB.OL,2000-09-06,51.66703796386719,52.50715255737305,49.56675338745117,50.40686798095703,26.481006622314453,362147
STB,STB.OL,2000-09-07,50.40686798095703,51.66703796386719,49.98680877685547,49.98680877685547,26.260326385498047,398992
STB,STB.OL,2000-09-08,51.66703796386719,52.50715255737305,49.98680877685547,52.08709716796875,27.36370849609375,1491019
STB,STB.OL,2000-09-11,51.66703796386719,52.92721176147461,50.82692337036133,51.24698257446289,26.922351837158203,241552
STB,STB.OL,2000-09-12,50.82692337036133,52.50715255737305,50.82692337036133,51.24698257446289,26.922351837158203,736756
STB,STB.OL,2000-09-13,51.24698257446289,53.76732635498047,51.24698257446289,52.08709716796875,27.36370849609375,429704
STB,STB.OL,2000-09-14,52.50715255737305,54.187381744384766,52.50715255737305,54.187381744384766,28.467079162597656,624980
STB,STB.OL,2000-09-15,53.76732635498047,54.187381744384766,52.50715255737305,53.347267150878906,28.02573013305664,162044
STB,STB.OL,2000-09-18,52.08709716796875,53.347267150878906,52.08709716796875,52.92721176147461,27.805055618286133,524589
STB,STB.OL,2000-09-19,52.92721176147461,54.187381744384766,52.92721176147461,54.187381744384766,28.467079162597656,284755
STB,STB.OL,2000-09-20,54.187381744384766,55.867610931396484,53.76732635498047,55.44755554199219,29.129106521606445,432971
STB,STB.OL,2000-09-21,55.44755554199219,55.44755554199219,54.187381744384766,54.60743713378906,28.687755584716797,645004
STB,STB.OL,2000-09-22,54.187381744384766,55.44755554199219,53.76732635498047,55.44755554199219,29.129106521606445,2998662
STB,STB.OL,2000-09-25,54.60743713378906,56.28766632080078,54.187381744384766,55.44755554199219,29.129106521606445,829631
STB,STB.OL,2000-09-26,55.027496337890625,56.707725524902344,55.027496337890625,55.867610931396484,29.349781036376953,546199
STB,STB.OL,2000-09-27,55.027496337890625,55.44755554199219,52.08709716796875,54.60743713378906,28.687755584716797,7765293
STB,STB.OL,2000-09-28,54.60743713378906,54.60743713378906,52.92721176147461,53.76732635498047,28.246408462524414,297790
STB,STB.OL,2000-09-29,54.187381744384766,54.187381744384766,53.347267150878906,54.187381744384766,28.467079162597656,374563
STB,STB.OL,2000-10-02,54.60743713378906,54.60743713378906,53.347267150878906,53.76732635498047,28.246408462524414,233122
STB,STB.OL,2000-10-03,53.76732635498047,54.60743713378906,53.347267150878906,54.60743713378906,28.687755584716797,171555
STB,STB.OL,2000-10-04,53.347267150878906,54.60743713378906,51.66703796386719,52.08709716796875,27.36370849609375,864145
STB,STB.OL,2000-10-05,51.66703796386719,53.347267150878906,51.24698257446289,52.50715255737305,27.584381103515625,710046
STB,STB.OL,2000-10-06,52.92721176147461,54.187381744384766,52.92721176147461,54.187381744384766,28.467079162597656,275205
STB,STB.OL,2000-10-09,54.60743713378906,54.60743713378906,52.92721176147461,53.76732635498047,28.246408462524414,144549
STB,STB.OL,2000-10-10,54.60743713378906,54.60743713378906,52.50715255737305,52.92721176147461,27.805055618286133,927082
STB,STB.OL,2000-10-11,53.347267150878906,53.76732635498047,52.08709716796875,53.76732635498047,28.246408462524414,898693
STB,STB.OL,2000-10-12,53.76732635498047,54.187381744384766,52.92721176147461,54.187381744384766,28.467079162597656,2605361
STB,STB.OL,2000-10-13,54.187381744384766,54.187381744384766,52.08709716796875,53.76732635498047,28.246408462524414,491732
STB,STB.OL,2000-10-16,54.60743713378906,56.28766632080078,54.187381744384766,55.867610931396484,29.349781036376953,347733
STB,STB.OL,2000-10-17,56.28766632080078,57.9678955078125,56.28766632080078,56.28766632080078,29.570459365844727,1764882
STB,STB.OL,2000-10-18,56.707725524902344,57.127784729003906,55.867610931396484,56.28766632080078,29.570459365844727,521071
STB,STB.OL,2000-10-19,56.28766632080078,57.5478401184082,56.28766632080078,57.127784729003906,30.011810302734375,611019
STB,STB.OL,2000-10-20,57.9678955078125,58.38795471191406,56.707725524902344,56.917755126953125,29.901472091674805,595220
STB,STB.OL,2000-10-23,55.867610931396484,57.127784729003906,55.867610931396484,56.707725524902344,29.7911319732666,142674
STB,STB.OL,2000-10-24,56.707725524902344,57.5478401184082,56.28766632080078,57.127784729003906,30.011810302734375,496164
STB,STB.OL,2000-10-25,57.5478401184082,57.5478401184082,55.44755554199219,56.28766632080078,29.570459365844727,150931
STB,STB.OL,2000-10-26,56.28766632080078,57.127784729003906,54.60743713378906,55.867610931396484,29.349781036376953,21687
STB,STB.OL,2000-10-27,54.60743713378906,56.28766632080078,54.60743713378906,55.44755554199219,29.129106521606445,82931
STB,STB.OL,2000-10-30,56.28766632080078,56.28766632080078,53.76732635498047,54.187381744384766,28.467079162597656,172357
STB,STB.OL,2000-10-31,54.187381744384766,54.187381744384766,54.187381744384766,54.187381744384766,28.467079162597656,0
STB,STB.OL,2000-11-01,54.60743713378906,55.44755554199219,52.92721176147461,54.187381744384766,28.467079162597656,406757
STB,STB.OL,2000-11-02,54.187381744384766,54.60743713378906,53.347267150878906,54.187381744384766,28.467079162597656,1260328
STB,STB.OL,2000-11-03,53.76732635498047,54.187381744384766,53.347267150878906,54.187381744384766,28.467079162597656,912533
STB,STB.OL,2000-11-06,54.187381744384766,54.60743713378906,53.347267150878906,53.76732635498047,28.246408462524414,276396
STB,STB.OL,2000-11-07,53.76732635498047,56.707725524902344,52.92721176147461,55.44755554199219,29.129106521606445,1215005
STB,STB.OL,2000-11-08,55.867610931396484,55.867610931396484,54.60743713378906,55.027496337890625,28.90843391418457,2224321
STB,STB.OL,2000-11-09,54.60743713378906,54.60743713378906,52.92721176147461,53.76732635498047,28.246408462524414,1047933
STB,STB.OL,2000-11-10,52.92721176147461,53.347267150878906,52.50715255737305,52.92721176147461,27.805055618286133,640746
STB,STB.OL,2000-11-13,53.76732635498047,54.187381744384766,52.92721176147461,53.76732635498047,28.246408462524414,709600
STB,STB.OL,2000-11-14,53.347267150878906,55.44755554199219,53.347267150878906,55.027496337890625,28.90843391418457,1503088
STB,STB.OL,2000-11-15,55.027496337890625,55.44755554199219,53.76732635498047,54.187381744384766,28.467079162597656,514381
STB,STB.OL,2000-11-16,54.187381744384766,54.187381744384766,53.76732635498047,54.187381744384766,28.467079162597656,735847
STB,STB.OL,2000-11-17,53.76732635498047,54.60743713378906,53.76732635498047,54.60743713378906,28.687755584716797,510745
STB,STB.OL,2000-11-20,54.60743713378906,55.027496337890625,53.76732635498047,53.76732635498047,28.246408462524414,174442
STB,STB.OL,2000-11-21,53.76732635498047,54.187381744384766,53.347267150878906,54.187381744384766,28.467079162597656,1503915
STB,STB.OL,2000-11-22,53.76732635498047,54.60743713378906,53.347267150878906,53.347267150878906,28.02573013305664,61622
STB,STB.OL,2000-11-23,53.76732635498047,55.44755554199219,53.76732635498047,55.44755554199219,29.129106521606445,500265
STB,STB.OL,2000-11-24,55.44755554199219,56.707725524902344,54.60743713378906,56.28766632080078,29.570459365844727,506472
STB,STB.OL,2000-11-27,55.867610931396484,56.28766632080078,55.867610931396484,55.867610931396484,29.349781036376953,277058
STB,STB.OL,2000-11-28,55.027496337890625,55.867610931396484,54.187381744384766,54.187381744384766,28.467079162597656,7127668
STB,STB.OL,2000-11-29,54.187381744384766,54.60743713378906,52.50715255737305,54.60743713378906,28.687755584716797,2453114
STB,STB.OL,2000-11-30,53.76732635498047,54.187381744384766,53.347267150878906,53.76732635498047,28.246408462524414,1636800
STB,STB.OL,2000-12-01,53.347267150878906,53.76732635498047,52.92721176147461,53.347267150878906,28.02573013305664,330089
STB,STB.OL,2000-12-04,53.347267150878906,53.347267150878906,50.40686798095703,50.40686798095703,26.481006622314453,359489
STB,STB.OL,2000-12-05,51.24698257446289,52.92721176147461,49.98680877685547,52.50715255737305,27.584381103515625,477495
STB,STB.OL,2000-12-06,53.76732635498047,53.76732635498047,51.24698257446289,52.08709716796875,27.36370849609375,385355
STB,STB.OL,2000-12-07,52.08709716796875,52.92721176147461,51.66703796386719,52.08709716796875,27.36370849609375,917254
STB,STB.OL,2000-12-08,52.92721176147461,52.92721176147461,50.40686798095703,50.40686798095703,26.481006622314453,773406
STB,STB.OL,2000-12-11,50.82692337036133,52.08709716796875,50.40686798095703,52.08709716796875,27.36370849609375,242324
STB,STB.OL,2000-12-12,51.24698257446289,52.92721176147461,51.24698257446289,52.50715255737305,27.584381103515625,459325
STB,STB.OL,2000-12-13,52.50715255737305,52.92721176147461,52.50715255737305,52.92721176147461,27.805055618286133,309963
STB,STB.OL,2000-12-14,52.92721176147461,52.92721176147461,50.40686798095703,50.82692337036133,26.70168113708496,890871
STB,STB.OL,2000-12-15,50.40686798095703,51.24698257446289,48.30657958984375,49.56675338745117,26.039653778076172,562080
STB,STB.OL,2000-12-18,49.56675338745117,50.40686798095703,47.46646499633789,47.46646499633789,24.936283111572266,702994
STB,STB.OL,2000-12-19,47.046409606933594,49.14669418334961,47.046409606933594,48.30657958984375,25.377628326416016,1157991
STB,STB.OL,2000-12-20,49.14669418334961,50.40686798095703,48.72663879394531,50.40686798095703,26.481006622314453,1047178
STB,STB.OL,2000-12-21,49.98680877685547,52.92721176147461,49.98680877685547,52.92721176147461,27.805055618286133,983257
STB,STB.OL,2000-12-22,52.08709716796875,52.92721176147461,51.66703796386719,52.92721176147461,27.805055618286133,359323
STB,STB.OL,2000-12-25,52.92721176147461,52.92721176147461,52.92721176147461,52.92721176147461,27.805055618286133,0
STB,STB.OL,2000-12-26,52.92721176147461,52.92721176147461,52.92721176147461,52.92721176147461,27.805055618286133,0
STB,STB.OL,2000-12-27,52.50715255737305,53.347267150878906,51.66703796386719,52.92721176147461,27.805055618286133,164656
STB,STB.OL,2000-12-28,50.40686798095703,52.92721176147461,50.40686798095703,52.92721176147461,27.805055618286133,481528
STB,STB.OL,2000-12-29,52.08709716796875,54.187381744384766,52.08709716796875,52.50715255737305,27.584381103515625,98050
STB,STB.OL,2001-01-01,52.50715255737305,52.50715255737305,52.50715255737305,52.50715255737305,27.584381103515625,0
STB,STB.OL,2001-01-02,52.92721176147461,56.28766632080078,52.92721176147461,55.44755554199219,29.129106521606445,434471
STB,STB.OL,2001-01-03,54.60743713378906,55.44755554199219,53.347267150878906,53.347267150878906,28.02573013305664,126236
STB,STB.OL,2001-01-04,53.347267150878906,54.187381744384766,52.08709716796875,53.76732635498047,28.246408462524414,455652
STB,STB.OL,2001-01-05,55.027496337890625,55.027496337890625,53.347267150878906,53.76732635498047,28.246408462524414,339908
STB,STB.OL,2001-01-08,54.187381744384766,54.187381744384766,52.08709716796875,52.50715255737305,27.584381103515625,106749
STB,STB.OL,2001-01-09,53.76732635498047,53.76732635498047,51.24698257446289,52.08709716796875,27.36370849609375,235713
STB,STB.OL,2001-01-10,52.08709716796875,52.08709716796875,51.24698257446289,51.66703796386719,27.143030166625977,309376
STB,STB.OL,2001-01-11,51.24698257446289,52.08709716796875,51.24698257446289,51.24698257446289,26.922351837158203,279228
STB,STB.OL,2001-01-12,51.66703796386719,52.50715255737305,51.24698257446289,51.24698257446289,26.922351837158203,544663
STB,STB.OL,2001-01-15,52.08709716796875,52.08709716796875,50.82692337036133,51.24698257446289,26.922351837158203,177299
STB,STB.OL,2001-01-16,51.24698257446289,51.24698257446289,50.40686798095703,50.82692337036133,26.70168113708496,597140
STB,STB.OL,2001-01-17,50.82692337036133,52.08709716796875,50.82692337036133,52.08709716796875,27.36370849609375,530371
STB,STB.OL,2001-01-18,52.50715255737305,52.92721176147461,51.24698257446289,52.92721176147461,27.805055618286133,571850
STB,STB.OL,2001-01-19,52.92721176147461,52.92721176147461,51.66703796386719,52.08709716796875,27.36370849609375,722044
STB,STB.OL,2001-01-22,52.08709716796875,52.08709716796875,51.24698257446289,51.66703796386719,27.143030166625977,455159
STB,STB.OL,2001-01-23,51.24698257446289,51.24698257446289,49.98680877685547,50.40686798095703,26.481006622314453,1367983
STB,STB.OL,2001-01-24,50.40686798095703,50.40686798095703,50.40686798095703,50.40686798095703,26.481006622314453,0
STB,STB.OL,2001-01-25,50.40686798095703,51.24698257446289,49.98680877685547,50.82692337036133,26.70168113708496,737101
STB,STB.OL,2001-01-26,50.82692337036133,50.82692337036133,50.82692337036133,50.82692337036133,26.70168113708496,0
STB,STB.OL,2001-01-29,50.82692337036133,51.24698257446289,49.56675338745117,49.56675338745117,26.039653778076172,7051234
STB,STB.OL,2001-01-30,49.56675338745117,50.40686798095703,49.56675338745117,50.40686798095703,26.481006622314453,531239
STB,STB.OL,2001-01-31,50.40686798095703,51.24698257446289,49.98680877685547,51.24698257446289,26.922351837158203,643727
STB,STB.OL,2001-02-01,51.66703796386719,52.92721176147461,50.40686798095703,52.92721176147461,27.805055618286133,1443811
STB,STB.OL,2001-02-02,52.08709716796875,52.92721176147461,52.08709716796875,52.50715255737305,27.584381103515625,192002
STB,STB.OL,2001-02-05,52.08709716796875,52.92721176147461,52.08709716796875,52.92721176147461,27.805055618286133,376311
STB,STB.OL,2001-02-06,52.92721176147461,53.347267150878906,52.50715255737305,52.50715255737305,27.584381103515625,543429
STB,STB.OL,2001-02-07,52.50715255737305,53.347267150878906,52.08709716796875,52.50715255737305,27.584381103515625,847082
STB,STB.OL,2001-02-08,52.08709716796875,52.08709716796875,51.24698257446289,51.66703796386719,27.143030166625977,461632
STB,STB.OL,2001-02-09,51.66703796386719,51.66703796386719,50.82692337036133,51.66703796386719,27.143030166625977,248783
STB,STB.OL,2001-02-12,52.08709716796875,52.08709716796875,50.82692337036133,51.24698257446289,26.922351837158203,364325
STB,STB.OL,2001-02-13,51.24698257446289,51.66703796386719,50.40686798095703,51.24698257446289,26.922351837158203,420477
STB,STB.OL,2001-02-14,50.82692337036133,51.24698257446289,50.40686798095703,50.40686798095703,26.481006622314453,119924
STB,STB.OL,2001-02-15,50.82692337036133,51.24698257446289,50.40686798095703,50.82692337036133,26.70168113708496,170708
STB,STB.OL,2001-02-16,50.82692337036133,51.24698257446289,49.98680877685547,50.82692337036133,26.70168113708496,390845
STB,STB.OL,2001-02-19,50.40686798095703,50.82692337036133,50.40686798095703,50.40686798095703,26.481006622314453,43309
STB,STB.OL,2001-02-20,50.40686798095703,50.40686798095703,48.72663879394531,48.72663879394531,25.598304748535156,269025
STB,STB.OL,2001-02-21,47.046409606933594,49.98680877685547,46.62635040283203,49.56675338745117,26.039653778076172,1412082
STB,STB.OL,2001-02-22,49.56675338745117,51.66703796386719,49.56675338745117,51.24698257446289,26.922351837158203,707171
STB,STB.OL,2001-02-23,51.24698257446289,52.08709716796875,50.40686798095703,52.08709716796875,27.36370849609375,542874
STB,STB.OL,2001-02-26,51.66703796386719,52.92721176147461,51.66703796386719,52.92721176147461,27.805055618286133,528363
STB,STB.OL,2001-02-27,52.08709716796875,53.347267150878906,51.66703796386719,52.08709716796875,27.36370849609375,7350656
STB,STB.OL,2001-02-28,51.24698257446289,52.50715255737305,51.24698257446289,51.24698257446289,26.922351837158203,131436
STB,STB.OL,2001-03-01,52.08709716796875,52.92721176147461,50.82692337036133,50.82692337036133,26.70168113708496,136651
STB,STB.OL,2001-03-02,51.24698257446289,52.08709716796875,51.24698257446289,51.24698257446289,26.922351837158203,9857384
STB,STB.OL,2001-03-05,50.82692337036133,51.66703796386719,50.40686798095703,50.40686798095703,26.481006622314453,257269
STB,STB.OL,2001-03-06,51.24698257446289,51.66703796386719,50.82692337036133,51.66703796386719,27.143030166625977,417349
STB,STB.OL,2001-03-07,51.66703796386719,51.66703796386719,50.82692337036133,51.24698257446289,26.922351837158203,385661
STB,STB.OL,2001-03-08,51.24698257446289,52.50715255737305,50.82692337036133,51.66703796386719,27.143030166625977,533727
STB,STB.OL,2001-03-09,52.08709716796875,52.50715255737305,51.66703796386719,52.50715255737305,27.584381103515625,47937
STB,STB.OL,2001-03-12,51.24698257446289,52.50715255737305,51.24698257446289,52.08709716796875,27.36370849609375,669420
STB,STB.OL,2001-03-13,52.08709716796875,52.08709716796875,50.40686798095703,52.08709716796875,27.36370849609375,1429901
STB,STB.OL,2001-03-14,52.08709716796875,52.08709716796875,52.08709716796875,52.08709716796875,27.36370849609375,0
STB,STB.OL,2001-03-15,49.98680877685547,50.40686798095703,48.72663879394531,49.14669418334961,25.818979263305664,2248018
STB,STB.OL,2001-03-16,49.56675338745117,50.40686798095703,49.14669418334961,49.98680877685547,26.260326385498047,770083
STB,STB.OL,2001-03-19,49.14669418334961,49.56675338745117,47.88652420043945,48.30657958984375,25.377628326416016,140814
STB,STB.OL,2001-03-20,47.88652420043945,48.72663879394531,47.046409606933594,48.30657958984375,25.377628326416016,10630534
STB,STB.OL,2001-03-21,48.30657958984375,49.14669418334961,46.62635040283203,46.62635040283203,24.49492835998535,286406
STB,STB.OL,2001-03-22,46.206295013427734,46.206295013427734,44.94612121582031,45.78623580932617,24.053577423095703,407687
STB,STB.OL,2001-03-23,45.366180419921875,47.046409606933594,43.89598083496094,44.526065826416016,23.39155387878418,566191
STB,STB.OL,2001-03-26,44.526065826416016,45.78623580932617,44.10601043701172,44.10601043701172,23.170879364013672,356071
STB,STB.OL,2001-03-27,44.94612121582031,46.206295013427734,44.94612121582031,46.206295013427734,24.274253845214844,3219617
STB,STB.OL,2001-03-28,46.62635040283203,47.46646499633789,46.62635040283203,47.046409606933594,24.715606689453125,8152307
STB,STB.OL,2001-03-29,47.046409606933594,47.046409606933594,44.94612121582031,44.94612121582031,23.61223030090332,4200227
STB,STB.OL,2001-03-30,45.78623580932617,46.62635040283203,45.366180419921875,45.366180419921875,23.83290672302246,258013
STB,STB.OL,2001-04-02,46.62635040283203,46.62635040283203,44.526065826416016,44.94612121582031,23.61223030090332,328965
STB,STB.OL,2001-04-03,45.366180419921875,46.206295013427734,44.526065826416016,46.206295013427734,24.274253845214844,12474895
STB,STB.OL,2001-04-04,46.206295013427734,47.046409606933594,45.366180419921875,46.62635040283203,24.49492835998535,13603130
STB,STB.OL,2001-04-05,46.62635040283203,50.40686798095703,46.62635040283203,48.72663879394531,25.598304748535156,1890467
STB,STB.OL,2001-04-06,49.56675338745117,49.56675338745117,48.30657958984375,48.30657958984375,25.377628326416016,340728
STB,STB.OL,2001-04-09,48.30657958984375,49.14669418334961,48.30657958984375,48.72663879394531,25.598304748535156,51678
STB,STB.OL,2001-04-10,49.14669418334961,49.14669418334961,48.30657958984375,49.14669418334961,25.818979263305664,204390
STB,STB.OL,2001-04-11,49.56675338745117,49.56675338745117,48.72663879394531,49.56675338745117,26.039653778076172,148908
STB,STB.OL,2001-04-12,49.56675338745117,49.56675338745117,49.56675338745117,49.56675338745117,26.039653778076172,0
STB,STB.OL,2001-04-13,49.56675338745117,49.56675338745117,49.56675338745117,49.56675338745117,26.039653778076172,0
STB,STB.OL,2001-04-16,49.56675338745117,49.56675338745117,49.56675338745117,49.56675338745117,26.039653778076172,0
STB,STB.OL,2001-04-17,49.56675338745117,49.56675338745117,49.14669418334961,49.56675338745117,26.039653778076172,458247
STB,STB.OL,2001-04-18,49.14669418334961,49.14669418334961,47.88652420043945,48.30657958984375,25.377628326416016,3547608
STB,STB.OL,2001-04-19,48.30657958984375,48.72663879394531,47.46646499633789,47.88652420043945,25.156951904296875,12959363
STB,STB.OL,2001-04-20,47.88652420043945,48.72663879394531,47.46646499633789,48.30657958984375,25.377628326416016,5085699
STB,STB.OL,2001-04-23,48.30657958984375,48.72663879394531,47.88652420043945,48.30657958984375,25.377628326416016,581285
STB,STB.OL,2001-04-24,48.30657958984375,48.30657958984375,47.46646499633789,47.46646499633789,24.936283111572266,107561
STB,STB.OL,2001-04-25,47.046409606933594,47.46646499633789,46.62635040283203,47.46646499633789,24.936283111572266,692799
STB,STB.OL,2001-04-26,47.046409606933594,47.46646499633789,46.62635040283203,47.46646499633789,25.43140411376953,195592
STB,STB.OL,2001-04-27,47.88652420043945,49.56675338745117,47.88652420043945,49.56675338745117,26.556690216064453,5980237
STB,STB.OL,2001-04-30,49.56675338745117,49.56675338745117,47.88652420043945,49.14669418334961,26.331628799438477,170998
STB,STB.OL,2001-05-01,49.14669418334961,49.14669418334961,49.14669418334961,49.14669418334961,26.331628799438477,0
STB,STB.OL,2001-05-02,49.14669418334961,49.56675338745117,48.72663879394531,49.14669418334961,26.331628799438477,61749
STB,STB.OL,2001-05-03,49.14669418334961,49.56675338745117,48.30657958984375,48.30657958984375,25.881515502929688,431978
STB,STB.OL,2001-05-04,48.72663879394531,48.72663879394531,48.30657958984375,48.30657958984375,25.881515502929688,206299
STB,STB.OL,2001-05-07,48.30657958984375,48.30657958984375,48.30657958984375,48.30657958984375,25.881515502929688,0
STB,STB.OL,2001-05-08,49.14669418334961,49.56675338745117,49.14669418334961,49.56675338745117,26.556690216064453,134148
STB,STB.OL,2001-05-09,49.56675338745117,49.56675338745117,47.88652420043945,49.14669418334961,26.331628799438477,363596
STB,STB.OL,2001-05-10,49.56675338745117,49.56675338745117,48.30657958984375,49.14669418334961,26.331628799438477,336410
STB,STB.OL,2001-05-11,49.14669418334961,49.14669418334961,47.46646499633789,47.88652420043945,25.656455993652344,822647
STB,STB.OL,2001-05-14,47.46646499633789,47.88652420043945,46.206295013427734,46.62635040283203,24.981292724609375,496521
STB,STB.OL,2001-05-15,46.206295013427734,46.62635040283203,45.78623580932617,46.206295013427734,24.756235122680664,944933
STB,STB.OL,2001-05-16,46.206295013427734,46.206295013427734,45.366180419921875,45.78623580932617,24.531177520751953,13765650
STB,STB.OL,2001-05-17,45.78623580932617,45.78623580932617,45.78623580932617,45.78623580932617,24.531177520751953,0
STB,STB.OL,2001-05-18,46.206295013427734,48.30657958984375,46.206295013427734,48.30657958984375,25.881515502929688,764312
STB,STB.OL,2001-05-21,60.48823928833008,61.32835388183594,57.127784729003906,57.127784729003906,30.60771369934082,8921232
STB,STB.OL,2001-05-22,57.9678955078125,58.80801010131836,57.127784729003906,57.127784729003906,30.60771369934082,9454515
STB,STB.OL,2001-05-23,57.5478401184082,57.9678955078125,57.127784729003906,57.5478401184082,30.8327693939209,4027548
STB,STB.OL,2001-05-24,57.5478401184082,57.5478401184082,57.5478401184082,57.5478401184082,30.8327693939209,0
STB,STB.OL,2001-05-25,57.5478401184082,58.38795471191406,57.5478401184082,57.5478401184082,30.8327693939209,2642035
STB,STB.OL,2001-05-28,57.5478401184082,57.9678955078125,57.5478401184082,57.5478401184082,30.8327693939209,507879
STB,STB.OL,2001-05-29,57.5478401184082,57.9678955078125,57.5478401184082,57.5478401184082,30.8327693939209,1627675
STB,STB.OL,2001-05-30,57.9678955078125,58.80801010131836,57.5478401184082,58.38795471191406,31.282875061035156,12182660
STB,STB.OL,2001-05-31,57.9678955078125,58.80801010131836,57.9678955078125,58.80801010131836,31.507932662963867,3776123
STB,STB.OL,2001-06-01,58.80801010131836,59.22806930541992,58.38795471191406,58.80801010131836,31.507932662963867,2859340
STB,STB.OL,2001-06-04,58.80801010131836,58.80801010131836,58.80801010131836,58.80801010131836,31.507932662963867,0
STB,STB.OL,2001-06-05,58.38795471191406,58.38795471191406,57.9678955078125,57.9678955078125,31.057825088500977,412677
STB,STB.OL,2001-06-06,57.9678955078125,58.38795471191406,57.9678955078125,58.38795471191406,31.282875061035156,1564702
STB,STB.OL,2001-06-07,57.9678955078125,58.38795471191406,57.5478401184082,57.9678955078125,31.057825088500977,581667
STB,STB.OL,2001-06-08,57.5478401184082,58.38795471191406,57.5478401184082,58.38795471191406,31.282875061035156,2841847
STB,STB.OL,2001-06-11,57.9678955078125,58.80801010131836,57.9678955078125,58.38795471191406,31.282875061035156,1266446
STB,STB.OL,2001-06-12,57.9678955078125,58.80801010131836,57.5478401184082,57.9678955078125,31.057825088500977,1153987
STB,STB.OL,2001-06-13,58.38795471191406,59.22806930541992,57.9678955078125,59.22806930541992,31.732995986938477,4246439
STB,STB.OL,2001-06-14,58.80801010131836,58.80801010131836,57.9678955078125,58.38795471191406,31.282875061035156,16281006
STB,STB.OL,2001-06-15,57.9678955078125,58.38795471191406,57.9678955078125,58.38795471191406,31.282875061035156,264092
STB,STB.OL,2001-06-18,58.38795471191406,58.38795471191406,57.5478401184082,57.9678955078125,31.057825088500977,366153
STB,STB.OL,2001-06-19,57.5478401184082,58.80801010131836,57.127784729003906,57.9678955078125,31.057825088500977,2817642
STB,STB.OL,2001-06-20,57.9678955078125,58.38795471191406,57.5478401184082,57.9678955078125,31.057825088500977,490964
STB,STB.OL,2001-06-21,57.5478401184082,57.9678955078125,56.707725524902344,56.707725524902344,30.38265037536621,11731365
STB,STB.OL,2001-06-22,57.127784729003906,57.9678955078125,56.707725524902344,57.9678955078125,31.057825088500977,200803
STB,STB.OL,2001-06-25,56.707725524902344,56.707725524902344,55.027496337890625,56.28766632080078,30.157590866088867,10288035
STB,STB.OL,2001-06-26,55.867610931396484,55.867610931396484,54.60743713378906,55.867610931396484,29.932540893554688,3872506
STB,STB.OL,2001-06-27,55.027496337890625,56.28766632080078,55.027496337890625,55.867610931396484,29.932540893554688,368956
STB,STB.OL,2001-06-28,55.867610931396484,56.28766632080078,55.44755554199219,56.28766632080078,30.157590866088867,7147676
STB,STB.OL,2001-06-29,55.867610931396484,56.707725524902344,55.44755554199219,55.867610931396484,29.932540893554688,1404862
STB,STB.OL,2001-07-02,55.867610931396484,56.707725524902344,55.867610931396484,55.867610931396484,29.932540893554688,11490947
STB,STB.OL,2001-07-03,56.28766632080078,57.5478401184082,55.027496337890625,56.28766632080078,30.157590866088867,2309566
STB,STB.OL,2001-07-04,56.28766632080078,57.127784729003906,56.28766632080078,57.127784729003906,30.60771369934082,578968
STB,STB.OL,2001-07-05,56.707725524902344,58.38795471191406,56.28766632080078,57.9678955078125,31.057825088500977,1213297
STB,STB.OL,2001-07-06,57.9678955078125,58.38795471191406,57.5478401184082,57.5478401184082,30.8327693939209,363169
STB,STB.OL,2001-07-09,57.127784729003906,57.5478401184082,56.707725524902344,57.127784729003906,30.60771369934082,652608
STB,STB.OL,2001-07-10,57.127784729003906,57.127784729003906,56.707725524902344,56.707725524902344,30.38265037536621,2789778
STB,STB.OL,2001-07-11,56.707725524902344,58.80801010131836,56.707725524902344,58.80801010131836,31.507932662963867,1357279
STB,STB.OL,2001-07-12,59.22806930541992,59.64812469482422,59.22806930541992,59.22806930541992,31.732995986938477,1466734
STB,STB.OL,2001-07-13,59.22806930541992,59.22806930541992,59.22806930541992,59.22806930541992,31.732995986938477,0
STB,STB.OL,2001-07-16,59.22806930541992,59.22806930541992,58.80801010131836,58.80801010131836,31.507932662963867,267498
STB,STB.OL,2001-07-17,58.80801010131836,60.06818389892578,58.80801010131836,60.06818389892578,32.18310546875,934323
STB,STB.OL,2001-07-18,60.06818389892578,60.90829849243164,60.06818389892578,60.90829849243164,32.63322830200195,127631
STB,STB.OL,2001-07-19,60.48823928833008,63.008583068847656,60.48823928833008,61.32835388183594,32.8582763671875,371752
STB,STB.OL,2001-07-20,60.48823928833008,61.32835388183594,60.48823928833008,61.32835388183594,32.8582763671875,322217
STB,STB.OL,2001-07-23,60.48823928833008,61.32835388183594,60.48823928833008,60.90829849243164,32.63322830200195,227962
STB,STB.OL,2001-07-24,60.90829849243164,61.32835388183594,60.48823928833008,61.32835388183594,32.8582763671875,1349589
STB,STB.OL,2001-07-25,60.90829849243164,60.90829849243164,60.06818389892578,60.06818389892578,32.18310546875,116822
STB,STB.OL,2001-07-26,60.06818389892578,60.48823928833008,59.22806930541992,60.06818389892578,32.18310546875,129922
STB,STB.OL,2001-07-27,59.64812469482422,61.32835388183594,58.80801010131836,61.32835388183594,32.8582763671875,519295
STB,STB.OL,2001-07-30,60.48823928833008,60.90829849243164,59.22806930541992,60.48823928833008,32.40816116333008,555684
STB,STB.OL,2001-07-31,59.22806930541992,60.48823928833008,59.22806930541992,59.64812469482422,31.958045959472656,23772
STB,STB.OL,2001-08-01,59.64812469482422,60.06818389892578,59.64812469482422,60.06818389892578,32.18310546875,537637
STB,STB.OL,2001-08-02,60.06818389892578,60.06818389892578,58.80801010131836,58.80801010131836,31.507932662963867,259257
STB,STB.OL,2001-08-03,59.22806930541992,59.64812469482422,58.38795471191406,58.38795471191406,31.282875061035156,581713
STB,STB.OL,2001-08-06,58.80801010131836,58.80801010131836,57.127784729003906,57.9678955078125,31.057825088500977,12279
STB,STB.OL,2001-08-07,57.9678955078125,58.80801010131836,57.127784729003906,58.80801010131836,31.507932662963867,17453
STB,STB.OL,2001-08-08,57.9678955078125,58.80801010131836,57.9678955078125,58.38795471191406,31.282875061035156,12914
STB,STB.OL,2001-08-09,57.9678955078125,58.80801010131836,57.9678955078125,58.80801010131836,31.507932662963867,314429
STB,STB.OL,2001-08-10,58.80801010131836,58.80801010131836,57.9678955078125,57.9678955078125,31.057825088500977,8913
STB,STB.OL,2001-08-13,57.5478401184082,58.80801010131836,57.5478401184082,57.9678955078125,31.057825088500977,6151
STB,STB.OL,2001-08-14,57.9678955078125,58.38795471191406,57.9678955078125,57.9678955078125,31.057825088500977,52260
STB,STB.OL,2001-08-15,57.9678955078125,58.38795471191406,57.5478401184082,57.5478401184082,30.8327693939209,25094
STB,STB.OL,2001-08-16,57.9678955078125,58.38795471191406,57.9678955078125,58.38795471191406,31.282875061035156,357165
STB,STB.OL,2001-08-17,58.38795471191406,58.38795471191406,57.9678955078125,57.9678955078125,31.057825088500977,520486
STB,STB.OL,2001-08-20,58.38795471191406,58.38795471191406,57.9678955078125,58.38795471191406,31.282875061035156,5237
STB,STB.OL,2001-08-21,57.5478401184082,57.5478401184082,57.5478401184082,57.5478401184082,30.8327693939209,1240041
STB,STB.OL,2001-08-22,57.9678955078125,58.38795471191406,57.9678955078125,58.38795471191406,31.282875061035156,1495164
STB,STB.OL,2001-08-23,57.9678955078125,58.80801010131836,57.9678955078125,58.80801010131836,31.507932662963867,64610
STB,STB.OL,2001-08-24,58.80801010131836,58.80801010131836,57.9678955078125,58.80801010131836,31.507932662963867,49209
STB,STB.OL,2001-08-27,58.38795471191406,58.38795471191406,57.9678955078125,60.90829849243164,32.63322830200195,541711
STB,STB.OL,2001-08-28,57.9678955078125,57.9678955078125,57.5478401184082,57.5478401184082,30.8327693939209,558259
STB,STB.OL,2001-08-29,57.9678955078125,57.9678955078125,57.127784729003906,57.127784729003906,30.60771369934082,1033729
STB,STB.OL,2001-08-30,57.127784729003906,58.80801010131836,57.127784729003906,57.5478401184082,30.8327693939209,421015
STB,STB.OL,2001-08-31,57.9678955078125,57.9678955078125,57.9678955078125,57.9678955078125,31.057825088500977,16115
STB,STB.OL,2001-09-03,58.80801010131836,58.80801010131836,57.5478401184082,57.5478401184082,30.8327693939209,1584175
STB,STB.OL,2001-09-04,57.9678955078125,58.38795471191406,57.5478401184082,58.38795471191406,31.282875061035156,1860816
STB,STB.OL,2001-09-05,58.38795471191406,58.38795471191406,57.9678955078125,58.38795471191406,31.282875061035156,1565959
STB,STB.OL,2001-09-06,57.5478401184082,58.38795471191406,57.5478401184082,57.5478401184082,30.8327693939209,191107
STB,STB.OL,2001-09-07,57.9678955078125,58.38795471191406,57.9678955078125,58.38795471191406,31.282875061035156,142610
STB,STB.OL,2001-09-10,57.9678955078125,58.38795471191406,57.5478401184082,57.5478401184082,30.8327693939209,336529
STB,STB.OL,2001-09-11,58.80801010131836,58.80801010131836,57.5478401184082,57.9678955078125,31.057825088500977,102747
STB,STB.OL,2001-09-12,57.5478401184082,57.9678955078125,56.28766632080078,57.9678955078125,31.057825088500977,249251
STB,STB.OL,2001-09-13,57.127784729003906,57.5478401184082,57.127784729003906,57.5478401184082,30.8327693939209,81632
STB,STB.OL,2001-09-14,57.5478401184082,57.5478401184082,56.28766632080078,56.707725524902344,30.38265037536621,69234
STB,STB.OL,2001-09-17,56.28766632080078,56.28766632080078,53.76732635498047,54.60743713378906,29.257366180419922,1645252
STB,STB.OL,2001-09-18,54.60743713378906,54.60743713378906,50.40686798095703,50.40686798095703,27.006805419921875,52153
STB,STB.OL,2001-09-19,52.08709716796875,52.08709716796875,48.72663879394531,49.56675338745117,26.556690216064453,2163880
STB,STB.OL,2001-09-20,49.14669418334961,49.14669418334961,42.42578125,47.046409606933594,25.20635223388672,508863
STB,STB.OL,2001-09-21,45.366180419921875,45.366180419921875,37.80514907836914,37.80514907836914,20.25510025024414,1591401
STB,STB.OL,2001-09-24,39.48537826538086,45.366180419921875,39.48537826538086,45.366180419921875,24.306119918823242,820839
STB,STB.OL,2001-09-25,47.046409606933594,47.046409606933594,42.8458366394043,44.10601043701172,23.630952835083008,317265
STB,STB.OL,2001-09-26,44.526065826416016,44.526065826416016,43.685951232910156,44.526065826416016,23.856006622314453,303557
STB,STB.OL,2001-09-27,46.206295013427734,46.206295013427734,44.10601043701172,45.366180419921875,24.306119918823242,73301
STB,STB.OL,2001-09-28,45.366180419921875,45.366180419921875,45.366180419921875,45.366180419921875,24.306119918823242,0
STB,STB.OL,2001-10-01,36.96503448486328,36.96503448486328,33.604576110839844,35.116783142089844,18.81473731994629,4996948
STB,STB.OL,2001-10-02,35.28480529785156,37.88916015625,34.69672775268555,37.80514907836914,20.25510025024414,5315567
STB,STB.OL,2001-10-03,38.141197204589844,38.141197204589844,36.544979095458984,37.133060455322266,19.895009994506836,2144003
STB,STB.OL,2001-10-04,37.385093688964844,37.55311584472656,36.12491989135742,37.4691047668457,20.075056076049805,559598
STB,STB.OL,2001-10-05,37.301082611083984,37.301082611083984,36.292945861816406,36.544979095458984,19.57992935180664,1569765
STB,STB.OL,2001-10-08,35.704864501953125,36.292945861816406,33.604576110839844,36.12491989135742,19.35487174987793,192930
STB,STB.OL,2001-10-09,36.12491989135742,37.301082611083984,35.28480529785156,36.628990173339844,19.62494468688965,215511
STB,STB.OL,2001-10-10,36.12491989135742,37.385093688964844,36.12491989135742,37.385093688964844,20.030046463012695,415786
STB,STB.OL,2001-10-11,37.301082611083984,37.55311584472656,36.544979095458984,37.301082611083984,19.985034942626953,469263
STB,STB.OL,2001-10-12,37.301082611083984,38.645263671875,37.301082611083984,38.56125259399414,20.660198211669922,882057
STB,STB.OL,2001-10-15,39.90543746948242,40.32549285888672,38.2252082824707,39.06532287597656,20.930273056030273,678470
STB,STB.OL,2001-10-16,39.06532287597656,39.06532287597656,39.06532287597656,39.06532287597656,20.930273056030273,0
STB,STB.OL,2001-10-17,37.4691047668457,39.06532287597656,37.4691047668457,39.06532287597656,20.930273056030273,1125210
STB,STB.OL,2001-10-18,37.80514907836914,38.2252082824707,37.80514907836914,37.80514907836914,20.25510025024414,485538
STB,STB.OL,2001-10-19,37.80514907836914,38.2252082824707,37.80514907836914,37.97317123413086,20.345123291015625,108955
STB,STB.OL,2001-10-22,38.2252082824707,38.39323043823242,37.97317123413086,38.2252082824707,20.48015594482422,241717
STB,STB.OL,2001-10-23,38.2252082824707,38.897300720214844,38.2252082824707,38.2252082824707,20.48015594482422,216895
STB,STB.OL,2001-10-24,38.56125259399414,39.23334503173828,38.56125259399414,39.23334503173828,21.020296096801758,1005849
STB,STB.OL,2001-10-25,38.2252082824707,39.48537826538086,38.2252082824707,39.06532287597656,20.930273056030273,514614
STB,STB.OL,2001-10-26,39.06532287597656,39.06532287597656,39.06532287597656,39.06532287597656,20.930273056030273,0
STB,STB.OL,2001-10-29,38.9813117980957,39.48537826538086,37.385093688964844,37.80514907836914,20.25510025024414,141308
STB,STB.OL,2001-10-30,37.80514907836914,37.80514907836914,36.544979095458984,36.96503448486328,19.80498695373535,289622
STB,STB.OL,2001-10-31,36.96503448486328,36.96503448486328,35.788875579833984,36.7130012512207,19.66995620727539,317334
STB,STB.OL,2001-11-01,36.12491989135742,36.79701232910156,36.12491989135742,36.544979095458984,19.57992935180664,604708
STB,STB.OL,2001-11-02,36.7130012512207,36.96503448486328,36.12491989135742,36.96503448486328,19.80498695373535,159600
STB,STB.OL,2001-11-05,36.96503448486328,36.96503448486328,36.12491989135742,36.12491989135742,19.35487174987793,156788
STB,STB.OL,2001-11-06,36.292945861816406,37.80514907836914,36.292945861816406,37.63712692260742,20.165081024169922,1035318
STB,STB.OL,2001-11-07,37.80514907836914,39.4013671875,37.80514907836914,39.06532287597656,20.930273056030273,2367946
STB,STB.OL,2001-11-08,38.645263671875,39.90543746948242,38.645263671875,39.48537826538086,21.155330657958984,843155
STB,STB.OL,2001-11-09,39.48537826538086,41.669677734375,39.48537826538086,41.16560745239258,22.05555534362793,2299909
STB,STB.OL,2001-11-12,41.16560745239258,41.16560745239258,38.9813117980957,39.06532287597656,20.930273056030273,153843
STB,STB.OL,2001-11-13,40.32549285888672,40.32549285888672,39.14933395385742,39.14933395385742,20.975284576416016,214333
STB,STB.OL,2001-11-14,39.48537826538086,40.157470703125,38.9813117980957,39.73741149902344,21.290359497070312,474328
STB,STB.OL,2001-11-15,39.73741149902344,40.32549285888672,39.23334503173828,39.98944854736328,21.425392150878906,927971
STB,STB.OL,2001-11-16,39.90543746948242,41.16560745239258,39.90543746948242,40.32549285888672,21.60544204711914,1065561
STB,STB.OL,2001-11-19,40.49351501464844,41.08159637451172,40.07345962524414,41.08159637451172,22.010543823242188,789373
STB,STB.OL,2001-11-20,40.74555206298828,41.08159637451172,40.32549285888672,40.74555206298828,21.83049774169922,282860
STB,STB.OL,2001-11-21,40.661537170410156,40.74555206298828,40.32549285888672,40.74555206298828,21.83049774169922,733928
STB,STB.OL,2001-11-22,40.32549285888672,40.74555206298828,40.32549285888672,40.32549285888672,21.60544204711914,247117
STB,STB.OL,2001-11-23,40.32549285888672,40.74555206298828,40.32549285888672,40.32549285888672,21.60544204711914,222020
STB,STB.OL,2001-11-26,41.08159637451172,41.16560745239258,40.74555206298828,40.99758529663086,21.965534210205078,439213
STB,STB.OL,2001-11-27,40.99758529663086,42.8458366394043,40.99758529663086,41.75368881225586,22.370635986328125,738838
STB,STB.OL,2001-11-28,43.685951232910156,43.685951232910156,41.16560745239258,41.16560745239258,22.05555534362793,620217
STB,STB.OL,2001-11-29,40.32549285888672,41.83769989013672,40.32549285888672,41.50165557861328,22.235599517822266,7107506
STB,STB.OL,2001-11-30,41.50165557861328,41.75368881225586,41.24961853027344,41.50165557861328,22.235599517822266,359929
STB,STB.OL,2001-12-03,41.3336296081543,41.3336296081543,40.32549285888672,41.16560745239258,22.05555534362793,381581
STB,STB.OL,2001-12-04,40.40950393676758,41.16560745239258,40.32549285888672,41.16560745239258,22.05555534362793,438129
STB,STB.OL,2001-12-05,40.57752990722656,43.26589584350586,40.57752990722656,42.8458366394043,22.955781936645508,688703
STB,STB.OL,2001-12-06,42.42578125,42.8458366394043,42.00572204589844,42.42578125,22.730728149414062,560994
STB,STB.OL,2001-12-07,42.42578125,43.685951232910156,42.42578125,42.8458366394043,22.955781936645508,683954
STB,STB.OL,2001-12-10,42.8458366394043,43.685951232910156,42.42578125,43.685951232910156,23.40589714050293,311645
STB,STB.OL,2001-12-11,43.685951232910156,43.685951232910156,42.8458366394043,43.26589584350586,23.18084144592285,681784
STB,STB.OL,2001-12-12,43.685951232910156,44.526065826416016,43.26589584350586,43.685951232910156,23.40589714050293,853300
STB,STB.OL,2001-12-13,43.26589584350586,43.685951232910156,42.8458366394043,43.685951232910156,23.40589714050293,546097
STB,STB.OL,2001-12-14,44.10601043701172,44.10601043701172,43.26589584350586,43.685951232910156,23.40589714050293,717235
STB,STB.OL,2001-12-17,42.8458366394043,43.685951232910156,42.8458366394043,43.475921630859375,23.29336929321289,545368
STB,STB.OL,2001-12-18,43.26589584350586,43.685951232910156,42.8458366394043,43.26589584350586,23.18084144592285,879786
STB,STB.OL,2001-12-19,43.26589584350586,43.685951232910156,42.8458366394043,43.26589584350586,23.18084144592285,530338
STB,STB.OL,2001-12-20,42.8458366394043,43.26589584350586,42.8458366394043,43.26589584350586,23.18084144592285,3064042
STB,STB.OL,2001-12-21,43.26589584350586,43.685951232910156,43.26589584350586,43.26589584350586,23.18084144592285,414579
STB,STB.OL,2001-12-24,43.26589584350586,43.26589584350586,43.26589584350586,43.26589584350586,23.18084144592285,0
STB,STB.OL,2001-12-25,43.26589584350586,43.26589584350586,43.26589584350586,43.26589584350586,23.18084144592285,0
STB,STB.OL,2001-12-26,43.26589584350586,43.26589584350586,43.26589584350586,43.26589584350586,23.18084144592285,0
STB,STB.OL,2001-12-27,43.26589584350586,44.10601043701172,43.26589584350586,43.26589584350586,23.18084144592285,85970
STB,STB.OL,2001-12-28,43.685951232910156,44.526065826416016,43.685951232910156,43.685951232910156,23.40589714050293,267056
STB,STB.OL,2001-12-31,43.685951232910156,43.685951232910156,43.685951232910156,43.685951232910156,23.40589714050293,0
STB,STB.OL,2002-01-01,43.685951232910156,43.685951232910156,43.685951232910156,43.685951232910156,23.40589714050293,0
STB,STB.OL,2002-01-02,44.10601043701172,45.366180419921875,43.685951232910156,45.366180419921875,24.306119918823242,317516
STB,STB.OL,2002-01-03,45.366180419921875,46.206295013427734,45.366180419921875,45.366180419921875,24.306119918823242,536362
STB,STB.OL,2002-01-04,45.366180419921875,45.78623580932617,45.366180419921875,45.78623580932617,24.531177520751953,410561
STB,STB.OL,2002-01-07,45.78623580932617,46.206295013427734,45.366180419921875,46.206295013427734,24.756235122680664,307662
STB,STB.OL,2002-01-08,46.206295013427734,46.206295013427734,44.94612121582031,45.366180419921875,24.306119918823242,510657
STB,STB.OL,2002-01-09,45.366180419921875,46.206295013427734,44.526065826416016,46.206295013427734,24.756235122680664,614034
STB,STB.OL,2002-01-10,46.206295013427734,46.206295013427734,45.366180419921875,46.206295013427734,24.756235122680664,496120
STB,STB.OL,2002-01-11,45.366180419921875,47.046409606933594,45.366180419921875,47.046409606933594,25.20635223388672,1477013
STB,STB.OL,2002-01-14,46.62635040283203,47.046409606933594,45.78623580932617,47.046409606933594,25.20635223388672,12477485
STB,STB.OL,2002-01-15,46.206295013427734,46.206295013427734,45.366180419921875,45.78623580932617,24.531177520751953,11230400
STB,STB.OL,2002-01-16,46.62635040283203,46.62635040283203,44.94612121582031,45.366180419921875,24.306119918823242,560449
STB,STB.OL,2002-01-17,45.78623580932617,45.78623580932617,44.94612121582031,45.366180419921875,24.306119918823242,457392
STB,STB.OL,2002-01-18,45.78623580932617,46.62635040283203,45.366180419921875,46.62635040283203,24.981292724609375,685856
STB,STB.OL,2002-01-21,46.206295013427734,48.30657958984375,46.206295013427734,46.62635040283203,24.981292724609375,1569684
STB,STB.OL,2002-01-22,47.046409606933594,48.30657958984375,46.62635040283203,46.62635040283203,24.981292724609375,795873
STB,STB.OL,2002-01-23,47.046409606933594,47.46646499633789,46.206295013427734,47.46646499633789,25.43140411376953,531594
STB,STB.OL,2002-01-24,47.88652420043945,47.88652420043945,46.62635040283203,47.46646499633789,25.43140411376953,722153
STB,STB.OL,2002-01-25,47.046409606933594,47.46646499633789,47.046409606933594,47.46646499633789,25.43140411376953,124837
STB,STB.OL,2002-01-28,47.46646499633789,47.88652420043945,47.046409606933594,47.88652420043945,25.656455993652344,149985
STB,STB.OL,2002-01-29,47.88652420043945,48.30657958984375,46.206295013427734,46.206295013427734,24.756235122680664,562812
STB,STB.OL,2002-01-30,46.206295013427734,46.62635040283203,45.366180419921875,45.366180419921875,24.306119918823242,411485
STB,STB.OL,2002-01-31,45.366180419921875,45.366180419921875,43.26589584350586,44.10601043701172,23.630952835083008,1001458
STB,STB.OL,2002-02-01,44.94612121582031,44.94612121582031,43.26589584350586,44.10601043701172,23.630952835083008,389600
STB,STB.OL,2002-02-04,44.526065826416016,44.526065826416016,43.26589584350586,43.26589584350586,23.18084144592285,217941
STB,STB.OL,2002-02-05,43.26589584350586,44.10601043701172,42.8458366394043,43.685951232910156,23.40589714050293,867600
STB,STB.OL,2002-02-06,43.685951232910156,45.366180419921875,42.42578125,45.366180419921875,24.306119918823242,300655
STB,STB.OL,2002-02-07,44.526065826416016,45.78623580932617,43.685951232910156,45.78623580932617,24.531177520751953,339566
STB,STB.OL,2002-02-08,44.526065826416016,45.366180419921875,42.00572204589844,42.8458366394043,22.955781936645508,1051301
STB,STB.OL,2002-02-11,42.00572204589844,42.8458366394043,42.00572204589844,42.00572204589844,22.505666732788086,324892
STB,STB.OL,2002-02-12,42.00572204589844,42.00572204589844,40.74555206298828,40.74555206298828,21.83049774169922,652886
STB,STB.OL,2002-02-13,40.57752990722656,41.58566665649414,40.32549285888672,41.16560745239258,22.05555534362793,825486
STB,STB.OL,2002-02-14,41.16560745239258,41.24961853027344,40.99758529663086,40.99758529663086,21.965534210205078,1341977
STB,STB.OL,2002-02-15,41.16560745239258,42.00572204589844,41.16560745239258,42.00572204589844,22.505666732788086,296888
STB,STB.OL,2002-02-18,42.00572204589844,42.00572204589844,41.24961853027344,41.24961853027344,22.10056495666504,0
STB,STB.OL,2002-02-19,41.16560745239258,41.75368881225586,41.16560745239258,41.58566665649414,22.280611038208008,0
STB,STB.OL,2002-02-20,41.58566665649414,41.58566665649414,40.74555206298828,41.16560745239258,22.05555534362793,0
STB,STB.OL,2002-02-21,41.58566665649414,42.00572204589844,41.16560745239258,42.00572204589844,22.505666732788086,0
STB,STB.OL,2002-02-22,42.8458366394043,42.8458366394043,41.24961853027344,41.58566665649414,22.280611038208008,0
STB,STB.OL,2002-02-25,41.16560745239258,43.26589584350586,41.16560745239258,43.26589584350586,23.18084144592285,0
STB,STB.OL,2002-02-26,42.8458366394043,42.8458366394043,42.42578125,42.42578125,22.730728149414062,0
STB,STB.OL,2002-02-27,42.42578125,44.10601043701172,42.42578125,44.10601043701172,23.630952835083008,0
STB,STB.OL,2002-02-28,43.26589584350586,43.685951232910156,42.8458366394043,43.685951232910156,23.40589714050293,0
STB,STB.OL,2002-03-01,43.26589584350586,43.26589584350586,42.42578125,42.8458366394043,22.955781936645508,0
STB,STB.OL,2002-03-04,42.8458366394043,42.8458366394043,42.00572204589844,42.00572204589844,22.505666732788086,0
STB,STB.OL,2002-03-05,42.00572204589844,42.8458366394043,42.00572204589844,42.8458366394043,22.955781936645508,0
STB,STB.OL,2002-03-06,41.669677734375,42.00572204589844,41.24961853027344,41.83769989013672,22.415645599365234,0
STB,STB.OL,2002-03-07,42.00572204589844,42.00572204589844,41.50165557861328,41.50165557861328,22.235599517822266,0
STB,STB.OL,2002-03-08,41.58566665649414,41.58566665649414,41.417640686035156,41.58566665649414,22.280611038208008,0
STB,STB.OL,2002-03-11,41.58566665649414,42.42578125,41.417640686035156,42.00572204589844,22.505666732788086,0
STB,STB.OL,2002-03-12,42.00572204589844,42.42578125,42.00572204589844,42.42578125,22.730728149414062,0
STB,STB.OL,2002-03-13,42.00572204589844,42.42578125,41.417640686035156,41.417640686035156,22.190587997436523,0
STB,STB.OL,2002-03-14,42.00572204589844,42.42578125,41.795692443847656,41.92171096801758,22.460657119750977,0
STB,STB.OL,2002-03-15,41.83769989013672,42.00572204589844,41.58566665649414,41.58566665649414,22.280611038208008,0
STB,STB.OL,2002-03-18,41.58566665649414,41.83769989013672,41.417640686035156,41.417640686035156,22.190587997436523,0
STB,STB.OL,2002-03-19,41.417640686035156,41.58566665649414,40.99758529663086,41.08159637451172,22.010543823242188,0
STB,STB.OL,2002-03-20,41.16560745239258,42.00572204589844,40.91357421875,41.83769989013672,22.415645599365234,0
STB,STB.OL,2002-03-21,42.00572204589844,42.42578125,41.83769989013672,42.42578125,22.730728149414062,0
STB,STB.OL,2002-03-22,42.00572204589844,42.42578125,42.00572204589844,42.42578125,22.730728149414062,0
STB,STB.OL,2002-03-25,42.42578125,42.8458366394043,42.42578125,42.42578125,22.730728149414062,0
STB,STB.OL,2002-03-26,42.42578125,42.8458366394043,42.42578125,42.42578125,22.730728149414062,0
STB,STB.OL,2002-03-27,42.8458366394043,42.8458366394043,42.42578125,42.8458366394043,22.955781936645508,0
STB,STB.OL,2002-03-28,42.8458366394043,42.8458366394043,42.8458366394043,42.8458366394043,22.955781936645508,0
STB,STB.OL,2002-03-29,42.8458366394043,42.8458366394043,42.8458366394043,42.8458366394043,22.955781936645508,0
STB,STB.OL,2002-04-01,42.8458366394043,42.8458366394043,42.8458366394043,42.8458366394043,22.955781936645508,0
STB,STB.OL,2002-04-02,42.8458366394043,43.26589584350586,42.00572204589844,42.00572204589844,22.505666732788086,533396
STB,STB.OL,2002-04-03,42.8458366394043,42.8458366394043,42.42578125,42.8458366394043,22.955781936645508,317148
STB,STB.OL,2002-04-04,42.42578125,42.8458366394043,42.00572204589844,42.8458366394043,22.955781936645508,380717
STB,STB.OL,2002-04-05,42.42578125,44.526065826416016,42.42578125,44.526065826416016,23.856006622314453,918696
STB,STB.OL,2002-04-08,44.526065826416016,44.94612121582031,43.26589584350586,43.685951232910156,23.40589714050293,352585
STB,STB.OL,2002-04-09,43.26589584350586,43.685951232910156,43.26589584350586,43.685951232910156,23.40589714050293,143115
STB,STB.OL,2002-04-10,43.26589584350586,43.685951232910156,43.26589584350586,43.26589584350586,23.18084144592285,253213
STB,STB.OL,2002-04-11,43.26589584350586,43.685951232910156,42.42578125,42.42578125,22.730728149414062,593114
STB,STB.OL,2002-04-12,42.8458366394043,42.8458366394043,42.42578125,42.8458366394043,22.955781936645508,231278
STB,STB.OL,2002-04-15,42.42578125,43.26589584350586,42.42578125,43.26589584350586,23.18084144592285,243579
STB,STB.OL,2002-04-16,43.26589584350586,43.26589584350586,42.42578125,43.26589584350586,23.18084144592285,107982
STB,STB.OL,2002-04-17,42.8458366394043,43.26589584350586,42.8458366394043,42.8458366394043,22.955781936645508,109858
STB,STB.OL,2002-04-18,42.8458366394043,43.26589584350586,42.42578125,42.8458366394043,22.955781936645508,5894587
STB,STB.OL,2002-04-19,43.26589584350586,44.10601043701172,43.26589584350586,43.685951232910156,23.40589714050293,563379
STB,STB.OL,2002-04-22,43.685951232910156,44.10601043701172,43.26589584350586,44.10601043701172,23.630952835083008,603102
STB,STB.OL,2002-04-23,43.685951232910156,43.685951232910156,42.8458366394043,42.8458366394043,22.955781936645508,264775
STB,STB.OL,2002-04-24,42.8458366394043,43.26589584350586,42.8458366394043,43.26589584350586,23.18084144592285,162783
STB,STB.OL,2002-04-25,43.26589584350586,43.26589584350586,42.42578125,42.8458366394043,22.955781936645508,265944
STB,STB.OL,2002-04-26,42.8458366394043,42.8458366394043,42.42578125,42.42578125,22.730728149414062,6794288
STB,STB.OL,2002-04-29,42.00572204589844,42.00572204589844,39.98944854736328,40.157470703125,21.515419006347656,6436181
STB,STB.OL,2002-04-30,41.58566665649414,42.42578125,40.82956314086914,40.82956314086914,21.875507354736328,862887
STB,STB.OL,2002-05-01,40.82956314086914,40.82956314086914,40.82956314086914,40.82956314086914,21.875507354736328,0
STB,STB.OL,2002-05-02,42.00572204589844,43.685951232910156,41.83769989013672,43.26589584350586,23.18084144592285,1922113
STB,STB.OL,2002-05-03,43.26589584350586,43.26589584350586,42.42578125,42.42578125,22.730728149414062,257608
STB,STB.OL,2002-05-06,42.42578125,42.42578125,42.00572204589844,42.00572204589844,22.505666732788086,30316
STB,STB.OL,2002-05-07,42.00572204589844,42.42578125,42.00572204589844,42.42578125,22.730728149414062,182040
STB,STB.OL,2002-05-08,42.42578125,42.8458366394043,42.00572204589844,42.00572204589844,22.505666732788086,328542
STB,STB.OL,2002-05-09,42.00572204589844,42.00572204589844,42.00572204589844,42.00572204589844,22.505666732788086,0
STB,STB.OL,2002-05-10,42.42578125,42.42578125,42.00572204589844,42.00572204589844,22.505666732788086,372349
STB,STB.OL,2002-05-13,42.00572204589844,42.42578125,41.58566665649414,41.83769989013672,22.415645599365234,147629
STB,STB.OL,2002-05-14,42.00572204589844,42.42578125,42.00572204589844,42.42578125,22.730728149414062,148316
STB,STB.OL,2002-05-15,42.00572204589844,42.42578125,41.92171096801758,42.42578125,22.730728149414062,344439
STB,STB.OL,2002-05-16,42.42578125,42.8458366394043,42.00572204589844,42.42578125,22.730728149414062,2888248
STB,STB.OL,2002-05-17,42.42578125,42.42578125,42.42578125,42.42578125,22.730728149414062,0
STB,STB.OL,2002-05-20,42.42578125,42.42578125,42.42578125,42.42578125,22.730728149414062,0
STB,STB.OL,2002-05-21,42.42578125,42.42578125,40.57752990722656,41.24961853027344,22.10056495666504,1007133
STB,STB.OL,2002-05-22,41.24961853027344,42.42578125,41.24961853027344,42.00572204589844,22.505666732788086,359211
STB,STB.OL,2002-05-23,42.00572204589844,45.78623580932617,42.00572204589844,45.78623580932617,24.531177520751953,2589257
STB,STB.OL,2002-05-24,46.206295013427734,46.206295013427734,44.10601043701172,45.78623580932617,24.531177520751953,1475234
STB,STB.OL,2002-05-27,45.366180419921875,45.78623580932617,44.526065826416016,45.366180419921875,24.306119918823242,1095445
STB,STB.OL,2002-05-28,45.366180419921875,45.78623580932617,44.526065826416016,44.94612121582031,24.08106231689453,9644140
STB,STB.OL,2002-05-29,44.94612121582031,44.94612121582031,43.26589584350586,43.685951232910156,23.40589714050293,15648692
STB,STB.OL,2002-05-30,43.685951232910156,44.94612121582031,43.685951232910156,44.10601043701172,23.630952835083008,1730004
STB,STB.OL,2002-05-31,44.526065826416016,45.366180419921875,42.8458366394043,43.685951232910156,23.40589714050293,3260694
STB,STB.OL,2002-06-03,43.685951232910156,44.10601043701172,43.685951232910156,43.685951232910156,23.40589714050293,1009004
STB,STB.OL,2002-06-04,43.26589584350586,43.26589584350586,42.42578125,42.42578125,22.730728149414062,2815173
STB,STB.OL,2002-06-05,42.8458366394043,43.26589584350586,42.42578125,42.8458366394043,22.955781936645508,3191360
STB,STB.OL,2002-06-06,42.8458366394043,44.10601043701172,42.8458366394043,44.10601043701172,23.630952835083008,1501863
STB,STB.OL,2002-06-07,43.26589584350586,43.685951232910156,43.26589584350586,43.26589584350586,23.18084144592285,1163427
STB,STB.OL,2002-06-10,43.26589584350586,43.26589584350586,42.8458366394043,43.26589584350586,23.18084144592285,865051
STB,STB.OL,2002-06-11,43.26589584350586,43.685951232910156,42.8458366394043,43.685951232910156,23.40589714050293,757108
STB,STB.OL,2002-06-12,43.26589584350586,44.10601043701172,43.26589584350586,44.10601043701172,23.630952835083008,602642
STB,STB.OL,2002-06-13,43.685951232910156,44.94612121582031,43.685951232910156,44.10601043701172,23.630952835083008,2494383
STB,STB.OL,2002-06-14,43.26589584350586,43.685951232910156,42.00572204589844,42.00572204589844,22.505666732788086,1341629
STB,STB.OL,2002-06-17,43.26589584350586,44.10601043701172,43.26589584350586,44.10601043701172,23.630952835083008,843313
STB,STB.OL,2002-06-18,43.685951232910156,44.10601043701172,43.26589584350586,43.685951232910156,23.40589714050293,512924
STB,STB.OL,2002-06-19,43.26589584350586,43.685951232910156,42.00572204589844,42.00572204589844,22.505666732788086,1026458
STB,STB.OL,2002-06-20,42.42578125,42.42578125,40.74555206298828,41.24961853027344,22.10056495666504,1244144
STB,STB.OL,2002-06-21,41.16560745239258,41.58566665649414,41.16560745239258,41.58566665649414,22.280611038208008,1171291
STB,STB.OL,2002-06-24,41.24961853027344,41.24961853027344,39.06532287597656,39.48537826538086,21.155330657958984,1403202
STB,STB.OL,2002-06-25,40.24148178100586,41.83769989013672,39.73741149902344,41.83769989013672,22.415645599365234,1579590
STB,STB.OL,2002-06-26,39.90543746948242,40.661537170410156,38.645263671875,38.645263671875,20.70521354675293,1787988
STB,STB.OL,2002-06-27,38.645263671875,39.48537826538086,37.72113800048828,39.31735610961914,21.065303802490234,3077623
STB,STB.OL,2002-06-28,37.80514907836914,39.06532287597656,35.704864501953125,38.141197204589844,20.435148239135742,17410870
STB,STB.OL,2002-07-01,34.864749908447266,36.04090881347656,33.604576110839844,35.116783142089844,18.81473731994629,4269577
STB,STB.OL,2002-07-02,35.2007942199707,35.28480529785156,34.4446907043457,34.780738830566406,18.634695053100586,2055702
STB,STB.OL,2002-07-03,34.69672775268555,34.69672775268555,33.01649856567383,33.436553955078125,17.91451072692871,2550601
STB,STB.OL,2002-07-04,33.6885871887207,33.6885871887207,31.924348831176758,32.34440612792969,17.32936668395996,2262303
STB,STB.OL,2002-07-05,32.764461517333984,33.18452072143555,32.512428283691406,33.18452072143555,17.77947998046875,1509772
STB,STB.OL,2002-07-08,33.604576110839844,34.024635314941406,32.764461517333984,34.024635314941406,18.22959327697754,517490
STB,STB.OL,2002-07-09,33.94062423706055,35.032772064208984,33.85661315917969,34.780738830566406,18.634695053100586,994538
STB,STB.OL,2002-07-10,34.276668548583984,34.276668548583984,33.94062423706055,34.024635314941406,18.22959327697754,627356
STB,STB.OL,2002-07-11,33.604576110839844,33.604576110839844,32.596439361572266,32.596439361572266,17.464397430419922,228476
STB,STB.OL,2002-07-12,34.024635314941406,34.024635314941406,32.680450439453125,32.680450439453125,17.509408950805664,618264
STB,STB.OL,2002-07-15,32.764461517333984,32.764461517333984,32.26039505004883,32.26039505004883,17.28435516357422,1495085
STB,STB.OL,2002-07-16,32.764461517333984,32.764461517333984,31.504291534423828,31.504291534423828,16.87925148010254,826575
STB,STB.OL,2002-07-17,31.504291534423828,31.924348831176758,30.24411964416504,31.924348831176758,17.10430908203125,628927
STB,STB.OL,2002-07-18,31.924348831176758,31.924348831176758,30.66417694091797,31.8403377532959,17.059297561645508,530471
STB,STB.OL,2002-07-19,31.00022315979004,31.168245315551758,30.66417694091797,31.0842342376709,16.654193878173828,989760
STB,STB.OL,2002-07-22,30.58016586303711,30.58016586303711,29.65604019165039,30.07609748840332,16.114055633544922,2267639
STB,STB.OL,2002-07-23,30.07609748840332,30.07609748840332,25.707502365112305,26.043548583984375,13.95351505279541,1790141
STB,STB.OL,2002-07-24,25.875524520874023,25.875524520874023,21.842975616455078,22.683090209960938,12.153059959411621,3137520
STB,STB.OL,2002-07-25,24.363319396972656,24.699365615844727,22.683090209960938,23.187158584594727,12.423127174377441,2713650
STB,STB.OL,2002-07-26,23.439193725585938,23.775239944458008,21.842975616455078,23.775239944458008,12.738207817077637,1463119
STB,STB.OL,2002-07-29,24.195295333862305,24.195295333862305,23.103147506713867,23.859249114990234,12.783219337463379,1983741
STB,STB.OL,2002-07-30,24.447330474853516,25.959535598754883,24.363319396972656,24.783376693725586,13.278345108032227,3681975
STB,STB.OL,2002-07-31,25.119422912597656,25.119422912597656,23.943262100219727,23.943262100219727,12.828227996826172,2877792
STB,STB.OL,2002-08-01,24.363319396972656,24.363319396972656,23.355180740356445,23.355180740356445,12.513150215148926,1525818
STB,STB.OL,2002-08-02,22.935123443603516,23.943262100219727,21.926986694335938,23.523204803466797,12.60317611694336,13944445
STB,STB.OL,2002-08-05,23.523204803466797,23.523204803466797,22.263032913208008,23.103147506713867,12.378117561340332,448584
STB,STB.OL,2002-08-06,22.935123443603516,23.271169662475586,22.347043991088867,22.767101287841797,12.198074340820312,1166733
STB,STB.OL,2002-08-07,23.187158584594727,23.187158584594727,22.263032913208008,22.599077224731445,12.108049392700195,661212
STB,STB.OL,2002-08-08,22.515066146850586,22.515066146850586,20.8348388671875,21.42291831970215,11.477890968322754,1563528
STB,STB.OL,2002-08-09,21.842975616455078,22.851112365722656,21.842975616455078,22.683090209960938,12.153059959411621,1441446
STB,STB.OL,2002-08-12,22.935123443603516,22.935123443603516,21.42291831970215,21.842975616455078,11.702948570251465,974836
STB,STB.OL,2002-08-13,22.17902183532715,23.859249114990234,21.674951553344727,23.691226959228516,12.693197250366211,3031134
STB,STB.OL,2002-08-14,22.263032913208008,23.523204803466797,21.590940475463867,22.263032913208008,11.928003311157227,2762518
STB,STB.OL,2002-08-15,22.851112365722656,22.935123443603516,22.347043991088867,22.431055068969727,12.01802921295166,1622526
STB,STB.OL,2002-08-16,22.17902183532715,22.935123443603516,21.42291831970215,22.935123443603516,12.288093566894531,2109769
STB,STB.OL,2002-08-19,22.935123443603516,23.943262100219727,22.851112365722656,23.523204803466797,12.60317611694336,2249053
STB,STB.OL,2002-08-20,23.943262100219727,24.363319396972656,23.439193725585938,24.363319396972656,13.053290367126465,1924559
STB,STB.OL,2002-08-21,24.783376693725586,25.371456146240234,24.363319396972656,25.371456146240234,13.593421936035156,2135226
STB,STB.OL,2002-08-22,25.791513442993164,27.135696411132812,25.707502365112305,26.8836612701416,14.403629302978516,5100864
STB,STB.OL,2002-08-23,26.8836612701416,26.8836612701416,26.043548583984375,26.295581817626953,14.08854866027832,1155508
STB,STB.OL,2002-08-26,26.463605880737305,26.463605880737305,25.875524520874023,25.959535598754883,13.908502578735352,506641
STB,STB.OL,2002-08-27,26.379592895507812,26.379592895507812,25.959535598754883,26.295581817626953,14.08854866027832,407456
STB,STB.OL,2002-08-28,26.295581817626953,26.295581817626953,25.539478302001953,25.875524520874023,13.86349105834961,1135171
STB,STB.OL,2002-08-29,25.455467224121094,25.707502365112305,24.195295333862305,24.447330474853516,13.098299980163574,788443
STB,STB.OL,2002-08-30,24.363319396972656,25.371456146240234,24.363319396972656,24.951398849487305,13.368367195129395,555102
STB,STB.OL,2002-09-02,24.531341552734375,24.615352630615234,24.279306411743164,24.531341552734375,13.143310546875,520900
STB,STB.OL,2002-09-03,24.279306411743164,24.279306411743164,23.271169662475586,23.691226959228516,12.693197250366211,717302
STB,STB.OL,2002-09-04,23.859249114990234,23.859249114990234,22.935123443603516,23.523204803466797,12.60317611694336,887148
STB,STB.OL,2002-09-05,23.523204803466797,23.523204803466797,22.683090209960938,23.271169662475586,12.468141555786133,2220453
STB,STB.OL,2002-09-06,23.103147506713867,23.523204803466797,23.019136428833008,23.523204803466797,12.60317611694336,2354643
STB,STB.OL,2002-09-09,23.859249114990234,23.859249114990234,23.103147506713867,23.523204803466797,12.60317611694336,565750
STB,STB.OL,2002-09-10,23.691226959228516,24.195295333862305,23.691226959228516,24.111284255981445,12.918254852294922,797642
STB,STB.OL,2002-09-11,24.111284255981445,24.111284255981445,23.607215881347656,23.775239944458008,12.738207817077637,470463
STB,STB.OL,2002-09-12,23.607215881347656,23.607215881347656,22.683090209960938,22.683090209960938,12.153059959411621,304337
STB,STB.OL,2002-09-13,22.683090209960938,22.683090209960938,22.010997772216797,22.09501075744629,11.837982177734375,687525
STB,STB.OL,2002-09-16,22.010997772216797,22.515066146850586,21.00286102294922,21.33890724182129,11.432879447937012,866847
STB,STB.OL,2002-09-17,21.926986694335938,22.09501075744629,21.590940475463867,22.09501075744629,11.837982177734375,859541
STB,STB.OL,2002-09-18,21.842975616455078,21.842975616455078,19.3226318359375,21.00286102294922,11.252833366394043,810275
STB,STB.OL,2002-09-19,21.00286102294922,21.00286102294922,18.90257453918457,19.65867805480957,10.532651901245117,1243759
STB,STB.OL,2002-09-20,19.3226318359375,19.74268913269043,17.64240264892578,19.070598602294922,10.217574119567871,1024429
STB,STB.OL,2002-09-23,20.0787353515625,20.0787353515625,16.802288055419922,17.138334274291992,9.18231201171875,1457765
STB,STB.OL,2002-09-24,17.22234535217285,17.22234535217285,15.54211711883545,16.382230758666992,8.777209281921387,3337195
STB,STB.OL,2002-09-25,16.718276977539062,17.22234535217285,16.046186447143555,16.130197525024414,8.64217758178711,1902928
STB,STB.OL,2002-09-26,16.802288055419922,17.474380493164062,16.634265899658203,16.970312118530273,9.092289924621582,2077603
STB,STB.OL,2002-09-27,17.22234535217285,17.558391571044922,16.466243743896484,17.054323196411133,9.137301445007324,2590018
STB,STB.OL,2002-09-30,15.962174415588379,16.802288055419922,15.962174415588379,16.550254821777344,8.867233276367188,3748028
STB,STB.OL,2002-10-01,16.382230758666992,17.474380493164062,16.130197525024414,17.30635643005371,9.272334098815918,1515923
STB,STB.OL,2002-10-02,17.726415634155273,18.06245994567871,17.138334274291992,17.138334274291992,9.18231201171875,1561752
STB,STB.OL,2002-10-03,16.802288055419922,17.810426712036133,16.802288055419922,17.64240264892578,9.45237922668457,829484
STB,STB.OL,2002-10-04,17.64240264892578,17.726415634155273,17.138334274291992,17.64240264892578,9.45237922668457,832152
STB,STB.OL,2002-10-07,17.390369415283203,18.23048210144043,16.970312118530273,17.558391571044922,9.407368659973145,904698
STB,STB.OL,2002-10-08,18.06245994567871,18.98658561706543,18.06245994567871,18.314495086669922,9.812472343444824,2259623
STB,STB.OL,2002-10-09,18.90257453918457,19.49065589904785,18.73455238342285,19.23862075805664,10.307596206665039,2169211
STB,STB.OL,2002-10-10,19.74268913269043,20.0787353515625,18.98658561706543,19.3226318359375,10.352606773376465,1280977
STB,STB.OL,2002-10-11,20.16274642944336,21.00286102294922,19.74268913269043,21.00286102294922,11.252833366394043,1451057
STB,STB.OL,2002-10-14,21.42291831970215,21.506929397583008,20.16274642944336,20.41478157043457,10.937753677368164,2736803
STB,STB.OL,2002-10-15,20.91884994506836,23.103147506713867,20.8348388671875,22.683090209960938,12.153059959411621,3488461
STB,STB.OL,2002-10-16,22.935123443603516,23.523204803466797,21.674951553344727,21.842975616455078,11.702948570251465,845982
STB,STB.OL,2002-10-17,22.347043991088867,23.775239944458008,22.347043991088867,22.683090209960938,12.153059959411621,1385426
STB,STB.OL,2002-10-18,22.935123443603516,22.935123443603516,22.010997772216797,22.347043991088867,11.973013877868652,685366
STB,STB.OL,2002-10-21,22.09501075744629,22.431055068969727,21.00286102294922,21.42291831970215,11.477890968322754,811232
STB,STB.OL,2002-10-22,21.926986694335938,22.431055068969727,21.086872100830078,21.33890724182129,11.432879447937012,653824
STB,STB.OL,2002-10-23,21.00286102294922,21.75896453857422,20.24675750732422,21.00286102294922,11.252833366394043,732251
STB,STB.OL,2002-10-24,21.00286102294922,21.42291831970215,20.8348388671875,21.00286102294922,11.252833366394043,2142966
STB,STB.OL,2002-10-25,20.75082778930664,21.42291831970215,20.49879264831543,21.42291831970215,11.477890968322754,847027
STB,STB.OL,2002-10-28,22.17902183532715,22.17902183532715,21.506929397583008,21.590940475463867,11.567912101745605,1087382
STB,STB.OL,2002-10-29,21.254894256591797,21.590940475463867,21.254894256591797,21.42291831970215,11.477890968322754,550616
STB,STB.OL,2002-10-30,21.33890724182129,21.75896453857422,21.254894256591797,21.674951553344727,11.612921714782715,122258
STB,STB.OL,2002-10-31,22.17902183532715,22.431055068969727,21.842975616455078,22.431055068969727,12.01802921295166,1286823
STB,STB.OL,2002-11-01,22.263032913208008,22.263032913208008,21.33890724182129,21.42291831970215,11.477890968322754,621379
STB,STB.OL,2002-11-04,21.926986694335938,23.355180740356445,21.926986694335938,23.103147506713867,12.378117561340332,1560461
STB,STB.OL,2002-11-05,23.271169662475586,23.439193725585938,22.263032913208008,22.851112365722656,12.243083953857422,575121
STB,STB.OL,2002-11-06,23.187158584594727,23.691226959228516,22.515066146850586,22.515066146850586,12.063036918640137,1036695
STB,STB.OL,2002-11-07,23.271169662475586,23.523204803466797,22.515066146850586,23.523204803466797,12.60317611694336,1015373
STB,STB.OL,2002-11-08,23.187158584594727,23.523204803466797,22.515066146850586,22.683090209960938,12.153059959411621,546282
STB,STB.OL,2002-11-11,22.683090209960938,22.683090209960938,21.842975616455078,22.17902183532715,11.882993698120117,288396
STB,STB.OL,2002-11-12,22.010997772216797,22.599077224731445,21.75896453857422,22.09501075744629,11.837982177734375,613883
STB,STB.OL,2002-11-13,22.515066146850586,23.523204803466797,21.590940475463867,21.75896453857422,11.657937049865723,2758409
STB,STB.OL,2002-11-14,21.842975616455078,22.17902183532715,21.674951553344727,21.842975616455078,11.702948570251465,1548598
STB,STB.OL,2002-11-15,22.515066146850586,22.683090209960938,22.17902183532715,22.683090209960938,12.153059959411621,1675827
STB,STB.OL,2002-11-18,22.599077224731445,23.691226959228516,22.515066146850586,23.103147506713867,12.378117561340332,2074697
STB,STB.OL,2002-11-19,23.187158584594727,23.271169662475586,22.851112365722656,23.019136428833008,12.333108901977539,1512174
STB,STB.OL,2002-11-20,23.187158584594727,23.943262100219727,23.103147506713867,23.607215881347656,12.648185729980469,2576314
STB,STB.OL,2002-11-21,24.027273178100586,24.531341552734375,23.943262100219727,24.531341552734375,13.143310546875,1687677
STB,STB.OL,2002-11-22,24.699365615844727,25.035409927368164,24.027273178100586,24.363319396972656,13.053290367126465,1264295
STB,STB.OL,2002-11-25,24.531341552734375,24.699365615844727,24.279306411743164,24.447330474853516,13.098299980163574,307772
STB,STB.OL,2002-11-26,24.447330474853516,24.531341552734375,24.027273178100586,24.363319396972656,13.053290367126465,1028581
STB,STB.OL,2002-11-27,24.363319396972656,24.615352630615234,24.363319396972656,24.615352630615234,13.188321113586426,429193
STB,STB.OL,2002-11-28,24.783376693725586,26.043548583984375,24.783376693725586,25.119422912597656,13.458389282226562,800753
STB,STB.OL,2002-11-29,25.959535598754883,26.043548583984375,25.287445068359375,25.875524520874023,13.86349105834961,4051306
STB,STB.OL,2002-12-02,26.043548583984375,26.379592895507812,25.875524520874023,25.959535598754883,13.908502578735352,1370746
STB,STB.OL,2002-12-03,26.043548583984375,26.043548583984375,25.371456146240234,25.623489379882812,13.728453636169434,616621
STB,STB.OL,2002-12-04,25.371456146240234,26.043548583984375,24.867387771606445,24.867387771606445,13.323355674743652,1122656
STB,STB.OL,2002-12-05,25.119422912597656,25.203432083129883,23.355180740356445,23.355180740356445,12.513150215148926,520181
STB,STB.OL,2002-12-06,23.523204803466797,24.279306411743164,22.431055068969727,23.103147506713867,12.378117561340332,1615039
STB,STB.OL,2002-12-09,22.851112365722656,23.691226959228516,22.683090209960938,23.439193725585938,12.558162689208984,442568
STB,STB.OL,2002-12-10,23.271169662475586,23.607215881347656,23.271169662475586,23.355180740356445,12.513150215148926,90567
STB,STB.OL,2002-12-11,23.355180740356445,24.363319396972656,23.355180740356445,24.027273178100586,12.873242378234863,873163
STB,STB.OL,2002-12-12,23.607215881347656,23.943262100219727,23.187158584594727,23.271169662475586,12.468141555786133,204198
STB,STB.OL,2002-12-13,23.607215881347656,23.859249114990234,23.103147506713867,23.859249114990234,12.783219337463379,184992
STB,STB.OL,2002-12-16,23.859249114990234,23.859249114990234,23.019136428833008,23.103147506713867,12.378117561340332,178630
STB,STB.OL,2002-12-17,23.271169662475586,23.271169662475586,22.09501075744629,22.347043991088867,11.973013877868652,633481
STB,STB.OL,2002-12-18,21.842975616455078,22.515066146850586,21.506929397583008,21.926986694335938,11.747960090637207,536679
STB,STB.OL,2002-12-19,21.926986694335938,22.851112365722656,21.926986694335938,22.431055068969727,12.01802921295166,686426
STB,STB.OL,2002-12-20,22.515066146850586,23.019136428833008,22.431055068969727,22.515066146850586,12.063036918640137,737376
STB,STB.OL,2002-12-23,22.515066146850586,22.515066146850586,21.590940475463867,21.842975616455078,11.702948570251465,273715
STB,STB.OL,2002-12-24,21.842975616455078,21.842975616455078,21.842975616455078,21.842975616455078,11.702948570251465,0
STB,STB.OL,2002-12-25,21.842975616455078,21.842975616455078,21.842975616455078,21.842975616455078,11.702948570251465,0
STB,STB.OL,2002-12-26,21.842975616455078,21.842975616455078,21.842975616455078,21.842975616455078,11.702948570251465,0
STB,STB.OL,2002-12-27,22.263032913208008,22.263032913208008,21.842975616455078,22.010997772216797,11.79296875,194378
STB,STB.OL,2002-12-30,22.010997772216797,22.010997772216797,21.506929397583008,21.842975616455078,11.702948570251465,264266
STB,STB.OL,2002-12-31,21.842975616455078,21.842975616455078,21.842975616455078,21.842975616455078,11.702948570251465,0
STB,STB.OL,2003-01-01,21.842975616455078,21.842975616455078,21.842975616455078,21.842975616455078,11.702948570251465,0
STB,STB.OL,2003-01-02,21.842975616455078,23.019136428833008,21.842975616455078,22.515066146850586,12.063036918640137,117153
STB,STB.OL,2003-01-03,22.767101287841797,23.775239944458008,22.767101287841797,23.523204803466797,12.60317611694336,309413
STB,STB.OL,2003-01-06,23.775239944458008,23.775239944458008,22.683090209960938,23.187158584594727,12.423127174377441,183403
STB,STB.OL,2003-01-07,23.187158584594727,23.355180740356445,22.431055068969727,22.683090209960938,12.153059959411621,987127
STB,STB.OL,2003-01-08,22.683090209960938,22.683090209960938,21.926986694335938,21.926986694335938,11.747960090637207,558526
STB,STB.OL,2003-01-09,22.17902183532715,22.683090209960938,21.42291831970215,22.515066146850586,12.063036918640137,1863052
STB,STB.OL,2003-01-10,22.599077224731445,22.851112365722656,22.263032913208008,22.767101287841797,12.198074340820312,437493
STB,STB.OL,2003-01-13,22.767101287841797,23.439193725585938,22.767101287841797,23.439193725585938,12.558162689208984,629990
STB,STB.OL,2003-01-14,23.187158584594727,23.607215881347656,22.935123443603516,23.523204803466797,12.60317611694336,1019912
STB,STB.OL,2003-01-15,23.187158584594727,23.523204803466797,23.103147506713867,23.523204803466797,12.60317611694336,234501
STB,STB.OL,2003-01-16,23.271169662475586,23.523204803466797,23.187158584594727,23.439193725585938,12.558162689208984,2642287
STB,STB.OL,2003-01-17,23.355180740356445,23.355180740356445,23.103147506713867,23.103147506713867,12.378117561340332,410903
STB,STB.OL,2003-01-20,23.271169662475586,23.523204803466797,23.103147506713867,23.271169662475586,12.468141555786133,241645
STB,STB.OL,2003-01-21,23.355180740356445,23.523204803466797,23.103147506713867,23.103147506713867,12.378117561340332,378019
STB,STB.OL,2003-01-22,23.103147506713867,23.103147506713867,22.431055068969727,22.851112365722656,12.243083953857422,347231
STB,STB.OL,2003-01-23,22.851112365722656,23.103147506713867,22.515066146850586,22.683090209960938,12.153059959411621,266326
STB,STB.OL,2003-01-24,23.019136428833008,23.019136428833008,22.683090209960938,22.683090209960938,12.153059959411621,80336
STB,STB.OL,2003-01-27,21.674951553344727,22.09501075744629,21.506929397583008,21.75896453857422,11.657937049865723,632451
STB,STB.OL,2003-01-28,22.347043991088867,22.347043991088867,21.254894256591797,21.33890724182129,11.432879447937012,1178595
STB,STB.OL,2003-01-29,21.00286102294922,21.254894256591797,20.58280372619629,20.58280372619629,11.027777671813965,1139707
STB,STB.OL,2003-01-30,20.66681480407715,21.254894256591797,20.66681480407715,20.91884994506836,11.207822799682617,1027842
STB,STB.OL,2003-01-31,20.91884994506836,20.91884994506836,20.41478157043457,20.58280372619629,11.027777671813965,1067228
STB,STB.OL,2003-02-03,20.91884994506836,21.506929397583008,20.49879264831543,20.91884994506836,11.207822799682617,666202
STB,STB.OL,2003-02-04,20.91884994506836,21.00286102294922,20.0787353515625,20.0787353515625,10.757709503173828,687468
STB,STB.OL,2003-02-05,19.99472427368164,20.16274642944336,19.74268913269043,20.16274642944336,10.80272102355957,417134
STB,STB.OL,2003-02-06,19.91071128845215,19.91071128845215,19.070598602294922,19.40664291381836,10.397618293762207,702582
STB,STB.OL,2003-02-07,19.3226318359375,19.65867805480957,18.73455238342285,19.15460968017578,10.262584686279297,1115357
STB,STB.OL,2003-02-10,19.3226318359375,19.3226318359375,18.39850616455078,18.48251724243164,9.902493476867676,949156
STB,STB.OL,2003-02-11,18.73455238342285,19.070598602294922,18.48251724243164,18.48251724243164,9.902493476867676,1320236
STB,STB.OL,2003-02-12,18.48251724243164,19.3226318359375,18.39850616455078,19.3226318359375,10.352606773376465,606429
STB,STB.OL,2003-02-13,19.3226318359375,19.3226318359375,18.48251724243164,18.65053939819336,9.992515563964844,616948
STB,STB.OL,2003-02-14,18.98658561706543,19.070598602294922,18.5665283203125,18.81856346130371,10.082540512084961,366063
STB,STB.OL,2003-02-17,19.3226318359375,20.16274642944336,19.3226318359375,19.99472427368164,10.712696075439453,1488111
STB,STB.OL,2003-02-18,19.82670021057129,20.16274642944336,19.65867805480957,19.74268913269043,10.577665328979492,683549
STB,STB.OL,2003-02-19,19.91071128845215,19.91071128845215,18.5665283203125,18.5665283203125,9.947504043579102,443177
STB,STB.OL,2003-02-20,18.90257453918457,19.070598602294922,18.5665283203125,18.65053939819336,9.992515563964844,913574
STB,STB.OL,2003-02-21,18.81856346130371,18.98658561706543,18.65053939819336,18.81856346130371,10.082540512084961,749827
STB,STB.OL,2003-02-24,18.90257453918457,18.90257453918457,18.48251724243164,18.65053939819336,9.992515563964844,675779
STB,STB.OL,2003-02-25,19.3226318359375,19.3226318359375,17.474380493164062,17.64240264892578,9.45237922668457,1038732
STB,STB.OL,2003-02-26,17.64240264892578,18.06245994567871,16.802288055419922,17.390369415283203,9.317347526550293,1293039
STB,STB.OL,2003-02-27,17.138334274291992,17.390369415283203,16.466243743896484,17.22234535217285,9.227322578430176,1275072
STB,STB.OL,2003-02-28,17.22234535217285,17.894437789916992,17.22234535217285,17.726415634155273,9.497392654418945,1792850
STB,STB.OL,2003-03-03,18.06245994567871,19.40664291381836,18.06245994567871,18.98658561706543,10.172561645507812,1495959
STB,STB.OL,2003-03-04,18.81856346130371,18.98658561706543,18.39850616455078,18.65053939819336,9.992515563964844,757916
STB,STB.OL,2003-03-05,18.48251724243164,18.81856346130371,18.314495086669922,18.73455238342285,10.037528038024902,987891
STB,STB.OL,2003-03-06,18.73455238342285,19.3226318359375,18.48251724243164,18.65053939819336,9.992515563964844,1143491
STB,STB.OL,2003-03-07,18.65053939819336,18.81856346130371,18.06245994567871,18.146472930908203,9.72244930267334,853850
STB,STB.OL,2003-03-10,18.314495086669922,18.65053939819336,18.06245994567871,18.146472930908203,9.72244930267334,705197
STB,STB.OL,2003-03-11,18.146472930908203,18.90257453918457,17.726415634155273,18.73455238342285,10.037528038024902,587610
STB,STB.OL,2003-03-12,18.90257453918457,18.90257453918457,17.97844886779785,18.06245994567871,9.677435874938965,1143291
STB,STB.OL,2003-03-13,18.314495086669922,19.070598602294922,18.314495086669922,18.90257453918457,10.12755012512207,2523782
STB,STB.OL,2003-03-14,19.74268913269043,19.99472427368164,19.3226318359375,19.40664291381836,10.397618293762207,2214630
STB,STB.OL,2003-03-17,18.90257453918457,19.3226318359375,18.90257453918457,19.23862075805664,10.307596206665039,920082
STB,STB.OL,2003-03-18,19.82670021057129,21.42291831970215,19.82670021057129,21.254894256591797,11.387868881225586,4833648
STB,STB.OL,2003-03-19,20.91884994506836,21.926986694335938,20.91884994506836,21.842975616455078,11.702948570251465,1106913
STB,STB.OL,2003-03-20,21.75896453857422,21.842975616455078,21.33890724182129,21.674951553344727,11.612921714782715,1183500
STB,STB.OL,2003-03-21,21.75896453857422,21.926986694335938,21.254894256591797,21.590940475463867,11.567912101745605,857733
STB,STB.OL,2003-03-24,21.506929397583008,21.590940475463867,21.086872100830078,21.42291831970215,11.477890968322754,1086447
STB,STB.OL,2003-03-25,21.42291831970215,21.42291831970215,20.41478157043457,20.8348388671875,11.162811279296875,1857258
STB,STB.OL,2003-03-26,20.91884994506836,21.33890724182129,20.91884994506836,21.33890724182129,11.432879447937012,370466
STB,STB.OL,2003-03-27,21.086872100830078,21.086872100830078,20.91884994506836,20.91884994506836,11.207822799682617,417779
STB,STB.OL,2003-03-28,20.8348388671875,20.91884994506836,20.75082778930664,20.8348388671875,11.162811279296875,718099
STB,STB.OL,2003-03-31,20.58280372619629,20.58280372619629,19.99472427368164,20.330768585205078,10.892741203308105,526104
STB,STB.OL,2003-04-01,20.24675750732422,20.41478157043457,19.99472427368164,20.0787353515625,10.757709503173828,348564
STB,STB.OL,2003-04-02,20.58280372619629,21.842975616455078,20.41478157043457,21.75896453857422,11.657937049865723,1225490
STB,STB.OL,2003-04-03,21.674951553344727,21.674951553344727,21.33890724182129,21.42291831970215,11.477890968322754,684925
STB,STB.OL,2003-04-04,21.42291831970215,22.431055068969727,21.42291831970215,22.17902183532715,11.882993698120117,1310215
STB,STB.OL,2003-04-07,22.935123443603516,23.607215881347656,22.935123443603516,23.607215881347656,12.648185729980469,1765566
STB,STB.OL,2003-04-08,23.103147506713867,23.439193725585938,22.683090209960938,23.019136428833008,12.333108901977539,893547
STB,STB.OL,2003-04-09,23.019136428833008,23.187158584594727,22.347043991088867,23.187158584594727,12.423127174377441,1118524
STB,STB.OL,2003-04-10,23.103147506713867,23.103147506713867,22.683090209960938,22.851112365722656,12.243083953857422,749281
STB,STB.OL,2003-04-11,23.103147506713867,23.523204803466797,22.935123443603516,23.271169662475586,12.468141555786133,839404
STB,STB.OL,2003-04-14,23.271169662475586,23.271169662475586,22.935123443603516,23.103147506713867,12.378117561340332,172503
STB,STB.OL,2003-04-15,23.271169662475586,23.523204803466797,23.019136428833008,23.103147506713867,12.378117561340332,334260
STB,STB.OL,2003-04-16,23.523204803466797,24.027273178100586,23.523204803466797,23.775239944458008,12.738207817077637,1715834
STB,STB.OL,2003-04-17,23.775239944458008,23.775239944458008,23.775239944458008,23.775239944458008,12.738207817077637,0
STB,STB.OL,2003-04-18,23.775239944458008,23.775239944458008,23.775239944458008,23.775239944458008,12.738207817077637,0
STB,STB.OL,2003-04-21,23.775239944458008,23.775239944458008,23.775239944458008,23.775239944458008,12.738207817077637,0
STB,STB.OL,2003-04-22,23.859249114990234,23.943262100219727,23.691226959228516,23.859249114990234,12.783219337463379,802487
STB,STB.OL,2003-04-23,23.943262100219727,23.943262100219727,22.767101287841797,22.935123443603516,12.288093566894531,2133554
STB,STB.OL,2003-04-24,22.515066146850586,22.683090209960938,22.431055068969727,22.515066146850586,12.063036918640137,722361
STB,STB.OL,2003-04-25,22.515066146850586,23.103147506713867,22.347043991088867,23.103147506713867,12.378117561340332,1427540
STB,STB.OL,2003-04-28,23.103147506713867,23.439193725585938,22.599077224731445,23.355180740356445,12.513150215148926,724385
STB,STB.OL,2003-04-29,23.523204803466797,23.943262100219727,23.523204803466797,23.859249114990234,12.783219337463379,1907196
STB,STB.OL,2003-04-30,23.859249114990234,24.027273178100586,23.607215881347656,23.943262100219727,12.828227996826172,583968
STB,STB.OL,2003-05-01,23.943262100219727,23.943262100219727,23.943262100219727,23.943262100219727,12.828227996826172,0
STB,STB.OL,2003-05-02,23.943262100219727,23.943262100219727,23.439193725585938,23.607215881347656,12.648185729980469,430060
STB,STB.OL,2003-05-05,23.943262100219727,24.531341552734375,23.943262100219727,24.279306411743164,13.00827407836914,327318
STB,STB.OL,2003-05-06,24.531341552734375,24.531341552734375,23.943262100219727,24.027273178100586,12.873242378234863,1129250
STB,STB.OL,2003-05-07,24.027273178100586,24.027273178100586,23.607215881347656,23.775239944458008,12.738207817077637,1346141
STB,STB.OL,2003-05-08,23.775239944458008,24.363319396972656,23.775239944458008,24.111284255981445,12.918254852294922,1868095
STB,STB.OL,2003-05-09,24.279306411743164,24.279306411743164,23.859249114990234,24.111284255981445,12.918254852294922,1890185
STB,STB.OL,2003-05-12,23.943262100219727,24.111284255981445,23.691226959228516,23.691226959228516,12.693197250366211,1028145
STB,STB.OL,2003-05-13,23.943262100219727,24.027273178100586,23.439193725585938,23.523204803466797,12.60317611694336,3665914
STB,STB.OL,2003-05-14,23.523204803466797,23.943262100219727,23.439193725585938,23.859249114990234,12.783219337463379,1658677
STB,STB.OL,2003-05-15,23.943262100219727,25.035409927368164,23.943262100219727,24.447330474853516,13.098299980163574,3188550
STB,STB.OL,2003-05-16,24.951398849487305,25.959535598754883,24.867387771606445,25.623489379882812,13.728453636169434,3692668
STB,STB.OL,2003-05-19,25.455467224121094,25.539478302001953,24.951398849487305,25.035409927368164,13.413376808166504,2377387
STB,STB.OL,2003-05-20,24.867387771606445,25.623489379882812,24.699365615844727,25.287445068359375,13.54841136932373,3612478
STB,STB.OL,2003-05-21,25.539478302001953,25.539478302001953,24.279306411743164,24.363319396972656,13.053290367126465,1016004
STB,STB.OL,2003-05-22,24.783376693725586,25.035409927368164,24.363319396972656,24.951398849487305,13.368367195129395,10669837
STB,STB.OL,2003-05-23,25.203432083129883,25.287445068359375,24.783376693725586,25.203432083129883,13.503402709960938,2003478
STB,STB.OL,2003-05-26,25.119422912597656,25.119422912597656,24.699365615844727,24.951398849487305,13.368367195129395,888701
STB,STB.OL,2003-05-27,24.951398849487305,24.951398849487305,24.279306411743164,24.447330474853516,13.098299980163574,1288719
STB,STB.OL,2003-05-28,24.951398849487305,25.203432083129883,24.951398849487305,24.951398849487305,13.368367195129395,1258995
STB,STB.OL,2003-05-29,24.951398849487305,24.951398849487305,24.951398849487305,24.951398849487305,13.368367195129395,0
STB,STB.OL,2003-05-30,25.119422912597656,25.203432083129883,24.783376693725586,24.783376693725586,13.278345108032227,1152885
STB,STB.OL,2003-06-02,25.455467224121094,25.707502365112305,25.371456146240234,25.623489379882812,13.728453636169434,3315532
STB,STB.OL,2003-06-03,25.371456146240234,25.623489379882812,25.035409927368164,25.539478302001953,13.683445930480957,3773075
STB,STB.OL,2003-06-04,25.623489379882812,26.043548583984375,25.119422912597656,25.203432083129883,13.503402709960938,3064539
STB,STB.OL,2003-06-05,25.455467224121094,25.623489379882812,25.035409927368164,25.119422912597656,13.458389282226562,1151659
STB,STB.OL,2003-06-06,25.287445068359375,25.959535598754883,25.287445068359375,25.959535598754883,13.908502578735352,1383944
STB,STB.OL,2003-06-09,25.959535598754883,25.959535598754883,25.959535598754883,25.959535598754883,13.908502578735352,0
STB,STB.OL,2003-06-10,25.791513442993164,26.799650192260742,25.707502365112305,26.54761505126953,14.223581314086914,4330290
STB,STB.OL,2003-06-11,26.54761505126953,27.891799926757812,26.54761505126953,27.471742630004883,14.718707084655762,2019289
STB,STB.OL,2003-06-12,27.723777770996094,28.3958683013916,27.387731552124023,27.6397647857666,14.808731079101562,3571853
STB,STB.OL,2003-06-13,27.723777770996094,27.723777770996094,26.463605880737305,26.463605880737305,14.178569793701172,1427263
STB,STB.OL,2003-06-16,26.463605880737305,26.463605880737305,25.539478302001953,26.043548583984375,13.95351505279541,1347874
STB,STB.OL,2003-06-17,26.54761505126953,26.967674255371094,26.127559661865234,26.799650192260742,14.35861587524414,1013928
STB,STB.OL,2003-06-18,26.715639114379883,26.715639114379883,25.959535598754883,26.127559661865234,13.998527526855469,725615
STB,STB.OL,2003-06-19,26.043548583984375,26.463605880737305,25.959535598754883,26.463605880737305,14.178569793701172,451392
STB,STB.OL,2003-06-20,26.379592895507812,26.379592895507812,25.707502365112305,26.295581817626953,14.08854866027832,1308944
STB,STB.OL,2003-06-23,26.211570739746094,26.379592895507812,26.043548583984375,26.043548583984375,13.95351505279541,694462
STB,STB.OL,2003-06-24,26.043548583984375,26.295581817626953,25.791513442993164,25.959535598754883,13.908502578735352,740702
STB,STB.OL,2003-06-25,25.875524520874023,25.875524520874023,24.951398849487305,25.035409927368164,13.413376808166504,766153
STB,STB.OL,2003-06-26,24.951398849487305,25.287445068359375,24.867387771606445,24.867387771606445,13.323355674743652,1136559
STB,STB.OL,2003-06-27,25.035409927368164,25.455467224121094,24.951398849487305,25.203432083129883,13.503402709960938,1101473
STB,STB.OL,2003-06-30,25.203432083129883,25.287445068359375,23.859249114990234,24.363319396972656,13.053290367126465,649231
STB,STB.OL,2003-07-01,24.615352630615234,25.035409927368164,24.279306411743164,24.279306411743164,13.00827407836914,359277
STB,STB.OL,2003-07-02,24.615352630615234,24.699365615844727,24.363319396972656,24.615352630615234,13.188321113586426,265179
STB,STB.OL,2003-07-03,24.783376693725586,24.783376693725586,24.111284255981445,24.447330474853516,13.098299980163574,902153
STB,STB.OL,2003-07-04,24.531341552734375,24.951398849487305,24.447330474853516,24.699365615844727,13.233333587646484,866894
STB,STB.OL,2003-07-07,24.867387771606445,25.539478302001953,24.867387771606445,25.203432083129883,13.503402709960938,709809
STB,STB.OL,2003-07-08,25.287445068359375,25.707502365112305,25.203432083129883,25.203432083129883,13.503402709960938,494367
STB,STB.OL,2003-07-09,25.203432083129883,25.623489379882812,25.203432083129883,25.371456146240234,13.593421936035156,264008
STB,STB.OL,2003-07-10,25.539478302001953,25.539478302001953,24.363319396972656,24.447330474853516,13.098299980163574,481691
STB,STB.OL,2003-07-11,24.531341552734375,24.783376693725586,24.363319396972656,24.783376693725586,13.278345108032227,209597
STB,STB.OL,2003-07-14,25.287445068359375,25.371456146240234,24.867387771606445,25.371456146240234,13.593421936035156,635318
STB,STB.OL,2003-07-15,25.287445068359375,25.707502365112305,25.287445068359375,25.623489379882812,13.728453636169434,373044
STB,STB.OL,2003-07-16,25.707502365112305,26.967674255371094,25.707502365112305,26.967674255371094,14.448638916015625,1161486
STB,STB.OL,2003-07-17,26.715639114379883,26.799650192260742,25.623489379882812,26.54761505126953,14.223581314086914,525047
STB,STB.OL,2003-07-18,26.54761505126953,26.54761505126953,26.043548583984375,26.463605880737305,14.178569793701172,356651
STB,STB.OL,2003-07-21,27.051685333251953,27.051685333251953,26.211570739746094,26.379592895507812,14.133559226989746,191640
STB,STB.OL,2003-07-22,26.211570739746094,26.211570739746094,25.791513442993164,25.791513442993164,13.818480491638184,348271
STB,STB.OL,2003-07-23,26.043548583984375,26.379592895507812,25.875524520874023,26.295581817626953,14.08854866027832,218020
STB,STB.OL,2003-07-24,26.043548583984375,26.463605880737305,26.043548583984375,26.211570739746094,14.043537139892578,547068
STB,STB.OL,2003-07-25,26.043548583984375,26.54761505126953,26.043548583984375,26.54761505126953,14.223581314086914,240408
STB,STB.OL,2003-07-28,26.8836612701416,26.8836612701416,26.379592895507812,26.379592895507812,14.133559226989746,213763
STB,STB.OL,2003-07-29,26.799650192260742,26.799650192260742,26.463605880737305,26.463605880737305,14.178569793701172,415969
STB,STB.OL,2003-07-30,26.463605880737305,27.051685333251953,26.463605880737305,26.8836612701416,14.403629302978516,691584
STB,STB.OL,2003-07-31,26.8836612701416,27.135696411132812,26.799650192260742,26.799650192260742,14.35861587524414,642712
STB,STB.OL,2003-08-01,27.30371856689453,28.64790153503418,27.30371856689453,28.64790153503418,15.34886646270752,3946756
STB,STB.OL,2003-08-04,29.74005126953125,30.24411964416504,28.98394775390625,29.1519718170166,15.618932723999023,2210176
STB,STB.OL,2003-08-05,29.23598289489746,29.40400505065918,28.56389045715332,28.81592559814453,15.43889045715332,1686816
STB,STB.OL,2003-08-06,28.81592559814453,28.81592559814453,28.14383316040039,28.3958683013916,15.213830947875977,1494722
STB,STB.OL,2003-08-07,28.3958683013916,28.47987937927246,28.14383316040039,28.47987937927246,15.258844375610352,571262
STB,STB.OL,2003-08-08,28.81592559814453,29.40400505065918,28.56389045715332,29.40400505065918,15.753966331481934,1314582
STB,STB.OL,2003-08-11,29.40400505065918,29.90807342529297,29.40400505065918,29.90807342529297,16.024032592773438,1174720
STB,STB.OL,2003-08-12,30.24411964416504,30.41214370727539,29.74005126953125,29.74005126953125,15.934012413024902,2461378
STB,STB.OL,2003-08-13,30.24411964416504,30.41214370727539,29.5720272064209,29.99208641052246,16.06904411315918,2436133
STB,STB.OL,2003-08-14,30.24411964416504,30.49615478515625,30.07609748840332,30.24411964416504,16.20408058166504,1941990
STB,STB.OL,2003-08-15,30.3281307220459,31.0842342376709,30.16010856628418,31.0842342376709,16.654193878173828,1126809
STB,STB.OL,2003-08-18,31.42028045654297,32.596439361572266,31.252256393432617,31.8403377532959,17.059297561645508,2421777
STB,STB.OL,2003-08-19,31.924348831176758,32.34440612792969,31.0842342376709,31.504291534423828,16.87925148010254,2641011
STB,STB.OL,2003-08-20,31.33626937866211,32.09237289428711,31.33626937866211,31.504291534423828,16.87925148010254,663403
STB,STB.OL,2003-08-21,31.75632667541504,31.75632667541504,31.0842342376709,31.588302612304688,16.92426109313965,1484397
STB,STB.OL,2003-08-22,31.67231559753418,31.75632667541504,30.832199096679688,30.832199096679688,16.519161224365234,2270215
STB,STB.OL,2003-08-25,30.91621208190918,30.91621208190918,30.41214370727539,30.66417694091797,16.42913818359375,586466
STB,STB.OL,2003-08-26,30.66417694091797,31.00022315979004,30.24411964416504,30.832199096679688,16.519161224365234,368652
STB,STB.OL,2003-08-27,30.66417694091797,31.33626937866211,30.66417694091797,31.0842342376709,16.654193878173828,1049434
STB,STB.OL,2003-08-28,31.0842342376709,31.67231559753418,30.91621208190918,31.504291534423828,16.87925148010254,726527
STB,STB.OL,2003-08-29,31.8403377532959,32.34440612792969,31.75632667541504,31.8403377532959,17.059297561645508,983924
STB,STB.OL,2003-09-01,31.924348831176758,32.34440612792969,31.67231559753418,31.67231559753418,16.969274520874023,890301
STB,STB.OL,2003-09-02,31.924348831176758,31.924348831176758,30.832199096679688,31.0842342376709,16.654193878173828,1450492
STB,STB.OL,2003-09-03,31.504291534423828,32.09237289428711,31.33626937866211,31.8403377532959,17.059297561645508,1769464
STB,STB.OL,2003-09-04,31.75632667541504,31.75632667541504,31.252256393432617,31.252256393432617,16.744216918945312,1005289
STB,STB.OL,2003-09-05,31.42028045654297,31.42028045654297,30.832199096679688,30.91621208190918,16.564170837402344,1649172
STB,STB.OL,2003-09-08,30.832199096679688,31.00022315979004,30.49615478515625,30.91621208190918,16.564170837402344,1364789
STB,STB.OL,2003-09-09,31.00022315979004,31.33626937866211,30.832199096679688,31.0842342376709,16.654193878173828,964409
STB,STB.OL,2003-09-10,31.0842342376709,31.252256393432617,30.832199096679688,31.00022315979004,16.609182357788086,766262
STB,STB.OL,2003-09-11,30.66417694091797,31.00022315979004,30.41214370727539,31.00022315979004,16.609182357788086,609970
STB,STB.OL,2003-09-12,31.0842342376709,31.0842342376709,30.24411964416504,30.24411964416504,16.20408058166504,535406
STB,STB.OL,2003-09-15,30.41214370727539,31.00022315979004,30.24411964416504,30.91621208190918,16.564170837402344,594448
STB,STB.OL,2003-09-16,31.00022315979004,31.33626937866211,30.832199096679688,31.0842342376709,16.654193878173828,883678
STB,STB.OL,2003-09-17,31.252256393432617,31.588302612304688,31.168245315551758,31.588302612304688,16.92426109313965,1518075
STB,STB.OL,2003-09-18,31.42028045654297,31.75632667541504,31.33626937866211,31.588302612304688,16.92426109313965,2059944
STB,STB.OL,2003-09-19,30.58016586303711,30.74818992614746,29.82406234741211,29.82406234741211,15.979022979736328,42749713
STB,STB.OL,2003-09-22,29.5720272064209,29.65604019165039,28.81592559814453,28.81592559814453,15.43889045715332,4854137
STB,STB.OL,2003-09-23,28.98394775390625,29.1519718170166,28.3958683013916,28.3958683013916,15.213830947875977,3843544
STB,STB.OL,2003-09-24,29.23598289489746,29.74005126953125,29.067960739135742,29.65604019165039,15.889002799987793,5047883
STB,STB.OL,2003-09-25,29.40400505065918,29.5720272064209,28.98394775390625,29.23598289489746,15.66394329071045,2944347
STB,STB.OL,2003-09-26,29.40400505065918,29.74005126953125,28.56389045715332,28.89993667602539,15.483901023864746,1995485
STB,STB.OL,2003-09-29,28.98394775390625,29.48801612854004,28.98394775390625,29.31999397277832,15.708956718444824,1431332
STB,STB.OL,2003-09-30,29.31999397277832,29.40400505065918,28.64790153503418,28.64790153503418,15.34886646270752,2281182
STB,STB.OL,2003-10-01,28.81592559814453,29.1519718170166,28.47987937927246,28.47987937927246,15.258844375610352,1262941
STB,STB.OL,2003-10-02,29.31999397277832,29.31999397277832,28.56389045715332,28.98394775390625,15.528912544250488,1197496
STB,STB.OL,2003-10-03,29.1519718170166,29.65604019165039,28.98394775390625,29.5720272064209,15.843990325927734,1363618
STB,STB.OL,2003-10-06,29.5720272064209,30.3281307220459,29.5720272064209,29.99208641052246,16.06904411315918,4059759
STB,STB.OL,2003-10-07,30.07609748840332,30.07609748840332,29.40400505065918,29.40400505065918,15.753966331481934,1733060
STB,STB.OL,2003-10-08,29.65604019165039,29.90807342529297,29.40400505065918,29.90807342529297,16.024032592773438,1667396
STB,STB.OL,2003-10-09,29.82406234741211,30.41214370727539,29.82406234741211,30.07609748840332,16.114055633544922,1434504
STB,STB.OL,2003-10-10,30.07609748840332,30.24411964416504,29.74005126953125,29.90807342529297,16.024032592773438,1127817
STB,STB.OL,2003-10-13,29.99208641052246,30.41214370727539,29.99208641052246,30.24411964416504,16.20408058166504,777079
STB,STB.OL,2003-10-14,30.16010856628418,30.16010856628418,29.82406234741211,30.07609748840332,16.114055633544922,1806794
STB,STB.OL,2003-10-15,30.16010856628418,30.66417694091797,29.90807342529297,30.49615478515625,16.3391170501709,1754585
STB,STB.OL,2003-10-16,30.41214370727539,30.91621208190918,30.3281307220459,30.832199096679688,16.519161224365234,1532598
STB,STB.OL,2003-10-17,30.91621208190918,31.00022315979004,30.58016586303711,30.66417694091797,16.42913818359375,1140649
STB,STB.OL,2003-10-20,30.74818992614746,30.74818992614746,30.16010856628418,30.49615478515625,16.3391170501709,683404
STB,STB.OL,2003-10-21,30.41214370727539,30.74818992614746,30.41214370727539,30.74818992614746,16.47414779663086,1138466
STB,STB.OL,2003-10-22,30.74818992614746,30.74818992614746,30.3281307220459,30.41214370727539,16.294105529785156,963277
STB,STB.OL,2003-10-23,29.99208641052246,30.24411964416504,29.90807342529297,30.24411964416504,16.20408058166504,675592
STB,STB.OL,2003-10-24,30.24411964416504,30.58016586303711,29.99208641052246,30.49615478515625,16.3391170501709,1089711
STB,STB.OL,2003-10-27,30.66417694091797,31.00022315979004,30.49615478515625,31.00022315979004,16.609182357788086,895643
STB,STB.OL,2003-10-28,31.252256393432617,31.67231559753418,31.168245315551758,31.42028045654297,16.834238052368164,1812011
STB,STB.OL,2003-10-29,31.75632667541504,32.26039505004883,31.67231559753418,31.8403377532959,17.059297561645508,2662688
STB,STB.OL,2003-10-30,32.00836181640625,32.84847640991211,31.924348831176758,32.680450439453125,17.509408950805664,2816384
STB,STB.OL,2003-10-31,32.680450439453125,33.352542877197266,32.680450439453125,33.10050964355469,17.734466552734375,2664491
STB,STB.OL,2003-11-03,33.18452072143555,33.520565032958984,33.18452072143555,33.436553955078125,17.91451072692871,1063182
STB,STB.OL,2003-11-04,33.6885871887207,33.6885871887207,33.18452072143555,33.520565032958984,17.959522247314453,1026620
STB,STB.OL,2003-11-05,33.6885871887207,33.94062423706055,32.596439361572266,32.596439361572266,17.464397430419922,3309526
STB,STB.OL,2003-11-06,32.93248748779297,33.352542877197266,32.84847640991211,33.10050964355469,17.734466552734375,3528015
STB,STB.OL,2003-11-07,32.93248748779297,34.61271667480469,32.84847640991211,34.276668548583984,18.3646240234375,7184012
STB,STB.OL,2003-11-10,34.360679626464844,35.620853424072266,33.520565032958984,34.108646392822266,18.27460289001465,6197388
STB,STB.OL,2003-11-11,33.85661315917969,35.28480529785156,33.6885871887207,35.116783142089844,18.81473731994629,5281654
STB,STB.OL,2003-11-12,35.872886657714844,35.872886657714844,34.780738830566406,35.032772064208984,18.769729614257812,12404115
STB,STB.OL,2003-11-13,35.116783142089844,36.292945861816406,35.116783142089844,36.04090881347656,19.30986213684082,7539140
STB,STB.OL,2003-11-14,36.12491989135742,36.292945861816406,35.116783142089844,35.28480529785156,18.90475845336914,7555274
STB,STB.OL,2003-11-17,35.032772064208984,35.032772064208984,34.108646392822266,34.360679626464844,18.409637451171875,2138180
STB,STB.OL,2003-11-18,34.52870559692383,34.69672775268555,34.360679626464844,34.4446907043457,18.45464515686035,1128824
STB,STB.OL,2003-11-19,33.94062423706055,34.108646392822266,33.6885871887207,33.85661315917969,18.139570236206055,2109895
STB,STB.OL,2003-11-20,34.360679626464844,34.360679626464844,33.85661315917969,34.276668548583984,18.3646240234375,1994688
STB,STB.OL,2003-11-21,34.108646392822266,35.116783142089844,34.108646392822266,35.032772064208984,18.769729614257812,3283635
STB,STB.OL,2003-11-24,35.28480529785156,35.45283126831055,34.360679626464844,34.780738830566406,18.634695053100586,1945647
STB,STB.OL,2003-11-25,34.61271667480469,34.948760986328125,34.276668548583984,34.69672775268555,18.589685440063477,5773271
STB,STB.OL,2003-11-26,34.69672775268555,34.864749908447266,34.52870559692383,34.61271667480469,18.54467010498047,1099608
STB,STB.OL,2003-11-27,34.780738830566406,34.780738830566406,34.52870559692383,34.69672775268555,18.589685440063477,1182981
STB,STB.OL,2003-11-28,34.780738830566406,35.032772064208984,34.61271667480469,35.032772064208984,18.769729614257812,2291452
STB,STB.OL,2003-12-01,35.032772064208984,35.032772064208984,34.52870559692383,34.780738830566406,18.634695053100586,1632295
STB,STB.OL,2003-12-02,35.116783142089844,35.36881637573242,34.948760986328125,35.032772064208984,18.769729614257812,3332855
STB,STB.OL,2003-12-03,35.2007942199707,35.704864501953125,34.948760986328125,35.45283126831055,18.99478530883789,5936101
STB,STB.OL,2003-12-04,35.704864501953125,35.9568977355957,35.36881637573242,35.45283126831055,18.99478530883789,6755560
STB,STB.OL,2003-12-05,35.620853424072266,35.872886657714844,35.36881637573242,35.620853424072266,19.084806442260742,1595612
STB,STB.OL,2003-12-08,35.45283126831055,35.620853424072266,35.116783142089844,35.536842346191406,19.039794921875,1184170
STB,STB.OL,2003-12-09,35.620853424072266,35.788875579833984,35.45283126831055,35.704864501953125,19.129817962646484,1379678
STB,STB.OL,2003-12-10,35.872886657714844,36.292945861816406,35.704864501953125,35.872886657714844,19.21984100341797,1999853
STB,STB.OL,2003-12-11,35.9568977355957,35.9568977355957,35.704864501953125,35.872886657714844,19.21984100341797,1916774
STB,STB.OL,2003-12-12,35.9568977355957,36.04090881347656,35.704864501953125,35.872886657714844,19.21984100341797,1732455
STB,STB.OL,2003-12-15,36.12491989135742,36.376953125,36.04090881347656,36.292945861816406,19.44489860534668,3895294
STB,STB.OL,2003-12-16,36.292945861816406,36.292945861816406,35.704864501953125,35.872886657714844,19.21984100341797,2801068
STB,STB.OL,2003-12-17,36.04090881347656,36.04090881347656,35.788875579833984,35.872886657714844,19.21984100341797,2007490
STB,STB.OL,2003-12-18,35.9568977355957,35.9568977355957,35.620853424072266,35.788875579833984,19.174829483032227,2704913
STB,STB.OL,2003-12-19,35.788875579833984,35.9568977355957,35.536842346191406,35.704864501953125,19.129817962646484,4485467
STB,STB.OL,2003-12-22,35.788875579833984,36.12491989135742,35.620853424072266,35.620853424072266,19.084806442260742,558079
STB,STB.OL,2003-12-23,35.9568977355957,36.04090881347656,35.620853424072266,35.704864501953125,19.129817962646484,706804
STB,STB.OL,2003-12-24,35.704864501953125,35.704864501953125,35.704864501953125,35.704864501953125,19.129817962646484,0
STB,STB.OL,2003-12-25,35.704864501953125,35.704864501953125,35.704864501953125,35.704864501953125,19.129817962646484,0
STB,STB.OL,2003-12-26,35.704864501953125,35.704864501953125,35.704864501953125,35.704864501953125,19.129817962646484,0
STB,STB.OL,2003-12-29,35.872886657714844,36.628990173339844,35.872886657714844,36.628990173339844,19.62494468688965,810221
STB,STB.OL,2003-12-30,36.628990173339844,36.88102340698242,36.376953125,36.376953125,19.489906311035156,561717
STB,STB.OL,2003-12-31,36.376953125,36.376953125,36.376953125,36.376953125,19.489906311035156,0
STB,STB.OL,2004-01-01,36.376953125,36.376953125,36.376953125,36.376953125,19.489906311035156,0
STB,STB.OL,2004-01-02,36.544979095458984,37.133060455322266,36.544979095458984,36.7130012512207,19.66995620727539,846082
STB,STB.OL,2004-01-05,36.79701232910156,37.133060455322266,36.628990173339844,36.96503448486328,19.80498695373535,2017177
STB,STB.OL,2004-01-06,37.217071533203125,37.301082611083984,36.88102340698242,36.96503448486328,19.80498695373535,5771070
STB,STB.OL,2004-01-07,36.96503448486328,37.385093688964844,36.96503448486328,37.04904556274414,19.84999656677246,2306336
STB,STB.OL,2004-01-08,37.4691047668457,38.47724151611328,37.4691047668457,38.2252082824707,20.48015594482422,4676231
STB,STB.OL,2004-01-09,38.645263671875,39.65340042114258,38.645263671875,39.4013671875,21.110315322875977,8431513
STB,STB.OL,2004-01-12,38.81328582763672,39.31735610961914,38.30921936035156,38.72927474975586,20.750226974487305,3282956
STB,STB.OL,2004-01-13,38.72927474975586,38.81328582763672,38.30921936035156,38.47724151611328,20.615192413330078,1792192
STB,STB.OL,2004-01-14,38.645263671875,39.14933395385742,38.39323043823242,39.06532287597656,20.930273056030273,1414885
STB,STB.OL,2004-01-15,39.23334503173828,39.23334503173828,38.39323043823242,38.39323043823242,20.57018280029297,1585304
STB,STB.OL,2004-01-16,38.81328582763672,39.48537826538086,38.81328582763672,39.14933395385742,20.975284576416016,1896592
STB,STB.OL,2004-01-19,39.65340042114258,40.661537170410156,39.14933395385742,40.157470703125,21.515419006347656,2592964
STB,STB.OL,2004-01-20,40.157470703125,40.91357421875,40.07345962524414,40.91357421875,21.920522689819336,1719206
STB,STB.OL,2004-01-21,40.91357421875,40.99758529663086,40.49351501464844,40.74555206298828,21.83049774169922,2107453
STB,STB.OL,2004-01-22,40.74555206298828,40.74555206298828,39.48537826538086,40.32549285888672,21.60544204711914,2380174
STB,STB.OL,2004-01-23,39.73741149902344,39.73741149902344,39.23334503173828,39.23334503173828,21.020296096801758,1786403
STB,STB.OL,2004-01-26,39.23334503173828,40.07345962524414,39.23334503173828,39.73741149902344,21.290359497070312,920724
STB,STB.OL,2004-01-27,40.32549285888672,40.82956314086914,39.73741149902344,40.82956314086914,21.875507354736328,2258648
STB,STB.OL,2004-01-28,40.57752990722656,40.57752990722656,39.48537826538086,39.56938934326172,21.200336456298828,1753663
STB,STB.OL,2004-01-29,39.48537826538086,39.48537826538086,38.72927474975586,38.72927474975586,20.750226974487305,2373940
STB,STB.OL,2004-01-30,38.897300720214844,38.897300720214844,37.63712692260742,37.63712692260742,20.165081024169922,5105044
STB,STB.OL,2004-02-02,37.63712692260742,37.72113800048828,36.96503448486328,37.385093688964844,20.030046463012695,6286630
STB,STB.OL,2004-02-03,37.301082611083984,38.2252082824707,37.301082611083984,37.88916015625,20.300111770629883,1802500
STB,STB.OL,2004-02-04,37.97317123413086,38.30921936035156,37.88916015625,38.141197204589844,20.435148239135742,2284569
STB,STB.OL,2004-02-05,38.141197204589844,38.2252082824707,37.88916015625,38.05718231201172,20.390134811401367,1897893
STB,STB.OL,2004-02-06,38.2252082824707,38.2252082824707,37.63712692260742,37.88916015625,20.300111770629883,1800119
STB,STB.OL,2004-02-09,38.30921936035156,38.81328582763672,38.141197204589844,38.81328582763672,20.795236587524414,2174817
STB,STB.OL,2004-02-10,38.9813117980957,39.56938934326172,38.897300720214844,38.897300720214844,20.84025001525879,1858212
STB,STB.OL,2004-02-11,40.24148178100586,40.57752990722656,39.98944854736328,40.07345962524414,21.470409393310547,7611146
STB,STB.OL,2004-02-12,40.07345962524414,40.157470703125,39.06532287597656,39.4013671875,21.110315322875977,4743886
STB,STB.OL,2004-02-13,39.48537826538086,39.48537826538086,38.81328582763672,38.81328582763672,20.795236587524414,2437422
STB,STB.OL,2004-02-16,38.81328582763672,38.9813117980957,38.47724151611328,38.56125259399414,20.660198211669922,3280109
STB,STB.OL,2004-02-17,38.645263671875,39.23334503173828,38.645263671875,38.81328582763672,20.795236587524414,3157148
STB,STB.OL,2004-02-18,39.06532287597656,39.06532287597656,38.645263671875,38.645263671875,20.70521354675293,3703467
STB,STB.OL,2004-02-19,38.81328582763672,39.73741149902344,38.81328582763672,39.4013671875,21.110315322875977,3390488
STB,STB.OL,2004-02-20,39.31735610961914,39.90543746948242,39.14933395385742,39.90543746948242,21.380382537841797,3375071
STB,STB.OL,2004-02-23,40.32549285888672,40.99758529663086,40.32549285888672,40.91357421875,21.920522689819336,4024988
STB,STB.OL,2004-02-24,40.82956314086914,40.82956314086914,39.98944854736328,40.49351501464844,21.695465087890625,4629638
STB,STB.OL,2004-02-25,40.32549285888672,40.40950393676758,39.23334503173828,39.73741149902344,21.290359497070312,3317322
STB,STB.OL,2004-02-26,39.90543746948242,40.32549285888672,39.65340042114258,39.82142639160156,21.33537483215332,587729
STB,STB.OL,2004-02-27,39.90543746948242,40.57752990722656,39.90543746948242,40.24148178100586,21.56043243408203,633681
STB,STB.OL,2004-03-01,40.32549285888672,40.49351501464844,40.24148178100586,40.49351501464844,21.695465087890625,1371633
STB,STB.OL,2004-03-02,40.74555206298828,40.99758529663086,39.90543746948242,40.157470703125,21.515419006347656,834074
STB,STB.OL,2004-03-03,39.48537826538086,39.98944854736328,39.14933395385742,39.23334503173828,21.020296096801758,2815729
STB,STB.OL,2004-03-04,39.23334503173828,39.65340042114258,39.14933395385742,39.31735610961914,21.065303802490234,3456958
STB,STB.OL,2004-03-05,39.4013671875,39.82142639160156,39.4013671875,39.56938934326172,21.200336456298828,1290401
STB,STB.OL,2004-03-08,39.82142639160156,39.90543746948242,39.56938934326172,39.82142639160156,21.33537483215332,538330
STB,STB.OL,2004-03-09,39.56938934326172,39.56938934326172,38.897300720214844,39.4013671875,21.110315322875977,805012
STB,STB.OL,2004-03-10,38.72927474975586,39.31735610961914,38.72927474975586,39.14933395385742,20.975284576416016,1511978
STB,STB.OL,2004-03-11,37.97317123413086,38.39323043823242,37.4691047668457,37.80514907836914,20.25510025024414,1944945
STB,STB.OL,2004-03-12,37.4691047668457,38.141197204589844,37.04904556274414,38.141197204589844,20.435148239135742,1373192
STB,STB.OL,2004-03-15,37.80514907836914,37.80514907836914,36.79701232910156,36.96503448486328,19.80498695373535,1121517
STB,STB.OL,2004-03-16,36.88102340698242,36.96503448486328,36.292945861816406,36.88102340698242,19.75997543334961,1593795
STB,STB.OL,2004-03-17,37.385093688964844,37.72113800048828,37.133060455322266,37.217071533203125,19.940019607543945,1386751
STB,STB.OL,2004-03-18,37.133060455322266,37.217071533203125,36.04090881347656,36.20893478393555,19.399887084960938,38373761
STB,STB.OL,2004-03-19,36.20893478393555,36.460968017578125,35.704864501953125,35.872886657714844,19.21984100341797,5900073
STB,STB.OL,2004-03-22,35.704864501953125,35.704864501953125,33.94062423706055,33.94062423706055,18.184579849243164,5703353
STB,STB.OL,2004-03-23,34.4446907043457,35.032772064208984,33.94062423706055,34.864749908447266,18.679704666137695,3154272
STB,STB.OL,2004-03-24,35.2007942199707,35.2007942199707,34.360679626464844,34.4446907043457,18.45464515686035,2694798
STB,STB.OL,2004-03-25,34.780738830566406,36.292945861816406,34.780738830566406,36.20893478393555,19.399887084960938,3699567
STB,STB.OL,2004-03-26,36.292945861816406,36.628990173339844,35.704864501953125,35.872886657714844,19.21984100341797,2172770
STB,STB.OL,2004-03-29,35.704864501953125,36.12491989135742,35.45283126831055,35.9568977355957,19.26485252380371,1609461
STB,STB.OL,2004-03-30,36.12491989135742,36.12491989135742,35.116783142089844,35.36881637573242,18.94977378845215,2061485
STB,STB.OL,2004-03-31,35.28480529785156,35.788875579833984,35.28480529785156,35.36881637573242,18.94977378845215,2294765
STB,STB.OL,2004-04-01,35.36881637573242,36.376953125,35.36881637573242,36.12491989135742,19.35487174987793,1899967
STB,STB.OL,2004-04-02,36.20893478393555,36.96503448486328,36.20893478393555,36.96503448486328,19.80498695373535,1567573
STB,STB.OL,2004-04-05,37.133060455322266,37.301082611083984,36.79701232910156,37.217071533203125,19.940019607543945,2198371
STB,STB.OL,2004-04-06,37.133060455322266,37.4691047668457,36.460968017578125,36.79701232910156,19.7149658203125,2062053
STB,STB.OL,2004-04-07,36.96503448486328,36.96503448486328,36.376953125,36.628990173339844,19.62494468688965,828005
STB,STB.OL,2004-04-08,36.628990173339844,36.628990173339844,36.628990173339844,36.628990173339844,19.62494468688965,0
STB,STB.OL,2004-04-09,36.628990173339844,36.628990173339844,36.628990173339844,36.628990173339844,19.62494468688965,0
STB,STB.OL,2004-04-12,36.628990173339844,36.628990173339844,36.628990173339844,36.628990173339844,19.62494468688965,0
STB,STB.OL,2004-04-13,36.79701232910156,36.96503448486328,36.04090881347656,36.7130012512207,19.66995620727539,2623721
STB,STB.OL,2004-04-14,36.544979095458984,36.628990173339844,36.12491989135742,36.20893478393555,19.399887084960938,1849114
STB,STB.OL,2004-04-15,36.544979095458984,37.133060455322266,36.04090881347656,36.96503448486328,19.80498695373535,1516650
STB,STB.OL,2004-04-16,36.96503448486328,37.133060455322266,36.376953125,36.376953125,19.489906311035156,1528941
STB,STB.OL,2004-04-19,36.544979095458984,36.628990173339844,36.12491989135742,36.544979095458984,19.57992935180664,2365990
STB,STB.OL,2004-04-20,36.628990173339844,37.80514907836914,36.628990173339844,37.80514907836914,20.25510025024414,2694804
STB,STB.OL,2004-04-21,37.55311584472656,37.72113800048828,36.96503448486328,37.04904556274414,19.84999656677246,1928541
STB,STB.OL,2004-04-22,36.96503448486328,37.04904556274414,36.628990173339844,36.96503448486328,19.80498695373535,375007
STB,STB.OL,2004-04-23,36.96503448486328,37.217071533203125,36.7130012512207,37.133060455322266,19.895009994506836,1263823
STB,STB.OL,2004-04-26,36.376953125,37.385093688964844,36.376953125,37.133060455322266,19.895009994506836,888276
STB,STB.OL,2004-04-27,37.385093688964844,37.4691047668457,37.04904556274414,37.217071533203125,19.940019607543945,994910
STB,STB.OL,2004-04-28,36.628990173339844,37.217071533203125,36.628990173339844,37.04904556274414,19.84999656677246,1366103
STB,STB.OL,2004-04-29,36.460968017578125,36.460968017578125,35.788875579833984,36.376953125,19.849994659423828,2162805
STB,STB.OL,2004-04-30,36.04090881347656,36.292945861816406,35.45283126831055,35.9568977355957,19.620786666870117,4902659
STB,STB.OL,2004-05-03,35.28480529785156,35.788875579833984,35.28480529785156,35.620853424072266,19.437414169311523,335757
STB,STB.OL,2004-05-04,35.9568977355957,36.292945861816406,35.704864501953125,35.788875579833984,19.529096603393555,1796886
STB,STB.OL,2004-05-05,36.20893478393555,37.04904556274414,35.9568977355957,37.04904556274414,20.21674156188965,1505654
STB,STB.OL,2004-05-06,36.88102340698242,36.96503448486328,35.788875579833984,36.20893478393555,19.758316040039062,1249803
STB,STB.OL,2004-05-07,36.20893478393555,36.20893478393555,34.948760986328125,35.45283126831055,19.345726013183594,1438782
STB,STB.OL,2004-05-10,34.69672775268555,34.69672775268555,33.436553955078125,34.024635314941406,18.56639862060547,4721539
STB,STB.OL,2004-05-11,34.4446907043457,35.032772064208984,34.4446907043457,34.864749908447266,19.02482795715332,1668422
STB,STB.OL,2004-05-12,34.52870559692383,35.620853424072266,34.4446907043457,34.4446907043457,18.795610427856445,1974186
STB,STB.OL,2004-05-13,34.69672775268555,35.536842346191406,34.192657470703125,34.276668548583984,18.703927993774414,1361316
STB,STB.OL,2004-05-14,34.276668548583984,34.864749908447266,34.192657470703125,34.61271667480469,18.887300491333008,2031326
STB,STB.OL,2004-05-17,34.61271667480469,34.61271667480469,34.61271667480469,34.61271667480469,18.887300491333008,0
STB,STB.OL,2004-05-18,34.69672775268555,35.704864501953125,34.69672775268555,35.704864501953125,19.48325538635254,2465052
STB,STB.OL,2004-05-19,36.20893478393555,37.04904556274414,35.872886657714844,35.872886657714844,19.57494354248047,3016361
STB,STB.OL,2004-05-20,35.872886657714844,35.872886657714844,35.872886657714844,35.872886657714844,19.57494354248047,0
STB,STB.OL,2004-05-21,36.20893478393555,36.544979095458984,35.9568977355957,36.12491989135742,19.71246910095215,985064
STB,STB.OL,2004-05-24,36.12491989135742,36.544979095458984,36.12491989135742,36.292945861816406,19.804157257080078,3030049
STB,STB.OL,2004-05-25,36.376953125,36.7130012512207,35.9568977355957,36.544979095458984,19.941680908203125,1639421
STB,STB.OL,2004-05-26,36.7130012512207,37.217071533203125,36.544979095458984,36.96503448486328,20.1709041595459,1386049
STB,STB.OL,2004-05-27,37.301082611083984,37.72113800048828,37.133060455322266,37.301082611083984,20.354276657104492,2087897
STB,STB.OL,2004-05-28,37.385093688964844,38.2252082824707,37.385093688964844,37.88916015625,20.675174713134766,4567496
STB,STB.OL,2004-05-31,37.88916015625,37.88916015625,37.88916015625,37.88916015625,20.675174713134766,0
STB,STB.OL,2004-06-01,37.72113800048828,37.72113800048828,37.385093688964844,37.72113800048828,20.583486557006836,1942579
STB,STB.OL,2004-06-02,37.80514907836914,37.97317123413086,37.63712692260742,37.63712692260742,20.537647247314453,1557153
STB,STB.OL,2004-06-03,37.72113800048828,37.72113800048828,37.04904556274414,37.4691047668457,20.445959091186523,1487561
STB,STB.OL,2004-06-04,37.301082611083984,37.80514907836914,37.301082611083984,37.72113800048828,20.583486557006836,870839
STB,STB.OL,2004-06-07,37.80514907836914,38.05718231201172,37.63712692260742,37.97317123413086,20.72101593017578,1002365
STB,STB.OL,2004-06-08,37.97317123413086,38.141197204589844,37.301082611083984,37.385093688964844,20.400117874145508,2165573
STB,STB.OL,2004-06-09,37.63712692260742,37.63712692260742,37.133060455322266,37.301082611083984,20.354276657104492,1307056
STB,STB.OL,2004-06-10,37.301082611083984,37.4691047668457,37.133060455322266,37.4691047668457,20.445959091186523,368806
STB,STB.OL,2004-06-11,37.55311584472656,37.72113800048828,37.385093688964844,37.63712692260742,20.537647247314453,374864
STB,STB.OL,2004-06-14,37.63712692260742,37.63712692260742,36.96503448486328,37.4691047668457,20.445959091186523,568054
STB,STB.OL,2004-06-15,37.4691047668457,37.97317123413086,37.4691047668457,37.88916015625,20.675174713134766,977537
STB,STB.OL,2004-06-16,38.05718231201172,39.31735610961914,38.05718231201172,39.14933395385742,21.362817764282227,4155282
STB,STB.OL,2004-06-17,38.897300720214844,39.4013671875,38.897300720214844,39.23334503173828,21.408660888671875,1755010
STB,STB.OL,2004-06-18,38.897300720214844,39.56938934326172,38.81328582763672,39.56938934326172,21.592029571533203,1582378
STB,STB.OL,2004-06-21,39.65340042114258,39.73741149902344,39.14933395385742,39.31735610961914,21.45450210571289,1563371
STB,STB.OL,2004-06-22,39.48537826538086,39.56938934326172,39.23334503173828,39.23334503173828,21.408660888671875,1676537
STB,STB.OL,2004-06-23,38.9813117980957,39.23334503173828,38.897300720214844,38.9813117980957,21.271133422851562,1311877
STB,STB.OL,2004-06-24,39.23334503173828,39.90543746948242,39.14933395385742,39.90543746948242,21.775402069091797,2143517
STB,STB.OL,2004-06-25,40.07345962524414,40.661537170410156,39.98944854736328,40.49351501464844,22.09630584716797,1667032
STB,STB.OL,2004-06-28,40.49351501464844,40.74555206298828,40.07345962524414,40.07345962524414,21.867090225219727,1457408
STB,STB.OL,2004-06-29,40.157470703125,40.57752990722656,39.98944854736328,40.157470703125,21.912931442260742,2469050
STB,STB.OL,2004-06-30,40.157470703125,40.157470703125,39.48537826538086,39.82142639160156,21.729562759399414,2013166
STB,STB.OL,2004-07-01,40.07345962524414,40.57752990722656,39.98944854736328,40.40950393676758,22.050460815429688,2124151
STB,STB.OL,2004-07-02,40.57752990722656,40.57752990722656,39.65340042114258,39.65340042114258,21.63787269592285,1859414
STB,STB.OL,2004-07-05,39.65340042114258,40.157470703125,39.65340042114258,39.82142639160156,21.729562759399414,1248778
STB,STB.OL,2004-07-06,39.65340042114258,39.73741149902344,39.23334503173828,39.31735610961914,21.45450210571289,1791551
STB,STB.OL,2004-07-07,39.48537826538086,39.82142639160156,39.14933395385742,39.14933395385742,21.362817764282227,1872815
STB,STB.OL,2004-07-08,39.06532287597656,40.07345962524414,39.06532287597656,39.98944854736328,21.821243286132812,924827
STB,STB.OL,2004-07-09,39.90543746948242,39.90543746948242,39.06532287597656,39.06532287597656,21.316974639892578,1767566
STB,STB.OL,2004-07-12,39.14933395385742,39.14933395385742,38.9813117980957,39.06532287597656,21.316974639892578,1098227
STB,STB.OL,2004-07-13,39.06532287597656,39.73741149902344,39.06532287597656,39.48537826538086,21.546192169189453,1349332
STB,STB.OL,2004-07-14,39.23334503173828,39.48537826538086,39.06532287597656,39.31735610961914,21.45450210571289,1050907
STB,STB.OL,2004-07-15,39.4013671875,39.56938934326172,39.06532287597656,39.06532287597656,21.316974639892578,793265
STB,STB.OL,2004-07-16,39.31735610961914,39.31735610961914,38.47724151611328,38.72927474975586,21.133604049682617,2082113
STB,STB.OL,2004-07-19,38.645263671875,38.645263671875,37.72113800048828,37.80514907836914,20.629329681396484,1302060
STB,STB.OL,2004-07-20,37.80514907836914,38.47724151611328,37.80514907836914,38.39323043823242,20.950233459472656,607750
STB,STB.OL,2004-07-21,38.47724151611328,39.31735610961914,38.47724151611328,39.06532287597656,21.316974639892578,729807
STB,STB.OL,2004-07-22,38.645263671875,38.72927474975586,38.39323043823242,38.645263671875,21.087759017944336,1416191
STB,STB.OL,2004-07-23,38.47724151611328,39.4013671875,38.30921936035156,39.31735610961914,21.45450210571289,1828093
STB,STB.OL,2004-07-26,38.9813117980957,39.48537826538086,38.897300720214844,39.06532287597656,21.316974639892578,489486
STB,STB.OL,2004-07-27,38.72927474975586,39.23334503173828,38.72927474975586,39.06532287597656,21.316974639892578,729148
STB,STB.OL,2004-07-28,39.06532287597656,39.06532287597656,38.645263671875,38.9813117980957,21.271133422851562,1253898
STB,STB.OL,2004-07-29,38.897300720214844,39.4013671875,38.645263671875,39.14933395385742,21.362817764282227,685794
STB,STB.OL,2004-07-30,38.9813117980957,39.23334503173828,38.30921936035156,38.30921936035156,20.90438461303711,1746592
STB,STB.OL,2004-08-02,38.39323043823242,38.897300720214844,38.39323043823242,38.81328582763672,21.179445266723633,1406542
STB,STB.OL,2004-08-03,38.645263671875,38.9813117980957,38.47724151611328,38.9813117980957,21.271133422851562,758879
STB,STB.OL,2004-08-04,38.9813117980957,39.65340042114258,38.897300720214844,39.23334503173828,21.408660888671875,1370235
STB,STB.OL,2004-08-05,38.9813117980957,39.14933395385742,38.39323043823242,38.56125259399414,21.041912078857422,1087607
STB,STB.OL,2004-08-06,38.47724151611328,38.56125259399414,37.133060455322266,37.72113800048828,20.583486557006836,1499901
STB,STB.OL,2004-08-09,37.4691047668457,38.05718231201172,36.96503448486328,37.217071533203125,20.308427810668945,1535755
STB,STB.OL,2004-08-10,37.217071533203125,38.141197204589844,37.217071533203125,38.05718231201172,20.766857147216797,1010499
STB,STB.OL,2004-08-11,38.05718231201172,38.141197204589844,37.04904556274414,37.04904556274414,20.21674156188965,465136
STB,STB.OL,2004-08-12,37.4691047668457,37.55311584472656,36.460968017578125,36.79701232910156,20.079214096069336,2295262
STB,STB.OL,2004-08-13,36.7130012512207,37.133060455322266,36.7130012512207,36.96503448486328,20.1709041595459,1480855
STB,STB.OL,2004-08-16,37.217071533203125,37.97317123413086,37.04904556274414,37.80514907836914,20.629329681396484,1375279
STB,STB.OL,2004-08-17,37.97317123413086,38.47724151611328,37.97317123413086,38.39323043823242,20.950233459472656,3121296
STB,STB.OL,2004-08-18,38.47724151611328,38.9813117980957,37.63712692260742,37.97317123413086,20.72101593017578,5529913
STB,STB.OL,2004-08-19,37.97317123413086,38.47724151611328,37.63712692260742,38.47724151611328,20.99607276916504,2322213
STB,STB.OL,2004-08-20,38.47724151611328,38.72927474975586,38.2252082824707,38.645263671875,21.087759017944336,3727853
STB,STB.OL,2004-08-23,38.72927474975586,38.9813117980957,38.39323043823242,38.39323043823242,20.950233459472656,2583609
STB,STB.OL,2004-08-24,38.645263671875,39.06532287597656,38.39323043823242,39.06532287597656,21.316974639892578,4409851
STB,STB.OL,2004-08-25,38.897300720214844,39.31735610961914,38.81328582763672,38.81328582763672,21.179445266723633,4164338
STB,STB.OL,2004-08-26,38.9813117980957,39.23334503173828,38.9813117980957,39.14933395385742,21.362817764282227,1499149
STB,STB.OL,2004-08-27,39.14933395385742,39.4013671875,38.897300720214844,39.06532287597656,21.316974639892578,1792797
STB,STB.OL,2004-08-30,38.81328582763672,39.4013671875,38.81328582763672,38.81328582763672,21.179445266723633,1271896
STB,STB.OL,2004-08-31,38.645263671875,38.9813117980957,38.645263671875,38.81328582763672,21.179445266723633,1173397
STB,STB.OL,2004-09-01,38.9813117980957,39.06532287597656,38.72927474975586,38.72927474975586,21.133604049682617,939419
STB,STB.OL,2004-09-02,38.72927474975586,39.23334503173828,38.56125259399414,38.56125259399414,21.041912078857422,1198106
STB,STB.OL,2004-09-03,38.72927474975586,39.31735610961914,38.56125259399414,39.06532287597656,21.316974639892578,1120817
STB,STB.OL,2004-09-06,38.897300720214844,39.73741149902344,38.897300720214844,39.31735610961914,21.45450210571289,1594106
STB,STB.OL,2004-09-07,39.31735610961914,40.157470703125,39.31735610961914,39.82142639160156,21.729562759399414,4773544
STB,STB.OL,2004-09-08,39.82142639160156,40.40950393676758,39.73741149902344,40.24148178100586,21.958776473999023,4138182
STB,STB.OL,2004-09-09,39.90543746948242,40.57752990722656,39.90543746948242,40.40950393676758,22.050460815429688,3355646
STB,STB.OL,2004-09-10,40.661537170410156,40.99758529663086,40.57752990722656,40.74555206298828,22.23383331298828,3148835
STB,STB.OL,2004-09-13,40.49351501464844,41.08159637451172,40.49351501464844,40.74555206298828,22.23383331298828,1390367
STB,STB.OL,2004-09-14,40.57752990722656,40.661537170410156,40.40950393676758,40.49351501464844,22.09630584716797,856704
STB,STB.OL,2004-09-15,40.157470703125,40.661537170410156,40.157470703125,40.24148178100586,21.958776473999023,1661362
STB,STB.OL,2004-09-16,40.49351501464844,40.57752990722656,40.32549285888672,40.57752990722656,22.142148971557617,2007854
STB,STB.OL,2004-09-17,40.40950393676758,41.3336296081543,40.40950393676758,40.82956314086914,22.279674530029297,3572903
STB,STB.OL,2004-09-20,40.74555206298828,40.99758529663086,40.40950393676758,40.49351501464844,22.09630584716797,1730078
STB,STB.OL,2004-09-21,40.57752990722656,41.08159637451172,40.49351501464844,41.08159637451172,22.417205810546875,980735
STB,STB.OL,2004-09-22,40.82956314086914,41.58566665649414,40.82956314086914,40.99758529663086,22.37136459350586,1690374
STB,STB.OL,2004-09-23,40.99758529663086,41.83769989013672,40.91357421875,41.16560745239258,22.46304702758789,4331956
STB,STB.OL,2004-09-24,41.08159637451172,43.685951232910156,41.08159637451172,43.685951232910156,23.838336944580078,10601737
STB,STB.OL,2004-09-27,43.26589584350586,43.685951232910156,42.635807037353516,42.8458366394043,23.37990379333496,4397786
STB,STB.OL,2004-09-28,42.635807037353516,42.635807037353516,41.75368881225586,42.00572204589844,22.921478271484375,4003643
STB,STB.OL,2004-09-29,42.42578125,43.05586624145508,42.42578125,42.8458366394043,23.37990379333496,1923559
STB,STB.OL,2004-09-30,42.8458366394043,42.8458366394043,42.635807037353516,42.635807037353516,23.265302658081055,918172
STB,STB.OL,2004-10-01,42.635807037353516,42.8458366394043,42.42578125,42.635807037353516,23.265302658081055,1334834
STB,STB.OL,2004-10-04,42.8458366394043,43.26589584350586,42.635807037353516,42.8458366394043,23.37990379333496,2267556
STB,STB.OL,2004-10-05,42.635807037353516,42.8458366394043,42.42578125,42.42578125,23.150693893432617,1330824
STB,STB.OL,2004-10-06,42.42578125,42.635807037353516,41.92171096801758,42.21575164794922,23.036083221435547,2568586
STB,STB.OL,2004-10-07,42.21575164794922,42.42578125,41.92171096801758,41.92171096801758,22.875635147094727,1336897
STB,STB.OL,2004-10-08,41.83769989013672,41.83769989013672,41.24961853027344,41.50165557861328,22.646421432495117,1598686
STB,STB.OL,2004-10-11,41.58566665649414,41.92171096801758,41.50165557861328,41.669677734375,22.738107681274414,432942
STB,STB.OL,2004-10-12,41.669677734375,42.42578125,41.417640686035156,41.75368881225586,22.78394889831543,1844748
STB,STB.OL,2004-10-13,42.42578125,42.8458366394043,41.58566665649414,42.8458366394043,23.37990379333496,838842
STB,STB.OL,2004-10-14,42.42578125,42.635807037353516,41.75368881225586,41.83769989013672,22.82979393005371,904387
STB,STB.OL,2004-10-15,41.75368881225586,42.00572204589844,40.661537170410156,40.661537170410156,22.187986373901367,1895911
STB,STB.OL,2004-10-18,40.661537170410156,40.74555206298828,40.157470703125,40.157470703125,21.912931442260742,2552822
STB,STB.OL,2004-10-19,40.57752990722656,41.08159637451172,40.57752990722656,41.08159637451172,22.417205810546875,1306144
STB,STB.OL,2004-10-20,40.91357421875,40.91357421875,39.82142639160156,40.24148178100586,21.958776473999023,1788275
STB,STB.OL,2004-10-21,40.32549285888672,41.58566665649414,40.32549285888672,41.58566665649414,22.692262649536133,2626882
STB,STB.OL,2004-10-22,41.08159637451172,42.00572204589844,41.08159637451172,41.669677734375,22.738107681274414,2035583
STB,STB.OL,2004-10-25,40.661537170410156,41.92171096801758,40.40950393676758,40.74555206298828,22.23383331298828,1393895
STB,STB.OL,2004-10-26,40.74555206298828,41.3336296081543,40.74555206298828,40.99758529663086,22.37136459350586,1112078
STB,STB.OL,2004-10-27,40.82956314086914,41.417640686035156,40.74555206298828,40.91357421875,22.32552146911621,2504970
STB,STB.OL,2004-10-28,40.91357421875,41.3336296081543,40.91357421875,41.16560745239258,22.46304702758789,1038970
STB,STB.OL,2004-10-29,41.16560745239258,41.417640686035156,40.74555206298828,40.74555206298828,22.23383331298828,544920
STB,STB.OL,2004-11-01,40.82956314086914,42.00572204589844,40.82956314086914,41.83769989013672,22.82979393005371,706808
STB,STB.OL,2004-11-02,42.00572204589844,42.8458366394043,41.83769989013672,42.635807037353516,23.265302658081055,2619127
STB,STB.OL,2004-11-03,43.26589584350586,43.26589584350586,42.42578125,43.05586624145508,23.4945125579834,4411295
STB,STB.OL,2004-11-04,43.475921630859375,44.10601043701172,43.05586624145508,44.10601043701172,24.06755256652832,5639054
STB,STB.OL,2004-11-05,44.526065826416016,44.526065826416016,43.685951232910156,43.89598083496094,23.952945709228516,3082146
STB,STB.OL,2004-11-08,43.89598083496094,44.10601043701172,43.685951232910156,43.685951232910156,23.838336944580078,1597757
STB,STB.OL,2004-11-09,43.89598083496094,44.10601043701172,43.475921630859375,43.89598083496094,23.952945709228516,1601108
STB,STB.OL,2004-11-10,43.89598083496094,43.89598083496094,43.475921630859375,43.475921630859375,23.723730087280273,4048595
STB,STB.OL,2004-11-11,43.685951232910156,43.89598083496094,43.685951232910156,43.685951232910156,23.838336944580078,2664629
STB,STB.OL,2004-11-12,43.89598083496094,44.316036224365234,43.89598083496094,44.316036224365234,24.182157516479492,1628713
STB,STB.OL,2004-11-15,44.526065826416016,44.7360954284668,44.316036224365234,44.526065826416016,24.296764373779297,3380435
STB,STB.OL,2004-11-16,44.526065826416016,44.94612121582031,44.316036224365234,44.526065826416016,24.296764373779297,2489142
STB,STB.OL,2004-11-17,44.7360954284668,45.99626541137695,44.526065826416016,45.78623580932617,24.98440933227539,4432604
STB,STB.OL,2004-11-18,45.576210021972656,45.99626541137695,44.94612121582031,45.366180419921875,24.75519561767578,2967125
STB,STB.OL,2004-11-19,45.576210021972656,45.78623580932617,44.94612121582031,45.156150817871094,24.64059066772461,2028537
STB,STB.OL,2004-11-22,44.94612121582031,45.156150817871094,44.7360954284668,44.94612121582031,24.525981903076172,727537
STB,STB.OL,2004-11-23,45.156150817871094,46.416324615478516,44.94612121582031,45.99626541137695,25.099014282226562,2228138
STB,STB.OL,2004-11-24,45.99626541137695,46.206295013427734,45.78623580932617,45.99626541137695,25.099014282226562,1693476
STB,STB.OL,2004-11-25,45.99626541137695,46.206295013427734,45.99626541137695,46.206295013427734,25.213624954223633,668401
STB,STB.OL,2004-11-26,46.206295013427734,46.62635040283203,45.99626541137695,46.206295013427734,25.213624954223633,1815500
STB,STB.OL,2004-11-29,46.416324615478516,46.62635040283203,46.206295013427734,46.62635040283203,25.442842483520508,1686072
STB,STB.OL,2004-11-30,46.62635040283203,46.62635040283203,45.78623580932617,45.78623580932617,24.98440933227539,1413006
STB,STB.OL,2004-12-01,45.78623580932617,45.99626541137695,45.366180419921875,45.576210021972656,24.86980628967285,2404150
STB,STB.OL,2004-12-02,45.576210021972656,46.206295013427734,45.366180419921875,45.99626541137695,25.099014282226562,2425821
STB,STB.OL,2004-12-03,45.78623580932617,46.206295013427734,45.366180419921875,45.99626541137695,25.099014282226562,1051336
STB,STB.OL,2004-12-06,46.206295013427734,46.206295013427734,45.78623580932617,46.206295013427734,25.213624954223633,1185749
STB,STB.OL,2004-12-07,45.99626541137695,47.046409606933594,45.78623580932617,47.046409606933594,25.67205810546875,1137673
STB,STB.OL,2004-12-08,46.416324615478516,47.046409606933594,45.99626541137695,46.416324615478516,25.32823371887207,1473039
STB,STB.OL,2004-12-09,46.206295013427734,46.62635040283203,45.99626541137695,45.99626541137695,25.099014282226562,403453
STB,STB.OL,2004-12-10,45.99626541137695,46.62635040283203,45.78623580932617,45.78623580932617,24.98440933227539,1304815
STB,STB.OL,2004-12-13,45.99626541137695,47.46646499633789,45.99626541137695,47.46646499633789,25.901268005371094,1772099
STB,STB.OL,2004-12-14,47.46646499633789,47.67649459838867,47.256439208984375,47.67649459838867,26.015878677368164,740880
STB,STB.OL,2004-12-15,47.46646499633789,48.72663879394531,47.46646499633789,48.72663879394531,26.588918685913086,1477080
STB,STB.OL,2004-12-16,48.30657958984375,48.30657958984375,46.62635040283203,46.83638000488281,25.557445526123047,1839932
STB,STB.OL,2004-12-17,47.46646499633789,47.46646499633789,46.206295013427734,46.83638000488281,25.557445526123047,1087641
STB,STB.OL,2004-12-20,46.83638000488281,47.88652420043945,46.62635040283203,47.88652420043945,26.13047981262207,575260
STB,STB.OL,2004-12-21,47.88652420043945,47.88652420043945,47.046409606933594,47.256439208984375,25.786663055419922,900241
STB,STB.OL,2004-12-22,47.256439208984375,47.46646499633789,46.83638000488281,47.046409606933594,25.67205810546875,1117650
STB,STB.OL,2004-12-23,47.046409606933594,47.88652420043945,46.62635040283203,47.88652420043945,26.13047981262207,1891674
STB,STB.OL,2004-12-24,47.88652420043945,47.88652420043945,47.88652420043945,47.88652420043945,26.13047981262207,0
STB,STB.OL,2004-12-27,47.256439208984375,48.30657958984375,47.256439208984375,48.096553802490234,26.24509620666504,517585
STB,STB.OL,2004-12-28,48.30657958984375,48.30657958984375,47.88652420043945,48.30657958984375,26.359699249267578,148908
STB,STB.OL,2004-12-29,48.096553802490234,48.72663879394531,47.88652420043945,48.51660919189453,26.474306106567383,447478
STB,STB.OL,2004-12-30,48.72663879394531,49.14669418334961,48.30657958984375,49.14669418334961,26.81812286376953,951886
STB,STB.OL,2004-12-31,49.14669418334961,49.14669418334961,49.14669418334961,49.14669418334961,26.81812286376953,0
STB,STB.OL,2005-01-03,49.56675338745117,50.19683837890625,48.72663879394531,48.72663879394531,26.588918685913086,543452
STB,STB.OL,2005-01-04,49.14669418334961,49.77677917480469,48.72663879394531,49.77677917480469,27.16194725036621,777757
STB,STB.OL,2005-01-05,49.56675338745117,49.56675338745117,48.30657958984375,48.72663879394531,26.588918685913086,587248
STB,STB.OL,2005-01-06,48.936668395996094,48.936668395996094,48.51660919189453,48.72663879394531,26.588918685913086,424189
STB,STB.OL,2005-01-07,49.14669418334961,49.35672378540039,48.30657958984375,48.30657958984375,26.359699249267578,582169
STB,STB.OL,2005-01-10,48.30657958984375,48.30657958984375,47.046409606933594,48.096553802490234,26.24509620666504,1965684
STB,STB.OL,2005-01-11,48.30657958984375,48.30657958984375,47.46646499633789,47.67649459838867,26.015878677368164,946635
STB,STB.OL,2005-01-12,47.67649459838867,47.88652420043945,47.256439208984375,47.88652420043945,26.13047981262207,618349
STB,STB.OL,2005-01-13,47.67649459838867,47.88652420043945,46.62635040283203,47.046409606933594,25.67205810546875,1904170
STB,STB.OL,2005-01-14,47.256439208984375,47.46646499633789,47.046409606933594,47.256439208984375,25.786663055419922,701659
STB,STB.OL,2005-01-17,47.46646499633789,47.88652420043945,46.83638000488281,47.046409606933594,25.67205810546875,1765218
STB,STB.OL,2005-01-18,47.256439208984375,47.46646499633789,47.046409606933594,47.46646499633789,25.901268005371094,430723
STB,STB.OL,2005-01-19,47.67649459838867,47.67649459838867,46.83638000488281,47.46646499633789,25.901268005371094,820084
STB,STB.OL,2005-01-20,46.83638000488281,47.67649459838867,46.83638000488281,47.256439208984375,25.786663055419922,540279
STB,STB.OL,2005-01-21,47.67649459838867,48.72663879394531,47.67649459838867,48.72663879394531,26.588918685913086,2283966
STB,STB.OL,2005-01-24,48.72663879394531,48.72663879394531,47.88652420043945,47.88652420043945,26.13047981262207,688918
STB,STB.OL,2005-01-25,48.096553802490234,48.936668395996094,48.096553802490234,48.72663879394531,26.588918685913086,2043917
STB,STB.OL,2005-01-26,48.936668395996094,48.936668395996094,48.51660919189453,48.936668395996094,26.703523635864258,1994315
STB,STB.OL,2005-01-27,48.72663879394531,48.72663879394531,47.88652420043945,48.30657958984375,26.359699249267578,2764200
STB,STB.OL,2005-01-28,48.51660919189453,48.51660919189453,47.88652420043945,48.30657958984375,26.359699249267578,1306298
STB,STB.OL,2005-01-31,48.72663879394531,48.72663879394531,47.256439208984375,47.256439208984375,25.786663055419922,2106209
STB,STB.OL,2005-02-01,47.88652420043945,48.096553802490234,47.46646499633789,47.46646499633789,25.901268005371094,2037568
STB,STB.OL,2005-02-02,47.46646499633789,47.88652420043945,47.256439208984375,47.46646499633789,25.901268005371094,1194109
STB,STB.OL,2005-02-03,47.67649459838867,48.096553802490234,47.46646499633789,47.46646499633789,25.901268005371094,887444
STB,STB.OL,2005-02-04,47.46646499633789,47.88652420043945,47.046409606933594,47.46646499633789,25.901268005371094,1783426
STB,STB.OL,2005-02-07,47.67649459838867,48.096553802490234,47.67649459838867,47.67649459838867,26.015878677368164,1423628
STB,STB.OL,2005-02-08,47.88652420043945,48.30657958984375,47.88652420043945,48.30657958984375,26.359699249267578,876516
STB,STB.OL,2005-02-09,48.51660919189453,48.51660919189453,48.30657958984375,48.51660919189453,26.474306106567383,842343
STB,STB.OL,2005-02-10,48.51660919189453,48.51660919189453,47.67649459838867,48.51660919189453,26.474306106567383,1669124
STB,STB.OL,2005-02-11,48.51660919189453,49.14669418334961,48.30657958984375,48.936668395996094,26.703523635864258,1372971
STB,STB.OL,2005-02-14,49.14669418334961,49.14669418334961,48.51660919189453,48.936668395996094,26.703523635864258,899960
STB,STB.OL,2005-02-15,49.14669418334961,49.35672378540039,48.72663879394531,49.14669418334961,26.81812286376953,1129630
STB,STB.OL,2005-02-16,49.98680877685547,51.87706756591797,49.98680877685547,51.87706756591797,28.308029174804688,9755511
STB,STB.OL,2005-02-17,51.87706756591797,51.87706756591797,50.40686798095703,51.24698257446289,27.96419906616211,5973520
STB,STB.OL,2005-02-18,51.03695297241211,51.24698257446289,50.82692337036133,50.82692337036133,27.734989166259766,2068633
STB,STB.OL,2005-02-21,51.24698257446289,51.87706756591797,51.03695297241211,51.457008361816406,28.078811645507812,1008962
STB,STB.OL,2005-02-22,51.03695297241211,51.457008361816406,49.98680877685547,50.19683837890625,27.39116668701172,1344733
STB,STB.OL,2005-02-23,50.40686798095703,50.40686798095703,49.98680877685547,49.98680877685547,27.276559829711914,2700561
STB,STB.OL,2005-02-24,49.98680877685547,51.24698257446289,49.98680877685547,50.40686798095703,27.505773544311523,2125573
STB,STB.OL,2005-02-25,50.40686798095703,51.457008361816406,50.40686798095703,51.24698257446289,27.96419906616211,1595812
STB,STB.OL,2005-02-28,51.24698257446289,52.08709716796875,51.24698257446289,51.457008361816406,28.078811645507812,1532766
STB,STB.OL,2005-03-01,51.66703796386719,51.66703796386719,51.03695297241211,51.24698257446289,27.96419906616211,1251383
STB,STB.OL,2005-03-02,51.24698257446289,51.66703796386719,50.40686798095703,50.61689758300781,27.620380401611328,2459639
STB,STB.OL,2005-03-03,50.40686798095703,52.08709716796875,50.40686798095703,51.87706756591797,28.308029174804688,1568732
STB,STB.OL,2005-03-04,51.66703796386719,53.55729675292969,51.66703796386719,52.71718215942383,28.766454696655273,2763729
STB,STB.OL,2005-03-07,52.71718215942383,53.55729675292969,52.71718215942383,53.137237548828125,28.99566650390625,2013544
STB,STB.OL,2005-03-08,53.347267150878906,53.347267150878906,52.50715255737305,52.50715255737305,28.651844024658203,461381
STB,STB.OL,2005-03-09,52.50715255737305,52.71718215942383,51.87706756591797,51.87706756591797,28.308029174804688,994339
STB,STB.OL,2005-03-10,52.50715255737305,52.50715255737305,51.66703796386719,52.297122955322266,28.5372371673584,621017
STB,STB.OL,2005-03-11,52.50715255737305,52.71718215942383,52.50715255737305,52.71718215942383,28.766454696655273,351408
STB,STB.OL,2005-03-14,52.92721176147461,52.92721176147461,52.297122955322266,52.50715255737305,28.651844024658203,566174
STB,STB.OL,2005-03-15,52.71718215942383,53.76732635498047,52.50715255737305,53.55729675292969,29.224882125854492,2429836
STB,STB.OL,2005-03-16,53.137237548828125,53.55729675292969,52.71718215942383,53.137237548828125,28.99566650390625,1606049
STB,STB.OL,2005-03-17,52.92721176147461,53.55729675292969,52.08709716796875,53.347267150878906,29.11027717590332,2121764
STB,STB.OL,2005-03-18,51.24698257446289,52.297122955322266,49.35672378540039,52.08709716796875,28.422632217407227,4068219
STB,STB.OL,2005-03-21,50.82692337036133,51.87706756591797,50.82692337036133,51.24698257446289,27.96419906616211,1306552
STB,STB.OL,2005-03-22,50.82692337036133,50.82692337036133,49.56675338745117,50.40686798095703,27.505773544311523,2413971
STB,STB.OL,2005-03-23,49.77677917480469,50.40686798095703,49.56675338745117,50.19683837890625,27.39116668701172,969094
STB,STB.OL,2005-03-24,50.19683837890625,50.19683837890625,50.19683837890625,50.19683837890625,27.39116668701172,0
STB,STB.OL,2005-03-25,50.19683837890625,50.19683837890625,50.19683837890625,50.19683837890625,27.39116668701172,0
STB,STB.OL,2005-03-28,50.19683837890625,50.19683837890625,50.19683837890625,50.19683837890625,27.39116668701172,0
STB,STB.OL,2005-03-29,49.56675338745117,49.98680877685547,49.35672378540039,49.77677917480469,27.16194725036621,2571834
STB,STB.OL,2005-03-30,49.98680877685547,49.98680877685547,48.936668395996094,48.936668395996094,26.703523635864258,2782225
STB,STB.OL,2005-03-31,49.35672378540039,49.56675338745117,48.096553802490234,48.30657958984375,26.359699249267578,7212638
STB,STB.OL,2005-04-01,48.30657958984375,49.77677917480469,48.30657958984375,49.77677917480469,27.16194725036621,4038986
STB,STB.OL,2005-04-04,49.56675338745117,49.98680877685547,48.936668395996094,49.98680877685547,27.276559829711914,1513222
STB,STB.OL,2005-04-05,50.19683837890625,50.61689758300781,49.98680877685547,50.40686798095703,27.505773544311523,1355214
STB,STB.OL,2005-04-06,50.40686798095703,50.40686798095703,49.98680877685547,50.19683837890625,27.39116668701172,2130059
STB,STB.OL,2005-04-07,50.19683837890625,50.40686798095703,50.19683837890625,50.40686798095703,27.505773544311523,5083632
STB,STB.OL,2005-04-08,50.40686798095703,50.61689758300781,50.19683837890625,50.40686798095703,27.505773544311523,1677896
STB,STB.OL,2005-04-11,50.40686798095703,50.61689758300781,49.98680877685547,50.61689758300781,27.620380401611328,684463
STB,STB.OL,2005-04-12,50.40686798095703,50.82692337036133,50.19683837890625,50.61689758300781,27.620380401611328,1312566
STB,STB.OL,2005-04-13,50.61689758300781,51.66703796386719,50.40686798095703,51.66703796386719,28.193416595458984,1700304
STB,STB.OL,2005-04-14,51.24698257446289,51.24698257446289,50.40686798095703,50.61689758300781,27.620380401611328,3089311
STB,STB.OL,2005-04-15,50.40686798095703,50.40686798095703,48.936668395996094,49.14669418334961,26.81812286376953,2335230
STB,STB.OL,2005-04-18,47.88652420043945,49.35672378540039,47.256439208984375,49.14669418334961,26.81812286376953,3501557
STB,STB.OL,2005-04-19,49.56675338745117,50.40686798095703,48.936668395996094,49.98680877685547,27.276559829711914,4132497
STB,STB.OL,2005-04-20,50.19683837890625,50.19683837890625,49.35672378540039,49.56675338745117,27.047346115112305,2039075
STB,STB.OL,2005-04-21,42.8458366394043,43.26589584350586,42.42578125,42.8458366394043,26.527198791503906,2858305
STB,STB.OL,2005-04-22,43.05586624145508,43.475921630859375,42.8458366394043,43.475921630859375,26.917308807373047,1457497
STB,STB.OL,2005-04-25,43.26589584350586,43.475921630859375,42.8458366394043,42.8458366394043,26.527198791503906,2126530
STB,STB.OL,2005-04-26,42.8458366394043,43.475921630859375,42.8458366394043,43.05586624145508,26.65723419189453,927132
STB,STB.OL,2005-04-27,42.8458366394043,42.8458366394043,41.669677734375,41.75368881225586,25.85101890563965,2225043
STB,STB.OL,2005-04-28,41.83769989013672,41.83769989013672,40.40950393676758,40.49351501464844,25.07080841064453,4908926
STB,STB.OL,2005-04-29,40.661537170410156,41.16560745239258,38.9813117980957,39.48537826538086,24.446640014648438,9438459
STB,STB.OL,2005-05-02,39.73741149902344,40.07345962524414,39.4013671875,39.73741149902344,24.602676391601562,2365627
STB,STB.OL,2005-05-03,39.73741149902344,40.32549285888672,39.4013671875,40.32549285888672,24.966777801513672,2062420
STB,STB.OL,2005-05-04,40.40950393676758,40.40950393676758,39.23334503173828,39.48537826538086,24.446640014648438,2424945
STB,STB.OL,2005-05-05,39.48537826538086,39.48537826538086,39.48537826538086,39.48537826538086,24.446640014648438,0
STB,STB.OL,2005-05-06,39.82142639160156,40.661537170410156,39.82142639160156,40.32549285888672,24.966777801513672,1380236
STB,STB.OL,2005-05-09,39.90543746948242,40.91357421875,39.90543746948242,40.91357421875,25.33087921142578,1272445
STB,STB.OL,2005-05-10,40.40950393676758,40.49351501464844,39.48537826538086,40.07345962524414,24.81073570251465,2408814
STB,STB.OL,2005-05-11,41.08159637451172,42.21575164794922,40.91357421875,41.92171096801758,25.955047607421875,7692247
STB,STB.OL,2005-05-12,41.83769989013672,42.00572204589844,40.661537170410156,40.74555206298828,25.226848602294922,5689209
STB,STB.OL,2005-05-13,41.50165557861328,42.00572204589844,41.08159637451172,41.83769989013672,25.903034210205078,6901183
STB,STB.OL,2005-05-16,41.83769989013672,41.83769989013672,41.83769989013672,41.83769989013672,25.903034210205078,0
STB,STB.OL,2005-05-17,41.83769989013672,41.83769989013672,41.83769989013672,41.83769989013672,25.903034210205078,0
STB,STB.OL,2005-05-18,41.75368881225586,43.05586624145508,41.669677734375,42.8458366394043,26.527198791503906,7603699
STB,STB.OL,2005-05-19,43.685951232910156,44.10601043701172,43.475921630859375,43.475921630859375,26.917308807373047,5955249
STB,STB.OL,2005-05-20,43.685951232910156,44.7360954284668,43.26589584350586,44.316036224365234,27.43744659423828,5336438
STB,STB.OL,2005-05-23,44.7360954284668,44.94612121582031,44.10601043701172,44.316036224365234,27.43744659423828,2616218
STB,STB.OL,2005-05-24,44.526065826416016,44.7360954284668,43.475921630859375,43.685951232910156,27.047344207763672,2231544
STB,STB.OL,2005-05-25,43.685951232910156,44.316036224365234,42.8458366394043,43.685951232910156,27.047344207763672,2151763
STB,STB.OL,2005-05-26,43.89598083496094,45.576210021972656,43.89598083496094,44.94612121582031,27.827556610107422,6574861
STB,STB.OL,2005-05-27,44.7360954284668,46.206295013427734,44.7360954284668,46.206295013427734,28.60776710510254,9305167
STB,STB.OL,2005-05-30,45.78623580932617,45.99626541137695,44.94612121582031,45.576210021972656,28.21766471862793,5548049
STB,STB.OL,2005-05-31,45.576210021972656,45.78623580932617,45.156150817871094,45.156150817871094,27.957592010498047,2483169
STB,STB.OL,2005-06-01,45.366180419921875,46.206295013427734,45.156150817871094,46.206295013427734,28.60776710510254,3487359
STB,STB.OL,2005-06-02,46.416324615478516,46.416324615478516,45.99626541137695,46.206295013427734,28.60776710510254,3914261
STB,STB.OL,2005-06-03,46.416324615478516,48.51660919189453,46.206295013427734,46.206295013427734,28.60776710510254,6674845
STB,STB.OL,2005-06-06,46.83638000488281,46.83638000488281,45.366180419921875,45.99626541137695,28.47772789001465,2560758
STB,STB.OL,2005-06-07,46.416324615478516,47.46646499633789,45.78623580932617,47.256439208984375,29.257944107055664,4682156
STB,STB.OL,2005-06-08,47.88652420043945,48.30657958984375,46.62635040283203,47.046409606933594,29.127912521362305,4868068
STB,STB.OL,2005-06-09,47.256439208984375,47.256439208984375,46.62635040283203,46.62635040283203,28.867839813232422,2658075
STB,STB.OL,2005-06-10,47.256439208984375,47.46646499633789,47.046409606933594,47.256439208984375,29.257944107055664,4078039
STB,STB.OL,2005-06-13,47.46646499633789,47.88652420043945,47.046409606933594,47.256439208984375,29.257944107055664,3724780
STB,STB.OL,2005-06-14,47.046409606933594,47.88652420043945,46.83638000488281,47.67649459838867,29.518014907836914,2803476
STB,STB.OL,2005-06-15,47.67649459838867,47.67649459838867,46.83638000488281,47.256439208984375,29.257944107055664,5366662
STB,STB.OL,2005-06-16,47.46646499633789,47.46646499633789,46.62635040283203,46.62635040283203,28.867839813232422,2676324
STB,STB.OL,2005-06-17,46.83638000488281,46.83638000488281,45.366180419921875,45.576210021972656,28.21766471862793,5002273
STB,STB.OL,2005-06-20,45.99626541137695,47.256439208984375,45.99626541137695,46.62635040283203,28.867839813232422,4458253
STB,STB.OL,2005-06-21,46.62635040283203,47.46646499633789,46.62635040283203,47.256439208984375,29.257944107055664,6687754
STB,STB.OL,2005-06-22,47.67649459838867,48.30657958984375,47.46646499633789,48.096553802490234,29.77808952331543,3426155
STB,STB.OL,2005-06-23,48.72663879394531,50.61689758300781,48.72663879394531,50.40686798095703,31.208473205566406,6162810
STB,STB.OL,2005-06-24,50.82692337036133,52.50715255737305,50.82692337036133,52.08709716796875,32.248756408691406,6488126
STB,STB.OL,2005-06-27,51.24698257446289,51.87706756591797,50.82692337036133,50.82692337036133,31.468544006347656,4627302
STB,STB.OL,2005-06-28,51.24698257446289,52.92721176147461,51.03695297241211,51.87706756591797,32.11872482299805,4447021
STB,STB.OL,2005-06-29,51.66703796386719,53.137237548828125,51.66703796386719,52.71718215942383,32.63886260986328,2308631
STB,STB.OL,2005-06-30,52.50715255737305,52.50715255737305,50.82692337036133,51.457008361816406,31.858652114868164,2970760
STB,STB.OL,2005-07-01,51.66703796386719,56.077640533447266,51.03695297241211,54.187381744384766,33.549110412597656,11896828
STB,STB.OL,2005-07-04,53.977352142333984,54.39741134643555,52.50715255737305,52.92721176147461,32.76889419555664,2326229
STB,STB.OL,2005-07-05,53.137237548828125,55.027496337890625,52.71718215942383,53.977352142333984,33.4190673828125,3717104
STB,STB.OL,2005-07-06,54.60743713378906,55.237525939941406,53.977352142333984,54.39741134643555,33.67914962768555,2597529
STB,STB.OL,2005-07-07,54.39741134643555,54.60743713378906,51.24698257446289,53.977352142333984,33.4190673828125,4537434
STB,STB.OL,2005-07-08,54.60743713378906,55.237525939941406,54.187381744384766,55.027496337890625,34.06924819946289,1263375
STB,STB.OL,2005-07-11,54.187381744384766,54.817466735839844,53.977352142333984,53.977352142333984,33.4190673828125,1475557
STB,STB.OL,2005-07-12,53.977352142333984,54.187381744384766,52.71718215942383,53.137237548828125,32.898929595947266,2465809
STB,STB.OL,2005-07-13,53.347267150878906,53.55729675292969,52.50715255737305,52.71718215942383,32.63886260986328,2385142
STB,STB.OL,2005-07-14,52.92721176147461,52.92721176147461,51.87706756591797,51.87706756591797,32.11872482299805,1647919
STB,STB.OL,2005-07-15,52.08709716796875,52.50715255737305,51.457008361816406,51.457008361816406,31.858652114868164,2020585
STB,STB.OL,2005-07-18,52.08709716796875,53.137237548828125,52.08709716796875,52.92721176147461,32.76889419555664,1182722
STB,STB.OL,2005-07-19,52.297122955322266,53.137237548828125,52.297122955322266,53.137237548828125,32.898929595947266,375394
STB,STB.OL,2005-07-20,52.92721176147461,53.55729675292969,52.08709716796875,53.55729675292969,33.159000396728516,2283572
STB,STB.OL,2005-07-21,54.187381744384766,55.237525939941406,53.977352142333984,54.39741134643555,33.67914962768555,14305988
STB,STB.OL,2005-07-22,55.027496337890625,56.28766632080078,54.39741134643555,54.39741134643555,33.67914962768555,1606546
STB,STB.OL,2005-07-25,54.60743713378906,55.44755554199219,54.60743713378906,54.817466735839844,33.9392204284668,967092
STB,STB.OL,2005-07-26,54.60743713378906,54.60743713378906,53.55729675292969,53.55729675292969,33.159000396728516,947473
STB,STB.OL,2005-07-27,54.187381744384766,55.44755554199219,53.977352142333984,54.187381744384766,33.549110412597656,1878250
STB,STB.OL,2005-07-28,55.027496337890625,55.027496337890625,54.187381744384766,54.187381744384766,33.549110412597656,529781
STB,STB.OL,2005-07-29,53.977352142333984,54.187381744384766,53.55729675292969,54.187381744384766,33.549110412597656,1057311
STB,STB.OL,2005-08-01,55.027496337890625,55.027496337890625,53.347267150878906,53.977352142333984,33.4190673828125,1515553
STB,STB.OL,2005-08-02,53.977352142333984,54.60743713378906,53.76732635498047,54.60743713378906,33.80917739868164,1386194
STB,STB.OL,2005-08-03,54.39741134643555,54.60743713378906,53.76732635498047,54.60743713378906,33.80917739868164,1928514
STB,STB.OL,2005-08-04,54.187381744384766,54.60743713378906,53.137237548828125,53.137237548828125,32.898929595947266,2223291
STB,STB.OL,2005-08-05,52.92721176147461,54.187381744384766,52.71718215942383,52.92721176147461,32.76889419555664,2065534
STB,STB.OL,2005-08-08,53.137237548828125,54.187381744384766,52.92721176147461,54.187381744384766,33.549110412597656,1034195
STB,STB.OL,2005-08-09,54.187381744384766,54.39741134643555,53.977352142333984,53.977352142333984,33.4190673828125,1407270
STB,STB.OL,2005-08-10,55.867610931396484,56.49769592285156,55.027496337890625,55.867610931396484,34.58939743041992,5633296
STB,STB.OL,2005-08-11,55.44755554199219,56.077640533447266,55.027496337890625,55.44755554199219,34.32931900024414,4560816
STB,STB.OL,2005-08-12,55.237525939941406,55.44755554199219,54.60743713378906,55.027496337890625,34.06924819946289,1102152
STB,STB.OL,2005-08-15,54.60743713378906,54.60743713378906,54.187381744384766,54.187381744384766,33.549110412597656,677524
STB,STB.OL,2005-08-16,54.60743713378906,54.60743713378906,53.55729675292969,53.55729675292969,33.159000396728516,1158846
STB,STB.OL,2005-08-17,53.137237548828125,53.55729675292969,52.297122955322266,52.92721176147461,32.76889419555664,2597593
STB,STB.OL,2005-08-18,52.92721176147461,53.347267150878906,52.92721176147461,52.92721176147461,32.76889419555664,2260030
STB,STB.OL,2005-08-19,53.55729675292969,53.55729675292969,52.92721176147461,53.347267150878906,33.028968811035156,1178669
STB,STB.OL,2005-08-22,53.55729675292969,53.76732635498047,53.137237548828125,53.55729675292969,33.159000396728516,246362
STB,STB.OL,2005-08-23,53.55729675292969,53.76732635498047,53.347267150878906,53.347267150878906,33.028968811035156,393072
STB,STB.OL,2005-08-24,53.347267150878906,53.76732635498047,53.347267150878906,53.55729675292969,33.159000396728516,1203803
STB,STB.OL,2005-08-25,53.347267150878906,53.347267150878906,52.297122955322266,52.297122955322266,32.378787994384766,1371216
STB,STB.OL,2005-08-26,52.50715255737305,52.92721176147461,52.297122955322266,52.50715255737305,32.50882339477539,981762
STB,STB.OL,2005-08-29,52.71718215942383,52.71718215942383,51.66703796386719,51.87706756591797,32.11872482299805,1178168
STB,STB.OL,2005-08-30,52.08709716796875,52.71718215942383,51.66703796386719,52.71718215942383,32.63886260986328,981015
STB,STB.OL,2005-08-31,52.92721176147461,53.977352142333984,52.71718215942383,53.347267150878906,33.028968811035156,1814199
STB,STB.OL,2005-09-01,53.137237548828125,54.187381744384766,53.137237548828125,53.977352142333984,33.4190673828125,2321093
STB,STB.OL,2005-09-02,53.977352142333984,54.39741134643555,53.347267150878906,53.76732635498047,33.28904342651367,2231557
STB,STB.OL,2005-09-05,52.92721176147461,53.977352142333984,52.92721176147461,53.137237548828125,32.898929595947266,283316
STB,STB.OL,2005-09-06,53.137237548828125,53.76732635498047,52.297122955322266,52.50715255737305,32.50882339477539,638948
STB,STB.OL,2005-09-07,52.92721176147461,53.76732635498047,52.297122955322266,53.76732635498047,33.28904342651367,875672
STB,STB.OL,2005-09-08,54.187381744384766,54.187381744384766,52.92721176147461,53.347267150878906,33.028968811035156,1556315
STB,STB.OL,2005-09-09,52.50715255737305,52.92721176147461,51.87706756591797,52.08709716796875,32.248756408691406,1278923
STB,STB.OL,2005-09-12,51.66703796386719,52.50715255737305,51.457008361816406,52.08709716796875,32.248756408691406,1071123
STB,STB.OL,2005-09-13,52.50715255737305,53.347267150878906,52.297122955322266,52.50715255737305,32.50882339477539,840056
STB,STB.OL,2005-09-14,52.297122955322266,52.92721176147461,52.08709716796875,52.297122955322266,32.378787994384766,727160
STB,STB.OL,2005-09-15,52.50715255737305,53.347267150878906,52.297122955322266,53.347267150878906,33.028968811035156,1254238
STB,STB.OL,2005-09-16,52.71718215942383,53.347267150878906,52.297122955322266,52.92721176147461,32.76889419555664,1273356
STB,STB.OL,2005-09-19,53.347267150878906,53.977352142333984,53.137237548828125,53.76732635498047,33.28904342651367,919727
STB,STB.OL,2005-09-20,53.76732635498047,54.187381744384766,53.347267150878906,53.977352142333984,33.4190673828125,584865
STB,STB.OL,2005-09-21,54.187381744384766,54.39741134643555,53.347267150878906,53.55729675292969,33.159000396728516,1673094
STB,STB.OL,2005-09-22,53.347267150878906,55.237525939941406,53.347267150878906,54.817466735839844,33.9392204284668,2402966
STB,STB.OL,2005-09-23,53.76732635498047,55.027496337890625,53.76732635498047,55.027496337890625,34.06924819946289,801550
STB,STB.OL,2005-09-26,55.44755554199219,55.44755554199219,54.187381744384766,54.60743713378906,33.80917739868164,1222990
STB,STB.OL,2005-09-27,54.817466735839844,54.817466735839844,53.76732635498047,54.39741134643555,33.67914962768555,1505718
STB,STB.OL,2005-09-28,53.977352142333984,54.60743713378906,53.76732635498047,53.76732635498047,33.28904342651367,1333021
STB,STB.OL,2005-09-29,53.55729675292969,54.39741134643555,53.347267150878906,53.977352142333984,33.4190673828125,6301874
STB,STB.OL,2005-09-30,54.39741134643555,54.60743713378906,53.76732635498047,53.76732635498047,33.28904342651367,1365675
STB,STB.OL,2005-10-03,53.977352142333984,54.60743713378906,53.76732635498047,54.60743713378906,33.80917739868164,1743273
STB,STB.OL,2005-10-04,54.60743713378906,54.60743713378906,53.977352142333984,53.977352142333984,33.4190673828125,458920
STB,STB.OL,2005-10-05,54.187381744384766,54.60743713378906,53.977352142333984,54.187381744384766,33.549110412597656,419940
STB,STB.OL,2005-10-06,52.92721176147461,53.55729675292969,52.50715255737305,52.71718215942383,32.63886260986328,1113998
STB,STB.OL,2005-10-07,52.71718215942383,52.71718215942383,51.87706756591797,52.08709716796875,32.248756408691406,2360081
STB,STB.OL,2005-10-10,52.08709716796875,53.55729675292969,52.08709716796875,52.92721176147461,32.76889419555664,718816
STB,STB.OL,2005-10-11,52.92721176147461,53.347267150878906,52.297122955322266,52.71718215942383,32.63886260986328,1289224
STB,STB.OL,2005-10-12,53.137237548828125,53.137237548828125,51.457008361816406,52.08709716796875,32.248756408691406,1418560
STB,STB.OL,2005-10-13,52.08709716796875,52.08709716796875,48.72663879394531,50.40686798095703,31.208473205566406,4678413
STB,STB.OL,2005-10-14,50.40686798095703,50.82692337036133,47.88652420043945,48.51660919189453,30.03815460205078,6410244
STB,STB.OL,2005-10-17,48.72663879394531,49.77677917480469,48.72663879394531,49.56675338745117,30.688335418701172,3519969
STB,STB.OL,2005-10-18,49.56675338745117,50.40686798095703,47.88652420043945,47.88652420043945,29.64804458618164,2546881
STB,STB.OL,2005-10-19,45.78623580932617,47.46646499633789,45.366180419921875,46.206295013427734,28.60776710510254,5642093
STB,STB.OL,2005-10-20,47.88652420043945,48.30657958984375,46.83638000488281,47.67649459838867,29.518014907836914,2219576
STB,STB.OL,2005-10-21,46.206295013427734,47.046409606933594,45.78623580932617,45.99626541137695,28.47772789001465,1817428
STB,STB.OL,2005-10-24,47.256439208984375,50.61689758300781,46.416324615478516,49.77677917480469,30.818363189697266,4680234
STB,STB.OL,2005-10-25,49.98680877685547,50.40686798095703,48.72663879394531,49.35672378540039,30.55829620361328,1432546
STB,STB.OL,2005-10-26,49.14669418334961,50.40686798095703,48.936668395996094,49.14669418334961,30.428255081176758,1029099
STB,STB.OL,2005-10-27,48.72663879394531,49.56675338745117,48.096553802490234,49.35672378540039,30.55829620361328,2364106
STB,STB.OL,2005-10-28,49.56675338745117,50.40686798095703,48.936668395996094,49.14669418334961,30.428255081176758,1807838
STB,STB.OL,2005-10-31,49.98680877685547,50.40686798095703,49.14669418334961,50.19683837890625,31.078439712524414,1833933
STB,STB.OL,2005-11-01,49.56675338745117,50.40686798095703,49.14669418334961,50.40686798095703,31.208473205566406,1003792
STB,STB.OL,2005-11-02,47.88652420043945,49.77677917480469,47.046409606933594,48.30657958984375,29.908119201660156,7822546
STB,STB.OL,2005-11-03,48.72663879394531,50.82692337036133,48.51660919189453,50.19683837890625,31.078439712524414,3017279
STB,STB.OL,2005-11-04,50.40686798095703,50.40686798095703,49.35672378540039,50.19683837890625,31.078439712524414,1240658
STB,STB.OL,2005-11-07,50.19683837890625,50.40686798095703,49.35672378540039,49.56675338745117,30.688335418701172,1216214
STB,STB.OL,2005-11-08,49.77677917480469,49.98680877685547,49.14669418334961,49.77677917480469,30.818363189697266,1167899
STB,STB.OL,2005-11-09,49.14669418334961,49.98680877685547,49.14669418334961,49.98680877685547,30.94840431213379,1506149
STB,STB.OL,2005-11-10,50.40686798095703,50.82692337036133,49.98680877685547,50.40686798095703,31.208473205566406,2122791
STB,STB.OL,2005-11-11,50.40686798095703,51.457008361816406,49.98680877685547,50.40686798095703,31.208473205566406,1126344
STB,STB.OL,2005-11-14,50.82692337036133,51.24698257446289,49.98680877685547,50.40686798095703,31.208473205566406,2324457
STB,STB.OL,2005-11-15,50.40686798095703,50.61689758300781,50.19683837890625,50.61689758300781,31.33850860595703,2005414
STB,STB.OL,2005-11-16,50.40686798095703,50.61689758300781,49.77677917480469,49.98680877685547,30.94840431213379,2222444
STB,STB.OL,2005-11-17,49.98680877685547,51.24698257446289,49.56675338745117,50.82692337036133,31.468544006347656,2610795
STB,STB.OL,2005-11-18,51.24698257446289,51.87706756591797,51.24698257446289,51.87706756591797,32.11872482299805,2325498
STB,STB.OL,2005-11-21,52.08709716796875,52.297122955322266,51.24698257446289,51.66703796386719,31.988683700561523,2611936
STB,STB.OL,2005-11-22,51.457008361816406,52.297122955322266,51.03695297241211,51.66703796386719,31.988683700561523,6423116
STB,STB.OL,2005-11-23,51.87706756591797,52.297122955322266,51.24698257446289,52.08709716796875,32.248756408691406,2998843
STB,STB.OL,2005-11-24,52.08709716796875,52.297122955322266,51.87706756591797,52.08709716796875,32.248756408691406,436195
STB,STB.OL,2005-11-25,52.08709716796875,52.297122955322266,51.66703796386719,51.87706756591797,32.11872482299805,1044644
STB,STB.OL,2005-11-28,51.66703796386719,52.71718215942383,51.457008361816406,52.08709716796875,32.248756408691406,841143
STB,STB.OL,2005-11-29,51.457008361816406,52.08709716796875,51.03695297241211,51.03695297241211,31.598583221435547,1619898
STB,STB.OL,2005-11-30,51.24698257446289,52.08709716796875,50.82692337036133,52.08709716796875,32.248756408691406,2024875
STB,STB.OL,2005-12-01,52.50715255737305,52.71718215942383,51.66703796386719,52.297122955322266,32.378787994384766,2632809
STB,STB.OL,2005-12-02,52.50715255737305,53.347267150878906,52.08709716796875,52.50715255737305,32.50882339477539,2575034
STB,STB.OL,2005-12-05,52.08709716796875,52.71718215942383,52.08709716796875,52.50715255737305,32.50882339477539,2080630
STB,STB.OL,2005-12-06,52.297122955322266,52.297122955322266,51.66703796386719,52.297122955322266,32.378787994384766,2634718
STB,STB.OL,2005-12-07,52.297122955322266,52.71718215942383,51.87706756591797,52.08709716796875,32.248756408691406,1658370
STB,STB.OL,2005-12-08,51.66703796386719,52.08709716796875,51.03695297241211,51.457008361816406,31.858652114868164,1258007
STB,STB.OL,2005-12-09,51.457008361816406,51.87706756591797,51.03695297241211,51.03695297241211,31.598583221435547,1459758
STB,STB.OL,2005-12-12,51.24698257446289,52.08709716796875,51.24698257446289,51.87706756591797,32.11872482299805,2006724
STB,STB.OL,2005-12-13,51.66703796386719,51.87706756591797,51.24698257446289,51.457008361816406,31.858652114868164,1793496
STB,STB.OL,2005-12-14,51.66703796386719,51.66703796386719,50.82692337036133,51.24698257446289,31.72861099243164,806183
STB,STB.OL,2005-12-15,51.24698257446289,51.24698257446289,49.98680877685547,50.40686798095703,31.208473205566406,2952263
STB,STB.OL,2005-12-16,50.40686798095703,50.82692337036133,50.19683837890625,50.40686798095703,31.208473205566406,997911
STB,STB.OL,2005-12-19,50.40686798095703,51.03695297241211,50.19683837890625,50.40686798095703,31.208473205566406,1530859
STB,STB.OL,2005-12-20,50.61689758300781,50.61689758300781,49.14669418334961,49.77677917480469,30.818363189697266,2501173
STB,STB.OL,2005-12-21,50.19683837890625,51.457008361816406,49.98680877685547,51.457008361816406,31.858652114868164,2403487
STB,STB.OL,2005-12-22,51.66703796386719,51.87706756591797,49.98680877685547,50.40686798095703,31.208473205566406,2569322
STB,STB.OL,2005-12-23,50.19683837890625,50.19683837890625,48.936668395996094,49.14669418334961,30.428255081176758,2314783
STB,STB.OL,2005-12-26,49.14669418334961,49.14669418334961,49.14669418334961,49.14669418334961,30.428255081176758,0
STB,STB.OL,2005-12-27,48.72663879394531,49.98680877685547,48.72663879394531,49.77677917480469,30.818363189697266,476294
STB,STB.OL,2005-12-28,49.14669418334961,49.77677917480469,49.14669418334961,49.77677917480469,30.818363189697266,687328
STB,STB.OL,2005-12-29,49.77677917480469,49.98680877685547,48.936668395996094,49.14669418334961,30.428255081176758,2501181
STB,STB.OL,2005-12-30,48.936668395996094,49.35672378540039,48.51660919189453,48.936668395996094,30.298229217529297,1533260
STB,STB.OL,2006-01-02,49.14669418334961,49.35672378540039,48.936668395996094,48.936668395996094,30.298229217529297,1023872
STB,STB.OL,2006-01-03,48.72663879394531,49.14669418334961,48.51660919189453,48.936668395996094,30.298229217529297,2957307
STB,STB.OL,2006-01-04,49.35672378540039,49.98680877685547,48.936668395996094,49.98680877685547,30.94840431213379,3170954
STB,STB.OL,2006-01-05,50.40686798095703,51.87706756591797,50.19683837890625,51.457008361816406,31.858652114868164,3972244
STB,STB.OL,2006-01-06,51.66703796386719,54.817466735839844,51.24698257446289,54.39741134643555,33.67914962768555,10811529
STB,STB.OL,2006-01-09,53.76732635498047,53.977352142333984,52.50715255737305,53.137237548828125,32.898929595947266,2711859
STB,STB.OL,2006-01-10,53.76732635498047,54.60743713378906,52.92721176147461,54.187381744384766,33.549110412597656,3143837
STB,STB.OL,2006-01-11,54.60743713378906,56.707725524902344,54.60743713378906,56.28766632080078,34.849456787109375,4653390
STB,STB.OL,2006-01-12,56.077640533447266,57.757869720458984,55.867610931396484,57.757869720458984,35.75970458984375,2149047
STB,STB.OL,2006-01-13,57.757869720458984,57.757869720458984,55.44755554199219,56.077640533447266,34.719425201416016,1895764
STB,STB.OL,2006-01-16,56.707725524902344,56.707725524902344,55.44755554199219,55.867610931396484,34.58939743041992,1902309
STB,STB.OL,2006-01-17,55.6575813293457,57.127784729003906,55.6575813293457,56.077640533447266,34.719425201416016,3949579
STB,STB.OL,2006-01-18,55.027496337890625,55.44755554199219,54.187381744384766,54.187381744384766,33.549110412597656,2655871
STB,STB.OL,2006-01-19,54.817466735839844,56.917755126953125,54.60743713378906,56.077640533447266,34.719425201416016,2847106
STB,STB.OL,2006-01-20,56.49769592285156,56.49769592285156,55.237525939941406,55.237525939941406,34.199283599853516,1811102
STB,STB.OL,2006-01-23,53.76732635498047,55.237525939941406,53.76732635498047,54.817466735839844,33.9392204284668,1945571
STB,STB.OL,2006-01-24,54.817466735839844,55.027496337890625,53.55729675292969,53.55729675292969,33.159000396728516,1589182
STB,STB.OL,2006-01-25,53.76732635498047,56.49769592285156,53.347267150878906,56.077640533447266,34.719425201416016,2727825
STB,STB.OL,2006-01-26,56.28766632080078,57.5478401184082,55.44755554199219,55.867610931396484,34.58939743041992,910704
STB,STB.OL,2006-01-27,56.077640533447266,57.5478401184082,56.077640533447266,57.33781051635742,35.4996337890625,1029746
STB,STB.OL,2006-01-30,56.917755126953125,57.5478401184082,56.49769592285156,57.5478401184082,35.62968444824219,502627
STB,STB.OL,2006-01-31,57.33781051635742,57.5478401184082,56.707725524902344,56.917755126953125,35.23957061767578,2016551
STB,STB.OL,2006-02-01,56.707725524902344,58.17792510986328,56.707725524902344,57.9678955078125,35.889739990234375,696358
STB,STB.OL,2006-02-02,57.9678955078125,58.38795471191406,57.5478401184082,58.17792510986328,36.01978302001953,1888429
STB,STB.OL,2006-02-03,57.33781051635742,58.17792510986328,57.127784729003906,57.33781051635742,35.4996337890625,3264624
STB,STB.OL,2006-02-06,57.33781051635742,57.5478401184082,56.707725524902344,57.127784729003906,35.369606018066406,1124551
STB,STB.OL,2006-02-07,57.127784729003906,57.127784729003906,55.44755554199219,55.44755554199219,34.32931900024414,1987424
STB,STB.OL,2006-02-08,55.44755554199219,56.28766632080078,55.027496337890625,55.867610931396484,34.58939743041992,1260803
STB,STB.OL,2006-02-09,55.6575813293457,56.28766632080078,55.6575813293457,56.077640533447266,34.719425201416016,544437
STB,STB.OL,2006-02-10,56.077640533447266,56.707725524902344,56.077640533447266,56.077640533447266,34.719425201416016,4805026
STB,STB.OL,2006-02-13,56.077640533447266,56.28766632080078,55.867610931396484,55.867610931396484,34.58939743041992,679470
STB,STB.OL,2006-02-14,56.28766632080078,56.707725524902344,56.077640533447266,56.28766632080078,34.849456787109375,2930647
STB,STB.OL,2006-02-15,57.757869720458984,61.32835388183594,57.757869720458984,60.90829849243164,37.71025085449219,9286559
STB,STB.OL,2006-02-16,60.27821350097656,61.7484130859375,59.43809509277344,60.27821350097656,37.320133209228516,2908654
STB,STB.OL,2006-02-17,59.64812469482422,62.1684684753418,59.64812469482422,62.1684684753418,38.490447998046875,5008375
STB,STB.OL,2006-02-20,61.7484130859375,64.89884185791016,61.7484130859375,62.58852767944336,38.75053024291992,4135824
STB,STB.OL,2006-02-21,63.42864227294922,64.26875305175781,63.21861267089844,64.05872344970703,39.6607666015625,2861487
STB,STB.OL,2006-02-22,64.05872344970703,64.26875305175781,62.1684684753418,63.008583068847656,39.010589599609375,3585791
STB,STB.OL,2006-02-23,63.638671875,64.26875305175781,63.42864227294922,64.26875305175781,39.790809631347656,2253203
STB,STB.OL,2006-02-24,64.26875305175781,64.26875305175781,62.58852767944336,63.21861267089844,39.140625,1926225
STB,STB.OL,2006-02-27,63.008583068847656,63.848697662353516,63.008583068847656,63.848697662353516,39.53073501586914,1229546
STB,STB.OL,2006-02-28,63.638671875,63.848697662353516,61.95844268798828,62.798553466796875,38.88055419921875,1428264
STB,STB.OL,2006-03-01,63.008583068847656,63.848697662353516,62.1684684753418,63.008583068847656,39.010589599609375,2773829
STB,STB.OL,2006-03-02,63.638671875,63.638671875,61.7484130859375,62.1684684753418,38.490447998046875,1691066
STB,STB.OL,2006-03-03,61.53838348388672,62.37849807739258,61.118324279785156,61.118324279785156,37.840274810791016,1832533
STB,STB.OL,2006-03-06,61.32835388183594,62.798553466796875,61.32835388183594,61.7484130859375,38.23037338256836,2160975
STB,STB.OL,2006-03-07,61.32835388183594,62.798553466796875,61.32835388183594,62.58852767944336,38.75053024291992,2582859
STB,STB.OL,2006-03-08,63.008583068847656,63.21861267089844,61.53838348388672,62.1684684753418,38.490447998046875,3337021
STB,STB.OL,2006-03-09,61.95844268798828,62.37849807739258,61.53838348388672,61.53838348388672,38.100341796875,2423731
STB,STB.OL,2006-03-10,61.32835388183594,61.95844268798828,61.32835388183594,61.53838348388672,38.100341796875,1669042
STB,STB.OL,2006-03-13,61.53838348388672,62.58852767944336,61.53838348388672,62.1684684753418,38.490447998046875,1299178
STB,STB.OL,2006-03-14,62.1684684753418,62.58852767944336,61.7484130859375,62.1684684753418,38.490447998046875,1819378
STB,STB.OL,2006-03-15,62.37849807739258,62.58852767944336,60.27821350097656,60.27821350097656,37.320133209228516,4125127
STB,STB.OL,2006-03-16,60.90829849243164,61.118324279785156,60.06818389892578,60.48823928833008,37.45016860961914,3214257
STB,STB.OL,2006-03-17,60.69826889038086,62.1684684753418,60.69826889038086,61.7484130859375,38.23037338256836,2921225
STB,STB.OL,2006-03-20,62.58852767944336,63.21861267089844,61.7484130859375,62.798553466796875,38.88055419921875,1861454
STB,STB.OL,2006-03-21,62.58852767944336,62.58852767944336,61.7484130859375,61.7484130859375,38.23037338256836,1656350
STB,STB.OL,2006-03-22,61.32835388183594,61.7484130859375,60.48823928833008,60.90829849243164,37.71025085449219,3255104
STB,STB.OL,2006-03-23,61.32835388183594,62.58852767944336,61.118324279785156,61.95844268798828,38.360416412353516,3759535
STB,STB.OL,2006-03-24,62.1684684753418,65.5289306640625,62.1684684753418,63.848697662353516,39.53073501586914,5111203
STB,STB.OL,2006-03-27,63.638671875,64.4787826538086,63.21861267089844,63.848697662353516,39.53073501586914,1205907
STB,STB.OL,2006-03-28,64.26875305175781,64.68881225585938,62.1684684753418,62.798553466796875,38.88055419921875,2358635
STB,STB.OL,2006-03-29,63.21861267089844,63.42864227294922,61.53838348388672,62.1684684753418,38.490447998046875,2861254
STB,STB.OL,2006-03-30,62.58852767944336,62.798553466796875,61.7484130859375,61.7484130859375,38.23037338256836,1989588
STB,STB.OL,2006-03-31,61.7484130859375,62.58852767944336,61.32835388183594,61.53838348388672,38.100341796875,1701347
STB,STB.OL,2006-04-03,61.7484130859375,62.58852767944336,61.7484130859375,61.95844268798828,38.360416412353516,943628
STB,STB.OL,2006-04-04,62.37849807739258,62.58852767944336,61.118324279785156,61.118324279785156,37.840274810791016,1538901
STB,STB.OL,2006-04-05,61.118324279785156,62.58852767944336,61.118324279785156,61.95844268798828,38.360416412353516,1647481
STB,STB.OL,2006-04-06,61.95844268798828,63.008583068847656,61.95844268798828,62.58852767944336,38.75053024291992,2654941
STB,STB.OL,2006-04-07,61.95844268798828,62.1684684753418,61.118324279785156,61.32835388183594,37.970306396484375,11814368
STB,STB.OL,2006-04-10,61.7484130859375,61.7484130859375,60.90829849243164,61.32835388183594,37.970306396484375,807109
STB,STB.OL,2006-04-11,61.7484130859375,61.7484130859375,60.90829849243164,61.118324279785156,37.840274810791016,1000405
STB,STB.OL,2006-04-12,60.69826889038086,61.32835388183594,60.48823928833008,60.69826889038086,37.58020782470703,1476824
STB,STB.OL,2006-04-13,60.69826889038086,60.69826889038086,60.69826889038086,60.69826889038086,37.58020782470703,0
STB,STB.OL,2006-04-14,60.69826889038086,60.69826889038086,60.69826889038086,60.69826889038086,37.58020782470703,0
STB,STB.OL,2006-04-17,60.69826889038086,60.69826889038086,60.69826889038086,60.69826889038086,37.58020782470703,0
STB,STB.OL,2006-04-18,60.48823928833008,62.37849807739258,60.06818389892578,61.118324279785156,37.840274810791016,2048317
STB,STB.OL,2006-04-19,61.53838348388672,63.008583068847656,60.06818389892578,62.58852767944336,38.75053024291992,3657148
STB,STB.OL,2006-04-20,62.798553466796875,64.68881225585938,62.58852767944336,63.638671875,39.400699615478516,3829424
STB,STB.OL,2006-04-21,63.848697662353516,63.848697662353516,62.798553466796875,63.848697662353516,39.53073501586914,2041663
STB,STB.OL,2006-04-24,64.4787826538086,64.4787826538086,62.798553466796875,63.21861267089844,39.140625,920415
STB,STB.OL,2006-04-25,63.008583068847656,63.42864227294922,62.798553466796875,62.798553466796875,38.88055419921875,4540872
STB,STB.OL,2006-04-26,63.21861267089844,63.848697662353516,63.008583068847656,63.42864227294922,39.270660400390625,2419709
STB,STB.OL,2006-04-27,63.21861267089844,63.21861267089844,60.69826889038086,62.1684684753418,38.490447998046875,3546358
STB,STB.OL,2006-04-28,61.7484130859375,62.37849807739258,60.90829849243164,61.32835388183594,37.970306396484375,2127676
STB,STB.OL,2006-05-01,61.32835388183594,61.32835388183594,61.32835388183594,61.32835388183594,37.970306396484375,0
STB,STB.OL,2006-05-02,61.32835388183594,62.798553466796875,61.32835388183594,62.58852767944336,38.75053024291992,3006217
STB,STB.OL,2006-05-03,61.95844268798828,63.008583068847656,61.95844268798828,62.58852767944336,38.75053024291992,2306909
STB,STB.OL,2006-05-04,59.64812469482422,59.858154296875,57.757869720458984,58.80801010131836,38.4756965637207,5055565
STB,STB.OL,2006-05-05,59.22806930541992,60.06818389892578,58.38795471191406,60.06818389892578,39.300174713134766,3250010
STB,STB.OL,2006-05-08,60.48823928833008,60.48823928833008,59.01803970336914,59.01803970336914,38.61311340332031,3778524
STB,STB.OL,2006-05-09,59.22806930541992,61.118324279785156,59.01803970336914,61.118324279785156,39.987239837646484,5521064
STB,STB.OL,2006-05-10,59.22806930541992,60.69826889038086,58.597984313964844,59.64812469482422,39.02534103393555,4945645
STB,STB.OL,2006-05-11,60.06818389892578,61.32835388183594,59.22806930541992,60.69826889038086,39.7124137878418,2002392
STB,STB.OL,2006-05-12,59.858154296875,60.48823928833008,58.38795471191406,59.22806930541992,38.750526428222656,1616367
STB,STB.OL,2006-05-15,55.44755554199219,58.17792510986328,55.44755554199219,57.5478401184082,37.65121841430664,2480625
STB,STB.OL,2006-05-16,58.38795471191406,60.06818389892578,57.127784729003906,57.5478401184082,37.65121841430664,1941444
STB,STB.OL,2006-05-17,57.5478401184082,57.5478401184082,57.5478401184082,57.5478401184082,37.65121841430664,0
STB,STB.OL,2006-05-18,55.44755554199219,55.867610931396484,52.50715255737305,54.817466735839844,35.864845275878906,3823763
STB,STB.OL,2006-05-19,54.817466735839844,56.077640533447266,53.55729675292969,55.44755554199219,36.27708435058594,1925450
STB,STB.OL,2006-05-22,55.44755554199219,55.44755554199219,52.08709716796875,52.92721176147461,34.62812423706055,2187284
STB,STB.OL,2006-05-23,53.76732635498047,59.22806930541992,51.87706756591797,57.9678955078125,37.92604446411133,5271672
STB,STB.OL,2006-05-24,56.28766632080078,57.127784729003906,54.39741134643555,54.60743713378906,35.72742462158203,2694895
STB,STB.OL,2006-05-25,54.60743713378906,54.60743713378906,54.60743713378906,54.60743713378906,35.72742462158203,0
STB,STB.OL,2006-05-26,55.44755554199219,57.127784729003906,54.60743713378906,55.027496337890625,36.002262115478516,2886395
STB,STB.OL,2006-05-29,55.44755554199219,56.707725524902344,54.817466735839844,55.237525939941406,36.13967514038086,1527395
STB,STB.OL,2006-05-30,55.237525939941406,55.44755554199219,53.76732635498047,54.60743713378906,35.72742462158203,2214463
STB,STB.OL,2006-05-31,53.76732635498047,55.867610931396484,52.08709716796875,55.027496337890625,36.002262115478516,4324755
STB,STB.OL,2006-06-01,55.027496337890625,57.127784729003906,55.027496337890625,55.6575813293457,36.414493560791016,2556725
STB,STB.OL,2006-06-02,56.707725524902344,57.757869720458984,54.60743713378906,54.817466735839844,35.864845275878906,3362021
STB,STB.OL,2006-06-05,54.817466735839844,54.817466735839844,54.817466735839844,54.817466735839844,35.864845275878906,0
STB,STB.OL,2006-06-06,54.60743713378906,54.60743713378906,51.457008361816406,52.92721176147461,34.62812423706055,2653465
STB,STB.OL,2006-06-07,53.137237548828125,55.027496337890625,52.92721176147461,53.347267150878906,34.9029541015625,2479145
STB,STB.OL,2006-06-08,51.457008361816406,51.87706756591797,49.56675338745117,51.03695297241211,33.39140701293945,5873478
STB,STB.OL,2006-06-09,52.08709716796875,52.50715255737305,51.457008361816406,51.87706756591797,33.94105529785156,3362954
STB,STB.OL,2006-06-12,52.50715255737305,52.92721176147461,50.82692337036133,51.03695297241211,33.39140701293945,1918320
STB,STB.OL,2006-06-13,49.56675338745117,49.98680877685547,47.88652420043945,48.096553802490234,31.46762466430664,3869464
STB,STB.OL,2006-06-14,50.40686798095703,50.40686798095703,47.256439208984375,48.936668395996094,32.01727294921875,3388684
STB,STB.OL,2006-06-15,49.77677917480469,51.66703796386719,49.77677917480469,50.82692337036133,33.25399398803711,2458559
STB,STB.OL,2006-06-16,51.03695297241211,52.71718215942383,49.14669418334961,50.19683837890625,32.84175491333008,2801934
STB,STB.OL,2006-06-19,49.35672378540039,51.24698257446289,49.35672378540039,50.19683837890625,32.84175491333008,2280495
STB,STB.OL,2006-06-20,49.77677917480469,50.61689758300781,49.77677917480469,50.19683837890625,32.84175491333008,1507939
STB,STB.OL,2006-06-21,50.61689758300781,50.61689758300781,48.936668395996094,49.98680877685547,32.70433807373047,2463338
STB,STB.OL,2006-06-22,50.82692337036133,53.55729675292969,50.82692337036133,53.137237548828125,34.765533447265625,3588670
STB,STB.OL,2006-06-23,52.50715255737305,53.347267150878906,51.457008361816406,52.297122955322266,34.215885162353516,1743932
STB,STB.OL,2006-06-26,52.297122955322266,53.347267150878906,51.87706756591797,52.297122955322266,34.215885162353516,688050
STB,STB.OL,2006-06-27,53.76732635498047,54.39741134643555,52.71718215942383,53.76732635498047,35.17778396606445,5807361
STB,STB.OL,2006-06-28,52.297122955322266,52.92721176147461,52.297122955322266,52.50715255737305,34.353294372558594,1253438
STB,STB.OL,2006-06-29,53.137237548828125,54.39741134643555,52.50715255737305,53.55729675292969,35.04035949707031,4171411
STB,STB.OL,2006-06-30,54.817466735839844,55.44755554199219,53.137237548828125,53.977352142333984,35.315189361572266,3140274
STB,STB.OL,2006-07-03,53.55729675292969,55.027496337890625,53.55729675292969,54.39741134643555,35.59001541137695,1253914
STB,STB.OL,2006-07-04,54.60743713378906,54.817466735839844,53.977352142333984,54.39741134643555,35.59001541137695,679874
STB,STB.OL,2006-07-05,54.187381744384766,54.187381744384766,52.50715255737305,52.50715255737305,34.353294372558594,1740578
STB,STB.OL,2006-07-06,52.50715255737305,53.347267150878906,52.297122955322266,52.92721176147461,34.62812423706055,2890598
STB,STB.OL,2006-07-07,52.92721176147461,52.92721176147461,51.87706756591797,52.08709716796875,34.07847213745117,662513
STB,STB.OL,2006-07-10,52.297122955322266,53.137237548828125,51.87706756591797,52.92721176147461,34.62812423706055,536749
STB,STB.OL,2006-07-11,52.71718215942383,52.92721176147461,51.87706756591797,52.08709716796875,34.07847213745117,980117
STB,STB.OL,2006-07-12,52.297122955322266,52.92721176147461,51.87706756591797,52.08709716796875,34.07847213745117,1553581
STB,STB.OL,2006-07-13,52.08709716796875,52.50715255737305,50.40686798095703,50.82692337036133,33.25399398803711,704856
STB,STB.OL,2006-07-14,49.77677917480469,52.08709716796875,49.14669418334961,50.82692337036133,33.25399398803711,1160878
STB,STB.OL,2006-07-17,49.14669418334961,50.82692337036133,48.72663879394531,49.98680877685547,32.70433807373047,733803
STB,STB.OL,2006-07-18,49.56675338745117,51.03695297241211,48.30657958984375,49.14669418334961,32.154685974121094,1297473
STB,STB.OL,2006-07-19,50.19683837890625,51.24698257446289,49.14669418334961,49.77677917480469,32.566925048828125,1573826
STB,STB.OL,2006-07-20,50.40686798095703,51.87706756591797,50.40686798095703,51.03695297241211,33.39140701293945,1443730
STB,STB.OL,2006-07-21,51.03695297241211,51.03695297241211,49.98680877685547,50.40686798095703,32.979164123535156,587746
STB,STB.OL,2006-07-24,50.61689758300781,50.82692337036133,49.56675338745117,50.40686798095703,32.979164123535156,390913
STB,STB.OL,2006-07-25,51.66703796386719,51.66703796386719,50.40686798095703,51.457008361816406,33.666229248046875,754398
STB,STB.OL,2006-07-26,51.66703796386719,52.297122955322266,51.24698257446289,52.08709716796875,34.07847213745117,1586832
STB,STB.OL,2006-07-27,52.71718215942383,54.187381744384766,51.87706756591797,53.347267150878906,34.9029541015625,2607207
STB,STB.OL,2006-07-28,52.71718215942383,53.347267150878906,52.71718215942383,52.92721176147461,34.62812423706055,585728
STB,STB.OL,2006-07-31,53.137237548828125,53.76732635498047,52.92721176147461,53.76732635498047,35.17778396606445,865910
STB,STB.OL,2006-08-01,53.76732635498047,53.977352142333984,52.71718215942383,53.137237548828125,34.765533447265625,1769283
STB,STB.OL,2006-08-02,53.76732635498047,53.76732635498047,52.71718215942383,52.92721176147461,34.62812423706055,1779578
STB,STB.OL,2006-08-03,53.347267150878906,53.76732635498047,52.50715255737305,52.71718215942383,34.4907112121582,1822552
STB,STB.OL,2006-08-04,52.71718215942383,53.55729675292969,52.50715255737305,52.92721176147461,34.62812423706055,1485635
STB,STB.OL,2006-08-07,53.137237548828125,53.347267150878906,52.297122955322266,53.137237548828125,34.765533447265625,1420740
STB,STB.OL,2006-08-08,53.55729675292969,53.55729675292969,51.03695297241211,51.457008361816406,33.666229248046875,2596255
STB,STB.OL,2006-08-09,51.87706756591797,52.297122955322266,49.77677917480469,52.08709716796875,34.07847213745117,3458591
STB,STB.OL,2006-08-10,52.08709716796875,52.50715255737305,51.03695297241211,52.08709716796875,34.07847213745117,3450032
STB,STB.OL,2006-08-11,52.297122955322266,53.977352142333984,52.297122955322266,53.76732635498047,35.17778396606445,3600127
STB,STB.OL,2006-08-14,53.76732635498047,54.187381744384766,53.137237548828125,53.76732635498047,35.17778396606445,2965376
STB,STB.OL,2006-08-15,53.76732635498047,53.977352142333984,52.50715255737305,53.55729675292969,35.04035949707031,2247943
STB,STB.OL,2006-08-16,54.187381744384766,54.187381744384766,52.50715255737305,53.55729675292969,35.04035949707031,2471214
STB,STB.OL,2006-08-17,53.55729675292969,53.977352142333984,52.71718215942383,53.76732635498047,35.17778396606445,1658419
STB,STB.OL,2006-08-18,53.977352142333984,53.977352142333984,53.347267150878906,53.76732635498047,35.17778396606445,1803576
STB,STB.OL,2006-08-21,53.347267150878906,54.817466735839844,53.347267150878906,54.60743713378906,35.72742462158203,2241044
STB,STB.OL,2006-08-22,54.60743713378906,55.44755554199219,53.76732635498047,54.39741134643555,35.59001541137695,3100188
STB,STB.OL,2006-08-23,54.39741134643555,54.39741134643555,53.76732635498047,53.977352142333984,35.315189361572266,954754
STB,STB.OL,2006-08-24,53.55729675292969,55.44755554199219,53.137237548828125,54.39741134643555,35.59001541137695,3032023
STB,STB.OL,2006-08-25,54.39741134643555,55.027496337890625,54.187381744384766,54.60743713378906,35.72742462158203,1375306
STB,STB.OL,2006-08-28,54.39741134643555,54.60743713378906,53.977352142333984,54.187381744384766,35.45260238647461,1123007
STB,STB.OL,2006-08-29,54.187381744384766,55.237525939941406,54.187381744384766,54.60743713378906,35.72742462158203,2648139
STB,STB.OL,2006-08-30,54.817466735839844,55.027496337890625,54.60743713378906,54.60743713378906,35.72742462158203,1446844
STB,STB.OL,2006-08-31,55.027496337890625,55.237525939941406,54.39741134643555,55.237525939941406,36.13967514038086,1567775
STB,STB.OL,2006-09-01,55.44755554199219,55.44755554199219,54.60743713378906,55.237525939941406,36.13967514038086,1854729
STB,STB.OL,2006-09-04,55.237525939941406,55.44755554199219,54.817466735839844,55.237525939941406,36.13967514038086,1084523
STB,STB.OL,2006-09-05,55.44755554199219,55.44755554199219,54.817466735839844,55.237525939941406,36.13967514038086,973204
STB,STB.OL,2006-09-06,55.44755554199219,55.44755554199219,53.977352142333984,53.977352142333984,35.315189361572266,1582779
STB,STB.OL,2006-09-07,54.39741134643555,54.817466735839844,53.55729675292969,53.76732635498047,35.17778396606445,3232917
STB,STB.OL,2006-09-08,53.76732635498047,54.60743713378906,53.137237548828125,53.347267150878906,34.9029541015625,3694158
STB,STB.OL,2006-09-11,52.71718215942383,53.137237548828125,52.50715255737305,52.71718215942383,34.4907112121582,1157291
STB,STB.OL,2006-09-12,52.92721176147461,53.977352142333984,52.92721176147461,53.76732635498047,35.17778396606445,2940844
STB,STB.OL,2006-09-13,53.977352142333984,54.187381744384766,53.137237548828125,53.55729675292969,35.04035949707031,1285855
STB,STB.OL,2006-09-14,54.187381744384766,54.817466735839844,53.76732635498047,54.39741134643555,35.59001541137695,2310518
STB,STB.OL,2006-09-15,54.60743713378906,54.817466735839844,53.977352142333984,54.817466735839844,35.864845275878906,3515307
STB,STB.OL,2006-09-18,54.60743713378906,54.817466735839844,53.55729675292969,54.187381744384766,35.45260238647461,1725126
STB,STB.OL,2006-09-19,54.39741134643555,56.077640533447266,54.39741134643555,55.237525939941406,36.13967514038086,3874386
STB,STB.OL,2006-09-20,55.44755554199219,57.757869720458984,55.237525939941406,57.33781051635742,37.5138053894043,4692926
STB,STB.OL,2006-09-21,57.33781051635742,60.48823928833008,57.33781051635742,59.22806930541992,38.750526428222656,7127089
STB,STB.OL,2006-09-22,58.597984313964844,60.27821350097656,58.17792510986328,59.22806930541992,38.750526428222656,4099504
STB,STB.OL,2006-09-25,59.64812469482422,59.64812469482422,57.5478401184082,58.135921478271484,38.035972595214844,349239
STB,STB.OL,2006-09-26,58.38795471191406,58.63998794555664,57.9678955078125,58.219932556152344,38.09093475341797,3299412
STB,STB.OL,2006-09-27,58.38795471191406,59.4801025390625,57.5478401184082,58.135921478271484,38.035972595214844,3333358
STB,STB.OL,2006-09-28,58.97603225708008,59.14405822753906,57.88388442993164,58.05190658569336,37.98100280761719,1974490
STB,STB.OL,2006-09-29,57.79987335205078,58.38795471191406,57.5478401184082,57.88388442993164,37.87107849121094,2607847
STB,STB.OL,2006-10-02,58.05190658569336,58.80801010131836,57.71586227416992,57.9678955078125,37.92604446411133,1836938
STB,STB.OL,2006-10-03,57.04376983642578,57.71586227416992,56.95975875854492,57.5478401184082,37.65121841430664,2016193
STB,STB.OL,2006-10-04,59.0600471496582,60.6562614440918,58.97603225708008,59.73213577270508,39.0803108215332,12009455
STB,STB.OL,2006-10-05,60.90829849243164,62.75654983520508,60.90829849243164,62.75654983520508,41.05906295776367,4976968
STB,STB.OL,2006-10-06,62.67253875732422,62.75654983520508,60.90829849243164,61.07632064819336,39.95975875854492,3700502
STB,STB.OL,2006-10-09,60.90829849243164,61.66440200805664,60.32021713256836,61.07632064819336,39.95975875854492,2841203
STB,STB.OL,2006-10-10,61.24434280395508,63.42864227294922,61.24434280395508,62.9245719909668,41.16899490356445,2221862
STB,STB.OL,2006-10-11,62.252479553222656,62.9245719909668,61.83242416381836,62.08445739746094,40.619346618652344,1334186
STB,STB.OL,2006-10-12,62.08445739746094,62.5045166015625,61.24434280395508,62.42050552368164,40.839202880859375,3426725
STB,STB.OL,2006-10-13,63.008583068847656,64.26875305175781,62.67253875732422,64.26875305175781,42.04843521118164,2908403
STB,STB.OL,2006-10-16,64.43677520751953,64.43677520751953,62.5045166015625,63.59666442871094,41.60871887207031,2228457
STB,STB.OL,2006-10-17,63.42864227294922,63.51265335083008,61.66440200805664,62.1684684753418,40.6743049621582,1263004
STB,STB.OL,2006-10-18,62.84056091308594,64.35276794433594,62.252479553222656,64.35276794433594,42.1034049987793,1953479
STB,STB.OL,2006-10-19,63.008583068847656,65.27689361572266,63.008583068847656,65.10887145996094,42.59809112548828,5549218
STB,STB.OL,2006-10-20,65.5289306640625,66.3690414428711,64.7728271484375,66.03299713134766,43.20270538330078,8382962
STB,STB.OL,2006-10-23,65.86497497558594,65.86497497558594,64.7728271484375,65.5289306640625,42.8729133605957,2287020
STB,STB.OL,2006-10-24,65.6129379272461,65.78096008300781,65.36090087890625,65.69695281982422,42.982852935791016,1558604
STB,STB.OL,2006-10-25,65.5289306640625,65.94898223876953,64.94084930419922,65.5289306640625,42.8729133605957,2462005
STB,STB.OL,2006-10-26,66.87310791015625,66.87310791015625,65.5289306640625,66.3690414428711,43.42257308959961,3178213
STB,STB.OL,2006-10-27,66.11700439453125,66.3690414428711,64.94084930419922,65.44491577148438,42.81794738769531,2864978
STB,STB.OL,2006-10-30,65.44491577148438,66.95712280273438,64.8568344116211,65.44491577148438,42.81794738769531,3067657
STB,STB.OL,2006-10-31,65.02485656738281,65.69695281982422,64.68881225585938,64.7728271484375,42.378231048583984,2728748
STB,STB.OL,2006-11-01,63.848697662353516,67.20915222167969,63.59666442871094,66.62107849121094,43.58747100830078,3639777
STB,STB.OL,2006-11-02,67.04113006591797,67.04113006591797,65.27689361572266,66.20101928710938,43.31264114379883,2901866
STB,STB.OL,2006-11-03,66.20101928710938,67.1251449584961,64.8568344116211,66.3690414428711,43.42257308959961,1045459
STB,STB.OL,2006-11-06,67.04113006591797,69.22543334960938,66.20101928710938,68.30130767822266,44.68677520751953,2739850
STB,STB.OL,2006-11-07,69.14141845703125,69.14141845703125,66.3690414428711,67.20915222167969,43.97221755981445,1762640
STB,STB.OL,2006-11-08,68.46932983398438,68.46932983398438,65.10887145996094,65.44491577148438,42.81794738769531,43055943
STB,STB.OL,2006-11-09,65.27689361572266,66.3690414428711,65.27689361572266,65.36090087890625,42.76298141479492,5499695
STB,STB.OL,2006-11-10,65.44491577148438,66.3690414428711,65.44491577148438,66.20101928710938,43.31264114379883,1996981
STB,STB.OL,2006-11-13,66.70508575439453,66.70508575439453,65.5289306640625,65.5289306640625,42.8729133605957,502289
STB,STB.OL,2006-11-14,65.5289306640625,67.04113006591797,65.5289306640625,66.87310791015625,43.752357482910156,955442
STB,STB.OL,2006-11-15,67.04113006591797,67.04113006591797,66.11700439453125,66.53706359863281,43.53250503540039,1353137
STB,STB.OL,2006-11-16,65.6129379272461,67.20915222167969,65.6129379272461,67.1251449584961,43.91725158691406,1388754
STB,STB.OL,2006-11-17,67.1251449584961,67.20915222167969,65.5289306640625,65.5289306640625,42.8729133605957,1841929
STB,STB.OL,2006-11-20,65.5289306640625,66.62107849121094,65.19287872314453,66.45305633544922,43.4775390625,1119059
STB,STB.OL,2006-11-21,65.94898223876953,67.71322631835938,65.94898223876953,66.70508575439453,43.64242935180664,1888120
STB,STB.OL,2006-11-22,67.37718200683594,67.37718200683594,66.11700439453125,66.3690414428711,43.42257308959961,729930
STB,STB.OL,2006-11-23,67.1251449584961,67.79723358154297,66.87310791015625,67.20915222167969,43.97221755981445,3601762
STB,STB.OL,2006-11-24,67.20915222167969,68.8893814086914,65.94898223876953,67.96525573730469,44.4669075012207,3815558
STB,STB.OL,2006-11-27,67.8812484741211,67.8812484741211,66.20101928710938,66.28502655029297,43.36759948730469,2163033
STB,STB.OL,2006-11-28,66.28502655029297,66.28502655029297,65.44491577148438,65.69695281982422,42.982852935791016,2530124
STB,STB.OL,2006-11-29,65.94898223876953,67.29316711425781,65.78096008300781,67.29316711425781,44.027191162109375,2961585
STB,STB.OL,2006-11-30,67.20915222167969,67.29316711425781,66.3690414428711,66.3690414428711,43.42257308959961,2735074
STB,STB.OL,2006-12-01,66.28502655029297,66.28502655029297,65.10887145996094,65.10887145996094,42.59809112548828,2122664
STB,STB.OL,2006-12-04,65.36090087890625,66.03299713134766,65.27689361572266,65.5289306640625,42.8729133605957,1565689
STB,STB.OL,2006-12-05,66.28502655029297,66.28502655029297,64.8568344116211,64.8568344116211,42.43319320678711,2303259
STB,STB.OL,2006-12-06,65.5289306640625,66.03299713134766,65.10887145996094,65.44491577148438,42.81794738769531,1535777
STB,STB.OL,2006-12-07,65.5289306640625,65.86497497558594,65.27689361572266,65.36090087890625,42.76298141479492,1165351
STB,STB.OL,2006-12-08,65.5289306640625,65.5289306640625,64.8568344116211,65.19287872314453,42.65305709838867,1371878
STB,STB.OL,2006-12-11,65.5289306640625,66.28502655029297,65.36090087890625,65.6129379272461,42.92788314819336,852809
STB,STB.OL,2006-12-12,65.44491577148438,66.95712280273438,64.43677520751953,66.95712280273438,43.80732727050781,1300006
STB,STB.OL,2006-12-13,67.20915222167969,67.20915222167969,66.45305633544922,66.78910064697266,43.69739532470703,1070901
STB,STB.OL,2006-12-14,67.20915222167969,67.46118927001953,66.45305633544922,67.20915222167969,43.97221755981445,897981
STB,STB.OL,2006-12-15,67.20915222167969,67.37718200683594,65.94898223876953,66.3690414428711,43.42257308959961,998254
STB,STB.OL,2006-12-18,66.95712280273438,67.96525573730469,66.45305633544922,67.29316711425781,44.027191162109375,1039377
STB,STB.OL,2006-12-19,67.62921142578125,67.62921142578125,65.27689361572266,65.27689361572266,42.70802307128906,4321706
STB,STB.OL,2006-12-20,65.69695281982422,66.20101928710938,64.52079010009766,64.94084930419922,42.488162994384766,2295776
STB,STB.OL,2006-12-21,65.10887145996094,66.70508575439453,64.8568344116211,66.53706359863281,43.53250503540039,871852
STB,STB.OL,2006-12-22,66.53706359863281,66.95712280273438,66.03299713134766,66.87310791015625,43.752357482910156,453077
STB,STB.OL,2006-12-27,67.04113006591797,67.1251449584961,66.45305633544922,66.95712280273438,43.80732727050781,268508
STB,STB.OL,2006-12-28,66.95712280273438,67.1251449584961,66.20101928710938,66.45305633544922,43.4775390625,314544
STB,STB.OL,2006-12-29,66.45305633544922,67.1251449584961,66.45305633544922,66.62107849121094,43.58747100830078,288998
STB,STB.OL,2007-01-02,66.53706359863281,66.78910064697266,66.03299713134766,66.3690414428711,43.42257308959961,875847
STB,STB.OL,2007-01-03,66.03299713134766,67.20915222167969,66.03299713134766,66.53706359863281,43.53250503540039,1472664
STB,STB.OL,2007-01-04,66.53706359863281,66.62107849121094,65.94898223876953,66.28502655029297,43.36759948730469,3829302
STB,STB.OL,2007-01-05,66.03299713134766,66.70508575439453,65.6129379272461,66.62107849121094,43.58747100830078,1114695
STB,STB.OL,2007-01-08,66.03299713134766,68.04927062988281,66.03299713134766,67.62921142578125,44.24704360961914,990863
STB,STB.OL,2007-01-09,67.20915222167969,68.97339630126953,66.70508575439453,68.97339630126953,45.12649154663086,3593280
STB,STB.OL,2007-01-10,68.46932983398438,69.14141845703125,67.8812484741211,68.55333709716797,44.85166931152344,2591077
STB,STB.OL,2007-01-11,68.55333709716797,71.32571411132812,68.13328552246094,71.32571411132812,46.6655158996582,2590074
STB,STB.OL,2007-01-12,71.07368469238281,71.07368469238281,69.22543334960938,69.56147766113281,45.51125717163086,1972676
STB,STB.OL,2007-01-15,69.56147766113281,72.16583251953125,69.56147766113281,70.98966979980469,46.44566345214844,749485
STB,STB.OL,2007-01-16,70.98966979980469,74.35012817382812,70.98966979980469,71.9137954711914,47.05027770996094,2164966
STB,STB.OL,2007-01-17,72.4178695678711,72.4178695678711,71.1576919555664,71.6617660522461,46.8853874206543,1406328
STB,STB.OL,2007-01-18,72.24983978271484,72.24983978271484,70.4015884399414,71.24170684814453,46.610557556152344,1038319
STB,STB.OL,2007-01-19,70.56961059570312,72.33385467529297,70.31758117675781,71.57775115966797,46.830413818359375,1196539
STB,STB.OL,2007-01-22,71.40972900390625,73.59402465820312,71.40972900390625,72.33385467529297,47.325103759765625,781407
STB,STB.OL,2007-01-23,73.4260025024414,73.4260025024414,70.56961059570312,71.32571411132812,46.6655158996582,908723
STB,STB.OL,2007-01-24,71.6617660522461,72.58589172363281,70.82164764404297,72.58589172363281,47.4900016784668,1424072
STB,STB.OL,2007-01-25,72.6698989868164,73.08995819091797,71.49373626708984,72.08181762695312,47.16020584106445,1325746
STB,STB.OL,2007-01-26,71.82978820800781,71.82978820800781,70.98966979980469,71.07368469238281,46.5006217956543,1437487
STB,STB.OL,2007-01-29,71.07368469238281,71.99781036376953,70.56961059570312,71.32571411132812,46.6655158996582,2242180
STB,STB.OL,2007-01-30,71.40972900390625,71.40972900390625,69.98153686523438,70.56961059570312,46.17082595825195,1403964
STB,STB.OL,2007-01-31,70.4015884399414,70.98966979980469,70.31758117675781,70.73764038085938,46.28076934814453,1551790
STB,STB.OL,2007-02-01,71.82978820800781,71.9137954711914,71.32571411132812,71.9137954711914,47.05027770996094,3413259
STB,STB.OL,2007-02-02,71.40972900390625,73.25798034667969,71.40972900390625,73.25798034667969,47.929710388183594,4160193
STB,STB.OL,2007-02-05,73.59402465820312,73.59402465820312,71.99781036376953,72.08181762695312,47.16020584106445,1804179
STB,STB.OL,2007-02-06,72.24983978271484,73.08995819091797,71.6617660522461,72.33385467529297,47.325103759765625,2070920
STB,STB.OL,2007-02-07,72.4178695678711,72.4178695678711,69.89752197265625,70.48560333251953,46.11587905883789,4207594
STB,STB.OL,2007-02-08,70.4015884399414,71.40972900390625,70.1495590209961,70.82164764404297,46.335731506347656,2084665
STB,STB.OL,2007-02-09,71.49373626708984,71.49373626708984,69.89752197265625,69.89752197265625,45.731109619140625,1655619
STB,STB.OL,2007-02-12,69.89752197265625,70.4015884399414,69.14141845703125,69.14141845703125,45.236419677734375,1257829
STB,STB.OL,2007-02-13,68.8893814086914,70.1495590209961,68.30130767822266,70.1495590209961,45.89601135253906,2309873
STB,STB.OL,2007-02-14,72.16583251953125,72.24983978271484,71.32571411132812,71.82978820800781,46.99531173706055,7492843
STB,STB.OL,2007-02-15,72.16583251953125,72.4178695678711,71.32571411132812,72.24983978271484,47.2701301574707,3590496
STB,STB.OL,2007-02-16,71.99781036376953,73.67803955078125,71.99781036376953,73.67803955078125,48.204551696777344,2649753
STB,STB.OL,2007-02-19,74.85419464111328,75.10623168945312,73.00594329833984,73.34199523925781,47.98469924926758,2438949
STB,STB.OL,2007-02-20,73.93006896972656,73.93006896972656,72.4178695678711,72.6698989868164,47.544960021972656,2315161
STB,STB.OL,2007-02-21,72.6698989868164,73.4260025024414,72.58589172363281,73.08995819091797,47.819793701171875,880577
STB,STB.OL,2007-02-22,72.92193603515625,73.4260025024414,71.82978820800781,71.82978820800781,46.99531173706055,1464699
STB,STB.OL,2007-02-23,72.24983978271484,72.50187683105469,71.74577331542969,71.74577331542969,46.94034957885742,1696356
STB,STB.OL,2007-02-26,71.57775115966797,72.58589172363281,71.57775115966797,72.24983978271484,47.2701301574707,976071
STB,STB.OL,2007-02-27,72.33385467529297,72.33385467529297,68.97339630126953,69.30944061279297,45.34635543823242,2057137
STB,STB.OL,2007-02-28,67.20915222167969,68.8893814086914,65.69695281982422,68.6373519897461,44.90663528442383,2968837
STB,STB.OL,2007-03-01,67.96525573730469,71.07368469238281,67.20915222167969,68.46932983398438,44.796695709228516,3608421
STB,STB.OL,2007-03-02,70.56961059570312,70.56961059570312,67.62921142578125,68.13328552246094,44.576839447021484,1731296
STB,STB.OL,2007-03-05,66.3690414428711,67.20915222167969,65.69695281982422,67.20915222167969,43.97221755981445,2844862
STB,STB.OL,2007-03-06,67.37718200683594,68.55333709716797,67.04113006591797,67.46118927001953,44.13711166381836,1725451
STB,STB.OL,2007-03-07,68.6373519897461,69.05741119384766,65.19287872314453,67.29316711425781,44.027191162109375,3187771
STB,STB.OL,2007-03-08,68.04927062988281,72.33385467529297,68.04927062988281,70.48560333251953,46.11587905883789,3795429
STB,STB.OL,2007-03-09,70.56961059570312,72.16583251953125,70.23356628417969,71.57775115966797,46.830413818359375,2615773
STB,STB.OL,2007-03-12,72.24983978271484,72.33385467529297,71.24170684814453,71.57775115966797,46.830413818359375,1973878
STB,STB.OL,2007-03-13,71.82978820800781,72.24983978271484,70.06554412841797,70.82164764404297,46.335731506347656,1566740
STB,STB.OL,2007-03-14,66.78910064697266,69.98153686523438,66.53706359863281,69.81351470947266,45.676151275634766,2161082
STB,STB.OL,2007-03-15,69.81351470947266,70.98966979980469,69.56147766113281,70.56961059570312,46.17082595825195,1777372
STB,STB.OL,2007-03-16,71.07368469238281,71.24170684814453,69.98153686523438,71.24170684814453,46.610557556152344,1412370
STB,STB.OL,2007-03-19,71.07368469238281,74.01408386230469,70.98966979980469,73.51001739501953,48.0946159362793,1556574
STB,STB.OL,2007-03-20,77.79460144042969,83.50737762451172,77.03849792480469,82.583251953125,54.0308723449707,9352697
STB,STB.OL,2007-03-21,80.65098571777344,83.84342193603516,80.65098571777344,81.32308197021484,53.206382751464844,10806362
STB,STB.OL,2007-03-22,81.49110412597656,83.33935546875,81.49110412597656,83.00331115722656,54.305702209472656,5743160
STB,STB.OL,2007-03-23,82.41522979736328,83.84342193603516,81.99517059326172,83.17133331298828,54.41563034057617,1480148
STB,STB.OL,2007-03-26,81.9111557006836,83.08731842041016,81.8271484375,82.41522979736328,53.92094039916992,2281815
STB,STB.OL,2007-03-27,82.41522979736328,83.17133331298828,81.32308197021484,81.49110412597656,53.31631851196289,1547367
STB,STB.OL,2007-03-28,80.73500061035156,81.40708923339844,79.97889709472656,80.98703002929688,52.98653030395508,3729384
STB,STB.OL,2007-03-29,80.73500061035156,83.17133331298828,80.23092651367188,83.08731842041016,54.360660552978516,1582063
STB,STB.OL,2007-03-30,81.23906707763672,83.08731842041016,81.23906707763672,81.8271484375,53.53618621826172,694886
STB,STB.OL,2007-04-02,83.17133331298828,83.59138488769531,82.24720764160156,83.17133331298828,54.41563034057617,827772
STB,STB.OL,2007-04-03,82.24720764160156,83.33935546875,82.16319274902344,82.75127410888672,54.14080047607422,3162025
STB,STB.OL,2007-04-04,82.75127410888672,82.75127410888672,81.8271484375,82.49923706054688,53.97589874267578,2648914
STB,STB.OL,2007-04-10,82.33121490478516,84.8515625,82.07918548583984,84.01144409179688,54.96527862548828,1403731
STB,STB.OL,2007-04-11,84.01144409179688,85.6916732788086,83.75941467285156,85.06158447265625,55.65234375,6667502
STB,STB.OL,2007-04-12,84.22147369384766,85.6916732788086,84.01144409179688,85.27161407470703,55.789764404296875,3555680
STB,STB.OL,2007-04-13,85.6916732788086,87.79196166992188,85.06158447265625,86.95184326171875,56.88905715942383,5591236
STB,STB.OL,2007-04-16,85.90170288085938,87.16187286376953,85.6916732788086,86.95184326171875,56.88905715942383,2249057
STB,STB.OL,2007-04-17,86.95184326171875,88.63207244873047,86.53179168701172,86.95184326171875,56.88905715942383,2787357
STB,STB.OL,2007-04-18,86.11173248291016,87.79196166992188,85.6916732788086,87.16187286376953,57.02647018432617,2737153
STB,STB.OL,2007-04-19,87.16187286376953,87.16187286376953,84.01144409179688,86.32176208496094,56.476810455322266,4321992
STB,STB.OL,2007-04-20,86.53179168701172,87.37190246582031,86.53179168701172,86.95184326171875,56.88905715942383,9618963
STB,STB.OL,2007-04-23,87.37190246582031,88.00199127197266,86.32176208496094,87.37190246582031,57.163883209228516,1447924
STB,STB.OL,2007-04-24,86.53179168701172,87.16187286376953,85.27161407470703,85.6916732788086,56.06459045410156,3389708
STB,STB.OL,2007-04-25,86.11173248291016,86.53179168701172,85.27161407470703,85.90170288085938,56.202003479003906,3503017
STB,STB.OL,2007-04-26,86.53179168701172,86.53179168701172,84.64153289794922,85.48164367675781,56.929344177246094,1089387
STB,STB.OL,2007-04-27,86.53179168701172,86.53179168701172,84.43150329589844,84.8515625,56.509735107421875,994510
STB,STB.OL,2007-04-30,83.75941467285156,86.11173248291016,83.75941467285156,85.48164367675781,56.929344177246094,794066
STB,STB.OL,2007-05-02,85.90170288085938,86.53179168701172,83.84342193603516,85.6916732788086,57.06923294067383,5533318
STB,STB.OL,2007-05-03,83.17133331298828,86.32176208496094,83.08731842041016,85.6916732788086,57.06923294067383,2317444
STB,STB.OL,2007-05-04,86.53179168701172,87.37190246582031,85.27161407470703,87.37190246582031,58.18822479248047,1309241
STB,STB.OL,2007-05-07,86.11173248291016,87.16187286376953,85.48164367675781,86.74181365966797,57.76860046386719,534835
STB,STB.OL,2007-05-08,85.90170288085938,86.32176208496094,85.48164367675781,85.6916732788086,57.06923294067383,885390
STB,STB.OL,2007-05-09,85.6916732788086,85.90170288085938,84.43150329589844,85.48164367675781,56.929344177246094,968041
STB,STB.OL,2007-05-10,86.53179168701172,86.74181365966797,85.6916732788086,85.90170288085938,57.209110260009766,8919692
STB,STB.OL,2007-05-11,84.43150329589844,86.53179168701172,84.01144409179688,84.8515625,56.509735107421875,4820669
STB,STB.OL,2007-05-14,85.90170288085938,85.90170288085938,83.67539978027344,84.22147369384766,56.0900993347168,661733
STB,STB.OL,2007-05-15,83.4233627319336,84.43150329589844,82.33121490478516,84.01144409179688,55.95022201538086,1818024
STB,STB.OL,2007-05-16,83.33935546875,84.8515625,83.33935546875,84.01144409179688,55.95022201538086,853440
STB,STB.OL,2007-05-18,84.64153289794922,85.06158447265625,82.75127410888672,82.75127410888672,55.11096954345703,882699
STB,STB.OL,2007-05-21,82.49923706054688,83.59138488769531,80.39895629882812,80.73500061035156,53.768165588378906,1967510
STB,STB.OL,2007-05-22,80.81900787353516,82.583251953125,80.81900787353516,82.16319274902344,54.71931076049805,1157124
STB,STB.OL,2007-05-23,82.49923706054688,82.49923706054688,81.23906707763672,81.99517059326172,54.607421875,841357
STB,STB.OL,2007-05-24,81.071044921875,81.49110412597656,78.55069732666016,79.558837890625,52.98485565185547,4213513
STB,STB.OL,2007-05-25,79.558837890625,79.558837890625,77.45854949951172,78.97075653076172,52.59320831298828,1606032
STB,STB.OL,2007-05-29,79.4748306274414,79.81087493896484,78.97075653076172,79.81087493896484,53.152706146240234,1613387
STB,STB.OL,2007-05-30,80.06290435791016,80.39895629882812,76.534423828125,78.29866790771484,52.14561080932617,4255267
STB,STB.OL,2007-05-31,79.72686004638672,80.23092651367188,78.7187271118164,79.81087493896484,53.152706146240234,2036242
STB,STB.OL,2007-06-01,78.97075653076172,80.14691925048828,78.97075653076172,79.72686004638672,53.09675979614258,1366642
STB,STB.OL,2007-06-04,78.55069732666016,79.39081573486328,77.45854949951172,77.62657165527344,51.697994232177734,1346723
STB,STB.OL,2007-06-05,77.62657165527344,78.7187271118164,76.87047576904297,77.37454223632812,51.530147552490234,1468280
STB,STB.OL,2007-06-06,77.12250518798828,77.9626235961914,75.10623168945312,76.4504165649414,50.914703369140625,979021
STB,STB.OL,2007-06-07,76.78646087646484,77.62657165527344,74.9382095336914,76.78646087646484,51.13850784301758,1198273
STB,STB.OL,2007-06-08,75.6943130493164,76.03035736083984,74.09809875488281,75.7783203125,50.46710205078125,1246877
STB,STB.OL,2007-06-11,76.03035736083984,77.2065200805664,75.61029815673828,76.70244598388672,51.082550048828125,545538
STB,STB.OL,2007-06-12,76.70244598388672,76.70244598388672,75.19024658203125,75.19024658203125,50.07544708251953,846362
STB,STB.OL,2007-06-13,74.77018737792969,77.29052734375,74.77018737792969,76.78646087646484,51.13850784301758,1043595
STB,STB.OL,2007-06-14,78.046630859375,78.29866790771484,76.03035736083984,76.534423828125,50.97064971923828,638048
STB,STB.OL,2007-06-15,76.87047576904297,78.97075653076172,76.87047576904297,78.13064575195312,52.033714294433594,1604184
STB,STB.OL,2007-06-18,77.79460144042969,78.88674926757812,77.54256439208984,77.79460144042969,51.809913635253906,384934
STB,STB.OL,2007-06-19,78.63471221923828,80.06290435791016,76.19837951660156,77.29052734375,51.47420883178711,1482119
STB,STB.OL,2007-06-20,78.97075653076172,81.8271484375,77.12250518798828,79.30680084228516,52.81700134277344,3083187
STB,STB.OL,2007-06-21,80.14691925048828,80.14691925048828,77.9626235961914,78.802734375,52.48130416870117,1613561
STB,STB.OL,2007-06-22,78.802734375,79.4748306274414,75.94634246826172,77.62657165527344,51.697994232177734,1571588
STB,STB.OL,2007-06-25,75.19024658203125,79.05477142333984,75.19024658203125,78.46669006347656,52.257503509521484,1395017
STB,STB.OL,2007-06-26,78.13064575195312,78.63471221923828,77.29052734375,78.13064575195312,52.033714294433594,739298
STB,STB.OL,2007-06-27,77.45854949951172,77.71058654785156,76.19837951660156,76.70244598388672,51.082550048828125,893447
STB,STB.OL,2007-06-28,76.87047576904297,78.63471221923828,76.87047576904297,77.87860870361328,51.8658561706543,872722
STB,STB.OL,2007-06-29,77.45854949951172,77.87860870361328,76.87047576904297,77.37454223632812,51.530147552490234,960955
STB,STB.OL,2007-07-02,77.71058654785156,78.55069732666016,77.29052734375,77.79460144042969,51.809913635253906,960661
STB,STB.OL,2007-07-03,78.46669006347656,79.39081573486328,78.21465301513672,78.88674926757812,52.537261962890625,1530687
STB,STB.OL,2007-07-04,79.64285278320312,79.72686004638672,78.88674926757812,79.558837890625,52.98485565185547,1184870
STB,STB.OL,2007-07-05,80.65098571777344,80.65098571777344,78.55069732666016,78.55069732666016,52.3134651184082,457601
STB,STB.OL,2007-07-06,77.79460144042969,78.55069732666016,77.45854949951172,77.71058654785156,51.75395202636719,695621
STB,STB.OL,2007-07-09,78.21465301513672,78.97075653076172,77.71058654785156,78.13064575195312,52.033714294433594,518941
STB,STB.OL,2007-07-10,77.71058654785156,78.29866790771484,76.70244598388672,77.29052734375,51.47420883178711,511826
STB,STB.OL,2007-07-11,76.4504165649414,76.4504165649414,74.9382095336914,75.61029815673828,50.35519790649414,1829679
STB,STB.OL,2007-07-12,76.28239440917969,76.78646087646484,75.61029815673828,76.28239440917969,50.80280303955078,1225505
STB,STB.OL,2007-07-13,76.70244598388672,79.81087493896484,76.61843872070312,78.97075653076172,52.59320831298828,1195507
STB,STB.OL,2007-07-16,80.65098571777344,80.65098571777344,78.38267517089844,79.39081573486328,52.872962951660156,402554
STB,STB.OL,2007-07-17,78.29866790771484,80.14691925048828,78.29866790771484,79.30680084228516,52.81700134277344,1016866
STB,STB.OL,2007-07-18,77.79460144042969,79.13877868652344,77.79460144042969,78.97075653076172,52.59320831298828,430549
STB,STB.OL,2007-07-19,79.558837890625,79.558837890625,78.55069732666016,79.39081573486328,52.872962951660156,734448
STB,STB.OL,2007-07-20,79.39081573486328,79.558837890625,77.45854949951172,78.13064575195312,52.033714294433594,1370752
STB,STB.OL,2007-07-23,77.71058654785156,79.558837890625,77.71058654785156,78.97075653076172,52.59320831298828,368053
STB,STB.OL,2007-07-24,78.55069732666016,79.81087493896484,77.12250518798828,77.79460144042969,51.809913635253906,644971
STB,STB.OL,2007-07-25,77.71058654785156,78.46669006347656,76.70244598388672,78.21465301513672,52.08965301513672,382739
STB,STB.OL,2007-07-26,79.39081573486328,79.64285278320312,74.51815032958984,75.44227600097656,50.24330139160156,1088606
STB,STB.OL,2007-07-27,73.25798034667969,75.61029815673828,72.6698989868164,74.35012817382812,49.51594924926758,1005995
STB,STB.OL,2007-07-30,73.67803955078125,74.85419464111328,72.50187683105469,73.17396545410156,48.73263931274414,1377700
STB,STB.OL,2007-07-31,74.26612091064453,76.87047576904297,73.4260025024414,74.60216522216797,49.683799743652344,757349
STB,STB.OL,2007-08-01,73.93006896972656,73.93006896972656,72.83792114257812,73.34199523925781,48.84455490112305,1215967
STB,STB.OL,2007-08-02,75.61029815673828,79.39081573486328,75.61029815673828,78.38267517089844,52.20155715942383,3616050
STB,STB.OL,2007-08-03,79.39081573486328,79.39081573486328,76.534423828125,77.71058654785156,51.75395202636719,1182186
STB,STB.OL,2007-08-06,76.19837951660156,77.54256439208984,75.61029815673828,76.4504165649414,50.914703369140625,699349
STB,STB.OL,2007-08-07,77.12250518798828,79.22279357910156,77.12250518798828,78.13064575195312,52.033714294433594,1136518
STB,STB.OL,2007-08-08,81.74313354492188,82.75127410888672,80.56697845458984,81.071044921875,53.99196243286133,3522258
STB,STB.OL,2007-08-09,82.16319274902344,83.67539978027344,79.72686004638672,81.071044921875,53.99196243286133,2749109
STB,STB.OL,2007-08-10,77.71058654785156,82.6672592163086,77.45854949951172,78.55069732666016,52.3134651184082,2627638
STB,STB.OL,2007-08-13,78.88674926757812,80.65098571777344,77.12250518798828,78.55069732666016,52.3134651184082,1716862
STB,STB.OL,2007-08-14,77.87860870361328,78.21465301513672,76.70244598388672,76.87047576904297,51.194454193115234,4800135
STB,STB.OL,2007-08-15,75.61029815673828,76.36640167236328,74.01408386230469,75.61029815673828,50.35519790649414,2307145
STB,STB.OL,2007-08-16,73.93006896972656,74.60216522216797,71.82978820800781,73.84606170654297,49.18025207519531,1544365
STB,STB.OL,2007-08-17,72.4178695678711,77.79460144042969,71.49373626708984,76.28239440917969,50.80280303955078,3656552
STB,STB.OL,2007-08-20,77.71058654785156,78.55069732666016,75.86233520507812,77.2065200805664,51.41825485229492,1971437
STB,STB.OL,2007-08-21,76.87047576904297,77.03849792480469,74.1821060180664,75.27425384521484,50.13140106201172,979566
STB,STB.OL,2007-08-22,76.28239440917969,76.36640167236328,74.77018737792969,75.19024658203125,50.07544708251953,3315091
STB,STB.OL,2007-08-23,76.28239440917969,76.28239440917969,75.02222442626953,75.10623168945312,50.01949691772461,1101780
STB,STB.OL,2007-08-24,73.93006896972656,74.9382095336914,73.51001739501953,74.26612091064453,49.45999526977539,1084671
STB,STB.OL,2007-08-27,74.77018737792969,75.44227600097656,74.60216522216797,75.27425384521484,50.13140106201172,672152
STB,STB.OL,2007-08-28,75.35826873779297,75.35826873779297,73.51001739501953,73.59402465820312,49.012393951416016,607805
STB,STB.OL,2007-08-29,73.17396545410156,73.76204681396484,70.82164764404297,72.6698989868164,48.39693832397461,1707958
STB,STB.OL,2007-08-30,75.61029815673828,75.61029815673828,72.75391387939453,73.76204681396484,49.12428665161133,1326476
STB,STB.OL,2007-08-31,75.35826873779297,75.6943130493164,73.34199523925781,75.35826873779297,50.187355041503906,1239091
STB,STB.OL,2007-09-03,73.25798034667969,73.25798034667969,69.3934555053711,69.47746276855469,46.27083206176758,3268426
STB,STB.OL,2007-09-04,69.56147766113281,71.24170684814453,69.05741119384766,71.1576919555664,47.38983917236328,3341460
STB,STB.OL,2007-09-05,71.99781036376953,72.83792114257812,71.24170684814453,71.6617660522461,47.72554397583008,2164093
STB,STB.OL,2007-09-06,72.24983978271484,72.24983978271484,70.06554412841797,70.98966979980469,47.2779426574707,1268424
STB,STB.OL,2007-09-07,70.4015884399414,71.57775115966797,68.30130767822266,69.3934555053711,46.21488571166992,2114677
STB,STB.OL,2007-09-10,69.14141845703125,70.06554412841797,68.04927062988281,69.22543334960938,46.10298538208008,793540
STB,STB.OL,2007-09-11,69.98153686523438,71.6617660522461,69.05741119384766,71.57775115966797,47.669586181640625,1689786
STB,STB.OL,2007-09-12,71.49373626708984,71.49373626708984,69.81351470947266,70.48560333251953,46.94224548339844,930824
STB,STB.OL,2007-09-13,70.4015884399414,71.1576919555664,70.23356628417969,70.56961059570312,46.9981803894043,1250015
STB,STB.OL,2007-09-14,70.4015884399414,70.56961059570312,69.47746276855469,70.1495590209961,46.718441009521484,1547440
STB,STB.OL,2007-09-17,69.6454849243164,70.23356628417969,69.3934555053711,70.1495590209961,46.718441009521484,459175
STB,STB.OL,2007-09-18,70.65362548828125,71.82978820800781,69.72949981689453,71.40972900390625,47.55768966674805,755680
STB,STB.OL,2007-09-19,72.24983978271484,73.34199523925781,71.57775115966797,72.08181762695312,48.005287170410156,1238221
STB,STB.OL,2007-09-20,72.6698989868164,72.6698989868164,70.9056625366211,71.1576919555664,47.38983917236328,700243
STB,STB.OL,2007-09-21,70.98966979980469,70.98966979980469,70.06554412841797,70.23356628417969,46.774391174316406,768782
STB,STB.OL,2007-09-24,70.56961059570312,70.98966979980469,69.72949981689453,69.72949981689453,46.438682556152344,796256
STB,STB.OL,2007-09-25,70.73764038085938,70.98966979980469,69.81351470947266,70.23356628417969,46.774391174316406,607474
STB,STB.OL,2007-09-26,70.9056625366211,70.98966979980469,70.1495590209961,70.31758117675781,46.83033752441406,559080
STB,STB.OL,2007-09-27,70.98966979980469,70.98966979980469,70.06554412841797,70.65362548828125,47.054134368896484,1321000
STB,STB.OL,2007-09-28,70.1495590209961,70.98966979980469,70.06554412841797,70.4015884399414,46.88628005981445,564113
STB,STB.OL,2007-10-01,69.98153686523438,70.98966979980469,69.47746276855469,70.98966979980469,47.2779426574707,679515
STB,STB.OL,2007-10-02,71.24170684814453,73.34199523925781,70.98966979980469,72.92193603515625,48.564796447753906,11839028
STB,STB.OL,2007-10-03,73.51001739501953,74.35012817382812,72.83792114257812,73.51001739501953,48.95643997192383,1287057
STB,STB.OL,2007-10-04,73.51001739501953,77.9626235961914,73.51001739501953,76.03035736083984,50.634952545166016,3922861
STB,STB.OL,2007-10-05,77.71058654785156,77.71058654785156,73.17396545410156,73.93006896972656,49.23619842529297,1377762
STB,STB.OL,2007-10-08,73.4260025024414,75.27425384521484,73.17396545410156,74.35012817382812,49.51594924926758,862044
STB,STB.OL,2007-10-09,73.17396545410156,74.35012817382812,72.6698989868164,74.01408386230469,49.292144775390625,2116444
STB,STB.OL,2007-10-10,73.51001739501953,74.77018737792969,72.83792114257812,73.93006896972656,49.23619842529297,5032114
STB,STB.OL,2007-10-11,73.67803955078125,76.534423828125,73.67803955078125,74.01408386230469,49.292144775390625,1072381
STB,STB.OL,2007-10-12,73.67803955078125,75.19024658203125,73.59402465820312,75.19024658203125,50.07544708251953,2594503
STB,STB.OL,2007-10-15,75.10623168945312,75.52629089355469,73.93006896972656,74.09809875488281,49.34809875488281,1029171
STB,STB.OL,2007-10-16,73.93006896972656,74.68617248535156,70.23356628417969,70.98966979980469,47.2779426574707,2401990
STB,STB.OL,2007-10-17,69.56147766113281,70.73764038085938,68.30130767822266,69.72949981689453,46.438682556152344,2924497
STB,STB.OL,2007-10-18,69.72949981689453,70.06554412841797,68.38531494140625,68.72135925292969,45.76728057861328,1504975
STB,STB.OL,2007-10-19,68.8893814086914,69.72949981689453,67.62921142578125,68.80537414550781,45.82322692871094,2987531
STB,STB.OL,2007-10-22,68.13328552246094,68.80537414550781,67.29316711425781,68.80537414550781,45.82322692871094,1896546
STB,STB.OL,2007-10-23,68.13328552246094,69.56147766113281,68.04927062988281,69.56147766113281,46.32678985595703,2190058
STB,STB.OL,2007-10-24,69.56147766113281,69.81351470947266,68.46932983398438,68.72135925292969,45.76728057861328,997099
STB,STB.OL,2007-10-25,67.71322631835938,68.80537414550781,67.37718200683594,68.04927062988281,45.319679260253906,1233372
STB,STB.OL,2007-10-26,67.46118927001953,67.96525573730469,65.44491577148438,65.86497497558594,43.86497116088867,1688448
STB,STB.OL,2007-10-29,66.87310791015625,67.54520416259766,66.03299713134766,67.04113006591797,44.648277282714844,1266204
STB,STB.OL,2007-10-30,67.1251449584961,67.20915222167969,65.6129379272461,66.53706359863281,44.31258010864258,2664020
STB,STB.OL,2007-10-31,66.53706359863281,66.62107849121094,63.59666442871094,64.35276794433594,42.857872009277344,3110483
STB,STB.OL,2007-11-01,64.35276794433594,64.7728271484375,63.6806755065918,64.26875305175781,42.801918029785156,1320140
STB,STB.OL,2007-11-02,65.36090087890625,65.36090087890625,63.51265335083008,64.26875305175781,42.801918029785156,1140581
STB,STB.OL,2007-11-05,63.59666442871094,64.26875305175781,63.51265335083008,64.0167236328125,42.634071350097656,743901
STB,STB.OL,2007-11-06,64.68881225585938,65.10887145996094,63.848697662353516,64.68881225585938,43.08167266845703,920961
STB,STB.OL,2007-11-07,65.10887145996094,65.5289306640625,62.67253875732422,62.9245719909668,41.90671920776367,2691261
STB,STB.OL,2007-11-08,60.6562614440918,62.336490631103516,59.90016174316406,61.83242416381836,41.17936706542969,1911788
STB,STB.OL,2007-11-09,62.9245719909668,62.9245719909668,58.135921478271484,59.64812469482422,39.72465133666992,1705125
STB,STB.OL,2007-11-12,58.89202117919922,59.98417282104492,57.79987335205078,57.79987335205078,38.493751525878906,1783989
STB,STB.OL,2007-11-13,56.95975875854492,59.98417282104492,56.28766632080078,59.14405822753906,39.388954162597656,1488450
STB,STB.OL,2007-11-14,60.2362060546875,60.40422821044922,58.3039436340332,58.80801010131836,39.165157318115234,1561199
STB,STB.OL,2007-11-15,59.4801025390625,59.8161506652832,58.80801010131836,59.39609146118164,39.556800842285156,1442195
STB,STB.OL,2007-11-16,59.0600471496582,59.0600471496582,57.63185119628906,58.3039436340332,38.8294563293457,1907712
STB,STB.OL,2007-11-19,57.379817962646484,59.14405822753906,55.867610931396484,58.63998794555664,39.05324935913086,3008848
STB,STB.OL,2007-11-20,59.900001525878906,59.900001525878906,53.0,54.599998474121094,36.362693786621094,3127554
STB,STB.OL,2007-11-21,54.29999923706055,56.400001525878906,51.70000076293945,55.20000076293945,36.76227951049805,3701337
STB,STB.OL,2007-11-22,56.0,56.70000076293945,53.900001525878906,56.599998474121094,37.69466018676758,1880563
STB,STB.OL,2007-11-23,56.29999923706055,62.5,56.0,62.099998474121094,41.35756301879883,5924463
STB,STB.OL,2007-11-26,62.70000076293945,65.0,61.70000076293945,64.19999694824219,42.75613021850586,3835054
STB,STB.OL,2007-11-27,63.400001525878906,63.900001525878906,60.5,61.20000076293945,40.758182525634766,3546687
STB,STB.OL,2007-11-28,61.5,62.20000076293945,60.599998474121094,61.0,40.62498092651367,2918484
STB,STB.OL,2007-11-29,61.20000076293945,61.400001525878906,58.79999923706055,59.70000076293945,39.75920867919922,2774119
STB,STB.OL,2007-11-30,59.5,62.0,59.5,62.0,41.29096603393555,4030825
STB,STB.OL,2007-12-03,61.099998474121094,62.400001525878906,57.79999923706055,59.0,39.29301834106445,3452437
STB,STB.OL,2007-12-04,59.0,59.400001525878906,56.599998474121094,57.400001525878906,38.22745132446289,1715843
STB,STB.OL,2007-12-05,57.0,58.20000076293945,55.5,56.0,37.29507064819336,5391742
STB,STB.OL,2007-12-06,56.79999923706055,56.900001525878906,53.29999923706055,56.900001525878906,37.89445495605469,8098579
STB,STB.OL,2007-12-07,57.0,61.900001525878906,56.0,61.599998474121094,41.024574279785156,6785811
STB,STB.OL,2007-12-10,62.400001525878906,62.70000076293945,58.29999923706055,61.400001525878906,40.89137649536133,5486308
STB,STB.OL,2007-12-11,62.29999923706055,62.400001525878906,59.900001525878906,60.900001525878906,40.558387756347656,2831944
STB,STB.OL,2007-12-12,59.099998474121094,62.400001525878906,59.0,61.5,40.957977294921875,3027911
STB,STB.OL,2007-12-13,60.400001525878906,61.400001525878906,60.0,61.0,40.62498092651367,1234423
STB,STB.OL,2007-12-14,61.5,61.5,57.79999923706055,59.70000076293945,39.75920867919922,3193380
STB,STB.OL,2007-12-17,58.79999923706055,58.79999923706055,57.20000076293945,58.20000076293945,38.760231018066406,1450455
STB,STB.OL,2007-12-18,58.29999923706055,61.099998474121094,58.099998474121094,59.099998474121094,39.35961151123047,1807563
STB,STB.OL,2007-12-19,59.400001525878906,60.099998474121094,58.400001525878906,59.599998474121094,39.69260787963867,1522717
STB,STB.OL,2007-12-20,59.79999923706055,59.900001525878906,57.29999923706055,57.29999923706055,38.160850524902344,1620584
STB,STB.OL,2007-12-21,58.20000076293945,58.29999923706055,56.400001525878906,57.70000076293945,38.42723846435547,2152302
STB,STB.OL,2007-12-27,57.5,59.0,57.400001525878906,57.400001525878906,38.22745132446289,1029932
STB,STB.OL,2007-12-28,56.900001525878906,57.70000076293945,56.099998474121094,56.70000076293945,37.761253356933594,1949298
STB,STB.OL,2008-01-02,57.5,58.20000076293945,56.79999923706055,57.099998474121094,38.02764892578125,1174744
STB,STB.OL,2008-01-03,56.400001525878906,56.900001525878906,55.599998474121094,56.5,37.62805938720703,1304394
STB,STB.OL,2008-01-04,57.5,58.29999923706055,54.0,54.400001525878906,36.2294921875,3000367
STB,STB.OL,2008-01-07,53.70000076293945,54.29999923706055,51.5,51.5,34.29813766479492,2639096
STB,STB.OL,2008-01-08,51.900001525878906,52.70000076293945,51.20000076293945,52.400001525878906,34.897525787353516,1653223
STB,STB.OL,2008-01-09,51.900001525878906,51.900001525878906,48.599998474121094,50.0,33.29916763305664,3046865
STB,STB.OL,2008-01-10,51.0,51.5,46.75,47.349998474121094,31.5343074798584,3159032
STB,STB.OL,2008-01-11,47.599998474121094,49.0,46.20000076293945,47.400001525878906,31.567609786987305,2472970
STB,STB.OL,2008-01-14,47.29999923706055,48.5,45.29999923706055,48.5,32.300193786621094,3105908
STB,STB.OL,2008-01-15,48.45000076293945,48.79999923706055,46.54999923706055,47.0,31.30121612548828,2677656
STB,STB.OL,2008-01-16,46.0,46.5,43.20000076293945,43.5,28.970272064208984,4534904
STB,STB.OL,2008-01-17,44.349998474121094,49.95000076293945,43.70000076293945,46.900001525878906,31.234619140625,6107172
STB,STB.OL,2008-01-18,46.099998474121094,46.900001525878906,44.5,45.29999923706055,30.169042587280273,3903494
STB,STB.OL,2008-01-21,44.29999923706055,44.29999923706055,39.75,40.04999923706055,26.67263412475586,2922527
STB,STB.OL,2008-01-22,38.0,42.25,36.099998474121094,42.25,28.137794494628906,6569115
STB,STB.OL,2008-01-23,44.5,45.5,37.5,39.04999923706055,26.006650924682617,4565150
STB,STB.OL,2008-01-24,41.45000076293945,45.349998474121094,40.900001525878906,43.900001525878906,29.236669540405273,7019465
STB,STB.OL,2008-01-25,45.45000076293945,45.599998474121094,43.5,44.54999923706055,29.6695556640625,2428846
STB,STB.OL,2008-01-28,42.849998474121094,44.75,42.29999923706055,44.20000076293945,29.43646240234375,1977927
STB,STB.OL,2008-01-29,45.95000076293945,45.95000076293945,44.79999923706055,45.54999923706055,30.335538864135742,2488036
STB,STB.OL,2008-01-30,47.75,49.900001525878906,45.5,46.0,30.63523292541504,3224468
STB,STB.OL,2008-01-31,46.099998474121094,46.099998474121094,42.54999923706055,43.099998474121094,28.703882217407227,2917348
STB,STB.OL,2008-02-01,44.0,44.70000076293945,42.45000076293945,44.04999923706055,29.33656883239746,2175970
STB,STB.OL,2008-02-04,44.150001525878906,44.95000076293945,43.25,43.70000076293945,29.103471755981445,1268580
STB,STB.OL,2008-02-05,43.29999923706055,44.25,41.400001525878906,42.650001525878906,28.404191970825195,2371862
STB,STB.OL,2008-02-06,41.0,42.5,40.54999923706055,41.95000076293945,27.93800163269043,2783802
STB,STB.OL,2008-02-07,41.20000076293945,42.29999923706055,40.150001525878906,41.5,27.638309478759766,2407883
STB,STB.OL,2008-02-08,41.650001525878906,41.70000076293945,39.75,40.099998474121094,26.705928802490234,2452479
STB,STB.OL,2008-02-11,39.599998474121094,40.0,38.70000076293945,39.400001525878906,26.239744186401367,2175652
STB,STB.OL,2008-02-12,39.79999923706055,41.25,37.650001525878906,41.25,27.4718074798584,3663779
STB,STB.OL,2008-02-13,42.5,45.70000076293945,42.400001525878906,44.349998474121094,29.536359786987305,9380946
STB,STB.OL,2008-02-14,44.79999923706055,46.25,44.54999923706055,46.0,30.63523292541504,4088652
STB,STB.OL,2008-02-15,45.5,47.25,45.349998474121094,46.900001525878906,31.234619140625,3629494
STB,STB.OL,2008-02-18,47.150001525878906,47.400001525878906,46.25,47.150001525878906,31.40111541748047,1866344
STB,STB.OL,2008-02-19,46.95000076293945,48.099998474121094,46.349998474121094,47.20000076293945,31.434412002563477,2402656
STB,STB.OL,2008-02-20,45.79999923706055,47.95000076293945,45.75,46.25,30.801725387573242,3607677
STB,STB.OL,2008-02-21,46.70000076293945,47.650001525878906,46.25,46.849998474121094,31.20132064819336,2176247
STB,STB.OL,2008-02-22,46.29999923706055,46.400001525878906,45.650001525878906,45.900001525878906,30.568634033203125,2998733
STB,STB.OL,2008-02-25,46.29999923706055,46.54999923706055,43.20000076293945,43.599998474121094,29.0368709564209,4475744
STB,STB.OL,2008-02-26,44.400001525878906,44.599998474121094,42.95000076293945,43.20000076293945,28.770477294921875,3682318
STB,STB.OL,2008-02-27,43.54999923706055,43.54999923706055,42.099998474121094,42.5,28.304290771484375,2602272
STB,STB.OL,2008-02-28,42.349998474121094,43.5,41.29999923706055,41.5,27.638309478759766,4560081
STB,STB.OL,2008-02-29,41.29999923706055,42.099998474121094,40.349998474121094,40.70000076293945,27.10552406311035,2711960
STB,STB.OL,2008-03-03,40.0,40.400001525878906,39.099998474121094,39.54999923706055,26.339635848999023,1735040
STB,STB.OL,2008-03-04,39.900001525878906,40.0,38.400001525878906,39.20000076293945,26.106550216674805,2777177
STB,STB.OL,2008-03-05,39.45000076293945,40.150001525878906,39.099998474121094,39.54999923706055,26.339635848999023,3262781
STB,STB.OL,2008-03-06,39.95000076293945,40.0,38.20000076293945,38.20000076293945,25.440563201904297,2517623
STB,STB.OL,2008-03-07,37.599998474121094,38.099998474121094,36.95000076293945,37.5,24.97437858581543,3403306
STB,STB.OL,2008-03-10,37.099998474121094,37.70000076293945,36.650001525878906,36.75,24.474889755249023,2453984
STB,STB.OL,2008-03-11,36.79999923706055,39.29999923706055,36.70000076293945,38.70000076293945,25.773550033569336,4163725
STB,STB.OL,2008-03-12,39.5,39.70000076293945,38.75,39.099998474121094,26.03994369506836,3450520
STB,STB.OL,2008-03-13,38.400001525878906,38.45000076293945,36.70000076293945,37.650001525878906,25.07427406311035,2596493
STB,STB.OL,2008-03-14,37.900001525878906,38.349998474121094,36.099998474121094,36.099998474121094,24.041994094848633,3277003
STB,STB.OL,2008-03-17,35.0,35.5,33.29999923706055,33.79999923706055,22.510236740112305,3647005
STB,STB.OL,2008-03-18,34.849998474121094,36.5,34.25,36.5,24.308391571044922,2980148
STB,STB.OL,2008-03-19,37.400001525878906,38.0,36.5,38.0,25.3073673248291,3032343
STB,STB.OL,2008-03-25,39.5,40.150001525878906,39.04999923706055,39.400001525878906,26.239744186401367,4506190
STB,STB.OL,2008-03-26,39.0,39.849998474121094,38.400001525878906,38.650001525878906,25.74026107788086,3723978
STB,STB.OL,2008-03-27,38.900001525878906,40.400001525878906,38.599998474121094,40.150001525878906,26.73923110961914,3035239
STB,STB.OL,2008-03-28,40.20000076293945,40.54999923706055,39.849998474121094,40.29999923706055,26.83912467956543,2143918
STB,STB.OL,2008-03-31,39.900001525878906,40.45000076293945,39.20000076293945,40.099998474121094,26.705928802490234,2150916
STB,STB.OL,2008-04-01,39.849998474121094,41.599998474121094,39.849998474121094,41.0,27.305313110351562,2553608
STB,STB.OL,2008-04-02,41.95000076293945,43.400001525878906,41.5,42.599998474121094,28.37088966369629,3261079
STB,STB.OL,2008-04-03,42.400001525878906,43.20000076293945,41.45000076293945,42.04999923706055,28.004600524902344,3592338
STB,STB.OL,2008-04-04,42.25,44.5,42.099998474121094,43.20000076293945,28.770477294921875,5153966
STB,STB.OL,2008-04-07,43.70000076293945,44.79999923706055,43.650001525878906,44.0,29.303264617919922,4796425
STB,STB.OL,2008-04-08,43.45000076293945,43.900001525878906,42.75,43.25,28.803783416748047,3255078
STB,STB.OL,2008-04-09,43.099998474121094,44.400001525878906,42.54999923706055,43.79999923706055,29.170072555541992,2634872
STB,STB.OL,2008-04-10,43.45000076293945,44.099998474121094,42.04999923706055,43.099998474121094,28.703882217407227,2695100
STB,STB.OL,2008-04-11,43.150001525878906,44.20000076293945,40.20000076293945,40.599998474121094,27.038925170898438,8501098
STB,STB.OL,2008-04-14,40.20000076293945,41.29999923706055,39.400001525878906,39.900001525878906,26.572736740112305,2141508
STB,STB.OL,2008-04-15,40.29999923706055,40.29999923706055,38.349998474121094,39.5,26.30634117126465,2903995
STB,STB.OL,2008-04-16,40.099998474121094,40.45000076293945,39.04999923706055,40.25,26.80582618713379,1445353
STB,STB.OL,2008-04-17,40.54999923706055,40.900001525878906,39.25,39.25,26.139846801757812,2063399
STB,STB.OL,2008-04-18,39.599998474121094,40.70000076293945,39.099998474121094,40.349998474121094,26.87242889404297,2073130
STB,STB.OL,2008-04-21,40.70000076293945,40.75,39.099998474121094,39.400001525878906,26.239744186401367,1853172
STB,STB.OL,2008-04-22,39.45000076293945,39.900001525878906,39.04999923706055,39.45000076293945,26.273046493530273,6897254
STB,STB.OL,2008-04-23,39.599998474121094,40.900001525878906,39.599998474121094,40.5,26.972326278686523,3722048
STB,STB.OL,2008-04-24,39.75,40.349998474121094,38.900001525878906,39.900001525878906,27.384119033813477,4764995
STB,STB.OL,2008-04-25,40.54999923706055,43.75,40.5,42.95000076293945,29.477386474609375,7228091
STB,STB.OL,2008-04-28,43.29999923706055,43.900001525878906,42.5,43.099998474121094,29.580333709716797,2779182
STB,STB.OL,2008-04-29,42.70000076293945,42.70000076293945,41.5,41.5,28.482229232788086,2086437
STB,STB.OL,2008-04-30,45.5,48.650001525878906,44.349998474121094,48.45000076293945,33.25214767456055,8647165
STB,STB.OL,2008-05-02,48.54999923706055,50.79999923706055,48.54999923706055,50.5,34.65909194946289,11069113
STB,STB.OL,2008-05-05,50.20000076293945,51.5,49.599998474121094,51.0,35.002254486083984,1740760
STB,STB.OL,2008-05-06,50.599998474121094,51.0,48.70000076293945,49.849998474121094,34.212989807128906,3236458
STB,STB.OL,2008-05-07,49.900001525878906,51.20000076293945,49.849998474121094,50.400001525878906,34.59046936035156,1810448
STB,STB.OL,2008-05-08,50.099998474121094,50.20000076293945,49.400001525878906,49.54999923706055,34.0070915222168,2008484
STB,STB.OL,2008-05-09,49.5,49.599998474121094,48.45000076293945,49.0,33.62962341308594,1557693
STB,STB.OL,2008-05-13,49.54999923706055,50.0,46.54999923706055,46.95000076293945,32.22266387939453,1830468
STB,STB.OL,2008-05-14,46.29999923706055,48.099998474121094,46.04999923706055,47.45000076293945,32.565826416015625,2511583
STB,STB.OL,2008-05-15,47.45000076293945,48.5,46.900001525878906,47.20000076293945,32.39424133300781,1972140
STB,STB.OL,2008-05-16,47.150001525878906,47.5,46.349998474121094,46.70000076293945,32.05107879638672,2814858
STB,STB.OL,2008-05-19,47.04999923706055,47.599998474121094,46.900001525878906,47.349998474121094,32.4971923828125,933806
STB,STB.OL,2008-05-20,47.099998474121094,47.099998474121094,45.849998474121094,46.04999923706055,31.60498046875,1040720
STB,STB.OL,2008-05-21,46.099998474121094,48.099998474121094,45.150001525878906,45.849998474121094,31.467710494995117,1067587
STB,STB.OL,2008-05-22,45.400001525878906,47.599998474121094,45.400001525878906,46.849998474121094,32.154029846191406,2179410
STB,STB.OL,2008-05-23,46.900001525878906,47.5,46.25,46.349998474121094,31.810869216918945,1278942
STB,STB.OL,2008-05-26,46.25,47.349998474121094,45.599998474121094,46.04999923706055,31.60498046875,725282
STB,STB.OL,2008-05-27,46.45000076293945,46.650001525878906,45.29999923706055,45.54999923706055,31.261817932128906,1713526
STB,STB.OL,2008-05-28,45.650001525878906,49.25,45.599998474121094,48.400001525878906,33.21782684326172,1834745
STB,STB.OL,2008-05-29,48.54999923706055,49.54999923706055,47.75,47.900001525878906,32.874664306640625,2431846
STB,STB.OL,2008-05-30,48.20000076293945,48.95000076293945,47.150001525878906,48.70000076293945,33.42372512817383,3277700
STB,STB.OL,2008-06-02,48.29999923706055,51.20000076293945,47.5,50.599998474121094,34.72772216796875,2116445
STB,STB.OL,2008-06-03,50.29999923706055,50.79999923706055,49.650001525878906,50.20000076293945,34.45320129394531,1085521
STB,STB.OL,2008-06-04,50.29999923706055,50.29999923706055,47.75,47.900001525878906,32.874664306640625,2554795
STB,STB.OL,2008-06-05,48.0,50.70000076293945,48.0,49.20000076293945,33.76688766479492,1436120
STB,STB.OL,2008-06-06,49.849998474121094,50.79999923706055,48.849998474121094,49.099998474121094,33.6982421875,1642976
STB,STB.OL,2008-06-09,48.5,48.5,47.5,48.04999923706055,32.97761154174805,1004889
STB,STB.OL,2008-06-10,47.45000076293945,47.5,46.099998474121094,46.099998474121094,31.6392879486084,1549987
STB,STB.OL,2008-06-11,46.25,47.04999923706055,46.0,46.0,31.570663452148438,1554179
STB,STB.OL,2008-06-12,46.0,47.54999923706055,46.0,46.70000076293945,32.05107879638672,1923918
STB,STB.OL,2008-06-13,46.650001525878906,47.0,46.150001525878906,46.95000076293945,32.22266387939453,893962
STB,STB.OL,2008-06-16,47.20000076293945,48.150001525878906,46.95000076293945,47.5,32.600135803222656,776880
STB,STB.OL,2008-06-17,47.900001525878906,48.150001525878906,46.95000076293945,46.95000076293945,32.22266387939453,1983033
STB,STB.OL,2008-06-18,47.150001525878906,47.5,45.25,45.45000076293945,31.193185806274414,1661413
STB,STB.OL,2008-06-19,45.0,46.0,43.5,43.5,29.854860305786133,4342602
STB,STB.OL,2008-06-20,44.5,44.5,42.849998474121094,42.849998474121094,29.408756256103516,1893263
STB,STB.OL,2008-06-23,42.400001525878906,43.5,41.79999923706055,42.0,28.82538604736328,1442609
STB,STB.OL,2008-06-24,42.0,42.5,40.150001525878906,40.150001525878906,27.55569839477539,2065817
STB,STB.OL,2008-06-25,40.20000076293945,41.45000076293945,39.79999923706055,40.0,27.452747344970703,2466907
STB,STB.OL,2008-06-26,40.0,40.25,39.45000076293945,39.70000076293945,27.246854782104492,1315549
STB,STB.OL,2008-06-27,39.29999923706055,40.04999923706055,38.54999923706055,39.0,26.766429901123047,1175532
STB,STB.OL,2008-06-30,38.79999923706055,39.150001525878906,37.54999923706055,37.79999923706055,25.942846298217773,2208671
STB,STB.OL,2008-07-01,37.70000076293945,38.20000076293945,35.5,36.5,25.050630569458008,2091251
STB,STB.OL,2008-07-02,36.79999923706055,38.5,36.5,37.75,25.908533096313477,1581522
STB,STB.OL,2008-07-03,37.25,38.29999923706055,37.0,37.70000076293945,25.874216079711914,3197903
STB,STB.OL,2008-07-04,37.849998474121094,38.45000076293945,36.70000076293945,36.900001525878906,25.325162887573242,722297
STB,STB.OL,2008-07-07,37.04999923706055,37.29999923706055,35.79999923706055,36.20000076293945,24.844738006591797,2552231
STB,STB.OL,2008-07-08,35.400001525878906,35.54999923706055,33.75,33.900001525878906,23.266206741333008,4202191
STB,STB.OL,2008-07-09,34.650001525878906,35.150001525878906,34.29999923706055,35.150001525878906,24.124103546142578,3935585
STB,STB.OL,2008-07-10,34.70000076293945,35.20000076293945,34.29999923706055,34.599998474121094,23.746625900268555,1870181
STB,STB.OL,2008-07-11,35.25,35.5,32.900001525878906,33.150001525878906,22.751466751098633,2114685
STB,STB.OL,2008-07-14,34.0,34.650001525878906,33.599998474121094,33.75,23.163257598876953,1774246
STB,STB.OL,2008-07-15,33.54999923706055,33.54999923706055,31.700000762939453,32.0,21.962200164794922,1531376
STB,STB.OL,2008-07-16,32.20000076293945,32.5,31.0,31.049999237060547,21.31019401550293,2049198
STB,STB.OL,2008-07-17,32.95000076293945,35.20000076293945,32.650001525878906,34.70000076293945,23.81525993347168,2642655
STB,STB.OL,2008-07-18,34.349998474121094,36.650001525878906,33.650001525878906,36.29999923706055,24.913366317749023,2009905
STB,STB.OL,2008-07-21,36.54999923706055,38.75,36.0,38.25,26.251689910888672,1671967
STB,STB.OL,2008-07-22,37.900001525878906,38.150001525878906,36.04999923706055,36.5,25.050630569458008,1555188
STB,STB.OL,2008-07-23,37.29999923706055,38.95000076293945,37.29999923706055,38.95000076293945,26.732112884521484,1278845
STB,STB.OL,2008-07-24,38.54999923706055,39.150001525878906,38.349998474121094,39.0,26.766429901123047,1296892
STB,STB.OL,2008-07-25,38.0,38.95000076293945,34.45000076293945,35.20000076293945,24.158416748046875,3377348
STB,STB.OL,2008-07-28,35.599998474121094,35.849998474121094,34.04999923706055,35.5,24.364315032958984,1578640
STB,STB.OL,2008-07-29,35.04999923706055,35.29999923706055,34.400001525878906,34.79999923706055,23.88389015197754,1676600
STB,STB.OL,2008-07-30,35.5,36.400001525878906,35.20000076293945,36.25,24.87905502319336,2160300
STB,STB.OL,2008-07-31,36.650001525878906,36.75,35.599998474121094,35.95000076293945,24.67315673828125,1981100
STB,STB.OL,2008-08-01,35.95000076293945,37.400001525878906,35.29999923706055,36.150001525878906,24.810420989990234,902300
STB,STB.OL,2008-08-04,36.20000076293945,37.0,35.70000076293945,35.95000076293945,24.67315673828125,688900
STB,STB.OL,2008-08-05,35.849998474121094,38.0,35.54999923706055,38.0,26.08011245727539,1472800
STB,STB.OL,2008-08-06,37.599998474121094,39.29999923706055,37.099998474121094,38.0,26.08011245727539,2918400
STB,STB.OL,2008-08-07,38.0,39.0,37.400001525878906,38.900001525878906,26.69780158996582,1675700
STB,STB.OL,2008-08-08,38.400001525878906,39.54999923706055,37.75,39.0,26.766429901123047,937500
STB,STB.OL,2008-08-11,39.900001525878906,42.5,39.599998474121094,42.25,28.996965408325195,2180200
STB,STB.OL,2008-08-12,42.25,43.0,40.20000076293945,42.349998474121094,29.065597534179688,2162200
STB,STB.OL,2008-08-13,39.0,39.45000076293945,37.5,39.0,26.766429901123047,4956500
STB,STB.OL,2008-08-14,39.0,39.599998474121094,38.79999923706055,39.099998474121094,26.835058212280273,1851700
STB,STB.OL,2008-08-15,39.20000076293945,40.5,39.20000076293945,39.599998474121094,27.17822265625,1145100
STB,STB.OL,2008-08-18,39.5,41.0,39.400001525878906,40.849998474121094,28.036121368408203,1064648
STB,STB.OL,2008-08-19,40.70000076293945,40.70000076293945,39.150001525878906,39.20000076293945,26.903697967529297,1159871
STB,STB.OL,2008-08-20,39.099998474121094,39.849998474121094,38.79999923706055,39.25,26.938007354736328,1527263
STB,STB.OL,2008-08-21,38.70000076293945,39.29999923706055,38.25,39.04999923706055,26.800743103027344,863780
STB,STB.OL,2008-08-22,38.900001525878906,40.0,38.5,40.0,27.452747344970703,1562261
STB,STB.OL,2008-08-25,40.20000076293945,40.20000076293945,39.5,39.54999923706055,27.14389991760254,555111
STB,STB.OL,2008-08-26,39.20000076293945,39.54999923706055,38.20000076293945,38.849998474121094,26.66347885131836,1003626
STB,STB.OL,2008-08-27,38.5,39.0,37.75,38.400001525878906,26.35463523864746,917676
STB,STB.OL,2008-08-28,38.599998474121094,39.70000076293945,37.900001525878906,39.650001525878906,27.212535858154297,597824
STB,STB.OL,2008-08-29,39.5,42.54999923706055,39.5,42.349998474121094,29.065597534179688,3201211
STB,STB.OL,2008-09-01,42.0,42.349998474121094,41.0,41.45000076293945,28.44791030883789,1084971
STB,STB.OL,2008-09-02,41.79999923706055,43.54999923706055,40.79999923706055,42.900001525878906,29.443073272705078,1976027
STB,STB.OL,2008-09-03,42.79999923706055,43.25,41.29999923706055,41.599998474121094,28.550857543945312,1330650
STB,STB.OL,2008-09-04,41.5,42.349998474121094,40.70000076293945,40.900001525878906,28.070438385009766,1489173
STB,STB.OL,2008-09-05,39.70000076293945,40.099998474121094,39.0,39.400001525878906,27.040958404541016,1410290
STB,STB.OL,2008-09-08,42.0,43.95000076293945,41.75,42.5,29.16854476928711,1819553
STB,STB.OL,2008-09-09,42.0,42.400001525878906,40.29999923706055,41.75,28.653806686401367,2023778
STB,STB.OL,2008-09-10,41.75,42.5,40.54999923706055,42.0,28.82538604736328,2035403
STB,STB.OL,2008-09-11,42.0,42.0,37.70000076293945,39.95000076293945,27.418432235717773,2966547
STB,STB.OL,2008-09-12,40.5,40.5,38.25,38.900001525878906,26.69780158996582,2063309
STB,STB.OL,2008-09-15,36.5,38.0,35.0,36.5,25.050630569458008,3044640
STB,STB.OL,2008-09-16,35.650001525878906,37.45000076293945,32.599998474121094,35.0,24.021154403686523,3169492
STB,STB.OL,2008-09-17,36.599998474121094,38.0,33.79999923706055,34.70000076293945,23.81525993347168,3108736
STB,STB.OL,2008-09-18,34.400001525878906,36.75,32.5,35.400001525878906,24.295684814453125,4450632
STB,STB.OL,2008-09-19,38.0,41.0,37.70000076293945,41.0,28.139062881469727,3677194
STB,STB.OL,2008-09-22,40.04999923706055,41.20000076293945,39.04999923706055,39.099998474121094,26.835058212280273,2262542
STB,STB.OL,2008-09-23,38.75,38.75,36.0,36.25,24.87905502319336,2414945
STB,STB.OL,2008-09-24,36.70000076293945,38.25,36.349998474121094,36.54999923706055,25.084949493408203,1449812
STB,STB.OL,2008-09-25,37.20000076293945,37.900001525878906,36.54999923706055,37.400001525878906,25.66832160949707,1382859
STB,STB.OL,2008-09-26,36.70000076293945,38.650001525878906,35.70000076293945,36.75,25.22221565246582,1177769
STB,STB.OL,2008-09-29,38.20000076293945,38.20000076293945,31.549999237060547,31.649999618530273,21.72198486328125,1388010
STB,STB.OL,2008-09-30,30.5,34.54999923706055,30.0,34.099998474121094,23.403467178344727,2292065
STB,STB.OL,2008-10-01,34.900001525878906,34.900001525878906,28.350000381469727,29.299999237060547,20.1091365814209,2370553
STB,STB.OL,2008-10-02,28.700000762939453,31.0,28.25,28.25,19.388504028320312,2293707
STB,STB.OL,2008-10-03,28.299999237060547,29.450000762939453,26.799999237060547,29.100000381469727,19.97187614440918,3183365
STB,STB.OL,2008-10-06,27.950000762939453,27.950000762939453,25.5,26.850000381469727,18.427658081054688,3760922
STB,STB.OL,2008-10-07,27.5,27.5,22.600000381469727,22.799999237060547,15.648063659667969,8350152
STB,STB.OL,2008-10-08,21.799999237060547,22.649999618530273,19.700000762939453,20.649999618530273,14.17248249053955,3406919
STB,STB.OL,2008-10-09,23.0,26.200000762939453,21.799999237060547,23.299999237060547,15.99122428894043,3016919
STB,STB.OL,2008-10-10,23.75,25.0,21.149999618530273,23.450000762939453,16.094175338745117,22837192
STB,STB.OL,2008-10-13,25.049999237060547,26.5,21.5,22.200000762939453,15.236276626586914,25241435
STB,STB.OL,2008-10-14,23.799999237060547,25.0,22.950000762939453,23.850000381469727,16.36870002746582,14032710
STB,STB.OL,2008-10-15,24.0,24.0,21.049999237060547,21.5,14.755852699279785,2374240
STB,STB.OL,2008-10-16,21.0,21.299999237060547,18.600000381469727,18.600000381469727,12.765528678894043,2115299
STB,STB.OL,2008-10-17,21.0,21.0,17.350000381469727,18.5,12.69689655303955,3152116
STB,STB.OL,2008-10-20,20.0,20.0,18.600000381469727,19.899999618530273,13.657742500305176,2579328
STB,STB.OL,2008-10-21,20.399999618530273,21.0,19.850000381469727,21.0,14.41269302368164,2387937
STB,STB.OL,2008-10-22,20.0,20.5,19.350000381469727,19.450000762939453,13.34890079498291,976425
STB,STB.OL,2008-10-23,19.450000762939453,20.25,18.75,18.850000381469727,12.937108039855957,1552984
STB,STB.OL,2008-10-24,19.0,19.0,15.600000381469727,15.800000190734863,10.843835830688477,2432345
STB,STB.OL,2008-10-27,16.0,16.0,12.5,12.850000381469727,8.819195747375488,4408489
STB,STB.OL,2008-10-28,13.90999984741211,15.300000190734863,13.050000190734863,13.979999542236328,9.594735145568848,3398611
STB,STB.OL,2008-10-29,15.0,15.0,12.649999618530273,12.699999809265137,8.716248512268066,3210545
STB,STB.OL,2008-10-30,13.0,15.350000381469727,13.0,13.899999618530273,9.539830207824707,9199955
STB,STB.OL,2008-10-31,14.109999656677246,15.699999809265137,13.350000381469727,15.699999809265137,10.775203704833984,3307983
STB,STB.OL,2008-11-03,15.800000190734863,16.799999237060547,14.800000190734863,16.100000381469727,11.049732208251953,2710743
STB,STB.OL,2008-11-04,17.0,20.600000381469727,16.5,20.600000381469727,14.138167381286621,6316549
STB,STB.OL,2008-11-05,21.5,21.5,18.700000762939453,19.299999237060547,13.245949745178223,2667080
STB,STB.OL,2008-11-06,17.700000762939453,19.200000762939453,17.5,18.350000381469727,12.593947410583496,1820049
STB,STB.OL,2008-11-07,18.299999237060547,20.0,17.399999618530273,20.0,13.726373672485352,1508610
STB,STB.OL,2008-11-10,20.899999618530273,22.450000762939453,20.0,21.399999618530273,14.68722152709961,1997310
STB,STB.OL,2008-11-11,20.600000381469727,20.799999237060547,18.700000762939453,18.700000762939453,12.834160804748535,1580893
STB,STB.OL,2008-11-12,19.649999618530273,19.649999618530273,15.800000190734863,17.600000381469727,12.079208374023438,2930091
STB,STB.OL,2008-11-13,16.399999618530273,18.549999237060547,15.949999809265137,18.0,12.353737831115723,2719608
STB,STB.OL,2008-11-14,19.5,19.799999237060547,17.0,17.649999618530273,12.113524436950684,963192
STB,STB.OL,2008-11-17,17.649999618530273,17.850000381469727,15.5,15.5,10.637940406799316,1608127
STB,STB.OL,2008-11-18,15.100000381469727,15.5,14.300000190734863,14.739999771118164,10.116337776184082,1391680
STB,STB.OL,2008-11-19,14.850000381469727,14.899999618530273,12.40999984741211,12.40999984741211,8.51721477508545,2500675
STB,STB.OL,2008-11-20,12.199999809265137,12.5,11.199999809265137,12.0,8.235824584960938,3643632
STB,STB.OL,2008-11-21,12.100000381469727,12.199999809265137,10.550000190734863,10.550000190734863,7.240663051605225,2806222
STB,STB.OL,2008-11-24,11.279999732971191,11.279999732971191,9.260000228881836,10.899999618530273,7.480874538421631,7124731
STB,STB.OL,2008-11-25,11.1899995803833,12.399999618530273,10.550000190734863,10.550000190734863,7.240663051605225,20376459
STB,STB.OL,2008-11-26,10.329999923706055,11.170000076293945,10.3100004196167,10.729999542236328,7.364198684692383,7342458
STB,STB.OL,2008-11-27,11.220000267028809,11.949999809265137,11.220000267028809,11.460000038146973,7.8652119636535645,4174747
STB,STB.OL,2008-11-28,12.0,13.199999809265137,11.75,12.510000228881836,8.585846900939941,6657465
STB,STB.OL,2008-12-01,12.960000038146973,12.960000038146973,11.25,11.25,7.7210845947265625,2257420
STB,STB.OL,2008-12-02,11.180000305175781,11.75,10.5,10.9399995803833,7.508327007293701,2487732
STB,STB.OL,2008-12-03,10.8100004196167,10.970000267028809,10.449999809265137,10.90999984741211,7.487737655639648,1966734
STB,STB.OL,2008-12-04,10.970000267028809,11.75,10.710000038146973,10.899999618530273,7.480874538421631,5589902
STB,STB.OL,2008-12-05,10.779999732971191,11.380000114440918,10.5600004196167,11.0,7.549505233764648,2579361
STB,STB.OL,2008-12-08,12.0,12.289999961853027,11.5,11.899999618530273,8.167194366455078,2109100
STB,STB.OL,2008-12-09,11.989999771118164,12.600000381469727,11.399999618530273,12.380000114440918,8.496625900268555,2028521
STB,STB.OL,2008-12-10,12.390000343322754,14.199999809265137,12.239999771118164,14.199999809265137,9.745725631713867,2581177
STB,STB.OL,2008-12-11,14.239999771118164,14.239999771118164,13.0,14.0,9.6084623336792,1578226
STB,STB.OL,2008-12-12,13.0,13.600000381469727,12.800000190734863,13.0,8.922142028808594,1785989
STB,STB.OL,2008-12-15,13.220000267028809,13.789999961853027,12.739999771118164,13.100000381469727,8.990775108337402,1196902
STB,STB.OL,2008-12-16,13.09000015258789,13.630000114440918,13.0600004196167,13.550000190734863,9.299617767333984,1317730
STB,STB.OL,2008-12-17,13.760000228881836,14.0,13.09000015258789,13.220000267028809,9.073134422302246,1940074
STB,STB.OL,2008-12-18,13.140000343322754,13.199999809265137,12.449999809265137,13.1899995803833,9.052541732788086,2462495
STB,STB.OL,2008-12-19,13.420000076293945,14.670000076293945,13.149999618530273,14.670000076293945,10.0682954788208,4294328
STB,STB.OL,2008-12-22,14.65999984741211,15.0,13.640000343322754,14.550000190734863,9.98593807220459,1809406
STB,STB.OL,2008-12-23,14.5,14.989999771118164,13.800000190734863,14.979999542236328,10.281054496765137,852136
STB,STB.OL,2008-12-29,15.0,15.449999809265137,15.0,15.449999809265137,10.603623390197754,1107375
STB,STB.OL,2008-12-30,15.449999809265137,16.899999618530273,15.449999809265137,16.75,11.49583911895752,2257190
STB,STB.OL,2009-01-02,17.700000762939453,18.0,17.149999618530273,17.950000762939453,12.319419860839844,1109889
STB,STB.OL,2009-01-05,18.299999237060547,18.399999618530273,16.5,16.850000381469727,11.564471244812012,2032897
STB,STB.OL,2009-01-06,17.0,17.549999237060547,16.75,17.25,11.838997840881348,1804369
STB,STB.OL,2009-01-07,16.450000762939453,17.0,15.649999618530273,15.649999618530273,10.740886688232422,2331743
STB,STB.OL,2009-01-08,15.5,15.600000381469727,14.600000381469727,15.5,10.637940406799316,1803400
STB,STB.OL,2009-01-09,15.600000381469727,16.0,15.050000190734863,15.5,10.637940406799316,1382934
STB,STB.OL,2009-01-12,15.449999809265137,15.949999809265137,15.149999618530273,15.199999809265137,10.43204402923584,925919
STB,STB.OL,2009-01-13,15.199999809265137,15.199999809265137,14.300000190734863,14.5,9.951620101928711,1850487
STB,STB.OL,2009-01-14,15.0,15.0,13.680000305175781,14.25,9.780040740966797,1215081
STB,STB.OL,2009-01-15,13.800000190734863,14.329999923706055,13.380000114440918,13.770000457763672,9.450610160827637,2245385
STB,STB.OL,2009-01-16,14.010000228881836,14.949999809265137,14.0,14.949999809265137,10.260464668273926,1692250
STB,STB.OL,2009-01-19,14.949999809265137,14.949999809265137,13.699999809265137,13.699999809265137,9.402565002441406,977908
STB,STB.OL,2009-01-20,13.899999618530273,13.899999618530273,12.300000190734863,12.300000190734863,8.44172191619873,1682753
STB,STB.OL,2009-01-21,12.300000190734863,13.199999809265137,11.5,12.430000305175781,8.530942916870117,5372215
STB,STB.OL,2009-01-22,12.899999618530273,13.430000305175781,11.859999656677246,12.149999618530273,8.33877182006836,3858707
STB,STB.OL,2009-01-23,12.4399995803833,13.199999809265137,11.8100004196167,12.899999618530273,8.853511810302734,1757784
STB,STB.OL,2009-01-26,13.100000381469727,13.949999809265137,12.729999542236328,13.949999809265137,9.574146270751953,860561
STB,STB.OL,2009-01-27,14.220000267028809,14.25,13.239999771118164,13.850000381469727,9.505515098571777,858454
STB,STB.OL,2009-01-28,14.069999694824219,15.399999618530273,13.979999542236328,15.25,10.466360092163086,1401673
STB,STB.OL,2009-01-29,15.399999618530273,16.5,15.399999618530273,16.100000381469727,11.049732208251953,3344315
STB,STB.OL,2009-01-30,15.600000381469727,17.700000762939453,15.149999618530273,17.700000762939453,12.147842407226562,5461256
STB,STB.OL,2009-02-02,17.100000381469727,17.25,16.450000762939453,16.549999237060547,11.358574867248535,2075916
STB,STB.OL,2009-02-03,16.600000381469727,18.600000381469727,16.450000762939453,18.600000381469727,12.765528678894043,11900
STB,STB.OL,2009-02-04,18.600000381469727,18.600000381469727,17.950000762939453,18.100000381469727,12.422369003295898,1967307
STB,STB.OL,2009-02-05,17.899999618530273,18.5,17.399999618530273,18.350000381469727,12.593947410583496,1298990
STB,STB.OL,2009-02-06,19.299999237060547,21.399999618530273,19.0,20.5,14.069531440734863,6177674
STB,STB.OL,2009-02-09,22.100000381469727,22.799999237060547,20.850000381469727,20.850000381469727,14.309745788574219,5014102
STB,STB.OL,2009-02-10,21.0,21.850000381469727,19.899999618530273,20.850000381469727,14.309745788574219,3984652
STB,STB.OL,2009-02-11,20.450000762939453,21.899999618530273,20.450000762939453,21.0,14.41269302368164,3562208
STB,STB.OL,2009-02-12,21.299999237060547,23.0,20.5,23.0,15.785331726074219,2442960
STB,STB.OL,2009-02-13,23.299999237060547,24.950000762939453,23.299999237060547,24.950000762939453,17.1236515045166,5238577
STB,STB.OL,2009-02-16,24.299999237060547,24.5,23.25,23.799999237060547,16.334388732910156,1393960
STB,STB.OL,2009-02-17,23.700000762939453,23.700000762939453,21.5,21.799999237060547,14.961749076843262,2532470
STB,STB.OL,2009-02-18,21.5,22.0,21.149999618530273,21.5,14.755852699279785,1403357
STB,STB.OL,2009-02-19,21.899999618530273,22.100000381469727,21.049999237060547,21.850000381469727,14.996065139770508,1140667
STB,STB.OL,2009-02-20,21.5,21.649999618530273,18.450000762939453,21.0,14.41269302368164,1390665
STB,STB.OL,2009-02-23,21.350000381469727,21.549999237060547,21.0,21.0,14.41269302368164,1649470
STB,STB.OL,2009-02-24,20.049999237060547,21.75,19.350000381469727,21.75,14.927430152893066,2001468
STB,STB.OL,2009-02-25,22.299999237060547,22.5,20.5,21.049999237060547,14.447009086608887,1333744
STB,STB.OL,2009-02-26,21.899999618530273,22.5,21.5,22.5,15.442169189453125,1568895
STB,STB.OL,2009-02-27,21.799999237060547,22.600000381469727,21.450000762939453,22.0,15.099010467529297,1707837
STB,STB.OL,2009-03-02,21.399999618530273,22.0,19.5,22.0,15.099010467529297,1497791
STB,STB.OL,2009-03-03,21.899999618530273,22.049999237060547,17.299999237060547,17.700000762939453,12.147842407226562,2373656
STB,STB.OL,2009-03-04,19.5,20.399999618530273,18.899999618530273,19.950000762939453,13.692059516906738,2380139
STB,STB.OL,2009-03-05,20.0,21.0,18.850000381469727,18.850000381469727,12.937108039855957,1688779
STB,STB.OL,2009-03-06,19.0,19.5,16.850000381469727,17.899999618530273,12.285104751586914,1364710
STB,STB.OL,2009-03-09,18.450000762939453,19.0,17.149999618530273,18.549999237060547,12.73121166229248,1641688
STB,STB.OL,2009-03-10,18.5,20.200000762939453,18.049999237060547,19.700000762939453,13.520479202270508,3355067
STB,STB.OL,2009-03-11,20.399999618530273,21.0,19.200000762939453,19.200000762939453,13.17731761932373,2675157
STB,STB.OL,2009-03-12,19.200000762939453,20.149999618530273,18.799999237060547,19.850000381469727,13.623427391052246,1457128
STB,STB.OL,2009-03-13,20.75,20.899999618530273,19.399999618530273,19.399999618530273,13.314583778381348,1724003
STB,STB.OL,2009-03-16,19.899999618530273,21.25,19.5,20.149999618530273,13.829319953918457,1257559
STB,STB.OL,2009-03-17,20.149999618530273,20.600000381469727,19.950000762939453,20.5,14.069531440734863,716095
STB,STB.OL,2009-03-18,20.700000762939453,22.299999237060547,20.700000762939453,22.0,15.099010467529297,2049979
STB,STB.OL,2009-03-19,22.399999618530273,22.700000762939453,21.5,22.299999237060547,15.304906845092773,1540667
STB,STB.OL,2009-03-20,22.0,22.799999237060547,21.399999618530273,22.350000381469727,15.33922290802002,1299832
STB,STB.OL,2009-03-23,22.75,24.450000762939453,22.649999618530273,24.450000762939453,16.78049087524414,2055126
STB,STB.OL,2009-03-24,24.799999237060547,25.399999618530273,23.299999237060547,23.75,16.300067901611328,2009088
STB,STB.OL,2009-03-25,22.399999618530273,24.75,22.399999618530273,24.75,16.986387252807617,1674961
STB,STB.OL,2009-03-26,24.399999618530273,24.399999618530273,20.549999237060547,22.600000381469727,15.51080322265625,6351385
STB,STB.OL,2009-03-27,22.700000762939453,22.700000762939453,21.549999237060547,21.549999237060547,14.790166854858398,2315436
STB,STB.OL,2009-03-30,20.799999237060547,20.799999237060547,19.799999237060547,19.799999237060547,13.589111328125,1253759
STB,STB.OL,2009-03-31,19.850000381469727,20.899999618530273,19.850000381469727,20.899999618530273,14.344059944152832,655893
STB,STB.OL,2009-04-01,20.899999618530273,21.649999618530273,19.399999618530273,19.75,13.554793357849121,2864067
STB,STB.OL,2009-04-02,20.350000381469727,21.5,20.0,21.049999237060547,14.447009086608887,2972450
STB,STB.OL,2009-04-03,21.75,21.75,20.5,21.0,14.41269302368164,1647487
STB,STB.OL,2009-04-06,21.25,21.75,20.75,21.200000762939453,14.549956321716309,1067360
STB,STB.OL,2009-04-07,21.0,21.149999618530273,20.450000762939453,20.450000762939453,14.035219192504883,879439
STB,STB.OL,2009-04-08,20.5,20.5,19.75,19.850000381469727,13.623427391052246,622480
STB,STB.OL,2009-04-14,21.0,21.25,20.600000381469727,20.799999237060547,14.275428771972656,1961124
STB,STB.OL,2009-04-15,20.799999237060547,21.100000381469727,20.700000762939453,20.700000762939453,14.20679759979248,1179439
STB,STB.OL,2009-04-16,21.0,22.049999237060547,21.0,22.0,15.099010467529297,2034940
STB,STB.OL,2009-04-17,22.200000762939453,24.299999237060547,22.100000381469727,23.75,16.300067901611328,3000420
STB,STB.OL,2009-04-20,23.799999237060547,24.700000762939453,22.200000762939453,22.200000762939453,15.236276626586914,1526040
STB,STB.OL,2009-04-21,22.200000762939453,23.0,21.850000381469727,22.799999237060547,15.648063659667969,1048367
STB,STB.OL,2009-04-22,23.200000762939453,23.799999237060547,22.399999618530273,23.799999237060547,16.334388732910156,1605513
STB,STB.OL,2009-04-23,23.600000381469727,24.149999618530273,23.200000762939453,23.799999237060547,16.334388732910156,1863024
STB,STB.OL,2009-04-24,23.600000381469727,25.600000381469727,23.600000381469727,25.5,17.501127243041992,1915289
STB,STB.OL,2009-04-27,24.5,25.299999237060547,24.200000762939453,24.75,16.986387252807617,2150136
STB,STB.OL,2009-04-28,24.100000381469727,24.299999237060547,23.600000381469727,24.0,16.471649169921875,3360965
STB,STB.OL,2009-04-29,23.950000762939453,24.899999618530273,23.649999618530273,24.700000762939453,16.95207405090332,1955487
STB,STB.OL,2009-04-30,25.0,25.299999237060547,24.200000762939453,24.200000762939453,16.60891342163086,2069657
STB,STB.OL,2009-05-04,24.399999618530273,26.100000381469727,24.399999618530273,25.799999237060547,17.70702362060547,2022373
STB,STB.OL,2009-05-05,26.200000762939453,27.399999618530273,25.899999618530273,26.0,17.844284057617188,2243449
STB,STB.OL,2009-05-06,24.200000762939453,25.700000762939453,21.299999237060547,23.0,15.785331726074219,5966342
STB,STB.OL,2009-05-07,23.799999237060547,24.0,22.5,23.0,15.785331726074219,6599637
STB,STB.OL,2009-05-08,23.25,25.5,23.25,24.799999237060547,17.020702362060547,3500371
STB,STB.OL,2009-05-11,25.0,25.700000762939453,24.5,25.450000762939453,17.466812133789062,2365554
STB,STB.OL,2009-05-12,25.299999237060547,26.799999237060547,25.049999237060547,26.5,18.18744659423828,1273266
STB,STB.OL,2009-05-13,26.549999237060547,26.799999237060547,25.100000381469727,25.5,17.501127243041992,2163681
STB,STB.OL,2009-05-14,25.0,25.799999237060547,25.0,25.799999237060547,17.70702362060547,865584
STB,STB.OL,2009-05-15,24.75,24.75,23.899999618530273,24.299999237060547,16.67754364013672,17000
STB,STB.OL,2009-05-18,24.200000762939453,24.649999618530273,23.950000762939453,24.600000381469727,16.88344383239746,2097390
STB,STB.OL,2009-05-19,25.0,25.450000762939453,24.75,25.399999618530273,17.432497024536133,3872191
STB,STB.OL,2009-05-20,25.299999237060547,25.5,24.75,25.0,17.157968521118164,2866032
STB,STB.OL,2009-05-22,24.75,25.299999237060547,24.450000762939453,24.700000762939453,16.95207405090332,1738847
STB,STB.OL,2009-05-25,24.700000762939453,24.950000762939453,24.0,24.0,16.471649169921875,2372053
STB,STB.OL,2009-05-26,24.399999618530273,24.850000381469727,23.649999618530273,24.299999237060547,16.67754364013672,2480531
STB,STB.OL,2009-05-27,24.700000762939453,24.799999237060547,24.149999618530273,24.299999237060547,16.67754364013672,733760
STB,STB.OL,2009-05-28,24.350000381469727,24.350000381469727,23.0,23.0,15.785331726074219,2157908
STB,STB.OL,2009-05-29,23.700000762939453,23.799999237060547,23.0,23.0,15.785331726074219,2262561
STB,STB.OL,2009-06-02,23.850000381469727,24.700000762939453,23.299999237060547,24.700000762939453,16.95207405090332,3362627
STB,STB.OL,2009-06-03,24.799999237060547,24.799999237060547,23.75,23.75,16.300067901611328,1215212
STB,STB.OL,2009-06-04,24.100000381469727,24.899999618530273,23.950000762939453,24.899999618530273,17.08933448791504,1457848
STB,STB.OL,2009-06-05,25.0,25.0,24.25,24.850000381469727,17.055021286010742,943481
STB,STB.OL,2009-06-08,24.5,24.75,24.299999237060547,24.5,16.81481170654297,688069
STB,STB.OL,2009-06-09,24.600000381469727,25.450000762939453,24.600000381469727,25.450000762939453,17.466812133789062,2547287
STB,STB.OL,2009-06-10,25.5,29.200000762939453,25.5,28.0,19.2169246673584,6059561
STB,STB.OL,2009-06-11,29.0,29.700000762939453,27.25,28.700000762939453,19.69734764099121,3958349
STB,STB.OL,2009-06-12,28.75,29.200000762939453,27.049999237060547,27.350000381469727,18.770816802978516,1523491
STB,STB.OL,2009-06-15,27.350000381469727,28.299999237060547,26.600000381469727,27.0,18.530603408813477,2327533
STB,STB.OL,2009-06-16,27.0,28.75,26.649999618530273,28.350000381469727,19.457136154174805,1779684
STB,STB.OL,2009-06-17,28.049999237060547,28.399999618530273,26.850000381469727,26.850000381469727,18.427658081054688,6062044
STB,STB.OL,2009-06-18,27.049999237060547,28.399999618530273,26.5,28.399999618530273,19.491451263427734,2496317
STB,STB.OL,2009-06-19,28.700000762939453,28.700000762939453,27.899999618530273,28.25,19.388504028320312,1189371
STB,STB.OL,2009-06-22,27.799999237060547,28.399999618530273,26.100000381469727,26.100000381469727,17.912919998168945,1289369
STB,STB.OL,2009-06-23,26.0,27.200000762939453,25.200000762939453,26.899999618530273,18.461973190307617,1861831
STB,STB.OL,2009-06-24,26.950000762939453,28.299999237060547,26.700000762939453,27.950000762939453,19.182607650756836,986986
STB,STB.OL,2009-06-25,27.850000381469727,28.350000381469727,26.700000762939453,28.100000381469727,19.285554885864258,1104897
STB,STB.OL,2009-06-26,28.100000381469727,28.299999237060547,27.100000381469727,27.5,18.87376594543457,1059452
STB,STB.OL,2009-06-29,27.399999618530273,28.0,27.0,28.0,19.2169246673584,790320
STB,STB.OL,2009-06-30,28.450000762939453,28.450000762939453,27.600000381469727,28.0,19.2169246673584,531400
STB,STB.OL,2009-07-01,27.549999237060547,30.100000381469727,27.549999237060547,29.850000381469727,20.486614227294922,1830599
STB,STB.OL,2009-07-02,29.700000762939453,30.5,28.549999237060547,28.549999237060547,19.594398498535156,1469238
STB,STB.OL,2009-07-03,28.549999237060547,29.100000381469727,28.0,28.149999618530273,19.319868087768555,621549
STB,STB.OL,2009-07-06,27.690000534057617,28.200000762939453,26.700000762939453,26.700000762939453,18.324710845947266,753973
STB,STB.OL,2009-07-07,27.200000762939453,28.299999237060547,26.299999237060547,27.889999389648438,19.141427993774414,834442
STB,STB.OL,2009-07-08,27.700000762939453,27.899999618530273,26.690000534057617,26.75,18.35902214050293,909149
STB,STB.OL,2009-07-09,27.200000762939453,27.8700008392334,27.0,27.389999389648438,18.798267364501953,800885
STB,STB.OL,2009-07-10,27.739999771118164,27.739999771118164,26.06999969482422,26.25,18.015865325927734,782832
STB,STB.OL,2009-07-13,26.25,28.0,26.25,28.0,19.2169246673584,794111
STB,STB.OL,2009-07-14,27.950000762939453,30.0,27.799999237060547,30.0,20.589561462402344,2420749
STB,STB.OL,2009-07-15,30.0,30.25,29.5,30.200000762939453,20.726825714111328,4828752
STB,STB.OL,2009-07-16,30.989999771118164,30.989999771118164,29.450000762939453,29.899999618530273,20.52092933654785,1171681
STB,STB.OL,2009-07-17,29.700000762939453,29.700000762939453,27.799999237060547,28.5,19.560081481933594,2956046
STB,STB.OL,2009-07-20,29.0,30.100000381469727,28.899999618530273,30.100000381469727,20.658191680908203,1498312
STB,STB.OL,2009-07-21,30.239999771118164,31.200000762939453,29.84000015258789,31.200000762939453,21.41314697265625,1563773
STB,STB.OL,2009-07-22,31.5,31.549999237060547,30.43000030517578,31.5,21.619041442871094,972824
STB,STB.OL,2009-07-23,31.5,32.0,31.100000381469727,32.0,21.962200164794922,945014
STB,STB.OL,2009-07-24,31.90999984741211,32.689998626708984,31.639999389648438,32.0,21.962200164794922,861571
STB,STB.OL,2009-07-27,32.0,32.599998474121094,31.5,31.799999237060547,21.824935913085938,997576
STB,STB.OL,2009-07-28,31.700000762939453,32.0,30.0,30.360000610351562,20.836637496948242,716912
STB,STB.OL,2009-07-29,30.399999618530273,30.670000076293945,30.110000610351562,30.670000076293945,21.049394607543945,416804
STB,STB.OL,2009-07-30,30.649999618530273,31.200000762939453,30.549999237060547,31.1200008392334,21.358238220214844,961200
STB,STB.OL,2009-07-31,31.0,33.25,31.0,33.25,22.820093154907227,1534975
STB,STB.OL,2009-08-03,32.900001525878906,34.83000183105469,32.54999923706055,34.13999938964844,23.43092155456543,1616270
STB,STB.OL,2009-08-04,33.900001525878906,34.380001068115234,32.709999084472656,32.88999938964844,22.57301902770996,671361
STB,STB.OL,2009-08-05,33.0,33.25,32.58000183105469,32.91999816894531,22.593610763549805,765081
STB,STB.OL,2009-08-06,33.20000076293945,33.70000076293945,31.8700008392334,31.8700008392334,21.87297821044922,540370
STB,STB.OL,2009-08-07,31.950000762939453,33.0,30.649999618530273,32.79999923706055,22.511253356933594,679999
STB,STB.OL,2009-08-10,32.880001068115234,32.880001068115234,30.979999542236328,31.360000610351562,21.52295684814453,847184
STB,STB.OL,2009-08-11,31.5,31.899999618530273,29.25,29.549999237060547,20.280715942382812,853983
STB,STB.OL,2009-08-12,29.65999984741211,30.799999237060547,29.5,30.299999237060547,20.79545783996582,996464
STB,STB.OL,2009-08-13,30.979999542236328,32.0,30.700000762939453,32.0,21.962200164794922,2012572
STB,STB.OL,2009-08-14,32.0,32.310001373291016,31.899999618530273,32.08000183105469,22.01710319519043,836094
STB,STB.OL,2009-08-17,32.0,32.400001525878906,31.100000381469727,31.809999465942383,21.83179473876953,894540
STB,STB.OL,2009-08-18,32.099998474121094,32.400001525878906,30.899999618530273,32.400001525878906,22.236724853515625,743391
STB,STB.OL,2009-08-19,31.700000762939453,32.59000015258789,31.5,32.5,22.305356979370117,546287
STB,STB.OL,2009-08-20,32.97999954223633,33.18000030517578,32.0,33.18000030517578,22.77205467224121,1114682
STB,STB.OL,2009-08-21,33.0,33.849998474121094,32.560001373291016,33.75,23.163257598876953,1514372
STB,STB.OL,2009-08-24,34.0,34.58000183105469,33.619998931884766,34.45000076293945,23.643678665161133,1900640
STB,STB.OL,2009-08-25,33.650001525878906,33.95000076293945,32.849998474121094,32.849998474121094,22.545568466186523,1559116
STB,STB.OL,2009-08-26,33.0,33.70000076293945,31.489999771118164,31.489999771118164,21.6121768951416,1430889
STB,STB.OL,2009-08-27,31.780000686645508,32.9900016784668,31.299999237060547,32.279998779296875,22.154367446899414,1280005
STB,STB.OL,2009-08-28,32.66999816894531,33.290000915527344,32.5,33.13999938964844,22.74460220336914,1866023
STB,STB.OL,2009-08-31,32.650001525878906,33.20000076293945,32.380001068115234,32.720001220703125,22.456348419189453,1400961
STB,STB.OL,2009-09-01,33.150001525878906,33.400001525878906,32.290000915527344,32.779998779296875,22.497526168823242,1258150
STB,STB.OL,2009-09-02,32.79999923706055,32.79999923706055,30.600000381469727,30.639999389648438,21.028804779052734,1277639
STB,STB.OL,2009-09-03,30.860000610351562,31.799999237060547,30.600000381469727,31.170000076293945,21.39255714416504,1008594
STB,STB.OL,2009-09-04,31.899999618530273,32.4900016784668,31.399999618530273,31.899999618530273,21.89356803894043,988177
STB,STB.OL,2009-09-07,32.20000076293945,33.0,32.20000076293945,32.70000076293945,22.442623138427734,2680578
STB,STB.OL,2009-09-08,32.79999923706055,33.0,32.0,32.099998474121094,22.03083038330078,1002099
STB,STB.OL,2009-09-09,31.899999618530273,32.29999923706055,31.729999542236328,32.0,21.962200164794922,1679275
STB,STB.OL,2009-09-10,32.560001373291016,32.560001373291016,30.5,31.0,21.275880813598633,1878807
STB,STB.OL,2009-09-11,31.5,31.700000762939453,30.950000762939453,31.5,21.619041442871094,1085878
STB,STB.OL,2009-09-14,31.799999237060547,33.349998474121094,31.68000030517578,33.060001373291016,22.689697265625,3640191
STB,STB.OL,2009-09-15,33.27000045776367,35.70000076293945,33.20000076293945,35.70000076293945,24.501577377319336,3830444
STB,STB.OL,2009-09-16,36.0,36.900001525878906,34.54999923706055,35.20000076293945,24.158416748046875,1930460
STB,STB.OL,2009-09-17,36.0,36.0,34.349998474121094,34.63999938964844,23.774080276489258,1462134
STB,STB.OL,2009-09-18,34.29999923706055,35.04999923706055,34.0,34.849998474121094,23.918209075927734,1066402
STB,STB.OL,2009-09-21,34.79999923706055,35.13999938964844,34.599998474121094,35.0,24.021154403686523,530425
STB,STB.OL,2009-09-22,35.099998474121094,35.79999923706055,35.099998474121094,35.5,24.364315032958984,715377
STB,STB.OL,2009-09-23,35.849998474121094,36.2400016784668,34.720001220703125,35.0,24.021154403686523,555608
STB,STB.OL,2009-09-24,34.849998474121094,35.25,33.75,33.900001525878906,23.266206741333008,786016
STB,STB.OL,2009-09-25,34.5,34.599998474121094,33.150001525878906,34.459999084472656,23.650541305541992,744909
STB,STB.OL,2009-09-28,34.349998474121094,35.20000076293945,33.599998474121094,35.20000076293945,24.158416748046875,755518
STB,STB.OL,2009-09-29,35.220001220703125,35.400001525878906,34.189998626708984,35.029998779296875,24.041744232177734,991747
STB,STB.OL,2009-09-30,35.400001525878906,36.5,35.0,35.25,24.19273567199707,1665953
STB,STB.OL,2009-10-01,35.2599983215332,35.5,33.0,34.09000015258789,23.396602630615234,1055650
STB,STB.OL,2009-10-02,33.79999923706055,34.70000076293945,33.599998474121094,33.900001525878906,23.266206741333008,1040703
STB,STB.OL,2009-10-05,33.9900016784668,34.900001525878906,33.810001373291016,34.38999938964844,23.602500915527344,1698882
STB,STB.OL,2009-10-06,34.900001525878906,35.20000076293945,33.83000183105469,34.900001525878906,23.95252227783203,3817997
STB,STB.OL,2009-10-07,35.0,35.20000076293945,34.58000183105469,34.900001525878906,23.95252227783203,1634513
STB,STB.OL,2009-10-08,35.029998779296875,38.41999816894531,35.029998779296875,37.540000915527344,25.764404296875,3462416
STB,STB.OL,2009-10-09,37.79999923706055,39.20000076293945,37.540000915527344,38.20000076293945,26.217374801635742,1561866
STB,STB.OL,2009-10-12,38.79999923706055,39.20000076293945,38.0,38.20000076293945,26.217374801635742,1017259
STB,STB.OL,2009-10-13,38.20000076293945,38.349998474121094,37.849998474121094,38.0,26.08011245727539,1390355
STB,STB.OL,2009-10-14,38.900001525878906,39.099998474121094,38.41999816894531,38.79999923706055,26.629167556762695,1185583
STB,STB.OL,2009-10-15,39.099998474121094,39.68000030517578,38.5,39.20000076293945,26.903697967529297,1253833
STB,STB.OL,2009-10-16,39.400001525878906,39.400001525878906,37.20000076293945,38.439998626708984,26.382091522216797,1804669
STB,STB.OL,2009-10-19,38.70000076293945,39.20000076293945,38.29999923706055,39.08000183105469,26.821334838867188,853767
STB,STB.OL,2009-10-20,39.20000076293945,39.29999923706055,38.470001220703125,39.150001525878906,26.86937713623047,1139622
STB,STB.OL,2009-10-21,39.150001525878906,40.779998779296875,38.75,40.29999923706055,27.658639907836914,1390575
STB,STB.OL,2009-10-22,40.25,40.33000183105469,39.5099983215332,40.290000915527344,27.651777267456055,1958773
STB,STB.OL,2009-10-23,40.65999984741211,41.900001525878906,40.45000076293945,40.45000076293945,27.76158905029297,1481658
STB,STB.OL,2009-10-26,40.5,41.54999923706055,39.599998474121094,40.09000015258789,27.51451873779297,1851376
STB,STB.OL,2009-10-27,40.630001068115234,41.599998474121094,40.20000076293945,40.79999923706055,28.001800537109375,2232460
STB,STB.OL,2009-10-28,42.689998626708984,42.689998626708984,39.06999969482422,39.06999969482422,26.814470291137695,6168568
STB,STB.OL,2009-10-29,39.099998474121094,39.4900016784668,38.150001525878906,39.11000061035156,26.8419246673584,2673915
STB,STB.OL,2009-10-30,39.70000076293945,40.0,38.77000045776367,39.16999816894531,26.883098602294922,2275263
STB,STB.OL,2009-11-02,39.209999084472656,40.04999923706055,38.0,38.91999816894531,26.71152114868164,1750855
STB,STB.OL,2009-11-03,38.880001068115234,38.880001068115234,36.54999923706055,37.380001068115234,25.654598236083984,1622313
STB,STB.OL,2009-11-04,38.04999923706055,38.2599983215332,37.59000015258789,38.13999938964844,26.176197052001953,2527185
STB,STB.OL,2009-11-05,37.70000076293945,38.20000076293945,36.59000015258789,37.63999938964844,25.833038330078125,2240202
STB,STB.OL,2009-11-06,37.79999923706055,38.119998931884766,35.959999084472656,36.290000915527344,24.90650749206543,3011101
STB,STB.OL,2009-11-09,36.650001525878906,37.58000183105469,36.630001068115234,37.58000183105469,25.79185676574707,2766560
STB,STB.OL,2009-11-10,38.04999923706055,40.2400016784668,37.900001525878906,39.36000061035156,27.013507843017578,4106414
STB,STB.OL,2009-11-11,40.0,40.06999969482422,39.130001068115234,39.16999816894531,26.883098602294922,1237140
STB,STB.OL,2009-11-12,39.0,39.70000076293945,38.5,38.88999938964844,26.690933227539062,1361183
STB,STB.OL,2009-11-13,38.66999816894531,39.369998931884766,38.66999816894531,39.0099983215332,26.773290634155273,588626
STB,STB.OL,2009-11-16,39.599998474121094,40.5,39.47999954223633,40.5,27.795907974243164,1829435
STB,STB.OL,2009-11-17,40.400001525878906,40.400001525878906,39.75,39.900001525878906,27.384119033813477,1328320
STB,STB.OL,2009-11-18,39.79999923706055,40.099998474121094,39.5,40.0,27.452747344970703,1190533
STB,STB.OL,2009-11-19,39.5,40.0,38.70000076293945,38.7400016784668,26.587987899780273,1637664
STB,STB.OL,2009-11-20,39.459999084472656,39.459999084472656,37.97999954223633,38.5,26.42327308654785,1288874
STB,STB.OL,2009-11-23,38.959999084472656,39.599998474121094,38.900001525878906,39.54999923706055,27.14389991760254,777385
STB,STB.OL,2009-11-24,38.70000076293945,39.40999984741211,38.63999938964844,38.84000015258789,26.656620025634766,1517058
STB,STB.OL,2009-11-25,39.18000030517578,39.900001525878906,38.810001373291016,39.29999923706055,26.972326278686523,1529553
STB,STB.OL,2009-11-26,39.4900016784668,39.4900016784668,38.5099983215332,38.599998474121094,26.491899490356445,1286836
STB,STB.OL,2009-11-27,37.95000076293945,40.0,37.599998474121094,40.0,27.452747344970703,1957141
STB,STB.OL,2009-11-30,39.5099983215332,40.0,38.93000030517578,39.189998626708984,26.896825790405273,1480144
STB,STB.OL,2009-12-01,40.119998931884766,40.38999938964844,39.5099983215332,40.0,27.452747344970703,1392518
STB,STB.OL,2009-12-02,39.400001525878906,39.4900016784668,38.79999923706055,38.900001525878906,26.69780158996582,12568073
STB,STB.OL,2009-12-03,39.439998626708984,39.439998626708984,38.720001220703125,39.06999969482422,26.814470291137695,2335066
STB,STB.OL,2009-12-04,38.70000076293945,39.400001525878906,38.380001068115234,39.099998474121094,26.835058212280273,1830881
STB,STB.OL,2009-12-07,39.08000183105469,39.099998474121094,38.5099983215332,38.7599983215332,26.60171127319336,1029609
STB,STB.OL,2009-12-08,38.599998474121094,39.04999923706055,37.5,38.06999969482422,26.12815284729004,1672458
STB,STB.OL,2009-12-09,37.939998626708984,38.25,36.95000076293945,37.5,25.736953735351562,2293121
STB,STB.OL,2009-12-10,37.47999954223633,37.7400016784668,36.75,37.7400016784668,25.901670455932617,24500
STB,STB.OL,2009-12-11,37.86000061035156,38.13999938964844,36.20000076293945,36.540000915527344,25.078086853027344,2528010
STB,STB.OL,2009-12-14,37.0,37.189998626708984,36.560001373291016,36.709999084472656,25.194759368896484,1666672
STB,STB.OL,2009-12-15,37.0,37.02000045776367,35.93000030517578,36.369998931884766,24.961410522460938,2806576
STB,STB.OL,2009-12-16,36.5,39.0,36.5,38.9900016784668,26.759571075439453,3271816
STB,STB.OL,2009-12-17,38.939998626708984,39.060001373291016,38.66999816894531,38.779998779296875,26.61543846130371,3750186
STB,STB.OL,2009-12-18,38.880001068115234,39.0,38.630001068115234,39.0,26.766429901123047,1872317
STB,STB.OL,2009-12-21,39.0,39.0,38.06999969482422,38.15999984741211,26.189924240112305,1398033
STB,STB.OL,2009-12-22,38.400001525878906,38.400001525878906,37.560001373291016,38.18000030517578,26.203649520874023,1462412
STB,STB.OL,2009-12-23,38.380001068115234,38.54999923706055,37.75,38.5,26.42327308654785,578649
STB,STB.OL,2009-12-28,38.81999969482422,39.79999923706055,38.65999984741211,39.79999923706055,27.31548500061035,1452326
STB,STB.OL,2009-12-29,39.91999816894531,40.0,39.400001525878906,39.47999954223633,27.095861434936523,919712
STB,STB.OL,2009-12-30,39.900001525878906,40.18000030517578,39.540000915527344,39.560001373291016,27.150772094726562,803571
STB,STB.OL,2010-01-04,40.0,40.5,39.599998474121094,40.5,27.795907974243164,1056042
STB,STB.OL,2010-01-05,40.400001525878906,40.61000061035156,40.0,40.279998779296875,27.644920349121094,1272042
STB,STB.OL,2010-01-06,40.13999938964844,40.540000915527344,39.70000076293945,40.540000915527344,27.8233585357666,1334148
STB,STB.OL,2010-01-07,41.0,42.86000061035156,40.79999923706055,42.86000061035156,29.415618896484375,3278953
STB,STB.OL,2010-01-08,42.95000076293945,44.58000183105469,42.939998626708984,43.060001373291016,29.552885055541992,4122759
STB,STB.OL,2010-01-11,43.70000076293945,44.2599983215332,41.84000015258789,42.29999923706055,29.031280517578125,4904856
STB,STB.OL,2010-01-12,42.4900016784668,42.650001525878906,41.75,42.099998474121094,28.894018173217773,2052817
STB,STB.OL,2010-01-13,41.810001373291016,44.5,41.810001373291016,44.130001068115234,30.287242889404297,4005404
STB,STB.OL,2010-01-14,44.68000030517578,46.0,44.400001525878906,45.7599983215332,31.405942916870117,3914665
STB,STB.OL,2010-01-15,45.709999084472656,45.9900016784668,44.66999816894531,44.869998931884766,30.795114517211914,2587598
STB,STB.OL,2010-01-18,44.88999938964844,45.47999954223633,44.369998931884766,45.09000015258789,30.946109771728516,1168536
STB,STB.OL,2010-01-19,45.5,45.5,44.33000183105469,44.599998474121094,30.609813690185547,1238068
STB,STB.OL,2010-01-20,44.619998931884766,44.9900016784668,43.04999923706055,43.04999923706055,29.546018600463867,1645275
STB,STB.OL,2010-01-21,44.029998779296875,44.029998779296875,42.20000076293945,42.4900016784668,29.16168212890625,1970712
STB,STB.OL,2010-01-22,42.0,42.56999969482422,41.310001373291016,41.900001525878906,28.75675392150879,1801321
STB,STB.OL,2010-01-25,41.5,43.599998474121094,40.75,43.220001220703125,29.662691116333008,1266142
STB,STB.OL,2010-01-26,42.959999084472656,43.75,41.939998626708984,42.099998474121094,28.894018173217773,2169855
STB,STB.OL,2010-01-27,41.97999954223633,42.04999923706055,41.099998474121094,41.18000030517578,28.262603759765625,2213073
STB,STB.OL,2010-01-28,41.709999084472656,42.209999084472656,40.720001220703125,41.310001373291016,28.35182762145996,1668947
STB,STB.OL,2010-01-29,41.900001525878906,42.060001373291016,40.790000915527344,41.86000061035156,28.72930335998535,1800016
STB,STB.OL,2010-02-01,41.599998474121094,43.38999938964844,41.5,43.27000045776367,29.697010040283203,2147491
STB,STB.OL,2010-02-02,43.599998474121094,44.599998474121094,43.29999923706055,44.099998474121094,30.266651153564453,3315455
STB,STB.OL,2010-02-03,44.5,44.599998474121094,42.7599983215332,42.83000183105469,29.395034790039062,1799526
STB,STB.OL,2010-02-04,43.0,43.0099983215332,41.40999984741211,41.5,28.482229232788086,2622739
STB,STB.OL,2010-02-05,41.0099983215332,41.5099983215332,39.0,40.560001373291016,27.837087631225586,4492910
STB,STB.OL,2010-02-08,40.54999923706055,41.060001373291016,38.52000045776367,39.66999816894531,27.22626304626465,3714608
STB,STB.OL,2010-02-09,39.81999969482422,40.15999984741211,39.040000915527344,39.5,27.109586715698242,1733337
STB,STB.OL,2010-02-10,39.90999984741211,40.20000076293945,39.27000045776367,39.540000915527344,27.13704490661621,3594946
STB,STB.OL,2010-02-11,39.880001068115234,40.58000183105469,39.70000076293945,39.97999954223633,27.43902015686035,2074094
STB,STB.OL,2010-02-12,40.06999969482422,40.380001068115234,38.650001525878906,39.25,26.938007354736328,2471051
STB,STB.OL,2010-02-15,39.34000015258789,40.79999923706055,39.0,40.58000183105469,27.85081672668457,1340348
STB,STB.OL,2010-02-16,40.59000015258789,41.13999938964844,39.59000015258789,40.380001068115234,27.71355438232422,3449198
STB,STB.OL,2010-02-17,41.209999084472656,41.79999923706055,40.63999938964844,41.68000030517578,28.60576629638672,2402981
STB,STB.OL,2010-02-18,41.29999923706055,41.599998474121094,41.0,41.459999084472656,28.454769134521484,1590562
STB,STB.OL,2010-02-19,40.779998779296875,41.9900016784668,40.779998779296875,41.9900016784668,28.818525314331055,977690
STB,STB.OL,2010-02-22,41.93000030517578,42.70000076293945,41.84000015258789,42.130001068115234,28.914608001708984,1012205
STB,STB.OL,2010-02-23,42.02000045776367,42.380001068115234,40.900001525878906,40.90999984741211,28.077299118041992,1237346
STB,STB.OL,2010-02-24,40.900001525878906,41.720001220703125,40.79999923706055,41.25,28.310644149780273,1623113
STB,STB.OL,2010-02-25,40.93000030517578,41.61000061035156,39.84000015258789,39.84000015258789,27.342933654785156,1230726
STB,STB.OL,2010-02-26,40.5,41.209999084472656,40.029998779296875,41.08000183105469,28.1939754486084,1238137
STB,STB.OL,2010-03-01,41.25,42.33000183105469,41.2400016784668,42.099998474121094,28.894018173217773,1457309
STB,STB.OL,2010-03-02,42.29999923706055,44.029998779296875,42.29999923706055,43.5,29.854860305786133,4111527
STB,STB.OL,2010-03-03,44.70000076293945,45.0,43.70000076293945,43.86000061035156,30.10193634033203,4794507
STB,STB.OL,2010-03-04,43.70000076293945,45.2599983215332,43.70000076293945,44.650001525878906,30.644126892089844,3245816
STB,STB.OL,2010-03-05,45.20000076293945,46.0,44.540000915527344,45.52000045776367,31.241230010986328,1838055
STB,STB.OL,2010-03-08,45.41999816894531,45.939998626708984,45.0,45.0,30.88433837890625,704499
STB,STB.OL,2010-03-09,45.29999923706055,45.880001068115234,43.97999954223633,45.61000061035156,31.30299186706543,1391007
STB,STB.OL,2010-03-10,46.0,47.88999938964844,45.0,47.709999084472656,32.744266510009766,2642357
STB,STB.OL,2010-03-11,47.650001525878906,48.900001525878906,47.0,47.5,32.600135803222656,4335120
STB,STB.OL,2010-03-12,48.0,48.25,46.869998931884766,46.970001220703125,32.23638916015625,1753310
STB,STB.OL,2010-03-15,46.619998931884766,46.79999923706055,45.7599983215332,46.0,31.570663452148438,1400193
STB,STB.OL,2010-03-16,45.939998626708984,46.439998626708984,45.810001373291016,46.0,31.570663452148438,1250508
STB,STB.OL,2010-03-17,46.0,46.29999923706055,45.20000076293945,45.400001525878906,31.15886688232422,1167004
STB,STB.OL,2010-03-18,45.5,45.880001068115234,44.849998474121094,45.18000030517578,31.00787925720215,1502924
STB,STB.OL,2010-03-19,45.400001525878906,45.54999923706055,44.52000045776367,45.0,30.88433837890625,1388829
STB,STB.OL,2010-03-22,43.77000045776367,45.400001525878906,43.400001525878906,45.060001373291016,30.925525665283203,774301
STB,STB.OL,2010-03-23,44.959999084472656,45.33000183105469,44.70000076293945,45.20000076293945,31.0216064453125,780439
STB,STB.OL,2010-03-24,45.439998626708984,47.0,44.599998474121094,47.0,32.256980895996094,2144639
STB,STB.OL,2010-03-25,46.470001220703125,46.91999816894531,46.06999969482422,46.689998626708984,32.044219970703125,1286987
STB,STB.OL,2010-03-26,46.5,46.790000915527344,45.79999923706055,46.18000030517578,31.69419288635254,862483
STB,STB.OL,2010-03-29,46.20000076293945,46.79999923706055,46.20000076293945,46.540000915527344,31.94127655029297,607543
STB,STB.OL,2010-03-30,46.43000030517578,46.630001068115234,46.11000061035156,46.27000045776367,31.755964279174805,419196
STB,STB.OL,2010-03-31,46.599998474121094,46.9900016784668,46.11000061035156,46.9900016784668,32.25011444091797,403340
STB,STB.OL,2010-04-06,47.099998474121094,48.0,47.099998474121094,48.0,32.94329833984375,1976506
STB,STB.OL,2010-04-07,48.0,48.0,47.220001220703125,47.459999084472656,32.572689056396484,958323
STB,STB.OL,2010-04-08,47.0,48.0,46.79999923706055,47.75,32.771724700927734,1364801
STB,STB.OL,2010-04-09,47.84000015258789,48.25,47.439998626708984,48.0,32.94329833984375,891530
STB,STB.OL,2010-04-12,48.040000915527344,48.20000076293945,47.209999084472656,47.849998474121094,32.8403434753418,838169
STB,STB.OL,2010-04-13,47.369998931884766,47.7400016784668,45.970001220703125,46.38999938964844,31.838319778442383,1031435
STB,STB.OL,2010-04-14,46.34000015258789,46.91999816894531,46.34000015258789,46.869998931884766,32.16775894165039,1138910
STB,STB.OL,2010-04-15,46.58000183105469,48.380001068115234,46.58000183105469,48.29999923706055,33.14918899536133,1724078
STB,STB.OL,2010-04-16,47.0099983215332,48.099998474121094,46.810001373291016,47.16999816894531,32.37364959716797,964512
STB,STB.OL,2010-04-19,45.599998474121094,47.0,45.20000076293945,45.79999923706055,31.433399200439453,1112324
STB,STB.OL,2010-04-20,45.90999984741211,48.09000015258789,45.90999984741211,48.09000015258789,33.005069732666016,1249703
STB,STB.OL,2010-04-21,47.59000015258789,47.97999954223633,45.900001525878906,46.0,31.570663452148438,2041911
STB,STB.OL,2010-04-22,45.900001525878906,46.33000183105469,44.790000915527344,45.040000915527344,30.91179847717285,1731185
STB,STB.OL,2010-04-23,45.150001525878906,46.13999938964844,44.650001525878906,45.61000061035156,31.30299186706543,1635131
STB,STB.OL,2010-04-26,46.0,46.150001525878906,45.150001525878906,45.369998931884766,31.138282775878906,1508136
STB,STB.OL,2010-04-27,45.08000183105469,45.86000061035156,44.95000076293945,44.95000076293945,30.85002899169922,1745203
STB,STB.OL,2010-04-28,44.5,44.900001525878906,43.2599983215332,43.400001525878906,29.786231994628906,2270629
STB,STB.OL,2010-04-29,43.5099983215332,45.279998779296875,43.5,45.130001068115234,30.97356605529785,1607587
STB,STB.OL,2010-04-30,45.59000015258789,45.59000015258789,44.619998931884766,44.72999954223633,30.699037551879883,1091095
STB,STB.OL,2010-05-03,44.18000030517578,45.13999938964844,44.18000030517578,44.880001068115234,30.801986694335938,557509
STB,STB.OL,2010-05-04,45.0,45.20000076293945,43.099998474121094,43.47999954223633,29.841142654418945,1512397
STB,STB.OL,2010-05-05,42.970001220703125,43.33000183105469,40.5,41.84000015258789,28.715579986572266,4804298
STB,STB.OL,2010-05-06,39.79999923706055,42.0,39.79999923706055,40.33000183105469,27.679229736328125,2672154
STB,STB.OL,2010-05-07,39.0,39.0,35.939998626708984,37.900001525878906,26.011478424072266,4372718
STB,STB.OL,2010-05-10,41.0,43.5099983215332,40.36000061035156,43.0,29.51170539855957,3514706
STB,STB.OL,2010-05-11,42.470001220703125,43.0,41.13999938964844,42.0,28.82538604736328,1204122
STB,STB.OL,2010-05-12,42.0,43.0099983215332,41.70000076293945,42.959999084472656,29.484249114990234,1509805
STB,STB.OL,2010-05-14,43.0,43.0,40.52000045776367,40.52000045776367,27.809633255004883,1134657
STB,STB.OL,2010-05-18,41.33000183105469,41.900001525878906,40.65999984741211,40.900001525878906,28.070438385009766,1162636
STB,STB.OL,2010-05-19,40.54999923706055,40.70000076293945,37.5,37.790000915527344,25.935983657836914,2095908
STB,STB.OL,2010-05-20,38.20000076293945,38.599998474121094,34.0,36.56999969482422,25.098678588867188,4020011
STB,STB.OL,2010-05-21,36.75,37.08000183105469,34.939998626708984,36.189998626708984,24.837875366210938,4314680
STB,STB.OL,2010-05-25,35.630001068115234,35.849998474121094,33.33000183105469,33.720001220703125,23.142667770385742,3559101
STB,STB.OL,2010-05-26,34.5,35.130001068115234,34.34000015258789,35.0,24.021154403686523,4198902
STB,STB.OL,2010-05-27,35.11000061035156,36.099998474121094,34.97999954223633,36.04999923706055,24.741788864135742,3120945
STB,STB.OL,2010-05-28,36.400001525878906,36.68000030517578,35.18000030517578,35.18000030517578,24.144691467285156,2074730
STB,STB.OL,2010-05-31,35.0,35.58000183105469,33.119998931884766,34.400001525878906,23.609363555908203,1697694
STB,STB.OL,2010-06-01,33.9900016784668,35.720001220703125,33.400001525878906,35.0099983215332,24.028018951416016,3266326
STB,STB.OL,2010-06-02,34.599998474121094,34.599998474121094,33.84000015258789,34.029998779296875,23.355424880981445,2421664
STB,STB.OL,2010-06-03,34.79999923706055,35.650001525878906,34.720001220703125,35.25,24.19273567199707,4888580
STB,STB.OL,2010-06-04,35.599998474121094,37.25,34.34000015258789,34.5,23.677995681762695,3663267
STB,STB.OL,2010-06-07,33.5,35.400001525878906,33.41999816894531,34.90999984741211,23.959386825561523,2990659
STB,STB.OL,2010-06-08,35.5,35.939998626708984,34.77000045776367,35.029998779296875,24.041744232177734,3129109
STB,STB.OL,2010-06-09,36.0,36.77000045776367,35.5,36.77000045776367,25.235937118530273,3898558
STB,STB.OL,2010-06-10,36.77000045776367,37.22999954223633,36.099998474121094,37.15999984741211,25.503602981567383,2237501
STB,STB.OL,2010-06-11,37.20000076293945,38.099998474121094,36.619998931884766,37.81999969482422,25.95657730102539,2719011
STB,STB.OL,2010-06-14,38.29999923706055,39.599998474121094,38.0,39.5,27.109586715698242,2364037
STB,STB.OL,2010-06-15,39.0,39.900001525878906,38.689998626708984,39.34000015258789,26.99977684020996,2208897
STB,STB.OL,2010-06-16,39.880001068115234,39.880001068115234,38.650001525878906,38.68000030517578,26.54680824279785,1720559
STB,STB.OL,2010-06-17,39.0,39.29999923706055,38.34000015258789,38.88999938964844,26.690933227539062,1633334
STB,STB.OL,2010-06-18,38.79999923706055,39.52000045776367,38.18000030517578,38.88999938964844,26.690933227539062,1299495
STB,STB.OL,2010-06-21,39.619998931884766,39.900001525878906,39.13999938964844,39.72999954223633,27.26744270324707,849300
STB,STB.OL,2010-06-22,39.20000076293945,39.2400016784668,38.40999984741211,38.810001373291016,26.636030197143555,1167890
STB,STB.OL,2010-06-23,38.560001373291016,38.63999938964844,37.18000030517578,37.22999954223633,25.551647186279297,1244418
STB,STB.OL,2010-06-24,37.66999816894531,37.77000045776367,36.0,36.2400016784668,24.872190475463867,1544832
STB,STB.OL,2010-06-25,36.0,36.59000015258789,35.630001068115234,35.66999816894531,24.480987548828125,1534744
STB,STB.OL,2010-06-28,36.29999923706055,36.29999923706055,35.349998474121094,35.88999938964844,24.63197898864746,738177
STB,STB.OL,2010-06-29,35.599998474121094,35.599998474121094,33.209999084472656,33.310001373291016,22.861278533935547,2055613
STB,STB.OL,2010-06-30,33.540000915527344,34.0,32.86000061035156,33.79999923706055,23.197574615478516,1702621
STB,STB.OL,2010-07-01,33.119998931884766,33.34000015258789,31.0,31.809999465942383,21.83179473876953,1811738
STB,STB.OL,2010-07-02,31.860000610351562,32.61000061035156,31.799999237060547,32.0,21.962200164794922,1926673
STB,STB.OL,2010-07-05,32.150001525878906,32.209999084472656,31.479999542236328,31.549999237060547,21.653352737426758,1654715
STB,STB.OL,2010-07-06,31.559999465942383,32.93000030517578,31.559999465942383,32.47999954223633,22.2916316986084,2659056
STB,STB.OL,2010-07-07,32.279998779296875,32.83000183105469,31.700000762939453,32.79999923706055,22.511253356933594,2343442
STB,STB.OL,2010-07-08,33.20000076293945,33.619998931884766,32.58000183105469,33.0,22.648517608642578,2541896
STB,STB.OL,2010-07-09,33.41999816894531,33.619998931884766,32.709999084472656,32.779998779296875,22.497526168823242,1325686
STB,STB.OL,2010-07-12,33.0,33.369998931884766,32.7599983215332,32.95000076293945,22.61420249938965,1112791
STB,STB.OL,2010-07-13,33.040000915527344,33.900001525878906,32.84000015258789,33.84000015258789,23.225027084350586,1722744
STB,STB.OL,2010-07-14,34.0,34.45000076293945,33.20000076293945,33.68000030517578,23.11521339416504,2023523
STB,STB.OL,2010-07-15,34.130001068115234,34.33000183105469,33.0,33.20000076293945,22.785781860351562,3095807
STB,STB.OL,2010-07-16,33.5,34.22999954223633,32.900001525878906,33.11000061035156,22.724014282226562,2252551
STB,STB.OL,2010-07-19,33.040000915527344,33.68000030517578,32.59000015258789,33.13999938964844,22.74460220336914,1034198
STB,STB.OL,2010-07-20,33.11000061035156,33.380001068115234,31.799999237060547,32.06999969482422,22.010242462158203,1694347
STB,STB.OL,2010-07-21,32.29999923706055,34.20000076293945,32.2599983215332,33.68000030517578,23.11521339416504,3202586
STB,STB.OL,2010-07-22,33.400001525878906,35.0,33.25,34.63999938964844,23.774080276489258,1477966
STB,STB.OL,2010-07-23,34.5,34.900001525878906,34.2400016784668,34.5,23.677995681762695,1233112
STB,STB.OL,2010-07-26,34.9900016784668,35.880001068115234,34.40999984741211,35.58000183105469,24.419219970703125,1033459
STB,STB.OL,2010-07-27,35.900001525878906,36.95000076293945,35.27000045776367,36.2400016784668,24.872190475463867,1728440
STB,STB.OL,2010-07-28,36.130001068115234,36.779998779296875,35.79999923706055,36.36000061035156,24.95454978942871,1188269
STB,STB.OL,2010-07-29,36.08000183105469,36.70000076293945,36.06999969482422,36.2400016784668,24.872190475463867,977537
STB,STB.OL,2010-07-30,35.97999954223633,36.33000183105469,35.119998931884766,36.029998779296875,24.72806167602539,857163
STB,STB.OL,2010-08-02,36.5,37.650001525878906,36.20000076293945,37.650001525878906,25.839902877807617,1650915
STB,STB.OL,2010-08-03,37.599998474121094,37.77000045776367,37.0,37.599998474121094,25.805578231811523,1906677
STB,STB.OL,2010-08-04,37.779998779296875,38.79999923706055,36.97999954223633,38.79999923706055,26.629167556762695,2696692
STB,STB.OL,2010-08-05,38.95000076293945,39.650001525878906,38.41999816894531,39.43000030517578,27.06155014038086,2835733
STB,STB.OL,2010-08-06,39.38999938964844,39.400001525878906,37.79999923706055,38.54999923706055,26.457584381103516,2876341
STB,STB.OL,2010-08-09,38.61000061035156,38.900001525878906,38.0,38.119998931884766,26.16246795654297,947782
STB,STB.OL,2010-08-10,38.25,38.25,36.90999984741211,37.08000183105469,25.448698043823242,1791228
STB,STB.OL,2010-08-11,37.209999084472656,37.209999084472656,35.20000076293945,35.290000915527344,24.220186233520508,1497694
STB,STB.OL,2010-08-12,35.0,35.310001373291016,33.5099983215332,34.130001068115234,23.42405891418457,3660011
STB,STB.OL,2010-08-13,34.58000183105469,34.84000015258789,32.86000061035156,33.150001525878906,22.751466751098633,2830314
STB,STB.OL,2010-08-16,33.20000076293945,33.619998931884766,32.619998931884766,33.02000045776367,22.662242889404297,1674337
STB,STB.OL,2010-08-17,33.06999969482422,34.20000076293945,32.95000076293945,34.040000915527344,23.36229133605957,2954066
STB,STB.OL,2010-08-18,34.18000030517578,34.400001525878906,33.720001220703125,33.939998626708984,23.29365348815918,2168425
STB,STB.OL,2010-08-19,34.25,34.56999969482422,33.16999816894531,33.209999084472656,22.79264259338379,3013718
STB,STB.OL,2010-08-20,33.099998474121094,33.619998931884766,31.940000534057617,32.79999923706055,22.511253356933594,2393872
STB,STB.OL,2010-08-23,32.849998474121094,33.83000183105469,32.650001525878906,33.40999984741211,22.929906845092773,1307342
STB,STB.OL,2010-08-24,33.130001068115234,33.34000015258789,32.310001373291016,32.540000915527344,22.33281135559082,1956914
STB,STB.OL,2010-08-25,32.619998931884766,33.189998626708984,30.700000762939453,32.02000045776367,21.975923538208008,2267075
STB,STB.OL,2010-08-26,32.72999954223633,32.91999816894531,32.29999923706055,32.540000915527344,22.33281135559082,1664730
STB,STB.OL,2010-08-27,32.29999923706055,32.880001068115234,32.18000030517578,32.83000183105469,22.531845092773438,1715377
STB,STB.OL,2010-08-30,33.400001525878906,33.400001525878906,32.369998931884766,32.459999084472656,22.277904510498047,1719495
STB,STB.OL,2010-08-31,32.09000015258789,32.09000015258789,30.56999969482422,31.260000228881836,21.454322814941406,4341849
STB,STB.OL,2010-09-01,31.780000686645508,32.40999984741211,31.15999984741211,32.349998474121094,22.202411651611328,6096016
STB,STB.OL,2010-09-02,32.119998931884766,32.88999938964844,32.0,32.029998779296875,21.9827880859375,3622780
STB,STB.OL,2010-09-03,32.380001068115234,34.20000076293945,32.0099983215332,33.540000915527344,23.019132614135742,6427433
STB,STB.OL,2010-09-06,33.880001068115234,33.880001068115234,33.29999923706055,33.5099983215332,22.9985408782959,1514538
STB,STB.OL,2010-09-07,33.599998474121094,33.599998474121094,32.810001373291016,33.31999969482422,22.868139266967773,1465225
STB,STB.OL,2010-09-08,33.0,33.75,32.83000183105469,33.560001373291016,23.032854080200195,2619856
STB,STB.OL,2010-09-09,33.599998474121094,34.400001525878906,33.29999923706055,33.9900016784668,23.327970504760742,2593090
STB,STB.OL,2010-09-10,33.970001220703125,34.279998779296875,33.79999923706055,34.099998474121094,23.403467178344727,1170513
STB,STB.OL,2010-09-13,34.349998474121094,35.5,34.349998474121094,35.36000061035156,24.268230438232422,3234473
STB,STB.OL,2010-09-14,35.5,35.5,34.5,35.20000076293945,24.158416748046875,2531017
STB,STB.OL,2010-09-15,35.040000915527344,35.29999923706055,34.75,35.150001525878906,24.124103546142578,2699923
STB,STB.OL,2010-09-16,35.2400016784668,35.25,34.47999954223633,34.65999984741211,23.787803649902344,1722583
STB,STB.OL,2010-09-17,35.20000076293945,35.29999923706055,34.599998474121094,34.959999084472656,23.99370002746582,1962588
STB,STB.OL,2010-09-20,34.959999084472656,35.2599983215332,34.75,35.209999084472656,24.165279388427734,1115329
STB,STB.OL,2010-09-21,35.290000915527344,36.11000061035156,35.290000915527344,36.029998779296875,24.72806167602539,3061622
STB,STB.OL,2010-09-22,36.099998474121094,36.13999938964844,35.279998779296875,35.279998779296875,24.21332550048828,2246054
STB,STB.OL,2010-09-23,35.349998474121094,35.650001525878906,34.06999969482422,34.540000915527344,23.7054500579834,2526500
STB,STB.OL,2010-09-24,34.5,35.22999954223633,34.11000061035156,35.0,24.021154403686523,2636070
STB,STB.OL,2010-09-27,35.43000030517578,35.65999984741211,34.779998779296875,35.529998779296875,24.38490104675293,2162627
STB,STB.OL,2010-09-28,35.4900016784668,36.720001220703125,35.099998474121094,36.400001525878906,24.982004165649414,4170713
STB,STB.OL,2010-09-29,36.5,36.849998474121094,36.0,36.040000915527344,24.734926223754883,2793196
STB,STB.OL,2010-09-30,36.0,36.43000030517578,35.5,35.9900016784668,24.700613021850586,1857102
STB,STB.OL,2010-10-01,36.33000183105469,36.349998474121094,35.45000076293945,35.75,24.5358943939209,1741172
STB,STB.OL,2010-10-04,35.79999923706055,37.25,35.79999923706055,36.79999923706055,25.256526947021484,3314452
STB,STB.OL,2010-10-05,36.97999954223633,38.189998626708984,36.599998474121094,38.040000915527344,26.107561111450195,2936610
STB,STB.OL,2010-10-06,38.13999938964844,38.70000076293945,37.79999923706055,38.2400016784668,26.24482536315918,2311724
STB,STB.OL,2010-10-07,38.099998474121094,38.900001525878906,37.79999923706055,38.79999923706055,26.629167556762695,1898402
STB,STB.OL,2010-10-08,38.869998931884766,38.869998931884766,37.83000183105469,38.5099983215332,26.43013572692871,2434170
STB,STB.OL,2010-10-11,38.25,38.66999816894531,38.06999969482422,38.45000076293945,26.388954162597656,1610045
STB,STB.OL,2010-10-12,37.810001373291016,38.45000076293945,37.779998779296875,38.0099983215332,26.086971282958984,1377386
STB,STB.OL,2010-10-13,38.20000076293945,38.900001525878906,38.08000183105469,38.75,26.5948486328125,2207747
STB,STB.OL,2010-10-14,38.75,39.29999923706055,38.75,38.939998626708984,26.725248336791992,2190140
STB,STB.OL,2010-10-15,38.93000030517578,39.400001525878906,38.90999984741211,39.31999969482422,26.98604965209961,2032388
STB,STB.OL,2010-10-18,38.810001373291016,39.349998474121094,38.70000076293945,39.18000030517578,26.889965057373047,1102974
STB,STB.OL,2010-10-19,39.29999923706055,39.79999923706055,38.90999984741211,38.9900016784668,26.759571075439453,2209975
STB,STB.OL,2010-10-20,38.75,39.22999954223633,38.650001525878906,39.22999954223633,26.924283981323242,1270357
STB,STB.OL,2010-10-21,39.290000915527344,39.779998779296875,38.83000183105469,39.72999954223633,27.26744270324707,1783632
STB,STB.OL,2010-10-22,39.83000183105469,39.900001525878906,39.400001525878906,39.599998474121094,27.17822265625,1268247
STB,STB.OL,2010-10-25,39.9900016784668,40.41999816894531,39.31999969482422,39.72999954223633,27.26744270324707,2400269
STB,STB.OL,2010-10-26,39.72999954223633,39.75,39.0,39.279998779296875,26.958599090576172,1579202
STB,STB.OL,2010-10-27,39.560001373291016,40.29999923706055,38.029998779296875,39.27000045776367,26.951732635498047,6596242
STB,STB.OL,2010-10-28,39.79999923706055,41.400001525878906,39.25,40.79999923706055,28.001800537109375,4363645
STB,STB.OL,2010-10-29,40.79999923706055,42.7400016784668,40.560001373291016,42.61000061035156,29.24403953552246,3956172
STB,STB.OL,2010-11-01,43.0,43.09000015258789,41.400001525878906,41.869998931884766,28.736169815063477,2825472
STB,STB.OL,2010-11-02,42.0,42.16999816894531,41.47999954223633,41.84000015258789,28.715579986572266,1970295
STB,STB.OL,2010-11-03,41.599998474121094,42.25,41.349998474121094,41.52000045776367,28.495954513549805,1730966
STB,STB.OL,2010-11-04,42.31999969482422,43.040000915527344,42.2599983215332,42.86000061035156,29.415618896484375,3331476
STB,STB.OL,2010-11-05,43.29999923706055,43.310001373291016,42.08000183105469,42.59000015258789,29.230314254760742,2499598
STB,STB.OL,2010-11-08,42.599998474121094,42.95000076293945,41.77000045776367,41.900001525878906,28.75675392150879,1310386
STB,STB.OL,2010-11-09,42.0,42.939998626708984,41.65999984741211,42.81999969482422,29.388168334960938,1754437
STB,STB.OL,2010-11-10,42.29999923706055,42.79999923706055,41.70000076293945,41.79999923706055,28.688119888305664,2263511
STB,STB.OL,2010-11-11,42.0,42.29999923706055,41.58000183105469,41.7599983215332,28.660667419433594,2129357
STB,STB.OL,2010-11-12,41.4900016784668,41.560001373291016,38.95000076293945,40.970001220703125,28.11847686767578,2674007
STB,STB.OL,2010-11-15,40.54999923706055,41.31999969482422,40.5099983215332,40.75,27.967487335205078,2087862
STB,STB.OL,2010-11-16,40.7599983215332,40.7599983215332,39.40999984741211,39.52000045776367,27.123313903808594,2639173
STB,STB.OL,2010-11-17,39.15999984741211,40.18000030517578,39.150001525878906,40.099998474121094,27.521379470825195,1705267
STB,STB.OL,2010-11-18,40.75,41.119998931884766,40.18000030517578,41.099998474121094,28.207698822021484,2373398
STB,STB.OL,2010-11-19,41.06999969482422,41.22999954223633,40.900001525878906,40.93000030517578,28.09102439880371,2411939
STB,STB.OL,2010-11-22,41.599998474121094,41.63999938964844,40.47999954223633,40.849998474121094,28.036121368408203,1928775
STB,STB.OL,2010-11-23,40.349998474121094,40.349998474121094,39.04999923706055,39.20000076293945,26.903697967529297,2773590
STB,STB.OL,2010-11-24,39.41999816894531,39.79999923706055,38.29999923706055,39.08000183105469,26.821334838867188,2502716
STB,STB.OL,2010-11-25,39.34000015258789,39.5,38.619998931884766,38.81999969482422,26.642892837524414,1366271
STB,STB.OL,2010-11-26,38.599998474121094,38.93000030517578,36.81999969482422,36.939998626708984,25.352609634399414,3730981
STB,STB.OL,2010-11-29,37.20000076293945,37.70000076293945,36.220001220703125,36.369998931884766,24.961410522460938,3335384
STB,STB.OL,2010-11-30,36.369998931884766,36.790000915527344,35.849998474121094,35.95000076293945,24.67315673828125,3766419
STB,STB.OL,2010-12-01,36.540000915527344,37.68000030517578,36.08000183105469,37.68000030517578,25.86048698425293,3527348
STB,STB.OL,2010-12-02,38.0,39.52000045776367,37.900001525878906,39.29999923706055,26.972326278686523,4566318
STB,STB.OL,2010-12-03,39.54999923706055,39.70000076293945,38.58000183105469,38.970001220703125,26.7458438873291,2322307
STB,STB.OL,2010-12-06,38.79999923706055,39.25,38.220001220703125,38.52000045776367,26.43699836730957,2654263
STB,STB.OL,2010-12-07,38.599998474121094,40.15999984741211,38.099998474121094,39.90999984741211,27.390981674194336,5411924
STB,STB.OL,2010-12-08,40.119998931884766,41.59000015258789,39.84000015258789,41.59000015258789,28.54399871826172,5305613
STB,STB.OL,2010-12-09,41.65999984741211,42.400001525878906,40.529998779296875,40.79999923706055,28.001800537109375,5140934
STB,STB.OL,2010-12-10,41.08000183105469,41.189998626708984,40.0099983215332,40.20000076293945,27.59001350402832,2749393
STB,STB.OL,2010-12-13,40.709999084472656,41.2599983215332,40.20000076293945,41.20000076293945,28.276334762573242,1636249
STB,STB.OL,2010-12-14,40.709999084472656,41.470001220703125,40.65999984741211,40.91999816894531,28.08416175842285,1681941
STB,STB.OL,2010-12-15,40.599998474121094,40.79999923706055,40.0,40.689998626708984,27.926305770874023,2064713
STB,STB.OL,2010-12-16,41.0,41.2400016784668,40.209999084472656,41.04999923706055,28.17337989807129,2587615
STB,STB.OL,2010-12-17,41.150001525878906,42.150001525878906,40.939998626708984,41.779998779296875,28.674392700195312,3249831
STB,STB.OL,2010-12-20,41.959999084472656,42.310001373291016,41.400001525878906,42.08000183105469,28.88029670715332,2133116
STB,STB.OL,2010-12-21,42.20000076293945,42.959999084472656,42.099998474121094,42.959999084472656,29.484249114990234,2308076
STB,STB.OL,2010-12-22,42.959999084472656,43.099998474121094,42.31999969482422,43.0,29.51170539855957,2347719
STB,STB.OL,2010-12-23,43.0,43.099998474121094,42.81999969482422,42.869998931884766,29.422483444213867,829753
STB,STB.OL,2010-12-27,42.869998931884766,42.97999954223633,42.20000076293945,42.970001220703125,29.49111557006836,406706
STB,STB.OL,2010-12-28,43.0,43.56999969482422,43.0,43.380001068115234,29.772504806518555,770770
STB,STB.OL,2010-12-29,43.29999923706055,43.599998474121094,43.22999954223633,43.45000076293945,29.82054901123047,639509
STB,STB.OL,2010-12-30,43.56999969482422,43.68000030517578,43.310001373291016,43.650001525878906,29.95781135559082,978831
STB,STB.OL,2011-01-03,43.70000076293945,44.459999084472656,43.5,44.349998474121094,30.438236236572266,1751266
STB,STB.OL,2011-01-04,44.599998474121094,44.599998474121094,43.0,43.0,29.51170539855957,3191627
STB,STB.OL,2011-01-05,43.0,43.349998474121094,42.0,43.06999969482422,29.55974578857422,2023800
STB,STB.OL,2011-01-06,43.45000076293945,44.41999816894531,43.15999984741211,44.060001373291016,30.239206314086914,2552062
STB,STB.OL,2011-01-07,43.79999923706055,45.5,43.79999923706055,45.31999969482422,31.103961944580078,4214096
STB,STB.OL,2011-01-10,45.0,45.33000183105469,44.540000915527344,45.08000183105469,30.939247131347656,2411985
STB,STB.OL,2011-01-11,45.25,45.95000076293945,44.2400016784668,45.95000076293945,31.536344528198242,2234118
STB,STB.OL,2011-01-12,46.0,46.20000076293945,45.290000915527344,46.0,31.570663452148438,1760680
STB,STB.OL,2011-01-13,46.0,47.040000915527344,45.7400016784668,46.59000015258789,31.975584030151367,2206534
STB,STB.OL,2011-01-14,46.91999816894531,47.13999938964844,45.5,45.720001220703125,31.378490447998047,2279892
STB,STB.OL,2011-01-17,45.900001525878906,45.900001525878906,45.130001068115234,45.189998626708984,31.014741897583008,1521889
STB,STB.OL,2011-01-18,45.349998474121094,46.560001373291016,43.150001525878906,46.29999923706055,31.77655601501465,3004882
STB,STB.OL,2011-01-19,46.08000183105469,46.439998626708984,44.47999954223633,44.61000061035156,30.61667823791504,2534522
STB,STB.OL,2011-01-20,44.61000061035156,44.77000045776367,43.849998474121094,43.900001525878906,30.129392623901367,2566673
STB,STB.OL,2011-01-21,44.0,45.02000045776367,44.0,44.58000183105469,30.596092224121094,1565439
STB,STB.OL,2011-01-24,45.0,45.0,44.33000183105469,44.599998474121094,30.609813690185547,1288843
STB,STB.OL,2011-01-25,45.0,45.0,44.2599983215332,44.29999923706055,30.403919219970703,1907520
STB,STB.OL,2011-01-26,44.45000076293945,45.02000045776367,44.439998626708984,44.439998626708984,30.500003814697266,1778804
STB,STB.OL,2011-01-27,44.439998626708984,46.099998474121094,44.20000076293945,45.900001525878906,31.50202751159668,1885259
STB,STB.OL,2011-01-28,45.83000183105469,46.25,45.61000061035156,45.869998931884766,31.4814395904541,2610283
STB,STB.OL,2011-01-31,45.540000915527344,45.790000915527344,44.75,45.439998626708984,31.186315536499023,2355660
STB,STB.OL,2011-02-01,45.720001220703125,47.349998474121094,45.20000076293945,47.0,32.256980895996094,2932783
STB,STB.OL,2011-02-02,47.34000015258789,48.790000915527344,46.290000915527344,46.83000183105469,32.14030838012695,2680173
STB,STB.OL,2011-02-03,47.060001373291016,47.349998474121094,46.0,47.029998779296875,32.277565002441406,1631983
STB,STB.OL,2011-02-04,47.43000030517578,47.849998474121094,47.0099983215332,47.689998626708984,32.73054122924805,1690542
STB,STB.OL,2011-02-07,47.619998931884766,48.06999969482422,46.880001068115234,47.439998626708984,32.5589599609375,2211602
STB,STB.OL,2011-02-08,47.54999923706055,47.689998626708984,47.150001525878906,47.5,32.600135803222656,977928
STB,STB.OL,2011-02-09,47.5,48.0099983215332,47.04999923706055,48.0099983215332,32.95016098022461,1886534
STB,STB.OL,2011-02-10,47.939998626708984,47.939998626708984,46.59000015258789,46.959999084472656,32.229522705078125,2237476
STB,STB.OL,2011-02-11,46.599998474121094,47.630001068115234,46.599998474121094,47.189998626708984,32.38737487792969,1306835
STB,STB.OL,2011-02-14,47.7400016784668,48.29999923706055,47.31999969482422,48.29999923706055,33.14918899536133,1864581
STB,STB.OL,2011-02-15,48.29999923706055,48.59000015258789,47.349998474121094,47.61000061035156,32.675636291503906,1051877
STB,STB.OL,2011-02-16,47.779998779296875,47.849998474121094,46.77000045776367,47.79999923706055,32.8060302734375,2233287
STB,STB.OL,2011-02-17,47.95000076293945,49.689998626708984,47.68000030517578,48.47999954223633,33.27273178100586,4007662
STB,STB.OL,2011-02-18,48.04999923706055,48.400001525878906,46.689998626708984,47.18000030517578,32.380516052246094,3530921
STB,STB.OL,2011-02-21,46.93000030517578,47.400001525878906,46.86000061035156,47.04999923706055,32.29129409790039,1443433
STB,STB.OL,2011-02-22,46.5099983215332,47.2400016784668,45.40999984741211,46.810001373291016,32.126583099365234,2256352
STB,STB.OL,2011-02-23,46.810001373291016,47.68000030517578,45.869998931884766,46.349998474121094,31.810869216918945,2177899
STB,STB.OL,2011-02-24,45.5099983215332,46.34000015258789,45.349998474121094,46.279998779296875,31.762828826904297,1316400
STB,STB.OL,2011-02-25,46.72999954223633,47.91999816894531,46.45000076293945,47.310001373291016,32.46973419189453,1791366
STB,STB.OL,2011-02-28,47.4900016784668,48.959999084472656,47.099998474121094,48.470001220703125,33.265869140625,2945972
STB,STB.OL,2011-03-01,48.91999816894531,49.66999816894531,48.369998931884766,48.4900016784668,33.279598236083984,3136604
STB,STB.OL,2011-03-02,47.97999954223633,48.2400016784668,47.04999923706055,48.20000076293945,33.080562591552734,1766829
STB,STB.OL,2011-03-03,48.20000076293945,48.84000015258789,47.63999938964844,48.59000015258789,33.348228454589844,1826394
STB,STB.OL,2011-03-04,48.9900016784668,50.599998474121094,48.5,50.5,34.65909194946289,3674175
STB,STB.OL,2011-03-07,50.0,50.650001525878906,49.209999084472656,49.54999923706055,34.0070915222168,2498128
STB,STB.OL,2011-03-08,49.54999923706055,49.900001525878906,48.91999816894531,49.09000015258789,33.69138717651367,2581652
STB,STB.OL,2011-03-09,50.29999923706055,51.849998474121094,50.0,50.79999923706055,34.864994049072266,5017376
STB,STB.OL,2011-03-10,50.150001525878906,50.900001525878906,48.0,48.81999969482422,33.506080627441406,5683574
STB,STB.OL,2011-03-11,48.08000183105469,48.59000015258789,47.20000076293945,47.84000015258789,32.8334846496582,3231228
STB,STB.OL,2011-03-14,47.15999984741211,48.65999984741211,46.529998779296875,46.72999954223633,32.07167053222656,2579354
STB,STB.OL,2011-03-15,45.599998474121094,45.91999816894531,43.7400016784668,45.29999923706055,31.090242385864258,6007607
STB,STB.OL,2011-03-16,46.0,46.150001525878906,44.52000045776367,44.63999938964844,30.63726234436035,2307054
STB,STB.OL,2011-03-17,44.59000015258789,45.68000030517578,44.59000015258789,45.41999816894531,31.17259407043457,2197507
STB,STB.OL,2011-03-18,45.79999923706055,46.70000076293945,45.529998779296875,46.4900016784668,31.906959533691406,1972849
STB,STB.OL,2011-03-21,46.689998626708984,47.31999969482422,46.4900016784668,47.11000061035156,32.33247756958008,1381396
STB,STB.OL,2011-03-22,47.0,47.61000061035156,46.25,46.5099983215332,31.92068099975586,1722292
STB,STB.OL,2011-03-23,46.72999954223633,47.66999816894531,46.279998779296875,47.36000061035156,32.504051208496094,1894711
STB,STB.OL,2011-03-24,46.939998626708984,48.7400016784668,46.939998626708984,48.720001220703125,33.43745040893555,2138687
STB,STB.OL,2011-03-25,48.5099983215332,49.75,48.5099983215332,49.29999923706055,33.83551025390625,2164603
STB,STB.OL,2011-03-28,49.349998474121094,49.529998779296875,48.84000015258789,48.880001068115234,33.54726028442383,1216242
STB,STB.OL,2011-03-29,48.630001068115234,48.959999084472656,47.220001220703125,47.7400016784668,32.764854431152344,2574128
STB,STB.OL,2011-03-30,48.27000045776367,48.400001525878906,47.650001525878906,48.0,32.94329833984375,1483006
STB,STB.OL,2011-03-31,47.720001220703125,48.099998474121094,47.45000076293945,47.45000076293945,32.565826416015625,1280209
STB,STB.OL,2011-04-01,47.52000045776367,48.72999954223633,47.52000045776367,48.68000030517578,33.409996032714844,2755470
STB,STB.OL,2011-04-04,48.70000076293945,48.70000076293945,47.36000061035156,47.40999984741211,32.53837203979492,3560433
STB,STB.OL,2011-04-05,47.97999954223633,49.540000915527344,47.75,49.529998779296875,33.99336242675781,3126760
STB,STB.OL,2011-04-06,49.4900016784668,49.869998931884766,48.2599983215332,49.45000076293945,33.93845748901367,2781263
STB,STB.OL,2011-04-07,49.75,51.5,49.75,50.400001525878906,34.59046936035156,3623277
STB,STB.OL,2011-04-08,50.79999923706055,52.849998474121094,50.70000076293945,52.5,36.03173065185547,6020828
STB,STB.OL,2011-04-11,52.599998474121094,53.95000076293945,52.0,53.95000076293945,37.02688980102539,2449898
STB,STB.OL,2011-04-12,53.0,54.75,52.099998474121094,52.29999923706055,35.894466400146484,3661842
STB,STB.OL,2011-04-13,52.5,52.79999923706055,51.599998474121094,52.099998474121094,35.7572021484375,2581154
STB,STB.OL,2011-04-14,51.0,52.5,50.5,52.5,36.80888748168945,3148453
STB,STB.OL,2011-04-15,52.54999923706055,52.79999923706055,51.25,52.599998474121094,36.878997802734375,2369584
STB,STB.OL,2011-04-18,51.849998474121094,52.099998474121094,49.779998779296875,50.150001525878906,35.16124725341797,1969232
STB,STB.OL,2011-04-19,50.25,50.79999923706055,49.06999969482422,50.04999923706055,35.09113693237305,2283797
STB,STB.OL,2011-04-20,50.099998474121094,51.54999923706055,49.689998626708984,51.0,35.7572021484375,954024
STB,STB.OL,2011-04-26,51.0,52.45000076293945,50.45000076293945,52.400001525878906,36.738773345947266,1678994
STB,STB.OL,2011-04-27,52.400001525878906,53.5,52.0,53.45000076293945,37.474952697753906,1823891
STB,STB.OL,2011-04-28,53.79999923706055,54.0,53.0,53.0,37.159446716308594,1257294
STB,STB.OL,2011-04-29,53.650001525878906,54.5,52.70000076293945,54.5,38.211124420166016,1002263
STB,STB.OL,2011-05-02,54.29999923706055,54.5,53.54999923706055,53.95000076293945,37.82551574707031,536893
STB,STB.OL,2011-05-03,54.20000076293945,54.20000076293945,52.29999923706055,52.650001525878906,36.914058685302734,1681660
STB,STB.OL,2011-05-04,52.650001525878906,52.650001525878906,50.29999923706055,50.45000076293945,35.37158966064453,3375395
STB,STB.OL,2011-05-05,51.0,51.349998474121094,49.650001525878906,51.0,35.7572021484375,2344721
STB,STB.OL,2011-05-06,51.0,51.70000076293945,50.349998474121094,51.599998474121094,36.177879333496094,2348727
STB,STB.OL,2011-05-09,51.5,51.54999923706055,50.400001525878906,51.04999923706055,35.792259216308594,1320823
STB,STB.OL,2011-05-10,50.5,51.25,50.45000076293945,50.849998474121094,35.652034759521484,1355135
STB,STB.OL,2011-05-11,52.5,52.849998474121094,50.900001525878906,51.25,35.93248748779297,2998009
STB,STB.OL,2011-05-12,51.349998474121094,51.349998474121094,49.5,50.29999923706055,35.26641845703125,2094219
STB,STB.OL,2011-05-13,50.599998474121094,51.45000076293945,50.29999923706055,51.0,35.7572021484375,1546616
STB,STB.OL,2011-05-16,50.400001525878906,50.95000076293945,49.5,50.849998474121094,35.652034759521484,1905949
STB,STB.OL,2011-05-18,50.150001525878906,52.79999923706055,48.70000076293945,49.41999816894531,34.64942932128906,2657410
STB,STB.OL,2011-05-19,49.54999923706055,49.720001220703125,48.099998474121094,49.29999923706055,34.56529235839844,4299755
STB,STB.OL,2011-05-20,49.349998474121094,49.59000015258789,48.790000915527344,48.97999954223633,34.3409423828125,2186063
STB,STB.OL,2011-05-23,48.209999084472656,48.29999923706055,46.599998474121094,47.279998779296875,33.14903259277344,1500121
STB,STB.OL,2011-05-24,47.119998931884766,47.88999938964844,46.900001525878906,47.04999923706055,32.987770080566406,1712369
STB,STB.OL,2011-05-25,46.5,48.72999954223633,46.36000061035156,48.11000061035156,33.730960845947266,2655666
STB,STB.OL,2011-05-26,48.56999969482422,49.04999923706055,47.83000183105469,48.02000045776367,33.66786575317383,1096736
STB,STB.OL,2011-05-27,48.31999969482422,48.83000183105469,47.900001525878906,48.66999816894531,34.12358856201172,1449929
STB,STB.OL,2011-05-30,48.279998779296875,49.349998474121094,48.279998779296875,48.9900016784668,34.34794998168945,924491
STB,STB.OL,2011-05-31,48.939998626708984,49.400001525878906,48.70000076293945,49.20000076293945,34.495182037353516,1527713
STB,STB.OL,2011-06-01,49.290000915527344,49.31999969482422,48.20000076293945,48.459999084472656,33.976348876953125,1900378
STB,STB.OL,2011-06-03,48.290000915527344,48.40999984741211,47.150001525878906,48.29999923706055,33.86417007446289,1540730
STB,STB.OL,2011-06-06,47.68000030517578,48.34000015258789,47.599998474121094,48.06999969482422,33.70291519165039,960069
STB,STB.OL,2011-06-07,48.0,48.70000076293945,47.599998474121094,47.93000030517578,33.60475540161133,1029907
STB,STB.OL,2011-06-08,47.93000030517578,47.93000030517578,46.0,46.2599983215332,32.43388366699219,1737585
STB,STB.OL,2011-06-09,46.2599983215332,47.56999969482422,46.099998474121094,47.0099983215332,32.9597282409668,1868565
STB,STB.OL,2011-06-10,46.5099983215332,47.56999969482422,46.5,46.810001373291016,32.81950759887695,2181407
STB,STB.OL,2011-06-14,46.84000015258789,47.5,46.650001525878906,47.380001068115234,33.21915054321289,1402665
STB,STB.OL,2011-06-15,46.91999816894531,47.08000183105469,45.040000915527344,45.68000030517578,32.02723693847656,1975061
STB,STB.OL,2011-06-16,45.5,45.5,43.060001373291016,44.36000061035156,31.10175895690918,3329336
STB,STB.OL,2011-06-17,44.540000915527344,45.380001068115234,43.4900016784668,44.349998474121094,31.094743728637695,2463069
STB,STB.OL,2011-06-20,44.09000015258789,44.290000915527344,42.459999084472656,42.560001373291016,29.839736938476562,2366796
STB,STB.OL,2011-06-21,43.099998474121094,43.779998779296875,42.54999923706055,43.75,30.674072265625,2505919
STB,STB.OL,2011-06-22,43.939998626708984,44.34000015258789,42.95000076293945,43.459999084472656,30.470748901367188,1960809
STB,STB.OL,2011-06-23,43.400001525878906,43.70000076293945,41.900001525878906,41.959999084472656,29.4190616607666,2011656
STB,STB.OL,2011-06-24,42.75,43.13999938964844,41.54999923706055,41.56999969482422,29.1456241607666,1478377
STB,STB.OL,2011-06-27,41.15999984741211,41.849998474121094,41.119998931884766,41.310001373291016,28.963336944580078,1165091
STB,STB.OL,2011-06-28,41.5,42.4900016784668,41.04999923706055,42.4900016784668,29.790664672851562,1502246
STB,STB.OL,2011-06-29,42.599998474121094,45.02000045776367,42.599998474121094,44.79999923706055,31.410245895385742,2656364
STB,STB.OL,2011-06-30,44.9900016784668,46.150001525878906,44.70000076293945,45.959999084472656,32.22354507446289,2309580
STB,STB.OL,2011-07-01,46.04999923706055,47.88999938964844,45.61000061035156,47.38999938964844,33.22615051269531,2244967
STB,STB.OL,2011-07-04,47.790000915527344,48.060001373291016,46.630001068115234,47.54999923706055,33.33833312988281,1616860
STB,STB.OL,2011-07-05,47.400001525878906,48.04999923706055,47.33000183105469,47.529998779296875,33.324310302734375,1010620
STB,STB.OL,2011-07-06,47.400001525878906,47.45000076293945,45.439998626708984,46.02000045776367,32.26561737060547,1520977
STB,STB.OL,2011-07-07,46.810001373291016,47.52000045776367,46.29999923706055,47.060001373291016,32.994789123535156,1015882
STB,STB.OL,2011-07-08,46.72999954223633,47.5,45.61000061035156,45.79999923706055,32.111366271972656,1267693
STB,STB.OL,2011-07-11,45.79999923706055,45.79999923706055,43.5099983215332,44.2400016784668,31.017623901367188,1621615
STB,STB.OL,2011-07-12,43.25,44.380001068115234,42.29999923706055,43.959999084472656,30.821304321289062,1917724
STB,STB.OL,2011-07-13,43.5,44.61000061035156,43.400001525878906,44.04999923706055,30.884408950805664,1274733
STB,STB.OL,2011-07-14,45.599998474121094,47.400001525878906,45.599998474121094,46.47999954223633,32.588130950927734,3702691
STB,STB.OL,2011-07-15,45.97999954223633,47.369998931884766,45.33000183105469,46.81999969482422,32.826515197753906,1705688
STB,STB.OL,2011-07-18,46.66999816894531,46.88999938964844,45.790000915527344,46.029998779296875,32.27262496948242,1643698
STB,STB.OL,2011-07-19,46.20000076293945,48.150001525878906,46.20000076293945,46.599998474121094,32.672264099121094,2985220
STB,STB.OL,2011-07-20,47.0,47.5,46.290000915527344,47.20000076293945,33.09294509887695,2305049
STB,STB.OL,2011-07-21,47.5,49.04999923706055,46.540000915527344,48.77000045776367,34.19369888305664,2928477
STB,STB.OL,2011-07-22,48.90999984741211,49.560001373291016,47.86000061035156,48.279998779296875,33.85014724731445,2372251
STB,STB.OL,2011-07-25,48.11000061035156,48.650001525878906,47.119998931884766,47.47999954223633,33.289249420166016,1669061
STB,STB.OL,2011-07-26,47.75,48.349998474121094,47.02000045776367,47.52000045776367,33.31730270385742,1668118
STB,STB.OL,2011-07-27,47.5,47.56999969482422,45.27000045776367,45.849998474121094,32.146427154541016,2268746
STB,STB.OL,2011-07-28,45.0099983215332,46.189998626708984,44.709999084472656,45.70000076293945,32.041263580322266,1192197
STB,STB.OL,2011-07-29,45.400001525878906,45.650001525878906,43.41999816894531,44.939998626708984,31.508407592773438,2243771
STB,STB.OL,2011-08-01,46.279998779296875,46.880001068115234,44.369998931884766,44.439998626708984,31.157848358154297,1719885
STB,STB.OL,2011-08-02,44.0,44.68000030517578,41.93000030517578,42.029998779296875,29.468143463134766,2960975
STB,STB.OL,2011-08-03,41.560001373291016,42.70000076293945,40.349998474121094,40.86000061035156,28.647830963134766,3558544
STB,STB.OL,2011-08-04,41.650001525878906,42.38999938964844,38.52000045776367,38.79999923706055,27.203516006469727,4375761
STB,STB.OL,2011-08-05,37.400001525878906,39.5,36.52000045776367,37.439998626708984,26.249990463256836,3787535
STB,STB.OL,2011-08-08,36.099998474121094,38.45000076293945,33.869998931884766,34.529998779296875,24.209732055664062,4254899
STB,STB.OL,2011-08-09,34.099998474121094,35.689998626708984,32.099998474121094,35.619998931884766,24.97395133972168,5698440
STB,STB.OL,2011-08-10,37.0,37.0,34.0,34.5,24.188697814941406,4676297
STB,STB.OL,2011-08-11,35.29999923706055,36.130001068115234,32.599998474121094,35.02000045776367,24.553281784057617,4128295
STB,STB.OL,2011-08-12,35.20000076293945,37.16999816894531,34.0099983215332,37.16999816894531,26.06068992614746,2343939
STB,STB.OL,2011-08-15,37.5,37.619998931884766,35.68000030517578,37.0,25.941497802734375,3174736
STB,STB.OL,2011-08-16,36.79999923706055,37.0,34.63999938964844,35.5,24.889820098876953,3889974
STB,STB.OL,2011-08-17,35.20000076293945,36.08000183105469,34.849998474121094,35.70000076293945,25.030038833618164,2454458
STB,STB.OL,2011-08-18,35.380001068115234,35.380001068115234,32.40999984741211,32.63999938964844,22.88460922241211,4497457
STB,STB.OL,2011-08-19,32.75,32.7599983215332,30.530000686645508,31.81999969482422,22.309690475463867,3780722
STB,STB.OL,2011-08-22,31.200000762939453,32.369998931884766,30.649999618530273,31.6299991607666,22.17647933959961,2112571
STB,STB.OL,2011-08-23,32.2400016784668,32.400001525878906,31.3700008392334,31.719999313354492,22.239578247070312,3194927
STB,STB.OL,2011-08-24,32.18000030517578,33.2400016784668,31.690000534057617,33.0,23.13701820373535,2696731
STB,STB.OL,2011-08-25,33.599998474121094,34.0099983215332,32.34000015258789,32.84000015258789,23.02483558654785,2555564
STB,STB.OL,2011-08-26,33.0,33.25,32.15999984741211,32.9900016784668,23.130002975463867,2206682
STB,STB.OL,2011-08-29,33.45000076293945,34.529998779296875,33.0,34.20000076293945,23.978361129760742,1411750
STB,STB.OL,2011-08-30,34.84000015258789,35.650001525878906,33.810001373291016,34.209999084472656,23.98537254333496,2590666
STB,STB.OL,2011-08-31,34.25,35.88999938964844,33.880001068115234,35.650001525878906,24.9949893951416,2602927
STB,STB.OL,2011-09-01,36.04999923706055,37.29999923706055,35.20000076293945,35.95000076293945,25.205324172973633,3173861
STB,STB.OL,2011-09-02,35.31999969482422,35.5,34.560001373291016,34.66999816894531,24.307886123657227,1923483
STB,STB.OL,2011-09-05,34.5,34.5,31.959999084472656,32.04999923706055,22.470951080322266,2340137
STB,STB.OL,2011-09-06,31.639999389648438,32.68000030517578,30.479999542236328,30.65999984741211,21.496387481689453,2969182
STB,STB.OL,2011-09-07,32.09000015258789,32.369998931884766,31.40999984741211,31.989999771118164,22.428878784179688,3331723
STB,STB.OL,2011-09-08,32.0,33.25,31.770000457763672,32.63999938964844,22.88460922241211,2764885
STB,STB.OL,2011-09-09,32.20000076293945,32.59000015258789,30.959999084472656,30.959999084472656,21.70672607421875,2506031
STB,STB.OL,2011-09-12,29.850000381469727,30.450000762939453,28.860000610351562,29.440000534057617,20.641021728515625,3554246
STB,STB.OL,2011-09-13,30.5,30.5,28.0,29.459999084472656,20.65504264831543,3663717
STB,STB.OL,2011-09-14,28.709999084472656,30.43000030517578,28.610000610351562,30.0,21.033649444580078,3319165
STB,STB.OL,2011-09-15,30.43000030517578,33.02000045776367,30.149999618530273,32.689998626708984,22.919668197631836,6108715
STB,STB.OL,2011-09-16,33.40999984741211,33.40999984741211,32.150001525878906,32.560001373291016,22.828521728515625,3437031
STB,STB.OL,2011-09-19,31.899999618530273,31.899999618530273,30.110000610351562,30.5,21.38421058654785,2894257
STB,STB.OL,2011-09-20,30.399999618530273,30.989999771118164,29.030000686645508,29.90999984741211,20.97054672241211,3355035
STB,STB.OL,2011-09-21,29.959999084472656,29.959999084472656,29.049999237060547,29.690000534057617,20.816299438476562,2379283
STB,STB.OL,2011-09-22,28.68000030517578,29.049999237060547,28.239999771118164,28.239999771118164,19.79967498779297,3104738
STB,STB.OL,2011-09-23,28.65999984741211,28.700000762939453,26.520000457763672,27.100000381469727,19.000396728515625,2619409
STB,STB.OL,2011-09-26,26.389999389648438,28.3799991607666,25.860000610351562,27.809999465942383,19.498191833496094,3362594
STB,STB.OL,2011-09-27,28.549999237060547,30.579999923706055,28.5,30.559999465942383,21.42627716064453,3922250
STB,STB.OL,2011-09-28,30.059999465942383,30.65999984741211,29.34000015258789,29.649999618530273,20.788257598876953,2058656
STB,STB.OL,2011-09-29,29.5,30.90999984741211,29.25,30.889999389648438,21.65764617919922,1687636
STB,STB.OL,2011-09-30,30.950000762939453,30.950000762939453,29.5,29.959999084472656,21.005605697631836,1897545
STB,STB.OL,2011-10-03,29.09000015258789,29.149999618530273,27.760000228881836,27.780000686645508,19.477157592773438,2378287
STB,STB.OL,2011-10-04,27.079999923706055,27.5,25.670000076293945,27.049999237060547,18.965341567993164,4509352
STB,STB.OL,2011-10-05,27.600000381469727,28.75,27.280000686645508,28.75,20.15724754333496,2028770
STB,STB.OL,2011-10-06,29.459999084472656,30.549999237060547,29.170000076293945,30.549999237060547,21.41926383972168,3560604
STB,STB.OL,2011-10-07,30.979999542236328,31.5,30.09000015258789,30.739999771118164,21.552480697631836,1829093
STB,STB.OL,2011-10-10,31.0,32.88999938964844,30.739999771118164,32.529998779296875,22.80748748779297,2195946
STB,STB.OL,2011-10-11,32.540000915527344,33.099998474121094,31.670000076293945,32.619998931884766,22.870588302612305,2725917
STB,STB.OL,2011-10-12,32.56999969482422,34.77000045776367,32.20000076293945,34.68000030517578,24.314899444580078,2812432
STB,STB.OL,2011-10-13,35.0,35.2599983215332,32.93000030517578,32.93000030517578,23.087936401367188,3535330
STB,STB.OL,2011-10-14,33.529998779296875,35.0099983215332,32.88999938964844,34.599998474121094,24.25881004333496,2847649
STB,STB.OL,2011-10-17,34.61000061035156,36.209999084472656,33.86000061035156,33.91999816894531,23.782045364379883,2966216
STB,STB.OL,2011-10-18,33.63999938964844,33.970001220703125,32.59000015258789,33.439998626708984,23.445507049560547,2338519
STB,STB.OL,2011-10-19,33.86000061035156,34.38999938964844,33.5,33.599998474121094,23.557687759399414,2051053
STB,STB.OL,2011-10-20,33.5,33.59000015258789,32.220001220703125,32.29999923706055,22.646228790283203,1779130
STB,STB.OL,2011-10-21,33.18000030517578,33.59000015258789,32.400001525878906,33.29999923706055,23.34735107421875,1432963
STB,STB.OL,2011-10-24,33.79999923706055,34.040000915527344,33.34000015258789,34.0099983215332,23.845142364501953,1644760
STB,STB.OL,2011-10-25,34.47999954223633,34.47999954223633,32.5,33.22999954223633,23.29827117919922,2163212
STB,STB.OL,2011-10-26,33.20000076293945,33.95000076293945,32.56999969482422,32.75,22.961732864379883,2501352
STB,STB.OL,2011-10-27,34.0,37.619998931884766,34.0,36.97999954223633,25.92747688293457,4604009
STB,STB.OL,2011-10-28,38.61000061035156,38.61000061035156,36.380001068115234,36.95000076293945,25.90644645690918,2622995
STB,STB.OL,2011-10-31,35.959999084472656,36.5,34.29999923706055,34.33000183105469,24.069507598876953,2587489
STB,STB.OL,2011-11-01,33.0,33.0,31.239999771118164,31.690000534057617,22.21854591369629,4621179
STB,STB.OL,2011-11-02,31.989999771118164,33.16999816894531,31.5,32.650001525878906,22.891620635986328,3137046
STB,STB.OL,2011-11-03,32.060001373291016,34.150001525878906,31.31999969482422,33.439998626708984,23.445507049560547,2599722
STB,STB.OL,2011-11-04,34.20000076293945,34.400001525878906,32.7400016784668,33.0,23.13701820373535,2623880
STB,STB.OL,2011-11-07,32.88999938964844,33.5099983215332,32.119998931884766,32.869998931884766,23.045867919921875,2240216
STB,STB.OL,2011-11-08,32.79999923706055,33.880001068115234,32.70000076293945,32.939998626708984,23.094945907592773,1937960
STB,STB.OL,2011-11-09,34.029998779296875,34.25,29.799999237060547,30.43000030517578,21.335132598876953,4286914
STB,STB.OL,2011-11-10,29.520000457763672,31.31999969482422,29.100000381469727,30.34000015258789,21.272031784057617,2915382
STB,STB.OL,2011-11-11,30.649999618530273,32.400001525878906,30.639999389648438,32.380001068115234,22.70231819152832,2266095
STB,STB.OL,2011-11-14,32.869998931884766,32.880001068115234,31.389999389648438,31.6299991607666,22.17647933959961,1304945
STB,STB.OL,2011-11-15,31.489999771118164,31.920000076293945,30.75,31.440000534057617,22.04326629638672,2773228
STB,STB.OL,2011-11-16,31.31999969482422,32.150001525878906,31.200000762939453,31.309999465942383,21.952117919921875,1679168
STB,STB.OL,2011-11-17,31.610000610351562,31.610000610351562,30.399999618530273,30.399999618530273,21.314096450805664,1855715
STB,STB.OL,2011-11-18,30.420000076293945,30.889999389648438,30.049999237060547,30.170000076293945,21.15283966064453,1636450
STB,STB.OL,2011-11-21,30.200000762939453,30.350000381469727,28.15999984741211,28.459999084472656,19.95391845703125,2500164
STB,STB.OL,2011-11-22,29.0,29.200000762939453,27.329999923706055,27.329999923706055,19.161653518676758,1963536
STB,STB.OL,2011-11-23,27.0,27.31999969482422,25.5,25.540000915527344,17.906648635864258,4263349
STB,STB.OL,2011-11-24,26.0,26.670000076293945,25.489999771118164,26.18000030517578,18.355365753173828,1906847
STB,STB.OL,2011-11-25,26.5,26.700000762939453,25.5,26.459999084472656,18.55167579650879,1705501
STB,STB.OL,2011-11-28,27.010000228881836,28.479999542236328,26.920000076293945,28.479999542236328,19.967945098876953,2353619
STB,STB.OL,2011-11-29,28.700000762939453,29.270000457763672,27.809999465942383,28.579999923706055,20.03805923461914,1608201
STB,STB.OL,2011-11-30,27.989999771118164,31.489999771118164,27.540000915527344,31.290000915527344,21.93809700012207,3600422
STB,STB.OL,2011-12-01,31.75,31.979999542236328,30.75,30.969999313354492,21.713735580444336,2066719
STB,STB.OL,2011-12-02,31.5,33.099998474121094,31.270000457763672,32.4900016784668,22.779441833496094,2772949
STB,STB.OL,2011-12-05,33.290000915527344,33.810001373291016,33.0099983215332,33.61000061035156,23.564699172973633,1648108
STB,STB.OL,2011-12-06,32.709999084472656,33.380001068115234,32.29999923706055,32.849998474121094,23.031845092773438,1724399
STB,STB.OL,2011-12-07,33.61000061035156,33.61000061035156,31.469999313354492,31.93000030517578,22.38681411743164,1975284
STB,STB.OL,2011-12-08,32.5,32.95000076293945,30.299999237060547,30.360000610351562,21.286054611206055,2243098
STB,STB.OL,2011-12-09,29.959999084472656,31.90999984741211,29.799999237060547,31.639999389648438,22.183488845825195,2019905
STB,STB.OL,2011-12-12,31.010000228881836,31.40999984741211,29.329999923706055,29.3799991607666,20.598953247070312,1864740
STB,STB.OL,2011-12-13,29.40999984741211,31.1299991607666,28.920000076293945,30.299999237060547,21.24398422241211,2328831
STB,STB.OL,2011-12-14,29.799999237060547,30.489999771118164,27.200000762939453,27.200000762939453,19.070507049560547,3395185
STB,STB.OL,2011-12-15,27.700000762939453,28.799999237060547,27.299999237060547,28.09000015258789,19.694507598876953,3071010
STB,STB.OL,2011-12-16,28.559999465942383,29.3700008392334,28.059999465942383,28.3700008392334,19.89082145690918,2808412
STB,STB.OL,2011-12-19,27.90999984741211,28.959999084472656,27.719999313354492,27.899999618530273,19.56129264831543,1567654
STB,STB.OL,2011-12-20,27.899999618530273,29.5,27.899999618530273,29.5,20.683086395263672,1529679
STB,STB.OL,2011-12-21,29.899999618530273,30.75,29.719999313354492,29.950000762939453,20.99859619140625,2026937
STB,STB.OL,2011-12-22,30.59000015258789,31.0,30.0,31.0,21.734773635864258,1288929
STB,STB.OL,2011-12-23,31.010000228881836,31.600000381469727,30.75,31.149999618530273,21.839937210083008,813394
STB,STB.OL,2011-12-27,31.149999618530273,31.600000381469727,30.799999237060547,31.229999542236328,21.89603042602539,608279
STB,STB.OL,2011-12-28,31.049999237060547,31.440000534057617,30.110000610351562,30.25,21.20893096923828,1409859
STB,STB.OL,2011-12-29,30.31999969482422,30.90999984741211,30.190000534057617,30.90999984741211,21.671669006347656,765096
STB,STB.OL,2011-12-30,31.049999237060547,31.190000534057617,30.600000381469727,31.100000381469727,21.804882049560547,452777
STB,STB.OL,2012-01-02,30.75,30.75,28.299999237060547,30.0,21.033649444580078,2545596
STB,STB.OL,2012-01-03,30.31999969482422,30.31999969482422,27.200000762939453,28.0,19.631406784057617,8199396
STB,STB.OL,2012-01-04,28.0,28.969999313354492,27.84000015258789,28.309999465942383,19.8487548828125,5147815
STB,STB.OL,2012-01-05,28.549999237060547,28.899999618530273,27.84000015258789,28.059999465942383,19.673471450805664,2772116
STB,STB.OL,2012-01-06,27.84000015258789,28.299999237060547,26.610000610351562,26.889999389648438,18.853160858154297,3965752
STB,STB.OL,2012-01-09,27.0,27.0,25.549999237060547,25.549999237060547,17.913658142089844,6000896
STB,STB.OL,2012-01-10,25.979999542236328,26.65999984741211,25.850000381469727,26.5,18.579723358154297,5309573
STB,STB.OL,2012-01-11,26.780000686645508,27.350000381469727,26.299999237060547,27.290000915527344,19.133609771728516,6467135
STB,STB.OL,2012-01-12,27.600000381469727,28.3799991607666,27.360000610351562,27.979999542236328,19.61738395690918,5079745
STB,STB.OL,2012-01-13,28.5,28.5,27.020000457763672,27.540000915527344,19.308895111083984,2990426
STB,STB.OL,2012-01-16,27.100000381469727,28.200000762939453,27.020000457763672,28.200000762939453,19.771629333496094,1791891
STB,STB.OL,2012-01-17,28.600000381469727,29.190000534057617,28.030000686645508,28.31999969482422,19.855764389038086,4845505
STB,STB.OL,2012-01-18,28.5,28.940000534057617,28.100000381469727,28.84000015258789,20.22035026550293,2917643
STB,STB.OL,2012-01-19,29.0,29.469999313354492,28.65999984741211,29.469999313354492,20.66205596923828,3475465
STB,STB.OL,2012-01-20,29.799999237060547,30.040000915527344,28.799999237060547,29.940000534057617,20.991580963134766,2529693
STB,STB.OL,2012-01-23,29.399999618530273,31.06999969482422,29.399999618530273,30.25,21.20893096923828,3491078
STB,STB.OL,2012-01-24,29.770000457763672,30.290000915527344,29.209999084472656,29.540000915527344,20.71113395690918,2023087
STB,STB.OL,2012-01-25,29.600000381469727,29.969999313354492,29.329999923706055,29.899999618530273,20.963537216186523,1301095
STB,STB.OL,2012-01-26,30.239999771118164,30.350000381469727,29.540000915527344,29.690000534057617,20.816299438476562,2590247
STB,STB.OL,2012-01-27,29.25,29.940000534057617,29.25,29.739999771118164,20.85135841369629,917303
STB,STB.OL,2012-01-30,29.25,29.520000457763672,28.299999237060547,28.450000762939453,19.94691276550293,1707175
STB,STB.OL,2012-01-31,28.899999618530273,29.25,28.600000381469727,29.0,20.332529067993164,1623001
STB,STB.OL,2012-02-01,28.899999618530273,29.739999771118164,28.899999618530273,29.600000381469727,20.75320053100586,2221077
STB,STB.OL,2012-02-02,29.760000228881836,30.31999969482422,29.450000762939453,29.979999542236328,21.01962661743164,2669444
STB,STB.OL,2012-02-03,29.860000610351562,30.25,29.6299991607666,30.170000076293945,21.15283966064453,4070035
STB,STB.OL,2012-02-06,30.200000762939453,30.290000915527344,29.6299991607666,30.149999618530273,21.138816833496094,2551499
STB,STB.OL,2012-02-07,30.600000381469727,30.600000381469727,29.850000381469727,30.3799991607666,21.30007553100586,2258130
STB,STB.OL,2012-02-08,30.399999618530273,30.709999084472656,30.010000228881836,30.010000228881836,21.040658950805664,2757568
STB,STB.OL,2012-02-09,30.31999969482422,30.979999542236328,30.15999984741211,30.420000076293945,21.328125,3732012
STB,STB.OL,2012-02-10,30.420000076293945,30.5,29.290000915527344,29.739999771118164,20.85135841369629,3685866
STB,STB.OL,2012-02-13,29.610000610351562,30.3700008392334,29.43000030517578,29.6200008392334,20.767223358154297,2842504
STB,STB.OL,2012-02-14,27.260000228881836,27.979999542236328,25.209999084472656,25.399999618530273,17.808488845825195,19225596
STB,STB.OL,2012-02-15,25.93000030517578,26.510000228881836,25.399999618530273,26.510000228881836,18.58673667907715,10336315
STB,STB.OL,2012-02-16,26.329999923706055,27.049999237060547,25.809999465942383,27.0,18.930282592773438,5650977
STB,STB.OL,2012-02-17,27.5,27.8799991607666,26.90999984741211,27.399999618530273,19.21073341369629,6430180
STB,STB.OL,2012-02-20,27.719999313354492,27.950000762939453,27.299999237060547,27.600000381469727,19.350955963134766,2739224
STB,STB.OL,2012-02-21,27.799999237060547,27.799999237060547,27.100000381469727,27.280000686645508,19.12660026550293,3067035
STB,STB.OL,2012-02-22,27.299999237060547,27.59000015258789,27.18000030517578,27.329999923706055,19.161653518676758,2368552
STB,STB.OL,2012-02-23,27.190000534057617,27.549999237060547,26.920000076293945,27.0,18.930282592773438,2840445
STB,STB.OL,2012-02-24,27.25,27.3700008392334,26.90999984741211,27.110000610351562,19.00740623474121,1887673
STB,STB.OL,2012-02-27,27.190000534057617,27.190000534057617,26.260000228881836,26.889999389648438,18.853160858154297,2362666
STB,STB.OL,2012-02-28,26.760000228881836,27.110000610351562,26.440000534057617,26.8799991607666,18.846147537231445,2324205
STB,STB.OL,2012-02-29,27.0,27.149999618530273,26.6200008392334,26.790000915527344,18.783050537109375,2257033
STB,STB.OL,2012-03-01,26.5,27.0,26.3700008392334,26.889999389648438,18.853160858154297,2061126
STB,STB.OL,2012-03-02,26.81999969482422,27.25,26.649999618530273,27.200000762939453,19.070507049560547,2974120
STB,STB.OL,2012-03-05,27.190000534057617,27.190000534057617,26.670000076293945,26.799999237060547,18.79006004333496,2045112
STB,STB.OL,2012-03-06,26.75,26.75,25.579999923706055,25.649999618530273,17.983766555786133,3608408
STB,STB.OL,2012-03-07,25.81999969482422,26.56999969482422,25.780000686645508,26.299999237060547,18.439498901367188,4341379
STB,STB.OL,2012-03-08,26.5,27.200000762939453,26.3700008392334,26.700000762939453,18.71994972229004,3702899
STB,STB.OL,2012-03-09,26.959999084472656,27.3799991607666,26.75,27.079999923706055,18.986373901367188,2874090
STB,STB.OL,2012-03-12,27.149999618530273,27.3700008392334,26.93000030517578,27.079999923706055,18.986373901367188,1880867
STB,STB.OL,2012-03-13,27.350000381469727,27.489999771118164,27.030000686645508,27.309999465942383,19.147632598876953,2408023
STB,STB.OL,2012-03-14,27.649999618530273,28.940000534057617,27.5,28.8799991607666,20.248394012451172,6473094
STB,STB.OL,2012-03-15,28.700000762939453,29.59000015258789,28.700000762939453,29.59000015258789,20.746191024780273,4989213
STB,STB.OL,2012-03-16,29.5,30.68000030517578,29.440000534057617,30.469999313354492,21.363176345825195,6490676
STB,STB.OL,2012-03-19,30.700000762939453,31.43000030517578,30.350000381469727,31.020000457763672,21.748794555664062,3892097
STB,STB.OL,2012-03-20,30.920000076293945,30.989999771118164,30.350000381469727,30.649999618530273,21.4893798828125,3782504
STB,STB.OL,2012-03-21,30.549999237060547,31.200000762939453,30.030000686645508,30.209999084472656,21.180885314941406,2525940
STB,STB.OL,2012-03-22,30.049999237060547,30.360000610351562,29.889999389648438,30.0,21.033649444580078,3468227
STB,STB.OL,2012-03-23,30.270000457763672,30.59000015258789,29.700000762939453,30.440000534057617,21.34214210510254,2575869
STB,STB.OL,2012-03-26,30.440000534057617,30.760000228881836,29.799999237060547,30.760000228881836,21.566503524780273,2055951
STB,STB.OL,2012-03-27,31.0,31.350000381469727,30.56999969482422,30.760000228881836,21.566503524780273,1614607
STB,STB.OL,2012-03-28,30.760000228881836,30.760000228881836,29.84000015258789,30.06999969482422,21.082725524902344,1831016
STB,STB.OL,2012-03-29,30.1299991607666,30.1299991607666,28.899999618530273,29.040000915527344,20.360570907592773,2738769
STB,STB.OL,2012-03-30,29.110000610351562,29.350000381469727,28.799999237060547,28.799999237060547,20.19230079650879,3656121
STB,STB.OL,2012-04-02,29.100000381469727,29.100000381469727,28.5,28.75,20.15724754333496,2478031
STB,STB.OL,2012-04-03,29.0,29.270000457763672,28.65999984741211,28.719999313354492,20.136211395263672,2370946
STB,STB.OL,2012-04-04,28.549999237060547,28.600000381469727,27.700000762939453,27.700000762939453,19.421070098876953,1672867
STB,STB.OL,2012-04-10,27.100000381469727,27.489999771118164,26.0,26.15999984741211,18.341341018676758,5378770
STB,STB.OL,2012-04-11,26.200000762939453,26.59000015258789,26.06999969482422,26.229999542236328,18.390419006347656,4118177
STB,STB.OL,2012-04-12,26.520000457763672,26.860000610351562,25.799999237060547,26.760000228881836,18.762014389038086,4141142
STB,STB.OL,2012-04-13,26.739999771118164,26.959999084472656,26.079999923706055,26.229999542236328,18.390419006347656,3663974
STB,STB.OL,2012-04-16,26.280000686645508,26.280000686645508,25.40999984741211,25.790000915527344,18.081928253173828,3882524
STB,STB.OL,2012-04-17,25.799999237060547,27.18000030517578,25.799999237060547,27.18000030517578,19.056486129760742,5006492
STB,STB.OL,2012-04-18,27.25,27.299999237060547,26.479999542236328,26.760000228881836,18.762014389038086,2785731
STB,STB.OL,2012-04-19,26.899999618530273,27.3700008392334,26.299999237060547,26.450000762939453,18.544666290283203,3161373
STB,STB.OL,2012-04-20,26.6299991607666,26.809999465942383,26.239999771118164,26.280000686645508,18.42547607421875,3162721
STB,STB.OL,2012-04-23,26.139999389648438,26.139999389648438,25.06999969482422,25.1200008392334,17.61217498779297,4904030
STB,STB.OL,2012-04-24,25.540000915527344,25.68000030517578,24.610000610351562,24.979999542236328,17.514019012451172,4162444
STB,STB.OL,2012-04-25,25.209999084472656,26.799999237060547,25.030000686645508,26.780000686645508,18.776039123535156,5042554
STB,STB.OL,2012-04-26,26.969999313354492,27.020000457763672,25.75,26.200000762939453,18.369386672973633,2475606
STB,STB.OL,2012-04-27,25.799999237060547,26.950000762939453,25.600000381469727,26.5,18.579723358154297,3542743
STB,STB.OL,2012-04-30,26.559999465942383,26.719999313354492,25.479999542236328,25.719999313354492,18.032846450805664,2720857
STB,STB.OL,2012-05-02,26.0,26.229999542236328,25.420000076293945,25.5,17.87860107421875,3605010
STB,STB.OL,2012-05-03,26.75,26.899999618530273,25.489999771118164,25.700000762939453,18.018827438354492,5086920
STB,STB.OL,2012-05-04,25.729999542236328,25.75,23.850000381469727,24.100000381469727,16.897031784057617,6923643
STB,STB.OL,2012-05-07,23.489999771118164,23.489999771118164,22.75,23.149999618530273,16.230966567993164,8313875
STB,STB.OL,2012-05-08,23.030000686645508,23.6200008392334,21.520000457763672,21.950000762939453,15.38962173461914,11379284
STB,STB.OL,2012-05-09,22.18000030517578,22.190000534057617,20.0,21.229999542236328,14.884811401367188,10445072
STB,STB.OL,2012-05-10,21.600000381469727,22.399999618530273,21.059999465942383,22.350000381469727,15.67006778717041,6845436
STB,STB.OL,2012-05-11,22.18000030517578,22.239999771118164,21.59000015258789,21.959999084472656,15.396631240844727,3602212
STB,STB.OL,2012-05-14,21.6299991607666,21.700000762939453,20.520000457763672,20.829999923706055,14.604361534118652,3188581
STB,STB.OL,2012-05-15,20.920000076293945,21.0,19.520000457763672,19.739999771118164,13.840141296386719,6055986
STB,STB.OL,2012-05-16,19.440000534057617,19.959999084472656,18.889999389648438,19.360000610351562,13.57371711730957,7346956
STB,STB.OL,2012-05-18,18.739999771118164,19.170000076293945,18.389999389648438,18.520000457763672,12.984773635864258,5155081
STB,STB.OL,2012-05-21,18.690000534057617,19.200000762939453,18.559999465942383,18.969999313354492,13.300276756286621,3329260
STB,STB.OL,2012-05-22,19.209999084472656,19.5,18.8700008392334,19.40999984741211,13.608772277832031,4263289
STB,STB.OL,2012-05-23,19.100000381469727,19.1200008392334,17.829999923706055,17.860000610351562,12.522031784057617,3582069
STB,STB.OL,2012-05-24,18.260000228881836,19.469999313354492,18.200000762939453,18.850000381469727,13.216143608093262,6511389
STB,STB.OL,2012-05-25,18.93000030517578,19.75,18.93000030517578,19.190000534057617,13.454524040222168,4511291
STB,STB.OL,2012-05-29,19.389999389648438,19.549999237060547,18.219999313354492,19.06999969482422,13.370388984680176,3520123
STB,STB.OL,2012-05-30,18.709999084472656,19.309999465942383,18.40999984741211,18.40999984741211,12.907649993896484,3996982
STB,STB.OL,2012-05-31,18.3700008392334,18.56999969482422,18.110000610351562,18.239999771118164,12.788460731506348,5044512
STB,STB.OL,2012-06-01,18.440000534057617,18.440000534057617,17.43000030517578,17.670000076293945,12.388819694519043,5560592
STB,STB.OL,2012-06-04,17.40999984741211,17.5,17.0,17.329999923706055,12.150437355041504,3097656
STB,STB.OL,2012-06-05,17.6200008392334,17.790000915527344,16.700000762939453,16.770000457763672,11.75780963897705,4146112
STB,STB.OL,2012-06-06,17.139999389648438,17.68000030517578,17.040000915527344,17.6299991607666,12.360774040222168,5294440
STB,STB.OL,2012-06-07,17.799999237060547,17.899999618530273,17.559999465942383,17.729999542236328,12.430886268615723,5884517
STB,STB.OL,2012-06-08,17.5,18.200000762939453,17.18000030517578,17.8799991607666,12.536055564880371,4258444
STB,STB.OL,2012-06-11,18.549999237060547,18.690000534057617,17.299999237060547,17.299999237060547,12.12940502166748,5716417
STB,STB.OL,2012-06-12,17.139999389648438,17.270000457763672,16.3799991607666,16.6200008392334,11.652642250061035,5327954
STB,STB.OL,2012-06-13,16.610000610351562,16.959999084472656,16.3700008392334,16.75,11.74378776550293,3906310
STB,STB.OL,2012-06-14,16.549999237060547,17.8799991607666,16.549999237060547,17.790000915527344,12.472955703735352,7140027
STB,STB.OL,2012-06-15,17.989999771118164,18.959999084472656,17.850000381469727,18.8799991607666,13.237174034118652,6587864
STB,STB.OL,2012-06-18,19.540000915527344,19.770000457763672,17.920000076293945,18.079999923706055,12.67628002166748,5359548
STB,STB.OL,2012-06-19,18.110000610351562,19.0,17.700000762939453,18.93000030517578,13.272233009338379,4895487
STB,STB.OL,2012-06-20,19.31999969482422,22.100000381469727,19.139999389648438,21.270000457763672,14.912857055664062,13266995
STB,STB.OL,2012-06-21,21.010000228881836,22.75,20.639999389648438,21.989999771118164,15.417664527893066,8957765
STB,STB.OL,2012-06-22,21.700000762939453,22.0,21.149999618530273,21.649999618530273,15.179282188415527,4319425
STB,STB.OL,2012-06-25,21.670000076293945,21.799999237060547,19.389999389648438,19.59000015258789,13.73497200012207,8297995
STB,STB.OL,2012-06-26,19.6299991607666,20.290000915527344,19.0,19.25,13.49659252166748,5302456
STB,STB.OL,2012-06-27,19.639999389648438,20.770000457763672,19.420000076293945,20.6299991607666,14.46413803100586,4398434
STB,STB.OL,2012-06-28,21.100000381469727,22.809999465942383,19.75,22.1299991607666,15.51582145690918,12151098
STB,STB.OL,2012-06-29,23.229999542236328,23.68000030517578,22.600000381469727,23.190000534057617,16.25901222229004,7674371
STB,STB.OL,2012-07-02,23.469999313354492,24.450000762939453,22.989999771118164,24.010000228881836,16.833932876586914,6245130
STB,STB.OL,2012-07-03,24.440000534057617,24.760000228881836,23.459999084472656,23.989999771118164,16.819908142089844,5252044
STB,STB.OL,2012-07-04,24.0,24.0,23.0,23.729999542236328,16.637617111206055,2662929
STB,STB.OL,2012-07-05,23.729999542236328,24.489999771118164,22.899999618530273,23.34000015258789,16.364179611206055,4154193
STB,STB.OL,2012-07-06,23.270000457763672,23.700000762939453,22.6200008392334,22.6200008392334,15.859373092651367,2524056
STB,STB.OL,2012-07-09,22.329999923706055,22.540000915527344,21.829999923706055,22.079999923706055,15.480767250061035,2684897
STB,STB.OL,2012-07-10,22.329999923706055,22.950000762939453,21.739999771118164,22.700000762939453,15.915462493896484,4775684
STB,STB.OL,2012-07-11,22.469999313354492,22.489999771118164,21.8700008392334,21.979999542236328,15.410652160644531,4194228
STB,STB.OL,2012-07-12,21.829999923706055,22.56999969482422,21.829999923706055,22.200000762939453,15.564901351928711,3812745
STB,STB.OL,2012-07-13,23.299999237060547,24.670000076293945,23.299999237060547,24.010000228881836,16.833932876586914,9458256
STB,STB.OL,2012-07-16,24.049999237060547,24.100000381469727,23.079999923706055,23.760000228881836,16.65865135192871,3738925
STB,STB.OL,2012-07-17,23.739999771118164,24.15999984741211,23.600000381469727,23.75,16.651639938354492,3128805
STB,STB.OL,2012-07-18,23.899999618530273,24.09000015258789,23.40999984741211,24.049999237060547,16.861976623535156,2180907
STB,STB.OL,2012-07-19,24.239999771118164,24.290000915527344,23.989999771118164,24.290000915527344,17.030244827270508,2928201
STB,STB.OL,2012-07-20,24.200000762939453,24.420000076293945,23.360000610351562,23.450000762939453,16.441303253173828,4084748
STB,STB.OL,2012-07-23,22.709999084472656,22.899999618530273,21.209999084472656,21.860000610351562,15.326519966125488,6901856
STB,STB.OL,2012-07-24,21.809999465942383,21.809999465942383,21.1200008392334,21.40999984741211,15.011013984680176,4486706
STB,STB.OL,2012-07-25,21.200000762939453,22.139999389648438,21.100000381469727,21.440000534057617,15.032047271728516,2638975
STB,STB.OL,2012-07-26,21.40999984741211,22.799999237060547,20.989999771118164,22.700000762939453,15.915462493896484,3033926
STB,STB.OL,2012-07-27,22.979999542236328,22.979999542236328,21.84000015258789,22.84000015258789,16.01361846923828,2284760
STB,STB.OL,2012-07-30,22.969999313354492,23.65999984741211,22.719999313354492,23.299999237060547,16.336132049560547,2295734
STB,STB.OL,2012-07-31,23.149999618530273,23.5,22.700000762939453,23.049999237060547,16.16085433959961,3017574
STB,STB.OL,2012-08-01,23.1200008392334,23.1200008392334,22.43000030517578,22.600000381469727,15.845348358154297,2429439
STB,STB.OL,2012-08-02,22.600000381469727,23.200000762939453,22.0,22.0,15.424675941467285,3793614
STB,STB.OL,2012-08-03,21.90999984741211,23.09000015258789,21.90999984741211,23.020000457763672,16.139820098876953,3128778
STB,STB.OL,2012-08-06,23.06999969482422,24.06999969482422,22.860000610351562,23.690000534057617,16.609575271606445,2626359
STB,STB.OL,2012-08-07,23.649999618530273,24.549999237060547,23.479999542236328,24.549999237060547,17.212535858154297,2914068
STB,STB.OL,2012-08-08,24.549999237060547,24.549999237060547,23.700000762939453,23.93000030517578,16.77783966064453,1661357
STB,STB.OL,2012-08-09,24.1200008392334,24.329999923706055,23.719999313354492,24.06999969482422,16.87599754333496,1820662
STB,STB.OL,2012-08-10,23.93000030517578,24.06999969482422,23.469999313354492,23.68000030517578,16.602561950683594,1760610
STB,STB.OL,2012-08-13,23.799999237060547,24.43000030517578,23.56999969482422,24.0,16.826921463012695,1895385
STB,STB.OL,2012-08-14,24.200000762939453,24.309999465942383,23.780000686645508,24.020000457763672,16.8409423828125,1898843
STB,STB.OL,2012-08-15,24.059999465942383,24.059999465942383,23.690000534057617,23.989999771118164,16.819908142089844,1241831
STB,STB.OL,2012-08-16,24.0,24.299999237060547,23.81999969482422,24.290000915527344,17.030244827270508,1690001
STB,STB.OL,2012-08-17,24.5,25.489999771118164,24.309999465942383,25.459999084472656,17.850557327270508,5159676
STB,STB.OL,2012-08-20,25.450000762939453,25.75,24.829999923706055,24.829999923706055,17.408849716186523,2244151
STB,STB.OL,2012-08-21,25.1299991607666,25.690000534057617,25.100000381469727,25.559999465942383,17.92066764831543,1747259
STB,STB.OL,2012-08-22,25.450000762939453,25.860000610351562,25.06999969482422,25.299999237060547,17.738378524780273,2143276
STB,STB.OL,2012-08-23,25.399999618530273,25.600000381469727,24.59000015258789,24.709999084472656,17.32471466064453,1813887
STB,STB.OL,2012-08-24,24.770000457763672,24.84000015258789,24.200000762939453,24.350000381469727,17.072311401367188,1432876
STB,STB.OL,2012-08-27,24.399999618530273,24.700000762939453,24.350000381469727,24.5,17.177480697631836,1141022
STB,STB.OL,2012-08-28,24.5,24.889999389648438,23.950000762939453,23.950000762939453,16.7918643951416,1533417
STB,STB.OL,2012-08-29,24.0,24.229999542236328,23.5,24.229999542236328,16.988174438476562,1646236
STB,STB.OL,2012-08-30,24.139999389648438,24.18000030517578,23.559999465942383,23.65999984741211,16.588539123535156,1513239
STB,STB.OL,2012-08-31,23.700000762939453,24.739999771118164,23.65999984741211,24.469999313354492,17.156448364257812,2366318
STB,STB.OL,2012-09-03,24.510000228881836,24.899999618530273,24.450000762939453,24.889999389648438,17.45092010498047,1080919
STB,STB.OL,2012-09-04,24.899999618530273,25.299999237060547,24.56999969482422,24.56999969482422,17.2265567779541,1777935
STB,STB.OL,2012-09-05,24.600000381469727,25.299999237060547,24.3799991607666,25.110000610351562,17.605167388916016,1550563
STB,STB.OL,2012-09-06,25.110000610351562,26.200000762939453,24.889999389648438,26.149999618530273,18.33432960510254,2694364
STB,STB.OL,2012-09-07,26.299999237060547,27.239999771118164,26.299999237060547,26.889999389648438,18.853160858154297,3996047
STB,STB.OL,2012-09-10,26.899999618530273,27.290000915527344,26.559999465942383,27.0,18.930282592773438,2042663
STB,STB.OL,2012-09-11,26.6299991607666,27.190000534057617,26.610000610351562,27.010000228881836,18.937297821044922,1701891
STB,STB.OL,2012-09-12,27.31999969482422,28.239999771118164,26.739999771118164,27.729999542236328,19.442102432250977,2954448
STB,STB.OL,2012-09-13,27.649999618530273,27.829999923706055,27.299999237060547,27.56999969482422,19.329923629760742,1820235
STB,STB.OL,2012-09-14,28.399999618530273,28.700000762939453,28.25,28.459999084472656,19.95391845703125,4376935
STB,STB.OL,2012-09-17,28.290000915527344,28.739999771118164,28.0,28.510000228881836,19.988981246948242,3039544
STB,STB.OL,2012-09-18,28.420000076293945,28.420000076293945,27.510000228881836,27.540000915527344,19.308895111083984,2670604
STB,STB.OL,2012-09-19,27.6299991607666,27.84000015258789,27.0,27.3799991607666,19.19671058654785,1623576
STB,STB.OL,2012-09-20,27.299999237060547,27.40999984741211,26.719999313354492,26.8799991607666,18.846147537231445,1741860
STB,STB.OL,2012-09-21,27.09000015258789,27.709999084472656,27.09000015258789,27.360000610351562,19.182687759399414,1467139
STB,STB.OL,2012-09-24,27.200000762939453,27.389999389648438,26.8799991607666,27.100000381469727,19.000396728515625,1407978
STB,STB.OL,2012-09-25,27.049999237060547,27.219999313354492,26.770000457763672,27.1299991607666,19.02142906188965,1200586
STB,STB.OL,2012-09-26,26.93000030517578,26.93000030517578,26.219999313354492,26.260000228881836,18.411457061767578,2161526
STB,STB.OL,2012-09-27,26.350000381469727,26.850000381469727,26.350000381469727,26.649999618530273,18.684892654418945,1867605
STB,STB.OL,2012-09-28,27.010000228881836,27.190000534057617,25.899999618530273,26.31999969482422,18.453521728515625,1182110
STB,STB.OL,2012-10-01,26.0,27.549999237060547,25.940000534057617,27.459999084472656,19.25279998779297,2952163
STB,STB.OL,2012-10-02,27.440000534057617,28.200000762939453,27.1299991607666,27.8700008392334,19.540260314941406,3317717
STB,STB.OL,2012-10-03,27.459999084472656,28.059999465942383,27.459999084472656,27.950000762939453,19.596351623535156,1781717
STB,STB.OL,2012-10-04,27.959999084472656,28.15999984741211,27.780000686645508,28.010000228881836,19.638418197631836,1465566
STB,STB.OL,2012-10-05,28.149999618530273,28.969999313354492,28.020000457763672,28.969999313354492,20.311491012573242,2077303
STB,STB.OL,2012-10-08,28.510000228881836,28.850000381469727,28.360000610351562,28.469999313354492,19.9609317779541,1532247
STB,STB.OL,2012-10-09,28.440000534057617,28.690000534057617,28.15999984741211,28.389999389648438,19.904842376708984,1190802
STB,STB.OL,2012-10-10,28.0,28.299999237060547,27.68000030517578,27.950000762939453,19.596351623535156,1255706
STB,STB.OL,2012-10-11,27.600000381469727,28.59000015258789,27.59000015258789,28.489999771118164,19.974956512451172,3008342
STB,STB.OL,2012-10-12,28.209999084472656,29.239999771118164,28.100000381469727,28.850000381469727,20.227357864379883,3419785
STB,STB.OL,2012-10-15,28.649999618530273,29.239999771118164,28.649999618530273,28.950000762939453,20.297473907470703,1583591
STB,STB.OL,2012-10-16,29.309999465942383,30.0,29.139999389648438,29.899999618530273,20.963537216186523,3829242
STB,STB.OL,2012-10-17,29.979999542236328,30.25,29.579999923706055,29.770000457763672,20.872390747070312,2741337
STB,STB.OL,2012-10-18,29.899999618530273,30.25,29.770000457763672,29.90999984741211,20.97054672241211,2111414
STB,STB.OL,2012-10-19,30.149999618530273,30.149999618530273,29.0,29.0,20.332529067993164,2052994
STB,STB.OL,2012-10-22,28.899999618530273,29.40999984741211,28.709999084472656,29.200000762939453,20.47275161743164,1654974
STB,STB.OL,2012-10-23,29.40999984741211,29.579999923706055,28.219999313354492,28.280000686645508,19.827720642089844,2312822
STB,STB.OL,2012-10-24,29.0,29.5,28.440000534057617,28.799999237060547,20.19230079650879,3201243
STB,STB.OL,2012-10-25,29.100000381469727,29.899999618530273,28.850000381469727,29.899999618530273,20.963537216186523,1768482
STB,STB.OL,2012-10-26,29.239999771118164,29.6200008392334,28.649999618530273,29.149999618530273,20.437694549560547,1608680
STB,STB.OL,2012-10-29,29.139999389648438,29.139999389648438,28.399999618530273,28.579999923706055,20.03805923461914,1186422
STB,STB.OL,2012-10-30,28.5,29.0,28.5,28.8700008392334,20.241382598876953,850402
STB,STB.OL,2012-10-31,29.100000381469727,29.299999237060547,28.610000610351562,28.75,20.15724754333496,983980
STB,STB.OL,2012-11-01,28.59000015258789,29.399999618530273,28.59000015258789,29.329999923706055,20.56389808654785,960625
STB,STB.OL,2012-11-02,29.309999465942383,29.540000915527344,29.040000915527344,29.040000915527344,20.360570907592773,1203489
STB,STB.OL,2012-11-05,28.969999313354492,28.969999313354492,28.200000762939453,28.610000610351562,20.059091567993164,1104718
STB,STB.OL,2012-11-06,28.670000076293945,29.40999984741211,28.6200008392334,29.059999465942383,20.374595642089844,969475
STB,STB.OL,2012-11-07,29.1299991607666,29.15999984741211,28.5,28.510000228881836,19.988981246948242,1760586
STB,STB.OL,2012-11-08,28.520000457763672,28.780000686645508,27.75,28.030000686645508,19.652441024780273,2206502
STB,STB.OL,2012-11-09,28.0,28.030000686645508,27.09000015258789,27.799999237060547,19.491182327270508,1745969
STB,STB.OL,2012-11-12,28.260000228881836,28.260000228881836,27.59000015258789,27.739999771118164,19.449113845825195,813877
STB,STB.OL,2012-11-13,27.6200008392334,27.670000076293945,26.93000030517578,27.290000915527344,19.133609771728516,1683985
STB,STB.OL,2012-11-14,27.290000915527344,27.989999771118164,27.149999618530273,27.190000534057617,19.06349754333496,1185148
STB,STB.OL,2012-11-15,26.899999618530273,27.139999389648438,26.649999618530273,26.799999237060547,18.79006004333496,1136548
STB,STB.OL,2012-11-16,26.799999237060547,26.8799991607666,25.31999969482422,25.729999542236328,18.03986167907715,3032234
STB,STB.OL,2012-11-19,26.149999618530273,27.040000915527344,26.09000015258789,27.020000457763672,18.944305419921875,1732117
STB,STB.OL,2012-11-20,27.049999237060547,27.59000015258789,26.739999771118164,27.549999237060547,19.315902709960938,1379691
STB,STB.OL,2012-11-21,27.299999237060547,27.649999618530273,27.06999969482422,27.420000076293945,19.224756240844727,870635
STB,STB.OL,2012-11-22,27.530000686645508,27.959999084472656,27.420000076293945,27.959999084472656,19.603361129760742,1178870
STB,STB.OL,2012-11-23,28.06999969482422,28.59000015258789,27.75,28.25,19.806684494018555,1081109
STB,STB.OL,2012-11-26,27.969999313354492,28.520000457763672,27.969999313354492,28.31999969482422,19.855764389038086,1350796
STB,STB.OL,2012-11-27,28.670000076293945,28.950000762939453,28.309999465942383,28.309999465942383,19.8487548828125,1106137
STB,STB.OL,2012-11-28,28.309999465942383,28.309999465942383,27.229999542236328,27.600000381469727,19.350955963134766,2124794
STB,STB.OL,2012-11-29,28.0,28.200000762939453,27.59000015258789,27.899999618530273,19.56129264831543,1921498
STB,STB.OL,2012-11-30,28.0,28.049999237060547,27.079999923706055,27.239999771118164,19.098554611206055,2552508
STB,STB.OL,2012-12-03,27.200000762939453,27.68000030517578,27.049999237060547,27.450000762939453,19.24578857421875,1211875
STB,STB.OL,2012-12-04,27.020000457763672,27.450000762939453,26.93000030517578,27.010000228881836,18.937297821044922,1542665
STB,STB.OL,2012-12-05,27.299999237060547,27.360000610351562,26.6200008392334,26.84000015258789,18.818105697631836,1954776
STB,STB.OL,2012-12-06,26.899999618530273,27.0,26.549999237060547,26.75,18.755006790161133,1875294
STB,STB.OL,2012-12-07,26.81999969482422,27.190000534057617,26.31999969482422,26.90999984741211,18.867185592651367,1471219
STB,STB.OL,2012-12-10,26.6200008392334,26.81999969482422,26.360000610351562,26.709999084472656,18.726959228515625,978039
STB,STB.OL,2012-12-11,26.709999084472656,26.989999771118164,26.520000457763672,26.90999984741211,18.867185592651367,1679570
STB,STB.OL,2012-12-12,26.8799991607666,27.1200008392334,26.75,27.100000381469727,19.000396728515625,1301125
STB,STB.OL,2012-12-13,27.020000457763672,27.5,26.899999618530273,27.450000762939453,19.24578857421875,1922802
STB,STB.OL,2012-12-14,27.389999389648438,27.450000762939453,26.979999542236328,27.100000381469727,19.000396728515625,1254716
STB,STB.OL,2012-12-17,26.850000381469727,27.1299991607666,26.700000762939453,26.850000381469727,18.825115203857422,1972739
STB,STB.OL,2012-12-18,26.950000762939453,27.100000381469727,26.65999984741211,26.700000762939453,18.71994972229004,1750775
STB,STB.OL,2012-12-19,26.850000381469727,27.100000381469727,26.709999084472656,26.780000686645508,18.776039123535156,1692024
STB,STB.OL,2012-12-20,26.59000015258789,27.09000015258789,26.479999542236328,26.84000015258789,18.818105697631836,2051948
STB,STB.OL,2012-12-21,26.799999237060547,26.979999542236328,26.489999771118164,26.979999542236328,18.916261672973633,1775645
STB,STB.OL,2012-12-27,26.959999084472656,27.270000457763672,26.950000762939453,27.200000762939453,19.070507049560547,897672
STB,STB.OL,2012-12-28,27.25,27.25,26.559999465942383,26.81999969482422,18.8040828704834,1243372
STB,STB.OL,2013-01-02,27.5,27.889999389648438,27.350000381469727,27.799999237060547,19.491182327270508,1685793
STB,STB.OL,2013-01-03,27.969999313354492,28.360000610351562,27.84000015258789,28.049999237060547,19.666461944580078,2286089
STB,STB.OL,2013-01-04,28.059999465942383,28.8799991607666,27.969999313354492,28.799999237060547,20.19230079650879,3267725
STB,STB.OL,2013-01-07,28.8799991607666,29.25,28.100000381469727,28.600000381469727,20.052080154418945,2899380
STB,STB.OL,2013-01-08,28.309999465942383,29.110000610351562,28.270000457763672,28.700000762939453,20.1221923828125,2183354
STB,STB.OL,2013-01-09,28.8700008392334,29.139999389648438,28.399999618530273,28.75,20.15724754333496,1606812
STB,STB.OL,2013-01-10,28.969999313354492,29.15999984741211,28.579999923706055,28.84000015258789,20.22035026550293,1287883
STB,STB.OL,2013-01-11,28.8799991607666,29.049999237060547,28.639999389648438,28.84000015258789,20.22035026550293,1426976
STB,STB.OL,2013-01-14,29.190000534057617,29.479999542236328,28.93000030517578,29.299999237060547,20.542861938476562,2348965
STB,STB.OL,2013-01-15,29.329999923706055,29.329999923706055,28.829999923706055,28.950000762939453,20.297473907470703,1562874
STB,STB.OL,2013-01-16,28.899999618530273,28.899999618530273,28.3799991607666,28.40999984741211,19.918865203857422,1979850
STB,STB.OL,2013-01-17,28.540000915527344,29.030000686645508,28.469999313354492,29.030000686645508,20.353561401367188,1388772
STB,STB.OL,2013-01-18,29.190000534057617,29.299999237060547,29.010000228881836,29.200000762939453,20.47275161743164,1453575
STB,STB.OL,2013-01-21,29.360000610351562,29.770000457763672,29.209999084472656,29.709999084472656,20.830322265625,1514286
STB,STB.OL,2013-01-22,29.899999618530273,29.90999984741211,29.239999771118164,29.31999969482422,20.556888580322266,1752546
STB,STB.OL,2013-01-23,29.559999465942383,29.559999465942383,28.920000076293945,29.09000015258789,20.3956298828125,1584611
STB,STB.OL,2013-01-24,29.219999313354492,29.5,28.860000610351562,29.229999542236328,20.493785858154297,1814174
STB,STB.OL,2013-01-25,29.290000915527344,29.469999313354492,29.100000381469727,29.280000686645508,20.528844833374023,1193275
STB,STB.OL,2013-01-28,29.299999237060547,29.399999618530273,28.65999984741211,28.75,20.15724754333496,1805761
STB,STB.OL,2013-01-29,28.780000686645508,28.950000762939453,28.5,28.790000915527344,20.18529510498047,1118726
STB,STB.OL,2013-01-30,28.790000915527344,28.799999237060547,28.040000915527344,28.420000076293945,19.925878524780273,2218933
STB,STB.OL,2013-01-31,28.34000015258789,28.399999618530273,27.899999618530273,28.010000228881836,19.638418197631836,2343770
STB,STB.OL,2013-02-01,28.0,28.530000686645508,27.989999771118164,28.399999618530273,19.91185188293457,1638547
STB,STB.OL,2013-02-04,28.770000457763672,29.059999465942383,28.15999984741211,28.43000030517578,19.932889938354492,3014020
STB,STB.OL,2013-02-05,28.049999237060547,28.559999465942383,27.75,28.399999618530273,19.91185188293457,3140841
STB,STB.OL,2013-02-06,28.579999923706055,28.84000015258789,28.139999389648438,28.139999389648438,19.729562759399414,2468467
STB,STB.OL,2013-02-07,28.200000762939453,28.850000381469727,27.940000534057617,28.479999542236328,19.967945098876953,2734999
STB,STB.OL,2013-02-08,28.520000457763672,28.93000030517578,28.520000457763672,28.81999969482422,20.20632553100586,2526946
STB,STB.OL,2013-02-11,28.969999313354492,29.110000610351562,28.68000030517578,28.739999771118164,20.15023422241211,1918352
STB,STB.OL,2013-02-12,29.010000228881836,29.940000534057617,29.0,29.75,20.858369827270508,4562973
STB,STB.OL,2013-02-13,28.5,28.5,26.739999771118164,27.25,19.105562210083008,15535316
STB,STB.OL,2013-02-14,27.549999237060547,27.729999542236328,26.920000076293945,27.040000915527344,18.958330154418945,7127123
STB,STB.OL,2013-02-15,27.06999969482422,27.139999389648438,26.530000686645508,27.040000915527344,18.958330154418945,3682989
STB,STB.OL,2013-02-18,26.979999542236328,27.200000762939453,26.690000534057617,27.100000381469727,19.000396728515625,3032453
STB,STB.OL,2013-02-19,27.110000610351562,27.280000686645508,26.899999618530273,27.040000915527344,18.958330154418945,3046074
STB,STB.OL,2013-02-20,27.139999389648438,27.290000915527344,26.90999984741211,27.100000381469727,19.000396728515625,2429433
STB,STB.OL,2013-02-21,26.84000015258789,26.8799991607666,26.479999542236328,26.649999618530273,18.684892654418945,2404304
STB,STB.OL,2013-02-22,26.6299991607666,26.940000534057617,26.549999237060547,26.829999923706055,18.811092376708984,1830846
STB,STB.OL,2013-02-25,27.079999923706055,27.790000915527344,26.8799991607666,27.579999923706055,19.33693504333496,2836349
STB,STB.OL,2013-02-26,26.520000457763672,26.959999084472656,26.5,26.850000381469727,18.825115203857422,2892706
STB,STB.OL,2013-02-27,26.8799991607666,27.1200008392334,25.31999969482422,26.030000686645508,18.25019645690918,3746117
STB,STB.OL,2013-02-28,26.34000015258789,26.3799991607666,25.829999923706055,25.829999923706055,18.10997200012207,3337276
STB,STB.OL,2013-03-01,25.799999237060547,26.049999237060547,25.200000762939453,25.549999237060547,17.913658142089844,2801083
STB,STB.OL,2013-03-04,25.40999984741211,25.489999771118164,24.81999969482422,25.09000015258789,17.59113883972168,2500684
STB,STB.OL,2013-03-05,25.299999237060547,26.31999969482422,25.299999237060547,26.200000762939453,18.369386672973633,3589874
STB,STB.OL,2013-03-06,26.18000030517578,26.59000015258789,26.149999618530273,26.459999084472656,18.55167579650879,1364580
STB,STB.OL,2013-03-07,26.559999465942383,26.93000030517578,26.450000762939453,26.579999923706055,18.635812759399414,1936578
STB,STB.OL,2013-03-08,26.700000762939453,27.280000686645508,26.649999618530273,27.010000228881836,18.937297821044922,2594711
STB,STB.OL,2013-03-11,24.799999237060547,25.579999923706055,24.280000686645508,25.229999542236328,17.689298629760742,10822123
STB,STB.OL,2013-03-12,25.270000457763672,25.799999237060547,25.25,25.25,17.703317642211914,4171778
STB,STB.OL,2013-03-13,25.290000915527344,25.520000457763672,25.049999237060547,25.209999084472656,17.675275802612305,1995050
STB,STB.OL,2013-03-14,25.350000381469727,26.6200008392334,25.299999237060547,26.610000610351562,18.65684700012207,4653965
STB,STB.OL,2013-03-15,26.700000762939453,26.700000762939453,25.75,26.020000457763672,18.24318504333496,7282117
STB,STB.OL,2013-03-18,25.290000915527344,25.59000015258789,25.110000610351562,25.350000381469727,17.773433685302734,2848108
STB,STB.OL,2013-03-19,25.3700008392334,25.790000915527344,25.1299991607666,25.1299991607666,17.619186401367188,2356934
STB,STB.OL,2013-03-20,25.079999923706055,25.260000228881836,24.40999984741211,24.690000534057617,17.310693740844727,4508451
STB,STB.OL,2013-03-21,24.979999542236328,24.979999542236328,24.100000381469727,24.149999618530273,16.932085037231445,2118937
STB,STB.OL,2013-03-22,24.100000381469727,24.329999923706055,23.709999084472656,24.020000457763672,16.8409423828125,2467868
STB,STB.OL,2013-03-25,24.270000457763672,24.479999542236328,23.260000228881836,23.31999969482422,16.350154876708984,1234046
STB,STB.OL,2013-03-26,23.489999771118164,23.65999984741211,23.1299991607666,23.260000228881836,16.308090209960938,1433325
STB,STB.OL,2013-03-27,23.149999618530273,23.270000457763672,22.510000228881836,22.649999618530273,15.880406379699707,1829855
STB,STB.OL,2013-04-02,22.84000015258789,22.850000381469727,22.170000076293945,22.389999389648438,15.698114395141602,3087620
STB,STB.OL,2013-04-03,22.5,23.3700008392334,22.450000762939453,23.06999969482422,16.174875259399414,3750190
STB,STB.OL,2013-04-04,23.149999618530273,24.549999237060547,23.149999618530273,23.579999923706055,16.532447814941406,7055908
STB,STB.OL,2013-04-05,23.700000762939453,24.200000762939453,23.420000076293945,23.690000534057617,16.609575271606445,6149694
STB,STB.OL,2013-04-08,23.899999618530273,24.010000228881836,23.309999465942383,23.350000381469727,16.37118911743164,2641434
STB,STB.OL,2013-04-09,23.65999984741211,24.059999465942383,23.559999465942383,23.979999542236328,16.812896728515625,3994418
STB,STB.OL,2013-04-10,24.149999618530273,24.600000381469727,24.1200008392334,24.600000381469727,17.247591018676758,3292958
STB,STB.OL,2013-04-11,24.899999618530273,25.350000381469727,24.600000381469727,25.030000686645508,17.549074172973633,3579379
STB,STB.OL,2013-04-12,25.06999969482422,25.1200008392334,24.360000610351562,24.489999771118164,17.17047119140625,1876409
STB,STB.OL,2013-04-15,24.530000686645508,24.559999465942383,23.799999237060547,24.09000015258789,16.89002227783203,1921152
STB,STB.OL,2013-04-16,24.0,24.25,23.6200008392334,24.190000534057617,16.960132598876953,2132026
STB,STB.OL,2013-04-17,24.280000686645508,24.280000686645508,23.530000686645508,23.700000762939453,16.616580963134766,2160936
STB,STB.OL,2013-04-18,23.760000228881836,23.889999389648438,22.950000762939453,23.06999969482422,16.174875259399414,2423866
STB,STB.OL,2013-04-19,23.329999923706055,23.770000457763672,23.299999237060547,23.450000762939453,16.441303253173828,1960421
STB,STB.OL,2013-04-22,23.200000762939453,23.530000686645508,22.90999984741211,23.149999618530273,16.230966567993164,2833797
STB,STB.OL,2013-04-23,23.290000915527344,23.780000686645508,22.850000381469727,23.670000076293945,16.595548629760742,3617544
STB,STB.OL,2013-04-24,24.600000381469727,25.979999542236328,24.600000381469727,25.209999084472656,17.675275802612305,9844734
STB,STB.OL,2013-04-25,25.549999237060547,25.8799991607666,25.280000686645508,25.709999084472656,18.025836944580078,4215562
STB,STB.OL,2013-04-26,25.65999984741211,25.979999542236328,25.360000610351562,25.979999542236328,18.215139389038086,2663953
STB,STB.OL,2013-04-29,26.040000915527344,27.18000030517578,25.959999084472656,26.360000610351562,18.481565475463867,2616270
STB,STB.OL,2013-04-30,26.25,26.43000030517578,25.950000762939453,26.200000762939453,18.369386672973633,2311201
STB,STB.OL,2013-05-02,26.030000686645508,26.420000076293945,25.799999237060547,25.889999389648438,18.15203857421875,1714287
STB,STB.OL,2013-05-03,26.010000228881836,26.649999618530273,25.790000915527344,26.639999389648438,18.677881240844727,2185170
STB,STB.OL,2013-05-06,26.510000228881836,26.979999542236328,26.510000228881836,26.81999969482422,18.8040828704834,1922515
STB,STB.OL,2013-05-07,26.829999923706055,27.18000030517578,26.56999969482422,27.010000228881836,18.937297821044922,2329735
STB,STB.OL,2013-05-08,27.010000228881836,27.309999465942383,26.65999984741211,26.799999237060547,18.79006004333496,2691083
STB,STB.OL,2013-05-10,26.520000457763672,27.030000686645508,26.520000457763672,26.739999771118164,18.747995376586914,1366599
STB,STB.OL,2013-05-13,26.729999542236328,26.969999313354492,26.540000915527344,26.729999542236328,18.74098014831543,1483003
STB,STB.OL,2013-05-14,26.760000228881836,27.040000915527344,26.729999542236328,26.770000457763672,18.769027709960938,1992835
STB,STB.OL,2013-05-15,26.770000457763672,27.0,26.56999969482422,26.75,18.755006790161133,1551263
STB,STB.OL,2013-05-16,26.68000030517578,27.020000457763672,26.649999618530273,26.8799991607666,18.846147537231445,2189826
STB,STB.OL,2013-05-21,26.950000762939453,27.200000762939453,26.760000228881836,26.899999618530273,18.860172271728516,1979856
STB,STB.OL,2013-05-22,27.059999465942383,27.190000534057617,26.920000076293945,27.190000534057617,19.06349754333496,1326566
STB,STB.OL,2013-05-23,26.600000381469727,26.649999618530273,26.049999237060547,26.399999618530273,18.509613037109375,2303775
STB,STB.OL,2013-05-24,26.610000610351562,26.729999542236328,26.06999969482422,26.360000610351562,18.481565475463867,2734826
STB,STB.OL,2013-05-27,26.399999618530273,26.780000686645508,26.399999618530273,26.75,18.755006790161133,860820
STB,STB.OL,2013-05-28,26.760000228881836,27.110000610351562,26.760000228881836,27.0,18.930282592773438,1817639
STB,STB.OL,2013-05-29,26.799999237060547,27.06999969482422,26.790000915527344,26.899999618530273,18.860172271728516,1687821
STB,STB.OL,2013-05-30,26.790000915527344,27.860000610351562,26.790000915527344,27.75,19.45612335205078,3040624
STB,STB.OL,2013-05-31,27.860000610351562,28.149999618530273,27.510000228881836,27.889999389648438,19.55428123474121,2733708
STB,STB.OL,2013-06-03,27.59000015258789,28.06999969482422,27.270000457763672,27.940000534057617,19.589338302612305,1837196
STB,STB.OL,2013-06-04,27.940000534057617,28.600000381469727,27.940000534057617,28.420000076293945,19.925878524780273,2599338
STB,STB.OL,2013-06-05,28.1200008392334,28.459999084472656,28.1200008392334,28.299999237060547,19.84174156188965,1599396
STB,STB.OL,2013-06-06,28.15999984741211,28.239999771118164,27.56999969482422,27.8700008392334,19.540260314941406,1735264
STB,STB.OL,2013-06-07,27.899999618530273,28.219999313354492,27.260000228881836,28.110000610351562,19.708532333374023,1457837
STB,STB.OL,2013-06-10,28.110000610351562,28.889999389648438,28.100000381469727,28.309999465942383,19.8487548828125,1475294
STB,STB.OL,2013-06-11,28.1200008392334,28.260000228881836,27.889999389648438,28.049999237060547,19.666461944580078,2150650
STB,STB.OL,2013-06-12,28.170000076293945,28.59000015258789,28.049999237060547,28.079999923706055,19.687496185302734,1591735
STB,STB.OL,2013-06-13,27.780000686645508,28.389999389648438,27.350000381469727,28.360000610351562,19.883808135986328,1680637
STB,STB.OL,2013-06-14,28.450000762939453,28.68000030517578,28.31999969482422,28.5,19.981966018676758,1291096
STB,STB.OL,2013-06-17,28.5,28.780000686645508,28.260000228881836,28.700000762939453,20.1221923828125,1289954
STB,STB.OL,2013-06-18,28.600000381469727,29.40999984741211,28.600000381469727,29.190000534057617,20.465740203857422,2360112
STB,STB.OL,2013-06-19,29.389999389648438,29.559999465942383,28.600000381469727,28.709999084472656,20.129201889038086,3043504
STB,STB.OL,2013-06-20,28.270000457763672,28.75,28.040000915527344,28.510000228881836,19.988981246948242,2170268
STB,STB.OL,2013-06-21,28.479999542236328,28.700000762939453,28.149999618530273,28.299999237060547,19.84174156188965,1550546
STB,STB.OL,2013-06-24,28.299999237060547,28.299999237060547,27.219999313354492,27.219999313354492,19.084531784057617,1691179
STB,STB.OL,2013-06-25,27.440000534057617,28.079999923706055,27.280000686645508,27.850000381469727,19.5262393951416,1804220
STB,STB.OL,2013-06-26,27.889999389648438,29.010000228881836,27.889999389648438,29.010000228881836,20.339540481567383,2539530
STB,STB.OL,2013-06-27,29.010000228881836,29.920000076293945,29.010000228881836,29.920000076293945,20.97756004333496,2496605
STB,STB.OL,2013-06-28,29.799999237060547,29.899999618530273,29.059999465942383,29.299999237060547,20.542861938476562,1691512
STB,STB.OL,2013-07-01,29.399999618530273,30.0,29.360000610351562,30.0,21.033649444580078,2156750
STB,STB.OL,2013-07-02,29.950000762939453,30.0,29.459999084472656,29.709999084472656,20.830322265625,1741427
STB,STB.OL,2013-07-03,29.389999389648438,29.440000534057617,28.559999465942383,28.8700008392334,20.241382598876953,2527549
STB,STB.OL,2013-07-04,29.06999969482422,29.510000228881836,28.709999084472656,29.40999984741211,20.61998748779297,2218535
STB,STB.OL,2013-07-05,29.309999465942383,29.530000686645508,29.0,29.209999084472656,20.47976303100586,1954672
STB,STB.OL,2013-07-08,29.31999969482422,29.639999389648438,28.81999969482422,29.579999923706055,20.739179611206055,1572271
STB,STB.OL,2013-07-09,29.530000686645508,30.25,29.530000686645508,29.75,20.858369827270508,2027455
STB,STB.OL,2013-07-10,29.75,30.100000381469727,29.739999771118164,30.0,21.033649444580078,1771492
STB,STB.OL,2013-07-11,30.31999969482422,30.899999618530273,30.280000686645508,30.700000762939453,21.52443504333496,2672622
STB,STB.OL,2013-07-12,30.700000762939453,31.229999542236328,30.299999237060547,31.0,21.734773635864258,2450432
STB,STB.OL,2013-07-15,31.25,32.779998779296875,31.25,32.43000030517578,22.737375259399414,3697168
STB,STB.OL,2013-07-16,32.400001525878906,32.4900016784668,31.8799991607666,32.0,22.43589210510254,1990649
STB,STB.OL,2013-07-17,32.06999969482422,32.099998474121094,31.56999969482422,31.649999618530273,22.190500259399414,1452179
STB,STB.OL,2013-07-18,31.5,32.06999969482422,31.3799991607666,31.989999771118164,22.428878784179688,1320310
STB,STB.OL,2013-07-19,31.600000381469727,32.38999938964844,31.549999237060547,32.209999084472656,22.583127975463867,1310188
STB,STB.OL,2013-07-22,32.040000915527344,32.540000915527344,32.040000915527344,32.5099983215332,22.7934627532959,989374
STB,STB.OL,2013-07-23,32.56999969482422,33.41999816894531,32.52000045776367,33.16999816894531,23.256202697753906,1389052
STB,STB.OL,2013-07-24,33.779998779296875,34.40999984741211,33.5099983215332,34.400001525878906,24.11858558654785,3146320
STB,STB.OL,2013-07-25,34.5,34.5,33.310001373291016,33.810001373291016,23.70492172241211,1645070
STB,STB.OL,2013-07-26,34.11000061035156,34.220001220703125,33.900001525878906,34.130001068115234,23.929283142089844,1015951
STB,STB.OL,2013-07-29,34.11000061035156,34.16999816894531,33.7599983215332,34.0,23.838134765625,1374924
STB,STB.OL,2013-07-30,33.939998626708984,34.0,33.619998931884766,33.7400016784668,23.65584945678711,1870174
STB,STB.OL,2013-07-31,33.54999923706055,34.099998474121094,33.54999923706055,33.90999984741211,23.775035858154297,1438937
STB,STB.OL,2013-08-01,34.0,34.400001525878906,33.75,34.220001220703125,23.99238395690918,2091142
STB,STB.OL,2013-08-02,34.400001525878906,34.59000015258789,34.279998779296875,34.4900016784668,24.18168830871582,1030292
STB,STB.OL,2013-08-05,34.5099983215332,34.63999938964844,34.41999816894531,34.5,24.188697814941406,1120108
STB,STB.OL,2013-08-06,34.400001525878906,34.529998779296875,34.02000045776367,34.099998474121094,23.908246994018555,829854
STB,STB.OL,2013-08-07,34.04999923706055,34.290000915527344,33.59000015258789,34.09000015258789,23.901235580444336,788522
STB,STB.OL,2013-08-08,33.93000030517578,34.54999923706055,33.93000030517578,34.5099983215332,24.195709228515625,659196
STB,STB.OL,2013-08-09,34.45000076293945,34.5099983215332,34.349998474121094,34.45000076293945,24.153640747070312,879184
STB,STB.OL,2013-08-12,34.43000030517578,34.79999923706055,34.380001068115234,34.619998931884766,24.272830963134766,1239962
STB,STB.OL,2013-08-13,34.66999816894531,34.779998779296875,34.040000915527344,34.150001525878906,23.94330406188965,848809
STB,STB.OL,2013-08-14,34.150001525878906,34.58000183105469,33.849998474121094,34.540000915527344,24.21674346923828,1524978
STB,STB.OL,2013-08-15,34.36000061035156,34.630001068115234,34.34000015258789,34.4900016784668,24.18168830871582,1899449
STB,STB.OL,2013-08-16,34.400001525878906,34.630001068115234,34.279998779296875,34.599998474121094,24.25881004333496,1196972
STB,STB.OL,2013-08-19,34.58000183105469,35.130001068115234,34.5099983215332,35.130001068115234,24.63040542602539,1243371
STB,STB.OL,2013-08-20,34.95000076293945,34.95000076293945,34.130001068115234,34.189998626708984,23.971345901489258,1720061
STB,STB.OL,2013-08-21,34.29999923706055,35.08000183105469,34.290000915527344,34.86000061035156,24.44110107421875,1408999
STB,STB.OL,2013-08-22,34.849998474121094,36.029998779296875,34.7599983215332,35.84000015258789,25.12820053100586,1916888
STB,STB.OL,2013-08-23,36.0,36.16999816894531,35.54999923706055,35.900001525878906,25.170269012451172,1320638
STB,STB.OL,2013-08-26,35.95000076293945,35.95000076293945,35.06999969482422,35.220001220703125,24.69350242614746,662813
STB,STB.OL,2013-08-27,34.90999984741211,35.43000030517578,34.630001068115234,34.720001220703125,24.34294319152832,1455241
STB,STB.OL,2013-08-28,34.650001525878906,34.75,34.18000030517578,34.56999969482422,24.237775802612305,823970
STB,STB.OL,2013-08-29,34.619998931884766,35.08000183105469,34.59000015258789,34.81999969482422,24.413053512573242,836210
STB,STB.OL,2013-08-30,34.869998931884766,35.11000061035156,34.119998931884766,34.279998779296875,24.03445053100586,1079200
STB,STB.OL,2013-09-02,34.29999923706055,35.540000915527344,34.29999923706055,35.33000183105469,24.770627975463867,1489007
STB,STB.OL,2013-09-03,35.36000061035156,35.54999923706055,34.869998931884766,35.220001220703125,24.69350242614746,766419
STB,STB.OL,2013-09-04,35.279998779296875,35.290000915527344,34.540000915527344,34.869998931884766,24.448110580444336,812422
STB,STB.OL,2013-09-05,34.90999984741211,35.70000076293945,34.90999984741211,35.459999084472656,24.861772537231445,1465345
STB,STB.OL,2013-09-06,35.45000076293945,36.54999923706055,35.400001525878906,36.18000030517578,25.36658477783203,1737663
STB,STB.OL,2013-09-09,36.06999969482422,37.130001068115234,36.040000915527344,36.599998474121094,25.661046981811523,1693576
STB,STB.OL,2013-09-10,36.86000061035156,38.06999969482422,36.79999923706055,37.88999938964844,26.56549835205078,1631244
STB,STB.OL,2013-09-11,37.9900016784668,38.2400016784668,37.43000030517578,37.599998474121094,26.362173080444336,1288480
STB,STB.OL,2013-09-12,37.86000061035156,37.90999984741211,37.08000183105469,37.349998474121094,26.1868953704834,880816
STB,STB.OL,2013-09-13,37.29999923706055,37.38999938964844,36.86000061035156,36.95000076293945,25.90644645690918,559038
STB,STB.OL,2013-09-16,37.369998931884766,37.5,37.04999923706055,37.2400016784668,26.109771728515625,773570
STB,STB.OL,2013-09-17,37.15999984741211,37.310001373291016,36.86000061035156,37.2400016784668,26.109771728515625,521166
STB,STB.OL,2013-09-18,37.11000061035156,37.380001068115234,36.81999969482422,36.970001220703125,25.920467376708984,635269
STB,STB.OL,2013-09-19,37.2400016784668,37.2400016784668,34.5099983215332,34.56999969482422,24.237775802612305,3785133
STB,STB.OL,2013-09-20,34.459999084472656,35.63999938964844,34.310001373291016,35.099998474121094,24.60936737060547,2465230
STB,STB.OL,2013-09-23,35.18000030517578,35.84000015258789,35.04999923706055,35.119998931884766,24.62339210510254,1176537
STB,STB.OL,2013-09-24,35.08000183105469,35.5099983215332,34.779998779296875,35.459999084472656,24.861772537231445,751291
STB,STB.OL,2013-09-25,35.36000061035156,35.52000045776367,35.0099983215332,35.0099983215332,24.546268463134766,621693
STB,STB.OL,2013-09-26,35.0,35.119998931884766,34.040000915527344,34.5,24.188697814941406,1780036
STB,STB.OL,2013-09-27,34.5,34.68000030517578,34.18000030517578,34.209999084472656,23.98537254333496,831122
STB,STB.OL,2013-09-30,33.86000061035156,34.0,33.09000015258789,33.31999969482422,23.361371994018555,1319550
STB,STB.OL,2013-10-01,33.31999969482422,33.650001525878906,33.22999954223633,33.59000015258789,23.550676345825195,976370
STB,STB.OL,2013-10-02,33.689998626708984,34.88999938964844,33.689998626708984,34.66999816894531,24.307886123657227,1757560
STB,STB.OL,2013-10-03,34.869998931884766,34.869998931884766,33.939998626708984,34.45000076293945,24.153640747070312,1317275
STB,STB.OL,2013-10-04,34.439998626708984,34.720001220703125,34.0,34.619998931884766,24.272830963134766,905203
STB,STB.OL,2013-10-07,34.43000030517578,34.47999954223633,33.95000076293945,34.209999084472656,23.98537254333496,688700
STB,STB.OL,2013-10-08,34.38999938964844,34.38999938964844,33.650001525878906,33.869998931884766,23.746986389160156,831877
STB,STB.OL,2013-10-09,33.790000915527344,34.11000061035156,33.5,34.11000061035156,23.91526222229004,1293633
STB,STB.OL,2013-10-10,34.459999084472656,35.56999969482422,34.36000061035156,35.56999969482422,24.93889808654785,1683074
STB,STB.OL,2013-10-11,35.79999923706055,35.79999923706055,34.90999984741211,35.209999084472656,24.686492919921875,878834
STB,STB.OL,2013-10-14,35.11000061035156,35.38999938964844,34.77000045776367,35.33000183105469,24.770627975463867,720584
STB,STB.OL,2013-10-15,35.630001068115234,36.0,35.5,35.93000030517578,25.191301345825195,966844
STB,STB.OL,2013-10-16,35.58000183105469,36.099998474121094,35.52000045776367,36.099998474121094,25.310487747192383,1075687
STB,STB.OL,2013-10-17,36.099998474121094,36.27000045776367,35.439998626708984,36.16999816894531,25.359567642211914,973313
STB,STB.OL,2013-10-18,35.099998474121094,35.349998474121094,34.560001373291016,35.349998474121094,24.784650802612305,7813065
STB,STB.OL,2013-10-21,35.2599983215332,35.689998626708984,34.83000183105469,35.459999084472656,24.861772537231445,2847196
STB,STB.OL,2013-10-22,35.58000183105469,36.119998931884766,35.20000076293945,35.650001525878906,24.9949893951416,1497140
STB,STB.OL,2013-10-23,35.40999984741211,35.5,35.04999923706055,35.31999969482422,24.76361656188965,1088913
STB,STB.OL,2013-10-24,35.33000183105469,35.79999923706055,35.31999969482422,35.5,24.889820098876953,1350573
STB,STB.OL,2013-10-25,35.400001525878906,35.650001525878906,35.040000915527344,35.16999816894531,24.658449172973633,1618217
STB,STB.OL,2013-10-28,35.36000061035156,35.81999969482422,35.13999938964844,35.150001525878906,24.644426345825195,1496081
STB,STB.OL,2013-10-29,35.59000015258789,36.970001220703125,35.25,36.849998474121094,25.836326599121094,3788387
STB,STB.OL,2013-10-30,38.439998626708984,39.439998626708984,37.5099983215332,39.0,27.343746185302734,8101072
STB,STB.OL,2013-10-31,38.95000076293945,39.20000076293945,38.040000915527344,38.439998626708984,26.951108932495117,3379934
STB,STB.OL,2013-11-01,38.560001373291016,39.150001525878906,38.290000915527344,38.5099983215332,27.000194549560547,2506996
STB,STB.OL,2013-11-04,38.599998474121094,38.79999923706055,38.220001220703125,38.400001525878906,26.923070907592773,1646363
STB,STB.OL,2013-11-05,38.47999954223633,38.599998474121094,37.900001525878906,38.20000076293945,26.78285026550293,1570019
STB,STB.OL,2013-11-06,38.52000045776367,38.75,38.029998779296875,38.54999923706055,27.028234481811523,1503305
STB,STB.OL,2013-11-07,38.459999084472656,38.91999816894531,37.5,37.5,26.29205894470215,3378343
STB,STB.OL,2013-11-08,37.150001525878906,37.43000030517578,36.70000076293945,37.04999923706055,25.9765567779541,3366616
STB,STB.OL,2013-11-11,37.220001220703125,38.15999984741211,37.09000015258789,37.900001525878906,26.572513580322266,1515266
STB,STB.OL,2013-11-12,37.95000076293945,38.099998474121094,37.45000076293945,37.599998474121094,26.362173080444336,936202
STB,STB.OL,2013-11-13,37.58000183105469,37.720001220703125,37.09000015258789,37.310001373291016,26.158849716186523,761641
STB,STB.OL,2013-11-14,37.59000015258789,38.0,37.41999816894531,37.689998626708984,26.425273895263672,1546452
STB,STB.OL,2013-11-15,37.790000915527344,37.91999816894531,37.529998779296875,37.619998931884766,26.376197814941406,814079
STB,STB.OL,2013-11-18,37.7400016784668,37.900001525878906,37.5099983215332,37.79999923706055,26.502397537231445,913748
STB,STB.OL,2013-11-19,37.65999984741211,37.70000076293945,37.380001068115234,37.650001525878906,26.397228240966797,1063816
STB,STB.OL,2013-11-20,37.54999923706055,37.959999084472656,36.91999816894531,37.150001525878906,26.04667091369629,1657882
STB,STB.OL,2013-11-21,36.849998474121094,37.04999923706055,36.540000915527344,36.95000076293945,25.90644645690918,1835661
STB,STB.OL,2013-11-22,37.16999816894531,37.58000183105469,37.16999816894531,37.4900016784668,26.285045623779297,1092618
STB,STB.OL,2013-11-25,37.599998474121094,37.83000183105469,37.25,37.2599983215332,26.12379264831543,1286722
STB,STB.OL,2013-11-26,37.279998779296875,37.599998474121094,37.16999816894531,37.279998779296875,26.1378173828125,915451
STB,STB.OL,2013-11-27,37.400001525878906,37.900001525878906,37.29999923706055,37.70000076293945,26.432287216186523,1125210
STB,STB.OL,2013-11-28,37.63999938964844,37.880001068115234,37.56999969482422,37.56999969482422,26.341136932373047,1008630
STB,STB.OL,2013-11-29,37.54999923706055,37.849998474121094,37.529998779296875,37.79999923706055,26.502397537231445,566192
STB,STB.OL,2013-12-02,37.650001525878906,37.720001220703125,37.2599983215332,37.40999984741211,26.228958129882812,871725
STB,STB.OL,2013-12-03,37.27000045776367,37.40999984741211,36.72999954223633,36.72999954223633,25.752197265625,1241427
STB,STB.OL,2013-12-04,37.0,37.0099983215332,36.22999954223633,36.58000183105469,25.647029876708984,1222811
STB,STB.OL,2013-12-05,36.5,36.869998931884766,36.40999984741211,36.47999954223633,25.576921463012695,834468
STB,STB.OL,2013-12-06,37.18000030517578,37.18000030517578,36.16999816894531,36.380001068115234,25.50680923461914,1302674
STB,STB.OL,2013-12-09,36.529998779296875,36.560001373291016,36.22999954223633,36.31999969482422,25.464740753173828,842564
STB,STB.OL,2013-12-10,36.279998779296875,36.400001525878906,36.02000045776367,36.08000183105469,25.296470642089844,749824
STB,STB.OL,2013-12-11,36.0,36.18000030517578,35.70000076293945,35.77000045776367,25.079120635986328,1126098
STB,STB.OL,2013-12-12,35.529998779296875,36.0099983215332,35.29999923706055,35.959999084472656,25.212329864501953,1099746
STB,STB.OL,2013-12-13,35.63999938964844,35.63999938964844,34.689998626708984,34.7599983215332,24.370986938476562,3418273
STB,STB.OL,2013-12-16,34.70000076293945,35.18000030517578,34.63999938964844,35.0,24.539257049560547,1331972
STB,STB.OL,2013-12-17,35.08000183105469,35.11000061035156,34.70000076293945,34.90999984741211,24.47615623474121,820649
STB,STB.OL,2013-12-18,34.90999984741211,35.2599983215332,34.779998779296875,35.18000030517578,24.66545867919922,1305064
STB,STB.OL,2013-12-19,35.4900016784668,37.08000183105469,35.459999084472656,36.790000915527344,25.794267654418945,4034483
STB,STB.OL,2013-12-20,36.369998931884766,37.34000015258789,36.34000015258789,37.31999969482422,26.165861129760742,1163902
STB,STB.OL,2013-12-23,37.439998626708984,37.7400016784668,37.29999923706055,37.29999923706055,26.151836395263672,590139
STB,STB.OL,2013-12-27,37.439998626708984,37.9900016784668,37.439998626708984,37.9900016784668,26.63561248779297,489356
STB,STB.OL,2013-12-30,38.0,38.150001525878906,37.52000045776367,37.900001525878906,26.572513580322266,687461
STB,STB.OL,2014-01-02,38.13999938964844,39.4900016784668,37.56999969482422,38.83000183105469,27.224552154541016,2627246
STB,STB.OL,2014-01-03,39.029998779296875,39.099998474121094,38.5099983215332,38.93000030517578,27.294666290283203,1288175
STB,STB.OL,2014-01-06,38.939998626708984,39.400001525878906,38.720001220703125,38.880001068115234,27.25960922241211,555688
STB,STB.OL,2014-01-07,38.880001068115234,39.15999984741211,38.61000061035156,38.72999954223633,27.15443992614746,1052820
STB,STB.OL,2014-01-08,39.08000183105469,39.900001525878906,38.939998626708984,39.369998931884766,27.60315704345703,2354578
STB,STB.OL,2014-01-09,39.439998626708984,40.0,39.15999984741211,39.900001525878906,27.97475814819336,2504549
STB,STB.OL,2014-01-10,39.900001525878906,40.13999938964844,39.2599983215332,39.43000030517578,27.64522361755371,3148248
STB,STB.OL,2014-01-13,39.779998779296875,40.650001525878906,39.47999954223633,40.650001525878906,28.50059700012207,2149306
STB,STB.OL,2014-01-14,40.20000076293945,40.47999954223633,39.5099983215332,39.7400016784668,27.862577438354492,1587757
STB,STB.OL,2014-01-15,39.95000076293945,40.310001373291016,39.61000061035156,39.779998779296875,27.8906192779541,1811872
STB,STB.OL,2014-01-16,39.880001068115234,39.97999954223633,39.0099983215332,39.290000915527344,27.547069549560547,1733893
STB,STB.OL,2014-01-17,39.310001373291016,40.040000915527344,39.290000915527344,39.88999938964844,27.967742919921875,1555382
STB,STB.OL,2014-01-20,39.900001525878906,40.0,39.22999954223633,39.310001373291016,27.561092376708984,924286
STB,STB.OL,2014-01-21,39.52000045776367,39.650001525878906,39.16999816894531,39.2599983215332,27.526033401489258,917240
STB,STB.OL,2014-01-22,39.209999084472656,39.38999938964844,38.81999969482422,39.0,27.343746185302734,858922
STB,STB.OL,2014-01-23,38.7599983215332,39.380001068115234,38.5,38.75,27.1684627532959,702334
STB,STB.OL,2014-01-24,38.79999923706055,38.86000061035156,37.310001373291016,37.43000030517578,26.242984771728516,1877106
STB,STB.OL,2014-01-27,37.15999984741211,37.20000076293945,36.709999084472656,36.790000915527344,25.794267654418945,1256475
STB,STB.OL,2014-01-28,37.040000915527344,38.02000045776367,36.95000076293945,38.0,26.642623901367188,1410824
STB,STB.OL,2014-01-29,38.470001220703125,38.83000183105469,37.060001373291016,37.41999816894531,26.235971450805664,2054829
STB,STB.OL,2014-01-30,37.5,38.06999969482422,37.470001220703125,37.790000915527344,26.495386123657227,784285
STB,STB.OL,2014-01-31,37.88999938964844,37.970001220703125,37.040000915527344,37.310001373291016,26.158849716186523,886625
STB,STB.OL,2014-02-03,37.400001525878906,37.58000183105469,36.22999954223633,36.22999954223633,25.401636123657227,1635617
STB,STB.OL,2014-02-04,35.91999816894531,36.16999816894531,34.959999084472656,36.119998931884766,25.324514389038086,2881141
STB,STB.OL,2014-02-05,36.29999923706055,36.7599983215332,36.189998626708984,36.20000076293945,25.380605697631836,1108157
STB,STB.OL,2014-02-06,36.5,38.970001220703125,36.290000915527344,38.970001220703125,27.322708129882812,3069732
STB,STB.OL,2014-02-07,37.959999084472656,37.970001220703125,37.02000045776367,37.439998626708984,26.249990463256836,2849113
STB,STB.OL,2014-02-10,37.540000915527344,37.61000061035156,37.189998626708984,37.400001525878906,26.221946716308594,1242055
STB,STB.OL,2014-02-11,37.619998931884766,38.279998779296875,37.61000061035156,38.279998779296875,26.838932037353516,2172349
STB,STB.OL,2014-02-12,38.0,38.099998474121094,36.400001525878906,37.02000045776367,25.955520629882812,3968356
STB,STB.OL,2014-02-13,37.02000045776367,37.060001373291016,36.2599983215332,36.439998626708984,25.548871994018555,2087610
STB,STB.OL,2014-02-14,36.66999816894531,36.77000045776367,36.40999984741211,36.7599983215332,25.77322769165039,1414336
STB,STB.OL,2014-02-17,36.7599983215332,37.09000015258789,36.5099983215332,36.59000015258789,25.65403938293457,2574872
STB,STB.OL,2014-02-18,36.560001373291016,36.58000183105469,36.060001373291016,36.150001525878906,25.345550537109375,1644342
STB,STB.OL,2014-02-19,36.20000076293945,36.27000045776367,35.90999984741211,36.09000015258789,25.30348014831543,1984651
STB,STB.OL,2014-02-20,35.630001068115234,36.18000030517578,35.5099983215332,36.099998474121094,25.310487747192383,1302947
STB,STB.OL,2014-02-21,36.220001220703125,37.470001220703125,36.119998931884766,37.18000030517578,26.067707061767578,1762745
STB,STB.OL,2014-02-24,37.16999816894531,37.720001220703125,36.939998626708984,37.40999984741211,26.228958129882812,1194250
STB,STB.OL,2014-02-25,37.540000915527344,37.540000915527344,36.900001525878906,37.13999938964844,26.039655685424805,1531103
STB,STB.OL,2014-02-26,37.79999923706055,38.34000015258789,37.5,37.95000076293945,26.607568740844727,18826629
STB,STB.OL,2014-02-27,37.84000015258789,38.099998474121094,37.2599983215332,37.5,26.29205894470215,3439140
STB,STB.OL,2014-02-28,37.540000915527344,38.0,37.52000045776367,38.0,26.642623901367188,3215471
STB,STB.OL,2014-03-03,37.45000076293945,37.4900016784668,36.7599983215332,36.77000045776367,25.780241012573242,2419334
STB,STB.OL,2014-03-04,37.209999084472656,37.400001525878906,36.79999923706055,37.369998931884766,26.200916290283203,3276756
STB,STB.OL,2014-03-05,37.38999938964844,37.43000030517578,37.06999969482422,37.25,26.11678123474121,1259519
STB,STB.OL,2014-03-06,37.34000015258789,37.970001220703125,37.33000183105469,37.7400016784668,26.460330963134766,1943475
STB,STB.OL,2014-03-07,37.72999954223633,37.900001525878906,37.310001373291016,37.310001373291016,26.158849716186523,1279402
STB,STB.OL,2014-03-10,37.0,37.540000915527344,36.52000045776367,36.65999984741211,25.70311737060547,1436417
STB,STB.OL,2014-03-11,36.900001525878906,37.040000915527344,36.650001525878906,37.0,25.941497802734375,998083
STB,STB.OL,2014-03-12,36.900001525878906,36.9900016784668,35.970001220703125,36.20000076293945,25.380605697631836,1847128
STB,STB.OL,2014-03-13,36.70000076293945,36.70000076293945,35.5099983215332,35.70000076293945,25.030038833618164,1956781
STB,STB.OL,2014-03-14,35.400001525878906,35.560001373291016,34.65999984741211,34.810001373291016,24.406044006347656,2505170
STB,STB.OL,2014-03-17,34.810001373291016,35.33000183105469,34.7400016784668,35.040000915527344,24.567306518554688,1927334
STB,STB.OL,2014-03-18,35.0,36.04999923706055,34.790000915527344,35.790000915527344,25.093143463134766,1960482
STB,STB.OL,2014-03-19,35.650001525878906,35.900001525878906,35.22999954223633,35.47999954223633,24.875797271728516,1539536
STB,STB.OL,2014-03-20,35.630001068115234,36.45000076293945,35.630001068115234,36.099998474121094,25.310487747192383,2600834
STB,STB.OL,2014-03-21,36.119998931884766,36.290000915527344,35.56999969482422,35.91999816894531,25.184289932250977,2917569
STB,STB.OL,2014-03-24,35.75,36.099998474121094,35.02000045776367,35.16999816894531,24.658449172973633,1463003
STB,STB.OL,2014-03-25,35.220001220703125,35.68000030517578,35.130001068115234,35.459999084472656,24.861772537231445,1843197
STB,STB.OL,2014-03-26,35.61000061035156,36.13999938964844,35.45000076293945,35.810001373291016,25.107168197631836,1583352
STB,STB.OL,2014-03-27,35.650001525878906,35.810001373291016,35.25,35.40999984741211,24.826719284057617,1605198
STB,STB.OL,2014-03-28,34.88999938964844,35.0099983215332,33.33000183105469,34.2599983215332,24.020421981811523,4934779
STB,STB.OL,2014-03-31,34.4900016784668,34.77000045776367,34.150001525878906,34.54999923706055,24.2237548828125,3336866
STB,STB.OL,2014-04-01,34.65999984741211,35.5,34.65999984741211,35.349998474121094,24.784650802612305,2237202
STB,STB.OL,2014-04-02,35.5,35.9900016784668,35.40999984741211,35.93000030517578,25.191301345825195,2067991
STB,STB.OL,2014-04-03,35.529998779296875,36.119998931884766,35.439998626708984,35.79999923706055,25.10015296936035,3054353
STB,STB.OL,2014-04-04,35.959999084472656,36.22999954223633,35.7599983215332,36.22999954223633,25.401636123657227,1789295
STB,STB.OL,2014-04-07,35.849998474121094,35.95000076293945,35.47999954223633,35.650001525878906,24.9949893951416,1136785
STB,STB.OL,2014-04-08,35.560001373291016,35.650001525878906,34.59000015258789,34.849998474121094,24.43408966064453,1720842
STB,STB.OL,2014-04-09,34.9900016784668,35.16999816894531,34.70000076293945,34.88999938964844,24.46213150024414,947494
STB,STB.OL,2014-04-10,35.0,35.2599983215332,34.11000061035156,34.11000061035156,23.91526222229004,1892353
STB,STB.OL,2014-04-11,33.790000915527344,33.84000015258789,33.040000915527344,33.150001525878906,23.24217987060547,1281070
STB,STB.OL,2014-04-14,33.0099983215332,33.0099983215332,32.279998779296875,32.5099983215332,22.7934627532959,1183424
STB,STB.OL,2014-04-15,32.650001525878906,32.84000015258789,31.979999542236328,31.979999542236328,22.421871185302734,1217878
STB,STB.OL,2014-04-16,32.279998779296875,32.470001220703125,32.13999938964844,32.25,22.61117172241211,778756
STB,STB.OL,2014-04-22,32.79999923706055,33.529998779296875,32.7400016784668,33.47999954223633,23.473552703857422,1401348
STB,STB.OL,2014-04-23,33.34000015258789,33.72999954223633,33.2400016784668,33.400001525878906,23.417465209960938,1042702
STB,STB.OL,2014-04-24,33.5,33.939998626708984,32.95000076293945,33.16999816894531,23.256202697753906,1349885
STB,STB.OL,2014-04-25,33.0,33.34000015258789,32.619998931884766,33.060001373291016,23.179080963134766,1060423
STB,STB.OL,2014-04-28,33.060001373291016,33.220001220703125,32.7599983215332,33.04999923706055,23.172069549560547,1050468
STB,STB.OL,2014-04-29,33.09000015258789,33.439998626708984,32.97999954223633,33.2599983215332,23.319305419921875,978665
STB,STB.OL,2014-04-30,33.16999816894531,33.31999969482422,32.77000045776367,33.31999969482422,23.361371994018555,2656794
STB,STB.OL,2014-05-02,33.56999969482422,34.13999938964844,33.45000076293945,34.0,23.838134765625,3034855
STB,STB.OL,2014-05-05,34.0,34.20000076293945,33.68000030517578,34.0,23.838134765625,1719354
STB,STB.OL,2014-05-06,34.20000076293945,34.2400016784668,33.72999954223633,34.099998474121094,23.908246994018555,3633726
STB,STB.OL,2014-05-07,35.29999923706055,36.29999923706055,35.130001068115234,35.900001525878906,25.170269012451172,5442200
STB,STB.OL,2014-05-08,36.209999084472656,36.27000045776367,35.54999923706055,36.04999923706055,25.275432586669922,2768144
STB,STB.OL,2014-05-09,36.04999923706055,36.349998474121094,35.90999984741211,36.0099983215332,25.247390747070312,2396814
STB,STB.OL,2014-05-12,36.099998474121094,36.189998626708984,35.84000015258789,36.18000030517578,25.36658477783203,1225365
STB,STB.OL,2014-05-13,36.27000045776367,36.29999923706055,36.0,36.20000076293945,25.380605697631836,1584531
STB,STB.OL,2014-05-14,36.20000076293945,36.290000915527344,35.650001525878906,35.75,25.06509780883789,992851
STB,STB.OL,2014-05-15,35.54999923706055,35.7400016784668,34.33000183105469,34.709999084472656,24.335935592651367,3062849
STB,STB.OL,2014-05-16,34.709999084472656,34.9900016784668,34.2400016784668,34.5,24.188697814941406,1528414
STB,STB.OL,2014-05-19,34.43000030517578,34.75,34.18000030517578,34.5099983215332,24.195709228515625,1356862
STB,STB.OL,2014-05-20,34.599998474121094,34.83000183105469,34.40999984741211,34.599998474121094,24.25881004333496,1489581
STB,STB.OL,2014-05-21,34.63999938964844,34.81999969482422,34.38999938964844,34.7599983215332,24.370986938476562,1132212
STB,STB.OL,2014-05-22,34.849998474121094,35.15999984741211,34.66999816894531,34.880001068115234,24.455123901367188,1677246
STB,STB.OL,2014-05-23,34.9900016784668,35.68000030517578,34.86000061035156,35.47999954223633,24.875797271728516,1698912
STB,STB.OL,2014-05-26,35.599998474121094,35.849998474121094,35.310001373291016,35.459999084472656,24.861772537231445,695539
STB,STB.OL,2014-05-27,35.459999084472656,35.650001525878906,35.29999923706055,35.47999954223633,24.875797271728516,1800006
STB,STB.OL,2014-05-28,35.349998474121094,35.68000030517578,35.099998474121094,35.56999969482422,24.93889808654785,1317844
STB,STB.OL,2014-05-30,35.439998626708984,35.70000076293945,35.31999969482422,35.5,24.889820098876953,1489667
STB,STB.OL,2014-06-02,35.529998779296875,35.849998474121094,35.2599983215332,35.70000076293945,25.030038833618164,1030286
STB,STB.OL,2014-06-03,35.75,35.75,35.47999954223633,35.59000015258789,24.952919006347656,1063765
STB,STB.OL,2014-06-04,35.58000183105469,35.7400016784668,35.45000076293945,35.70000076293945,25.030038833618164,1104193
STB,STB.OL,2014-06-05,35.63999938964844,36.619998931884766,35.61000061035156,36.27000045776367,25.429683685302734,2579152
STB,STB.OL,2014-06-06,36.31999969482422,36.95000076293945,36.29999923706055,36.849998474121094,25.836326599121094,1576490
STB,STB.OL,2014-06-10,36.849998474121094,37.099998474121094,36.689998626708984,36.97999954223633,25.92747688293457,1634469
STB,STB.OL,2014-06-11,36.93000030517578,36.97999954223633,36.33000183105469,36.41999816894531,25.534847259521484,979800
STB,STB.OL,2014-06-12,36.349998474121094,36.529998779296875,36.029998779296875,36.43000030517578,25.5418643951416,977597
STB,STB.OL,2014-06-13,36.470001220703125,36.47999954223633,36.029998779296875,36.25,25.415660858154297,987121
STB,STB.OL,2014-06-16,36.25,36.47999954223633,35.83000183105469,36.11000061035156,25.3175048828125,1106415
STB,STB.OL,2014-06-17,36.06999969482422,36.400001525878906,35.58000183105469,36.13999938964844,25.33853530883789,1277839
STB,STB.OL,2014-06-18,36.2599983215332,37.0099983215332,36.2599983215332,36.95000076293945,25.90644645690918,1428991
STB,STB.OL,2014-06-19,37.08000183105469,37.47999954223633,36.810001373291016,36.86000061035156,25.843341827392578,2728594
STB,STB.OL,2014-06-20,36.939998626708984,37.279998779296875,36.77000045776367,36.77000045776367,25.780241012573242,1586413
STB,STB.OL,2014-06-23,36.61000061035156,36.869998931884766,36.279998779296875,36.5,25.590938568115234,1226669
STB,STB.OL,2014-06-24,36.40999984741211,36.61000061035156,36.220001220703125,36.25,25.415660858154297,1070037
STB,STB.OL,2014-06-25,36.33000183105469,36.34000015258789,35.2400016784668,35.36000061035156,24.791662216186523,1861364
STB,STB.OL,2014-06-26,35.650001525878906,35.650001525878906,34.810001373291016,34.900001525878906,24.469146728515625,1300927
STB,STB.OL,2014-06-27,34.970001220703125,35.29999923706055,34.33000183105469,34.630001068115234,24.27984619140625,1637090
STB,STB.OL,2014-06-30,34.66999816894531,34.810001373291016,34.439998626708984,34.529998779296875,24.209732055664062,1741184
STB,STB.OL,2014-07-01,34.630001068115234,34.88999938964844,34.43000030517578,34.75,24.363975524902344,2338566
STB,STB.OL,2014-07-02,34.900001525878906,35.58000183105469,34.81999969482422,35.54999923706055,24.924877166748047,2272561
STB,STB.OL,2014-07-03,35.720001220703125,36.400001525878906,35.5099983215332,36.27000045776367,25.429683685302734,2207366
STB,STB.OL,2014-07-04,36.09000015258789,36.369998931884766,36.04999923706055,36.220001220703125,25.39462661743164,1299845
STB,STB.OL,2014-07-07,36.220001220703125,36.66999816894531,36.150001525878906,36.33000183105469,25.471750259399414,1041588
STB,STB.OL,2014-07-08,36.349998474121094,36.529998779296875,35.63999938964844,35.709999084472656,25.037052154541016,1465409
STB,STB.OL,2014-07-09,35.349998474121094,35.86000061035156,35.29999923706055,35.560001373291016,24.931884765625,1478079
STB,STB.OL,2014-07-10,35.83000183105469,35.849998474121094,34.90999984741211,35.349998474121094,24.784650802612305,1710496
STB,STB.OL,2014-07-11,35.47999954223633,35.709999084472656,35.33000183105469,35.5099983215332,24.896831512451172,924639
STB,STB.OL,2014-07-14,35.63999938964844,36.2599983215332,35.58000183105469,36.099998474121094,25.310487747192383,1274806
STB,STB.OL,2014-07-15,36.380001068115234,36.97999954223633,36.369998931884766,36.650001525878906,25.696109771728516,2232862
STB,STB.OL,2014-07-16,37.290000915527344,37.5,35.849998474121094,36.0,25.240379333496094,3832941
STB,STB.OL,2014-07-17,36.0,36.25,34.88999938964844,35.68000030517578,25.016019821166992,2802786
STB,STB.OL,2014-07-18,35.5,35.650001525878906,35.08000183105469,35.099998474121094,24.60936737060547,1373957
STB,STB.OL,2014-07-21,35.33000183105469,35.33000183105469,34.7400016784668,35.150001525878906,24.644426345825195,931621
STB,STB.OL,2014-07-22,35.310001373291016,35.52000045776367,35.11000061035156,35.41999816894531,24.833728790283203,1447745
STB,STB.OL,2014-07-23,35.47999954223633,35.81999969482422,35.43000030517578,35.630001068115234,24.980960845947266,1170568
STB,STB.OL,2014-07-24,35.540000915527344,35.79999923706055,35.119998931884766,35.599998474121094,24.959930419921875,1269362
STB,STB.OL,2014-07-25,35.470001220703125,35.54999923706055,35.209999084472656,35.54999923706055,24.924877166748047,728245
STB,STB.OL,2014-07-28,35.54999923706055,35.65999984741211,35.06999969482422,35.29999923706055,24.74959373474121,1120529
STB,STB.OL,2014-07-29,35.439998626708984,35.529998779296875,35.2400016784668,35.4900016784668,24.882808685302734,1210469
STB,STB.OL,2014-07-30,35.400001525878906,35.540000915527344,35.20000076293945,35.5,24.889820098876953,1566649
STB,STB.OL,2014-07-31,35.59000015258789,35.59000015258789,34.97999954223633,35.02000045776367,24.553281784057617,1195287
STB,STB.OL,2014-08-01,34.90999984741211,34.95000076293945,34.220001220703125,34.5,24.188697814941406,1766949
STB,STB.OL,2014-08-04,34.54999923706055,34.869998931884766,34.459999084472656,34.459999084472656,24.16065216064453,1206384
STB,STB.OL,2014-08-05,34.54999923706055,34.810001373291016,34.119998931884766,34.189998626708984,23.971345901489258,1667060
STB,STB.OL,2014-08-06,34.15999984741211,34.16999816894531,33.27000045776367,33.61000061035156,23.564699172973633,1854167
STB,STB.OL,2014-08-07,33.5099983215332,33.79999923706055,33.099998474121094,33.58000183105469,23.543668746948242,1515479
STB,STB.OL,2014-08-08,33.20000076293945,33.27000045776367,32.63999938964844,33.060001373291016,23.179080963134766,1973737
STB,STB.OL,2014-08-11,33.45000076293945,33.790000915527344,33.290000915527344,33.77000045776367,23.6768798828125,2446168
STB,STB.OL,2014-08-12,33.709999084472656,33.959999084472656,33.599998474121094,33.689998626708984,23.62078857421875,1825185
STB,STB.OL,2014-08-13,33.689998626708984,34.31999969482422,33.63999938964844,34.290000915527344,24.041461944580078,1525664
STB,STB.OL,2014-08-14,34.310001373291016,34.400001525878906,34.11000061035156,34.2400016784668,24.006406784057617,1708475
STB,STB.OL,2014-08-15,34.2400016784668,34.90999984741211,34.2400016784668,34.5,24.188697814941406,676750
STB,STB.OL,2014-08-18,34.38999938964844,34.88999938964844,34.38999938964844,34.779998779296875,24.385009765625,1257916
STB,STB.OL,2014-08-19,34.97999954223633,34.97999954223633,34.75,34.900001525878906,24.469146728515625,1213326
STB,STB.OL,2014-08-20,34.900001525878906,35.040000915527344,34.650001525878906,34.900001525878906,24.469146728515625,1566596
STB,STB.OL,2014-08-21,34.88999938964844,35.41999816894531,34.81999969482422,35.400001525878906,24.8197078704834,1351249
STB,STB.OL,2014-08-22,35.349998474121094,35.77000045776367,35.099998474121094,35.31999969482422,24.76361656188965,619646
STB,STB.OL,2014-08-25,35.58000183105469,35.58000183105469,35.25,35.40999984741211,24.826719284057617,328918
STB,STB.OL,2014-08-26,35.380001068115234,35.77000045776367,35.18000030517578,35.72999954223633,25.051074981689453,842613
STB,STB.OL,2014-08-27,35.72999954223633,35.9900016784668,35.650001525878906,35.86000061035156,25.142221450805664,969222
STB,STB.OL,2014-08-28,35.79999923706055,35.869998931884766,35.16999816894531,35.310001373291016,24.756603240966797,1290031
STB,STB.OL,2014-08-29,35.34000015258789,35.34000015258789,34.400001525878906,34.400001525878906,24.11858558654785,1618828
STB,STB.OL,2014-09-01,34.66999816894531,34.77000045776367,34.27000045776367,34.45000076293945,24.153640747070312,846543
STB,STB.OL,2014-09-02,34.529998779296875,34.7400016784668,33.939998626708984,34.369998931884766,24.097553253173828,1278975
STB,STB.OL,2014-09-03,34.31999969482422,34.52000045776367,33.84000015258789,34.400001525878906,24.11858558654785,1886005
STB,STB.OL,2014-09-04,34.45000076293945,34.470001220703125,33.97999954223633,34.25,24.01341438293457,1414235
STB,STB.OL,2014-09-05,34.29999923706055,34.36000061035156,33.650001525878906,33.790000915527344,23.690902709960938,1389444
STB,STB.OL,2014-09-08,33.79999923706055,33.88999938964844,33.599998474121094,33.619998931884766,23.57170867919922,894260
STB,STB.OL,2014-09-09,34.7599983215332,35.400001525878906,34.689998626708984,34.86000061035156,24.44110107421875,6297659
STB,STB.OL,2014-09-10,34.63999938964844,35.790000915527344,34.5,35.27000045776367,24.72856330871582,1628600
STB,STB.OL,2014-09-11,35.470001220703125,35.650001525878906,35.0099983215332,35.06999969482422,24.588335037231445,1014868
STB,STB.OL,2014-09-12,35.09000015258789,35.380001068115234,35.02000045776367,35.31999969482422,24.76361656188965,1245507
STB,STB.OL,2014-09-15,35.20000076293945,35.90999984741211,35.20000076293945,35.79999923706055,25.10015296936035,1607192
STB,STB.OL,2014-09-16,35.810001373291016,36.40999984741211,35.61000061035156,36.060001373291016,25.282447814941406,2257944
STB,STB.OL,2014-09-17,36.27000045776367,36.540000915527344,35.91999816894531,36.540000915527344,25.61898422241211,2236681
STB,STB.OL,2014-09-18,36.540000915527344,37.34000015258789,36.529998779296875,37.209999084472656,26.08873748779297,1841730
STB,STB.OL,2014-09-19,37.310001373291016,37.34000015258789,36.86000061035156,37.22999954223633,26.102760314941406,1419158
STB,STB.OL,2014-09-22,37.02000045776367,37.2400016784668,36.849998474121094,37.09000015258789,26.004608154296875,1088239
STB,STB.OL,2014-09-23,37.02000045776367,37.02000045776367,36.369998931884766,36.4900016784668,25.58393096923828,1102898
STB,STB.OL,2014-09-24,36.38999938964844,36.59000015258789,35.709999084472656,36.5,25.590938568115234,1488904
STB,STB.OL,2014-09-25,36.54999923706055,36.869998931884766,36.13999938964844,36.150001525878906,25.345550537109375,1626622
STB,STB.OL,2014-09-26,35.97999954223633,36.369998931884766,35.65999984741211,36.099998474121094,25.310487747192383,1146514
STB,STB.OL,2014-09-29,35.88999938964844,36.220001220703125,35.66999816894531,35.75,25.06509780883789,687810
STB,STB.OL,2014-09-30,35.75,35.869998931884766,35.45000076293945,35.7599983215332,25.072111129760742,1132641
STB,STB.OL,2014-10-01,35.720001220703125,35.720001220703125,35.25,35.34000015258789,24.777639389038086,1405456
STB,STB.OL,2014-10-02,35.029998779296875,35.08000183105469,34.119998931884766,34.349998474121094,24.083526611328125,1941229
STB,STB.OL,2014-10-03,34.380001068115234,34.56999969482422,33.38999938964844,33.650001525878906,23.59274673461914,2755081
STB,STB.OL,2014-10-06,34.0,34.63999938964844,33.54999923706055,34.45000076293945,24.153640747070312,1836859
STB,STB.OL,2014-10-07,34.25,34.25,33.130001068115234,33.68000030517578,23.6137752532959,1599504
STB,STB.OL,2014-10-08,33.59000015258789,33.869998931884766,33.2599983215332,33.72999954223633,23.648832321166992,1922105
STB,STB.OL,2014-10-09,34.20000076293945,34.22999954223633,33.36000061035156,33.470001220703125,23.466541290283203,2183559
STB,STB.OL,2014-10-10,33.09000015258789,33.279998779296875,32.70000076293945,32.900001525878906,23.066904067993164,2083764
STB,STB.OL,2014-10-13,32.45000076293945,33.119998931884766,31.799999237060547,32.70000076293945,22.926677703857422,2102654
STB,STB.OL,2014-10-14,32.470001220703125,33.0,32.34000015258789,32.880001068115234,23.052881240844727,2936209
STB,STB.OL,2014-10-15,33.0,33.130001068115234,31.889999389648438,32.2400016784668,22.604162216186523,2572225
STB,STB.OL,2014-10-16,32.27000045776367,32.630001068115234,30.56999969482422,30.700000762939453,21.52443504333496,3225180
STB,STB.OL,2014-10-17,31.239999771118164,31.979999542236328,30.90999984741211,31.899999618530273,22.365781784057617,2490596
STB,STB.OL,2014-10-20,32.0,32.0099983215332,31.06999969482422,31.600000381469727,22.155445098876953,2534617
STB,STB.OL,2014-10-21,31.639999389648438,32.650001525878906,31.489999771118164,32.529998779296875,22.80748748779297,2847406
STB,STB.OL,2014-10-22,32.72999954223633,32.970001220703125,32.470001220703125,32.790000915527344,22.989778518676758,1948443
STB,STB.OL,2014-10-23,32.79999923706055,32.97999954223633,32.310001373291016,32.70000076293945,22.926677703857422,1392595
STB,STB.OL,2014-10-24,32.61000061035156,33.040000915527344,32.540000915527344,32.939998626708984,23.094945907592773,1420927
STB,STB.OL,2014-10-27,33.41999816894531,33.56999969482422,32.56999969482422,32.83000183105469,23.017824172973633,1496324
STB,STB.OL,2014-10-28,33.029998779296875,33.380001068115234,32.93000030517578,33.310001373291016,23.35436248779297,1704377
STB,STB.OL,2014-10-29,33.97999954223633,35.08000183105469,33.97999954223633,34.369998931884766,24.097553253173828,3361180
STB,STB.OL,2014-10-30,34.459999084472656,34.56999969482422,33.709999084472656,34.060001373291016,23.880205154418945,3065975
STB,STB.OL,2014-10-31,34.5,34.790000915527344,34.20000076293945,34.58000183105469,24.244789123535156,2278405
STB,STB.OL,2014-11-03,34.58000183105469,35.0,34.29999923706055,34.5099983215332,24.195709228515625,1274820
STB,STB.OL,2014-11-04,34.5099983215332,34.790000915527344,34.25,34.27000045776367,24.027441024780273,1275702
STB,STB.OL,2014-11-05,34.5099983215332,34.880001068115234,34.22999954223633,34.86000061035156,24.44110107421875,1895754
STB,STB.OL,2014-11-06,34.77000045776367,35.279998779296875,34.77000045776367,34.91999816894531,24.483165740966797,2161624
STB,STB.OL,2014-11-07,35.060001373291016,35.20000076293945,34.4900016784668,34.709999084472656,24.335935592651367,1364224
STB,STB.OL,2014-11-10,34.599998474121094,34.63999938964844,33.77000045776367,34.06999969482422,23.88721466064453,2578668
STB,STB.OL,2014-11-11,34.04999923706055,34.189998626708984,33.790000915527344,34.04999923706055,23.87318992614746,867119
STB,STB.OL,2014-11-12,33.88999938964844,34.04999923706055,33.58000183105469,33.75,23.662857055664062,1482973
STB,STB.OL,2014-11-13,33.790000915527344,33.88999938964844,33.20000076293945,33.439998626708984,23.445507049560547,1708764
STB,STB.OL,2014-11-14,33.540000915527344,33.689998626708984,33.22999954223633,33.470001220703125,23.466541290283203,1557855
STB,STB.OL,2014-11-17,33.310001373291016,33.939998626708984,33.189998626708984,33.88999938964844,23.761009216308594,1324276
STB,STB.OL,2014-11-18,33.939998626708984,34.630001068115234,33.880001068115234,34.16999816894531,23.957324981689453,2030037
STB,STB.OL,2014-11-19,34.380001068115234,34.63999938964844,34.209999084472656,34.5099983215332,24.195709228515625,2407249
STB,STB.OL,2014-11-20,34.52000045776367,34.52000045776367,34.099998474121094,34.13999938964844,23.93629264831543,1485364
STB,STB.OL,2014-11-21,34.2599983215332,34.84000015258789,34.060001373291016,34.279998779296875,24.03445053100586,2059669
STB,STB.OL,2014-11-24,34.470001220703125,34.90999984741211,34.0,34.11000061035156,23.91526222229004,3029964
STB,STB.OL,2014-11-25,34.119998931884766,34.34000015258789,33.66999816894531,33.959999084472656,23.810089111328125,3407706
STB,STB.OL,2014-11-26,35.029998779296875,35.2400016784668,34.61000061035156,34.63999938964844,24.286855697631836,3628845
STB,STB.OL,2014-11-27,34.619998931884766,34.619998931884766,33.41999816894531,33.5,23.48757553100586,3915065
STB,STB.OL,2014-11-28,33.38999938964844,33.38999938964844,32.43000030517578,32.66999816894531,22.905643463134766,3768210
STB,STB.OL,2014-12-01,32.459999084472656,32.4900016784668,31.700000762939453,32.209999084472656,22.583127975463867,2699445
STB,STB.OL,2014-12-02,32.45000076293945,32.68000030517578,32.130001068115234,32.45000076293945,22.75139617919922,2417166
STB,STB.OL,2014-12-03,32.540000915527344,32.79999923706055,32.459999084472656,32.61000061035156,22.863576889038086,1370624
STB,STB.OL,2014-12-04,32.56999969482422,32.72999954223633,31.729999542236328,31.899999618530273,22.365781784057617,1834723
STB,STB.OL,2014-12-05,32.0,32.060001373291016,31.739999771118164,32.0,22.43589210510254,1722691
STB,STB.OL,2014-12-08,31.790000915527344,31.850000381469727,31.049999237060547,31.440000534057617,22.04326629638672,1639234
STB,STB.OL,2014-12-09,31.190000534057617,31.190000534057617,30.5,30.5,21.38421058654785,3478105
STB,STB.OL,2014-12-10,30.530000686645508,31.06999969482422,30.5,30.700000762939453,21.52443504333496,2188042
STB,STB.OL,2014-12-11,30.600000381469727,30.700000762939453,28.440000534057617,28.809999465942383,20.199316024780273,4146427
STB,STB.OL,2014-12-12,28.709999084472656,28.829999923706055,28.43000030517578,28.600000381469727,20.052080154418945,2919559
STB,STB.OL,2014-12-15,28.450000762939453,28.93000030517578,27.940000534057617,28.40999984741211,19.918865203857422,2038845
STB,STB.OL,2014-12-16,28.18000030517578,28.389999389648438,27.270000457763672,27.520000457763672,19.29486656188965,3821386
STB,STB.OL,2014-12-17,27.6200008392334,28.049999237060547,27.209999084472656,28.049999237060547,19.666461944580078,2088148
STB,STB.OL,2014-12-18,28.309999465942383,29.280000686645508,28.15999984741211,29.170000076293945,20.451719284057617,3627659
STB,STB.OL,2014-12-19,29.200000762939453,29.3700008392334,28.59000015258789,29.3700008392334,20.591943740844727,2947418
STB,STB.OL,2014-12-22,29.5,30.06999969482422,29.450000762939453,30.06999969482422,21.082725524902344,2817093
STB,STB.OL,2014-12-23,30.06999969482422,30.06999969482422,29.59000015258789,29.780000686645508,20.879404067993164,1612883
STB,STB.OL,2014-12-29,29.649999618530273,29.84000015258789,29.309999465942383,29.520000457763672,20.69710922241211,887111
STB,STB.OL,2014-12-30,29.40999984741211,29.43000030517578,29.020000457763672,29.200000762939453,20.47275161743164,1172692
STB,STB.OL,2015-01-02,29.280000686645508,29.8799991607666,29.260000228881836,29.84000015258789,20.921470642089844,1614285
STB,STB.OL,2015-01-05,29.760000228881836,30.219999313354492,29.0,29.030000686645508,20.353561401367188,2651049
STB,STB.OL,2015-01-06,29.09000015258789,29.09000015258789,28.239999771118164,28.649999618530273,20.087135314941406,2070864
STB,STB.OL,2015-01-07,28.479999542236328,28.709999084472656,28.1299991607666,28.170000076293945,19.750595092773438,2362553
STB,STB.OL,2015-01-08,28.399999618530273,28.639999389648438,28.149999618530273,28.600000381469727,20.052080154418945,2222651
STB,STB.OL,2015-01-09,28.59000015258789,28.59000015258789,27.75,27.81999969482422,19.50520133972168,2033209
STB,STB.OL,2015-01-12,27.81999969482422,27.93000030517578,27.34000015258789,27.690000534057617,19.414058685302734,2349776
STB,STB.OL,2015-01-13,27.600000381469727,28.799999237060547,27.600000381469727,28.729999542236328,20.14322280883789,2757988
STB,STB.OL,2015-01-14,28.5,28.549999237060547,27.75,28.280000686645508,19.827720642089844,2413933
STB,STB.OL,2015-01-15,28.389999389648438,28.459999084472656,27.559999465942383,28.020000457763672,19.645427703857422,1830640
STB,STB.OL,2015-01-16,28.040000915527344,28.200000762939453,27.6299991607666,27.81999969482422,19.50520133972168,2801467
STB,STB.OL,2015-01-19,27.950000762939453,28.799999237060547,27.84000015258789,28.799999237060547,20.19230079650879,1922639
STB,STB.OL,2015-01-20,28.049999237060547,28.3799991607666,26.84000015258789,27.0,18.930282592773438,4404145
STB,STB.OL,2015-01-21,27.100000381469727,27.170000076293945,26.309999465942383,27.149999618530273,19.03545379638672,4188666
STB,STB.OL,2015-01-22,27.139999389648438,27.350000381469727,26.899999618530273,27.31999969482422,19.15464210510254,2727259
STB,STB.OL,2015-01-23,27.3799991607666,27.440000534057617,24.40999984741211,24.40999984741211,17.114377975463867,16394157
STB,STB.OL,2015-01-26,24.399999618530273,25.0,24.149999618530273,24.81999969482422,17.401838302612305,5692321
STB,STB.OL,2015-01-27,24.899999618530273,24.959999084472656,24.510000228881836,24.75,17.352760314941406,3726133
STB,STB.OL,2015-01-28,24.610000610351562,24.670000076293945,23.65999984741211,23.790000915527344,16.679683685302734,5532960
STB,STB.OL,2015-01-29,23.579999923706055,23.989999771118164,23.3700008392334,23.68000030517578,16.602561950683594,3641058
STB,STB.OL,2015-01-30,23.600000381469727,23.899999618530273,23.3799991607666,23.399999618530273,16.4062442779541,2335498
STB,STB.OL,2015-02-02,23.200000762939453,23.420000076293945,22.200000762939453,23.209999084472656,16.27303123474121,4313944
STB,STB.OL,2015-02-03,23.600000381469727,24.389999389648438,23.600000381469727,24.25,17.002199172973633,4833067
STB,STB.OL,2015-02-04,24.350000381469727,24.579999923706055,23.579999923706055,23.690000534057617,16.609575271606445,3257920
STB,STB.OL,2015-02-05,23.639999389648438,24.040000915527344,23.5,23.760000228881836,16.65865135192871,2358001
STB,STB.OL,2015-02-06,23.850000381469727,24.739999771118164,23.709999084472656,24.59000015258789,17.240581512451172,2837480
STB,STB.OL,2015-02-09,24.610000610351562,25.0,24.360000610351562,24.479999542236328,17.1634578704834,3128479
STB,STB.OL,2015-02-10,24.600000381469727,25.06999969482422,24.100000381469727,24.799999237060547,17.3878173828125,4329660
STB,STB.OL,2015-02-11,25.84000015258789,26.389999389648438,25.100000381469727,26.149999618530273,18.33432960510254,9506779
STB,STB.OL,2015-02-12,26.299999237060547,26.8799991607666,25.75,25.899999618530273,18.15904998779297,5306100
STB,STB.OL,2015-02-13,26.1299991607666,27.0,25.860000610351562,26.84000015258789,18.818105697631836,4170088
STB,STB.OL,2015-02-16,26.799999237060547,27.09000015258789,26.549999237060547,26.760000228881836,18.762014389038086,2029785
STB,STB.OL,2015-02-17,26.690000534057617,27.149999618530273,26.350000381469727,26.979999542236328,18.916261672973633,2867088
STB,STB.OL,2015-02-18,27.1200008392334,27.360000610351562,26.940000534057617,27.34000015258789,19.168664932250977,2956517
STB,STB.OL,2015-02-19,27.299999237060547,27.489999771118164,26.030000686645508,26.149999618530273,18.33432960510254,3265470
STB,STB.OL,2015-02-20,26.299999237060547,27.170000076293945,26.149999618530273,26.270000457763672,18.418466567993164,3310314
STB,STB.OL,2015-02-23,26.719999313354492,26.719999313354492,26.110000610351562,26.290000915527344,18.4324893951416,1606649
STB,STB.OL,2015-02-24,26.399999618530273,27.190000534057617,26.06999969482422,27.030000686645508,18.951316833496094,1595709
STB,STB.OL,2015-02-25,27.110000610351562,27.3799991607666,26.959999084472656,27.149999618530273,19.03545379638672,1654835
STB,STB.OL,2015-02-26,27.100000381469727,27.350000381469727,26.920000076293945,27.100000381469727,19.000396728515625,1373878
STB,STB.OL,2015-02-27,27.31999969482422,27.65999984741211,26.899999618530273,27.290000915527344,19.133609771728516,2778845
STB,STB.OL,2015-03-02,27.350000381469727,27.8799991607666,27.31999969482422,27.799999237060547,19.491182327270508,2783937
STB,STB.OL,2015-03-03,27.8799991607666,28.799999237060547,27.860000610351562,28.200000762939453,19.771629333496094,3880127
STB,STB.OL,2015-03-04,28.260000228881836,28.389999389648438,27.639999389648438,28.020000457763672,19.645427703857422,2345221
STB,STB.OL,2015-03-05,28.34000015258789,29.139999389648438,28.049999237060547,29.100000381469727,20.402639389038086,3145489
STB,STB.OL,2015-03-06,29.149999618530273,29.399999618530273,28.81999969482422,29.34000015258789,20.570907592773438,3417922
STB,STB.OL,2015-03-09,29.360000610351562,29.799999237060547,29.030000686645508,29.729999542236328,20.844345092773438,2857378
STB,STB.OL,2015-03-10,29.700000762939453,29.700000762939453,28.309999465942383,28.5,19.981966018676758,3646273
STB,STB.OL,2015-03-11,28.5,29.100000381469727,28.309999465942383,28.84000015258789,20.22035026550293,3529862
STB,STB.OL,2015-03-12,28.90999984741211,29.350000381469727,28.899999618530273,29.15999984741211,20.4447078704834,2762991
STB,STB.OL,2015-03-13,29.1200008392334,29.450000762939453,28.8700008392334,29.110000610351562,20.409648895263672,1554384
STB,STB.OL,2015-03-16,29.100000381469727,29.110000610351562,28.540000915527344,28.81999969482422,20.20632553100586,1847663
STB,STB.OL,2015-03-17,28.799999237060547,29.399999618530273,28.690000534057617,29.010000228881836,20.339540481567383,4434273
STB,STB.OL,2015-03-18,29.010000228881836,30.5,29.010000228881836,29.700000762939453,20.823314666748047,4267449
STB,STB.OL,2015-03-19,30.25,30.34000015258789,28.90999984741211,29.84000015258789,20.921470642089844,4761369
STB,STB.OL,2015-03-20,29.889999389648438,30.399999618530273,29.579999923706055,30.350000381469727,21.279043197631836,2489628
STB,STB.OL,2015-03-23,30.329999923706055,30.5,29.959999084472656,30.209999084472656,21.180885314941406,1594879
STB,STB.OL,2015-03-24,30.200000762939453,30.600000381469727,30.100000381469727,30.459999084472656,21.356164932250977,1719014
STB,STB.OL,2015-03-25,30.549999237060547,30.579999923706055,29.729999542236328,29.84000015258789,20.921470642089844,1864699
STB,STB.OL,2015-03-26,29.700000762939453,29.709999084472656,28.549999237060547,28.739999771118164,20.15023422241211,2704889
STB,STB.OL,2015-03-27,28.959999084472656,29.049999237060547,28.399999618530273,28.989999771118164,20.325515747070312,2189803
STB,STB.OL,2015-03-30,29.0,29.420000076293945,28.670000076293945,29.0,20.332529067993164,903049
STB,STB.OL,2015-03-31,29.139999389648438,29.68000030517578,29.040000915527344,29.34000015258789,20.570907592773438,1468430
STB,STB.OL,2015-04-01,29.31999969482422,29.829999923706055,29.280000686645508,29.639999389648438,20.7812442779541,774012
STB,STB.OL,2015-04-07,29.799999237060547,30.649999618530273,29.799999237060547,30.600000381469727,21.454322814941406,1886773
STB,STB.OL,2015-04-08,30.5,30.84000015258789,30.149999618530273,30.290000915527344,21.236976623535156,1511410
STB,STB.OL,2015-04-09,30.40999984741211,30.40999984741211,29.520000457763672,29.850000381469727,20.928483963012695,2426950
STB,STB.OL,2015-04-10,29.799999237060547,31.31999969482422,29.799999237060547,31.139999389648438,21.832929611206055,3245127
STB,STB.OL,2015-04-13,31.290000915527344,31.81999969482422,31.059999465942383,31.469999313354492,22.064298629760742,2525740
STB,STB.OL,2015-04-14,31.3700008392334,31.809999465942383,31.190000534057617,31.780000686645508,22.281644821166992,2056140
STB,STB.OL,2015-04-15,31.799999237060547,31.969999313354492,31.649999618530273,31.940000534057617,22.39382553100586,1903372
STB,STB.OL,2015-04-16,31.950000762939453,32.38999938964844,31.84000015258789,31.950000762939453,22.400836944580078,2376438
STB,STB.OL,2015-04-17,31.799999237060547,31.90999984741211,31.280000686645508,31.34000015258789,21.97315216064453,1464037
STB,STB.OL,2015-04-20,31.299999237060547,31.709999084472656,30.989999771118164,31.440000534057617,22.04326629638672,1624508
STB,STB.OL,2015-04-21,31.440000534057617,31.84000015258789,31.25,31.31999969482422,21.959131240844727,1486508
STB,STB.OL,2015-04-22,31.149999618530273,31.5,30.040000915527344,30.280000686645508,21.229965209960938,2325655
STB,STB.OL,2015-04-23,30.59000015258789,31.25,30.0,30.950000762939453,21.699716567993164,2385534
STB,STB.OL,2015-04-24,30.950000762939453,31.149999618530273,30.139999389648438,30.200000762939453,21.173873901367188,1907754
STB,STB.OL,2015-04-27,30.260000228881836,30.670000076293945,29.969999313354492,30.610000610351562,21.461334228515625,1507373
STB,STB.OL,2015-04-28,30.5,30.59000015258789,29.81999969482422,30.0,21.033649444580078,1314347
STB,STB.OL,2015-04-29,29.0,29.100000381469727,26.600000381469727,26.600000381469727,18.64983558654785,7976711
STB,STB.OL,2015-04-30,26.829999923706055,27.75,26.399999618530273,26.65999984741211,18.69190216064453,5357223
STB,STB.OL,2015-05-04,27.010000228881836,27.5,26.770000457763672,27.3799991607666,19.19671058654785,4120786
STB,STB.OL,2015-05-05,27.440000534057617,28.31999969482422,27.200000762939453,28.110000610351562,19.708532333374023,5213638
STB,STB.OL,2015-05-06,28.110000610351562,28.670000076293945,28.0,28.530000686645508,20.00299835205078,4685289
STB,STB.OL,2015-05-07,28.600000381469727,29.690000534057617,28.260000228881836,28.899999618530273,20.26241683959961,5123131
STB,STB.OL,2015-05-08,29.389999389648438,29.389999389648438,28.1299991607666,28.200000762939453,19.771629333496094,3325958
STB,STB.OL,2015-05-11,28.110000610351562,28.43000030517578,27.950000762939453,28.3700008392334,19.89082145690918,2047958
STB,STB.OL,2015-05-12,28.149999618530273,29.1299991607666,27.84000015258789,28.959999084472656,20.30448341369629,3727574
STB,STB.OL,2015-05-13,28.959999084472656,29.209999084472656,28.760000228881836,29.030000686645508,20.353561401367188,2083646
STB,STB.OL,2015-05-15,29.18000030517578,29.18000030517578,28.5,28.68000030517578,20.108171463012695,1798415
STB,STB.OL,2015-05-18,28.829999923706055,29.100000381469727,28.5,29.0,20.332529067993164,1883164
STB,STB.OL,2015-05-19,29.09000015258789,29.5,28.709999084472656,29.1299991607666,20.42367172241211,1743225
STB,STB.OL,2015-05-20,29.190000534057617,29.219999313354492,28.829999923706055,29.110000610351562,20.409648895263672,1152518
STB,STB.OL,2015-05-21,29.139999389648438,29.229999542236328,28.940000534057617,29.200000762939453,20.47275161743164,1119567
STB,STB.OL,2015-05-22,29.260000228881836,29.389999389648438,29.079999923706055,29.389999389648438,20.605966567993164,1010691
STB,STB.OL,2015-05-26,29.329999923706055,29.479999542236328,28.700000762939453,28.920000076293945,20.276439666748047,1811298
STB,STB.OL,2015-05-27,28.889999389648438,28.899999618530273,28.510000228881836,28.739999771118164,20.15023422241211,1217512
STB,STB.OL,2015-05-28,28.5,28.510000228881836,27.84000015258789,27.959999084472656,19.603361129760742,2711925
STB,STB.OL,2015-05-29,27.899999618530273,28.459999084472656,27.75,27.899999618530273,19.56129264831543,2885641
STB,STB.OL,2015-06-01,27.950000762939453,27.969999313354492,26.81999969482422,27.299999237060547,19.1406192779541,3425817
STB,STB.OL,2015-06-02,27.360000610351562,28.15999984741211,27.18000030517578,28.09000015258789,19.694507598876953,4152717
STB,STB.OL,2015-06-03,28.049999237060547,29.3799991607666,28.0,29.290000915527344,20.535852432250977,3939211
STB,STB.OL,2015-06-04,29.299999237060547,29.989999771118164,29.0,29.899999618530273,20.963537216186523,4274943
STB,STB.OL,2015-06-05,29.639999389648438,30.739999771118164,29.639999389648438,30.639999389648438,21.48236656188965,5787161
STB,STB.OL,2015-06-08,30.600000381469727,31.5,30.450000762939453,31.299999237060547,21.94510841369629,5248046
STB,STB.OL,2015-06-09,31.0,31.280000686645508,30.360000610351562,31.079999923706055,21.790861129760742,3917456
STB,STB.OL,2015-06-10,30.899999618530273,31.84000015258789,30.700000762939453,31.639999389648438,22.183488845825195,3908668
STB,STB.OL,2015-06-11,31.799999237060547,32.349998474121094,31.59000015258789,31.799999237060547,22.295669555664062,3749392
STB,STB.OL,2015-06-12,31.829999923706055,31.93000030517578,31.389999389648438,31.43000030517578,22.036251068115234,2172771
STB,STB.OL,2015-06-15,30.90999984741211,31.450000762939453,30.6299991607666,30.899999618530273,21.664657592773438,2021101
STB,STB.OL,2015-06-16,30.610000610351562,31.389999389648438,30.549999237060547,31.25,21.910053253173828,2606710
STB,STB.OL,2015-06-17,31.350000381469727,31.549999237060547,31.170000076293945,31.329999923706055,21.966142654418945,1205373
STB,STB.OL,2015-06-18,31.260000228881836,31.31999969482422,30.06999969482422,30.3700008392334,21.293067932128906,3494338
STB,STB.OL,2015-06-19,30.280000686645508,30.989999771118164,30.1299991607666,30.899999618530273,21.664657592773438,4157578
STB,STB.OL,2015-06-22,31.170000076293945,32.220001220703125,30.940000534057617,32.08000183105469,22.491981506347656,2304663
STB,STB.OL,2015-06-23,32.20000076293945,33.27000045776367,31.8700008392334,32.90999984741211,23.07391357421875,3508079
STB,STB.OL,2015-06-24,32.7400016784668,33.099998474121094,31.950000762939453,32.43000030517578,22.737375259399414,2311641
STB,STB.OL,2015-06-25,32.36000061035156,32.68000030517578,32.0099983215332,32.470001220703125,22.76542091369629,1989985
STB,STB.OL,2015-06-26,32.599998474121094,33.150001525878906,32.25,33.099998474121094,23.207124710083008,1737761
STB,STB.OL,2015-06-29,31.84000015258789,32.720001220703125,31.229999542236328,32.5099983215332,22.7934627532959,1754841
STB,STB.OL,2015-06-30,32.5,32.5,31.920000076293945,32.34000015258789,22.674272537231445,2137814
STB,STB.OL,2015-07-01,32.470001220703125,33.61000061035156,32.41999816894531,33.45000076293945,23.452518463134766,2705255
STB,STB.OL,2015-07-02,33.27000045776367,34.16999816894531,33.2599983215332,34.060001373291016,23.880205154418945,2344842
STB,STB.OL,2015-07-03,34.150001525878906,34.20000076293945,33.68000030517578,34.0,23.838134765625,1592316
STB,STB.OL,2015-07-06,33.5,33.689998626708984,33.0099983215332,33.130001068115234,23.228160858154297,1464310
STB,STB.OL,2015-07-07,33.119998931884766,33.15999984741211,31.989999771118164,32.0,22.43589210510254,2144717
STB,STB.OL,2015-07-08,32.0,32.61000061035156,31.829999923706055,32.540000915527344,22.81450080871582,2073226
STB,STB.OL,2015-07-09,32.65999984741211,33.83000183105469,32.38999938964844,33.439998626708984,23.445507049560547,1331144
STB,STB.OL,2015-07-10,33.900001525878906,34.08000183105469,33.459999084472656,33.61000061035156,23.564699172973633,1610638
STB,STB.OL,2015-07-13,33.880001068115234,34.900001525878906,33.72999954223633,34.68000030517578,24.314899444580078,1695227
STB,STB.OL,2015-07-14,34.68000030517578,35.59000015258789,34.400001525878906,35.31999969482422,24.76361656188965,3061768
STB,STB.OL,2015-07-15,34.0099983215332,37.689998626708984,33.849998474121094,35.650001525878906,24.9949893951416,3914857
STB,STB.OL,2015-07-16,35.849998474121094,36.619998931884766,35.45000076293945,35.97999954223633,25.226354598999023,2362710
STB,STB.OL,2015-07-17,36.02000045776367,36.27000045776367,35.599998474121094,35.70000076293945,25.030038833618164,1457397
STB,STB.OL,2015-07-20,35.63999938964844,35.95000076293945,34.900001525878906,35.189998626708984,24.672468185424805,1273875
STB,STB.OL,2015-07-21,35.13999938964844,35.75,34.83000183105469,34.970001220703125,24.518224716186523,1910078
STB,STB.OL,2015-07-22,34.97999954223633,35.04999923706055,34.54999923706055,34.79999923706055,24.399030685424805,1793098
STB,STB.OL,2015-07-23,34.810001373291016,34.81999969482422,34.36000061035156,34.66999816894531,24.307886123657227,1349177
STB,STB.OL,2015-07-24,34.560001373291016,34.709999084472656,34.040000915527344,34.40999984741211,24.125595092773438,1210485
STB,STB.OL,2015-07-27,34.15999984741211,34.40999984741211,33.59000015258789,33.65999984741211,23.599756240844727,1030144
STB,STB.OL,2015-07-28,33.720001220703125,34.06999969482422,33.54999923706055,33.709999084472656,23.634811401367188,1264779
STB,STB.OL,2015-07-29,34.04999923706055,34.06999969482422,33.36000061035156,33.689998626708984,23.62078857421875,1580563
STB,STB.OL,2015-07-30,33.56999969482422,34.0,33.45000076293945,33.7599983215332,23.669864654541016,1038772
STB,STB.OL,2015-07-31,33.9900016784668,33.9900016784668,32.779998779296875,32.939998626708984,23.094945907592773,1438285
STB,STB.OL,2015-08-03,33.0,33.18000030517578,32.720001220703125,32.90999984741211,23.07391357421875,1204508
STB,STB.OL,2015-08-04,33.0,33.16999816894531,32.61000061035156,32.68000030517578,22.91265296936035,1365954
STB,STB.OL,2015-08-05,32.72999954223633,33.25,32.65999984741211,33.16999816894531,23.256202697753906,2167145
STB,STB.OL,2015-08-06,33.470001220703125,33.9900016784668,33.18000030517578,33.560001373291016,23.52964210510254,1754679
STB,STB.OL,2015-08-07,33.650001525878906,33.900001525878906,33.34000015258789,33.59000015258789,23.550676345825195,1039284
STB,STB.OL,2015-08-10,33.58000183105469,33.95000076293945,33.08000183105469,33.849998474121094,23.73296546936035,1333388
STB,STB.OL,2015-08-11,33.849998474121094,33.900001525878906,31.790000915527344,31.850000381469727,22.33072280883789,3612873
STB,STB.OL,2015-08-12,31.559999465942383,31.610000610351562,30.350000381469727,31.110000610351562,21.8118953704834,4249672
STB,STB.OL,2015-08-13,31.5,31.510000228881836,30.780000686645508,30.8799991607666,21.650634765625,1772266
STB,STB.OL,2015-08-14,30.850000381469727,31.450000762939453,30.450000762939453,31.040000915527344,21.762815475463867,1809016
STB,STB.OL,2015-08-17,31.209999084472656,31.639999389648438,30.760000228881836,31.579999923706055,22.14142417907715,1952772
STB,STB.OL,2015-08-18,31.479999542236328,31.65999984741211,30.670000076293945,31.649999618530273,22.190500259399414,1819367
STB,STB.OL,2015-08-19,31.440000534057617,31.5,30.68000030517578,31.0,21.734773635864258,2023879
STB,STB.OL,2015-08-20,30.950000762939453,31.15999984741211,29.579999923706055,30.450000762939453,21.349153518676758,3179221
STB,STB.OL,2015-08-21,29.600000381469727,30.0,29.200000762939453,29.5,20.683086395263672,2982625
STB,STB.OL,2015-08-24,28.0,28.5,26.299999237060547,27.489999771118164,19.273834228515625,5804316
STB,STB.OL,2015-08-25,28.0,28.950000762939453,28.0,28.65999984741211,20.094144821166992,4835281
STB,STB.OL,2015-08-26,28.229999542236328,28.979999542236328,27.940000534057617,28.84000015258789,20.22035026550293,3282112
STB,STB.OL,2015-08-27,29.299999237060547,29.809999465942383,28.670000076293945,29.450000762939453,20.648035049438477,5213998
STB,STB.OL,2015-08-28,29.68000030517578,30.0,28.59000015258789,28.709999084472656,20.129201889038086,1618935
STB,STB.OL,2015-08-31,28.709999084472656,28.770000457763672,28.049999237060547,28.43000030517578,19.932889938354492,1728712
STB,STB.OL,2015-09-01,28.360000610351562,28.6299991607666,27.709999084472656,28.0,19.631406784057617,2404763
STB,STB.OL,2015-09-02,28.0,28.639999389648438,27.979999542236328,28.260000228881836,19.81369972229004,2437562
STB,STB.OL,2015-09-03,28.540000915527344,29.18000030517578,28.489999771118164,28.950000762939453,20.297473907470703,2270540
STB,STB.OL,2015-09-04,28.549999237060547,28.6299991607666,27.700000762939453,27.75,19.45612335205078,1512327
STB,STB.OL,2015-09-07,28.0,28.030000686645508,27.049999237060547,27.270000457763672,19.11958885192871,1654392
STB,STB.OL,2015-09-08,27.610000610351562,29.239999771118164,27.600000381469727,28.8700008392334,20.241382598876953,3095695
STB,STB.OL,2015-09-09,29.829999923706055,30.799999237060547,29.420000076293945,30.450000762939453,21.349153518676758,5206349
STB,STB.OL,2015-09-10,30.149999618530273,30.18000030517578,29.270000457763672,29.469999313354492,20.66205596923828,2213643
STB,STB.OL,2015-09-11,29.6200008392334,29.81999969482422,28.530000686645508,28.969999313354492,20.311491012573242,1855851
STB,STB.OL,2015-09-14,29.0,29.299999237060547,28.760000228881836,29.149999618530273,20.437694549560547,2370027
STB,STB.OL,2015-09-15,29.950000762939453,30.200000762939453,29.489999771118164,30.200000762939453,21.173873901367188,2836673
STB,STB.OL,2015-09-16,30.540000915527344,30.989999771118164,30.270000457763672,30.8799991607666,21.650634765625,3066544
STB,STB.OL,2015-09-17,31.020000457763672,32.029998779296875,31.010000228881836,31.760000228881836,22.267623901367188,3153887
STB,STB.OL,2015-09-18,31.700000762939453,31.799999237060547,30.899999618530273,30.899999618530273,21.664657592773438,4379029
STB,STB.OL,2015-09-21,30.6299991607666,31.489999771118164,30.559999465942383,31.350000381469727,21.980159759521484,1573705
STB,STB.OL,2015-09-22,31.459999084472656,31.56999969482422,30.100000381469727,30.110000610351562,21.11077308654785,2651056
STB,STB.OL,2015-09-23,29.899999618530273,31.0,29.709999084472656,30.700000762939453,21.52443504333496,2616676
STB,STB.OL,2015-09-24,30.709999084472656,30.75,28.309999465942383,28.309999465942383,19.8487548828125,5862708
STB,STB.OL,2015-09-25,28.709999084472656,28.8799991607666,28.25,28.40999984741211,19.918865203857422,2612471
STB,STB.OL,2015-09-28,28.579999923706055,28.59000015258789,27.290000915527344,27.479999542236328,19.266822814941406,2595209
STB,STB.OL,2015-09-29,27.399999618530273,27.940000534057617,26.799999237060547,27.049999237060547,18.965341567993164,1868715
STB,STB.OL,2015-09-30,27.469999313354492,27.920000076293945,27.25,27.899999618530273,19.56129264831543,1677854
STB,STB.OL,2015-10-01,28.25,28.5,27.649999618530273,27.8700008392334,19.540260314941406,1661796
STB,STB.OL,2015-10-02,28.100000381469727,28.3700008392334,27.399999618530273,27.549999237060547,19.315902709960938,2168756
STB,STB.OL,2015-10-05,28.399999618530273,28.489999771118164,27.899999618530273,28.360000610351562,19.883808135986328,1902978
STB,STB.OL,2015-10-06,28.3799991607666,28.690000534057617,27.719999313354492,28.489999771118164,19.974956512451172,2456559
STB,STB.OL,2015-10-07,28.700000762939453,29.489999771118164,28.329999923706055,29.459999084472656,20.65504264831543,3267273
STB,STB.OL,2015-10-08,29.229999542236328,29.290000915527344,28.719999313354492,28.81999969482422,20.20632553100586,1669941
STB,STB.OL,2015-10-09,29.0,29.290000915527344,28.540000915527344,28.860000610351562,20.234371185302734,1626327
STB,STB.OL,2015-10-12,28.8799991607666,29.200000762939453,28.649999618530273,28.719999313354492,20.136211395263672,1573935
STB,STB.OL,2015-10-13,28.65999984741211,28.760000228881836,28.15999984741211,28.540000915527344,20.010011672973633,1937186
STB,STB.OL,2015-10-14,28.329999923706055,28.389999389648438,27.899999618530273,28.1299991607666,19.722549438476562,1127339
STB,STB.OL,2015-10-15,28.350000381469727,28.670000076293945,28.040000915527344,28.610000610351562,20.059091567993164,1111738
STB,STB.OL,2015-10-16,28.959999084472656,29.860000610351562,28.93000030517578,29.190000534057617,20.465740203857422,2725362
STB,STB.OL,2015-10-19,29.219999313354492,29.510000228881836,28.549999237060547,28.850000381469727,20.227357864379883,1318630
STB,STB.OL,2015-10-20,28.90999984741211,28.940000534057617,28.18000030517578,28.68000030517578,20.108171463012695,1238502
STB,STB.OL,2015-10-21,28.940000534057617,28.940000534057617,28.280000686645508,28.3700008392334,19.89082145690918,904408
STB,STB.OL,2015-10-22,28.420000076293945,28.510000228881836,27.8799991607666,28.299999237060547,19.84174156188965,1526193
STB,STB.OL,2015-10-23,28.5,28.850000381469727,28.25,28.389999389648438,19.904842376708984,1206405
STB,STB.OL,2015-10-26,28.3799991607666,28.700000762939453,27.90999984741211,27.979999542236328,19.61738395690918,1984360
STB,STB.OL,2015-10-27,27.989999771118164,27.989999771118164,27.3799991607666,27.3799991607666,19.19671058654785,1876184
STB,STB.OL,2015-10-28,27.170000076293945,29.639999389648438,27.100000381469727,29.219999313354492,20.486774444580078,6534597
STB,STB.OL,2015-10-29,29.3700008392334,29.450000762939453,28.8700008392334,29.149999618530273,20.437694549560547,2307466
STB,STB.OL,2015-10-30,29.360000610351562,30.079999923706055,29.09000015258789,29.729999542236328,20.844345092773438,2643983
STB,STB.OL,2015-11-02,29.75,29.979999542236328,29.350000381469727,29.65999984741211,20.79526710510254,1900011
STB,STB.OL,2015-11-03,29.84000015258789,30.920000076293945,29.809999465942383,30.75,21.559492111206055,1823520
STB,STB.OL,2015-11-04,30.989999771118164,30.989999771118164,30.190000534057617,30.34000015258789,21.272031784057617,1748363
STB,STB.OL,2015-11-05,30.209999084472656,30.600000381469727,29.93000030517578,29.989999771118164,21.026634216308594,1197752
STB,STB.OL,2015-11-06,30.200000762939453,31.549999237060547,30.010000228881836,30.899999618530273,21.664657592773438,2353234
STB,STB.OL,2015-11-09,31.25,32.2599983215332,31.25,31.75,22.26061248779297,1580552
STB,STB.OL,2015-11-10,31.75,31.790000915527344,30.649999618530273,30.649999618530273,21.4893798828125,2033846
STB,STB.OL,2015-11-11,30.889999389648438,31.690000534057617,30.8700008392334,31.280000686645508,21.93108558654785,1326733
STB,STB.OL,2015-11-12,31.280000686645508,31.739999771118164,30.34000015258789,30.34000015258789,21.272031784057617,1962516
STB,STB.OL,2015-11-13,30.209999084472656,30.520000457763672,29.90999984741211,30.010000228881836,21.040658950805664,1262522
STB,STB.OL,2015-11-16,30.010000228881836,30.8799991607666,29.920000076293945,30.530000686645508,21.40524673461914,1096209
STB,STB.OL,2015-11-17,30.920000076293945,31.489999771118164,30.850000381469727,31.350000381469727,21.980159759521484,1526771
STB,STB.OL,2015-11-18,31.399999618530273,31.729999542236328,31.280000686645508,31.6299991607666,22.17647933959961,893706
STB,STB.OL,2015-11-19,32.040000915527344,32.5099983215332,32.02000045776367,32.2400016784668,22.604162216186523,2395814
STB,STB.OL,2015-11-20,32.54999923706055,32.54999923706055,31.90999984741211,31.979999542236328,22.421871185302734,1571423
STB,STB.OL,2015-11-23,31.969999313354492,32.06999969482422,31.5,31.809999465942383,22.302677154541016,901235
STB,STB.OL,2015-11-24,31.899999618530273,32.060001373291016,31.510000228881836,31.700000762939453,22.225557327270508,1203927
STB,STB.OL,2015-11-25,31.829999923706055,32.119998931884766,31.520000457763672,31.850000381469727,22.33072280883789,1647269
STB,STB.OL,2015-11-26,31.989999771118164,32.25,31.780000686645508,32.040000915527344,22.463937759399414,880552
STB,STB.OL,2015-11-27,32.0,32.08000183105469,31.739999771118164,31.920000076293945,22.37980079650879,767276
STB,STB.OL,2015-11-30,31.799999237060547,32.279998779296875,31.729999542236328,32.02000045776367,22.449914932250977,2048225
STB,STB.OL,2015-12-01,32.16999816894531,33.25,31.920000076293945,33.09000015258789,23.200115203857422,1912375
STB,STB.OL,2015-12-02,33.0,33.349998474121094,33.0,33.189998626708984,23.270225524902344,1324067
STB,STB.OL,2015-12-03,32.900001525878906,33.380001068115234,32.5,32.5,22.786455154418945,1820371
STB,STB.OL,2015-12-04,32.470001220703125,33.5,32.349998474121094,33.38999938964844,23.410451889038086,1629368
STB,STB.OL,2015-12-07,33.880001068115234,33.95000076293945,33.5,33.75,23.662857055664062,1076785
STB,STB.OL,2015-12-08,33.88999938964844,34.0,32.599998474121094,32.66999816894531,22.905643463134766,1397930
STB,STB.OL,2015-12-09,32.900001525878906,32.959999084472656,31.399999618530273,32.959999084472656,23.10896873474121,2208742
STB,STB.OL,2015-12-10,32.81999969482422,34.380001068115234,32.5,34.029998779296875,23.859167098999023,3076244
STB,STB.OL,2015-12-11,34.08000183105469,34.27000045776367,32.869998931884766,33.099998474121094,23.207124710083008,1519522
STB,STB.OL,2015-12-14,33.16999816894531,33.20000076293945,31.510000228881836,31.860000610351562,22.337738037109375,1936433
STB,STB.OL,2015-12-15,32.0,32.900001525878906,31.90999984741211,32.779998779296875,22.982765197753906,1496195
STB,STB.OL,2015-12-16,32.79999923706055,33.470001220703125,32.380001068115234,33.18000030517578,23.263216018676758,1706397
STB,STB.OL,2015-12-17,33.61000061035156,34.93000030517578,32.86000061035156,33.0,23.13701820373535,3488718
STB,STB.OL,2015-12-18,32.90999984741211,33.16999816894531,32.38999938964844,32.75,22.961732864379883,2732768
STB,STB.OL,2015-12-21,32.70000076293945,33.099998474121094,32.40999984741211,33.0,23.13701820373535,1442970
STB,STB.OL,2015-12-22,33.0099983215332,33.20000076293945,32.34000015258789,32.5,22.786455154418945,1205495
STB,STB.OL,2015-12-23,32.97999954223633,34.2400016784668,32.970001220703125,34.2400016784668,24.006406784057617,1194422
STB,STB.OL,2015-12-28,34.4900016784668,34.779998779296875,33.93000030517578,34.2400016784668,24.006406784057617,537596
STB,STB.OL,2015-12-29,34.38999938964844,34.560001373291016,33.88999938964844,34.439998626708984,24.146629333496094,820476
STB,STB.OL,2015-12-30,34.439998626708984,35.099998474121094,34.400001525878906,34.95000076293945,24.504201889038086,862709
STB,STB.OL,2016-01-04,34.540000915527344,35.58000183105469,34.34000015258789,35.470001220703125,24.868783950805664,2951475
STB,STB.OL,2016-01-05,35.63999938964844,35.83000183105469,34.90999984741211,35.29999923706055,24.74959373474121,2068772
STB,STB.OL,2016-01-06,35.29999923706055,35.29999923706055,34.040000915527344,34.54999923706055,24.2237548828125,2392436
STB,STB.OL,2016-01-07,33.45000076293945,34.130001068115234,32.310001373291016,33.880001068115234,23.75400161743164,3095975
STB,STB.OL,2016-01-08,33.86000061035156,34.279998779296875,32.900001525878906,32.90999984741211,23.07391357421875,1470196
STB,STB.OL,2016-01-11,32.25,33.0,31.81999969482422,32.04999923706055,22.470951080322266,1411895
STB,STB.OL,2016-01-12,31.850000381469727,33.0,31.299999237060547,32.33000183105469,22.667264938354492,1976938
STB,STB.OL,2016-01-13,32.650001525878906,33.400001525878906,32.650001525878906,32.849998474121094,23.031845092773438,1654992
STB,STB.OL,2016-01-14,32.439998626708984,32.439998626708984,31.0,31.84000015258789,22.323713302612305,3083067
STB,STB.OL,2016-01-15,32.0,32.04999923706055,29.709999084472656,30.200000762939453,21.173873901367188,2575078
STB,STB.OL,2016-01-18,29.799999237060547,30.399999618530273,29.280000686645508,30.049999237060547,21.068706512451172,1757267
STB,STB.OL,2016-01-19,30.75,31.280000686645508,30.440000534057617,31.270000457763672,21.924074172973633,2086101
STB,STB.OL,2016-01-20,30.5,30.6200008392334,29.239999771118164,29.260000228881836,20.514820098876953,1938153
STB,STB.OL,2016-01-21,29.309999465942383,30.299999237060547,28.670000076293945,30.149999618530273,21.138816833496094,3024347
STB,STB.OL,2016-01-22,31.100000381469727,31.770000457763672,30.75,31.770000457763672,22.274633407592773,3246768
STB,STB.OL,2016-01-25,31.950000762939453,31.989999771118164,31.229999542236328,31.690000534057617,22.21854591369629,1564776
STB,STB.OL,2016-01-26,31.020000457763672,31.899999618530273,30.6200008392334,31.6200008392334,22.169466018676758,1579347
STB,STB.OL,2016-01-27,31.760000228881836,32.189998626708984,31.350000381469727,31.8799991607666,22.351755142211914,1330149
STB,STB.OL,2016-01-28,32.29999923706055,32.560001373291016,31.3700008392334,31.790000915527344,22.288660049438477,1817183
STB,STB.OL,2016-01-29,35.209999084472656,36.41999816894531,34.22999954223633,35.04999923706055,24.574310302734375,6892522
STB,STB.OL,2016-02-01,35.20000076293945,36.16999816894531,34.689998626708984,36.150001525878906,25.345550537109375,4557381
STB,STB.OL,2016-02-02,35.9900016784668,37.279998779296875,35.720001220703125,36.400001525878906,25.520828247070312,4372062
STB,STB.OL,2016-02-03,36.459999084472656,36.61000061035156,34.720001220703125,34.7400016784668,24.35696792602539,2575865
STB,STB.OL,2016-02-04,35.65999984741211,35.65999984741211,33.84000015258789,34.5,24.188697814941406,2418384
STB,STB.OL,2016-02-05,34.650001525878906,35.29999923706055,34.43000030517578,35.189998626708984,24.672468185424805,1993802
STB,STB.OL,2016-02-08,35.06999969482422,35.540000915527344,33.18000030517578,33.2400016784668,23.30528450012207,3173029
STB,STB.OL,2016-02-09,33.22999954223633,33.689998626708984,32.369998931884766,32.7599983215332,22.9687442779541,2293365
STB,STB.OL,2016-02-10,32.90999984741211,33.880001068115234,32.29999923706055,32.95000076293945,23.101959228515625,1717774
STB,STB.OL,2016-02-11,32.70000076293945,32.70000076293945,30.690000534057617,30.8799991607666,21.650634765625,2053165
STB,STB.OL,2016-02-12,31.209999084472656,31.5,30.5,30.8799991607666,21.650634765625,2035034
STB,STB.OL,2016-02-15,32.0,33.29999923706055,31.649999618530273,33.06999969482422,23.186094284057617,2024257
STB,STB.OL,2016-02-16,33.41999816894531,33.95000076293945,32.04999923706055,33.54999923706055,23.52263069152832,2452385
STB,STB.OL,2016-02-17,31.8799991607666,35.0,31.579999923706055,34.970001220703125,24.518224716186523,4735285
STB,STB.OL,2016-02-18,35.0,36.38999938964844,34.650001525878906,35.790000915527344,25.093143463134766,3813132
STB,STB.OL,2016-02-19,35.59000015258789,35.7400016784668,33.970001220703125,34.09000015258789,23.901235580444336,1916680
STB,STB.OL,2016-02-22,33.54999923706055,34.540000915527344,32.900001525878906,33.83000183105469,23.71894645690918,3015994
STB,STB.OL,2016-02-23,33.63999938964844,35.099998474121094,33.18000030517578,34.650001525878906,24.293867111206055,2260748
STB,STB.OL,2016-02-24,34.5,34.599998474121094,32.63999938964844,32.7599983215332,22.9687442779541,1967837
STB,STB.OL,2016-02-25,33.34000015258789,33.84000015258789,32.959999084472656,33.2599983215332,23.319305419921875,1474306
STB,STB.OL,2016-02-26,33.63999938964844,34.029998779296875,33.29999923706055,33.77000045776367,23.6768798828125,1724934
STB,STB.OL,2016-02-29,33.72999954223633,34.27000045776367,33.47999954223633,34.27000045776367,24.027441024780273,1049674
STB,STB.OL,2016-03-01,34.20000076293945,34.59000015258789,33.90999984741211,34.2400016784668,24.006406784057617,1024727
STB,STB.OL,2016-03-02,34.4900016784668,35.220001220703125,33.849998474121094,34.099998474121094,23.908246994018555,1545242
STB,STB.OL,2016-03-03,34.20000076293945,34.400001525878906,33.70000076293945,34.290000915527344,24.041461944580078,1178199
STB,STB.OL,2016-03-04,34.41999816894531,35.0,34.290000915527344,34.65999984741211,24.300874710083008,1125051
STB,STB.OL,2016-03-07,34.91999816894531,35.08000183105469,34.13999938964844,34.439998626708984,24.146629333496094,1426591
STB,STB.OL,2016-03-08,34.220001220703125,34.220001220703125,33.5,33.54999923706055,23.52263069152832,1986745
STB,STB.OL,2016-03-09,33.33000183105469,33.369998931884766,32.25,33.0,23.13701820373535,2650320
STB,STB.OL,2016-03-10,33.0,33.77000045776367,32.83000183105469,33.04999923706055,23.172069549560547,2156130
STB,STB.OL,2016-03-11,33.04999923706055,33.470001220703125,32.619998931884766,32.65999984741211,22.89863395690918,1343804
STB,STB.OL,2016-03-14,32.54999923706055,33.27000045776367,32.400001525878906,32.5,22.786455154418945,1412345
STB,STB.OL,2016-03-15,32.369998931884766,33.08000183105469,32.0099983215332,32.650001525878906,22.891620635986328,1617044
STB,STB.OL,2016-03-16,32.81999969482422,32.900001525878906,32.459999084472656,32.470001220703125,22.76542091369629,784510
STB,STB.OL,2016-03-17,32.5,32.72999954223633,31.649999618530273,32.0,22.43589210510254,2179770
STB,STB.OL,2016-03-18,32.18000030517578,32.38999938964844,31.850000381469727,32.29999923706055,22.646228790283203,2458259
STB,STB.OL,2016-03-21,32.29999923706055,33.310001373291016,32.11000061035156,32.900001525878906,23.066904067993164,1526083
STB,STB.OL,2016-03-22,32.75,32.91999816894531,32.34000015258789,32.689998626708984,22.919668197631836,1185695
STB,STB.OL,2016-03-23,32.86000061035156,32.86000061035156,32.11000061035156,32.11000061035156,22.513017654418945,468558
STB,STB.OL,2016-03-29,31.799999237060547,32.25,31.049999237060547,31.170000076293945,21.853961944580078,1751402
STB,STB.OL,2016-03-30,31.3799991607666,32.9900016784668,31.3799991607666,32.95000076293945,23.101959228515625,1618715
STB,STB.OL,2016-03-31,32.5,32.54999923706055,32.11000061035156,32.33000183105469,22.667264938354492,1035960
STB,STB.OL,2016-04-01,32.20000076293945,32.36000061035156,31.739999771118164,32.16999816894531,22.555082321166992,1133356
STB,STB.OL,2016-04-04,32.13999938964844,32.470001220703125,31.309999465942383,31.350000381469727,21.980159759521484,959265
STB,STB.OL,2016-04-05,31.1200008392334,31.149999618530273,30.809999465942383,31.0,21.734773635864258,881258
STB,STB.OL,2016-04-06,31.149999618530273,31.6299991607666,30.90999984741211,31.299999237060547,21.94510841369629,1493456
STB,STB.OL,2016-04-07,31.25,31.65999984741211,30.040000915527344,30.1200008392334,21.117788314819336,1453991
STB,STB.OL,2016-04-08,29.860000610351562,31.170000076293945,29.809999465942383,30.690000534057617,21.517425537109375,1350368
STB,STB.OL,2016-04-11,30.709999084472656,30.709999084472656,30.149999618530273,30.299999237060547,21.24398422241211,1279690
STB,STB.OL,2016-04-12,30.049999237060547,30.780000686645508,30.020000457763672,30.700000762939453,21.52443504333496,1865094
STB,STB.OL,2016-04-13,31.350000381469727,32.900001525878906,30.790000915527344,32.900001525878906,23.066904067993164,3170379
STB,STB.OL,2016-04-14,32.84000015258789,33.150001525878906,32.15999984741211,33.029998779296875,23.158048629760742,2133439
STB,STB.OL,2016-04-15,32.779998779296875,32.90999984741211,31.760000228881836,31.770000457763672,22.274633407592773,2197677
STB,STB.OL,2016-04-18,31.18000030517578,31.549999237060547,30.770000457763672,31.450000762939453,22.050275802612305,1231345
STB,STB.OL,2016-04-19,31.690000534057617,32.040000915527344,31.450000762939453,31.59000015258789,22.148433685302734,1600161
STB,STB.OL,2016-04-20,31.270000457763672,32.0,31.18000030517578,31.5,22.085330963134766,2387544
STB,STB.OL,2016-04-21,31.969999313354492,32.47999954223633,31.899999618530273,32.08000183105469,22.491981506347656,2017323
STB,STB.OL,2016-04-22,31.920000076293945,31.959999084472656,31.100000381469727,31.25,21.910053253173828,2342919
STB,STB.OL,2016-04-25,31.299999237060547,31.31999969482422,30.559999465942383,30.559999465942383,21.42627716064453,2505522
STB,STB.OL,2016-04-26,30.81999969482422,31.190000534057617,30.5,31.190000534057617,21.867984771728516,1788939
STB,STB.OL,2016-04-27,33.0,35.09000015258789,33.0,34.400001525878906,24.11858558654785,9245184
STB,STB.OL,2016-04-28,34.310001373291016,35.20000076293945,33.97999954223633,34.619998931884766,24.272830963134766,3709445
STB,STB.OL,2016-04-29,34.31999969482422,34.560001373291016,33.779998779296875,34.09000015258789,23.901235580444336,3482064
STB,STB.OL,2016-05-02,34.29999923706055,34.91999816894531,34.16999816894531,34.7400016784668,24.35696792602539,1629541
STB,STB.OL,2016-05-03,34.75,34.790000915527344,33.540000915527344,33.58000183105469,23.543668746948242,2347166
STB,STB.OL,2016-05-04,33.599998474121094,34.560001373291016,33.52000045776367,34.2599983215332,24.020421981811523,2410188
STB,STB.OL,2016-05-06,34.5,34.54999923706055,33.029998779296875,33.209999084472656,23.28424835205078,2680666
STB,STB.OL,2016-05-09,33.4900016784668,33.720001220703125,32.91999816894531,33.04999923706055,23.172069549560547,1745049
STB,STB.OL,2016-05-10,33.279998779296875,33.54999923706055,32.90999984741211,33.220001220703125,23.291261672973633,2318639
STB,STB.OL,2016-05-11,33.220001220703125,33.61000061035156,33.189998626708984,33.36000061035156,23.389415740966797,1527005
STB,STB.OL,2016-05-12,33.41999816894531,34.77000045776367,33.209999084472656,34.63999938964844,24.286855697631836,3540415
STB,STB.OL,2016-05-13,34.63999938964844,35.099998474121094,33.0,33.20000076293945,23.277238845825195,5625893
STB,STB.OL,2016-05-18,33.189998626708984,34.650001525878906,33.0,34.16999816894531,23.957324981689453,3344204
STB,STB.OL,2016-05-19,34.349998474121094,35.0,34.0,34.189998626708984,23.971345901489258,3252398
STB,STB.OL,2016-05-20,34.68000030517578,34.81999969482422,34.04999923706055,34.40999984741211,24.125595092773438,2525744
STB,STB.OL,2016-05-23,34.560001373291016,34.709999084472656,34.0,34.06999969482422,23.88721466064453,1593757
STB,STB.OL,2016-05-24,34.15999984741211,34.970001220703125,33.90999984741211,34.970001220703125,24.518224716186523,2435583
STB,STB.OL,2016-05-25,35.02000045776367,35.4900016784668,34.970001220703125,35.41999816894531,24.833728790283203,3381299
STB,STB.OL,2016-05-26,35.41999816894531,35.650001525878906,34.97999954223633,35.650001525878906,24.9949893951416,2478437
STB,STB.OL,2016-05-27,35.560001373291016,36.29999923706055,35.33000183105469,36.0,25.240379333496094,1945542
STB,STB.OL,2016-05-30,36.099998474121094,36.599998474121094,36.060001373291016,36.2599983215332,25.42266845703125,1846674
STB,STB.OL,2016-05-31,36.45000076293945,36.77000045776367,36.29999923706055,36.5,25.590938568115234,2613776
STB,STB.OL,2016-06-01,36.5,36.630001068115234,35.95000076293945,36.31999969482422,25.464740753173828,2028261
STB,STB.OL,2016-06-02,36.33000183105469,36.599998474121094,36.130001068115234,36.27000045776367,25.429683685302734,1659697
STB,STB.OL,2016-06-03,36.400001525878906,36.849998474121094,36.060001373291016,36.099998474121094,25.310487747192383,2156577
STB,STB.OL,2016-06-06,36.08000183105469,36.45000076293945,35.77000045776367,36.38999938964844,25.513818740844727,1592196
STB,STB.OL,2016-06-07,36.349998474121094,36.970001220703125,36.11000061035156,36.79999923706055,25.8012752532959,1422913
STB,STB.OL,2016-06-08,36.599998474121094,36.779998779296875,36.349998474121094,36.529998779296875,25.611970901489258,1475763
STB,STB.OL,2016-06-09,36.5,36.65999984741211,35.16999816894531,35.16999816894531,24.658449172973633,2407691
STB,STB.OL,2016-06-10,35.08000183105469,35.18000030517578,34.56999969482422,34.66999816894531,24.307886123657227,1623245
STB,STB.OL,2016-06-13,34.25,34.349998474121094,33.369998931884766,33.61000061035156,23.564699172973633,1810084
STB,STB.OL,2016-06-14,33.439998626708984,33.959999084472656,32.83000183105469,32.849998474121094,23.031845092773438,1576148
STB,STB.OL,2016-06-15,32.970001220703125,33.5,32.83000183105469,32.900001525878906,23.066904067993164,1759088
STB,STB.OL,2016-06-16,32.209999084472656,32.29999923706055,31.450000762939453,31.639999389648438,22.183488845825195,2480660
STB,STB.OL,2016-06-17,32.400001525878906,32.790000915527344,32.119998931884766,32.720001220703125,22.940698623657227,1827613
STB,STB.OL,2016-06-20,33.43000030517578,34.130001068115234,33.369998931884766,33.70000076293945,23.6278018951416,2114845
STB,STB.OL,2016-06-21,33.70000076293945,33.880001068115234,33.290000915527344,33.540000915527344,23.5156192779541,1398039
STB,STB.OL,2016-06-22,33.880001068115234,34.060001373291016,33.5,34.0,23.838134765625,1069416
STB,STB.OL,2016-06-23,34.0,34.86000061035156,33.58000183105469,34.58000183105469,24.244789123535156,1682719
STB,STB.OL,2016-06-24,30.8700008392334,33.29999923706055,30.510000228881836,31.780000686645508,22.281644821166992,6593849
STB,STB.OL,2016-06-27,31.5,31.790000915527344,29.719999313354492,29.719999313354492,20.83733558654785,3969982
STB,STB.OL,2016-06-28,30.5,31.049999237060547,30.149999618530273,30.399999618530273,21.314096450805664,2521794
STB,STB.OL,2016-06-29,31.0,31.200000762939453,30.520000457763672,31.06999969482422,21.783849716186523,1876954
STB,STB.OL,2016-06-30,31.209999084472656,31.56999969482422,30.709999084472656,31.360000610351562,21.987173080444336,1842028
STB,STB.OL,2016-07-01,31.799999237060547,32.0,31.0,31.18000030517578,21.860973358154297,1941411
STB,STB.OL,2016-07-04,31.299999237060547,31.350000381469727,30.760000228881836,30.829999923706055,21.615581512451172,1473415
STB,STB.OL,2016-07-05,30.600000381469727,30.6200008392334,29.450000762939453,29.450000762939453,20.648035049438477,2616105
STB,STB.OL,2016-07-06,29.25,29.81999969482422,28.450000762939453,28.450000762939453,19.94691276550293,3704657
STB,STB.OL,2016-07-07,28.799999237060547,29.09000015258789,28.610000610351562,28.860000610351562,20.234371185302734,2023824
STB,STB.OL,2016-07-08,28.639999389648438,29.56999969482422,28.399999618530273,29.5,20.683086395263672,2906280
STB,STB.OL,2016-07-11,29.799999237060547,30.399999618530273,29.5,30.3799991607666,21.30007553100586,2110458
STB,STB.OL,2016-07-12,30.3799991607666,30.899999618530273,30.219999313354492,30.450000762939453,21.349153518676758,1940623
STB,STB.OL,2016-07-13,30.34000015258789,31.229999542236328,30.34000015258789,31.229999542236328,21.89603042602539,2337113
STB,STB.OL,2016-07-14,33.25,33.630001068115234,31.979999542236328,32.119998931884766,22.52002716064453,7079879
STB,STB.OL,2016-07-15,32.59000015258789,33.099998474121094,32.38999938964844,32.90999984741211,23.07391357421875,3159539
STB,STB.OL,2016-07-18,33.0,33.25,32.150001525878906,32.150001525878906,22.541059494018555,2143036
STB,STB.OL,2016-07-19,31.920000076293945,32.13999938964844,31.40999984741211,31.520000457763672,22.099353790283203,1679359
STB,STB.OL,2016-07-20,31.649999618530273,32.630001068115234,31.549999237060547,32.58000183105469,22.842546463012695,2471020
STB,STB.OL,2016-07-21,32.630001068115234,32.689998626708984,32.099998474121094,32.34000015258789,22.674272537231445,1797815
STB,STB.OL,2016-07-22,32.29999923706055,32.869998931884766,32.099998474121094,32.209999084472656,22.583127975463867,1875802
STB,STB.OL,2016-07-25,32.400001525878906,32.88999938964844,32.150001525878906,32.279998779296875,22.632205963134766,1366027
STB,STB.OL,2016-07-26,32.220001220703125,32.38999938964844,31.899999618530273,31.959999084472656,22.407846450805664,1558546
STB,STB.OL,2016-07-27,31.8799991607666,32.5099983215332,31.799999237060547,32.34000015258789,22.674272537231445,1458943
STB,STB.OL,2016-07-28,32.29999923706055,32.56999969482422,31.899999618530273,31.899999618530273,22.365781784057617,1181984
STB,STB.OL,2016-07-29,31.93000030517578,32.529998779296875,31.920000076293945,31.969999313354492,22.41486167907715,2081794
STB,STB.OL,2016-08-01,32.380001068115234,32.540000915527344,31.899999618530273,31.899999618530273,22.365781784057617,1211893
STB,STB.OL,2016-08-02,31.90999984741211,32.02000045776367,31.020000457763672,31.299999237060547,21.94510841369629,1843247
STB,STB.OL,2016-08-03,31.299999237060547,31.489999771118164,30.940000534057617,30.979999542236328,21.720745086669922,990500
STB,STB.OL,2016-08-04,31.260000228881836,31.780000686645508,31.15999984741211,31.639999389648438,22.183488845825195,1050835
STB,STB.OL,2016-08-05,31.739999771118164,31.899999618530273,31.360000610351562,31.860000610351562,22.337738037109375,1066841
STB,STB.OL,2016-08-08,31.899999618530273,32.900001525878906,31.899999618530273,32.68000030517578,22.91265296936035,2301467
STB,STB.OL,2016-08-09,32.54999923706055,32.880001068115234,32.54999923706055,32.7400016784668,22.954723358154297,1319640
STB,STB.OL,2016-08-10,32.70000076293945,34.09000015258789,32.619998931884766,34.040000915527344,23.866180419921875,2988232
STB,STB.OL,2016-08-11,33.93000030517578,33.97999954223633,33.349998474121094,33.40999984741211,23.424474716186523,1104431
STB,STB.OL,2016-08-12,33.59000015258789,33.779998779296875,33.209999084472656,33.209999084472656,23.28424835205078,1111113
STB,STB.OL,2016-08-15,33.209999084472656,33.43000030517578,32.959999084472656,33.2599983215332,23.319305419921875,1120411
STB,STB.OL,2016-08-16,33.130001068115234,33.13999938964844,32.709999084472656,32.720001220703125,22.940698623657227,1046330
STB,STB.OL,2016-08-17,32.88999938964844,33.0,31.899999618530273,31.899999618530273,22.365781784057617,1802044
STB,STB.OL,2016-08-18,32.279998779296875,32.41999816894531,31.90999984741211,31.950000762939453,22.400836944580078,1376549
STB,STB.OL,2016-08-19,32.04999923706055,32.11000061035156,31.540000915527344,31.770000457763672,22.274633407592773,987455
STB,STB.OL,2016-08-22,31.6299991607666,32.2400016784668,31.600000381469727,32.13999938964844,22.53404998779297,1008706
STB,STB.OL,2016-08-23,32.13999938964844,32.869998931884766,32.099998474121094,32.75,22.961732864379883,1158584
STB,STB.OL,2016-08-24,32.70000076293945,33.36000061035156,32.5099983215332,33.08000183105469,23.19310760498047,2307070
STB,STB.OL,2016-08-25,32.900001525878906,33.0,32.630001068115234,32.79999923706055,22.996788024902344,1379394
STB,STB.OL,2016-08-26,32.810001373291016,33.189998626708984,32.77000045776367,33.060001373291016,23.179080963134766,877625
STB,STB.OL,2016-08-29,33.0,33.33000183105469,32.75,33.15999984741211,23.24919319152832,942193
STB,STB.OL,2016-08-30,33.45000076293945,33.79999923706055,33.29999923706055,33.599998474121094,23.557687759399414,2094442
STB,STB.OL,2016-08-31,33.45000076293945,35.439998626708984,33.45000076293945,35.22999954223633,24.70051383972168,5115919
STB,STB.OL,2016-09-01,35.06999969482422,35.7400016784668,34.90999984741211,35.02000045776367,24.553281784057617,2592502
STB,STB.OL,2016-09-02,35.16999816894531,35.810001373291016,34.83000183105469,35.709999084472656,25.037052154541016,3329397
STB,STB.OL,2016-09-05,35.9900016784668,36.34000015258789,35.65999984741211,35.72999954223633,25.051074981689453,2040942
STB,STB.OL,2016-09-06,35.790000915527344,36.029998779296875,35.630001068115234,35.689998626708984,25.02303123474121,1324906
STB,STB.OL,2016-09-07,35.90999984741211,36.349998474121094,35.56999969482422,36.0,25.240379333496094,1966456
STB,STB.OL,2016-09-08,36.130001068115234,36.61000061035156,36.08000183105469,36.5,25.590938568115234,1920167
STB,STB.OL,2016-09-09,36.61000061035156,37.060001373291016,36.5,36.75,25.766218185424805,2105913
STB,STB.OL,2016-09-12,36.02000045776367,36.310001373291016,35.68000030517578,35.7400016784668,25.058090209960938,2433010
STB,STB.OL,2016-09-13,36.11000061035156,36.279998779296875,35.59000015258789,35.59000015258789,24.952919006347656,1912961
STB,STB.OL,2016-09-14,35.650001525878906,35.790000915527344,35.2400016784668,35.349998474121094,24.784650802612305,917506
STB,STB.OL,2016-09-15,35.36000061035156,36.029998779296875,35.310001373291016,35.7599983215332,25.072111129760742,1162753
STB,STB.OL,2016-09-16,36.040000915527344,36.06999969482422,35.470001220703125,35.52000045776367,24.90384292602539,1352229
STB,STB.OL,2016-09-19,35.709999084472656,36.56999969482422,35.619998931884766,36.54999923706055,25.625995635986328,1999971
STB,STB.OL,2016-09-20,37.369998931884766,38.560001373291016,37.040000915527344,38.400001525878906,26.923070907592773,5608650
STB,STB.OL,2016-09-21,38.79999923706055,39.349998474121094,38.04999923706055,38.369998931884766,26.902034759521484,2926790
STB,STB.OL,2016-09-22,38.369998931884766,39.369998931884766,37.97999954223633,39.0099983215332,27.350753784179688,3084901
STB,STB.OL,2016-09-23,38.9900016784668,39.13999938964844,38.41999816894531,39.13999938964844,27.44190788269043,1567197
STB,STB.OL,2016-09-26,39.040000915527344,39.040000915527344,38.459999084472656,38.54999923706055,27.028234481811523,1247929
STB,STB.OL,2016-09-27,38.900001525878906,38.900001525878906,38.15999984741211,38.54999923706055,27.028234481811523,2004560
STB,STB.OL,2016-09-28,38.599998474121094,38.84000015258789,38.38999938964844,38.5099983215332,27.000194549560547,1502033
STB,STB.OL,2016-09-29,38.75,39.54999923706055,38.72999954223633,39.279998779296875,27.540058135986328,2220288
STB,STB.OL,2016-09-30,38.54999923706055,39.5,38.08000183105469,39.5,27.69430160522461,3430483
STB,STB.OL,2016-10-03,39.5,40.0,39.290000915527344,39.63999938964844,27.79245948791504,2073395
STB,STB.OL,2016-10-04,39.70000076293945,39.869998931884766,39.470001220703125,39.84000015258789,27.932687759399414,1584939
STB,STB.OL,2016-10-05,39.599998474121094,41.45000076293945,39.380001068115234,41.45000076293945,29.061492919921875,2762339
STB,STB.OL,2016-10-06,41.5,41.689998626708984,40.849998474121094,41.130001068115234,28.83713150024414,1946254
STB,STB.OL,2016-10-07,41.220001220703125,41.58000183105469,40.900001525878906,41.349998474121094,28.99138069152832,2227258
STB,STB.OL,2016-10-10,41.43000030517578,41.79999923706055,41.2400016784668,41.79999923706055,29.306886672973633,1821045
STB,STB.OL,2016-10-11,41.75,42.29999923706055,41.529998779296875,41.779998779296875,29.292863845825195,1575817
STB,STB.OL,2016-10-12,41.70000076293945,42.18000030517578,41.650001525878906,41.790000915527344,29.299875259399414,1471588
STB,STB.OL,2016-10-13,41.70000076293945,41.75,40.90999984741211,40.9900016784668,28.738981246948242,1484746
STB,STB.OL,2016-10-14,41.290000915527344,41.97999954223633,41.040000915527344,41.900001525878906,29.376998901367188,1324853
STB,STB.OL,2016-10-17,41.5,41.880001068115234,41.189998626708984,41.68000030517578,29.222753524780273,1461800
STB,STB.OL,2016-10-18,41.84000015258789,42.880001068115234,41.75,42.43000030517578,29.74859046936035,1790650
STB,STB.OL,2016-10-19,42.5,42.83000183105469,42.349998474121094,42.41999816894531,29.741580963134766,1488270
STB,STB.OL,2016-10-20,42.5099983215332,43.150001525878906,42.41999816894531,42.84000015258789,30.036052703857422,1392896
STB,STB.OL,2016-10-21,42.7400016784668,43.689998626708984,42.15999984741211,43.310001373291016,30.36557960510254,1861466
STB,STB.OL,2016-10-24,43.79999923706055,43.81999969482422,43.150001525878906,43.470001220703125,30.477758407592773,2053092
STB,STB.OL,2016-10-25,43.650001525878906,44.25,43.380001068115234,44.0,30.84935188293457,2157784
STB,STB.OL,2016-10-26,44.70000076293945,44.70000076293945,42.400001525878906,43.400001525878906,30.428682327270508,5263864
STB,STB.OL,2016-10-27,43.54999923706055,44.65999984741211,43.5099983215332,43.7599983215332,30.681076049804688,3211564
STB,STB.OL,2016-10-28,43.810001373291016,43.88999938964844,42.65999984741211,43.189998626708984,30.28144073486328,3141480
STB,STB.OL,2016-10-31,42.86000061035156,43.0099983215332,42.119998931884766,42.52000045776367,29.811691284179688,2823800
STB,STB.OL,2016-11-01,42.599998474121094,43.02000045776367,42.2599983215332,42.61000061035156,29.874794006347656,1897128
STB,STB.OL,2016-11-02,42.20000076293945,42.20000076293945,40.58000183105469,40.75,28.570703506469727,2664406
STB,STB.OL,2016-11-03,40.709999084472656,41.77000045776367,40.599998474121094,41.560001373291016,29.13861656188965,1695053
STB,STB.OL,2016-11-04,41.29999923706055,41.29999923706055,40.279998779296875,40.88999938964844,28.668867111206055,1675558
STB,STB.OL,2016-11-07,41.599998474121094,42.11000061035156,41.4900016784668,42.0,29.447107315063477,1740446
STB,STB.OL,2016-11-08,42.150001525878906,42.56999969482422,41.529998779296875,41.7599983215332,29.27883529663086,1294220
STB,STB.OL,2016-11-09,39.43000030517578,43.04999923706055,39.15999984741211,42.790000915527344,30.00099754333496,4820564
STB,STB.OL,2016-11-10,43.0,45.83000183105469,43.0,45.599998474121094,31.971147537231445,3795108
STB,STB.OL,2016-11-11,45.70000076293945,45.84000015258789,44.79999923706055,44.91999816894531,31.494380950927734,2678446
STB,STB.OL,2016-11-14,45.400001525878906,46.58000183105469,45.2599983215332,46.099998474121094,32.32170867919922,3161317
STB,STB.OL,2016-11-15,46.150001525878906,46.310001373291016,45.65999984741211,46.119998931884766,32.33572769165039,2156730
STB,STB.OL,2016-11-16,46.33000183105469,46.5,45.7599983215332,46.0,32.25159454345703,1740852
STB,STB.OL,2016-11-17,45.86000061035156,46.20000076293945,45.5,45.52000045776367,31.915058135986328,1914657
STB,STB.OL,2016-11-18,45.709999084472656,46.38999938964844,45.599998474121094,46.04999923706055,32.28665542602539,1607206
STB,STB.OL,2016-11-21,46.45000076293945,46.75,45.95000076293945,46.02000045776367,32.26561737060547,1310009
STB,STB.OL,2016-11-22,46.68000030517578,46.70000076293945,46.33000183105469,46.56999969482422,32.65123748779297,1395745
STB,STB.OL,2016-11-23,46.720001220703125,46.75,46.0,46.33000183105469,32.48296356201172,1037821
STB,STB.OL,2016-11-24,46.33000183105469,46.400001525878906,45.7400016784668,45.779998779296875,32.09735107421875,1273378
STB,STB.OL,2016-11-25,45.5099983215332,45.54999923706055,44.61000061035156,45.40999984741211,31.837940216064453,1701955
STB,STB.OL,2016-11-28,45.40999984741211,45.40999984741211,44.2599983215332,44.47999954223633,31.185888290405273,1944871
STB,STB.OL,2016-11-29,44.349998474121094,44.91999816894531,43.77000045776367,44.5,31.199914932250977,1639412
STB,STB.OL,2016-11-30,44.400001525878906,45.0,44.400001525878906,44.5,31.199914932250977,2237434
STB,STB.OL,2016-12-01,44.79999923706055,45.880001068115234,44.79999923706055,45.189998626708984,31.683683395385742,2164495
STB,STB.OL,2016-12-02,44.68000030517578,45.27000045776367,44.68000030517578,45.11000061035156,31.627595901489258,1364022
STB,STB.OL,2016-12-05,45.11000061035156,46.22999954223633,44.900001525878906,46.22999954223633,32.41285705566406,2139607
STB,STB.OL,2016-12-06,46.38999938964844,46.7400016784668,46.29999923706055,46.7400016784668,32.77043151855469,1182208
STB,STB.OL,2016-12-07,46.33000183105469,46.38999938964844,45.15999984741211,45.4900016784668,31.894025802612305,2354125
STB,STB.OL,2016-12-08,46.099998474121094,46.7400016784668,46.0,46.5,32.60215377807617,2477617
STB,STB.OL,2016-12-09,46.79999923706055,46.79999923706055,45.75,46.59000015258789,32.66525650024414,2097971
STB,STB.OL,2016-12-12,46.63999938964844,46.9900016784668,46.20000076293945,46.75,32.77743911743164,1459044
STB,STB.OL,2016-12-13,46.5,46.63999938964844,46.02000045776367,46.5,32.60215377807617,1225617
STB,STB.OL,2016-12-14,46.439998626708984,46.5099983215332,46.18000030517578,46.20000076293945,32.391822814941406,1524863
STB,STB.OL,2016-12-15,46.2400016784668,47.310001373291016,43.599998474121094,47.099998474121094,33.0228271484375,4172897
STB,STB.OL,2016-12-16,47.0099983215332,47.61000061035156,46.95000076293945,47.04999923706055,32.987770080566406,3239038
STB,STB.OL,2016-12-19,47.060001373291016,47.06999969482422,46.20000076293945,46.279998779296875,32.447906494140625,1668397
STB,STB.OL,2016-12-20,46.279998779296875,46.59000015258789,45.900001525878906,46.25,32.426876068115234,1873260
STB,STB.OL,2016-12-21,46.45000076293945,46.70000076293945,46.0099983215332,46.310001373291016,32.46894454956055,1440493
STB,STB.OL,2016-12-22,46.380001068115234,46.439998626708984,46.15999984741211,46.36000061035156,32.50400161743164,1239638
STB,STB.OL,2016-12-23,46.630001068115234,46.630001068115234,46.04999923706055,46.189998626708984,32.38480758666992,931501
STB,STB.OL,2016-12-27,46.349998474121094,47.130001068115234,46.349998474121094,46.849998474121094,32.84754943847656,940652
STB,STB.OL,2016-12-28,46.91999816894531,47.06999969482422,46.349998474121094,46.459999084472656,32.5741081237793,1033673
STB,STB.OL,2016-12-29,46.41999816894531,46.56999969482422,46.040000915527344,46.150001525878906,32.35676574707031,1080836
STB,STB.OL,2016-12-30,46.2400016784668,46.2400016784668,45.70000076293945,45.91999816894531,32.19550704956055,1239788
STB,STB.OL,2017-01-02,45.95000076293945,47.27000045776367,45.66999816894531,47.2400016784668,33.12098693847656,1451194
STB,STB.OL,2017-01-03,47.41999816894531,49.06999969482422,47.349998474121094,48.5,34.004398345947266,3255431
STB,STB.OL,2017-01-04,48.529998779296875,48.810001373291016,48.040000915527344,48.20000076293945,33.794063568115234,1309228
STB,STB.OL,2017-01-05,48.29999923706055,48.47999954223633,47.88999938964844,48.34000015258789,33.8922233581543,1602988
STB,STB.OL,2017-01-06,48.25,48.68000030517578,47.900001525878906,48.66999816894531,34.12358856201172,1409141
STB,STB.OL,2017-01-09,48.810001373291016,49.220001220703125,48.349998474121094,48.540000915527344,34.03244400024414,1788492
STB,STB.OL,2017-01-10,48.790000915527344,49.150001525878906,48.540000915527344,48.61000061035156,34.08152389526367,2431022
STB,STB.OL,2017-01-11,48.72999954223633,49.2400016784668,48.189998626708984,49.22999954223633,34.51622009277344,1514016
STB,STB.OL,2017-01-12,49.34000015258789,49.34000015258789,46.4900016784668,49.0,34.35496139526367,6468673
STB,STB.OL,2017-01-13,48.81999969482422,49.13999938964844,48.02000045776367,48.18000030517578,33.78004455566406,2834491
STB,STB.OL,2017-01-16,47.18000030517578,48.0,47.0,47.72999954223633,33.464534759521484,2150131
STB,STB.OL,2017-01-17,47.7599983215332,47.79999923706055,46.869998931884766,46.970001220703125,32.93168640136719,1461862
STB,STB.OL,2017-01-18,46.79999923706055,47.13999938964844,46.650001525878906,46.9900016784668,32.945709228515625,1902161
STB,STB.OL,2017-01-19,47.02000045776367,47.91999816894531,46.72999954223633,47.650001525878906,33.408447265625,1820642
STB,STB.OL,2017-01-20,47.650001525878906,48.099998474121094,47.31999969482422,47.66999816894531,33.42246627807617,2198324
STB,STB.OL,2017-01-23,47.4900016784668,47.790000915527344,47.220001220703125,47.56999969482422,33.35235595703125,1959783
STB,STB.OL,2017-01-24,47.529998779296875,47.900001525878906,47.29999923706055,47.4900016784668,33.296268463134766,1584595
STB,STB.OL,2017-01-25,47.779998779296875,49.95000076293945,47.779998779296875,49.7599983215332,34.887813568115234,4148817
STB,STB.OL,2017-01-26,49.97999954223633,50.400001525878906,49.36000061035156,49.63999938964844,34.80367660522461,1837380
STB,STB.OL,2017-01-27,49.70000076293945,51.0,49.58000183105469,50.25,35.231361389160156,3299182
STB,STB.OL,2017-01-30,50.54999923706055,51.0,49.81999969482422,49.81999969482422,34.92988204956055,2108957
STB,STB.OL,2017-01-31,49.900001525878906,51.25,49.72999954223633,50.25,35.231361389160156,2539314
STB,STB.OL,2017-02-01,50.70000076293945,51.20000076293945,50.599998474121094,51.0,35.7572021484375,1814383
STB,STB.OL,2017-02-02,51.04999923706055,51.400001525878906,50.54999923706055,51.29999923706055,35.967533111572266,1870808
STB,STB.OL,2017-02-03,51.29999923706055,51.95000076293945,51.0,51.849998474121094,36.35315704345703,1456768
STB,STB.OL,2017-02-06,52.0,52.79999923706055,51.599998474121094,51.70000076293945,36.24799346923828,2111110
STB,STB.OL,2017-02-07,51.5,52.04999923706055,50.650001525878906,51.900001525878906,36.388214111328125,2425223
STB,STB.OL,2017-02-08,55.54999923706055,56.0,53.599998474121094,53.599998474121094,37.58012008666992,6098558
STB,STB.OL,2017-02-09,53.29999923706055,53.400001525878906,52.099998474121094,53.0,37.159446716308594,2882293
STB,STB.OL,2017-02-10,53.400001525878906,55.04999923706055,53.349998474121094,54.29999923706055,38.07090759277344,2570383
STB,STB.OL,2017-02-13,54.349998474121094,55.5,49.529998779296875,55.099998474121094,38.631805419921875,2175204
STB,STB.OL,2017-02-14,55.0,55.099998474121094,54.400001525878906,54.75,38.38640213012695,1035090
STB,STB.OL,2017-02-15,55.0,55.349998474121094,54.849998474121094,55.20000076293945,38.70191192626953,1637963
STB,STB.OL,2017-02-16,55.849998474121094,55.95000076293945,54.79999923706055,55.25,38.73697280883789,2380572
STB,STB.OL,2017-02-17,55.349998474121094,55.599998474121094,53.900001525878906,54.400001525878906,38.141014099121094,1495569
STB,STB.OL,2017-02-20,54.599998474121094,55.5,54.599998474121094,55.400001525878906,38.842140197753906,990907
STB,STB.OL,2017-02-21,55.650001525878906,56.349998474121094,55.150001525878906,56.29999923706055,39.473148345947266,1605960
STB,STB.OL,2017-02-22,56.349998474121094,56.70000076293945,55.599998474121094,55.79999923706055,39.12258529663086,1506982
STB,STB.OL,2017-02-23,55.900001525878906,56.04999923706055,55.25,55.70000076293945,39.0524787902832,1257551
STB,STB.OL,2017-02-24,55.75,55.75,54.20000076293945,54.650001525878906,38.3162956237793,1463872
STB,STB.OL,2017-02-27,55.29999923706055,56.70000076293945,55.04999923706055,56.0,39.262813568115234,2695053
STB,STB.OL,2017-02-28,56.400001525878906,56.95000076293945,55.849998474121094,56.599998474121094,39.6834831237793,2230373
STB,STB.OL,2017-03-01,56.599998474121094,58.25,56.5,57.25,40.13920974731445,2447077
STB,STB.OL,2017-03-02,57.5,58.45000076293945,57.349998474121094,57.900001525878906,40.594947814941406,1742765
STB,STB.OL,2017-03-03,57.150001525878906,58.099998474121094,56.849998474121094,57.849998474121094,40.55988693237305,1972419
STB,STB.OL,2017-03-06,57.849998474121094,58.70000076293945,57.45000076293945,57.79999923706055,40.52483367919922,1567442
STB,STB.OL,2017-03-07,57.900001525878906,58.45000076293945,57.650001525878906,58.0,40.66505813598633,1451291
STB,STB.OL,2017-03-08,58.0,58.400001525878906,57.95000076293945,57.95000076293945,40.630001068115234,1601286
STB,STB.OL,2017-03-09,57.900001525878906,58.5,57.599998474121094,58.400001525878906,40.94550323486328,1689717
STB,STB.OL,2017-03-10,58.5,59.54999923706055,58.5,59.29999923706055,41.576515197753906,1444695
STB,STB.OL,2017-03-13,59.29999923706055,59.5,58.849998474121094,59.20000076293945,41.50640106201172,1289905
STB,STB.OL,2017-03-14,59.099998474121094,59.5,58.45000076293945,58.599998474121094,41.085723876953125,1507867
STB,STB.OL,2017-03-15,58.900001525878906,60.0,55.625,59.45000076293945,41.681678771972656,1364614
STB,STB.OL,2017-03-16,60.0,60.29999923706055,59.099998474121094,59.150001525878906,41.471343994140625,2481579
STB,STB.OL,2017-03-17,59.400001525878906,59.650001525878906,58.849998474121094,59.04999923706055,41.40122985839844,1513272
STB,STB.OL,2017-03-20,59.04999923706055,59.849998474121094,58.75,59.79999923706055,41.92707443237305,1157752
STB,STB.OL,2017-03-21,60.099998474121094,60.400001525878906,59.04999923706055,59.20000076293945,41.50640106201172,1206344
STB,STB.OL,2017-03-22,58.04999923706055,58.04999923706055,56.150001525878906,57.349998474121094,40.20932388305664,3618611
STB,STB.OL,2017-03-23,57.5,57.79999923706055,56.599998474121094,57.45000076293945,40.27943801879883,2099253
STB,STB.OL,2017-03-24,57.400001525878906,57.70000076293945,56.849998474121094,57.400001525878906,40.244384765625,1364358
STB,STB.OL,2017-03-27,56.650001525878906,56.79999923706055,55.150001525878906,56.0,39.262813568115234,3176045
STB,STB.OL,2017-03-28,56.5,57.400001525878906,55.599998474121094,57.099998474121094,40.03404235839844,1679779
STB,STB.OL,2017-03-29,57.599998474121094,58.20000076293945,56.95000076293945,57.5,40.31449508666992,1795903
STB,STB.OL,2017-03-30,57.599998474121094,58.20000076293945,57.29999923706055,58.20000076293945,40.80527877807617,1621809
STB,STB.OL,2017-03-31,58.349998474121094,58.349998474121094,57.0,57.099998474121094,40.03404235839844,1361833
STB,STB.OL,2017-04-03,57.5,58.20000076293945,57.150001525878906,57.70000076293945,40.454715728759766,1037010
STB,STB.OL,2017-04-04,57.900001525878906,57.900001525878906,56.25,56.95000076293945,39.92887878417969,1628050
STB,STB.OL,2017-04-05,57.0,58.45000076293945,56.650001525878906,58.29999923706055,40.875389099121094,1332763
STB,STB.OL,2017-04-06,56.900001525878906,56.900001525878906,56.0,56.5,40.6953239440918,1631178
STB,STB.OL,2017-04-07,56.599998474121094,56.95000076293945,55.400001525878906,55.75,40.15511703491211,1322760
STB,STB.OL,2017-04-10,55.75,56.45000076293945,55.75,56.099998474121094,40.4072151184082,1046907
STB,STB.OL,2017-04-11,56.099998474121094,56.25,55.70000076293945,55.900001525878906,40.26315689086914,734804
STB,STB.OL,2017-04-12,55.95000076293945,56.04999923706055,55.70000076293945,55.79999923706055,40.19113540649414,467148
STB,STB.OL,2017-04-13,55.79999923706055,55.79999923706055,55.79999923706055,55.79999923706055,40.19113540649414,0
STB,STB.OL,2017-04-18,55.70000076293945,55.75,53.95000076293945,53.95000076293945,38.8586311340332,2197423
STB,STB.OL,2017-04-19,53.70000076293945,54.45000076293945,53.650001525878906,53.95000076293945,38.8586311340332,1683947
STB,STB.OL,2017-04-20,53.900001525878906,55.099998474121094,53.650001525878906,54.95000076293945,39.57889938354492,1707555
STB,STB.OL,2017-04-21,55.04999923706055,55.70000076293945,55.0,55.25,39.794979095458984,987846
STB,STB.OL,2017-04-24,56.5,57.29999923706055,56.20000076293945,57.099998474121094,41.12748718261719,1585500
STB,STB.OL,2017-04-25,57.099998474121094,58.04999923706055,56.79999923706055,58.04999923706055,41.811744689941406,1598644
STB,STB.OL,2017-04-26,57.599998474121094,57.900001525878906,56.900001525878906,57.5,41.415592193603516,2081359
STB,STB.OL,2017-04-27,57.5,57.599998474121094,55.70000076293945,55.900001525878906,40.26315689086914,2440884
STB,STB.OL,2017-04-28,56.0,57.099998474121094,55.900001525878906,56.599998474121094,40.76734924316406,1638233
STB,STB.OL,2017-05-02,56.599998474121094,57.650001525878906,56.29999923706055,57.599998474121094,41.487613677978516,1776682
STB,STB.OL,2017-05-03,57.5,57.900001525878906,57.20000076293945,57.900001525878906,41.703704833984375,1004362
STB,STB.OL,2017-05-04,57.95000076293945,58.650001525878906,57.650001525878906,58.0,41.775733947753906,1226446
STB,STB.OL,2017-05-05,57.150001525878906,57.79999923706055,57.150001525878906,57.79999923706055,41.631675720214844,1367750
STB,STB.OL,2017-05-08,58.04999923706055,58.150001525878906,57.54999923706055,58.150001525878906,41.88376998901367,916438
STB,STB.OL,2017-05-09,58.150001525878906,58.95000076293945,58.150001525878906,58.45000076293945,42.099857330322266,1423460
STB,STB.OL,2017-05-10,58.5,58.599998474121094,58.04999923706055,58.45000076293945,42.099857330322266,1050071
STB,STB.OL,2017-05-11,58.54999923706055,58.54999923706055,57.599998474121094,57.79999923706055,41.631675720214844,862025
STB,STB.OL,2017-05-12,58.0,58.25,57.599998474121094,57.900001525878906,41.703704833984375,602975
STB,STB.OL,2017-05-15,58.04999923706055,58.349998474121094,57.79999923706055,58.099998474121094,41.847755432128906,858470
STB,STB.OL,2017-05-16,58.150001525878906,58.29999923706055,57.599998474121094,58.0,41.775733947753906,865266
STB,STB.OL,2017-05-18,57.150001525878906,57.650001525878906,55.0,55.79999923706055,40.19113540649414,2450587
STB,STB.OL,2017-05-19,56.0,56.95000076293945,56.0,56.79999923706055,40.91139602661133,1027176
STB,STB.OL,2017-05-22,56.900001525878906,57.150001525878906,55.29999923706055,55.95000076293945,40.29917907714844,1393030
STB,STB.OL,2017-05-23,55.599998474121094,56.25,55.45000076293945,55.5,39.97505187988281,956155
STB,STB.OL,2017-05-24,55.5,55.95000076293945,55.25,55.70000076293945,40.11910629272461,912715
STB,STB.OL,2017-05-26,55.45000076293945,55.95000076293945,55.20000076293945,55.5,39.97505187988281,705117
STB,STB.OL,2017-05-29,55.400001525878906,55.45000076293945,54.849998474121094,55.150001525878906,39.722957611083984,423730
STB,STB.OL,2017-05-30,55.20000076293945,55.95000076293945,54.79999923706055,55.70000076293945,40.11910629272461,1336624
STB,STB.OL,2017-05-31,55.70000076293945,55.95000076293945,55.150001525878906,55.150001525878906,39.722957611083984,1433776
STB,STB.OL,2017-06-01,55.29999923706055,55.79999923706055,55.25,55.45000076293945,39.93904113769531,831749
STB,STB.OL,2017-06-02,55.45000076293945,56.900001525878906,55.150001525878906,55.650001525878906,40.083091735839844,1106341
STB,STB.OL,2017-06-06,55.54999923706055,55.599998474121094,53.54999923706055,53.79999923706055,38.750587463378906,1524006
STB,STB.OL,2017-06-07,53.900001525878906,54.0,53.45000076293945,53.599998474121094,38.606536865234375,1549349
STB,STB.OL,2017-06-08,53.5,53.95000076293945,53.0,53.599998474121094,38.606536865234375,1448710
STB,STB.OL,2017-06-09,53.45000076293945,54.0,53.400001525878906,53.900001525878906,38.8226203918457,823127
STB,STB.OL,2017-06-12,53.95000076293945,54.29999923706055,53.45000076293945,54.29999923706055,39.11072540283203,1087597
STB,STB.OL,2017-06-13,54.29999923706055,54.54999923706055,54.0,54.45000076293945,39.21876907348633,1111456
STB,STB.OL,2017-06-14,54.900001525878906,56.0,54.54999923706055,54.54999923706055,39.290794372558594,2464962
STB,STB.OL,2017-06-15,54.599998474121094,54.650001525878906,53.099998474121094,53.099998474121094,38.246402740478516,2106136
STB,STB.OL,2017-06-16,53.5,54.5,53.5,54.349998474121094,39.1467399597168,1699290
STB,STB.OL,2017-06-19,54.599998474121094,55.099998474121094,54.150001525878906,55.0,39.61491775512695,1293834
STB,STB.OL,2017-06-20,55.20000076293945,55.599998474121094,54.75,55.099998474121094,39.68694305419922,1137545
STB,STB.OL,2017-06-21,55.20000076293945,55.349998474121094,53.900001525878906,54.400001525878906,39.18275451660156,1678885
STB,STB.OL,2017-06-22,54.400001525878906,54.400001525878906,53.45000076293945,53.650001525878906,38.64254379272461,1342081
STB,STB.OL,2017-06-23,53.79999923706055,54.150001525878906,53.650001525878906,54.099998474121094,38.966670989990234,1007296
STB,STB.OL,2017-06-26,54.25,54.849998474121094,54.04999923706055,54.20000076293945,39.038700103759766,1511042
STB,STB.OL,2017-06-27,54.150001525878906,55.400001525878906,53.75,55.400001525878906,39.90302276611328,1522886
STB,STB.OL,2017-06-28,55.29999923706055,57.04999923706055,54.79999923706055,57.04999923706055,41.09147262573242,3853931
STB,STB.OL,2017-06-29,57.099998474121094,58.0,57.099998474121094,57.400001525878906,41.34357452392578,2768283
STB,STB.OL,2017-06-30,57.400001525878906,57.849998474121094,56.95000076293945,57.599998474121094,41.487613677978516,1311170
STB,STB.OL,2017-07-03,58.0,58.849998474121094,57.79999923706055,58.849998474121094,42.38795852661133,1264019
STB,STB.OL,2017-07-04,58.75,59.849998474121094,58.70000076293945,59.400001525878906,42.78411102294922,1482323
STB,STB.OL,2017-07-05,59.45000076293945,59.599998474121094,58.95000076293945,58.95000076293945,42.459991455078125,1256661
STB,STB.OL,2017-07-06,59.150001525878906,60.599998474121094,59.04999923706055,60.04999923706055,43.25228500366211,1933210
STB,STB.OL,2017-07-07,60.099998474121094,60.400001525878906,59.75,60.20000076293945,43.36032485961914,1290916
STB,STB.OL,2017-07-10,60.599998474121094,62.0,60.599998474121094,62.0,44.65681457519531,1769627
STB,STB.OL,2017-07-11,62.0,62.45000076293945,61.54999923706055,61.900001525878906,44.58478927612305,1265203
STB,STB.OL,2017-07-12,62.0,63.099998474121094,62.0,62.54999923706055,45.05296325683594,2013450
STB,STB.OL,2017-07-13,64.0,64.4000015258789,63.150001525878906,63.900001525878906,46.02532958984375,1976431
STB,STB.OL,2017-07-14,64.05000305175781,64.8499984741211,63.79999923706055,64.25,46.27742004394531,1626238
STB,STB.OL,2017-07-17,64.25,65.0999984741211,64.25,64.80000305175781,46.6735725402832,1270385
STB,STB.OL,2017-07-18,64.69999694824219,64.9000015258789,64.1500015258789,64.69999694824219,46.601539611816406,1200285
STB,STB.OL,2017-07-19,64.5,65.6500015258789,64.30000305175781,65.5999984741211,47.249786376953125,1122688
STB,STB.OL,2017-07-20,65.80000305175781,66.5,65.69999694824219,66.25,47.71797180175781,1623069
STB,STB.OL,2017-07-21,65.8499984741211,66.3499984741211,64.80000305175781,64.94999694824219,46.78160858154297,1502666
STB,STB.OL,2017-07-24,65.19999694824219,66.25,64.94999694824219,66.0999984741211,47.60993194580078,1143580
STB,STB.OL,2017-07-25,66.0,66.44999694824219,65.94999694824219,66.0,47.537899017333984,1181186
STB,STB.OL,2017-07-26,66.05000305175781,66.3499984741211,65.75,66.25,47.71797180175781,1426703
STB,STB.OL,2017-07-27,66.25,66.30000305175781,65.55000305175781,66.0,47.537899017333984,1401748
STB,STB.OL,2017-07-28,65.6500015258789,66.0,65.1500015258789,65.9000015258789,47.46587371826172,1209556
STB,STB.OL,2017-07-31,66.05000305175781,66.44999694824219,65.6500015258789,65.6500015258789,47.28580856323242,1112259
STB,STB.OL,2017-08-01,65.69999694824219,66.25,65.5999984741211,66.0,47.537899017333984,1156917
STB,STB.OL,2017-08-02,66.1500015258789,66.55000305175781,65.55000305175781,66.3499984741211,47.78999328613281,999693
STB,STB.OL,2017-08-03,66.3499984741211,66.9000015258789,65.94999694824219,66.5999984741211,47.97005844116211,1294127
STB,STB.OL,2017-08-04,66.5999984741211,66.6500015258789,65.4000015258789,65.75,47.35783004760742,1195084
STB,STB.OL,2017-08-07,65.5,66.4000015258789,65.4000015258789,66.4000015258789,47.826011657714844,1148733
STB,STB.OL,2017-08-08,66.44999694824219,66.5,65.69999694824219,66.19999694824219,47.68195343017578,1104161
STB,STB.OL,2017-08-09,65.75,65.94999694824219,64.30000305175781,64.9000015258789,46.745601654052734,1076572
STB,STB.OL,2017-08-10,65.0,65.0999984741211,63.650001525878906,63.79999923706055,45.95330047607422,1104771
STB,STB.OL,2017-08-11,63.25,63.900001525878906,62.349998474121094,63.650001525878906,45.84526062011719,1700669
STB,STB.OL,2017-08-14,63.650001525878906,64.9000015258789,63.650001525878906,64.55000305175781,46.49350357055664,899646
STB,STB.OL,2017-08-15,64.9000015258789,65.05000305175781,64.5,64.69999694824219,46.601539611816406,1005023
STB,STB.OL,2017-08-16,64.69999694824219,65.55000305175781,64.69999694824219,65.5,47.17776107788086,846444
STB,STB.OL,2017-08-17,65.1500015258789,65.1500015258789,64.30000305175781,64.30000305175781,46.31344223022461,824305
STB,STB.OL,2017-08-18,63.650001525878906,64.94999694824219,63.150001525878906,64.9000015258789,46.745601654052734,1223992
STB,STB.OL,2017-08-21,65.0,65.5,63.900001525878906,63.900001525878906,46.02532958984375,1158171
STB,STB.OL,2017-08-22,64.0,64.1500015258789,62.95000076293945,63.400001525878906,45.66519546508789,1291136
STB,STB.OL,2017-08-23,63.400001525878906,63.900001525878906,63.20000076293945,63.25,45.55715560913086,957512
STB,STB.OL,2017-08-24,63.54999923706055,63.900001525878906,62.70000076293945,63.54999923706055,45.77323913574219,1131604
STB,STB.OL,2017-08-25,63.70000076293945,64.19999694824219,63.5,63.70000076293945,45.88127899169922,985908
STB,STB.OL,2017-08-28,63.54999923706055,63.599998474121094,63.099998474121094,63.25,45.55715560913086,416777
STB,STB.OL,2017-08-29,62.900001525878906,62.95000076293945,61.70000076293945,62.25,44.836883544921875,1112124
STB,STB.OL,2017-08-30,62.599998474121094,63.599998474121094,62.599998474121094,63.45000076293945,45.701210021972656,982633
STB,STB.OL,2017-08-31,63.599998474121094,64.44999694824219,63.45000076293945,64.19999694824219,46.24141311645508,1511524
STB,STB.OL,2017-09-01,64.4000015258789,64.5,63.79999923706055,64.4000015258789,46.385467529296875,757558
STB,STB.OL,2017-09-04,63.75,63.900001525878906,63.25,63.5,45.73721694946289,962113
STB,STB.OL,2017-09-05,63.20000076293945,63.25,62.5,62.54999923706055,45.05296325683594,1074698
STB,STB.OL,2017-09-06,62.04999923706055,62.04999923706055,61.25,61.349998474121094,44.18864059448242,1298739
STB,STB.OL,2017-09-07,61.5,61.849998474121094,60.79999923706055,61.5,44.29668045043945,1490962
STB,STB.OL,2017-09-08,61.5,61.70000076293945,60.849998474121094,60.95000076293945,43.90053176879883,1380871
STB,STB.OL,2017-09-11,61.099998474121094,62.79999923706055,61.099998474121094,61.900001525878906,44.58478927612305,1271770
STB,STB.OL,2017-09-12,62.349998474121094,62.650001525878906,61.29999923706055,62.25,44.836883544921875,1621079
STB,STB.OL,2017-09-13,62.20000076293945,62.95000076293945,62.099998474121094,62.70000076293945,45.16100311279297,1496973
STB,STB.OL,2017-09-14,62.599998474121094,62.650001525878906,61.79999923706055,62.349998474121094,44.908905029296875,926673
STB,STB.OL,2017-09-15,62.29999923706055,62.29999923706055,61.5,61.5,44.29668045043945,1561262
STB,STB.OL,2017-09-18,61.79999923706055,62.29999923706055,61.54999923706055,62.099998474121094,44.728843688964844,828102
STB,STB.OL,2017-09-19,62.25,62.29999923706055,61.849998474121094,62.150001525878906,44.76485824584961,773569
STB,STB.OL,2017-09-20,62.0,62.150001525878906,61.45000076293945,61.54999923706055,44.33269119262695,1186806
STB,STB.OL,2017-09-21,61.75,64.5,61.75,64.4000015258789,46.385467529296875,2679889
STB,STB.OL,2017-09-22,64.3499984741211,64.94999694824219,63.400001525878906,64.80000305175781,46.6735725402832,1909213
STB,STB.OL,2017-09-25,64.55000305175781,65.25,63.75,63.79999923706055,45.95330047607422,1445183
STB,STB.OL,2017-09-26,64.19999694824219,65.19999694824219,64.05000305175781,64.19999694824219,46.24141311645508,1499979
STB,STB.OL,2017-09-27,64.55000305175781,66.8499984741211,64.5,66.8499984741211,48.15012741088867,2401428
STB,STB.OL,2017-09-28,67.19999694824219,69.0999984741211,67.1500015258789,68.3499984741211,49.230533599853516,3071549
STB,STB.OL,2017-09-29,68.44999694824219,68.44999694824219,67.4000015258789,67.5999984741211,48.69033432006836,1770820
STB,STB.OL,2017-10-02,67.9000015258789,68.5999984741211,67.3499984741211,67.6500015258789,48.72635269165039,2040221
STB,STB.OL,2017-10-03,67.8499984741211,68.5,67.55000305175781,67.69999694824219,48.762351989746094,1410021
STB,STB.OL,2017-10-04,68.25,68.25,67.25,67.80000305175781,48.834388732910156,1231123
STB,STB.OL,2017-10-05,68.05000305175781,69.30000305175781,67.55000305175781,69.1500015258789,49.80674743652344,1481323
STB,STB.OL,2017-10-06,69.3499984741211,69.9000015258789,69.0,69.19999694824219,49.842769622802734,1430457
STB,STB.OL,2017-10-09,69.5999984741211,69.8499984741211,69.05000305175781,69.55000305175781,50.09486770629883,1531785
STB,STB.OL,2017-10-10,69.55000305175781,70.1500015258789,69.0,69.0,49.69871520996094,1284598
STB,STB.OL,2017-10-11,69.30000305175781,69.4000015258789,68.19999694824219,68.19999694824219,49.122493743896484,3237639
STB,STB.OL,2017-10-12,68.05000305175781,68.1500015258789,67.30000305175781,67.75,48.79837417602539,1376207
STB,STB.OL,2017-10-13,67.75,67.9000015258789,67.05000305175781,67.44999694824219,48.5822868347168,1266031
STB,STB.OL,2017-10-16,67.44999694824219,67.69999694824219,66.80000305175781,66.80000305175781,48.11412048339844,958654
STB,STB.OL,2017-10-17,66.9000015258789,67.5999984741211,66.55000305175781,67.30000305175781,48.4742546081543,1404195
STB,STB.OL,2017-10-18,67.4000015258789,68.5999984741211,67.4000015258789,68.44999694824219,49.30257034301758,1204154
STB,STB.OL,2017-10-19,68.5,69.0999984741211,67.8499984741211,68.3499984741211,49.230533599853516,1870064
STB,STB.OL,2017-10-20,68.5,70.05000305175781,68.5,70.0,50.418983459472656,1848704
STB,STB.OL,2017-10-23,70.0,70.0,69.1500015258789,69.25,49.8787841796875,1095581
STB,STB.OL,2017-10-24,69.44999694824219,69.6500015258789,68.3499984741211,68.8499984741211,49.590667724609375,1326548
STB,STB.OL,2017-10-25,71.0,71.25,68.30000305175781,68.30000305175781,49.19453048706055,3643041
STB,STB.OL,2017-10-26,68.25,70.75,68.0,70.25,50.599056243896484,3318189
STB,STB.OL,2017-10-27,70.3499984741211,70.9000015258789,69.8499984741211,70.25,50.599056243896484,1467064
STB,STB.OL,2017-10-30,70.30000305175781,70.69999694824219,69.8499984741211,70.44999694824219,50.743099212646484,1759359
STB,STB.OL,2017-10-31,70.5,70.80000305175781,69.9000015258789,69.94999694824219,50.382965087890625,1202050
STB,STB.OL,2017-11-01,70.4000015258789,70.80000305175781,70.0999984741211,70.30000305175781,50.63507080078125,1019046
STB,STB.OL,2017-11-02,70.4000015258789,70.4000015258789,69.5,69.75,50.23891830444336,1226715
STB,STB.OL,2017-11-03,69.75,69.80000305175781,69.05000305175781,69.44999694824219,50.02283477783203,1201113
STB,STB.OL,2017-11-06,69.5999984741211,69.8499984741211,68.8499984741211,69.19999694824219,49.842769622802734,973173
STB,STB.OL,2017-11-07,69.1500015258789,69.55000305175781,68.80000305175781,68.94999694824219,49.66269302368164,1031615
STB,STB.OL,2017-11-08,69.0,69.0,67.55000305175781,68.0999984741211,49.05046463012695,1357209
STB,STB.OL,2017-11-09,68.0999984741211,68.30000305175781,67.5999984741211,67.94999694824219,48.94242858886719,1212549
STB,STB.OL,2017-11-10,68.0,68.6500015258789,67.69999694824219,68.25,49.15850830078125,867340
STB,STB.OL,2017-11-13,68.25,68.25,66.30000305175781,66.9000015258789,48.18614196777344,1396781
STB,STB.OL,2017-11-14,66.94999694824219,67.5999984741211,66.69999694824219,67.1500015258789,48.3662109375,966359
STB,STB.OL,2017-11-15,67.05000305175781,67.0999984741211,66.4000015258789,66.75,48.07809829711914,1343327
STB,STB.OL,2017-11-16,67.0999984741211,68.0,67.0999984741211,67.80000305175781,48.834388732910156,1187127
STB,STB.OL,2017-11-17,67.80000305175781,68.55000305175781,67.55000305175781,67.69999694824219,48.762351989746094,1049510
STB,STB.OL,2017-11-20,67.6500015258789,67.69999694824219,66.69999694824219,67.5999984741211,48.69033432006836,713089
STB,STB.OL,2017-11-21,67.5999984741211,68.19999694824219,67.19999694824219,68.0,48.97843933105469,905034
STB,STB.OL,2017-11-22,68.1500015258789,68.30000305175781,67.0999984741211,67.4000015258789,48.54628372192383,1057398
STB,STB.OL,2017-11-23,67.0999984741211,67.1500015258789,66.30000305175781,66.94999694824219,48.22214889526367,916830
STB,STB.OL,2017-11-24,66.8499984741211,67.19999694824219,66.3499984741211,66.80000305175781,48.11412048339844,675965
STB,STB.OL,2017-11-27,66.55000305175781,67.4000015258789,65.19999694824219,65.25,46.99769973754883,1466798
STB,STB.OL,2017-11-28,65.25,65.69999694824219,64.3499984741211,65.5,47.17776107788086,1811637
STB,STB.OL,2017-11-29,66.1500015258789,67.25,66.1500015258789,67.0999984741211,48.330196380615234,1210052
STB,STB.OL,2017-11-30,67.0999984741211,67.19999694824219,66.30000305175781,66.4000015258789,47.826011657714844,1381690
STB,STB.OL,2017-12-01,66.19999694824219,66.69999694824219,65.25,66.44999694824219,47.86201477050781,1176756
STB,STB.OL,2017-12-04,66.5,67.69999694824219,66.5,66.9000015258789,48.18614196777344,1186233
STB,STB.OL,2017-12-05,66.4000015258789,66.5999984741211,64.5,64.75,46.6375617980957,2119897
STB,STB.OL,2017-12-06,64.1500015258789,64.3499984741211,62.70000076293945,62.900001525878906,45.30506134033203,1950627
STB,STB.OL,2017-12-07,62.5,63.900001525878906,61.849998474121094,63.25,45.55715560913086,1723836
STB,STB.OL,2017-12-08,63.599998474121094,64.4000015258789,63.25,63.849998474121094,45.98931884765625,1069974
STB,STB.OL,2017-12-11,64.44999694824219,64.44999694824219,62.70000076293945,63.0,45.37708282470703,1500916
STB,STB.OL,2017-12-12,62.849998474121094,63.75,62.25,63.650001525878906,45.84526062011719,1513181
STB,STB.OL,2017-12-13,63.599998474121094,65.19999694824219,63.45000076293945,64.75,46.6375617980957,1420737
STB,STB.OL,2017-12-14,64.5,66.44999694824219,64.5,66.1500015258789,47.64594268798828,2143647
STB,STB.OL,2017-12-15,66.0,66.0,63.95000076293945,65.0999984741211,46.889652252197266,2049838
STB,STB.OL,2017-12-18,65.0,65.80000305175781,64.80000305175781,65.55000305175781,47.21377944946289,1542917
STB,STB.OL,2017-12-19,65.44999694824219,66.5999984741211,65.30000305175781,65.44999694824219,47.14175033569336,1400953
STB,STB.OL,2017-12-20,65.5999984741211,66.1500015258789,65.3499984741211,66.1500015258789,47.64594268798828,1470158
STB,STB.OL,2017-12-21,66.0999984741211,66.0999984741211,65.05000305175781,66.0,47.537899017333984,1391081
STB,STB.OL,2017-12-22,65.94999694824219,66.3499984741211,65.44999694824219,65.6500015258789,47.28580856323242,578197
STB,STB.OL,2017-12-27,65.55000305175781,66.9000015258789,65.55000305175781,66.8499984741211,48.15012741088867,810158
STB,STB.OL,2017-12-28,66.9000015258789,67.1500015258789,66.75,67.05000305175781,48.294185638427734,829671
STB,STB.OL,2017-12-29,67.0999984741211,67.4000015258789,66.69999694824219,66.9000015258789,48.18614196777344,970109
STB,STB.OL,2018-01-02,67.23999786376953,67.37999725341797,66.19999694824219,66.86000061035156,48.15732955932617,1099360
STB,STB.OL,2018-01-03,66.9800033569336,67.95999908447266,66.45999908447266,67.0199966430664,48.2725715637207,1534462
STB,STB.OL,2018-01-04,67.18000030517578,67.76000213623047,66.23999786376953,67.5999984741211,48.69033432006836,1240697
STB,STB.OL,2018-01-05,67.9000015258789,68.18000030517578,67.31999969482422,67.68000030517578,48.74795150756836,1335440
STB,STB.OL,2018-01-08,67.69999694824219,68.0,67.13999938964844,67.4800033569336,48.60390853881836,1062663
STB,STB.OL,2018-01-09,67.72000122070312,68.45999908447266,67.5999984741211,68.30000305175781,49.19453048706055,1103181
STB,STB.OL,2018-01-10,68.45999908447266,70.83999633789062,68.45999908447266,70.5,50.77912139892578,2237009
STB,STB.OL,2018-01-11,70.45999908447266,70.77999877929688,69.80000305175781,70.37999725341797,50.69267654418945,1624628
STB,STB.OL,2018-01-12,70.26000213623047,70.5,69.66000366210938,70.27999877929688,50.62065887451172,1273090
STB,STB.OL,2018-01-15,70.27999877929688,70.5199966430664,69.83999633789062,69.94000244140625,50.375770568847656,998453
STB,STB.OL,2018-01-16,70.31999969482422,70.31999969482422,69.30000305175781,70.04000091552734,50.44779968261719,922820
STB,STB.OL,2018-01-17,69.5999984741211,69.63999938964844,69.08000183105469,69.27999877929688,49.900394439697266,880371
STB,STB.OL,2018-01-18,69.81999969482422,70.23999786376953,69.5,69.69999694824219,50.20289611816406,970021
STB,STB.OL,2018-01-19,69.72000122070312,70.73999786376953,69.58000183105469,70.30000305175781,50.63507080078125,1361070
STB,STB.OL,2018-01-22,71.0,71.31999969482422,70.37999725341797,70.5,50.77912139892578,1516833
STB,STB.OL,2018-01-23,70.58000183105469,70.9800033569336,69.4800033569336,69.76000213623047,50.24612045288086,1331363
STB,STB.OL,2018-01-24,69.76000213623047,70.5199966430664,69.55999755859375,70.18000030517578,50.54862976074219,974285
STB,STB.OL,2018-01-25,70.18000030517578,70.30000305175781,69.31999969482422,69.5999984741211,50.13086700439453,828573
STB,STB.OL,2018-01-26,69.4800033569336,69.5,68.62000274658203,69.16000366210938,49.813961029052734,1390960
STB,STB.OL,2018-01-29,69.19999694824219,69.58000183105469,68.72000122070312,68.72000122070312,49.49703598022461,1197534
STB,STB.OL,2018-01-30,68.58000183105469,68.5999984741211,67.66000366210938,67.9800033569336,48.96403121948242,1428815
STB,STB.OL,2018-01-31,67.9800033569336,69.31999969482422,67.66000366210938,69.08000183105469,49.7563362121582,1606568
STB,STB.OL,2018-02-01,69.19999694824219,70.80000305175781,69.12000274658203,69.81999969482422,50.28933334350586,1681443
STB,STB.OL,2018-02-02,69.54000091552734,70.16000366210938,69.5199966430664,69.83999633789062,50.30373764038086,1212440
STB,STB.OL,2018-02-05,69.0,70.0,68.0,70.0,50.418983459472656,1712814
STB,STB.OL,2018-02-06,66.0,68.9800033569336,65.5999984741211,68.08000183105469,49.036067962646484,3629606
STB,STB.OL,2018-02-07,67.5199966430664,69.69999694824219,65.69999694824219,68.9000015258789,49.62668991088867,4473451
STB,STB.OL,2018-02-08,69.30000305175781,71.26000213623047,69.0999984741211,69.80000305175781,50.27492904663086,2817454
STB,STB.OL,2018-02-09,68.66000366210938,69.33999633789062,66.5999984741211,67.62000274658203,48.704734802246094,3486872
STB,STB.OL,2018-02-12,68.08000183105469,69.44000244140625,67.9800033569336,68.9000015258789,49.62668991088867,1719278
STB,STB.OL,2018-02-13,69.16000366210938,69.37999725341797,68.72000122070312,69.04000091552734,49.72752380371094,1030380
STB,STB.OL,2018-02-14,69.04000091552734,69.37999725341797,68.04000091552734,68.81999969482422,49.56906509399414,1561884
STB,STB.OL,2018-02-15,69.37999725341797,70.5,68.44000244140625,68.5,49.33857345581055,1548351
STB,STB.OL,2018-02-16,68.9000015258789,69.30000305175781,68.5999984741211,69.30000305175781,49.91480255126953,1667633
STB,STB.OL,2018-02-19,69.37999725341797,70.30000305175781,69.37999725341797,69.4800033569336,50.04444122314453,836841
STB,STB.OL,2018-02-20,69.16000366210938,70.04000091552734,69.16000366210938,69.95999908447266,50.39017105102539,756431
STB,STB.OL,2018-02-21,68.0,68.0,65.12000274658203,67.0,48.25817108154297,9592470
STB,STB.OL,2018-02-22,66.86000061035156,66.86000061035156,65.55999755859375,65.81999969482422,47.40824890136719,3691253
STB,STB.OL,2018-02-23,66.0199966430664,66.4000015258789,65.5199966430664,66.13999938964844,47.63874053955078,2475714
STB,STB.OL,2018-02-26,66.33999633789062,67.4800033569336,66.33999633789062,66.91999816894531,48.2005500793457,2009428
STB,STB.OL,2018-02-27,67.9000015258789,69.37999725341797,67.9000015258789,69.05999755859375,49.74192810058594,3584534
STB,STB.OL,2018-02-28,68.62000274658203,69.83999633789062,68.5999984741211,69.4000015258789,49.98681640625,1732411
STB,STB.OL,2018-03-01,68.81999969482422,69.0,68.16000366210938,68.63999938964844,49.439414978027344,1383860
STB,STB.OL,2018-03-02,68.0999984741211,68.37999725341797,65.86000061035156,66.18000030517578,47.667545318603516,2828964
STB,STB.OL,2018-03-05,65.9000015258789,66.77999877929688,65.36000061035156,66.68000030517578,48.027687072753906,1560420
STB,STB.OL,2018-03-06,67.45999908447266,68.4800033569336,67.19999694824219,68.0999984741211,49.05046463012695,1889831
STB,STB.OL,2018-03-07,67.77999877929688,67.77999877929688,66.80000305175781,67.5999984741211,48.69033432006836,1289833
STB,STB.OL,2018-03-08,67.5999984741211,68.94000244140625,67.4800033569336,68.80000305175781,49.554664611816406,1306372
STB,STB.OL,2018-03-09,68.73999786376953,69.0999984741211,67.87999725341797,68.54000091552734,49.36738586425781,1330712
STB,STB.OL,2018-03-12,69.19999694824219,69.19999694824219,68.23999786376953,68.23999786376953,49.151302337646484,1457321
STB,STB.OL,2018-03-13,68.36000061035156,68.58000183105469,67.68000030517578,67.68000030517578,48.74795150756836,1459727
STB,STB.OL,2018-03-14,67.58000183105469,68.19999694824219,67.26000213623047,67.27999877929688,48.4598503112793,1116985
STB,STB.OL,2018-03-15,67.5199966430664,67.76000213623047,67.0,67.22000122070312,48.4166374206543,1282369
STB,STB.OL,2018-03-16,67.22000122070312,67.4800033569336,65.91999816894531,66.76000213623047,48.085304260253906,1887168
STB,STB.OL,2018-03-19,66.77999877929688,66.77999877929688,65.91999816894531,65.9800033569336,47.52349853515625,1104154
STB,STB.OL,2018-03-20,66.30000305175781,67.13999938964844,66.12000274658203,66.81999969482422,48.128517150878906,977909
STB,STB.OL,2018-03-21,66.81999969482422,67.0999984741211,66.0199966430664,66.33999633789062,47.78278350830078,1355911
STB,STB.OL,2018-03-22,66.33999633789062,66.5199966430664,64.76000213623047,64.86000061035156,46.716793060302734,1071768
STB,STB.OL,2018-03-23,64.0,65.19999694824219,63.34000015258789,65.0,46.817626953125,1882886
STB,STB.OL,2018-03-26,65.0,65.63999938964844,64.54000091552734,64.76000213623047,46.64476776123047,1186633
STB,STB.OL,2018-03-27,65.5199966430664,66.27999877929688,65.0199966430664,65.22000122070312,46.9760856628418,1106162
STB,STB.OL,2018-03-28,64.77999877929688,64.77999877929688,63.52000045776367,63.779998779296875,45.93889617919922,1522302
STB,STB.OL,2018-04-03,63.79999923706055,64.94000244140625,63.220001220703125,64.12000274658203,46.18379211425781,2054530
STB,STB.OL,2018-04-04,64.0199966430664,64.22000122070312,61.720001220703125,62.81999969482422,45.2474365234375,2587870
STB,STB.OL,2018-04-05,63.099998474121094,64.27999877929688,63.08000183105469,64.08000183105469,46.15497970581055,1833084
STB,STB.OL,2018-04-06,63.720001220703125,63.720001220703125,63.02000045776367,63.400001525878906,45.66519546508789,1419862
STB,STB.OL,2018-04-09,63.52000045776367,64.26000213623047,63.060001373291016,63.41999816894531,45.679603576660156,1308359
STB,STB.OL,2018-04-10,63.79999923706055,64.5999984741211,63.31999969482422,64.5999984741211,46.529518127441406,1805964
STB,STB.OL,2018-04-11,64.5999984741211,65.33999633789062,63.939998626708984,64.87999725341797,46.73119354248047,2801556
STB,STB.OL,2018-04-12,62.599998474121094,63.2400016784668,62.2599983215332,63.2400016784668,47.37545394897461,1417420
STB,STB.OL,2018-04-13,63.5,63.91999816894531,63.2400016784668,63.47999954223633,47.55525207519531,1198093
STB,STB.OL,2018-04-16,63.599998474121094,64.0,62.959999084472656,63.459999084472656,47.54026794433594,1346184
STB,STB.OL,2018-04-17,63.65999984741211,64.16000366210938,63.400001525878906,63.720001220703125,47.735042572021484,1119796
STB,STB.OL,2018-04-18,63.900001525878906,64.0199966430664,63.18000030517578,63.36000061035156,47.46535110473633,2060872
STB,STB.OL,2018-04-19,63.36000061035156,64.0199966430664,63.220001220703125,63.63999938964844,47.675113677978516,1761265
STB,STB.OL,2018-04-20,63.63999938964844,64.95999908447266,63.439998626708984,64.26000213623047,48.13957595825195,1959562
STB,STB.OL,2018-04-23,64.76000213623047,65.68000030517578,64.31999969482422,65.5999984741211,49.14341735839844,1466495
STB,STB.OL,2018-04-24,65.5999984741211,66.58000183105469,65.31999969482422,65.54000091552734,49.09846878051758,2291738
STB,STB.OL,2018-04-25,67.04000091552734,69.68000030517578,66.5999984741211,68.19999694824219,51.0911750793457,7681908
STB,STB.OL,2018-04-26,68.0999984741211,69.44000244140625,68.08000183105469,69.30000305175781,51.91522979736328,4840629
STB,STB.OL,2018-04-27,69.4800033569336,70.36000061035156,68.80000305175781,69.12000274658203,51.78038024902344,2811142
STB,STB.OL,2018-04-30,69.0999984741211,69.37999725341797,68.5999984741211,68.69999694824219,51.46574401855469,1702793
STB,STB.OL,2018-05-02,68.69999694824219,69.0,68.36000061035156,68.80000305175781,51.54066467285156,1817900
STB,STB.OL,2018-05-03,68.77999877929688,69.4000015258789,68.36000061035156,68.45999908447266,51.285945892333984,1261387
STB,STB.OL,2018-05-04,68.63999938964844,68.87999725341797,68.0999984741211,68.22000122070312,51.10615921020508,1226802
STB,STB.OL,2018-05-07,68.30000305175781,68.83999633789062,67.87999725341797,68.0199966430664,50.95633316040039,1135419
STB,STB.OL,2018-05-08,68.05999755859375,68.94000244140625,68.05999755859375,68.80000305175781,51.54066467285156,1289281
STB,STB.OL,2018-05-09,68.77999877929688,69.0199966430664,68.27999877929688,68.41999816894531,51.255985260009766,1030845
STB,STB.OL,2018-05-11,68.4800033569336,68.72000122070312,68.13999938964844,68.26000213623047,51.13612747192383,1088717
STB,STB.OL,2018-05-14,68.30000305175781,68.5,67.23999786376953,67.44000244140625,50.52183532714844,984333
STB,STB.OL,2018-05-15,67.44000244140625,68.45999908447266,67.44000244140625,68.4000015258789,51.241004943847656,1084898
STB,STB.OL,2018-05-16,68.4000015258789,69.9800033569336,67.86000061035156,68.26000213623047,51.13612747192383,2032689
STB,STB.OL,2018-05-18,68.80000305175781,68.94000244140625,68.4000015258789,68.77999877929688,51.52567672729492,1450215
STB,STB.OL,2018-05-22,68.87999725341797,69.16000366210938,68.37999725341797,68.5999984741211,51.39082717895508,1596712
STB,STB.OL,2018-05-23,68.80000305175781,68.80000305175781,66.91999816894531,67.19999694824219,50.34203338623047,1853012
STB,STB.OL,2018-05-24,67.4800033569336,68.0999984741211,67.23999786376953,67.33999633789062,50.44691467285156,1290779
STB,STB.OL,2018-05-25,68.0,68.87999725341797,67.41999816894531,68.27999877929688,51.151100158691406,2479807
STB,STB.OL,2018-05-28,68.5,69.08000183105469,68.23999786376953,68.9000015258789,51.61557388305664,1201712
STB,STB.OL,2018-05-29,68.77999877929688,68.77999877929688,67.05999755859375,68.08000183105469,51.001277923583984,2097506
STB,STB.OL,2018-05-30,68.0,68.0,66.72000122070312,66.87999725341797,50.10231018066406,2913513
STB,STB.OL,2018-05-31,67.54000091552734,68.5999984741211,66.9000015258789,66.9000015258789,50.1172981262207,3724346
STB,STB.OL,2018-06-01,67.45999908447266,68.4800033569336,67.0,68.0999984741211,51.016258239746094,2143504
STB,STB.OL,2018-06-04,68.9000015258789,69.5,68.33999633789062,68.62000274658203,51.40581512451172,1966532
STB,STB.OL,2018-06-05,68.87999725341797,68.9800033569336,68.44000244140625,68.62000274658203,51.40581512451172,1380536
STB,STB.OL,2018-06-06,68.9000015258789,69.0999984741211,68.23999786376953,68.4000015258789,51.241004943847656,1207855
STB,STB.OL,2018-06-07,68.9800033569336,69.5,68.5,69.19999694824219,51.840309143066406,1766111
STB,STB.OL,2018-06-08,69.19999694824219,69.19999694824219,68.23999786376953,68.31999969482422,51.181068420410156,1605704
STB,STB.OL,2018-06-11,68.58000183105469,69.72000122070312,68.33999633789062,69.62000274658203,52.15495300292969,1715546
STB,STB.OL,2018-06-12,69.80000305175781,69.86000061035156,69.04000091552734,69.16000366210938,51.81034851074219,1723081
STB,STB.OL,2018-06-13,69.16000366210938,69.5,68.69999694824219,69.5,52.0650520324707,1240423
STB,STB.OL,2018-06-14,69.4800033569336,69.9800033569336,68.94000244140625,69.9000015258789,52.364707946777344,2032633
STB,STB.OL,2018-06-15,70.0,70.05999755859375,69.16000366210938,69.4800033569336,52.050071716308594,2118039
STB,STB.OL,2018-06-18,69.41999816894531,69.68000030517578,68.76000213623047,68.76000213623047,51.51069641113281,1300019
STB,STB.OL,2018-06-19,68.4800033569336,69.22000122070312,67.80000305175781,68.86000061035156,51.585609436035156,1352294
STB,STB.OL,2018-06-20,69.18000030517578,69.26000213623047,68.5199966430664,68.54000091552734,51.345882415771484,1242748
STB,STB.OL,2018-06-21,68.54000091552734,68.5999984741211,67.5,67.5,50.566776275634766,1330821
STB,STB.OL,2018-06-22,67.55999755859375,68.36000061035156,67.5199966430664,68.13999938964844,51.04622268676758,874474
STB,STB.OL,2018-06-25,67.4800033569336,67.5,65.95999908447266,66.55999755859375,49.86258316040039,2161571
STB,STB.OL,2018-06-26,66.45999908447266,66.45999908447266,65.77999877929688,66.0999984741211,49.517982482910156,1194489
STB,STB.OL,2018-06-27,66.08000183105469,66.26000213623047,65.26000213623047,66.05999755859375,49.488014221191406,1504787
STB,STB.OL,2018-06-28,65.63999938964844,65.95999908447266,64.73999786376953,64.95999908447266,48.663970947265625,1461650
STB,STB.OL,2018-06-29,65.37999725341797,65.86000061035156,65.12000274658203,65.73999786376953,49.248294830322266,1712965
STB,STB.OL,2018-07-02,65.19999694824219,65.44000244140625,64.73999786376953,65.22000122070312,48.8587532043457,1131652
STB,STB.OL,2018-07-03,65.54000091552734,65.62000274658203,64.62000274658203,65.5,49.06850814819336,1020948
STB,STB.OL,2018-07-04,65.54000091552734,66.45999908447266,65.22000122070312,66.44000244140625,49.77269744873047,1097124
STB,STB.OL,2018-07-05,66.27999877929688,66.62000274658203,65.77999877929688,66.0,49.44307327270508,1378295
STB,STB.OL,2018-07-06,66.0199966430664,66.12000274658203,65.13999938964844,65.13999938964844,48.7988166809082,1390235
STB,STB.OL,2018-07-09,65.4000015258789,66.86000061035156,65.4000015258789,66.83999633789062,50.07234573364258,1274401
STB,STB.OL,2018-07-10,66.87999725341797,67.26000213623047,66.4800033569336,67.16000366210938,50.31207275390625,1519645
STB,STB.OL,2018-07-11,66.54000091552734,66.80000305175781,66.0199966430664,66.5,49.8176383972168,1093690
STB,STB.OL,2018-07-12,66.19999694824219,66.23999786376953,65.0,65.5999984741211,49.14341735839844,2169357
STB,STB.OL,2018-07-13,67.73999786376953,68.4000015258789,66.81999969482422,67.91999816894531,50.88141632080078,2873468
STB,STB.OL,2018-07-16,68.0999984741211,68.94000244140625,67.81999969482422,68.5,51.31591796875,2122281
STB,STB.OL,2018-07-17,68.5999984741211,68.80000305175781,68.22000122070312,68.5,51.31591796875,1390797
STB,STB.OL,2018-07-18,68.4800033569336,68.94000244140625,67.86000061035156,68.86000061035156,51.585609436035156,1275968
STB,STB.OL,2018-07-19,68.86000061035156,69.04000091552734,67.94000244140625,68.12000274658203,51.03124237060547,1114071
STB,STB.OL,2018-07-20,68.04000091552734,68.19999694824219,67.5999984741211,67.94000244140625,50.89640808105469,1455217
STB,STB.OL,2018-07-23,68.27999877929688,68.83999633789062,67.83999633789062,68.5,51.31591796875,1264701
STB,STB.OL,2018-07-24,68.87999725341797,69.54000091552734,68.73999786376953,69.41999816894531,52.00511932373047,1415964
STB,STB.OL,2018-07-25,69.45999908447266,69.55999755859375,68.86000061035156,68.94000244140625,51.64554214477539,963743
STB,STB.OL,2018-07-26,69.05999755859375,69.23999786376953,68.80000305175781,68.9000015258789,51.61557388305664,1069469
STB,STB.OL,2018-07-27,68.91999816894531,69.4800033569336,68.91999816894531,69.45999908447266,52.03508377075195,1047202
STB,STB.OL,2018-07-30,69.33999633789062,69.66000366210938,69.12000274658203,69.5199966430664,52.08003234863281,908816
STB,STB.OL,2018-07-31,69.4000015258789,69.68000030517578,69.30000305175781,69.4800033569336,52.050071716308594,1078415
STB,STB.OL,2018-08-01,69.41999816894531,69.63999938964844,68.86000061035156,69.22000122070312,51.85529327392578,837362
STB,STB.OL,2018-08-02,69.19999694824219,69.22000122070312,68.08000183105469,68.4000015258789,51.241004943847656,1123404
STB,STB.OL,2018-08-03,68.44000244140625,69.37999725341797,68.44000244140625,69.18000030517578,51.82532501220703,957424
STB,STB.OL,2018-08-06,69.44000244140625,69.5999984741211,68.73999786376953,68.73999786376953,51.49570846557617,790908
STB,STB.OL,2018-08-07,68.94000244140625,69.66000366210938,68.83999633789062,69.66000366210938,52.18491744995117,1124714
STB,STB.OL,2018-08-08,69.5999984741211,69.87999725341797,69.31999969482422,69.66000366210938,52.18491744995117,1287323
STB,STB.OL,2018-08-09,69.72000122070312,71.4800033569336,69.33999633789062,71.30000305175781,53.41350173950195,1909792
STB,STB.OL,2018-08-10,71.27999877929688,71.68000030517578,70.33999633789062,70.76000213623047,53.008968353271484,1679797
STB,STB.OL,2018-08-13,69.9800033569336,71.58000183105469,69.81999969482422,71.44000244140625,53.51837921142578,1225833
STB,STB.OL,2018-08-14,71.41999816894531,73.54000091552734,71.23999786376953,73.18000030517578,54.82188415527344,2243842
STB,STB.OL,2018-08-15,73.30000305175781,73.4000015258789,71.4800033569336,71.54000091552734,53.59329605102539,1665821
STB,STB.OL,2018-08-16,71.69999694824219,72.95999908447266,71.45999908447266,72.63999938964844,54.41735076904297,1406548
STB,STB.OL,2018-08-17,72.66000366210938,72.91999816894531,71.91999816894531,72.30000305175781,54.16264343261719,1010309
STB,STB.OL,2018-08-20,72.5199966430664,73.72000122070312,72.44000244140625,73.72000122070312,55.22641372680664,1206105
STB,STB.OL,2018-08-21,73.80000305175781,74.4800033569336,73.66000366210938,74.36000061035156,55.70586395263672,1206963
STB,STB.OL,2018-08-22,74.31999969482422,74.5999984741211,74.04000091552734,74.4000015258789,55.735836029052734,1131738
STB,STB.OL,2018-08-23,74.4800033569336,74.86000061035156,73.9800033569336,74.31999969482422,55.67589569091797,1050642
STB,STB.OL,2018-08-24,74.4800033569336,74.73999786376953,73.87999725341797,73.95999908447266,55.40620422363281,1008432
STB,STB.OL,2018-08-27,74.22000122070312,74.54000091552734,74.08000183105469,74.41999816894531,55.75080490112305,649305
STB,STB.OL,2018-08-28,74.41999816894531,74.41999816894531,73.76000213623047,73.9000015258789,55.361263275146484,1024189
STB,STB.OL,2018-08-29,73.9000015258789,74.45999908447266,73.66000366210938,74.23999786376953,55.615966796875,930981
STB,STB.OL,2018-08-30,74.45999908447266,74.62000274658203,73.9800033569336,74.5999984741211,55.88564682006836,1142759
STB,STB.OL,2018-08-31,74.5,74.62000274658203,73.95999908447266,74.30000305175781,55.66091537475586,1465537
STB,STB.OL,2018-09-03,74.19999694824219,75.37999725341797,74.19999694824219,75.19999694824219,56.33513641357422,1309577
STB,STB.OL,2018-09-04,75.31999969482422,75.37999725341797,74.45999908447266,74.58000183105469,55.87067794799805,1058433
STB,STB.OL,2018-09-05,74.55999755859375,75.0,74.12000274658203,74.63999938964844,55.91562271118164,918622
STB,STB.OL,2018-09-06,74.31999969482422,74.76000213623047,73.94000244140625,74.5199966430664,55.82571792602539,964126
STB,STB.OL,2018-09-07,74.5199966430664,74.5999984741211,73.37999725341797,73.72000122070312,55.22641372680664,838050
STB,STB.OL,2018-09-10,73.80000305175781,74.0199966430664,73.0999984741211,73.0999984741211,54.76194763183594,1341510
STB,STB.OL,2018-09-11,73.36000061035156,73.58000183105469,71.9000015258789,72.0199966430664,53.952880859375,1761987
STB,STB.OL,2018-09-12,72.19999694824219,72.9000015258789,72.05999755859375,72.22000122070312,54.10270309448242,1523478
STB,STB.OL,2018-09-13,72.22000122070312,72.54000091552734,71.95999908447266,71.95999908447266,53.90793228149414,766789
STB,STB.OL,2018-09-14,72.19999694824219,72.19999694824219,71.69999694824219,71.80000305175781,53.7880744934082,886348
STB,STB.OL,2018-09-17,71.54000091552734,72.4000015258789,71.37999725341797,72.33999633789062,54.19260787963867,800775
STB,STB.OL,2018-09-18,72.0,72.4000015258789,71.77999877929688,72.18000030517578,54.07274627685547,1169415
STB,STB.OL,2018-09-19,72.22000122070312,72.9800033569336,72.22000122070312,72.80000305175781,54.53721618652344,1039946
STB,STB.OL,2018-09-20,72.80000305175781,74.16000366210938,72.80000305175781,74.16000366210938,55.5560302734375,1368555
STB,STB.OL,2018-09-21,74.22000122070312,74.9000015258789,73.4800033569336,73.66000366210938,55.18145751953125,1382746
STB,STB.OL,2018-09-24,73.45999908447266,73.66000366210938,73.0,73.23999786376953,54.866825103759766,937724
STB,STB.OL,2018-09-25,73.27999877929688,73.80000305175781,72.9800033569336,73.68000030517578,55.196449279785156,1046779
STB,STB.OL,2018-09-26,73.66000366210938,73.76000213623047,73.31999969482422,73.54000091552734,55.09156799316406,831695
STB,STB.OL,2018-09-27,73.68000030517578,73.86000061035156,72.81999969482422,73.12000274658203,54.776939392089844,945534
STB,STB.OL,2018-09-28,73.12000274658203,73.31999969482422,72.0199966430664,72.69999694824219,54.4622917175293,1091163
STB,STB.OL,2018-10-01,72.4000015258789,73.0,72.19999694824219,72.45999908447266,54.28250503540039,979087
STB,STB.OL,2018-10-02,72.26000213623047,72.26000213623047,71.5199966430664,71.68000030517578,53.698177337646484,1119854
STB,STB.OL,2018-10-03,71.66000366210938,72.44000244140625,71.4000015258789,72.19999694824219,54.08773422241211,968281
STB,STB.OL,2018-10-04,72.22000122070312,73.62000274658203,71.81999969482422,73.22000122070312,54.85185241699219,1450355
STB,STB.OL,2018-10-05,73.13999938964844,74.08000183105469,72.76000213623047,73.54000091552734,55.09156799316406,1328839
STB,STB.OL,2018-10-08,73.54000091552734,73.68000030517578,72.86000061035156,73.30000305175781,54.91177749633789,1314342
STB,STB.OL,2018-10-09,73.26000213623047,73.77999877929688,72.83999633789062,73.33999633789062,54.94173812866211,1608694
STB,STB.OL,2018-10-10,73.33999633789062,74.36000061035156,73.08000183105469,73.41999816894531,55.001670837402344,1908386
STB,STB.OL,2018-10-11,71.80000305175781,72.81999969482422,70.66000366210938,71.83999633789062,53.81803512573242,3216578
STB,STB.OL,2018-10-12,71.80000305175781,72.08000183105469,70.45999908447266,70.77999877929688,53.02395248413086,1839937
STB,STB.OL,2018-10-15,71.45999908447266,71.83999633789062,70.4800033569336,71.45999908447266,53.533363342285156,1730420
STB,STB.OL,2018-10-16,71.68000030517578,73.44000244140625,71.30000305175781,73.44000244140625,55.016658782958984,1781578
STB,STB.OL,2018-10-17,73.86000061035156,74.44000244140625,73.5,73.68000030517578,55.196449279785156,1472131
STB,STB.OL,2018-10-18,73.5,73.54000091552734,71.83999633789062,72.23999786376953,54.11768341064453,1920762
STB,STB.OL,2018-10-19,72.19999694824219,72.72000122070312,71.27999877929688,72.5199966430664,54.32745361328125,1579392
STB,STB.OL,2018-10-22,73.0,73.87999725341797,71.4000015258789,71.62000274658203,53.65322494506836,1629625
STB,STB.OL,2018-10-23,70.9800033569336,71.45999908447266,67.36000061035156,69.30000305175781,51.91522979736328,2811993
STB,STB.OL,2018-10-24,70.5199966430664,71.19999694824219,67.81999969482422,68.0,50.941349029541016,2521232
STB,STB.OL,2018-10-25,66.87999725341797,68.5,66.36000061035156,68.05999755859375,50.98629379272461,2196694
STB,STB.OL,2018-10-26,68.0999984741211,68.13999938964844,66.81999969482422,67.54000091552734,50.59674835205078,1853682
STB,STB.OL,2018-10-29,67.54000091552734,69.05999755859375,67.4000015258789,68.45999908447266,51.285945892333984,1185052
STB,STB.OL,2018-10-30,68.62000274658203,68.69999694824219,67.27999877929688,68.13999938964844,51.04622268676758,1620868
STB,STB.OL,2018-10-31,68.95999908447266,70.4000015258789,68.86000061035156,70.16000366210938,52.55948257446289,1646645
STB,STB.OL,2018-11-01,70.16000366210938,70.77999877929688,69.5999984741211,70.30000305175781,52.66436767578125,1230320
STB,STB.OL,2018-11-02,70.95999908447266,71.80000305175781,70.63999938964844,70.91999816894531,53.12882995605469,1054385
STB,STB.OL,2018-11-05,70.86000061035156,70.86000061035156,70.0199966430664,70.4000015258789,52.73927688598633,631246
STB,STB.OL,2018-11-06,70.4000015258789,70.5,70.04000091552734,70.44000244140625,52.76924514770508,1070803
STB,STB.OL,2018-11-07,70.68000030517578,71.23999786376953,70.30000305175781,71.0999984741211,53.263675689697266,1079528
STB,STB.OL,2018-11-08,71.31999969482422,72.18000030517578,70.73999786376953,71.30000305175781,53.41350173950195,1114999
STB,STB.OL,2018-11-09,71.0,71.62000274658203,71.0,71.5,53.56333541870117,1014751
STB,STB.OL,2018-11-12,71.81999969482422,71.9000015258789,70.9800033569336,71.12000274658203,53.278656005859375,694816
STB,STB.OL,2018-11-13,71.13999938964844,71.69999694824219,70.80000305175781,71.36000061035156,53.45845031738281,1318669
STB,STB.OL,2018-11-14,71.13999938964844,71.27999877929688,70.4000015258789,70.63999938964844,52.9190673828125,1370606
STB,STB.OL,2018-11-15,70.54000091552734,70.91999816894531,69.41999816894531,69.80000305175781,52.289794921875,1378682
STB,STB.OL,2018-11-16,70.0999984741211,70.62000274658203,68.81999969482422,68.9000015258789,51.61557388305664,1208096
STB,STB.OL,2018-11-19,69.05999755859375,69.77999877929688,69.05999755859375,69.4000015258789,51.99013900756836,1362267
STB,STB.OL,2018-11-20,69.37999725341797,69.37999725341797,67.27999877929688,67.5,50.566776275634766,1750409
STB,STB.OL,2018-11-21,67.63999938964844,68.4800033569336,67.5199966430664,68.0999984741211,51.016258239746094,1241759
STB,STB.OL,2018-11-22,68.16000366210938,68.19999694824219,67.37999725341797,67.37999725341797,50.47687911987305,998277
STB,STB.OL,2018-11-23,67.19999694824219,67.5,66.9000015258789,67.05999755859375,50.23715591430664,1093334
STB,STB.OL,2018-11-26,67.81999969482422,68.62000274658203,67.22000122070312,67.4000015258789,50.49187088012695,1240563
STB,STB.OL,2018-11-27,67.5,68.0999984741211,67.22000122070312,68.0,50.941349029541016,1248529
STB,STB.OL,2018-11-28,68.23999786376953,68.5999984741211,59.97999954223633,67.0999984741211,50.26712417602539,1842124
STB,STB.OL,2018-11-29,67.5,68.13999938964844,67.23999786376953,67.81999969482422,50.80650329589844,957689
STB,STB.OL,2018-11-30,67.73999786376953,67.73999786376953,66.77999877929688,67.37999725341797,50.47687911987305,1145440
STB,STB.OL,2018-12-03,68.0,68.5999984741211,67.91999816894531,68.0199966430664,50.95633316040039,1144429
STB,STB.OL,2018-12-04,68.27999877929688,68.4800033569336,67.33999633789062,67.4800033569336,50.55179977416992,1119422
STB,STB.OL,2018-12-05,66.69999694824219,66.73999786376953,65.73999786376953,66.05999755859375,49.488014221191406,1590157
STB,STB.OL,2018-12-06,65.36000061035156,65.36000061035156,62.380001068115234,62.380001068115234,46.731197357177734,2570143
STB,STB.OL,2018-12-07,63.0,63.29999923706055,62.5,62.619998931884766,46.910987854003906,1716444
STB,STB.OL,2018-12-10,62.02000045776367,62.459999084472656,61.0,61.060001373291016,45.74233627319336,1744310
STB,STB.OL,2018-12-11,61.20000076293945,62.400001525878906,60.540000915527344,61.91999816894531,46.38658905029297,2016397
STB,STB.OL,2018-12-12,62.20000076293945,62.2400016784668,61.400001525878906,61.880001068115234,46.35662841796875,1481880
STB,STB.OL,2018-12-13,62.279998779296875,62.70000076293945,61.400001525878906,62.2400016784668,46.62631607055664,1028190
STB,STB.OL,2018-12-14,61.65999984741211,61.65999984741211,60.720001220703125,61.5,46.07195281982422,1107946
STB,STB.OL,2018-12-17,61.29999923706055,61.58000183105469,59.439998626708984,59.47999954223633,44.55869674682617,1397449
STB,STB.OL,2018-12-18,59.0,61.08000183105469,58.41999816894531,60.84000015258789,45.5775260925293,2048001
STB,STB.OL,2018-12-19,61.0,61.70000076293945,60.20000076293945,61.560001373291016,46.11690902709961,1545067
STB,STB.OL,2018-12-20,60.20000076293945,60.47999954223633,59.68000030517578,60.2400016784668,45.12804412841797,2095226
STB,STB.OL,2018-12-21,60.0,61.560001373291016,59.900001525878906,61.560001373291016,46.11690902709961,1783747
STB,STB.OL,2018-12-27,62.0,62.34000015258789,60.060001373291016,60.2599983215332,45.14301681518555,1174513
STB,STB.OL,2018-12-28,60.540000915527344,62.0,60.36000061035156,61.63999938964844,46.17683410644531,1120682
STB,STB.OL,2019-01-02,61.060001373291016,61.060001373291016,59.86000061035156,60.439998626708984,45.27786636352539,1344053
STB,STB.OL,2019-01-03,60.380001068115234,61.13999938964844,60.099998474121094,60.619998931884766,45.41271209716797,1335396
STB,STB.OL,2019-01-04,60.81999969482422,61.52000045776367,60.65999984741211,61.2599983215332,45.89216232299805,1559822
STB,STB.OL,2019-01-07,61.5,62.20000076293945,61.400001525878906,61.779998779296875,46.28171157836914,1015982
STB,STB.OL,2019-01-08,63.0,64.23999786376953,63.0,64.19999694824219,48.09461975097656,1553403
STB,STB.OL,2019-01-09,64.36000061035156,64.44000244140625,63.68000030517578,64.04000091552734,47.974761962890625,1386407
STB,STB.OL,2019-01-10,63.880001068115234,64.04000091552734,63.459999084472656,63.720001220703125,47.735042572021484,700403
STB,STB.OL,2019-01-11,64.30000305175781,64.4800033569336,63.52000045776367,64.0999984741211,48.01971435546875,1365019
STB,STB.OL,2019-01-14,63.97999954223633,64.36000061035156,63.5,64.27999877929688,48.15455627441406,1296402
STB,STB.OL,2019-01-15,64.5,64.69999694824219,63.47999954223633,63.79999923706055,47.79497528076172,768838
STB,STB.OL,2019-01-16,64.30000305175781,65.94000244140625,64.23999786376953,65.91999816894531,49.38314437866211,1626990
STB,STB.OL,2019-01-17,65.44000244140625,65.44000244140625,64.5,64.72000122070312,48.48418045043945,1216716
STB,STB.OL,2019-01-18,64.5,65.27999877929688,64.19999694824219,65.27999877929688,48.903690338134766,1634737
STB,STB.OL,2019-01-21,65.27999877929688,65.86000061035156,64.91999816894531,65.12000274658203,48.78383255004883,1085491
STB,STB.OL,2019-01-22,64.95999908447266,65.5,64.73999786376953,65.0,48.693931579589844,1351887
STB,STB.OL,2019-01-23,64.44000244140625,65.5,64.41999816894531,65.31999969482422,48.93366241455078,1206892
STB,STB.OL,2019-01-24,65.19999694824219,65.26000213623047,64.58000183105469,65.04000091552734,48.723907470703125,1250744
STB,STB.OL,2019-01-25,65.5,65.91999816894531,65.16000366210938,65.31999969482422,48.93366241455078,796319
STB,STB.OL,2019-01-28,65.31999969482422,65.41999816894531,64.9000015258789,64.95999908447266,48.663970947265625,811234
STB,STB.OL,2019-01-29,65.27999877929688,65.66000366210938,64.95999908447266,65.58000183105469,49.128440856933594,662906
STB,STB.OL,2019-01-30,65.36000061035156,65.45999908447266,64.5999984741211,64.9800033569336,48.678958892822266,922227
STB,STB.OL,2019-01-31,64.9800033569336,65.81999969482422,64.4800033569336,64.54000091552734,48.349334716796875,943295
STB,STB.OL,2019-02-01,64.86000061035156,65.63999938964844,64.54000091552734,65.22000122070312,48.8587532043457,774548
STB,STB.OL,2019-02-04,65.36000061035156,65.5999984741211,64.77999877929688,64.77999877929688,48.52912521362305,764234
STB,STB.OL,2019-02-05,65.0,65.69999694824219,64.80000305175781,65.68000030517578,49.20335388183594,1124310
STB,STB.OL,2019-02-06,65.66000366210938,66.04000091552734,65.37999725341797,65.95999908447266,49.413108825683594,998673
STB,STB.OL,2019-02-07,66.0,66.4800033569336,65.18000030517578,65.5999984741211,49.14341735839844,1161428
STB,STB.OL,2019-02-08,65.0199966430664,65.27999877929688,63.79999923706055,63.79999923706055,47.79497528076172,1087354
STB,STB.OL,2019-02-11,64.0199966430664,64.31999969482422,63.31999969482422,63.36000061035156,47.46535110473633,1028482
STB,STB.OL,2019-02-12,63.619998931884766,64.27999877929688,63.47999954223633,64.04000091552734,47.974761962890625,898738
STB,STB.OL,2019-02-13,62.099998474121094,65.23999786376953,62.099998474121094,65.23999786376953,48.87372589111328,1599459
STB,STB.OL,2019-02-14,65.5999984741211,65.94000244140625,64.72000122070312,65.0199966430664,48.70891571044922,1476822
STB,STB.OL,2019-02-15,65.05999755859375,66.0,64.66000366210938,65.81999969482422,49.308231353759766,1073780
STB,STB.OL,2019-02-18,65.81999969482422,66.12000274658203,65.44000244140625,65.44000244140625,49.023555755615234,744533
STB,STB.OL,2019-02-19,65.4000015258789,66.27999877929688,65.37999725341797,66.12000274658203,49.53297424316406,769167
STB,STB.OL,2019-02-20,66.13999938964844,67.44000244140625,66.13999938964844,66.73999786376953,49.997432708740234,1034717
STB,STB.OL,2019-02-21,66.69999694824219,67.4000015258789,66.69999694824219,66.95999908447266,50.1622428894043,919631
STB,STB.OL,2019-02-22,66.9000015258789,67.26000213623047,66.54000091552734,66.54000091552734,49.84760665893555,814165
STB,STB.OL,2019-02-25,66.54000091552734,67.69999694824219,66.54000091552734,67.30000305175781,50.416954040527344,896371
STB,STB.OL,2019-02-26,67.04000091552734,67.9800033569336,66.94000244140625,67.80000305175781,50.79152297973633,897446
STB,STB.OL,2019-02-27,67.69999694824219,68.22000122070312,67.58000183105469,67.86000061035156,50.83647155761719,1054629
STB,STB.OL,2019-02-28,67.62000274658203,68.22000122070312,67.44000244140625,68.0199966430664,50.95633316040039,964527
STB,STB.OL,2019-03-01,68.18000030517578,68.4000015258789,67.83999633789062,68.0,50.941349029541016,1498353
STB,STB.OL,2019-03-04,68.37999725341797,68.83999633789062,67.80000305175781,68.0,50.941349029541016,1157388
STB,STB.OL,2019-03-05,68.0,68.37999725341797,67.69999694824219,67.87999725341797,50.8514518737793,1109921
STB,STB.OL,2019-03-06,67.9000015258789,68.5,67.77999877929688,68.13999938964844,51.04622268676758,1017366
STB,STB.OL,2019-03-07,68.13999938964844,68.4000015258789,66.9800033569336,67.04000091552734,50.22217559814453,1034984
STB,STB.OL,2019-03-08,66.4800033569336,66.55999755859375,65.5199966430664,66.30000305175781,49.667816162109375,1214706
STB,STB.OL,2019-03-11,66.5199966430664,66.62000274658203,65.9800033569336,66.58000183105469,49.8775749206543,1172422
STB,STB.OL,2019-03-12,66.87999725341797,67.44000244140625,66.5199966430664,66.62000274658203,49.90754318237305,1121903
STB,STB.OL,2019-03-13,66.5999984741211,67.37999725341797,66.5199966430664,67.26000213623047,50.386993408203125,1030062
STB,STB.OL,2019-03-14,67.41999816894531,69.68000030517578,67.41999816894531,69.5199966430664,52.08003234863281,1882490
STB,STB.OL,2019-03-15,69.54000091552734,70.4800033569336,69.31999969482422,70.36000061035156,52.709312438964844,1487969
STB,STB.OL,2019-03-18,70.37999725341797,71.41999816894531,70.37999725341797,70.62000274658203,52.904090881347656,1610224
STB,STB.OL,2019-03-19,71.9000015258789,73.08000183105469,71.5199966430664,71.94000244140625,53.8929557800293,2075708
STB,STB.OL,2019-03-20,71.94000244140625,72.0,70.87999725341797,70.95999908447266,53.158790588378906,1270967
STB,STB.OL,2019-03-21,71.0,71.19999694824219,69.81999969482422,70.31999969482422,52.67934036254883,1273129
STB,STB.OL,2019-03-22,70.54000091552734,70.9000015258789,68.44000244140625,68.45999908447266,51.285945892333984,1562740
STB,STB.OL,2019-03-25,67.80000305175781,68.0999984741211,67.27999877929688,67.44000244140625,50.52183532714844,1503449
STB,STB.OL,2019-03-26,67.69999694824219,68.04000091552734,67.0199966430664,67.44000244140625,50.52183532714844,1154520
STB,STB.OL,2019-03-27,67.62000274658203,67.87999725341797,66.9000015258789,67.55999755859375,50.611724853515625,1297157
STB,STB.OL,2019-03-28,67.55999755859375,67.94000244140625,66.91999816894531,66.91999816894531,50.13227844238281,1159089
STB,STB.OL,2019-03-29,67.36000061035156,67.83999633789062,67.08000183105469,67.13999938964844,50.29709243774414,1347685
STB,STB.OL,2019-04-01,67.94000244140625,68.55999755859375,67.73999786376953,68.31999969482422,51.181068420410156,1188077
STB,STB.OL,2019-04-02,68.31999969482422,70.0199966430664,68.31999969482422,69.9000015258789,52.364707946777344,1727441
STB,STB.OL,2019-04-03,70.23999786376953,71.0199966430664,70.23999786376953,70.72000122070312,52.97900390625,1213120
STB,STB.OL,2019-04-04,70.5199966430664,70.73999786376953,69.5999984741211,70.4800033569336,52.7992057800293,913028
STB,STB.OL,2019-04-05,70.5199966430664,70.95999908447266,70.19999694824219,70.4000015258789,52.73927688598633,836358
STB,STB.OL,2019-04-08,70.5,71.19999694824219,70.19999694824219,70.69999694824219,52.96401596069336,1049916
STB,STB.OL,2019-04-09,70.80000305175781,71.87999725341797,70.80000305175781,71.4000015258789,53.48841857910156,1668378
STB,STB.OL,2019-04-10,71.30000305175781,71.55999755859375,70.77999877929688,71.0199966430664,53.203739166259766,1681954
STB,STB.OL,2019-04-11,68.5,69.05999755859375,68.36000061035156,68.69999694824219,53.735626220703125,795125
STB,STB.OL,2019-04-12,69.05999755859375,71.4800033569336,68.80000305175781,71.33999633789062,55.800575256347656,1892422
STB,STB.OL,2019-04-15,71.23999786376953,71.5999984741211,70.76000213623047,71.08000183105469,55.59720993041992,657859
STB,STB.OL,2019-04-16,71.08000183105469,71.76000213623047,71.08000183105469,71.63999938964844,56.03522872924805,847199
STB,STB.OL,2019-04-17,71.63999938964844,71.63999938964844,71.63999938964844,71.63999938964844,56.03522872924805,0
STB,STB.OL,2019-04-23,73.0199966430664,73.0199966430664,71.0999984741211,71.19999694824219,55.691070556640625,1309250
STB,STB.OL,2019-04-24,72.0,72.45999908447266,71.5199966430664,71.95999908447266,56.285526275634766,1269863
STB,STB.OL,2019-04-25,72.19999694824219,72.5,71.58000183105469,72.31999969482422,56.56711196899414,1090097
STB,STB.OL,2019-04-26,72.33999633789062,72.5,71.77999877929688,72.5,56.70790481567383,666157
STB,STB.OL,2019-04-29,72.5999984741211,73.05999755859375,72.30000305175781,72.76000213623047,56.91127014160156,780717
STB,STB.OL,2019-04-30,72.80000305175781,72.95999908447266,72.41999816894531,72.80000305175781,56.942562103271484,1117189
STB,STB.OL,2019-05-02,72.87999725341797,73.05999755859375,72.36000061035156,72.5999984741211,56.78611755371094,1131634
STB,STB.OL,2019-05-03,72.5999984741211,73.9800033569336,72.36000061035156,73.9800033569336,57.865516662597656,1303202
STB,STB.OL,2019-05-06,72.68000030517578,72.68000030517578,71.62000274658203,72.0,56.31681442260742,988285
STB,STB.OL,2019-05-07,72.16000366210938,73.08000183105469,71.62000274658203,72.05999755859375,56.363739013671875,1427876
STB,STB.OL,2019-05-08,68.9000015258789,69.68000030517578,67.23999786376953,69.31999969482422,54.22057342529297,4416891
STB,STB.OL,2019-05-09,68.5,68.5999984741211,67.30000305175781,67.68000030517578,52.93780517578125,3030959
STB,STB.OL,2019-05-10,68.04000091552734,69.0,67.9000015258789,68.30000305175781,53.422752380371094,2045488
STB,STB.OL,2019-05-13,68.44000244140625,68.5999984741211,66.12000274658203,66.31999969482422,51.87404251098633,1798396
STB,STB.OL,2019-05-14,66.27999877929688,66.91999816894531,66.19999694824219,66.4800033569336,51.99918746948242,1120005
STB,STB.OL,2019-05-15,66.81999969482422,66.95999908447266,65.80000305175781,66.5199966430664,52.03047561645508,1053956
STB,STB.OL,2019-05-16,67.19999694824219,68.33999633789062,66.22000122070312,68.05999755859375,53.23502731323242,2201939
STB,STB.OL,2019-05-20,68.63999938964844,68.63999938964844,66.69999694824219,67.27999877929688,52.62493133544922,1451685
STB,STB.OL,2019-05-21,67.27999877929688,68.58000183105469,67.27999877929688,68.0,53.18810272216797,1081592
STB,STB.OL,2019-05-22,68.31999969482422,68.31999969482422,66.9800033569336,67.18000030517578,52.54671096801758,932857
STB,STB.OL,2019-05-23,66.9800033569336,66.9800033569336,65.27999877929688,65.31999969482422,51.09186553955078,1462607
STB,STB.OL,2019-05-24,65.72000122070312,66.9800033569336,65.55999755859375,66.9800033569336,52.390281677246094,1409291
STB,STB.OL,2019-05-27,65.19999694824219,65.80000305175781,64.5999984741211,65.44000244140625,51.185726165771484,1026703
STB,STB.OL,2019-05-28,65.44000244140625,65.91999816894531,65.13999938964844,65.72000122070312,51.40473556518555,1337056
STB,STB.OL,2019-05-29,65.5,65.5,63.779998779296875,63.81999969482422,49.91859817504883,1546095
STB,STB.OL,2019-05-31,62.5,63.599998474121094,62.0,63.36000061035156,49.55879592895508,1399021
STB,STB.OL,2019-06-03,63.0,63.20000076293945,62.560001373291016,63.15999984741211,49.40235900878906,1170635
STB,STB.OL,2019-06-04,63.15999984741211,65.04000091552734,62.65999984741211,65.04000091552734,50.872859954833984,1959602
STB,STB.OL,2019-06-05,64.81999969482422,65.91999816894531,64.66000366210938,65.4000015258789,51.15443801879883,1639386
STB,STB.OL,2019-06-06,65.4000015258789,66.54000091552734,65.05999755859375,65.66000366210938,51.35780715942383,974545
STB,STB.OL,2019-06-07,66.0,66.26000213623047,65.63999938964844,66.26000213623047,51.82711410522461,973920
STB,STB.OL,2019-06-11,66.4000015258789,67.76000213623047,66.4000015258789,67.23999786376953,52.59364318847656,1116243
STB,STB.OL,2019-06-12,67.0,67.16000366210938,65.55999755859375,65.66000366210938,51.35780715942383,1398582
STB,STB.OL,2019-06-13,65.36000061035156,65.91999816894531,65.27999877929688,65.37999725341797,51.138797760009766,1036722
STB,STB.OL,2019-06-14,65.19999694824219,65.41999816894531,64.5199966430664,65.19999694824219,50.99800109863281,885147
STB,STB.OL,2019-06-17,65.36000061035156,66.19999694824219,65.36000061035156,65.66000366210938,51.35780715942383,739649
STB,STB.OL,2019-06-18,65.9000015258789,65.9000015258789,64.5199966430664,64.86000061035156,50.73206329345703,1422513
STB,STB.OL,2019-06-19,65.0,65.36000061035156,64.23999786376953,64.23999786376953,50.24711227416992,1728276
STB,STB.OL,2019-06-20,64.91999816894531,65.04000091552734,64.0999984741211,64.26000213623047,50.26275634765625,1099408
STB,STB.OL,2019-06-21,64.30000305175781,64.72000122070312,63.779998779296875,64.08000183105469,50.12196350097656,1419999
STB,STB.OL,2019-06-24,63.959999084472656,64.33999633789062,62.7599983215332,63.02000045776367,49.2928581237793,887867
STB,STB.OL,2019-06-25,62.900001525878906,62.900001525878906,61.880001068115234,62.5,48.8861198425293,1216647
STB,STB.OL,2019-06-26,62.779998779296875,63.31999969482422,62.36000061035156,62.79999923706055,49.12077331542969,1121632
STB,STB.OL,2019-06-27,63.20000076293945,63.5,62.84000015258789,63.220001220703125,49.44929122924805,828544
STB,STB.OL,2019-06-28,63.220001220703125,63.380001068115234,62.15999984741211,62.68000030517578,49.02691650390625,1000546
STB,STB.OL,2019-07-01,63.5,63.959999084472656,63.040000915527344,63.13999938964844,49.38671875,1125624
STB,STB.OL,2019-07-02,63.20000076293945,63.279998779296875,62.2599983215332,62.97999954223633,49.261566162109375,719410
STB,STB.OL,2019-07-03,63.099998474121094,63.099998474121094,62.619998931884766,63.08000183105469,49.339786529541016,977084
STB,STB.OL,2019-07-04,63.439998626708984,65.5,63.439998626708984,65.0999984741211,50.91978073120117,1195690
STB,STB.OL,2019-07-05,64.9000015258789,65.30000305175781,64.44000244140625,64.9000015258789,50.76335144042969,1058128
STB,STB.OL,2019-07-08,64.80000305175781,66.13999938964844,64.80000305175781,65.5999984741211,51.31087112426758,1123803
STB,STB.OL,2019-07-09,65.5,65.62000274658203,64.63999938964844,64.9000015258789,50.76335144042969,859597
STB,STB.OL,2019-07-10,65.4000015258789,65.69999694824219,64.69999694824219,64.81999969482422,50.700775146484375,865060
STB,STB.OL,2019-07-11,65.04000091552734,65.04000091552734,64.37999725341797,64.68000030517578,50.591270446777344,932864
STB,STB.OL,2019-07-12,62.099998474121094,62.5,60.2599983215332,62.099998474121094,48.573246002197266,4040399
STB,STB.OL,2019-07-15,62.2400016784668,62.7599983215332,61.13999938964844,61.2599983215332,47.916221618652344,2235132
STB,STB.OL,2019-07-16,61.2400016784668,61.880001068115234,60.7400016784668,60.79999923706055,47.556419372558594,2042187
STB,STB.OL,2019-07-17,60.900001525878906,61.0,60.220001220703125,60.599998474121094,47.39997863769531,1378698
STB,STB.OL,2019-07-18,60.5,60.81999969482422,60.099998474121094,60.540000915527344,47.353050231933594,1293127
STB,STB.OL,2019-07-19,60.540000915527344,60.68000030517578,59.2599983215332,60.060001373291016,46.977603912353516,1291231
STB,STB.OL,2019-07-22,60.220001220703125,60.79999923706055,59.880001068115234,60.099998474121094,47.008888244628906,1160098
STB,STB.OL,2019-07-23,60.34000015258789,61.5,60.29999923706055,60.70000076293945,47.47820281982422,1564212
STB,STB.OL,2019-07-24,61.0,61.13999938964844,60.5,60.560001373291016,47.36869812011719,856579
STB,STB.OL,2019-07-25,60.619998931884766,61.720001220703125,60.31999969482422,60.34000015258789,47.196617126464844,1156997
STB,STB.OL,2019-07-26,60.720001220703125,61.279998779296875,60.08000183105469,61.0,47.712852478027344,1226442
STB,STB.OL,2019-07-29,60.900001525878906,61.15999984741211,60.619998931884766,61.099998474121094,47.791072845458984,739212
STB,STB.OL,2019-07-30,61.29999923706055,61.29999923706055,59.84000015258789,60.0,46.9306755065918,1163149
STB,STB.OL,2019-07-31,60.2599983215332,60.41999816894531,59.84000015258789,59.97999954223633,46.915035247802734,967051
STB,STB.OL,2019-08-01,59.779998779296875,60.41999816894531,59.65999984741211,59.900001525878906,46.85245895385742,1172611
STB,STB.OL,2019-08-02,59.41999816894531,59.41999816894531,57.84000015258789,58.720001220703125,45.92948913574219,1324678
STB,STB.OL,2019-08-05,58.5,58.52000045776367,57.13999938964844,57.13999938964844,44.69364929199219,1552299
STB,STB.OL,2019-08-06,57.099998474121094,57.779998779296875,56.900001525878906,56.959999084472656,44.552852630615234,1141762
STB,STB.OL,2019-08-07,57.02000045776367,57.5,55.939998626708984,56.279998779296875,44.020973205566406,1345096
STB,STB.OL,2019-08-08,56.86000061035156,57.31999969482422,56.599998474121094,57.15999984741211,44.709293365478516,1049176
STB,STB.OL,2019-08-09,57.2599983215332,57.439998626708984,55.58000183105469,56.08000183105469,43.86453628540039,1157771
STB,STB.OL,2019-08-12,56.439998626708984,56.79999923706055,54.79999923706055,55.0,43.0197868347168,1222748
STB,STB.OL,2019-08-13,54.63999938964844,54.939998626708984,53.52000045776367,54.7400016784668,42.81642150878906,1506043
STB,STB.OL,2019-08-14,54.97999954223633,55.119998931884766,52.52000045776367,52.84000015258789,41.33028030395508,1495929
STB,STB.OL,2019-08-15,53.18000030517578,53.2400016784668,51.279998779296875,52.599998474121094,41.14255905151367,1873936
STB,STB.OL,2019-08-16,53.02000045776367,53.18000030517578,52.060001373291016,52.380001068115234,40.970481872558594,1581522
STB,STB.OL,2019-08-19,53.279998779296875,54.20000076293945,52.86000061035156,54.13999938964844,42.34711456298828,1683251
STB,STB.OL,2019-08-20,54.439998626708984,54.68000030517578,53.63999938964844,53.81999969482422,42.0968132019043,928584
STB,STB.OL,2019-08-21,53.81999969482422,54.220001220703125,53.5,53.63999938964844,41.95602035522461,788150
STB,STB.OL,2019-08-22,53.540000915527344,54.060001373291016,53.20000076293945,53.7400016784668,42.034244537353516,1305788
STB,STB.OL,2019-08-23,54.0,54.34000015258789,52.5,53.02000045776367,41.47107696533203,1106951
STB,STB.OL,2019-08-26,52.0,52.65999984741211,51.779998779296875,52.13999938964844,40.78275680541992,666540
STB,STB.OL,2019-08-27,51.15999984741211,52.040000915527344,50.459999084472656,52.040000915527344,40.70454025268555,1705491
STB,STB.OL,2019-08-28,52.040000915527344,52.400001525878906,50.70000076293945,50.86000061035156,39.78157424926758,1324008
STB,STB.OL,2019-08-29,51.220001220703125,51.65999984741211,50.58000183105469,51.540000915527344,40.313446044921875,1104838
STB,STB.OL,2019-08-30,51.5,52.599998474121094,51.5,52.439998626708984,41.01741027832031,1090777
STB,STB.OL,2019-09-02,52.18000030517578,52.5,51.52000045776367,51.84000015258789,40.5481071472168,921285
STB,STB.OL,2019-09-03,51.84000015258789,51.959999084472656,50.91999816894531,51.060001373291016,39.93800735473633,903981
STB,STB.OL,2019-09-04,51.31999969482422,52.060001373291016,51.31999969482422,51.86000061035156,40.56374740600586,821851
STB,STB.OL,2019-09-05,52.31999969482422,53.97999954223633,52.279998779296875,53.939998626708984,42.190673828125,1663294
STB,STB.OL,2019-09-06,54.0,54.400001525878906,53.20000076293945,53.91999816894531,42.17503356933594,1486203
STB,STB.OL,2019-09-09,54.060001373291016,54.7599983215332,53.58000183105469,54.599998474121094,42.706912994384766,1138893
STB,STB.OL,2019-09-10,54.7400016784668,55.900001525878906,54.65999984741211,55.779998779296875,43.629886627197266,1486992
STB,STB.OL,2019-09-11,56.0,57.20000076293945,56.0,56.7400016784668,44.380775451660156,1880947
STB,STB.OL,2019-09-12,57.2599983215332,57.439998626708984,55.63999938964844,56.7400016784668,44.380775451660156,1468146
STB,STB.OL,2019-09-13,56.7400016784668,57.84000015258789,56.7400016784668,57.5,44.9752311706543,1350308
STB,STB.OL,2019-09-16,57.599998474121094,57.779998779296875,56.7599983215332,57.459999084472656,44.943946838378906,1164088
STB,STB.OL,2019-09-17,57.939998626708984,57.939998626708984,55.720001220703125,56.279998779296875,44.020973205566406,1615156
STB,STB.OL,2019-09-18,56.2599983215332,57.79999923706055,56.02000045776367,57.119998931884766,44.678001403808594,1480959
STB,STB.OL,2019-09-19,57.34000015258789,58.36000061035156,56.900001525878906,57.900001525878906,45.28810119628906,1159867
STB,STB.OL,2019-09-20,58.52000045776367,58.599998474121094,57.97999954223633,58.060001373291016,45.41324996948242,1104081
STB,STB.OL,2019-09-23,57.959999084472656,58.119998931884766,56.58000183105469,56.779998779296875,44.41206359863281,965345
STB,STB.OL,2019-09-24,56.84000015258789,57.279998779296875,56.68000030517578,56.779998779296875,44.41206359863281,659778
STB,STB.OL,2019-09-25,56.52000045776367,56.58000183105469,55.20000076293945,55.880001068115234,43.70810317993164,873436
STB,STB.OL,2019-09-26,56.099998474121094,56.619998931884766,55.619998931884766,55.81999969482422,43.661170959472656,568613
STB,STB.OL,2019-09-27,55.81999969482422,57.15999984741211,55.52000045776367,57.0,44.58414840698242,1082676
STB,STB.OL,2019-09-30,57.099998474121094,57.86000061035156,56.400001525878906,57.439998626708984,44.92830276489258,1289380
STB,STB.OL,2019-10-01,57.439998626708984,57.599998474121094,56.279998779296875,56.5,44.19305419921875,661674
STB,STB.OL,2019-10-02,56.0,56.0,54.619998931884766,54.939998626708984,42.97285461425781,1110921
STB,STB.OL,2019-10-03,54.099998474121094,54.560001373291016,53.459999084472656,53.779998779296875,42.065528869628906,1038472
STB,STB.OL,2019-10-04,54.040000915527344,54.439998626708984,53.41999816894531,54.400001525878906,42.550479888916016,1063215
STB,STB.OL,2019-10-07,54.7599983215332,55.18000030517578,53.86000061035156,55.13999938964844,43.12929153442383,908267
STB,STB.OL,2019-10-08,55.119998931884766,55.58000183105469,53.70000076293945,54.279998779296875,42.45661926269531,871563
STB,STB.OL,2019-10-09,54.400001525878906,54.540000915527344,53.70000076293945,54.20000076293945,42.394046783447266,868580
STB,STB.OL,2019-10-10,54.040000915527344,55.2599983215332,53.81999969482422,55.099998474121094,43.09800720214844,892990
STB,STB.OL,2019-10-11,55.29999923706055,57.599998474121094,55.29999923706055,57.099998474121094,44.662357330322266,1536840
STB,STB.OL,2019-10-14,57.7400016784668,57.7400016784668,56.099998474121094,56.599998474121094,44.271270751953125,807695
STB,STB.OL,2019-10-15,56.79999923706055,57.36000061035156,56.65999984741211,57.099998474121094,44.662357330322266,588321
STB,STB.OL,2019-10-16,57.84000015258789,58.0,55.7599983215332,57.65999984741211,45.10037612915039,1041072
STB,STB.OL,2019-10-17,57.34000015258789,59.380001068115234,57.15999984741211,58.47999954223633,45.74176788330078,1262884
STB,STB.OL,2019-10-18,57.97999954223633,60.040000915527344,57.900001525878906,59.540000915527344,46.57088088989258,1935384
STB,STB.OL,2019-10-21,59.560001373291016,60.97999954223633,59.2400016784668,60.459999084472656,47.29047393798828,1631735
STB,STB.OL,2019-10-22,60.459999084472656,61.119998931884766,59.91999816894531,60.959999084472656,47.68156814575195,1544702
STB,STB.OL,2019-10-23,63.099998474121094,65.83999633789062,63.0,65.0,50.8415641784668,4630578
STB,STB.OL,2019-10-24,65.0,66.26000213623047,64.69999694824219,65.05999755859375,50.88849639892578,2000927
STB,STB.OL,2019-10-25,65.0999984741211,65.26000213623047,63.900001525878906,65.0,50.8415641784668,1602038
STB,STB.OL,2019-10-28,65.0,66.33999633789062,65.0,66.31999969482422,51.87404251098633,1638897
STB,STB.OL,2019-10-29,66.30000305175781,66.30000305175781,64.83999633789062,65.30000305175781,51.07622528076172,1426679
STB,STB.OL,2019-10-30,64.95999908447266,65.44000244140625,64.41999816894531,64.9000015258789,50.76335144042969,1130954
STB,STB.OL,2019-10-31,65.5,65.5,64.4000015258789,65.0,50.8415641784668,1276948
STB,STB.OL,2019-11-01,64.80000305175781,64.94000244140625,64.19999694824219,64.33999633789062,50.32532501220703,1229892
STB,STB.OL,2019-11-04,64.80000305175781,65.44000244140625,64.4800033569336,65.0,50.8415641784668,809656
STB,STB.OL,2019-11-05,65.0,65.45999908447266,64.81999969482422,65.45999908447266,51.20137023925781,973989
STB,STB.OL,2019-11-06,65.41999816894531,65.63999938964844,64.86000061035156,65.63999938964844,51.3421630859375,1267947
STB,STB.OL,2019-11-07,65.87999725341797,67.4000015258789,65.83999633789062,67.4000015258789,52.71879959106445,1334070
STB,STB.OL,2019-11-08,67.4000015258789,67.4000015258789,66.4000015258789,66.5199966430664,52.03047561645508,839603
STB,STB.OL,2019-11-11,66.30000305175781,66.73999786376953,65.66000366210938,66.73999786376953,52.202552795410156,887635
STB,STB.OL,2019-11-12,66.4000015258789,67.04000091552734,66.13999938964844,66.9000015258789,52.32770538330078,1203113
STB,STB.OL,2019-11-13,66.69999694824219,67.05999755859375,66.05999755859375,66.86000061035156,52.296417236328125,1290413
STB,STB.OL,2019-11-14,66.86000061035156,67.05999755859375,65.80000305175781,65.83999633789062,51.49859619140625,1388107
STB,STB.OL,2019-11-15,65.5,66.72000122070312,65.5,66.27999877929688,51.842750549316406,997824
STB,STB.OL,2019-11-18,66.0199966430664,66.76000213623047,65.55999755859375,65.69999694824219,51.38908767700195,796459
STB,STB.OL,2019-11-19,65.69999694824219,66.73999786376953,65.69999694824219,66.19999694824219,51.78017807006836,840217
STB,STB.OL,2019-11-20,66.19999694824219,66.19999694824219,64.69999694824219,65.44000244140625,51.185726165771484,880690
STB,STB.OL,2019-11-21,65.36000061035156,65.36000061035156,64.69999694824219,64.9000015258789,50.76335144042969,818301
STB,STB.OL,2019-11-22,64.91999816894531,66.0,64.91999816894531,66.0,51.62374496459961,935415
STB,STB.OL,2019-11-25,66.0,66.76000213623047,66.0,66.19999694824219,51.78017807006836,849726
STB,STB.OL,2019-11-26,66.22000122070312,66.63999938964844,65.63999938964844,65.63999938964844,51.3421630859375,1538982
STB,STB.OL,2019-11-27,65.77999877929688,66.91999816894531,65.77999877929688,66.0,51.62374496459961,917304
STB,STB.OL,2019-11-28,65.19999694824219,66.16000366210938,65.19999694824219,66.0,51.62374496459961,476193
STB,STB.OL,2019-11-29,65.95999908447266,66.30000305175781,65.45999908447266,66.04000091552734,51.655033111572266,915162
STB,STB.OL,2019-12-02,66.04000091552734,66.5999984741211,65.36000061035156,65.41999816894531,51.17007827758789,894496
STB,STB.OL,2019-12-03,65.0999984741211,65.44000244140625,63.65999984741211,63.900001525878906,49.981170654296875,1043346
STB,STB.OL,2019-12-04,64.36000061035156,65.31999969482422,64.16000366210938,65.12000274658203,50.935428619384766,789473
STB,STB.OL,2019-12-05,65.12000274658203,65.5999984741211,64.95999908447266,65.0,50.8415641784668,707528
STB,STB.OL,2019-12-06,65.5,66.16000366210938,64.95999908447266,66.05999755859375,51.67066955566406,732350
STB,STB.OL,2019-12-09,65.9800033569336,66.30000305175781,65.73999786376953,66.23999786376953,51.81146240234375,674645
STB,STB.OL,2019-12-10,66.0999984741211,66.0999984741211,65.04000091552734,65.86000061035156,51.51424026489258,588658
STB,STB.OL,2019-12-11,65.9000015258789,66.05999755859375,65.37999725341797,65.80000305175781,51.467308044433594,685347
STB,STB.OL,2019-12-12,65.69999694824219,67.77999877929688,65.69999694824219,67.72000122070312,52.969093322753906,1142736
STB,STB.OL,2019-12-13,68.5199966430664,69.86000061035156,68.36000061035156,69.04000091552734,54.001564025878906,2211982
STB,STB.OL,2019-12-16,69.0,69.36000061035156,68.44000244140625,68.87999725341797,53.87642288208008,1203408
STB,STB.OL,2019-12-17,69.0,69.76000213623047,68.5199966430664,69.58000183105469,54.42394256591797,994631
STB,STB.OL,2019-12-18,69.5,69.5,68.5,68.95999908447266,53.938995361328125,784574
STB,STB.OL,2019-12-19,69.0,69.30000305175781,68.58000183105469,69.30000305175781,54.204933166503906,1102939
STB,STB.OL,2019-12-20,69.4000015258789,69.58000183105469,68.91999816894531,69.22000122070312,54.14235305786133,742464
STB,STB.OL,2019-12-23,69.12000274658203,69.44000244140625,68.76000213623047,69.36000061035156,54.251861572265625,371816
STB,STB.OL,2019-12-27,69.4000015258789,69.66000366210938,68.0199966430664,68.54000091552734,53.610477447509766,881061
STB,STB.OL,2019-12-30,68.33999633789062,69.44000244140625,68.33999633789062,69.0199966430664,53.985923767089844,719255
STB,STB.OL,2020-01-02,69.16000366210938,70.31999969482422,69.16000366210938,69.9000015258789,54.67423629760742,857538
STB,STB.OL,2020-01-03,69.80000305175781,70.19999694824219,69.0,69.5,54.361366271972656,606774
STB,STB.OL,2020-01-06,69.23999786376953,69.23999786376953,67.94000244140625,68.63999938964844,53.688690185546875,828650
STB,STB.OL,2020-01-07,69.0,70.54000091552734,69.0,69.72000122070312,54.533443450927734,1114427
STB,STB.OL,2020-01-08,69.4800033569336,70.30000305175781,68.94000244140625,70.13999938964844,54.86195755004883,791828
STB,STB.OL,2020-01-09,70.80000305175781,71.68000030517578,70.5999984741211,70.86000061035156,55.42512893676758,935983
STB,STB.OL,2020-01-10,71.80000305175781,72.36000061035156,70.45999908447266,71.16000366210938,55.659786224365234,897749
STB,STB.OL,2020-01-13,71.16000366210938,71.55999755859375,70.9800033569336,71.26000213623047,55.737998962402344,930725
STB,STB.OL,2020-01-14,71.4000015258789,71.5999984741211,70.31999969482422,70.5999984741211,55.22175979614258,955020
STB,STB.OL,2020-01-15,70.58000183105469,70.69999694824219,69.30000305175781,69.5999984741211,54.43958282470703,998414
STB,STB.OL,2020-01-16,71.69999694824219,73.94000244140625,71.69999694824219,72.72000122070312,56.879981994628906,2345670
STB,STB.OL,2020-01-17,73.0,74.9000015258789,73.0,74.23999786376953,58.06888961791992,1720628
STB,STB.OL,2020-01-20,74.37999725341797,74.5,72.5999984741211,73.27999877929688,57.3180046081543,942954
STB,STB.OL,2020-01-21,73.0999984741211,73.45999908447266,72.4000015258789,73.22000122070312,57.27107620239258,863191
STB,STB.OL,2020-01-22,73.62000274658203,73.62000274658203,72.36000061035156,73.13999938964844,57.208499908447266,1173134
STB,STB.OL,2020-01-23,73.30000305175781,73.87999725341797,71.62000274658203,71.9800033569336,56.30117416381836,981129
STB,STB.OL,2020-01-24,72.9800033569336,73.16000366210938,72.22000122070312,72.9000015258789,57.020774841308594,997253
STB,STB.OL,2020-01-27,71.4000015258789,71.5199966430664,70.30000305175781,70.80000305175781,55.378196716308594,1379534
STB,STB.OL,2020-01-28,70.55999755859375,71.68000030517578,70.04000091552734,71.55999755859375,55.972652435302734,946779
STB,STB.OL,2020-01-29,71.58000183105469,72.4000015258789,71.55999755859375,72.0,56.31681442260742,863491
STB,STB.OL,2020-01-30,71.45999908447266,71.54000091552734,70.62000274658203,70.68000030517578,55.284332275390625,810789
STB,STB.OL,2020-01-31,70.68000030517578,71.5,70.68000030517578,70.9000015258789,55.456417083740234,936317
STB,STB.OL,2020-02-03,71.16000366210938,71.83999633789062,70.4800033569336,71.76000213623047,56.12908935546875,814348
STB,STB.OL,2020-02-04,71.76000213623047,72.5,71.68000030517578,71.69999694824219,56.082157135009766,837366
STB,STB.OL,2020-02-05,71.5999984741211,73.27999877929688,71.22000122070312,73.08000183105469,57.16157150268555,1192081
STB,STB.OL,2020-02-06,73.0999984741211,74.27999877929688,72.95999908447266,73.18000030517578,57.239784240722656,1318181
STB,STB.OL,2020-02-07,74.0,74.0,71.83999633789062,71.83999633789062,56.1916618347168,1499093
STB,STB.OL,2020-02-10,72.18000030517578,72.86000061035156,71.44000244140625,72.0199966430664,56.332454681396484,707408
STB,STB.OL,2020-02-11,72.33999633789062,73.83999633789062,72.16000366210938,73.80000305175781,57.7247314453125,1004085
STB,STB.OL,2020-02-12,72.54000091552734,72.68000030517578,69.69999694824219,72.5999984741211,56.78611755371094,3230433
STB,STB.OL,2020-02-13,71.37999725341797,71.37999725341797,69.0199966430664,70.0,54.75244903564453,2774294
STB,STB.OL,2020-02-14,69.19999694824219,70.16000366210938,68.5999984741211,69.16000366210938,54.095428466796875,2042000
STB,STB.OL,2020-02-17,69.5,70.68000030517578,69.4800033569336,69.69999694824219,54.51779556274414,949478
STB,STB.OL,2020-02-18,69.05999755859375,69.94000244140625,68.62000274658203,69.54000091552734,54.39264678955078,922777
STB,STB.OL,2020-02-19,70.0,70.0,69.19999694824219,69.58000183105469,54.42394256591797,1015989
STB,STB.OL,2020-02-20,69.5999984741211,70.5,69.27999877929688,70.12000274658203,54.84632110595703,1136241
STB,STB.OL,2020-02-21,69.5,70.30000305175781,69.0999984741211,69.30000305175781,54.204933166503906,1013527
STB,STB.OL,2020-02-24,68.0,68.0,65.58000183105469,65.80000305175781,51.467308044433594,1681421
STB,STB.OL,2020-02-25,66.4000015258789,66.72000122070312,63.900001525878906,63.900001525878906,49.981170654296875,1827068
STB,STB.OL,2020-02-26,62.70000076293945,63.619998931884766,60.880001068115234,63.34000015258789,49.543148040771484,2136910
STB,STB.OL,2020-02-27,62.79999923706055,62.79999923706055,59.70000076293945,59.91999816894531,46.868099212646484,2661622
STB,STB.OL,2020-02-28,59.380001068115234,60.58000183105469,57.52000045776367,59.400001525878906,46.46137237548828,2824524
STB,STB.OL,2020-03-02,61.2599983215332,61.720001220703125,58.02000045776367,58.68000030517578,45.89820098876953,2032010
STB,STB.OL,2020-03-03,60.220001220703125,60.65999984741211,59.0,59.5,46.539588928222656,2760261
STB,STB.OL,2020-03-04,59.400001525878906,59.880001068115234,57.720001220703125,58.099998474121094,45.44453430175781,2500658
STB,STB.OL,2020-03-05,58.91999816894531,59.040000915527344,55.63999938964844,56.060001373291016,43.848899841308594,2280384
STB,STB.OL,2020-03-06,54.63999938964844,55.29999923706055,53.540000915527344,53.65999984741211,41.9716682434082,1904772
STB,STB.OL,2020-03-09,48.5,49.150001525878906,47.29999923706055,47.970001220703125,37.521080017089844,5448955
STB,STB.OL,2020-03-10,48.58000183105469,50.47999954223633,46.83000183105469,47.2400016784668,36.9500846862793,5089232
STB,STB.OL,2020-03-11,48.0,48.279998779296875,44.310001373291016,44.66999816894531,34.93989181518555,4270682
STB,STB.OL,2020-03-12,41.849998474121094,42.470001220703125,36.90999984741211,37.439998626708984,29.284740447998047,5973733
STB,STB.OL,2020-03-13,38.0,41.59000015258789,37.08000183105469,40.709999084472656,31.842464447021484,5332052
STB,STB.OL,2020-03-16,38.900001525878906,38.900001525878906,34.119998931884766,38.11000061035156,29.808801651000977,6145824
STB,STB.OL,2020-03-17,39.0,39.04999923706055,35.220001220703125,36.0,28.15840721130371,5209275
STB,STB.OL,2020-03-18,35.939998626708984,36.400001525878906,33.84000015258789,34.83000183105469,27.24325942993164,3643068
STB,STB.OL,2020-03-19,35.0,36.88999938964844,34.20000076293945,36.5,28.549495697021484,4061849
STB,STB.OL,2020-03-20,39.0,40.18000030517578,36.77000045776367,37.09000015258789,29.01097869873047,6355899
STB,STB.OL,2020-03-23,35.5,36.4900016784668,34.599998474121094,34.72999954223633,27.165037155151367,4384129
STB,STB.OL,2020-03-24,37.0,39.38999938964844,36.11000061035156,39.29999923706055,30.73958969116211,4773880
STB,STB.OL,2020-03-25,40.099998474121094,42.84000015258789,39.36000061035156,41.95000076293945,32.8123664855957,5336990
STB,STB.OL,2020-03-26,41.84000015258789,42.650001525878906,40.45000076293945,42.650001525878906,33.35988998413086,3197995
STB,STB.OL,2020-03-27,42.650001525878906,42.650001525878906,40.02000045776367,40.130001068115234,31.38880157470703,2818667
STB,STB.OL,2020-03-30,40.16999816894531,40.560001373291016,38.470001220703125,39.83000183105469,31.154144287109375,3789634
STB,STB.OL,2020-03-31,41.0,42.459999084472656,40.81999969482422,41.75,32.65592575073242,3894232
STB,STB.OL,2020-04-01,40.84000015258789,41.54999923706055,40.119998931884766,41.54999923706055,32.49949264526367,2381206
STB,STB.OL,2020-04-02,41.599998474121094,42.2400016784668,39.97999954223633,40.540000915527344,31.709495544433594,2803509
STB,STB.OL,2020-04-03,40.540000915527344,40.939998626708984,39.31999969482422,39.380001068115234,30.802167892456055,2679137
STB,STB.OL,2020-04-06,40.7599983215332,43.43000030517578,40.36000061035156,43.02000045776367,33.649295806884766,3055607
STB,STB.OL,2020-04-07,44.77000045776367,46.47999954223633,44.099998474121094,44.939998626708984,35.15107727050781,3803347
STB,STB.OL,2020-04-08,44.0,44.0,42.5,42.900001525878906,33.55543518066406,2458425
STB,STB.OL,2020-04-14,43.599998474121094,44.70000076293945,43.04999923706055,44.70000076293945,34.96335983276367,3454186
STB,STB.OL,2020-04-15,44.4900016784668,44.5,42.599998474121094,42.619998931884766,33.336421966552734,2313979
STB,STB.OL,2020-04-16,43.130001068115234,43.29999923706055,40.869998931884766,40.959999084472656,32.03800582885742,3202596
STB,STB.OL,2020-04-17,42.630001068115234,43.209999084472656,42.119998931884766,42.810001373291016,33.48503875732422,3703392
STB,STB.OL,2020-04-20,43.79999923706055,44.02000045776367,42.189998626708984,43.380001068115234,33.930877685546875,2609289
STB,STB.OL,2020-04-21,42.65999984741211,42.65999984741211,41.31999969482422,41.68000030517578,32.60117721557617,2135604
STB,STB.OL,2020-04-22,41.5,42.75,40.97999954223633,42.54999923706055,33.281673431396484,2178155
STB,STB.OL,2020-04-23,43.0099983215332,43.72999954223633,42.400001525878906,43.72999954223633,34.20463943481445,2076688
STB,STB.OL,2020-04-24,42.40999984741211,44.72999954223633,41.900001525878906,44.119998931884766,34.50968933105469,4118668
STB,STB.OL,2020-04-27,44.95000076293945,46.40999984741211,44.4900016784668,45.2400016784668,35.3857307434082,2791098
STB,STB.OL,2020-04-28,45.529998779296875,47.790000915527344,45.11000061035156,47.75,37.348995208740234,3343843
STB,STB.OL,2020-04-29,47.91999816894531,49.13999938964844,47.599998474121094,48.75,38.13117218017578,2936165
STB,STB.OL,2020-04-30,50.0,51.599998474121094,47.95000076293945,51.400001525878906,40.203948974609375,4267573
STB,STB.OL,2020-05-04,49.86000061035156,50.15999984741211,48.77000045776367,48.97999954223633,38.311073303222656,3424257
STB,STB.OL,2020-05-05,49.5,50.099998474121094,48.04999923706055,48.59000015258789,38.00603103637695,2108776
STB,STB.OL,2020-05-06,48.75,48.75,46.84000015258789,47.0,36.76236343383789,2490132
STB,STB.OL,2020-05-07,47.0,47.880001068115234,46.7400016784668,47.5,37.15345001220703,1856810
STB,STB.OL,2020-05-08,47.41999816894531,47.88999938964844,45.95000076293945,46.130001068115234,36.08186721801758,3163013
STB,STB.OL,2020-05-11,46.70000076293945,46.90999984741211,45.47999954223633,45.77000045776367,35.8002815246582,2446758
STB,STB.OL,2020-05-12,45.77000045776367,46.619998931884766,45.0099983215332,46.220001220703125,36.15226364135742,2681287
STB,STB.OL,2020-05-13,45.52000045776367,45.52000045776367,43.68000030517578,43.68000030517578,34.165531158447266,2708660
STB,STB.OL,2020-05-14,43.0,43.31999969482422,41.54999923706055,41.83000183105469,32.718505859375,3045782
STB,STB.OL,2020-05-15,43.459999084472656,43.83000183105469,42.41999816894531,43.27000045776367,33.84484100341797,2634885
STB,STB.OL,2020-05-18,44.0,45.7400016784668,43.83000183105469,45.470001220703125,35.565635681152344,2747590
STB,STB.OL,2020-05-19,46.5,46.709999084472656,45.72999954223633,46.18000030517578,36.12097930908203,2284435
STB,STB.OL,2020-05-20,46.25,46.77000045776367,44.900001525878906,46.40999984741211,36.30088424682617,1831064
STB,STB.OL,2020-05-22,45.790000915527344,46.849998474121094,45.310001373291016,46.0,35.98018264770508,1877823
STB,STB.OL,2020-05-25,46.97999954223633,46.97999954223633,45.91999816894531,46.79999923706055,36.60593032836914,1328198
STB,STB.OL,2020-05-26,47.56999969482422,49.0,47.5099983215332,48.869998931884766,38.22503662109375,3539246
STB,STB.OL,2020-05-27,49.18000030517578,51.939998626708984,48.93000030517578,50.63999938964844,39.60948944091797,4933157
STB,STB.OL,2020-05-28,51.040000915527344,52.08000183105469,50.63999938964844,51.220001220703125,40.06315612792969,2729338
STB,STB.OL,2020-05-29,51.18000030517578,51.31999969482422,49.5099983215332,49.90999984741211,39.03850173950195,3068177
STB,STB.OL,2020-06-02,51.2400016784668,52.15999984741211,50.939998626708984,51.31999969482422,40.14137268066406,2609493
STB,STB.OL,2020-06-03,52.099998474121094,54.619998931884766,51.97999954223633,54.279998779296875,42.45661926269531,4053557
STB,STB.OL,2020-06-04,54.13999938964844,54.7400016784668,53.34000015258789,54.5,42.628700256347656,2496278
STB,STB.OL,2020-06-05,55.0,57.0,55.0,56.560001373291016,44.239986419677734,3263479
STB,STB.OL,2020-06-08,56.959999084472656,59.08000183105469,56.900001525878906,58.15999984741211,45.4914665222168,3715833
STB,STB.OL,2020-06-09,58.15999984741211,58.20000076293945,54.2400016784668,54.52000045776367,42.64434051513672,4980234
STB,STB.OL,2020-06-10,54.939998626708984,55.47999954223633,53.400001525878906,53.79999923706055,42.08116912841797,3355950
STB,STB.OL,2020-06-11,52.29999923706055,52.5,50.060001373291016,50.7400016784668,39.68770980834961,4516744
STB,STB.OL,2020-06-12,49.279998779296875,51.599998474121094,48.70000076293945,51.2599983215332,40.09444046020508,3848163
STB,STB.OL,2020-06-15,49.099998474121094,51.060001373291016,48.900001525878906,49.68000030517578,38.85859680175781,3628513
STB,STB.OL,2020-06-16,51.220001220703125,53.52000045776367,51.18000030517578,53.15999984741211,41.5805778503418,4172183
STB,STB.OL,2020-06-17,53.15999984741211,53.279998779296875,51.599998474121094,51.84000015258789,40.5481071472168,3273555
STB,STB.OL,2020-06-18,51.47999954223633,52.540000915527344,50.939998626708984,51.400001525878906,40.203948974609375,2024684
STB,STB.OL,2020-06-19,52.0,52.279998779296875,50.880001068115234,50.959999084472656,39.85978698730469,1861725
STB,STB.OL,2020-06-22,50.29999923706055,50.84000015258789,49.630001068115234,50.040000915527344,39.14018630981445,1852308
STB,STB.OL,2020-06-23,50.900001525878906,51.63999938964844,50.599998474121094,50.65999984741211,39.6251335144043,1766709
STB,STB.OL,2020-06-24,50.939998626708984,51.2400016784668,49.529998779296875,49.75,38.91334915161133,1942570
STB,STB.OL,2020-06-25,49.0,49.84000015258789,48.5099983215332,49.84000015258789,38.98374557495117,2133509
STB,STB.OL,2020-06-26,50.13999938964844,50.29999923706055,48.9900016784668,48.9900016784668,38.31890106201172,1653666
STB,STB.OL,2020-06-29,48.84000015258789,50.2599983215332,48.400001525878906,50.13999938964844,39.21839904785156,2020975
STB,STB.OL,2020-06-30,50.20000076293945,50.5,49.15999984741211,49.61000061035156,38.8038444519043,2516936
STB,STB.OL,2020-07-01,50.0,51.439998626708984,49.97999954223633,51.119998931884766,39.98493957519531,2701600
STB,STB.OL,2020-07-02,51.5,52.97999954223633,51.2400016784668,52.65999984741211,41.189491271972656,2645950
STB,STB.OL,2020-07-03,52.63999938964844,52.900001525878906,51.47999954223633,51.959999084472656,40.641963958740234,1546146
STB,STB.OL,2020-07-06,52.380001068115234,53.97999954223633,52.380001068115234,52.900001525878906,41.37721633911133,2269906
STB,STB.OL,2020-07-07,52.5,53.7400016784668,52.34000015258789,53.47999954223633,41.830875396728516,2309676
STB,STB.OL,2020-07-08,53.0,53.52000045776367,52.7400016784668,53.439998626708984,41.799583435058594,1245396
STB,STB.OL,2020-07-09,53.65999984741211,53.81999969482422,52.63999938964844,52.68000030517578,41.20513153076172,1688688
STB,STB.OL,2020-07-10,52.29999923706055,52.7599983215332,51.65999984741211,52.7400016784668,41.252071380615234,1411785
STB,STB.OL,2020-07-13,54.040000915527344,54.63999938964844,53.41999816894531,54.63999938964844,42.73820877075195,2336372
STB,STB.OL,2020-07-14,54.63999938964844,55.880001068115234,54.0,55.619998931884766,43.50473403930664,3190757
STB,STB.OL,2020-07-15,54.08000183105469,54.29999923706055,51.380001068115234,51.81999969482422,40.5324592590332,8889532
STB,STB.OL,2020-07-16,52.0,53.2400016784668,51.540000915527344,52.47999954223633,41.048702239990234,4380709
STB,STB.OL,2020-07-17,52.81999969482422,52.959999084472656,51.779998779296875,52.060001373291016,40.720184326171875,2533818
STB,STB.OL,2020-07-20,52.099998474121094,52.439998626708984,51.63999938964844,52.119998931884766,40.76711654663086,1881015
STB,STB.OL,2020-07-21,52.619998931884766,53.08000183105469,52.380001068115234,52.52000045776367,41.079986572265625,2657521
STB,STB.OL,2020-07-22,52.52000045776367,52.63999938964844,51.400001525878906,51.91999816894531,40.61067581176758,1339346
STB,STB.OL,2020-07-23,52.099998474121094,52.18000030517578,51.36000061035156,51.400001525878906,40.203948974609375,1203834
STB,STB.OL,2020-07-24,51.0,51.15999984741211,50.220001220703125,50.81999969482422,39.750282287597656,1603172
STB,STB.OL,2020-07-27,50.720001220703125,50.97999954223633,49.91999816894531,50.400001525878906,39.42176818847656,1695622
STB,STB.OL,2020-07-28,50.5,50.81999969482422,50.220001220703125,50.29999923706055,39.34355163574219,1473734
STB,STB.OL,2020-07-29,50.2400016784668,50.939998626708984,49.9900016784668,50.560001373291016,39.54691696166992,1645997
STB,STB.OL,2020-07-30,50.70000076293945,50.720001220703125,48.52000045776367,48.599998474121094,38.01384735107422,2406395
STB,STB.OL,2020-07-31,49.29999923706055,50.29999923706055,49.04999923706055,49.41999816894531,38.65523147583008,1667316
STB,STB.OL,2020-08-03,49.5099983215332,50.2400016784668,49.18000030517578,50.13999938964844,39.21839904785156,1373056
STB,STB.OL,2020-08-04,50.13999938964844,51.13999938964844,50.13999938964844,50.599998474121094,39.57820129394531,1272226
STB,STB.OL,2020-08-05,50.619998931884766,51.15999984741211,50.47999954223633,51.0,39.891075134277344,1308322
STB,STB.OL,2020-08-06,51.0,51.400001525878906,50.41999816894531,51.02000045776367,39.90671920776367,1091701
STB,STB.OL,2020-08-07,50.880001068115234,50.939998626708984,50.20000076293945,50.63999938964844,39.60948944091797,883460
STB,STB.OL,2020-08-10,50.68000030517578,51.63999938964844,50.68000030517578,51.18000030517578,40.03186798095703,1318793
STB,STB.OL,2020-08-11,51.36000061035156,52.58000183105469,51.36000061035156,52.400001525878906,40.98612594604492,2227142
STB,STB.OL,2020-08-12,52.29999923706055,53.63999938964844,51.91999816894531,53.52000045776367,41.86216354370117,2063530
STB,STB.OL,2020-08-13,53.52000045776367,53.65999984741211,52.939998626708984,53.220001220703125,41.62751770019531,1216261
STB,STB.OL,2020-08-14,53.29999923706055,53.29999923706055,52.18000030517578,52.7400016784668,41.252071380615234,1325786
STB,STB.OL,2020-08-17,52.68000030517578,53.13999938964844,52.29999923706055,52.5,41.06433868408203,1039379
STB,STB.OL,2020-08-18,52.439998626708984,52.58000183105469,51.79999923706055,52.2400016784668,40.8609733581543,1018445
STB,STB.OL,2020-08-19,52.5,52.619998931884766,51.97999954223633,52.13999938964844,40.78275680541992,1123785
STB,STB.OL,2020-08-20,51.79999923706055,52.08000183105469,51.540000915527344,51.7599983215332,40.48552703857422,917923
STB,STB.OL,2020-08-21,51.86000061035156,52.599998474121094,51.86000061035156,52.41999816894531,41.00176239013672,1721190
STB,STB.OL,2020-08-24,52.779998779296875,53.2599983215332,52.560001373291016,53.2599983215332,41.65879821777344,1382126
STB,STB.OL,2020-08-25,53.380001068115234,54.2400016784668,53.119998931884766,53.939998626708984,42.190673828125,2191757
STB,STB.OL,2020-08-26,53.7400016784668,54.220001220703125,53.31999969482422,54.08000183105469,42.3001823425293,1202266
STB,STB.OL,2020-08-27,54.08000183105469,54.18000030517578,53.15999984741211,53.70000076293945,42.00295639038086,1135826
STB,STB.OL,2020-08-28,53.91999816894531,54.880001068115234,53.34000015258789,54.52000045776367,42.64434051513672,1939594
STB,STB.OL,2020-08-31,54.86000061035156,55.119998931884766,53.400001525878906,53.65999984741211,41.9716682434082,822277
STB,STB.OL,2020-09-01,53.79999923706055,53.79999923706055,52.779998779296875,53.220001220703125,41.62751770019531,1456442
STB,STB.OL,2020-09-02,53.2599983215332,53.599998474121094,52.619998931884766,52.7599983215332,41.267704010009766,1189914
STB,STB.OL,2020-09-03,53.0,53.439998626708984,52.13999938964844,52.13999938964844,40.78275680541992,1574551
STB,STB.OL,2020-09-04,50.91999816894531,52.540000915527344,50.81999969482422,52.2400016784668,40.8609733581543,1490932
STB,STB.OL,2020-09-07,51.91999816894531,52.79999923706055,51.81999969482422,52.7400016784668,41.252071380615234,1425984
STB,STB.OL,2020-09-08,52.97999954223633,53.040000915527344,51.459999084472656,51.52000045776367,40.29780960083008,1402959
STB,STB.OL,2020-09-09,51.5,53.040000915527344,51.20000076293945,52.959999084472656,41.42414093017578,1820616
STB,STB.OL,2020-09-10,52.900001525878906,53.08000183105469,52.02000045776367,52.36000061035156,40.954833984375,1169127
STB,STB.OL,2020-09-11,52.08000183105469,52.34000015258789,51.7599983215332,52.220001220703125,40.84532928466797,1101225
STB,STB.OL,2020-09-14,52.47999954223633,52.599998474121094,51.29999923706055,51.380001068115234,40.18830490112305,1747792
STB,STB.OL,2020-09-15,51.5,51.58000183105469,50.63999938964844,50.939998626708984,39.84414291381836,2257191
STB,STB.OL,2020-09-16,50.959999084472656,51.0,50.52000045776367,50.900001525878906,39.812862396240234,1463433
STB,STB.OL,2020-09-17,50.70000076293945,51.0,50.119998931884766,50.900001525878906,39.812862396240234,1721596
STB,STB.OL,2020-09-18,50.900001525878906,51.0,50.099998474121094,51.0,39.891075134277344,2228667
STB,STB.OL,2020-09-21,50.91999816894531,50.91999816894531,48.5,48.5,37.935630798339844,3365480
STB,STB.OL,2020-09-22,48.959999084472656,49.06999969482422,48.04999923706055,48.20000076293945,37.70097732543945,2881404
STB,STB.OL,2020-09-23,48.189998626708984,49.040000915527344,47.900001525878906,47.90999984741211,37.47414779663086,1553073
STB,STB.OL,2020-09-24,47.099998474121094,47.709999084472656,46.90999984741211,47.11000061035156,36.84840393066406,2084043
STB,STB.OL,2020-09-25,47.310001373291016,47.5,46.38999938964844,46.79999923706055,36.60593032836914,1955223
STB,STB.OL,2020-09-28,47.5,48.2599983215332,47.31999969482422,48.189998626708984,37.693153381347656,1909844
STB,STB.OL,2020-09-29,48.18000030517578,48.72999954223633,47.79999923706055,48.52000045776367,37.95127487182617,1103637
STB,STB.OL,2020-09-30,48.0,49.2599983215332,47.7599983215332,48.939998626708984,38.27979278564453,1580538
STB,STB.OL,2020-10-01,49.20000076293945,49.5,48.65999984741211,48.7599983215332,38.138999938964844,1366117
STB,STB.OL,2020-10-02,48.400001525878906,49.18000030517578,48.15999984741211,49.130001068115234,38.42840576171875,1344296
STB,STB.OL,2020-10-05,49.349998474121094,50.47999954223633,49.349998474121094,50.279998779296875,39.327903747558594,1397720
STB,STB.OL,2020-10-06,50.619998931884766,51.900001525878906,50.29999923706055,51.540000915527344,40.313446044921875,2595274
STB,STB.OL,2020-10-07,51.5,52.13999938964844,51.08000183105469,51.68000030517578,40.42295455932617,1681553
STB,STB.OL,2020-10-08,51.7400016784668,52.79999923706055,51.70000076293945,52.36000061035156,40.954833984375,1429664
STB,STB.OL,2020-10-09,52.86000061035156,53.779998779296875,52.720001220703125,52.97999954223633,41.439788818359375,2192479
STB,STB.OL,2020-10-12,53.279998779296875,53.91999816894531,53.060001373291016,53.31999969482422,41.705726623535156,2181730
STB,STB.OL,2020-10-13,53.459999084472656,53.5,52.0,52.099998474121094,40.751468658447266,1662911
STB,STB.OL,2020-10-14,52.099998474121094,52.41999816894531,51.52000045776367,51.900001525878906,40.59503173828125,1338454
STB,STB.OL,2020-10-15,51.720001220703125,51.720001220703125,50.400001525878906,50.880001068115234,39.79721450805664,1946716
STB,STB.OL,2020-10-16,51.400001525878906,51.560001373291016,50.91999816894531,51.34000015258789,40.15701675415039,1275426
STB,STB.OL,2020-10-19,51.5,52.52000045776367,51.5,52.2599983215332,40.87662124633789,1235718
STB,STB.OL,2020-10-20,51.939998626708984,53.7400016784668,51.939998626708984,53.29999923706055,41.69008255004883,2112205
STB,STB.OL,2020-10-21,55.79999923706055,58.18000030517578,54.31999969482422,54.900001525878906,42.94157028198242,4906796
STB,STB.OL,2020-10-22,55.0,56.540000915527344,54.31999969482422,56.0,43.80195999145508,2126270
STB,STB.OL,2020-10-23,56.29999923706055,56.84000015258789,55.939998626708984,56.220001220703125,43.97404861450195,1686679
STB,STB.OL,2020-10-26,55.599998474121094,55.599998474121094,53.560001373291016,53.81999969482422,42.0968132019043,1900612
STB,STB.OL,2020-10-27,53.84000015258789,54.08000183105469,52.02000045776367,52.02000045776367,40.68889617919922,1867972
STB,STB.OL,2020-10-28,51.560001373291016,51.560001373291016,49.40999984741211,49.54999923706055,38.75691604614258,2875762
STB,STB.OL,2020-10-29,49.779998779296875,50.119998931884766,48.70000076293945,50.0,39.10889434814453,1960175
STB,STB.OL,2020-10-30,49.349998474121094,50.70000076293945,49.2400016784668,50.099998474121094,39.18711471557617,1387134
STB,STB.OL,2020-11-02,50.70000076293945,51.7599983215332,49.720001220703125,51.58000183105469,40.3447380065918,1649854
STB,STB.OL,2020-11-03,51.939998626708984,53.20000076293945,51.439998626708984,53.20000076293945,41.61186981201172,2512949
STB,STB.OL,2020-11-04,52.0,53.13999938964844,51.119998931884766,53.13999938964844,41.564937591552734,2055900
STB,STB.OL,2020-11-05,53.279998779296875,53.5,51.7400016784668,52.0,40.673255920410156,2666871
STB,STB.OL,2020-11-06,52.400001525878906,52.959999084472656,51.779998779296875,52.619998931884766,41.158203125,1852991
STB,STB.OL,2020-11-09,53.63999938964844,57.720001220703125,53.119998931884766,57.31999969482422,44.834442138671875,4701883
STB,STB.OL,2020-11-10,57.0,60.279998779296875,56.0,59.5,46.539588928222656,6032630
STB,STB.OL,2020-11-11,59.5,60.18000030517578,58.08000183105469,59.47999954223633,46.52394485473633,2742916
STB,STB.OL,2020-11-12,59.34000015258789,60.29999923706055,58.540000915527344,59.959999084472656,46.89938735961914,2888063
STB,STB.OL,2020-11-13,59.220001220703125,60.15999984741211,59.220001220703125,59.900001525878906,46.85245895385742,1778367
STB,STB.OL,2020-11-16,60.34000015258789,63.36000061035156,60.34000015258789,62.18000030517578,48.63582229614258,3166205
STB,STB.OL,2020-11-17,62.939998626708984,63.31999969482422,62.08000183105469,62.599998474121094,48.96434020996094,1757469
STB,STB.OL,2020-11-18,62.58000183105469,63.13999938964844,62.13999938964844,62.779998779296875,49.10512924194336,1376192
STB,STB.OL,2020-11-19,62.70000076293945,62.779998779296875,62.099998474121094,62.31999969482422,48.745330810546875,1200679
STB,STB.OL,2020-11-20,62.20000076293945,62.84000015258789,61.959999084472656,62.560001373291016,48.933048248291016,1171696
STB,STB.OL,2020-11-23,62.619998931884766,63.540000915527344,62.619998931884766,63.0,49.2772102355957,1392376
STB,STB.OL,2020-11-24,63.560001373291016,65.5999984741211,63.540000915527344,65.45999908447266,51.20137023925781,2598599
STB,STB.OL,2020-11-25,65.9800033569336,65.9800033569336,64.4000015258789,64.76000213623047,50.65384292602539,1954979
STB,STB.OL,2020-11-26,64.9000015258789,64.9000015258789,63.900001525878906,64.30000305175781,50.29404067993164,987793
STB,STB.OL,2020-11-27,64.4000015258789,64.4000015258789,63.400001525878906,63.84000015258789,49.93423843383789,1471961
STB,STB.OL,2020-11-30,63.31999969482422,63.540000915527344,62.400001525878906,63.18000030517578,49.417999267578125,1758034
STB,STB.OL,2020-12-01,63.0,64.58000183105469,63.0,64.13999938964844,50.168888092041016,1110568
STB,STB.OL,2020-12-02,64.4000015258789,64.45999908447266,63.20000076293945,63.97999954223633,50.043739318847656,825013
STB,STB.OL,2020-12-03,63.86000061035156,63.86000061035156,63.099998474121094,63.279998779296875,49.49622344970703,940643
STB,STB.OL,2020-12-04,63.279998779296875,63.63999938964844,62.81999969482422,63.41999816894531,49.6057243347168,1683647
STB,STB.OL,2020-12-07,63.34000015258789,64.23999786376953,62.86000061035156,63.560001373291016,49.71523666381836,1309434
STB,STB.OL,2020-12-08,63.400001525878906,64.9800033569336,63.400001525878906,64.4000015258789,50.372257232666016,1733180
STB,STB.OL,2020-12-09,64.05999755859375,64.68000030517578,63.720001220703125,63.97999954223633,50.043739318847656,1564691
STB,STB.OL,2020-12-10,63.900001525878906,63.939998626708984,62.779998779296875,63.599998474121094,49.746517181396484,2044757
STB,STB.OL,2020-12-11,63.20000076293945,63.68000030517578,61.459999084472656,61.880001068115234,48.40117263793945,2222360
STB,STB.OL,2020-12-14,62.08000183105469,62.86000061035156,61.939998626708984,62.29999923706055,48.72968292236328,1066860
STB,STB.OL,2020-12-15,62.29999923706055,62.5,61.7599983215332,62.36000061035156,48.776615142822266,1300482
STB,STB.OL,2020-12-16,62.70000076293945,63.5,62.41999816894531,62.97999954223633,49.261566162109375,1394641
STB,STB.OL,2020-12-17,63.13999938964844,63.400001525878906,62.36000061035156,62.58000183105469,48.94869613647461,1155536
STB,STB.OL,2020-12-18,62.5,62.5,61.81999969482422,62.13999938964844,48.60454177856445,1248820
STB,STB.OL,2020-12-21,61.2400016784668,61.2599983215332,59.52000045776367,60.41999816894531,47.259185791015625,1681738
STB,STB.OL,2020-12-22,60.65999984741211,61.880001068115234,60.540000915527344,61.040000915527344,47.744144439697266,805513
STB,STB.OL,2020-12-23,61.29999923706055,62.65999984741211,61.13999938964844,62.58000183105469,48.94869613647461,681840
STB,STB.OL,2020-12-28,63.20000076293945,63.70000076293945,63.119998931884766,63.36000061035156,49.55879592895508,958557
STB,STB.OL,2020-12-29,63.79999923706055,63.900001525878906,63.41999816894531,63.81999969482422,49.91859817504883,1001230
STB,STB.OL,2020-12-30,63.97999954223633,64.26000213623047,63.599998474121094,64.19999694824219,50.215816497802734,884846
STB,STB.OL,2021-01-04,64.37999725341797,64.68000030517578,62.79999923706055,62.79999923706055,49.12077331542969,1300694
STB,STB.OL,2021-01-05,62.5,63.34000015258789,62.2400016784668,62.29999923706055,48.72968292236328,1056412
STB,STB.OL,2021-01-06,63.13999938964844,66.16000366210938,63.13999938964844,65.9800033569336,51.60810089111328,2453228
STB,STB.OL,2021-01-07,66.0,67.37999725341797,65.41999816894531,67.30000305175781,52.64057922363281,2023190
STB,STB.OL,2021-01-08,67.80000305175781,68.76000213623047,67.76000213623047,68.72000122070312,53.75127029418945,1753165
STB,STB.OL,2021-01-11,68.5,69.4800033569336,67.72000122070312,68.27999877929688,53.4071044921875,1419086
STB,STB.OL,2021-01-12,69.80000305175781,70.0999984741211,69.13999938964844,69.4000015258789,54.283145904541016,1575054
STB,STB.OL,2021-01-13,69.69999694824219,69.81999969482422,68.31999969482422,68.4000015258789,53.500972747802734,1223479
STB,STB.OL,2021-01-14,68.80000305175781,70.0,68.73999786376953,70.0,54.75244903564453,1419259
STB,STB.OL,2021-01-15,69.9000015258789,70.12000274658203,69.41999816894531,69.80000305175781,54.59601974487305,1347944
STB,STB.OL,2021-01-18,69.80000305175781,69.9800033569336,69.18000030517578,69.80000305175781,54.59601974487305,1011517
STB,STB.OL,2021-01-19,70.16000366210938,70.86000061035156,69.5999984741211,70.0,54.75244903564453,1451969
STB,STB.OL,2021-01-20,70.0999984741211,70.27999877929688,69.41999816894531,69.62000274658203,54.455230712890625,1159765
STB,STB.OL,2021-01-21,69.62000274658203,70.08000183105469,69.4800033569336,70.0,54.75244903564453,1268739
STB,STB.OL,2021-01-22,69.69999694824219,69.72000122070312,68.66000366210938,69.08000183105469,54.03285598754883,976878
STB,STB.OL,2021-01-25,69.0,69.0,66.77999877929688,67.0999984741211,52.48413848876953,1300435
STB,STB.OL,2021-01-26,66.80000305175781,67.80000305175781,66.54000091552734,67.41999816894531,52.73443603515625,1077350
STB,STB.OL,2021-01-27,67.16000366210938,67.76000213623047,66.04000091552734,66.19999694824219,51.78017807006836,1426705
STB,STB.OL,2021-01-28,66.0199966430664,66.12000274658203,64.4000015258789,65.87999725341797,51.529876708984375,2201728
STB,STB.OL,2021-01-29,65.18000030517578,67.0,64.81999969482422,66.26000213623047,51.82711410522461,1281754
STB,STB.OL,2021-02-01,66.69999694824219,67.4000015258789,66.18000030517578,66.83999633789062,52.28076934814453,1053675
STB,STB.OL,2021-02-02,67.58000183105469,69.12000274658203,67.4000015258789,68.30000305175781,53.422752380371094,1347405
STB,STB.OL,2021-02-03,69.12000274658203,69.30000305175781,68.45999908447266,68.83999633789062,53.845130920410156,928509
STB,STB.OL,2021-02-04,69.0999984741211,69.41999816894531,68.58000183105469,69.41999816894531,54.298789978027344,1083123
STB,STB.OL,2021-02-05,69.5199966430664,69.94000244140625,69.26000213623047,69.5999984741211,54.43958282470703,1292967
STB,STB.OL,2021-02-08,69.87999725341797,70.44000244140625,69.54000091552734,70.36000061035156,55.03403854370117,1237897
STB,STB.OL,2021-02-09,70.23999786376953,70.66000366210938,69.55999755859375,69.55999755859375,54.40829086303711,1830916
STB,STB.OL,2021-02-10,71.5,71.95999908447266,69.41999816894531,69.41999816894531,54.298789978027344,2134384
STB,STB.OL,2021-02-11,69.77999877929688,71.55999755859375,69.76000213623047,71.31999969482422,55.784934997558594,1878828
STB,STB.OL,2021-02-12,71.4800033569336,71.4800033569336,70.58000183105469,70.83999633789062,55.409481048583984,1723552
STB,STB.OL,2021-02-15,71.0,72.36000061035156,71.0,72.36000061035156,56.59839630126953,1833974
STB,STB.OL,2021-02-16,72.44000244140625,72.91999816894531,71.94000244140625,72.80000305175781,56.942562103271484,1534232
STB,STB.OL,2021-02-17,72.72000122070312,72.80000305175781,71.36000061035156,71.55999755859375,55.972652435302734,1902752
STB,STB.OL,2021-02-18,71.4000015258789,72.19999694824219,70.87999725341797,70.87999725341797,55.440773010253906,1356668
STB,STB.OL,2021-02-19,70.80000305175781,72.86000061035156,70.72000122070312,72.76000213623047,56.91127014160156,1384561
STB,STB.OL,2021-02-22,72.5,73.22000122070312,72.18000030517578,72.69999694824219,56.86433410644531,2110862
STB,STB.OL,2021-02-23,73.0,74.18000030517578,71.27999877929688,72.12000274658203,56.41067886352539,1621947
STB,STB.OL,2021-02-24,72.0,73.19999694824219,71.91999816894531,72.58000183105469,56.770477294921875,2667867
STB,STB.OL,2021-02-25,73.19999694824219,75.0,72.87999725341797,75.0,58.66334915161133,2146388
STB,STB.OL,2021-02-26,73.5,74.87999725341797,73.22000122070312,74.0999984741211,57.95938491821289,1818187
STB,STB.OL,2021-03-01,74.62000274658203,76.27999877929688,74.62000274658203,76.27999877929688,59.6645393371582,1958952
STB,STB.OL,2021-03-02,76.27999877929688,77.66000366210938,75.76000213623047,77.55999755859375,60.66572189331055,1709278
STB,STB.OL,2021-03-03,77.54000091552734,78.5999984741211,77.5,78.55999755859375,61.44789123535156,1231478
STB,STB.OL,2021-03-04,78.5199966430664,79.33999633789062,78.04000091552734,78.55999755859375,61.44789123535156,1814915
STB,STB.OL,2021-03-05,78.45999908447266,79.9000015258789,77.5999984741211,79.23999786376953,61.979774475097656,1495007
STB,STB.OL,2021-03-08,79.95999908447266,81.76000213623047,79.87999725341797,81.58000183105469,63.81007385253906,1603965
STB,STB.OL,2021-03-09,81.83999633789062,82.4000015258789,79.81999969482422,79.9800033569336,62.55859375,1738838
STB,STB.OL,2021-03-10,79.9800033569336,81.68000030517578,79.87999725341797,80.68000030517578,63.106117248535156,1259190
STB,STB.OL,2021-03-11,80.80000305175781,81.05999755859375,79.19999694824219,80.08000183105469,62.63682174682617,1569798
STB,STB.OL,2021-03-12,80.33999633789062,81.72000122070312,80.19999694824219,81.4800033569336,63.73186492919922,1308196
STB,STB.OL,2021-03-15,81.66000366210938,82.30000305175781,80.86000061035156,81.36000061035156,63.63800048828125,921604
STB,STB.OL,2021-03-16,82.19999694824219,83.23999786376953,81.86000061035156,82.04000091552734,64.16986846923828,2944973
STB,STB.OL,2021-03-17,82.41999816894531,83.0,81.69999694824219,82.80000305175781,64.76432800292969,1305442
STB,STB.OL,2021-03-18,83.0999984741211,83.95999908447266,82.44000244140625,83.77999877929688,65.53086853027344,1083637
STB,STB.OL,2021-03-19,83.5,84.08000183105469,82.0999984741211,82.44000244140625,64.48274993896484,1954068
STB,STB.OL,2021-03-22,82.30000305175781,83.08000183105469,81.41999816894531,82.0999984741211,64.21680450439453,1141033
STB,STB.OL,2021-03-23,81.9000015258789,81.9000015258789,80.41999816894531,81.04000091552734,63.387699127197266,2205947
STB,STB.OL,2021-03-24,80.5,82.30000305175781,80.16000366210938,82.04000091552734,64.16986846923828,917942
STB,STB.OL,2021-03-25,82.5,82.76000213623047,81.22000122070312,81.77999877929688,63.96651077270508,918363
STB,STB.OL,2021-03-26,82.63999938964844,84.45999908447266,82.63999938964844,83.86000061035156,65.59343719482422,1096832
STB,STB.OL,2021-03-29,83.86000061035156,84.91999816894531,83.13999938964844,84.54000091552734,66.12532043457031,635917
STB,STB.OL,2021-03-30,85.0,85.94000244140625,85.0,85.4000015258789,66.7979965209961,937402
STB,STB.OL,2021-03-31,85.86000061035156,86.66000366210938,85.72000122070312,86.13999938964844,67.3768081665039,657353
STB,STB.OL,2021-04-06,87.0,87.16000366210938,85.63999938964844,86.4800033569336,67.64273834228516,1314840
STB,STB.OL,2021-04-07,87.4000015258789,87.9800033569336,86.5999984741211,87.91999816894531,68.76908874511719,1420591
STB,STB.OL,2021-04-08,88.19999694824219,88.62000274658203,86.4000015258789,83.87999725341797,65.60908508300781,1594846
STB,STB.OL,2021-04-09,83.95999908447266,83.95999908447266,81.9000015258789,82.41999816894531,67.06562042236328,1925040
STB,STB.OL,2021-04-12,82.4000015258789,83.73999786376953,81.04000091552734,83.55999755859375,67.99324035644531,1394599
STB,STB.OL,2021-04-13,83.63999938964844,83.80000305175781,82.5199966430664,83.5199966430664,67.96070098876953,1470249
STB,STB.OL,2021-04-14,83.76000213623047,83.80000305175781,82.18000030517578,82.5999984741211,67.21208953857422,1053010
STB,STB.OL,2021-04-15,82.91999816894531,83.19999694824219,82.12000274658203,82.5199966430664,67.14698791503906,878627
STB,STB.OL,2021-04-16,82.86000061035156,84.41999816894531,82.37999725341797,84.33999633789062,68.62793731689453,1425894
STB,STB.OL,2021-04-19,84.45999908447266,84.45999908447266,82.45999908447266,82.68000030517578,67.27717590332031,1109629
STB,STB.OL,2021-04-20,82.4800033569336,82.54000091552734,80.04000091552734,80.30000305175781,65.34056091308594,1551710
STB,STB.OL,2021-04-21,80.0999984741211,80.23999786376953,77.86000061035156,78.72000122070312,64.0549087524414,2258933
STB,STB.OL,2021-04-22,79.9000015258789,79.9000015258789,78.13999938964844,78.45999908447266,63.84334182739258,1062431
STB,STB.OL,2021-04-23,78.0999984741211,79.0,77.76000213623047,79.0,64.28274536132812,1024023
STB,STB.OL,2021-04-26,79.5,80.80000305175781,79.13999938964844,80.72000122070312,65.68231964111328,1288886
STB,STB.OL,2021-04-27,80.63999938964844,80.77999877929688,79.5999984741211,80.16000366210938,65.22664642333984,1965068
STB,STB.OL,2021-04-28,77.77999877929688,79.81999969482422,77.0999984741211,79.5,64.6895980834961,2161595
STB,STB.OL,2021-04-29,79.5,81.87999725341797,79.13999938964844,81.16000366210938,66.04035949707031,2060317
STB,STB.OL,2021-04-30,81.30000305175781,81.41999816894531,79.76000213623047,79.76000213623047,64.90116882324219,1259334
STB,STB.OL,2021-05-03,79.41999816894531,80.05999755859375,78.86000061035156,79.5,64.6895980834961,945027
STB,STB.OL,2021-05-04,79.5199966430664,80.04000091552734,78.5199966430664,78.81999969482422,64.13628387451172,1240475
STB,STB.OL,2021-05-05,79.08000183105469,79.5999984741211,78.37999725341797,79.26000213623047,64.49431610107422,1046860
STB,STB.OL,2021-05-06,79.9000015258789,80.5,79.19999694824219,79.41999816894531,64.62449645996094,1314759
STB,STB.OL,2021-05-07,80.55999755859375,81.05999755859375,79.87999725341797,80.44000244140625,65.45448303222656,1088312
STB,STB.OL,2021-05-10,81.0,81.30000305175781,80.19999694824219,80.23999786376953,65.29174041748047,972501
STB,STB.OL,2021-05-11,79.95999908447266,79.95999908447266,78.5199966430664,78.69999694824219,64.03861999511719,1051105
STB,STB.OL,2021-05-12,78.5999984741211,79.0999984741211,77.72000122070312,79.0999984741211,64.3641128540039,1449657
STB,STB.OL,2021-05-14,79.5,80.95999908447266,78.81999969482422,80.76000213623047,65.7148666381836,1888832
STB,STB.OL,2021-05-18,81.0,82.36000061035156,80.41999816894531,81.0,65.91016387939453,1041874
STB,STB.OL,2021-05-19,80.5,80.95999908447266,79.0,79.4000015258789,64.60823059082031,1018395
STB,STB.OL,2021-05-20,80.23999786376953,80.81999969482422,79.4000015258789,80.72000122070312,65.68231964111328,879983
STB,STB.OL,2021-05-21,80.94000244140625,82.0199966430664,80.63999938964844,81.73999786376953,66.51229858398438,1481407
STB,STB.OL,2021-05-25,82.0,82.73999786376953,81.4000015258789,82.73999786376953,67.32600402832031,1386156
STB,STB.OL,2021-05-26,82.69999694824219,82.95999908447266,80.58000183105469,80.86000061035156,65.7962417602539,1227377
STB,STB.OL,2021-05-27,80.94000244140625,83.26000213623047,80.73999786376953,83.18000030517578,67.68403625488281,1631191
STB,STB.OL,2021-05-28,82.9000015258789,84.30000305175781,82.81999969482422,83.31999969482422,67.7979507446289,1258511
STB,STB.OL,2021-05-31,83.33999633789062,83.66000366210938,82.76000213623047,83.4800033569336,67.92814636230469,686112
STB,STB.OL,2021-06-01,83.5,84.08000183105469,83.4000015258789,83.45999908447266,67.911865234375,1037938
STB,STB.OL,2021-06-02,83.37999725341797,84.0999984741211,83.31999969482422,83.5,67.94441223144531,753148
STB,STB.OL,2021-06-03,83.5999984741211,83.69999694824219,82.66000366210938,83.30000305175781,67.78167724609375,744917
STB,STB.OL,2021-06-04,83.0,83.62000274658203,82.5199966430664,82.9800033569336,67.52129364013672,609080
STB,STB.OL,2021-06-07,83.0,83.80000305175781,82.22000122070312,82.95999908447266,67.50501251220703,669418
STB,STB.OL,2021-06-08,82.9000015258789,82.9000015258789,82.16000366210938,82.18000030517578,66.87032318115234,1648144
STB,STB.OL,2021-06-09,82.23999786376953,82.36000061035156,81.0999984741211,81.30000305175781,66.1542739868164,779608
STB,STB.OL,2021-06-10,81.5999984741211,81.77999877929688,80.87999725341797,81.33999633789062,66.18682098388672,1055781
STB,STB.OL,2021-06-11,81.5,81.5,80.30000305175781,80.80000305175781,65.74742126464844,1126505
STB,STB.OL,2021-06-14,81.0,81.81999969482422,81.0,81.44000244140625,66.26819610595703,807576
STB,STB.OL,2021-06-15,81.80000305175781,81.80000305175781,80.81999969482422,81.19999694824219,66.0728988647461,972945
STB,STB.OL,2021-06-16,81.4000015258789,81.72000122070312,80.05999755859375,80.69999694824219,65.66604614257812,1003628
STB,STB.OL,2021-06-17,80.69999694824219,81.5199966430664,80.5,80.83999633789062,65.77996063232422,827620
STB,STB.OL,2021-06-18,80.80000305175781,80.80000305175781,78.0199966430664,78.22000122070312,63.648048400878906,2105406
STB,STB.OL,2021-06-21,78.0,79.19999694824219,76.33999633789062,78.91999816894531,64.21764373779297,1582325
STB,STB.OL,2021-06-22,79.05999755859375,79.69999694824219,78.5,79.13999938964844,64.39665985107422,1242939
STB,STB.OL,2021-06-23,79.33999633789062,79.4800033569336,78.5,78.9800033569336,64.2664794921875,854104
STB,STB.OL,2021-06-24,79.19999694824219,79.5999984741211,78.87999725341797,79.19999694824219,64.44548034667969,557496
STB,STB.OL,2021-06-25,79.87999725341797,80.76000213623047,79.69999694824219,80.0999984741211,65.17781829833984,1209701
STB,STB.OL,2021-06-28,80.5,80.5,79.0,79.58000183105469,64.75469970703125,630327
STB,STB.OL,2021-06-29,79.5999984741211,80.31999969482422,79.30000305175781,79.5999984741211,64.77096557617188,409442
STB,STB.OL,2021-06-30,79.5,79.54000091552734,78.0,78.0,63.46903991699219,883109
STB,STB.OL,2021-07-01,78.5999984741211,79.72000122070312,78.30000305175781,79.26000213623047,64.49431610107422,1380472
STB,STB.OL,2021-07-02,79.30000305175781,79.5199966430664,78.5,79.05999755859375,64.33155822753906,1041592
STB,STB.OL,2021-07-05,79.0199966430664,80.45999908447266,78.5999984741211,80.4000015258789,65.42194366455078,873105
STB,STB.OL,2021-07-06,80.4000015258789,80.4000015258789,79.0999984741211,79.0999984741211,64.3641128540039,830080
STB,STB.OL,2021-07-07,79.16000366210938,79.41999816894531,77.68000030517578,77.80000305175781,63.306297302246094,1192571
STB,STB.OL,2021-07-08,77.5999984741211,77.83999633789062,76.0199966430664,76.04000091552734,61.874176025390625,1638897
STB,STB.OL,2021-07-09,76.80000305175781,78.16000366210938,76.54000091552734,78.05999755859375,63.51785659790039,1012567
STB,STB.OL,2021-07-12,78.26000213623047,79.05999755859375,77.5999984741211,79.04000091552734,64.31529235839844,846327
STB,STB.OL,2021-07-13,79.22000122070312,79.4800033569336,78.72000122070312,79.0,64.28274536132812,824238
STB,STB.OL,2021-07-14,79.08000183105469,80.18000030517578,77.27999877929688,80.18000030517578,65.242919921875,1838670
STB,STB.OL,2021-07-15,80.0,80.0,78.05999755859375,78.55999755859375,63.924705505371094,1147047
STB,STB.OL,2021-07-16,78.63999938964844,78.86000061035156,76.9800033569336,76.9800033569336,62.639060974121094,816172
STB,STB.OL,2021-07-19,76.5199966430664,76.5199966430664,73.0999984741211,73.0999984741211,59.48188400268555,1928750
STB,STB.OL,2021-07-20,73.87999725341797,74.91999816894531,72.86000061035156,73.80000305175781,60.051475524902344,1244782
STB,STB.OL,2021-07-21,74.23999786376953,75.73999786376953,73.81999969482422,75.45999908447266,61.4022331237793,773921
STB,STB.OL,2021-07-22,75.5199966430664,76.22000122070312,75.12000274658203,75.30000305175781,61.272037506103516,677282
STB,STB.OL,2021-07-23,75.9000015258789,75.9800033569336,74.9800033569336,75.58000183105469,61.49987030029297,467927
STB,STB.OL,2021-07-26,75.19999694824219,76.80000305175781,74.68000030517578,76.77999877929688,62.47632598876953,723486
STB,STB.OL,2021-07-27,76.69999694824219,76.69999694824219,75.23999786376953,76.04000091552734,61.874176025390625,627910
STB,STB.OL,2021-07-28,75.9000015258789,76.58000183105469,75.80000305175781,75.9800033569336,61.82535934448242,409711
STB,STB.OL,2021-07-29,76.44000244140625,76.69999694824219,76.0199966430664,76.27999877929688,62.06947326660156,347702
STB,STB.OL,2021-07-30,76.04000091552734,76.04000091552734,75.0999984741211,76.0,61.84163284301758,604128
STB,STB.OL,2021-08-02,76.18000030517578,76.95999908447266,76.16000366210938,76.33999633789062,62.118282318115234,387620
STB,STB.OL,2021-08-03,76.41999816894531,76.5,75.26000213623047,75.4800033569336,61.41850662231445,564239
STB,STB.OL,2021-08-04,75.81999969482422,76.77999877929688,75.81999969482422,76.33999633789062,62.118282318115234,834793
STB,STB.OL,2021-08-05,76.26000213623047,78.08000183105469,76.22000122070312,78.08000183105469,63.53413772583008,1067074
STB,STB.OL,2021-08-06,78.30000305175781,78.41999816894531,77.44000244140625,78.30000305175781,63.71315383911133,551665
STB,STB.OL,2021-08-09,78.12000274658203,78.68000030517578,78.0,78.68000030517578,64.02235412597656,465625
STB,STB.OL,2021-08-10,78.9000015258789,79.62000274658203,78.77999877929688,79.0999984741211,64.3641128540039,661327
STB,STB.OL,2021-08-11,79.23999786376953,80.27999877929688,78.76000213623047,80.23999786376953,65.29174041748047,807379
STB,STB.OL,2021-08-12,80.30000305175781,80.62000274658203,79.81999969482422,80.0199966430664,65.11272430419922,983972
STB,STB.OL,2021-08-13,80.31999969482422,80.5999984741211,79.72000122070312,80.30000305175781,65.34056091308594,559126
STB,STB.OL,2021-08-16,79.80000305175781,80.13999938964844,79.19999694824219,80.0,65.09645080566406,2180472
STB,STB.OL,2021-08-17,80.0,80.05999755859375,78.76000213623047,79.27999877929688,64.51058197021484,538317
STB,STB.OL,2021-08-18,79.4000015258789,79.4000015258789,78.72000122070312,79.18000030517578,64.42921447753906,441181
STB,STB.OL,2021-08-19,78.58000183105469,78.9800033569336,77.66000366210938,78.5999984741211,63.95725631713867,885579
STB,STB.OL,2021-08-20,78.30000305175781,78.31999969482422,76.45999908447266,77.5199966430664,63.078460693359375,937155
STB,STB.OL,2021-08-23,77.9800033569336,78.41999816894531,77.05999755859375,78.0199966430664,63.485313415527344,694969
STB,STB.OL,2021-08-24,78.0999984741211,78.22000122070312,77.54000091552734,77.73999786376953,63.25747299194336,355881
STB,STB.OL,2021-08-25,77.87999725341797,78.30000305175781,77.4800033569336,77.95999908447266,63.436485290527344,466986
STB,STB.OL,2021-08-26,77.63999938964844,79.55999755859375,77.33999633789062,79.45999908447266,64.65705108642578,790902
STB,STB.OL,2021-08-27,79.13999938964844,79.66000366210938,78.31999969482422,78.80000305175781,64.12001037597656,814102
STB,STB.OL,2021-08-30,78.73999786376953,79.0,78.12000274658203,78.36000061035156,63.76197814941406,489373
STB,STB.OL,2021-08-31,78.18000030517578,78.83999633789062,77.22000122070312,77.22000122070312,62.834354400634766,1157615
STB,STB.OL,2021-09-01,77.86000061035156,79.13999938964844,77.77999877929688,78.23999786376953,63.6643180847168,749478
STB,STB.OL,2021-09-02,78.13999938964844,79.44000244140625,78.0,79.27999877929688,64.51058197021484,662701
STB,STB.OL,2021-09-03,79.26000213623047,79.44000244140625,78.19999694824219,78.72000122070312,64.0549087524414,535314
STB,STB.OL,2021-09-06,79.0,79.23999786376953,78.63999938964844,79.23999786376953,64.47802734375,571320
STB,STB.OL,2021-09-07,79.23999786376953,79.26000213623047,78.5,78.73999786376953,64.07117462158203,421300
STB,STB.OL,2021-09-08,78.55999755859375,78.77999877929688,77.68000030517578,78.33999633789062,63.745697021484375,634849
STB,STB.OL,2021-09-09,77.80000305175781,77.91999816894531,77.30000305175781,77.76000213623047,63.273746490478516,521362
STB,STB.OL,2021-09-10,77.72000122070312,78.0999984741211,76.83999633789062,76.94000244140625,62.60652160644531,853583
STB,STB.OL,2021-09-13,77.33999633789062,78.04000091552734,77.19999694824219,77.26000213623047,62.86689376831055,721238
STB,STB.OL,2021-09-14,77.5,79.41999816894531,77.30000305175781,78.72000122070312,64.0549087524414,1062353
STB,STB.OL,2021-09-15,79.0,79.4000015258789,77.9000015258789,77.9000015258789,63.38766860961914,1219117
STB,STB.OL,2021-09-16,78.5199966430664,78.83999633789062,77.81999969482422,78.5199966430664,63.89216613769531,897912
STB,STB.OL,2021-09-17,79.5,79.9800033569336,78.83999633789062,78.9800033569336,64.2664794921875,1594348
STB,STB.OL,2021-09-20,78.18000030517578,78.18000030517578,75.66000366210938,76.69999694824219,62.41122055053711,1722855
STB,STB.OL,2021-09-21,76.95999908447266,77.9800033569336,76.9000015258789,76.9000015258789,62.5739631652832,1049915
STB,STB.OL,2021-09-22,77.33999633789062,79.22000122070312,77.27999877929688,79.13999938964844,64.39665985107422,1832034
STB,STB.OL,2021-09-23,79.5999984741211,81.4000015258789,79.58000183105469,81.4000015258789,66.23563385009766,1187106
STB,STB.OL,2021-09-24,81.04000091552734,81.95999908447266,80.55999755859375,81.13999938964844,66.02407836914062,818878
STB,STB.OL,2021-09-27,81.87999725341797,83.08000183105469,81.77999877929688,83.08000183105469,67.60266876220703,1292849
STB,STB.OL,2021-09-28,83.13999938964844,83.44000244140625,82.23999786376953,82.72000122070312,67.30973052978516,995043
STB,STB.OL,2021-09-29,82.80000305175781,82.94000244140625,81.87999725341797,82.69999694824219,67.29345703125,894202
STB,STB.OL,2021-09-30,83.19999694824219,83.83999633789062,82.69999694824219,83.68000030517578,68.09088134765625,1123265
STB,STB.OL,2021-10-01,82.31999969482422,83.80000305175781,82.0199966430664,82.36000061035156,67.01679229736328,5240994
STB,STB.OL,2021-10-04,82.37999725341797,83.0,82.18000030517578,82.5199966430664,67.14698791503906,738079
STB,STB.OL,2021-10-05,82.72000122070312,83.26000213623047,82.0,83.26000213623047,67.74913024902344,1137186
STB,STB.OL,2021-10-06,83.18000030517578,85.12000274658203,82.77999877929688,85.12000274658203,69.26262664794922,1595273
STB,STB.OL,2021-10-07,85.37999725341797,86.73999786376953,84.4000015258789,86.68000030517578,70.53201293945312,1126025
STB,STB.OL,2021-10-08,86.80000305175781,87.69999694824219,86.5999984741211,87.5,71.1992416381836,1458103
STB,STB.OL,2021-10-11,87.0,87.69999694824219,86.0,87.19999694824219,70.95513153076172,955269
STB,STB.OL,2021-10-12,86.91999816894531,87.55999755859375,86.37999725341797,87.31999969482422,71.05278015136719,764027
STB,STB.OL,2021-10-13,87.04000091552734,87.5,85.58000183105469,85.80000305175781,69.81594848632812,1206529
STB,STB.OL,2021-10-14,86.72000122070312,88.5199966430664,85.94000244140625,88.5199966430664,72.02922058105469,1511499
STB,STB.OL,2021-10-15,88.5999984741211,90.0999984741211,88.04000091552734,88.5,72.01294708251953,1502540
STB,STB.OL,2021-10-18,88.41999816894531,88.83999633789062,88.13999938964844,88.5,72.01294708251953,692069
STB,STB.OL,2021-10-19,88.5,88.72000122070312,87.72000122070312,88.55999755859375,72.061767578125,737146
STB,STB.OL,2021-10-20,88.19999694824219,88.55999755859375,87.80000305175781,88.26000213623047,71.81766510009766,534447
STB,STB.OL,2021-10-21,88.0999984741211,89.0,87.76000213623047,89.0,72.4197998046875,740908
STB,STB.OL,2021-10-22,89.0,90.08000183105469,88.44000244140625,89.66000366210938,72.95686340332031,560846
STB,STB.OL,2021-10-25,89.62000274658203,90.0199966430664,89.58000183105469,89.66000366210938,72.95686340332031,614981
STB,STB.OL,2021-10-26,89.91999816894531,90.44000244140625,89.72000122070312,90.05999755859375,73.2823257446289,994556
STB,STB.OL,2021-10-27,90.5,90.76000213623047,88.58000183105469,90.04000091552734,73.26605987548828,1257712
STB,STB.OL,2021-10-28,91.0199966430664,91.54000091552734,88.19999694824219,90.16000366210938,73.36370086669922,1078853
STB,STB.OL,2021-10-29,90.36000061035156,91.9800033569336,89.91999816894531,90.54000091552734,73.67290496826172,1483172
STB,STB.OL,2021-11-01,91.0199966430664,91.73999786376953,90.72000122070312,90.77999877929688,73.86819458007812,636337
STB,STB.OL,2021-11-02,90.5999984741211,90.62000274658203,89.36000061035156,90.18000030517578,73.37997436523438,573089
STB,STB.OL,2021-11-03,90.19999694824219,91.0199966430664,89.16000366210938,91.0199966430664,74.0634765625,912660
STB,STB.OL,2021-11-04,91.22000122070312,91.63999938964844,90.54000091552734,91.16000366210938,74.17739868164062,869238
STB,STB.OL,2021-11-05,91.04000091552734,92.30000305175781,90.72000122070312,92.08000183105469,74.92601013183594,578031
STB,STB.OL,2021-11-08,91.94000244140625,91.94000244140625,90.73999786376953,91.12000274658203,74.14485931396484,1392681
STB,STB.OL,2021-11-09,90.91999816894531,90.91999816894531,89.76000213623047,89.94000244140625,73.1846923828125,764894
STB,STB.OL,2021-11-10,89.95999908447266,89.95999908447266,88.68000030517578,89.30000305175781,72.66392517089844,786441
STB,STB.OL,2021-11-11,89.58000183105469,90.55999755859375,89.08000183105469,90.37999725341797,73.54270935058594,773884
STB,STB.OL,2021-11-12,90.62000274658203,90.62000274658203,89.19999694824219,89.91999816894531,73.16840362548828,521061
STB,STB.OL,2021-11-15,90.04000091552734,90.16000366210938,89.58000183105469,90.0,73.23351287841797,565744
STB,STB.OL,2021-11-16,90.5,90.5,89.55999755859375,89.77999877929688,73.05448913574219,513107
STB,STB.OL,2021-11-17,89.94000244140625,89.9800033569336,88.86000061035156,89.36000061035156,72.71273803710938,692496
STB,STB.OL,2021-11-18,89.0999984741211,89.45999908447266,88.69999694824219,88.87999725341797,72.32215881347656,559663
STB,STB.OL,2021-11-19,89.22000122070312,89.27999877929688,87.37999725341797,88.62000274658203,72.110595703125,1036950
STB,STB.OL,2021-11-22,88.9800033569336,89.4800033569336,88.4000015258789,89.0,72.4197998046875,593499
STB,STB.OL,2021-11-23,88.0999984741211,89.12000274658203,87.5199966430664,88.76000213623047,72.22451782226562,641502
STB,STB.OL,2021-11-24,88.5,89.04000091552734,88.0,88.04000091552734,71.63864135742188,592947
STB,STB.OL,2021-11-25,88.31999969482422,88.5999984741211,87.33999633789062,88.26000213623047,71.81766510009766,438575
STB,STB.OL,2021-11-26,86.81999969482422,86.81999969482422,83.83999633789062,84.0,68.35127258300781,1860207
STB,STB.OL,2021-11-29,84.18000030517578,85.33999633789062,84.16000366210938,84.68000030517578,68.90459442138672,924880
STB,STB.OL,2021-11-30,83.62000274658203,84.0,82.0199966430664,83.5,67.94441223144531,1737457
STB,STB.OL,2021-12-01,83.72000122070312,85.4800033569336,83.54000091552734,84.81999969482422,69.01851654052734,836618
STB,STB.OL,2021-12-02,84.5,84.5,83.55999755859375,84.4000015258789,68.6767578125,1549691
STB,STB.OL,2021-12-03,85.0,85.23999786376953,83.66000366210938,84.31999969482422,68.61166381835938,962289
STB,STB.OL,2021-12-06,84.0,84.58000183105469,83.0999984741211,83.86000061035156,68.23735046386719,484078
STB,STB.OL,2021-12-07,85.4800033569336,87.26000213623047,85.13999938964844,87.0999984741211,70.8737564086914,1587543
STB,STB.OL,2021-12-08,87.31999969482422,87.95999908447266,85.18000030517578,86.0999984741211,70.06004333496094,659115
STB,STB.OL,2021-12-09,86.19999694824219,86.4000015258789,85.19999694824219,85.73999786376953,69.76712036132812,773036
STB,STB.OL,2021-12-10,85.45999908447266,86.66000366210938,85.45999908447266,85.5,69.57183837890625,753834
STB,STB.OL,2021-12-13,86.18000030517578,87.05999755859375,85.0,85.0,69.16497802734375,698358
STB,STB.OL,2021-12-14,85.0,85.33999633789062,83.76000213623047,84.62000274658203,68.85578155517578,1015524
STB,STB.OL,2021-12-15,84.4000015258789,85.18000030517578,84.4000015258789,84.76000213623047,68.96969604492188,843933
STB,STB.OL,2021-12-16,85.68000030517578,86.33999633789062,84.94000244140625,85.13999938964844,69.2789077758789,1086885
STB,STB.OL,2021-12-17,84.9800033569336,85.81999969482422,84.5999984741211,84.77999877929688,68.98596954345703,1329580
STB,STB.OL,2021-12-20,84.0,84.0,82.13999938964844,83.0,67.53756713867188,968887
STB,STB.OL,2021-12-21,83.5,84.5,83.5,84.18000030517578,68.49774169921875,600855
STB,STB.OL,2021-12-22,84.76000213623047,84.76000213623047,83.55999755859375,83.83999633789062,68.22107696533203,1796622
STB,STB.OL,2021-12-23,84.5,85.77999877929688,84.33999633789062,85.77999877929688,69.79967498779297,638164
STB,STB.OL,2021-12-27,86.0999984741211,87.0,86.0999984741211,86.77999877929688,70.61337280273438,621484
STB,STB.OL,2021-12-28,87.0,87.72000122070312,86.81999969482422,87.37999725341797,71.10159301757812,512614
STB,STB.OL,2021-12-29,87.5199966430664,87.62000274658203,86.9000015258789,87.62000274658203,71.29689025878906,787057
STB,STB.OL,2021-12-30,87.95999908447266,88.5199966430664,87.37999725341797,88.5199966430664,72.02922058105469,613416
STB,STB.OL,2022-01-03,89.0,89.22000122070312,87.58000183105469,88.0,71.60608673095703,746204
STB,STB.OL,2022-01-04,88.80000305175781,90.16000366210938,88.33999633789062,89.87999725341797,73.1358642578125,1363841
STB,STB.OL,2022-01-05,90.45999908447266,91.86000061035156,90.26000213623047,91.86000061035156,74.74700164794922,1159612
STB,STB.OL,2022-01-06,91.0999984741211,93.27999877929688,90.80000305175781,92.41999816894531,75.20266723632812,1536921
STB,STB.OL,2022-01-07,92.54000091552734,93.69999694824219,92.54000091552734,93.55999755859375,76.13030242919922,990687
STB,STB.OL,2022-01-10,94.37999725341797,95.4800033569336,94.26000213623047,94.91999816894531,77.2369384765625,1757258
STB,STB.OL,2022-01-11,95.37999725341797,96.27999877929688,94.4000015258789,95.31999969482422,77.56241607666016,1561931
STB,STB.OL,2022-01-12,96.69999694824219,97.37999725341797,95.77999877929688,97.0999984741211,79.01081848144531,1098905
STB,STB.OL,2022-01-13,97.22000122070312,97.95999908447266,96.77999877929688,97.18000030517578,79.07592010498047,914276
STB,STB.OL,2022-01-14,97.19999694824219,97.95999908447266,96.81999969482422,97.44000244140625,79.28748321533203,806614
STB,STB.OL,2022-01-17,97.80000305175781,98.95999908447266,97.27999877929688,97.62000274658203,79.43394470214844,733136
STB,STB.OL,2022-01-18,97.69999694824219,98.0199966430664,96.55999755859375,97.23999786376953,79.1247329711914,707000
STB,STB.OL,2022-01-19,96.91999816894531,97.66000366210938,95.9000015258789,96.18000030517578,78.26221466064453,1058774
STB,STB.OL,2022-01-20,96.5,96.68000030517578,93.69999694824219,94.26000213623047,76.69989013671875,1445789
STB,STB.OL,2022-01-21,93.19999694824219,93.19999694824219,91.37999725341797,91.37999725341797,74.35641479492188,1111381
STB,STB.OL,2022-01-24,91.37999725341797,91.95999908447266,87.87999725341797,88.0199966430664,71.62236022949219,1586503
STB,STB.OL,2022-01-25,89.0999984741211,90.91999816894531,88.76000213623047,89.55999755859375,72.87547302246094,1474333
STB,STB.OL,2022-01-26,90.86000061035156,93.45999908447266,90.5,93.0199966430664,75.69090270996094,1136747
STB,STB.OL,2022-01-27,91.95999908447266,94.83999633789062,91.19999694824219,94.4000015258789,76.81381225585938,756884
STB,STB.OL,2022-01-28,95.0,95.0999984741211,92.31999969482422,92.83999633789062,75.54443359375,732639
STB,STB.OL,2022-01-31,94.19999694824219,94.80000305175781,93.27999877929688,94.33999633789062,76.76498413085938,832824
STB,STB.OL,2022-02-01,95.0,95.37999725341797,94.18000030517578,95.37999725341797,77.61123657226562,712727
STB,STB.OL,2022-02-02,96.9800033569336,97.0,94.83999633789062,96.31999969482422,78.37612915039062,996450
STB,STB.OL,2022-02-03,96.26000213623047,96.4000015258789,95.30000305175781,95.86000061035156,78.00182342529297,638653
STB,STB.OL,2022-02-04,96.5199966430664,96.83999633789062,96.04000091552734,96.83999633789062,78.79924774169922,1265132
STB,STB.OL,2022-02-07,97.12000274658203,98.94000244140625,96.26000213623047,98.36000061035156,80.03608703613281,1246590
STB,STB.OL,2022-02-08,98.5,99.44000244140625,98.13999938964844,99.30000305175781,80.80097198486328,1428149
STB,STB.OL,2022-02-09,97.0,97.26000213623047,92.18000030517578,94.69999694824219,77.05791473388672,3613243
STB,STB.OL,2022-02-10,95.0,95.5199966430664,92.54000091552734,95.26000213623047,77.51360321044922,1981889
STB,STB.OL,2022-02-11,94.77999877929688,96.0999984741211,93.81999969482422,95.95999908447266,78.08319091796875,1214688
STB,STB.OL,2022-02-14,94.45999908447266,94.5,91.12000274658203,91.72000122070312,74.6330795288086,1896125
STB,STB.OL,2022-02-15,91.37999725341797,92.18000030517578,90.58000183105469,92.18000030517578,75.00738525390625,1383958
STB,STB.OL,2022-02-16,92.9000015258789,93.22000122070312,90.9800033569336,91.80000305175781,74.69817352294922,1446222
STB,STB.OL,2022-02-17,91.77999877929688,91.87999725341797,90.04000091552734,90.31999969482422,73.49388885498047,1067794
STB,STB.OL,2022-02-18,90.80000305175781,93.16000366210938,90.80000305175781,92.54000091552734,75.3003158569336,2137370
STB,STB.OL,2022-02-21,92.55999755859375,92.94000244140625,90.62000274658203,91.87999725341797,74.76326751708984,1849943
STB,STB.OL,2022-02-22,88.0999984741211,91.44000244140625,88.0999984741211,91.0,74.04720306396484,1356430
STB,STB.OL,2022-02-23,90.9000015258789,91.5,90.4800033569336,90.69999694824219,73.80309295654297,619245
STB,STB.OL,2022-02-24,87.0,88.33999633789062,82.86000061035156,84.19999694824219,68.51400756835938,3533532
STB,STB.OL,2022-02-25,86.0,89.0999984741211,84.95999908447266,89.0,72.4197998046875,2194037
STB,STB.OL,2022-02-28,87.0,87.55999755859375,85.83999633789062,87.16000366210938,70.9225845336914,1924479
STB,STB.OL,2022-03-01,87.22000122070312,88.45999908447266,85.4000015258789,85.55999755859375,69.62065124511719,1163728
STB,STB.OL,2022-03-02,84.5999984741211,85.5999984741211,81.9800033569336,83.08000183105469,67.60266876220703,2567208
STB,STB.OL,2022-03-03,83.91999816894531,85.45999908447266,83.37999725341797,83.54000091552734,67.97697448730469,1555271
STB,STB.OL,2022-03-04,83.0,83.0,79.5199966430664,79.58000183105469,64.75469970703125,2475388
STB,STB.OL,2022-03-07,76.95999908447266,77.5,71.22000122070312,75.9000015258789,61.76025390625,5057069
STB,STB.OL,2022-03-08,74.9000015258789,79.27999877929688,74.5,77.26000213623047,62.86689376831055,2797413
STB,STB.OL,2022-03-09,79.4000015258789,80.87999725341797,78.4000015258789,80.86000061035156,65.7962417602539,2237329
STB,STB.OL,2022-03-10,81.69999694824219,81.83999633789062,79.22000122070312,80.58000183105469,65.56839752197266,1447492
STB,STB.OL,2022-03-11,80.5999984741211,82.80000305175781,79.73999786376953,82.37999725341797,67.03306579589844,3664769
STB,STB.OL,2022-03-14,82.9000015258789,84.77999877929688,82.5,83.69999694824219,68.10717010498047,1459224
STB,STB.OL,2022-03-15,82.80000305175781,83.86000061035156,82.16000366210938,82.80000305175781,67.37482452392578,3019588
STB,STB.OL,2022-03-16,84.80000305175781,87.94000244140625,84.54000091552734,87.86000061035156,71.49217224121094,1929799
STB,STB.OL,2022-03-17,88.81999969482422,89.41999816894531,86.69999694824219,87.86000061035156,71.49217224121094,1414250
STB,STB.OL,2022-03-18,88.5,88.68000030517578,87.18000030517578,87.45999908447266,71.16669464111328,1223078
STB,STB.OL,2022-03-21,87.5,88.45999908447266,87.04000091552734,87.33999633789062,71.06904602050781,893281
STB,STB.OL,2022-03-22,87.9000015258789,91.08000183105469,87.54000091552734,90.22000122070312,73.41252136230469,1300420
STB,STB.OL,2022-03-23,90.5,90.80000305175781,88.73999786376953,89.12000274658203,72.5174560546875,901277
STB,STB.OL,2022-03-24,88.80000305175781,88.9800033569336,87.36000061035156,87.68000030517578,71.345703125,884887
STB,STB.OL,2022-03-25,88.23999786376953,88.23999786376953,86.45999908447266,87.31999969482422,71.05278015136719,951609
STB,STB.OL,2022-03-28,87.63999938964844,89.73999786376953,87.5199966430664,89.4000015258789,72.74529266357422,986354
STB,STB.OL,2022-03-29,90.16000366210938,91.37999725341797,89.72000122070312,90.58000183105469,73.70545959472656,1202889
STB,STB.OL,2022-03-30,91.0,91.08000183105469,89.27999877929688,89.91999816894531,73.16840362548828,781522
STB,STB.OL,2022-03-31,90.22000122070312,90.55999755859375,88.30000305175781,88.30000305175781,71.8502197265625,684653
STB,STB.OL,2022-04-01,88.77999877929688,89.55999755859375,88.4800033569336,89.19999694824219,72.58255004882812,2138390
STB,STB.OL,2022-04-04,89.9800033569336,90.0,88.22000122070312,88.73999786376953,72.20823669433594,797240
STB,STB.OL,2022-04-05,88.83999633789062,89.31999969482422,87.37999725341797,88.5,72.01294708251953,1227106
STB,STB.OL,2022-04-06,88.36000061035156,88.94000244140625,86.5,83.0199966430664,67.55384063720703,1098160
STB,STB.OL,2022-04-07,83.4800033569336,83.5,81.62000274658203,82.45999908447266,70.05142974853516,1694052
STB,STB.OL,2022-04-08,84.08000183105469,85.91999816894531,83.26000213623047,85.41999816894531,72.5660171508789,1047122
STB,STB.OL,2022-04-11,85.54000091552734,87.23999786376953,85.54000091552734,87.08000183105469,73.97621154785156,1175393
STB,STB.OL,2022-04-12,86.31999969482422,87.13999938964844,85.54000091552734,86.30000305175781,73.31358337402344,1171766
STB,STB.OL,2022-04-13,86.87999725341797,87.16000366210938,86.22000122070312,86.69999694824219,73.65339660644531,661475
STB,STB.OL,2022-04-19,86.95999908447266,87.22000122070312,84.5,85.16000366210938,72.34513854980469,1629030
STB,STB.OL,2022-04-20,85.30000305175781,86.9000015258789,84.9800033569336,86.05999755859375,73.10970306396484,1194497
STB,STB.OL,2022-04-21,86.36000061035156,87.13999938964844,85.44000244140625,87.13999938964844,74.02719116210938,1415351
STB,STB.OL,2022-04-22,85.9800033569336,86.83999633789062,85.5999984741211,86.4800033569336,73.46649932861328,813109
STB,STB.OL,2022-04-25,85.0,85.0199966430664,81.83999633789062,82.77999877929688,70.32328033447266,1391367
STB,STB.OL,2022-04-26,83.41999816894531,83.5199966430664,81.9800033569336,83.4000015258789,70.84998321533203,805102
STB,STB.OL,2022-04-27,82.5999984741211,82.91999816894531,81.0,81.41999816894531,69.16793060302734,960845
STB,STB.OL,2022-04-28,82.0,83.33999633789062,81.23999786376953,81.81999969482422,69.50774383544922,1172686
STB,STB.OL,2022-04-29,82.5999984741211,82.62000274658203,81.33999633789062,82.23999786376953,69.86454010009766,763777
STB,STB.OL,2022-05-02,81.0,81.80000305175781,78.62000274658203,81.16000366210938,68.94706726074219,936049
STB,STB.OL,2022-05-03,81.16000366210938,81.95999908447266,80.0,81.72000122070312,69.42278289794922,1626937
STB,STB.OL,2022-05-04,82.41999816894531,85.5,82.41999816894531,84.30000305175781,71.61455535888672,2446879
STB,STB.OL,2022-05-05,86.5,87.0,82.9800033569336,82.9800033569336,70.4931869506836,1578012
STB,STB.OL,2022-05-06,81.80000305175781,81.80000305175781,80.04000091552734,80.63999938964844,68.50531005859375,1728160
STB,STB.OL,2022-05-09,80.5999984741211,80.5999984741211,78.19999694824219,78.41999816894531,66.6193618774414,1151998
STB,STB.OL,2022-05-10,78.04000091552734,79.77999877929688,77.5,79.22000122070312,67.29898834228516,866268
STB,STB.OL,2022-05-11,79.41999816894531,79.66000366210938,78.19999694824219,79.4800033569336,67.51985931396484,1138882
STB,STB.OL,2022-05-12,78.5,79.23999786376953,77.27999877929688,78.9000015258789,67.02714538574219,1476180
STB,STB.OL,2022-05-13,79.55999755859375,81.44000244140625,79.55999755859375,81.36000061035156,69.1169662475586,1683849
STB,STB.OL,2022-05-16,81.5,82.26000213623047,80.33999633789062,81.63999938964844,69.3548355102539,985657
STB,STB.OL,2022-05-18,83.0,83.83999633789062,81.55999755859375,82.9000015258789,70.42522430419922,1110334
STB,STB.OL,2022-05-19,81.22000122070312,81.81999969482422,80.4000015258789,81.77999877929688,69.4737548828125,1026114
STB,STB.OL,2022-05-20,82.5999984741211,83.66000366210938,81.4800033569336,82.0999984741211,69.74560546875,1055339
STB,STB.OL,2022-05-23,82.81999969482422,83.37999725341797,81.9000015258789,83.37999725341797,70.83299255371094,717007
STB,STB.OL,2022-05-24,83.0,83.86000061035156,82.26000213623047,82.94000244140625,70.45919799804688,726800
STB,STB.OL,2022-05-25,83.5,83.80000305175781,82.77999877929688,83.26000213623047,70.73104858398438,549673
STB,STB.OL,2022-05-27,83.5,84.62000274658203,83.30000305175781,84.55999755859375,71.83541870117188,677252
STB,STB.OL,2022-05-30,85.0,85.0199966430664,83.66000366210938,84.5,71.78446197509766,1976747
STB,STB.OL,2022-05-31,84.13999938964844,84.4800033569336,83.33999633789062,84.0999984741211,71.44464111328125,1309675
STB,STB.OL,2022-06-01,84.23999786376953,84.55999755859375,83.4000015258789,83.4000015258789,70.84998321533203,708899
STB,STB.OL,2022-06-02,83.18000030517578,83.86000061035156,82.31999969482422,83.5,70.93492889404297,483201
STB,STB.OL,2022-06-03,84.0199966430664,84.0199966430664,82.62000274658203,83.63999938964844,71.05386352539062,556666
STB,STB.OL,2022-06-07,84.04000091552734,84.30000305175781,82.69999694824219,83.66000366210938,71.07086181640625,839871
STB,STB.OL,2022-06-08,84.23999786376953,84.23999786376953,82.83999633789062,83.36000061035156,70.81600189208984,982013
STB,STB.OL,2022-06-09,83.05999755859375,84.55999755859375,82.62000274658203,82.91999816894531,70.44221496582031,1005880
STB,STB.OL,2022-06-10,82.33999633789062,82.33999633789062,79.05999755859375,79.05999755859375,67.16305541992188,1374872
STB,STB.OL,2022-06-13,78.0,78.0,75.66000366210938,75.76000213623047,64.35964965820312,1432588
STB,STB.OL,2022-06-14,76.45999908447266,77.41999816894531,75.73999786376953,77.18000030517578,65.56597137451172,1113144
STB,STB.OL,2022-06-15,78.0,79.94000244140625,77.44000244140625,79.94000244140625,67.91064453125,2187691
STB,STB.OL,2022-06-16,79.9000015258789,79.9000015258789,76.26000213623047,76.26000213623047,64.78440856933594,1487504
STB,STB.OL,2022-06-17,76.5,78.31999969482422,76.0,77.22000122070312,65.5999526977539,1067775
STB,STB.OL,2022-06-20,77.13999938964844,79.19999694824219,77.05999755859375,79.19999694824219,67.28199005126953,1096848
STB,STB.OL,2022-06-21,79.9000015258789,80.31999969482422,78.30000305175781,78.30000305175781,66.5174331665039,701998
STB,STB.OL,2022-06-22,77.30000305175781,77.5,76.04000091552734,76.37999725341797,64.8863525390625,882999
STB,STB.OL,2022-06-23,76.0,76.08000183105469,73.5199966430664,73.68000030517578,62.59264373779297,1408914
STB,STB.OL,2022-06-24,74.26000213623047,74.37999725341797,72.81999969482422,74.12000274658203,62.966434478759766,903781
STB,STB.OL,2022-06-27,74.87999725341797,75.95999908447266,74.13999938964844,74.33999633789062,63.1533203125,993451
STB,STB.OL,2022-06-28,74.81999969482422,75.9000015258789,74.66000366210938,75.9000015258789,64.47857666015625,994370
STB,STB.OL,2022-06-29,74.63999938964844,74.9800033569336,71.76000213623047,71.9800033569336,61.148468017578125,2159148
STB,STB.OL,2022-06-30,71.0999984741211,71.55999755859375,69.91999816894531,70.0999984741211,59.55136489868164,1535320
STB,STB.OL,2022-07-01,70.23999786376953,71.9800033569336,69.86000061035156,70.31999969482422,59.738250732421875,1193541
STB,STB.OL,2022-07-04,71.19999694824219,71.19999694824219,69.9000015258789,70.0199966430664,59.483394622802734,963777
STB,STB.OL,2022-07-05,70.23999786376953,70.33999633789062,66.80000305175781,67.54000091552734,57.37659454345703,1948479
STB,STB.OL,2022-07-06,67.66000366210938,68.30000305175781,66.73999786376953,67.0,56.9178466796875,1460860
STB,STB.OL,2022-07-07,67.86000061035156,70.23999786376953,67.62000274658203,69.81999969482422,59.31349563598633,1286951
STB,STB.OL,2022-07-08,70.5,71.23999786376953,69.68000030517578,71.0,60.3159294128418,1197864
STB,STB.OL,2022-07-11,70.27999877929688,71.58000183105469,69.66000366210938,70.80000305175781,60.146026611328125,920542
STB,STB.OL,2022-07-12,73.0199966430664,74.08000183105469,71.83999633789062,73.81999969482422,62.71157455444336,2691765
STB,STB.OL,2022-07-13,75.0,75.4800033569336,73.33999633789062,73.91999816894531,62.79652786254883,2129778
STB,STB.OL,2022-07-14,76.66000366210938,77.5199966430664,75.23999786376953,75.69999694824219,64.30867004394531,2037244
STB,STB.OL,2022-07-15,77.19999694824219,77.36000061035156,75.27999877929688,75.5199966430664,64.15576171875,1585721
STB,STB.OL,2022-07-18,76.80000305175781,79.0,76.45999908447266,79.0,67.11209106445312,1657321
STB,STB.OL,2022-07-19,78.54000091552734,79.55999755859375,78.36000061035156,79.33999633789062,67.40092468261719,1451935
STB,STB.OL,2022-07-20,79.94000244140625,80.04000091552734,78.41999816894531,78.66000366210938,66.8232650756836,1042535
STB,STB.OL,2022-07-21,78.68000030517578,79.31999969482422,77.5199966430664,78.54000091552734,66.7213134765625,921205
STB,STB.OL,2022-07-22,79.4000015258789,79.91999816894531,78.66000366210938,79.37999725341797,67.43490600585938,824483
STB,STB.OL,2022-07-25,79.19999694824219,80.36000061035156,79.0,79.54000091552734,67.57083892822266,1222313
STB,STB.OL,2022-07-26,79.5,79.69999694824219,77.30000305175781,77.36000061035156,65.71888732910156,1428396
STB,STB.OL,2022-07-27,78.0,78.69999694824219,77.22000122070312,78.62000274658203,66.78927612304688,754869
STB,STB.OL,2022-07-28,79.33999633789062,79.36000061035156,78.19999694824219,78.23999786376953,66.46644592285156,679458
STB,STB.OL,2022-07-29,79.13999938964844,80.63999938964844,78.87999725341797,80.62000274658203,68.48831939697266,1227883
STB,STB.OL,2022-08-01,80.73999786376953,81.80000305175781,79.68000030517578,80.12000274658203,68.06355285644531,736400
STB,STB.OL,2022-08-02,79.72000122070312,79.95999908447266,79.16000366210938,79.55999755859375,67.58782196044922,676829
STB,STB.OL,2022-08-03,80.0,81.22000122070312,79.44000244140625,80.80000305175781,68.6412353515625,830906
STB,STB.OL,2022-08-04,81.31999969482422,83.26000213623047,81.31999969482422,82.08000183105469,69.7286148071289,1168999
STB,STB.OL,2022-08-05,82.16000366210938,82.66000366210938,81.36000061035156,82.31999969482422,69.93248748779297,841782
STB,STB.OL,2022-08-08,82.73999786376953,83.16000366210938,81.4000015258789,82.55999755859375,70.13638305664062,894877
STB,STB.OL,2022-08-09,82.37999725341797,82.77999877929688,81.73999786376953,81.9000015258789,69.57569885253906,736350
STB,STB.OL,2022-08-10,81.80000305175781,82.5,81.33999633789062,82.13999938964844,69.77958679199219,1009091
STB,STB.OL,2022-08-11,82.86000061035156,83.30000305175781,82.18000030517578,82.5,70.08540344238281,744333
STB,STB.OL,2022-08-12,82.54000091552734,83.87999725341797,82.54000091552734,83.63999938964844,71.05386352539062,714438
STB,STB.OL,2022-08-15,84.0,84.0,82.5,82.5,70.08540344238281,768648
STB,STB.OL,2022-08-16,83.0,83.87999725341797,82.80000305175781,83.44000244140625,70.88396453857422,688312
STB,STB.OL,2022-08-17,83.95999908447266,83.95999908447266,81.94000244140625,82.16000366210938,69.79657745361328,875615
STB,STB.OL,2022-08-18,82.05999755859375,82.5,81.83999633789062,82.30000305175781,69.91551208496094,538336
STB,STB.OL,2022-08-19,81.9000015258789,82.27999877929688,81.18000030517578,81.81999969482422,69.50774383544922,730844
STB,STB.OL,2022-08-22,81.94000244140625,81.94000244140625,79.44000244140625,79.5199966430664,67.55384063720703,996119
STB,STB.OL,2022-08-23,79.5199966430664,80.73999786376953,79.18000030517578,80.73999786376953,68.59025573730469,876244
STB,STB.OL,2022-08-24,80.27999877929688,80.68000030517578,79.33999633789062,79.68000030517578,67.68976593017578,775897
STB,STB.OL,2022-08-25,80.37999725341797,80.87999725341797,80.22000122070312,80.5199966430664,68.40336608886719,1126395
STB,STB.OL,2022-08-26,80.45999908447266,80.81999969482422,79.4800033569336,79.54000091552734,67.57083892822266,675787
STB,STB.OL,2022-08-29,78.36000061035156,79.0199966430664,77.72000122070312,79.0199966430664,67.12907409667969,729218
STB,STB.OL,2022-08-30,79.16000366210938,79.9800033569336,78.80000305175781,79.0999984741211,67.1970443725586,708265
STB,STB.OL,2022-08-31,79.19999694824219,79.87999725341797,78.73999786376953,79.81999969482422,67.80870056152344,1032504
STB,STB.OL,2022-09-01,78.73999786376953,79.5999984741211,78.45999908447266,79.54000091552734,67.57083892822266,965947
STB,STB.OL,2022-09-02,79.68000030517578,80.86000061035156,79.62000274658203,80.41999816894531,68.31840515136719,892986
STB,STB.OL,2022-09-05,79.5,79.73999786376953,78.69999694824219,79.68000030517578,67.68976593017578,802016
STB,STB.OL,2022-09-06,79.63999938964844,79.87999725341797,75.23999786376953,75.69999694824219,64.30867004394531,2027631
STB,STB.OL,2022-09-07,75.4800033569336,76.31999969482422,74.9800033569336,75.41999816894531,64.07080841064453,1429057
STB,STB.OL,2022-09-08,76.45999908447266,77.31999969482422,75.66000366210938,77.31999969482422,65.68489837646484,910952
STB,STB.OL,2022-09-09,77.62000274658203,79.26000213623047,77.31999969482422,79.26000213623047,67.33297729492188,1154367
STB,STB.OL,2022-09-12,79.69999694824219,80.5999984741211,79.33999633789062,80.4000015258789,68.30142974853516,862645
STB,STB.OL,2022-09-13,80.66000366210938,81.30000305175781,79.33999633789062,79.44000244140625,67.48589324951172,1212419
STB,STB.OL,2022-09-14,78.5999984741211,79.45999908447266,77.5999984741211,77.5999984741211,65.9227523803711,1179595
STB,STB.OL,2022-09-15,77.62000274658203,78.33999633789062,77.0,77.18000030517578,65.56597137451172,897746
STB,STB.OL,2022-09-16,76.62000274658203,76.73999786376953,75.55999755859375,75.62000274658203,64.24071502685547,1986570
STB,STB.OL,2022-09-19,75.26000213623047,76.13999938964844,74.4000015258789,75.95999908447266,64.52955627441406,1120712
STB,STB.OL,2022-09-20,76.62000274658203,77.0999984741211,76.23999786376953,76.9800033569336,65.39606475830078,1162752
STB,STB.OL,2022-09-21,76.63999938964844,77.44000244140625,76.27999877929688,76.54000091552734,65.02227783203125,1345010
STB,STB.OL,2022-09-22,75.58000183105469,77.41999816894531,75.36000061035156,77.0199966430664,65.43004608154297,1182477
STB,STB.OL,2022-09-23,77.16000366210938,77.16000366210938,75.08000183105469,76.04000091552734,64.5975112915039,1701839
STB,STB.OL,2022-09-26,75.4800033569336,76.68000030517578,75.16000366210938,76.45999908447266,64.9543228149414,1558628
STB,STB.OL,2022-09-27,76.4000015258789,76.77999877929688,75.31999969482422,75.31999969482422,63.985862731933594,1011202
STB,STB.OL,2022-09-28,74.5,74.73999786376953,70.69999694824219,72.44000244140625,61.53924560546875,2245860
STB,STB.OL,2022-09-29,73.63999938964844,74.69999694824219,72.54000091552734,72.9000015258789,61.930023193359375,1937057
STB,STB.OL,2022-09-30,74.08000183105469,75.69999694824219,73.68000030517578,75.45999908447266,64.10479736328125,1977772
STB,STB.OL,2022-10-03,75.45999908447266,75.95999908447266,73.5999984741211,75.63999938964844,64.2577133178711,1079795
STB,STB.OL,2022-10-04,76.69999694824219,77.95999908447266,76.54000091552734,77.72000122070312,66.02471160888672,1208466
STB,STB.OL,2022-10-05,78.13999938964844,78.4800033569336,76.77999877929688,77.08000183105469,65.48101806640625,1079590
STB,STB.OL,2022-10-06,77.86000061035156,77.86000061035156,74.37999725341797,74.4000015258789,63.204307556152344,1779445
STB,STB.OL,2022-10-07,73.0,73.13999938964844,70.33999633789062,71.0,60.3159294128418,2793184
STB,STB.OL,2022-10-10,70.0,72.08000183105469,69.91999816894531,71.91999816894531,61.09748840332031,1129555
STB,STB.OL,2022-10-11,71.36000061035156,71.87999725341797,70.55999755859375,71.62000274658203,60.84263610839844,1273620
STB,STB.OL,2022-10-12,71.76000213623047,72.05999755859375,70.41999816894531,71.54000091552734,60.77467346191406,1315994
STB,STB.OL,2022-10-13,71.23999786376953,72.54000091552734,70.77999877929688,71.66000366210938,60.87662124633789,1013786
STB,STB.OL,2022-10-14,73.27999877929688,74.08000183105469,72.26000213623047,72.26000213623047,61.386329650878906,1088681
STB,STB.OL,2022-10-17,72.33999633789062,73.95999908447266,72.22000122070312,73.62000274658203,62.54167938232422,916024
STB,STB.OL,2022-10-18,74.23999786376953,76.08000183105469,74.13999938964844,75.86000061035156,64.44459533691406,1198024
STB,STB.OL,2022-10-19,76.19999694824219,76.5999984741211,74.76000213623047,75.18000030517578,63.8669319152832,998153
STB,STB.OL,2022-10-20,74.63999938964844,75.5999984741211,73.9000015258789,75.31999969482422,63.985862731933594,778794
STB,STB.OL,2022-10-21,74.66000366210938,75.04000091552734,73.5,74.54000091552734,63.323238372802734,675117
STB,STB.OL,2022-10-24,74.62000274658203,76.44000244140625,74.4800033569336,76.05999755859375,64.614501953125,907310
STB,STB.OL,2022-10-25,76.4000015258789,76.63999938964844,74.4800033569336,76.12000274658203,64.66548156738281,847567
STB,STB.OL,2022-10-26,74.33999633789062,76.5999984741211,72.5999984741211,75.5,64.13877868652344,1897282
STB,STB.OL,2022-10-27,76.68000030517578,78.58000183105469,76.41999816894531,78.58000183105469,66.75529479980469,1442540
STB,STB.OL,2022-10-28,77.80000305175781,80.0,77.44000244140625,79.86000061035156,67.84268188476562,2291213
STB,STB.OL,2022-10-31,81.0,81.80000305175781,80.18000030517578,80.80000305175781,68.6412353515625,1671714
STB,STB.OL,2022-11-01,81.41999816894531,82.26000213623047,80.77999877929688,81.23999786376953,69.0150146484375,1012250
STB,STB.OL,2022-11-02,81.69999694824219,81.69999694824219,79.19999694824219,79.55999755859375,67.58782196044922,791988
STB,STB.OL,2022-11-03,79.0,80.66000366210938,78.5199966430664,80.0199966430664,67.97859954833984,911747
STB,STB.OL,2022-11-04,80.63999938964844,80.94000244140625,79.80000305175781,80.86000061035156,68.69220733642578,653143
STB,STB.OL,2022-11-07,80.68000030517578,82.0199966430664,80.44000244140625,81.62000274658203,69.33783721923828,556887
STB,STB.OL,2022-11-08,81.4000015258789,82.68000030517578,81.22000122070312,82.5199966430664,70.10240173339844,942595
STB,STB.OL,2022-11-09,82.68000030517578,82.83999633789062,81.69999694824219,82.76000213623047,70.30628967285156,573870
STB,STB.OL,2022-11-10,82.05999755859375,83.95999908447266,81.83999633789062,83.95999908447266,71.32571411132812,725988
STB,STB.OL,2022-11-11,84.55999755859375,86.26000213623047,84.27999877929688,85.83999633789062,72.92280578613281,1103957
STB,STB.OL,2022-11-14,86.0,86.22000122070312,84.83999633789062,86.19999694824219,73.22863006591797,572453
STB,STB.OL,2022-11-15,86.0,86.95999908447266,85.87999725341797,86.30000305175781,73.31358337402344,807903
STB,STB.OL,2022-11-16,86.45999908447266,86.5199966430664,85.86000061035156,86.22000122070312,73.24563598632812,499354
STB,STB.OL,2022-11-17,86.4800033569336,86.76000213623047,85.68000030517578,86.37999725341797,73.38154602050781,810503
STB,STB.OL,2022-11-18,86.0,87.94000244140625,86.0,87.0,73.90825653076172,857949
STB,STB.OL,2022-11-21,87.0,87.16000366210938,86.0,86.19999694824219,73.22863006591797,464199
STB,STB.OL,2022-11-22,86.0999984741211,88.27999877929688,86.0999984741211,87.73999786376953,74.53689575195312,682456
STB,STB.OL,2022-11-23,88.23999786376953,88.76000213623047,87.95999908447266,88.27999877929688,74.99563598632812,745242
STB,STB.OL,2022-11-24,88.30000305175781,88.68000030517578,88.04000091552734,88.58000183105469,75.25050354003906,440017
STB,STB.OL,2022-11-25,88.5,88.68000030517578,88.12000274658203,88.37999725341797,75.0805892944336,403805
STB,STB.OL,2022-11-28,88.0999984741211,88.0999984741211,86.16000366210938,86.55999755859375,73.53446197509766,758205
STB,STB.OL,2022-11-29,86.81999969482422,88.5999984741211,86.26000213623047,88.22000122070312,74.94467163085938,945973
STB,STB.OL,2022-11-30,88.19999694824219,88.72000122070312,87.16000366210938,87.68000030517578,74.48592376708984,871533
STB,STB.OL,2022-12-01,88.16000366210938,88.55999755859375,87.16000366210938,88.05999755859375,74.80874633789062,564394
STB,STB.OL,2022-12-02,88.0,88.31999969482422,87.19999694824219,88.19999694824219,74.92767333984375,781238
STB,STB.OL,2022-12-05,88.19999694824219,88.5199966430664,87.33999633789062,87.33999633789062,74.19709014892578,995527
STB,STB.OL,2022-12-06,87.27999877929688,87.91999816894531,86.5199966430664,87.5199966430664,74.3499984741211,934393
STB,STB.OL,2022-12-07,87.4000015258789,87.4000015258789,85.22000122070312,85.63999938964844,72.7529067993164,1039112
STB,STB.OL,2022-12-08,85.73999786376953,87.12000274658203,84.45999908447266,84.68000030517578,71.93737030029297,1346096
STB,STB.OL,2022-12-09,85.72000122070312,86.18000030517578,84.63999938964844,85.33999633789062,72.498046875,868237
STB,STB.OL,2022-12-12,85.33999633789062,85.4800033569336,83.72000122070312,84.30000305175781,71.61455535888672,755353
STB,STB.OL,2022-12-13,85.9800033569336,86.55999755859375,85.33999633789062,85.91999816894531,72.99076843261719,1319696
STB,STB.OL,2022-12-14,86.0,86.45999908447266,85.58000183105469,86.4000015258789,73.39854431152344,961177
STB,STB.OL,2022-12-15,86.0,86.04000091552734,83.5,83.5,70.93492889404297,4939032
STB,STB.OL,2022-12-16,83.5,84.04000091552734,82.27999877929688,83.5,70.93492889404297,1393283
STB,STB.OL,2022-12-19,83.81999969482422,84.27999877929688,83.5,83.86000061035156,71.24076080322266,1246460
STB,STB.OL,2022-12-20,83.86000061035156,83.86000061035156,82.33999633789062,83.5999984741211,71.01988220214844,1020104
STB,STB.OL,2022-12-21,83.77999877929688,84.86000061035156,83.5999984741211,84.86000061035156,72.09028625488281,1034124
STB,STB.OL,2022-12-22,85.23999786376953,85.63999938964844,84.19999694824219,84.19999694824219,71.52959442138672,535548
STB,STB.OL,2022-12-23,84.66000366210938,85.26000213623047,84.23999786376953,84.94000244140625,72.15824890136719,468023
STB,STB.OL,2022-12-27,85.0,85.5999984741211,84.83999633789062,85.36000061035156,72.51504516601562,446434
STB,STB.OL,2022-12-28,85.36000061035156,85.5199966430664,84.76000213623047,84.87999725341797,72.10726928710938,457892
STB,STB.OL,2022-12-29,84.58000183105469,85.76000213623047,84.0999984741211,85.63999938964844,72.7529067993164,524616
STB,STB.OL,2022-12-30,85.55999755859375,85.73999786376953,85.0199966430664,85.4000015258789,72.54902648925781,531672
STB,STB.OL,2023-01-02,85.62000274658203,85.9800033569336,84.94000244140625,85.23999786376953,72.41310119628906,466536
STB,STB.OL,2023-01-03,85.19999694824219,86.36000061035156,85.19999694824219,86.16000366210938,73.19465637207031,751270
STB,STB.OL,2023-01-04,86.0,87.0999984741211,85.77999877929688,87.0999984741211,73.99320220947266,708889
STB,STB.OL,2023-01-05,87.12000274658203,87.37999725341797,86.0199966430664,86.0199966430664,73.07571411132812,838947
STB,STB.OL,2023-01-06,84.63999938964844,85.62000274658203,82.5199966430664,84.0999984741211,71.44464111328125,1830639
STB,STB.OL,2023-01-09,84.69999694824219,84.73999786376953,83.91999816894531,84.22000122070312,71.54658508300781,1208938
STB,STB.OL,2023-01-10,83.5999984741211,84.26000213623047,83.08000183105469,83.22000122070312,70.69706726074219,845816
STB,STB.OL,2023-01-11,83.30000305175781,84.55999755859375,83.13999938964844,84.54000091552734,71.81843566894531,925685
STB,STB.OL,2023-01-12,84.9000015258789,85.87999725341797,84.66000366210938,85.87999725341797,72.95679473876953,1055438
STB,STB.OL,2023-01-13,86.0,86.4000015258789,85.55999755859375,85.9800033569336,73.04174041748047,1027096
STB,STB.OL,2023-01-16,86.26000213623047,86.63999938964844,85.76000213623047,86.58000183105469,73.55145263671875,619741
STB,STB.OL,2023-01-17,86.5999984741211,86.73999786376953,84.58000183105469,84.58000183105469,71.8524169921875,963040
STB,STB.OL,2023-01-18,84.5999984741211,85.0,84.19999694824219,85.0,72.20921325683594,807466
STB,STB.OL,2023-01-19,84.27999877929688,84.95999908447266,84.12000274658203,84.66000366210938,71.92037963867188,652989
STB,STB.OL,2023-01-20,85.37999725341797,86.45999908447266,85.23999786376953,85.86000061035156,72.93981170654297,603575
STB,STB.OL,2023-01-23,86.4000015258789,86.83999633789062,86.22000122070312,86.33999633789062,73.34756469726562,885573
STB,STB.OL,2023-01-24,86.55999755859375,86.69999694824219,86.0199966430664,86.23999786376953,73.26261901855469,472313
STB,STB.OL,2023-01-25,86.80000305175781,86.9000015258789,86.08000183105469,86.87999725341797,73.80631256103516,607789
STB,STB.OL,2023-01-26,87.55999755859375,88.23999786376953,87.0,87.73999786376953,74.53689575195312,578733
STB,STB.OL,2023-01-27,88.0,88.0999984741211,87.31999969482422,88.05999755859375,74.80874633789062,470294
STB,STB.OL,2023-01-30,87.83999633789062,88.26000213623047,87.54000091552734,87.86000061035156,74.63883972167969,593274
STB,STB.OL,2023-01-31,87.9000015258789,88.23999786376953,85.91999816894531,86.44000244140625,73.4325180053711,1059607
STB,STB.OL,2023-02-01,86.81999969482422,87.0999984741211,86.0,86.86000061035156,73.7893295288086,765061
STB,STB.OL,2023-02-02,87.30000305175781,88.23999786376953,87.0999984741211,88.19999694824219,74.92767333984375,2021050
STB,STB.OL,2023-02-03,87.86000061035156,88.26000213623047,87.45999908447266,87.80000305175781,74.58787536621094,542320
STB,STB.OL,2023-02-06,87.63999938964844,88.05999755859375,86.77999877929688,87.9000015258789,74.67282104492188,829517
STB,STB.OL,2023-02-07,88.0,88.0,86.58000183105469,86.87999725341797,73.80631256103516,808633
STB,STB.OL,2023-02-08,86.04000091552734,88.45999908447266,85.36000061035156,87.69999694824219,74.50291442871094,1350840
STB,STB.OL,2023-02-09,88.0,88.13999938964844,85.26000213623047,85.26000213623047,72.43009948730469,1091063
STB,STB.OL,2023-02-10,85.0,85.62000274658203,84.0,85.54000091552734,72.66796112060547,777733
STB,STB.OL,2023-02-13,85.77999877929688,85.80000305175781,84.63999938964844,84.9800033569336,72.19223022460938,1929083
STB,STB.OL,2023-02-14,84.83999633789062,85.45999908447266,84.76000213623047,85.0199966430664,72.2261962890625,657132
STB,STB.OL,2023-02-15,84.69999694824219,85.45999908447266,84.54000091552734,85.27999877929688,72.44708251953125,429555
STB,STB.OL,2023-02-16,85.4800033569336,85.5199966430664,84.0999984741211,84.4000015258789,71.69950103759766,710993
STB,STB.OL,2023-02-17,84.13999938964844,84.36000061035156,83.63999938964844,84.0,71.35969543457031,553054
STB,STB.OL,2023-02-20,84.0999984741211,84.5999984741211,84.0,84.37999725341797,71.68250274658203,339548
STB,STB.OL,2023-02-21,84.31999969482422,84.31999969482422,83.22000122070312,83.45999908447266,70.90094757080078,553968
STB,STB.OL,2023-02-22,83.30000305175781,83.45999908447266,82.5999984741211,83.45999908447266,70.90094757080078,567383
STB,STB.OL,2023-02-23,83.45999908447266,84.23999786376953,83.16000366210938,83.9800033569336,71.34271240234375,663988
STB,STB.OL,2023-02-24,84.0,84.23999786376953,82.9800033569336,83.4000015258789,70.84998321533203,532412
STB,STB.OL,2023-02-27,83.41999816894531,85.63999938964844,83.41999816894531,85.33999633789062,72.498046875,842815
STB,STB.OL,2023-02-28,84.86000061035156,86.0,84.73999786376953,86.0,73.05873107910156,926931
STB,STB.OL,2023-03-01,85.9800033569336,87.41999816894531,85.9000015258789,87.12000274658203,74.01020050048828,984804
STB,STB.OL,2023-03-02,86.5,87.81999969482422,86.4000015258789,87.41999816894531,74.26505279541016,550734
STB,STB.OL,2023-03-03,87.5199966430664,87.68000030517578,86.72000122070312,87.13999938964844,74.02719116210938,531530
STB,STB.OL,2023-03-06,87.12000274658203,87.26000213623047,86.5999984741211,87.18000030517578,74.06116485595703,563541
STB,STB.OL,2023-03-07,86.94000244140625,87.04000091552734,85.86000061035156,86.27999877929688,73.29659271240234,631044
STB,STB.OL,2023-03-08,85.41999816894531,86.19999694824219,85.13999938964844,85.72000122070312,72.82087707519531,994998
STB,STB.OL,2023-03-09,85.4000015258789,85.55999755859375,84.33999633789062,84.33999633789062,71.6485366821289,835426
STB,STB.OL,2023-03-10,83.0999984741211,83.87999725341797,81.91999816894531,83.36000061035156,70.81600189208984,1326300
STB,STB.OL,2023-03-13,83.4000015258789,83.66000366210938,79.41999816894531,79.63999938964844,67.6557846069336,1872445
STB,STB.OL,2023-03-14,79.5999984741211,80.26000213623047,78.4000015258789,79.87999725341797,67.85966491699219,1737205
STB,STB.OL,2023-03-15,79.91999816894531,79.91999816894531,76.0199966430664,76.72000122070312,65.17518615722656,2196984
STB,STB.OL,2023-03-16,77.23999786376953,77.81999969482422,74.91999816894531,76.45999908447266,64.9543228149414,2175563
STB,STB.OL,2023-03-17,77.23999786376953,78.30000305175781,75.4800033569336,75.4800033569336,64.12178802490234,2077895
STB,STB.OL,2023-03-20,74.23999786376953,76.45999908447266,72.5999984741211,76.45999908447266,64.9543228149414,2073966
STB,STB.OL,2023-03-21,77.04000091552734,78.12000274658203,76.80000305175781,77.55999755859375,65.88878631591797,1028321
STB,STB.OL,2023-03-22,77.62000274658203,78.0999984741211,77.04000091552734,77.19999694824219,65.58296203613281,597521
STB,STB.OL,2023-03-23,76.5999984741211,76.87999725341797,74.69999694824219,76.04000091552734,64.5975112915039,1065378
STB,STB.OL,2023-03-24,76.0,76.0,73.36000061035156,73.36000061035156,62.320796966552734,1452087
STB,STB.OL,2023-03-27,74.30000305175781,75.04000091552734,73.87999725341797,74.33999633789062,63.1533203125,760261
STB,STB.OL,2023-03-28,75.08000183105469,75.45999908447266,73.4000015258789,74.0,62.8644905090332,615877
STB,STB.OL,2023-03-29,76.04000091552734,77.12000274658203,75.31999969482422,76.80000305175781,65.24314880371094,1787966
STB,STB.OL,2023-03-30,77.26000213623047,78.86000061035156,77.19999694824219,78.63999938964844,66.80626678466797,1493300
STB,STB.OL,2023-03-31,80.04000091552734,80.83999633789062,78.9800033569336,80.31999969482422,68.23345947265625,1862024
STB,STB.OL,2023-04-03,80.87999725341797,81.81999969482422,80.31999969482422,81.16000366210938,68.94706726074219,961533
STB,STB.OL,2023-04-04,81.77999877929688,82.5199966430664,81.08000183105469,81.08000183105469,68.87909698486328,705595
STB,STB.OL,2023-04-05,81.0999984741211,81.87999725341797,80.72000122070312,81.87999725341797,69.55870819091797,379951
STB,STB.OL,2023-04-11,82.76000213623047,83.16000366210938,82.4000015258789,83.0999984741211,70.59512329101562,855666
STB,STB.OL,2023-04-12,83.0999984741211,83.44000244140625,82.80000305175781,82.80000305175781,70.34027099609375,1604365
STB,STB.OL,2023-04-13,82.86000061035156,83.9000015258789,82.80000305175781,79.54000091552734,67.57083892822266,1098229
STB,STB.OL,2023-04-14,80.26000213623047,81.41999816894531,80.12000274658203,81.0,72.16822052001953,947348
STB,STB.OL,2023-04-17,81.69999694824219,81.9000015258789,79.94000244140625,80.12000274658203,71.38417053222656,819051
STB,STB.OL,2023-04-18,80.44000244140625,80.69999694824219,80.04000091552734,80.5999984741211,71.81182861328125,772159
STB,STB.OL,2023-04-19,80.80000305175781,81.26000213623047,80.36000061035156,81.23999786376953,72.38204956054688,690066
STB,STB.OL,2023-04-20,81.04000091552734,81.9000015258789,80.86000061035156,80.9800033569336,72.15040588378906,493440
STB,STB.OL,2023-04-21,80.72000122070312,81.08000183105469,80.0,80.4000015258789,71.6336441040039,619372
STB,STB.OL,2023-04-24,80.33999633789062,80.33999633789062,79.73999786376953,80.33999633789062,71.5801773071289,403016
STB,STB.OL,2023-04-25,80.0,80.41999816894531,79.4800033569336,80.31999969482422,71.56236267089844,772882
STB,STB.OL,2023-04-26,80.30000305175781,80.69999694824219,79.4800033569336,80.19999694824219,71.4554443359375,743032
STB,STB.OL,2023-04-27,80.5,80.72000122070312,79.80000305175781,80.72000122070312,71.91875457763672,775626
STB,STB.OL,2023-04-28,81.0199966430664,82.05999755859375,80.41999816894531,82.04000091552734,73.09481811523438,822537
STB,STB.OL,2023-05-02,82.0,82.13999938964844,80.54000091552734,80.5999984741211,71.81182861328125,786812
STB,STB.OL,2023-05-03,80.4000015258789,81.04000091552734,80.04000091552734,80.81999969482422,72.00784301757812,651970
STB,STB.OL,2023-05-04,80.69999694824219,80.69999694824219,79.69999694824219,80.0199966430664,71.2950668334961,981612
STB,STB.OL,2023-05-05,80.41999816894531,80.5999984741211,79.69999694824219,80.37999725341797,71.6158218383789,1227564
STB,STB.OL,2023-05-08,81.0,81.36000061035156,80.69999694824219,80.87999725341797,72.0613021850586,594715
STB,STB.OL,2023-05-09,81.0,81.4800033569336,80.4000015258789,81.26000213623047,72.39987182617188,793468
STB,STB.OL,2023-05-10,78.13999938964844,80.0999984741211,76.80000305175781,79.26000213623047,70.6179428100586,2868873
STB,STB.OL,2023-05-11,79.27999877929688,79.95999908447266,78.5999984741211,79.41999816894531,70.76049041748047,1155830
STB,STB.OL,2023-05-12,79.18000030517578,81.5199966430664,78.87999725341797,80.23999786376953,71.4910888671875,1601287
STB,STB.OL,2023-05-15,80.26000213623047,80.91999816894531,80.16000366210938,80.5999984741211,71.81182861328125,896572
STB,STB.OL,2023-05-16,80.66000366210938,80.9800033569336,79.76000213623047,79.76000213623047,71.06342315673828,867342
STB,STB.OL,2023-05-19,80.33999633789062,81.19999694824219,80.33999633789062,81.08000183105469,72.23949432373047,703918
STB,STB.OL,2023-05-22,80.87999725341797,81.30000305175781,80.72000122070312,81.30000305175781,72.43551635742188,762302
STB,STB.OL,2023-05-23,81.5,82.30000305175781,81.31999969482422,82.30000305175781,73.32647705078125,1029131
STB,STB.OL,2023-05-24,82.30000305175781,82.30000305175781,80.19999694824219,80.19999694824219,71.4554443359375,916963
STB,STB.OL,2023-05-25,80.44000244140625,80.95999908447266,79.69999694824219,80.62000274658203,71.82965087890625,858889
STB,STB.OL,2023-05-26,81.08000183105469,81.08000183105469,80.0,80.5999984741211,71.81182861328125,897142
STB,STB.OL,2023-05-30,80.9000015258789,82.23999786376953,80.9000015258789,81.9000015258789,72.97008514404297,824386
STB,STB.OL,2023-05-31,81.45999908447266,81.95999908447266,80.19999694824219,80.19999694824219,71.4554443359375,1793524
STB,STB.OL,2023-06-01,80.41999816894531,80.86000061035156,80.19999694824219,80.63999938964844,71.84747314453125,673195
STB,STB.OL,2023-06-02,81.26000213623047,82.87999725341797,81.19999694824219,82.87999725341797,73.84323120117188,1247023
STB,STB.OL,2023-06-05,83.44000244140625,83.63999938964844,83.0999984741211,83.41999816894531,74.32434844970703,1495301
STB,STB.OL,2023-06-06,81.5,82.45999908447266,81.41999816894531,81.66000366210938,72.75625610351562,1564438
STB,STB.OL,2023-06-07,81.69999694824219,82.4000015258789,81.5999984741211,82.19999694824219,73.23737335205078,1214064
STB,STB.OL,2023-06-08,82.62000274658203,82.94000244140625,82.08000183105469,82.5,73.5046615600586,884254
STB,STB.OL,2023-06-09,82.5999984741211,82.73999786376953,82.31999969482422,82.5,73.5046615600586,788696
STB,STB.OL,2023-06-12,82.95999908447266,83.0,81.5199966430664,81.62000274658203,72.72061920166016,963588
STB,STB.OL,2023-06-13,81.69999694824219,81.76000213623047,80.73999786376953,81.31999969482422,72.45333099365234,820433
STB,STB.OL,2023-06-14,81.37999725341797,82.16000366210938,81.0999984741211,81.19999694824219,72.3464126586914,1180103
STB,STB.OL,2023-06-15,80.87999725341797,81.19999694824219,80.5,80.87999725341797,72.0613021850586,702056
STB,STB.OL,2023-06-16,81.5,81.76000213623047,80.87999725341797,81.62000274658203,72.72061920166016,1160527
STB,STB.OL,2023-06-19,81.36000061035156,81.9000015258789,80.86000061035156,81.68000030517578,72.77407836914062,933308
STB,STB.OL,2023-06-20,81.58000183105469,82.27999877929688,81.4000015258789,82.0999984741211,73.14827728271484,809777
STB,STB.OL,2023-06-21,82.5,82.5999984741211,81.94000244140625,82.08000183105469,73.13046264648438,1002073
STB,STB.OL,2023-06-22,81.30000305175781,81.86000061035156,80.86000061035156,81.68000030517578,72.77407836914062,781046
STB,STB.OL,2023-06-23,81.4000015258789,81.69999694824219,81.0999984741211,81.4000015258789,72.52460479736328,736637
STB,STB.OL,2023-06-26,81.5999984741211,82.33999633789062,80.66000366210938,82.26000213623047,73.29083251953125,821520
STB,STB.OL,2023-06-27,82.33999633789062,82.63999938964844,81.69999694824219,82.4800033569336,73.48684692382812,678382
STB,STB.OL,2023-06-28,82.80000305175781,83.30000305175781,82.76000213623047,83.0,73.95014953613281,661985
STB,STB.OL,2023-06-29,83.13999938964844,83.58000183105469,82.54000091552734,83.31999969482422,74.23526000976562,586340
STB,STB.OL,2023-06-30,83.68000030517578,84.0199966430664,83.5,83.66000366210938,74.53819274902344,628254
STB,STB.OL,2023-07-03,83.9000015258789,84.54000091552734,83.55999755859375,83.77999877929688,74.64510345458984,556939
STB,STB.OL,2023-07-04,84.04000091552734,85.30000305175781,84.04000091552734,85.27999877929688,75.98155212402344,968598
STB,STB.OL,2023-07-05,84.73999786376953,84.87999725341797,84.0199966430664,84.36000061035156,75.16185760498047,582085
STB,STB.OL,2023-07-06,84.5,84.5,83.5199966430664,83.58000183105469,74.46691131591797,369494
STB,STB.OL,2023-07-07,83.5,84.18000030517578,83.16000366210938,83.9800033569336,74.82330322265625,456819
STB,STB.OL,2023-07-10,84.08000183105469,85.0,83.83999633789062,84.9800033569336,75.71427154541016,541365
STB,STB.OL,2023-07-11,85.0199966430664,86.19999694824219,84.41999816894531,86.19999694824219,76.80123138427734,917132
STB,STB.OL,2023-07-12,86.9800033569336,87.86000061035156,86.83999633789062,87.36000061035156,77.83475494384766,1116968
STB,STB.OL,2023-07-13,87.30000305175781,87.9000015258789,87.04000091552734,87.66000366210938,78.10205841064453,998352
STB,STB.OL,2023-07-14,86.80000305175781,87.0,85.37999725341797,85.73999786376953,76.39139556884766,1186670
STB,STB.OL,2023-07-17,85.5,86.37999725341797,85.04000091552734,86.08000183105469,76.69432830810547,764212
STB,STB.OL,2023-07-18,86.30000305175781,86.55999755859375,85.81999969482422,86.22000122070312,76.81906127929688,559611
STB,STB.OL,2023-07-19,86.69999694824219,87.69999694824219,86.68000030517578,86.9800033569336,77.4961929321289,871789
STB,STB.OL,2023-07-20,86.68000030517578,87.86000061035156,86.5199966430664,87.5199966430664,77.97731018066406,899502
STB,STB.OL,2023-07-21,87.73999786376953,87.87999725341797,87.31999969482422,87.5999984741211,78.04859161376953,471438
STB,STB.OL,2023-07-24,87.5199966430664,88.0,87.23999786376953,88.0,78.40497589111328,404375
STB,STB.OL,2023-07-25,88.23999786376953,88.68000030517578,87.9800033569336,88.41999816894531,78.77918243408203,564856
STB,STB.OL,2023-07-26,88.66000366210938,88.66000366210938,87.80000305175781,88.5199966430664,78.86827850341797,661922
STB,STB.OL,2023-07-27,89.0199966430664,89.23999786376953,88.44000244140625,88.87999725341797,79.18902587890625,567037
STB,STB.OL,2023-07-28,88.83999633789062,89.27999877929688,88.30000305175781,88.36000061035156,78.72572326660156,498968
STB,STB.OL,2023-07-31,88.66000366210938,89.12000274658203,88.33999633789062,88.63999938964844,78.9751968383789,637729
STB,STB.OL,2023-08-01,88.5,88.55999755859375,87.80000305175781,88.37999725341797,78.74354553222656,448885
STB,STB.OL,2023-08-02,87.87999725341797,87.87999725341797,86.80000305175781,86.87999725341797,77.40709686279297,614563
STB,STB.OL,2023-08-03,86.55999755859375,87.0199966430664,86.31999969482422,86.5999984741211,77.15762329101562,802010
STB,STB.OL,2023-08-04,87.0,87.54000091552734,86.86000061035156,87.27999877929688,77.76348114013672,747298
STB,STB.OL,2023-08-07,87.0,87.63999938964844,86.9000015258789,87.54000091552734,77.99513244628906,359616
STB,STB.OL,2023-08-08,87.19999694824219,88.18000030517578,86.45999908447266,86.45999908447266,77.03288269042969,607666
STB,STB.OL,2023-08-09,87.16000366210938,87.4800033569336,86.9800033569336,87.37999725341797,77.85256958007812,820357
STB,STB.OL,2023-08-10,87.19999694824219,88.16000366210938,87.05999755859375,87.69999694824219,78.13768005371094,535863
STB,STB.OL,2023-08-11,87.4000015258789,87.69999694824219,86.95999908447266,87.27999877929688,77.76348114013672,551171
STB,STB.OL,2023-08-14,87.18000030517578,87.69999694824219,86.69999694824219,87.23999786376953,77.72783660888672,380613
STB,STB.OL,2023-08-15,87.37999725341797,87.54000091552734,86.44000244140625,86.45999908447266,77.03288269042969,728043
STB,STB.OL,2023-08-16,86.30000305175781,87.0999984741211,85.95999908447266,86.9000015258789,77.42491149902344,611114
STB,STB.OL,2023-08-17,86.5999984741211,87.0999984741211,86.0199966430664,86.33999633789062,76.92597198486328,693964
STB,STB.OL,2023-08-18,86.0,86.45999908447266,84.81999969482422,85.0999984741211,75.82118225097656,950326
STB,STB.OL,2023-08-21,85.13999938964844,85.72000122070312,84.31999969482422,84.5999984741211,75.37569427490234,693205
STB,STB.OL,2023-08-22,84.9800033569336,85.76000213623047,84.54000091552734,84.58000183105469,75.35787963867188,608382
STB,STB.OL,2023-08-23,84.55999755859375,85.18000030517578,84.33999633789062,84.73999786376953,75.50042724609375,1102389
STB,STB.OL,2023-08-24,83.9000015258789,84.5199966430664,83.69999694824219,84.0,74.84111785888672,1050979
STB,STB.OL,2023-08-25,83.80000305175781,84.44000244140625,83.54000091552734,83.5999984741211,74.48472595214844,862445
STB,STB.OL,2023-08-28,84.0,84.63999938964844,83.9800033569336,84.45999908447266,75.25096130371094,356520
STB,STB.OL,2023-08-29,84.58000183105469,84.87999725341797,84.30000305175781,84.54000091552734,75.32223510742188,515877
STB,STB.OL,2023-08-30,84.54000091552734,85.4800033569336,84.54000091552734,84.81999969482422,75.57170867919922,563655
STB,STB.OL,2023-08-31,85.05999755859375,85.5,84.81999969482422,85.4000015258789,76.08847045898438,778945
STB,STB.OL,2023-09-01,85.12000274658203,85.76000213623047,85.0199966430664,85.76000213623047,76.40922546386719,486755
STB,STB.OL,2023-09-04,85.9800033569336,86.55999755859375,84.41999816894531,84.94000244140625,75.67862701416016,1114984
STB,STB.OL,2023-09-05,84.5,85.33999633789062,84.31999969482422,84.94000244140625,75.67862701416016,933874
STB,STB.OL,2023-09-06,84.80000305175781,84.9800033569336,83.5999984741211,84.36000061035156,75.16185760498047,628390
STB,STB.OL,2023-09-07,84.26000213623047,84.87999725341797,83.83999633789062,84.04000091552734,74.87675476074219,729644
STB,STB.OL,2023-09-08,84.0,84.22000122070312,83.5,83.87999725341797,74.73419952392578,558987
STB,STB.OL,2023-09-11,84.0,85.30000305175781,84.0,84.63999938964844,75.41133880615234,559168
STB,STB.OL,2023-09-12,84.81999969482422,85.62000274658203,84.81999969482422,84.94000244140625,75.67862701416016,613867
STB,STB.OL,2023-09-13,84.94000244140625,85.30000305175781,84.77999877929688,85.19999694824219,75.91027069091797,451092
STB,STB.OL,2023-09-14,85.45999908447266,86.26000213623047,85.30000305175781,86.13999938964844,76.7477798461914,658270
STB,STB.OL,2023-09-15,86.5999984741211,87.0999984741211,86.45999908447266,86.9000015258789,77.42491149902344,2525692
STB,STB.OL,2023-09-18,86.76000213623047,87.13999938964844,86.18000030517578,86.31999969482422,76.90814971923828,467803
STB,STB.OL,2023-09-19,86.69999694824219,86.73999786376953,85.9000015258789,86.04000091552734,76.65868377685547,547860
STB,STB.OL,2023-09-20,86.0999984741211,86.83999633789062,85.86000061035156,86.5,77.06852722167969,517490
STB,STB.OL,2023-09-21,86.36000061035156,87.5,86.36000061035156,87.31999969482422,77.79911804199219,725757
STB,STB.OL,2023-09-22,86.5999984741211,87.26000213623047,85.66000366210938,87.26000213623047,77.74566650390625,699306
STB,STB.OL,2023-09-25,86.86000061035156,87.5999984741211,86.36000061035156,86.95999908447266,77.4783706665039,444499
STB,STB.OL,2023-09-26,86.58000183105469,87.30000305175781,86.04000091552734,87.0,77.5140151977539,760010
STB,STB.OL,2023-09-27,87.0,87.05999755859375,85.69999694824219,86.12000274658203,76.7299575805664,746754
STB,STB.OL,2023-09-28,86.08000183105469,86.5,85.4800033569336,86.4800033569336,77.05071258544922,505975
STB,STB.OL,2023-09-29,86.77999877929688,87.77999877929688,86.73999786376953,87.16000366210938,77.65657043457031,890229
STB,STB.OL,2023-10-02,87.22000122070312,87.9000015258789,84.91999816894531,85.19999694824219,75.91027069091797,1359504
STB,STB.OL,2023-10-03,83.5,84.9000015258789,82.91999816894531,82.91999816894531,73.87886810302734,1729829
STB,STB.OL,2023-10-04,82.69999694824219,83.91999816894531,82.5,83.04000091552734,73.98578643798828,772126
STB,STB.OL,2023-10-05,83.13999938964844,84.58000183105469,82.95999908447266,84.44000244140625,75.23314666748047,711886
STB,STB.OL,2023-10-06,84.44000244140625,85.91999816894531,84.44000244140625,85.31999969482422,76.0171890258789,928853
STB,STB.OL,2023-10-09,84.30000305175781,85.5999984741211,84.30000305175781,84.44000244140625,75.23314666748047,846873
STB,STB.OL,2023-10-10,84.86000061035156,85.80000305175781,84.86000061035156,85.22000122070312,75.92809295654297,782665
STB,STB.OL,2023-10-11,85.08000183105469,85.76000213623047,84.94000244140625,85.76000213623047,76.40922546386719,629671
STB,STB.OL,2023-10-12,86.0,86.5199966430664,85.76000213623047,85.95999908447266,76.58740234375,648650
STB,STB.OL,2023-10-13,85.5199966430664,85.9000015258789,85.0199966430664,85.37999725341797,76.07064819335938,568862
STB,STB.OL,2023-10-16,85.37999725341797,85.77999877929688,85.04000091552734,85.76000213623047,76.40922546386719,728821
STB,STB.OL,2023-10-17,85.73999786376953,85.73999786376953,84.83999633789062,85.0,75.7320785522461,628295
STB,STB.OL,2023-10-18,85.0999984741211,85.77999877929688,85.0999984741211,85.63999938964844,76.30229949951172,457310
STB,STB.OL,2023-10-19,85.0,85.0999984741211,84.0999984741211,84.23999786376953,75.05494689941406,529735
STB,STB.OL,2023-10-20,83.63999938964844,84.31999969482422,82.9000015258789,83.72000122070312,74.5916519165039,989343
STB,STB.OL,2023-10-23,83.0,83.16000366210938,82.54000091552734,83.0,73.95014953613281,629073
STB,STB.OL,2023-10-24,83.0,83.23999786376953,82.30000305175781,82.66000366210938,73.64722442626953,845171
STB,STB.OL,2023-10-25,87.5,88.73999786376953,85.58000183105469,87.62000274658203,78.06641387939453,2226731
STB,STB.OL,2023-10-26,88.69999694824219,89.87999725341797,87.63999938964844,89.54000091552734,79.77706909179688,1468458
STB,STB.OL,2023-10-27,89.9000015258789,91.12000274658203,89.5999984741211,90.54000091552734,80.66802978515625,1042437
STB,STB.OL,2023-10-30,90.80000305175781,91.37999725341797,90.30000305175781,91.0,81.07787322998047,734027
STB,STB.OL,2023-10-31,91.33999633789062,93.37999725341797,91.33999633789062,93.13999938964844,82.98454284667969,1915620
STB,STB.OL,2023-11-01,93.13999938964844,93.27999877929688,90.77999877929688,91.9000015258789,81.87974548339844,5689383
STB,STB.OL,2023-11-02,91.87999725341797,93.16000366210938,91.87999725341797,92.95999908447266,82.82416534423828,976496
STB,STB.OL,2023-11-03,92.80000305175781,93.4000015258789,92.31999969482422,93.22000122070312,83.05581665039062,865952
STB,STB.OL,2023-11-06,93.08000183105469,93.19999694824219,92.04000091552734,92.31999969482422,82.25395202636719,806818
STB,STB.OL,2023-11-07,92.08000183105469,92.16000366210938,91.5999984741211,92.16000366210938,82.11139678955078,578405
STB,STB.OL,2023-11-08,91.76000213623047,91.91999816894531,90.81999969482422,91.4000015258789,81.43426513671875,704059
STB,STB.OL,2023-11-09,91.62000274658203,92.19999694824219,90.91999816894531,92.16000366210938,82.11139678955078,627337
STB,STB.OL,2023-11-10,91.95999908447266,92.41999816894531,91.45999908447266,91.66000366210938,81.6659164428711,626046
STB,STB.OL,2023-11-13,91.95999908447266,92.9000015258789,91.83999633789062,92.9000015258789,82.77070617675781,517106
STB,STB.OL,2023-11-14,93.0,93.5,92.5,93.4800033569336,83.2874755859375,679645
STB,STB.OL,2023-11-15,93.30000305175781,93.5999984741211,92.58000183105469,92.95999908447266,82.82416534423828,1121260
STB,STB.OL,2023-11-16,92.83999633789062,93.69999694824219,92.44000244140625,93.30000305175781,83.1270980834961,1119639
STB,STB.OL,2023-11-17,93.45999908447266,94.36000061035156,93.33999633789062,94.16000366210938,83.8933334350586,746148
STB,STB.OL,2023-11-20,94.33999633789062,94.44000244140625,93.66000366210938,93.77999877929688,83.55476379394531,495123
STB,STB.OL,2023-11-21,94.0199966430664,94.73999786376953,91.91999816894531,92.5,82.41432189941406,12218787
STB,STB.OL,2023-11-22,92.69999694824219,93.0199966430664,91.9000015258789,92.37999725341797,82.30741119384766,810685
STB,STB.OL,2023-11-23,92.5,92.81999969482422,91.91999816894531,92.76000213623047,82.6459732055664,497752
STB,STB.OL,2023-11-24,93.0,93.19999694824219,92.66000366210938,93.05999755859375,82.91326141357422,709283
STB,STB.OL,2023-11-27,93.0,93.66000366210938,92.83999633789062,93.0,82.85980987548828,453282
STB,STB.OL,2023-11-28,92.62000274658203,92.9800033569336,92.23999786376953,92.5,82.41432189941406,706284
STB,STB.OL,2023-11-29,92.31999969482422,93.76000213623047,91.9000015258789,92.9800033569336,82.84199523925781,983299
STB,STB.OL,2023-11-30,93.0,93.63999938964844,92.87999725341797,93.30000305175781,83.1270980834961,1695598
STB,STB.OL,2023-12-01,94.63999938964844,95.4800033569336,94.0199966430664,95.0999984741211,84.73082733154297,1015568
STB,STB.OL,2023-12-04,95.22000122070312,95.69999694824219,95.04000091552734,95.19999694824219,84.8199234008789,507126
STB,STB.OL,2023-12-05,94.9000015258789,95.77999877929688,94.77999877929688,94.9000015258789,84.55264282226562,550829
STB,STB.OL,2023-12-06,95.26000213623047,96.33999633789062,94.69999694824219,94.69999694824219,84.37444305419922,1536668
STB,STB.OL,2023-12-07,94.68000030517578,95.19999694824219,94.4000015258789,94.72000122070312,84.39226531982422,1210080
STB,STB.OL,2023-12-08,95.0,95.69999694824219,94.30000305175781,95.69999694824219,85.26541137695312,1193995
STB,STB.OL,2023-12-11,95.5199966430664,96.04000091552734,95.22000122070312,95.94000244140625,85.479248046875,958825
STB,STB.OL,2023-12-12,96.0999984741211,96.86000061035156,95.86000061035156,96.26000213623047,85.76435852050781,650920
STB,STB.OL,2023-12-13,93.12000274658203,94.23999786376953,91.31999969482422,92.26000213623047,82.20049285888672,3563093
STB,STB.OL,2023-12-14,91.94000244140625,92.13999938964844,90.22000122070312,90.68000030517578,80.79276275634766,2473875
STB,STB.OL,2023-12-15,91.0,91.5999984741211,90.80000305175781,90.80000305175781,80.8996810913086,2273613
STB,STB.OL,2023-12-18,91.0199966430664,91.55999755859375,90.77999877929688,91.0,81.07787322998047,745914
STB,STB.OL,2023-12-19,91.0,91.5,90.54000091552734,90.58000183105469,80.70366668701172,855131
STB,STB.OL,2023-12-20,91.0,91.62000274658203,89.9000015258789,89.9000015258789,80.09781646728516,914583
STB,STB.OL,2023-12-21,89.19999694824219,89.80000305175781,89.05999755859375,89.4000015258789,79.65233612060547,784246
STB,STB.OL,2023-12-22,89.5,89.58000183105469,89.0999984741211,89.44000244140625,79.68797302246094,583712
STB,STB.OL,2023-12-27,89.44000244140625,90.12000274658203,89.44000244140625,89.5999984741211,79.83052062988281,456598
STB,STB.OL,2023-12-28,89.5999984741211,89.83999633789062,89.22000122070312,89.77999877929688,79.99089813232422,526372
STB,STB.OL,2023-12-29,89.72000122070312,90.04000091552734,89.58000183105469,90.04000091552734,80.22254943847656,412611
STB,STB.OL,2024-01-02,90.5199966430664,91.5999984741211,90.30000305175781,91.31999969482422,81.36297607421875,828868
STB,STB.OL,2024-01-03,92.0,92.04000091552734,90.73999786376953,91.0,81.07787322998047,679617
STB,STB.OL,2024-01-04,91.45999908447266,91.72000122070312,90.62000274658203,91.41999816894531,81.45207977294922,970207
STB,STB.OL,2024-01-05,91.18000030517578,91.63999938964844,90.5,91.27999877929688,81.32734680175781,488897
STB,STB.OL,2024-01-08,91.4000015258789,91.5999984741211,90.5,91.4800033569336,81.50553894042969,602278
STB,STB.OL,2024-01-09,91.5999984741211,92.23999786376953,91.13999938964844,92.05999755859375,82.02230072021484,921635
STB,STB.OL,2024-01-10,92.0,92.86000061035156,91.95999908447266,92.63999938964844,82.53905487060547,693601
STB,STB.OL,2024-01-11,93.0,93.5,92.86000061035156,92.94000244140625,82.80635070800781,566327
STB,STB.OL,2024-01-12,93.41999816894531,94.19999694824219,93.41999816894531,93.83999633789062,83.60821533203125,542158
STB,STB.OL,2024-01-15,94.23999786376953,94.62000274658203,94.0999984741211,94.54000091552734,84.23188781738281,587705
STB,STB.OL,2024-01-16,94.54000091552734,94.5999984741211,93.41999816894531,94.44000244140625,84.1427993774414,735436
STB,STB.OL,2024-01-17,94.19999694824219,94.5199966430664,93.16000366210938,94.41999816894531,84.1249771118164,724351
STB,STB.OL,2024-01-18,94.66000366210938,95.27999877929688,94.08000183105469,95.0,84.64173126220703,618675
STB,STB.OL,2024-01-19,95.4800033569336,95.62000274658203,94.45999908447266,94.58000183105469,84.26753234863281,382281
STB,STB.OL,2024-01-22,95.0,96.05999755859375,95.0,96.05999755859375,85.5861587524414,422035
STB,STB.OL,2024-01-23,95.86000061035156,96.05999755859375,95.27999877929688,95.86000061035156,85.40796661376953,584175
STB,STB.OL,2024-01-24,96.0,97.13999938964844,95.86000061035156,97.13999938964844,86.54840850830078,572864
STB,STB.OL,2024-01-25,97.12000274658203,97.54000091552734,96.72000122070312,97.0,86.42366790771484,495243
STB,STB.OL,2024-01-26,97.30000305175781,97.62000274658203,96.95999908447266,97.22000122070312,86.61968231201172,337661
STB,STB.OL,2024-01-29,97.54000091552734,97.69999694824219,96.72000122070312,96.80000305175781,86.2454833984375,308996
STB,STB.OL,2024-01-30,97.0,97.37999725341797,96.55999755859375,96.81999969482422,86.26329803466797,404698
STB,STB.OL,2024-01-31,96.0,96.0199966430664,94.4000015258789,94.81999969482422,84.48136138916016,833451
STB,STB.OL,2024-02-01,94.54000091552734,95.58000183105469,94.4800033569336,95.0199966430664,84.65955352783203,570189
STB,STB.OL,2024-02-02,95.5199966430664,95.91999816894531,94.69999694824219,95.5,85.08721923828125,678352
STB,STB.OL,2024-02-05,95.69999694824219,96.0,94.83999633789062,94.94000244140625,84.5882797241211,455917
STB,STB.OL,2024-02-06,95.5999984741211,96.0,95.0199966430664,95.66000366210938,85.22977447509766,602151
STB,STB.OL,2024-02-07,91.76000213623047,92.81999969482422,89.05999755859375,92.08000183105469,82.04012298583984,4026236
STB,STB.OL,2024-02-08,92.27999877929688,92.5199966430664,90.69999694824219,91.83999633789062,81.82627868652344,790610
STB,STB.OL,2024-02-09,91.80000305175781,91.95999908447266,91.54000091552734,91.76000213623047,81.75501251220703,892789
STB,STB.OL,2024-02-12,91.76000213623047,92.5999984741211,91.76000213623047,92.27999877929688,82.21830749511719,614850
STB,STB.OL,2024-02-13,92.36000061035156,92.9000015258789,92.33999633789062,92.4000015258789,82.32523345947266,668732
STB,STB.OL,2024-02-14,92.69999694824219,92.91999816894531,92.0,92.37999725341797,82.30741119384766,596180
STB,STB.OL,2024-02-15,92.5,93.08000183105469,92.0999984741211,93.08000183105469,82.93108367919922,672412
STB,STB.OL,2024-02-16,93.5999984741211,94.5199966430664,93.36000061035156,94.31999969482422,84.03588104248047,668124
STB,STB.OL,2024-02-19,94.4000015258789,94.62000274658203,93.9000015258789,93.9000015258789,83.66168212890625,524346
STB,STB.OL,2024-02-20,93.69999694824219,94.62000274658203,93.5,94.62000274658203,84.30316925048828,566397
STB,STB.OL,2024-02-21,94.5999984741211,95.5,94.36000061035156,94.69999694824219,84.37444305419922,579522
STB,STB.OL,2024-02-22,95.33999633789062,96.0,94.81999969482422,95.04000091552734,84.67737579345703,472475
STB,STB.OL,2024-02-23,95.30000305175781,95.4000015258789,94.5,95.36000061035156,84.96248626708984,511745
STB,STB.OL,2024-02-26,95.33999633789062,96.0199966430664,94.76000213623047,94.81999969482422,84.48136138916016,572960
STB,STB.OL,2024-02-27,95.0999984741211,95.62000274658203,94.69999694824219,94.77999877929688,84.44571685791016,508908
STB,STB.OL,2024-02-28,95.0,95.18000030517578,94.0199966430664,94.45999908447266,84.16061401367188,695241
STB,STB.OL,2024-02-29,94.5199966430664,94.9800033569336,94.0,94.76000213623047,84.42790985107422,926791
STB,STB.OL,2024-03-01,95.0,96.0,95.0,95.4000015258789,84.99812316894531,445517
STB,STB.OL,2024-03-04,95.4000015258789,95.5,94.58000183105469,95.45999908447266,85.05157470703125,503637
STB,STB.OL,2024-03-05,95.04000091552734,95.54000091552734,94.63999938964844,95.33999633789062,84.94466400146484,604104
STB,STB.OL,2024-03-06,95.5,96.30000305175781,94.94000244140625,95.5999984741211,85.17631530761719,1429671
STB,STB.OL,2024-03-07,95.83999633789062,96.27999877929688,95.77999877929688,95.9000015258789,85.443603515625,845006
STB,STB.OL,2024-03-08,96.22000122070312,97.22000122070312,96.12000274658203,96.80000305175781,86.2454833984375,814593
STB,STB.OL,2024-03-11,95.72000122070312,96.80000305175781,95.72000122070312,96.77999877929688,86.22765350341797,659425
STB,STB.OL,2024-03-12,97.0,97.91999816894531,97.0,97.91999816894531,87.24336242675781,555885
STB,STB.OL,2024-03-13,98.0,99.16000366210938,98.0,98.87999725341797,88.09867858886719,819353
STB,STB.OL,2024-03-14,98.95999908447266,99.04000091552734,98.0,98.16000366210938,87.45719146728516,592041
STB,STB.OL,2024-03-15,98.19999694824219,98.5,97.69999694824219,97.95999908447266,87.27899169921875,1316000
STB,STB.OL,2024-03-18,97.95999908447266,98.5,97.77999877929688,98.5,87.76011657714844,449699
STB,STB.OL,2024-03-19,98.5999984741211,99.45999908447266,98.5999984741211,99.0,88.20559692382812,554503
STB,STB.OL,2024-03-20,99.0199966430664,99.23999786376953,98.72000122070312,98.86000061035156,88.08086395263672,650605
STB,STB.OL,2024-03-21,99.4000015258789,99.62000274658203,98.5,99.4800033569336,88.63327026367188,591308
STB,STB.OL,2024-03-22,99.5,99.69999694824219,98.91999816894531,99.22000122070312,88.401611328125,598768
STB,STB.OL,2024-03-25,99.22000122070312,99.5199966430664,98.54000091552734,99.08000183105469,88.2768783569336,466610
STB,STB.OL,2024-03-26,99.0,99.73999786376953,99.0,99.5199966430664,88.66889190673828,411814
STB,STB.OL,2024-03-27,99.68000030517578,100.19999694824219,99.66000366210938,100.0,89.09656524658203,327563
STB,STB.OL,2024-04-02,99.30000305175781,101.30000305175781,98.94999694824219,99.19999694824219,88.38378143310547,989871
STB,STB.OL,2024-04-03,99.19999694824219,100.19999694824219,98.75,98.75,87.98285675048828,861543
STB,STB.OL,2024-04-04,99.05000305175781,99.8499984741211,98.80000305175781,94.69999694824219,84.37444305419922,770589
STB,STB.OL,2024-04-05,94.5,95.0999984741211,94.44999694824219,94.80000305175781,88.28584289550781,751262
STB,STB.OL,2024-04-08,95.0,95.94999694824219,94.8499984741211,95.30000305175781,88.7514877319336,967759
STB,STB.OL,2024-04-09,95.30000305175781,95.55000305175781,93.69999694824219,94.0999984741211,87.63394927978516,1109312
STB,STB.OL,2024-04-10,94.0999984741211,95.5999984741211,93.69999694824219,95.25,88.70492553710938,1076061
STB,STB.OL,2024-04-11,95.30000305175781,95.30000305175781,93.5,93.5,87.07518005371094,1076221
STB,STB.OL,2024-04-12,93.75,94.69999694824219,93.5,94.44999694824219,87.95989227294922,669514
STB,STB.OL,2024-04-15,94.4000015258789,94.9000015258789,94.1500015258789,94.6500015258789,88.14615631103516,432288
STB,STB.OL,2024-04-16,94.5,95.1500015258789,93.94999694824219,94.30000305175781,87.82020568847656,1008821
STB,STB.OL,2024-04-17,94.75,95.94999694824219,94.44999694824219,95.0,88.47209930419922,666643
STB,STB.OL,2024-04-18,95.0,95.25,94.19999694824219,95.0,88.47209930419922,1092726
STB,STB.OL,2024-04-19,94.9000015258789,95.55000305175781,94.44999694824219,95.44999694824219,88.89118194580078,604965
STB,STB.OL,2024-04-22,96.80000305175781,97.8499984741211,96.69999694824219,97.6500015258789,90.94001007080078,1437409
STB,STB.OL,2024-04-23,98.0,98.0999984741211,97.30000305175781,97.8499984741211,91.12626647949219,910483
STB,STB.OL,2024-04-24,103.0,106.0,102.0999984741211,105.19999694824219,97.97120666503906,3185993
STB,STB.OL,2024-04-25,105.19999694824219,107.19999694824219,104.5999984741211,106.0,98.71623992919922,1666365
STB,STB.OL,2024-04-26,106.4000015258789,106.5,105.5,106.4000015258789,99.08876037597656,821376
STB,STB.OL,2024-04-29,106.5,106.69999694824219,105.69999694824219,106.69999694824219,99.3681411743164,703488
STB,STB.OL,2024-04-30,106.69999694824219,107.0,106.0999984741211,106.9000015258789,99.55439758300781,826846
STB,STB.OL,2024-05-02,107.0,107.0,105.4000015258789,106.5,99.181884765625,753189
STB,STB.OL,2024-05-03,106.5,107.0,106.5,106.69999694824219,99.3681411743164,475760
STB,STB.OL,2024-05-06,106.9000015258789,108.5,106.5999984741211,108.5,101.0444564819336,683540
STB,STB.OL,2024-05-07,108.5,110.0,108.5,109.69999694824219,102.16199493408203,1100316
STB,STB.OL,2024-05-08,109.69999694824219,110.30000305175781,109.0,110.0,102.4413833618164,630675
STB,STB.OL,2024-05-10,110.5,111.5,110.4000015258789,111.0999984741211,103.46578979492188,674460
STB,STB.OL,2024-05-13,111.0,111.5999984741211,110.80000305175781,111.5,103.83831024169922,648754
STB,STB.OL,2024-05-14,111.0,111.0999984741211,110.19999694824219,110.80000305175781,103.18641662597656,461298
STB,STB.OL,2024-05-15,110.80000305175781,111.4000015258789,110.5999984741211,110.9000015258789,103.279541015625,530403
STB,STB.OL,2024-05-16,110.9000015258789,111.4000015258789,110.80000305175781,111.4000015258789,103.74517822265625,649090
STB,STB.OL,2024-05-21,111.4000015258789,111.5999984741211,109.30000305175781,110.0999984741211,102.53450775146484,843594
STB,STB.OL,2024-05-22,110.0999984741211,110.9000015258789,110.0999984741211,110.69999694824219,103.0932846069336,508827
STB,STB.OL,2024-05-23,110.9000015258789,111.5999984741211,110.80000305175781,111.30000305175781,103.65205383300781,442772
STB,STB.OL,2024-05-24,110.9000015258789,112.19999694824219,110.80000305175781,112.19999694824219,104.49020385742188,523488
STB,STB.OL,2024-05-27,112.4000015258789,112.4000015258789,111.69999694824219,111.80000305175781,104.1176986694336,321098
STB,STB.OL,2024-05-28,112.0,112.5,111.80000305175781,111.80000305175781,104.1176986694336,732083
STB,STB.OL,2024-05-29,111.80000305175781,111.9000015258789,110.9000015258789,111.0,103.37266540527344,646931
STB,STB.OL,2024-05-30,111.0,112.5999984741211,110.5999984741211,112.19999694824219,104.49020385742188,823196
STB,STB.OL,2024-05-31,112.0999984741211,114.0,112.0999984741211,113.4000015258789,105.60774993896484,1810113
STB,STB.OL,2024-06-03,113.5999984741211,114.4000015258789,112.80000305175781,113.4000015258789,105.60774993896484,541334
STB,STB.OL,2024-06-04,113.5,114.0,112.0,113.0999984741211,105.32836151123047,653929
STB,STB.OL,2024-06-05,113.4000015258789,113.5,112.0999984741211,112.5,104.76959228515625,599595
STB,STB.OL,2024-06-06,112.9000015258789,113.69999694824219,112.5999984741211,113.5,105.70088195800781,394828
STB,STB.OL,2024-06-07,113.4000015258789,113.5999984741211,112.5,113.19999694824219,105.42149353027344,434564
STB,STB.OL,2024-06-10,109.0999984741211,111.19999694824219,109.0,109.80000305175781,102.255126953125,1127357
STB,STB.OL,2024-06-11,109.9000015258789,110.0999984741211,108.19999694824219,108.5,101.0444564819336,722214
STB,STB.OL,2024-06-12,108.5,109.5,108.5,109.5,101.97573852539062,1443745
STB,STB.OL,2024-06-13,109.5,109.80000305175781,107.80000305175781,107.80000305175781,100.3925552368164,723714
STB,STB.OL,2024-06-14,108.0,108.69999694824219,107.4000015258789,108.30000305175781,100.85820007324219,880515
STB,STB.OL,2024-06-17,108.69999694824219,109.5999984741211,108.5999984741211,109.19999694824219,101.69635009765625,536929
STB,STB.OL,2024-06-18,109.9000015258789,110.0,109.0999984741211,109.4000015258789,101.88261413574219,732968
STB,STB.OL,2024-06-19,109.69999694824219,109.9000015258789,109.0,109.0,101.51009368896484,813954
STB,STB.OL,2024-06-20,109.0,109.30000305175781,108.0999984741211,108.9000015258789,101.4169692993164,565215
STB,STB.OL,2024-06-21,108.19999694824219,108.69999694824219,107.5999984741211,108.5999984741211,101.13758087158203,1580169
STB,STB.OL,2024-06-24,108.69999694824219,110.4000015258789,108.5999984741211,110.4000015258789,102.81390380859375,663531
STB,STB.OL,2024-06-25,110.30000305175781,111.19999694824219,109.80000305175781,110.5,102.90702819824219,480564
STB,STB.OL,2024-06-26,111.19999694824219,111.19999694824219,109.0999984741211,109.30000305175781,101.78948211669922,610071
STB,STB.OL,2024-06-27,109.5999984741211,109.5999984741211,108.5999984741211,108.69999694824219,101.23070526123047,477709
STB,STB.OL,2024-06-28,109.0,109.4000015258789,108.5,109.0,101.51009368896484,643841
STB,STB.OL,2024-07-01,110.4000015258789,110.9000015258789,108.80000305175781,109.19999694824219,101.69635009765625,719244
STB,STB.OL,2024-07-02,108.9000015258789,108.9000015258789,107.5,108.19999694824219,100.76506042480469,560042
STB,STB.OL,2024-07-03,108.69999694824219,109.19999694824219,108.5,108.80000305175781,101.32384490966797,508988
STB,STB.OL,2024-07-04,109.19999694824219,110.0999984741211,108.80000305175781,109.5999984741211,102.0688705444336,361881
STB,STB.OL,2024-07-05,109.5999984741211,109.5999984741211,107.4000015258789,107.4000015258789,100.0200424194336,521231
STB,STB.OL,2024-07-08,107.80000305175781,109.0,107.5,108.30000305175781,100.85820007324219,433489
STB,STB.OL,2024-07-09,108.30000305175781,108.4000015258789,107.4000015258789,107.5,100.11316680908203,525036
STB,STB.OL,2024-07-10,107.5999984741211,108.4000015258789,107.4000015258789,108.0999984741211,100.67193603515625,378341
STB,STB.OL,2024-07-11,108.5999984741211,109.80000305175781,108.30000305175781,108.80000305175781,101.32384490966797,539639
STB,STB.OL,2024-07-12,110.30000305175781,110.9000015258789,108.4000015258789,110.80000305175781,103.18641662597656,1075819
STB,STB.OL,2024-07-15,110.69999694824219,111.9000015258789,110.4000015258789,110.69999694824219,103.0932846069336,505066
STB,STB.OL,2024-07-16,110.69999694824219,110.69999694824219,109.69999694824219,110.0999984741211,102.53450775146484,647618
STB,STB.OL,2024-07-17,110.0999984741211,110.30000305175781,109.19999694824219,110.0,102.4413833618164,694488
STB,STB.OL,2024-07-18,110.30000305175781,110.30000305175781,108.80000305175781,109.80000305175781,102.255126953125,688003
STB,STB.OL,2024-07-19,108.9000015258789,109.80000305175781,108.69999694824219,109.5,101.97573852539062,490850
STB,STB.OL,2024-07-22,109.5999984741211,109.9000015258789,108.69999694824219,109.4000015258789,101.88261413574219,639100
STB,STB.OL,2024-07-23,109.9000015258789,110.30000305175781,109.19999694824219,109.5,101.97573852539062,660354
STB,STB.OL,2024-07-24,109.5,109.5,108.80000305175781,109.0,101.51009368896484,536177
STB,STB.OL,2024-07-25,108.69999694824219,108.69999694824219,107.30000305175781,107.5,100.11316680908203,757629
STB,STB.OL,2024-07-26,107.5999984741211,109.0,107.4000015258789,107.80000305175781,100.3925552368164,870118
STB,STB.OL,2024-07-29,108.30000305175781,108.80000305175781,108.0999984741211,108.30000305175781,100.85820007324219,484338
STB,STB.OL,2024-07-30,108.4000015258789,109.19999694824219,108.4000015258789,108.5999984741211,101.13758087158203,824967
STB,STB.OL,2024-07-31,109.5,110.0,109.19999694824219,109.5999984741211,102.0688705444336,876332
STB,STB.OL,2024-08-01,109.69999694824219,110.0,108.69999694824219,109.19999694824219,101.69635009765625,634388
STB,STB.OL,2024-08-02,108.0999984741211,108.19999694824219,105.0,105.4000015258789,98.157470703125,940249
STB,STB.OL,2024-08-05,103.19999694824219,103.5,99.94999694824219,103.0999984741211,96.01551055908203,1343744
STB,STB.OL,2024-08-06,104.5999984741211,104.80000305175781,102.0999984741211,103.19999694824219,96.10863494873047,926334
STB,STB.OL,2024-08-07,104.0,105.5999984741211,103.5999984741211,105.5999984741211,98.3437271118164,588019
STB,STB.OL,2024-08-08,105.30000305175781,105.30000305175781,103.5999984741211,105.0999984741211,97.87808227539062,520363
STB,STB.OL,2024-08-09,104.5,105.9000015258789,104.5,105.5999984741211,98.3437271118164,496337
STB,STB.OL,2024-08-12,106.19999694824219,106.5,105.80000305175781,106.0,98.71623992919922,375501
STB,STB.OL,2024-08-13,106.19999694824219,107.0999984741211,106.19999694824219,106.80000305175781,99.46127319335938,1093412
STB,STB.OL,2024-08-14,107.19999694824219,107.80000305175781,106.5999984741211,107.80000305175781,100.3925552368164,611463
STB,STB.OL,2024-08-15,108.0999984741211,108.4000015258789,107.0999984741211,108.0,100.57881164550781,559743
STB,STB.OL,2024-08-16,108.4000015258789,109.19999694824219,108.30000305175781,109.19999694824219,101.69635009765625,638720
STB,STB.OL,2024-08-19,109.0,109.9000015258789,108.9000015258789,109.5999984741211,102.0688705444336,470045
STB,STB.OL,2024-08-20,109.9000015258789,110.4000015258789,109.19999694824219,109.4000015258789,101.88261413574219,472911
STB,STB.OL,2024-08-21,109.4000015258789,109.80000305175781,109.19999694824219,109.5999984741211,102.0688705444336,428445
STB,STB.OL,2024-08-22,110.0,110.69999694824219,109.0999984741211,110.69999694824219,103.0932846069336,571600
STB,STB.OL,2024-08-23,110.19999694824219,112.0,110.19999694824219,112.0,104.30394744873047,583753
STB,STB.OL,2024-08-26,111.80000305175781,112.5,111.5999984741211,112.5,104.76959228515625,390311
STB,STB.OL,2024-08-27,112.0999984741211,112.4000015258789,111.69999694824219,112.0,104.30394744873047,320597
STB,STB.OL,2024-08-28,112.0,113.0,112.0,112.69999694824219,104.95584869384766,263607
STB,STB.OL,2024-08-29,112.4000015258789,113.80000305175781,112.4000015258789,113.5,105.70088195800781,419068
STB,STB.OL,2024-08-30,113.5,114.4000015258789,113.5,114.4000015258789,106.5390396118164,1119835
STB,STB.OL,2024-09-02,114.4000015258789,115.19999694824219,114.4000015258789,115.19999694824219,107.28406524658203,546841
STB,STB.OL,2024-09-03,115.4000015258789,115.80000305175781,114.0999984741211,114.0999984741211,106.25965118408203,636469
STB,STB.OL,2024-09-04,113.69999694824219,115.0999984741211,113.5,114.69999694824219,106.81842041015625,522218
STB,STB.OL,2024-09-05,114.19999694824219,116.30000305175781,114.19999694824219,116.30000305175781,108.30847930908203,433497
STB,STB.OL,2024-09-06,115.5,115.5999984741211,114.5,114.5,106.63217163085938,441520
STB,STB.OL,2024-09-09,114.5,115.5,114.5,115.0,107.09780883789062,443969
STB,STB.OL,2024-09-10,115.30000305175781,116.4000015258789,115.0,115.0,107.09780883789062,335321
STB,STB.OL,2024-09-11,115.19999694824219,115.69999694824219,114.5,114.80000305175781,106.91156005859375,354087
STB,STB.OL,2024-09-12,115.69999694824219,115.9000015258789,114.69999694824219,115.5,107.56344604492188,346430
STB,STB.OL,2024-09-13,115.4000015258789,115.9000015258789,114.69999694824219,115.0,107.09780883789062,626985
STB,STB.OL,2024-09-16,114.9000015258789,115.19999694824219,114.5999984741211,114.80000305175781,106.91156005859375,329274
STB,STB.OL,2024-09-17,115.0,115.80000305175781,114.80000305175781,115.0,107.09780883789062,513029
STB,STB.OL,2024-09-18,115.0999984741211,115.4000015258789,113.80000305175781,114.0,106.1665267944336,554454
STB,STB.OL,2024-09-19,115.0,115.5999984741211,114.69999694824219,115.5999984741211,107.65657806396484,404697
STB,STB.OL,2024-09-20,115.9000015258789,116.80000305175781,115.19999694824219,116.5999984741211,108.58786010742188,1433042
STB,STB.OL,2024-09-23,116.9000015258789,117.9000015258789,116.69999694824219,117.9000015258789,109.79853820800781,638569
STB,STB.OL,2024-09-24,118.0,118.0,116.30000305175781,116.69999694824219,108.68099212646484,597499
STB,STB.OL,2024-09-25,116.5,116.80000305175781,115.4000015258789,115.80000305175781,107.84283447265625,498041
STB,STB.OL,2024-09-26,116.5999984741211,116.80000305175781,115.69999694824219,116.5,108.49473571777344,483244
STB,STB.OL,2024-09-27,115.80000305175781,115.80000305175781,114.69999694824219,115.5,107.56344604492188,547797
STB,STB.OL,2024-09-30,115.5,116.19999694824219,115.4000015258789,115.9000015258789,107.93596649169922,582652
STB,STB.OL,2024-10-01,116.0,116.80000305175781,115.5,115.9000015258789,107.93596649169922,491196
STB,STB.OL,2024-10-02,115.9000015258789,115.9000015258789,114.9000015258789,115.80000305175781,107.84283447265625,677108
STB,STB.OL,2024-10-03,115.80000305175781,115.9000015258789,114.9000015258789,115.19999694824219,107.28406524658203,453574
STB,STB.OL,2024-10-04,115.30000305175781,116.0999984741211,115.19999694824219,115.80000305175781,107.84283447265625,405782
STB,STB.OL,2024-10-07,115.80000305175781,116.4000015258789,115.4000015258789,116.0,108.02909088134766,619273
STB,STB.OL,2024-10-08,115.0999984741211,117.5,114.9000015258789,117.4000015258789,109.33289337158203,639080
STB,STB.OL,2024-10-09,117.69999694824219,118.69999694824219,117.5,118.69999694824219,110.54356384277344,543662
STB,STB.OL,2024-10-10,118.80000305175781,119.5999984741211,118.30000305175781,119.4000015258789,111.19546508789062,427816
STB,STB.OL,2024-10-11,119.30000305175781,119.69999694824219,119.0,119.69999694824219,111.47484588623047,451291
STB,STB.OL,2024-10-14,119.80000305175781,120.4000015258789,119.69999694824219,120.4000015258789,112.12674713134766,351914
STB,STB.OL,2024-10-15,120.5999984741211,122.9000015258789,120.5999984741211,122.9000015258789,114.45496368408203,892752
STB,STB.OL,2024-10-16,122.9000015258789,123.5,122.4000015258789,122.9000015258789,114.45496368408203,713169
STB,STB.OL,2024-10-17,123.0,123.5,122.5999984741211,122.69999694824219,114.26870727539062,925090
STB,STB.OL,2024-10-18,122.80000305175781,124.0,121.19999694824219,121.5,113.15116119384766,913019
STB,STB.OL,2024-10-21,121.5,122.80000305175781,121.0,121.19999694824219,112.87177276611328,308872
STB,STB.OL,2024-10-22,121.19999694824219,121.9000015258789,120.0999984741211,121.0,112.68551635742188,662585
STB,STB.OL,2024-10-23,125.9000015258789,128.1999969482422,124.5999984741211,125.5,116.87630462646484,2414410
STB,STB.OL,2024-10-24,124.5,127.0,124.5,127.0,118.27323150634766,955123
STB,STB.OL,2024-10-25,126.80000305175781,127.0999984741211,126.0999984741211,126.80000305175781,118.08698272705078,614691
STB,STB.OL,2024-10-28,127.19999694824219,127.69999694824219,126.19999694824219,127.69999694824219,118.92513275146484,492347
STB,STB.OL,2024-10-29,128.0,128.8000030517578,127.30000305175781,127.69999694824219,118.92513275146484,625549
STB,STB.OL,2024-10-30,127.80000305175781,128.10000610351562,126.5,126.5,117.8075942993164,767732
STB,STB.OL,2024-10-31,125.9000015258789,126.5999984741211,125.0999984741211,125.0999984741211,116.5037841796875,921917
STB,STB.OL,2024-11-01,125.0999984741211,126.9000015258789,125.0,126.9000015258789,118.18010711669922,673359
STB,STB.OL,2024-11-04,126.30000305175781,126.5999984741211,124.5,124.5,115.94501495361328,771609
STB,STB.OL,2024-11-05,124.5,125.5999984741211,124.0,125.5999984741211,116.96942901611328,732072
STB,STB.OL,2024-11-06,126.0999984741211,127.5,126.0999984741211,127.5,118.73887634277344,1008711
STB,STB.OL,2024-11-07,128.10000610351562,128.8000030517578,122.9000015258789,123.19999694824219,114.73434448242188,1110234
STB,STB.OL,2024-11-08,125.5,125.5,123.5999984741211,123.80000305175781,115.29312133789062,688798
STB,STB.OL,2024-11-11,124.30000305175781,124.69999694824219,123.80000305175781,124.0,115.4793701171875,452542
STB,STB.OL,2024-11-12,123.0999984741211,123.0999984741211,121.19999694824219,121.19999694824219,112.87177276611328,916836
STB,STB.OL,2024-11-13,119.30000305175781,120.30000305175781,117.5999984741211,117.5999984741211,109.51914978027344,1203456
STB,STB.OL,2024-11-14,118.19999694824219,119.5999984741211,117.69999694824219,119.0,110.82295227050781,721027
STB,STB.OL,2024-11-15,119.0,121.4000015258789,118.5,121.4000015258789,113.05803680419922,641822
STB,STB.OL,2024-11-18,122.0,122.19999694824219,120.4000015258789,121.30000305175781,112.96490478515625,457157
STB,STB.OL,2024-11-19,121.30000305175781,121.80000305175781,119.69999694824219,121.0999984741211,112.77864837646484,714586
STB,STB.OL,2024-11-20,121.0999984741211,122.30000305175781,121.0999984741211,121.5999984741211,113.24429321289062,829902
STB,STB.OL,2024-11-21,121.69999694824219,122.9000015258789,121.19999694824219,122.9000015258789,114.45496368408203,608654
STB,STB.OL,2024-11-22,123.19999694824219,123.30000305175781,121.69999694824219,123.30000305175781,114.82748413085938,371961
STB,STB.OL,2024-11-25,123.80000305175781,124.30000305175781,122.80000305175781,123.80000305175781,115.29312133789062,848872
STB,STB.OL,2024-11-26,123.80000305175781,123.9000015258789,121.9000015258789,121.9000015258789,113.523681640625,276803
STB,STB.OL,2024-11-27,122.0999984741211,122.5,121.5999984741211,122.5,114.08245086669922,359655
STB,STB.OL,2024-11-28,122.5,122.9000015258789,121.5,122.0999984741211,113.70993041992188,353560
STB,STB.OL,2024-11-29,121.80000305175781,122.19999694824219,121.0999984741211,121.19999694824219,112.87177276611328,748700
STB,STB.OL,2024-12-02,121.69999694824219,123.0999984741211,121.69999694824219,122.5999984741211,114.17557525634766,413705
STB,STB.OL,2024-12-03,123.0,123.5999984741211,122.19999694824219,123.30000305175781,114.82748413085938,405900
STB,STB.OL,2024-12-04,123.30000305175781,124.4000015258789,122.80000305175781,124.0999984741211,115.57250213623047,533520
STB,STB.OL,2024-12-05,124.5,125.19999694824219,124.0,125.19999694824219,116.59691619873047,519851
STB,STB.OL,2024-12-06,124.80000305175781,124.9000015258789,123.0999984741211,123.5,115.01373291015625,316402
STB,STB.OL,2024-12-09,123.80000305175781,124.5,123.30000305175781,124.0999984741211,115.57250213623047,400917
STB,STB.OL,2024-12-10,123.69999694824219,123.69999694824219,122.5,122.5,114.08245086669922,485535
STB,STB.OL,2024-12-11,122.5,122.80000305175781,122.0999984741211,122.5,114.08245086669922,463015
STB,STB.OL,2024-12-12,122.0999984741211,122.5,120.69999694824219,120.69999694824219,112.4061279296875,862484
STB,STB.OL,2024-12-13,120.5,122.5,120.5,122.4000015258789,113.98931884765625,489800
STB,STB.OL,2024-12-16,122.4000015258789,122.5,121.30000305175781,121.30000305175781,112.96490478515625,487974
STB,STB.OL,2024-12-17,121.0999984741211,122.0999984741211,120.30000305175781,120.5999984741211,112.31300354003906,641121
STB,STB.OL,2024-12-18,120.0999984741211,121.4000015258789,119.69999694824219,120.5999984741211,112.31300354003906,401209
STB,STB.OL,2024-12-19,119.5,121.5999984741211,119.4000015258789,121.0999984741211,112.77864837646484,588941
STB,STB.OL,2024-12-20,120.5,120.69999694824219,119.0,120.0,111.75423431396484,1535079
STB,STB.OL,2024-12-23,120.0,121.0,120.0,120.0999984741211,111.84735870361328,297907
STB,STB.OL,2024-12-27,120.19999694824219,122.0999984741211,120.19999694824219,121.80000305175781,113.43054962158203,438363
STB,STB.OL,2024-12-30,122.0,122.0999984741211,121.19999694824219,121.19999694824219,112.87177276611328,340649
STB,STB.OL,2025-01-02,122.19999694824219,122.5999984741211,121.30000305175781,121.5999984741211,113.24429321289062,345790
STB,STB.OL,2025-01-03,121.5,122.0,121.19999694824219,121.5,113.15116119384766,346525
STB,STB.OL,2025-01-06,121.5,122.0,120.30000305175781,120.80000305175781,112.499267578125,346226
STB,STB.OL,2025-01-07,120.0,120.69999694824219,119.4000015258789,120.5,112.21987915039062,712107
STB,STB.OL,2025-01-08,122.80000305175781,124.5999984741211,122.4000015258789,124.0,115.4793701171875,693738
STB,STB.OL,2025-01-09,124.5,125.0,123.4000015258789,123.9000015258789,115.38624572753906,500326
STB,STB.OL,2025-01-10,123.69999694824219,123.69999694824219,122.69999694824219,122.80000305175781,114.3618392944336,492962
STB,STB.OL,2025-01-13,122.5,122.69999694824219,121.4000015258789,122.5,114.08245086669922,464802
STB,STB.OL,2025-01-14,122.4000015258789,124.4000015258789,122.30000305175781,124.30000305175781,115.75875854492188,497347
STB,STB.OL,2025-01-15,124.5,126.0,124.5,125.9000015258789,117.24881744384766,403805
STB,STB.OL,2025-01-16,126.5,126.5,124.19999694824219,124.5999984741211,116.03814697265625,812799
STB,STB.OL,2025-01-17,124.9000015258789,125.69999694824219,124.19999694824219,125.69999694824219,117.06256103515625,766052
STB,STB.OL,2025-01-20,125.5999984741211,125.80000305175781,123.9000015258789,123.9000015258789,115.38624572753906,380108
STB,STB.OL,2025-01-21,124.0,125.0,123.80000305175781,124.5999984741211,116.03814697265625,514570
STB,STB.OL,2025-01-22,124.5,127.30000305175781,124.5,126.5999984741211,117.90071868896484,789436
STB,STB.OL,2025-01-23,127.0,128.8000030517578,126.5999984741211,126.9000015258789,118.18010711669922,680392
STB,STB.OL,2025-01-24,127.5999984741211,130.1999969482422,127.30000305175781,130.1999969482422,121.25334167480469,790015
STB,STB.OL,2025-01-27,130.1999969482422,131.5,129.0,131.39999389648438,122.37088012695312,677281
STB,STB.OL,2025-01-28,131.39999389648438,132.6999969482422,131.0,132.39999389648438,123.30216979980469,908415
STB,STB.OL,2025-01-29,133.0,133.89999389648438,132.1999969482422,133.3000030517578,124.14032745361328,1036654
STB,STB.OL,2025-01-30,133.6999969482422,134.0,133.39999389648438,133.8000030517578,124.60597229003906,383529
STB,STB.OL,2025-01-31,133.89999389648438,134.0,132.60000610351562,133.5,124.32659149169922,773512
STB,STB.OL,2025-02-03,131.0,132.8000030517578,130.6999969482422,132.39999389648438,123.30216979980469,482744
STB,STB.OL,2025-02-04,132.5,133.1999969482422,132.10000610351562,132.6999969482422,123.58155059814453,539025
STB,STB.OL,2025-02-05,132.60000610351562,132.6999969482422,131.6999969482422,131.8000030517578,122.743408203125,339143
STB,STB.OL,2025-02-06,131.39999389648438,132.6999969482422,131.3000030517578,132.0,122.92965698242188,353085
STB,STB.OL,2025-02-07,132.39999389648438,133.60000610351562,131.8000030517578,133.5,124.32659149169922,435446
STB,STB.OL,2025-02-10,133.5,136.3000030517578,133.1999969482422,135.60000610351562,126.28228759765625,968966
STB,STB.OL,2025-02-11,136.10000610351562,137.10000610351562,135.8000030517578,137.10000610351562,127.67921447753906,903075
STB,STB.OL,2025-02-12,125.0,127.69999694824219,124.19999694824219,124.4000015258789,115.85189056396484,5160803
STB,STB.OL,2025-02-13,123.0999984741211,125.80000305175781,122.30000305175781,123.5999984741211,115.10685729980469,1814625
STB,STB.OL,2025-02-14,123.9000015258789,124.30000305175781,122.5999984741211,122.5999984741211,114.17557525634766,835799
STB,STB.OL,2025-02-17,122.4000015258789,125.19999694824219,122.30000305175781,124.4000015258789,115.85189056396484,718933
STB,STB.OL,2025-02-18,124.9000015258789,124.9000015258789,123.5,123.5,115.01373291015625,743172
STB,STB.OL,2025-02-19,123.4000015258789,124.19999694824219,122.30000305175781,122.30000305175781,113.89619445800781,969875
STB,STB.OL,2025-02-20,122.0999984741211,122.5,121.0999984741211,121.4000015258789,113.05803680419922,675239
STB,STB.OL,2025-02-21,121.30000305175781,123.5999984741211,121.30000305175781,123.4000015258789,114.92060852050781,1076530
STB,STB.OL,2025-02-24,122.5999984741211,123.30000305175781,121.80000305175781,122.30000305175781,113.89619445800781,759962
STB,STB.OL,2025-02-25,122.19999694824219,123.19999694824219,122.19999694824219,122.69999694824219,114.26870727539062,662128
STB,STB.OL,2025-02-26,123.0,124.9000015258789,122.9000015258789,124.9000015258789,116.31753540039062,858321
STB,STB.OL,2025-02-27,124.19999694824219,124.69999694824219,123.69999694824219,124.0,115.4793701171875,770881
STB,STB.OL,2025-02-28,122.9000015258789,123.69999694824219,121.80000305175781,122.5,114.08245086669922,1392856
STB,STB.OL,2025-03-03,122.5999984741211,125.30000305175781,122.5999984741211,124.4000015258789,115.85189056396484,977319
STB,STB.OL,2025-03-04,123.80000305175781,124.5999984741211,121.5,121.5,113.15116119384766,713941
STB,STB.OL,2025-03-05,121.5,123.0999984741211,121.5,122.0999984741211,113.70993041992188,742268
STB,STB.OL,2025-03-06,122.9000015258789,123.69999694824219,122.30000305175781,123.69999694824219,115.19998168945312,612858
STB,STB.OL,2025-03-07,122.69999694824219,125.19999694824219,122.5,125.0999984741211,116.5037841796875,671606
STB,STB.OL,2025-03-10,125.0,125.30000305175781,124.19999694824219,124.80000305175781,116.22440338134766,441957
STB,STB.OL,2025-03-11,124.9000015258789,125.69999694824219,124.30000305175781,124.30000305175781,115.75875854492188,921936
STB,STB.OL,2025-03-12,125.0,126.4000015258789,124.9000015258789,125.80000305175781,117.15569305419922,753371
STB,STB.OL,2025-03-13,126.0,129.0,125.9000015258789,128.0,119.20451354980469,756273
STB,STB.OL,2025-03-14,129.0,130.10000610351562,128.3000030517578,130.0,121.06708526611328,631422
STB,STB.OL,2025-03-17,130.39999389648438,131.0,129.6999969482422,130.60000610351562,121.62586975097656,605903
STB,STB.OL,2025-03-18,131.0,131.6999969482422,130.5,130.5,121.53273010253906,698441
STB,STB.OL,2025-03-19,130.6999969482422,132.89999389648438,130.6999969482422,132.3000030517578,123.20903778076172,704927
STB,STB.OL,2025-03-20,132.5,133.1999969482422,130.5,132.1999969482422,123.11590576171875,2176704
STB,STB.OL,2025-03-21,132.1999969482422,132.8000030517578,131.6999969482422,132.3000030517578,123.20903778076172,892639
STB,STB.OL,2025-03-24,132.3000030517578,133.5,132.10000610351562,132.60000610351562,123.48843383789062,541435
STB,STB.OL,2025-03-25,132.60000610351562,135.1999969482422,132.60000610351562,134.39999389648438,125.16473388671875,714042
STB,STB.OL,2025-03-26,135.10000610351562,136.1999969482422,134.89999389648438,135.39999389648438,126.09602355957031,575182
STB,STB.OL,2025-03-27,135.0,135.1999969482422,134.1999969482422,134.3000030517578,125.07161712646484,922328
STB,STB.OL,2025-03-28,134.60000610351562,135.89999389648438,134.5,134.8000030517578,125.53726196289062,1062810
STB,STB.OL,2025-03-31,135.0,135.10000610351562,133.0,133.0,123.86094665527344,743519
STB,STB.OL,2025-04-01,133.89999389648438,134.6999969482422,132.39999389648438,132.60000610351562,123.48843383789062,667225
STB,STB.OL,2025-04-02,132.6999969482422,133.1999969482422,131.8000030517578,132.6999969482422,123.58155059814453,653718
STB,STB.OL,2025-04-03,130.89999389648438,131.8000030517578,129.0,130.3000030517578,121.34647369384766,947587
STB,STB.OL,2025-04-04,128.89999389648438,129.89999389648438,122.4000015258789,122.4000015258789,113.98931884765625,1383718
STB,STB.OL,2025-04-07,113.5,120.0,113.5,118.9000015258789,110.72982788085938,2308085
STB,STB.OL,2025-04-08,120.0,122.69999694824219,116.30000305175781,122.0,113.61680603027344,1460827
STB,STB.OL,2025-04-09,118.5,120.5,116.19999694824219,118.30000305175781,110.17105102539062,1749936
STB,STB.OL,2025-04-10,122.9000015258789,122.9000015258789,117.69999694824219,118.30000305175781,114.72917938232422,2117157
STB,STB.OL,2025-04-11,118.5,119.0,115.69999694824219,117.80000305175781,114.24427795410156,798863
STB,STB.OL,2025-04-14,120.0,120.69999694824219,119.0999984741211,120.69999694824219,117.05673217773438,630156
STB,STB.OL,2025-04-15,121.0999984741211,121.80000305175781,120.4000015258789,121.0,117.3476791381836,542057
STB,STB.OL,2025-04-16,120.69999694824219,120.80000305175781,118.5999984741211,118.5999984741211,115.02012634277344,545985
STB,STB.OL,2025-04-22,119.30000305175781,122.0,118.9000015258789,120.69999694824219,117.05673217773438,784523
STB,STB.OL,2025-04-23,122.80000305175781,123.0,121.30000305175781,122.5999984741211,118.89938354492188,981567
STB,STB.OL,2025-04-24,122.4000015258789,123.0,120.80000305175781,121.4000015258789,117.73561096191406,690407
STB,STB.OL,2025-04-25,122.0,123.0999984741211,121.69999694824219,122.0,118.31749725341797,1041923
STB,STB.OL,2025-04-28,122.5,123.5999984741211,122.30000305175781,123.30000305175781,119.57826232910156,1043123
STB,STB.OL,2025-04-29,123.80000305175781,123.80000305175781,120.5999984741211,122.69999694824219,118.99636840820312,788457
STB,STB.OL,2025-04-30,123.5,125.5999984741211,123.5,124.9000015258789,121.12996673583984,1230902
STB,STB.OL,2025-05-02,126.9000015258789,128.39999389648438,125.0,128.3000030517578,124.42733764648438,1116880
STB,STB.OL,2025-05-05,128.3000030517578,129.0,128.10000610351562,128.1999969482422,124.33035278320312,602135
STB,STB.OL,2025-05-06,128.5,129.0,127.5,127.5,123.65148162841797,729308
STB,STB.OL,2025-05-07,123.4000015258789,126.0,122.69999694824219,126.0,122.19676208496094,1444606
STB,STB.OL,2025-05-08,125.9000015258789,126.9000015258789,124.5,125.80000305175781,122.00279998779297,810384
STB,STB.OL,2025-05-09,127.0,127.0999984741211,125.69999694824219,127.0,123.16657257080078,1197196
STB,STB.OL,2025-05-12,128.0,129.0,126.69999694824219,128.5,124.62129974365234,1215869
STB,STB.OL,2025-05-13,128.5,130.10000610351562,127.80000305175781,129.60000610351562,125.68810272216797,660530
STB,STB.OL,2025-05-14,130.89999389648438,131.5,130.0,130.6999969482422,126.75489044189453,719013
STB,STB.OL,2025-05-15,131.0,132.10000610351562,130.3000030517578,131.89999389648438,127.91866302490234,787632
STB,STB.OL,2025-05-16,132.0,133.60000610351562,132.0,133.0,128.9854736328125,847997
STB,STB.OL,2025-05-19,133.0,133.39999389648438,130.89999389648438,132.3000030517578,128.3065948486328,678715
STB,STB.OL,2025-05-20,132.5,133.0,131.5,132.1999969482422,128.20960998535156,1397515
STB,STB.OL,2025-05-21,132.5,133.5,131.39999389648438,133.5,129.4703826904297,812914
STB,STB.OL,2025-05-22,132.89999389648438,133.39999389648438,131.8000030517578,132.5,128.5005645751953,551585
STB,STB.OL,2025-05-23,133.0,133.6999969482422,130.0,131.89999389648438,127.91866302490234,706345
STB,STB.OL,2025-05-26,133.60000610351562,134.1999969482422,133.0,134.1999969482422,130.1492462158203,414733
STB,STB.OL,2025-05-27,134.0,134.60000610351562,133.39999389648438,134.0,129.9552764892578,379773
STB,STB.OL,2025-05-28,134.10000610351562,134.60000610351562,132.89999389648438,133.0,128.9854736328125,442891
STB,STB.OL,2025-05-30,133.1999969482422,134.5,133.10000610351562,133.6999969482422,129.66433715820312,834893
STB,STB.OL,2025-06-02,133.8000030517578,135.10000610351562,133.60000610351562,135.10000610351562,131.02207946777344,843216
STB,STB.OL,2025-06-03,136.0,136.39999389648438,134.0,134.5,130.440185546875,605118
STB,STB.OL,2025-06-04,134.8000030517578,135.10000610351562,133.89999389648438,135.10000610351562,131.02207946777344,637465
STB,STB.OL,2025-06-05,134.60000610351562,135.1999969482422,134.1999969482422,134.5,130.440185546875,608018
STB,STB.OL,2025-06-06,134.6999969482422,134.89999389648438,134.0,134.39999389648438,130.34320068359375,455420
STB,STB.OL,2025-06-10,134.60000610351562,135.60000610351562,133.60000610351562,135.39999389648438,131.31301879882812,677952
STB,STB.OL,2025-06-11,135.60000610351562,136.1999969482422,135.1999969482422,135.60000610351562,131.50698852539062,577266
STB,STB.OL,2025-06-12,135.0,135.39999389648438,133.1999969482422,133.89999389648438,129.85829162597656,448453
STB,STB.OL,2025-06-13,133.1999969482422,133.1999969482422,131.60000610351562,133.10000610351562,129.08245849609375,637660
STB,STB.OL,2025-06-16,133.6999969482422,135.1999969482422,133.3000030517578,135.0,130.9250946044922,497548
STB,STB.OL,2025-06-17,134.8000030517578,134.8000030517578,133.3000030517578,133.3000030517578,129.2764129638672,816218
STB,STB.OL,2025-06-18,134.89999389648438,136.8000030517578,134.5,135.89999389648438,131.7979278564453,907466
STB,STB.OL,2025-06-19,135.39999389648438,135.5,133.6999969482422,135.0,130.9250946044922,676255
STB,STB.OL,2025-06-20,135.0,137.5,134.5,137.5,133.34963989257812,1363266
STB,STB.OL,2025-06-23,136.5,137.5,135.60000610351562,136.1999969482422,132.08888244628906,698495
STB,STB.OL,2025-06-24,137.5,140.3000030517578,137.39999389648438,138.6999969482422,134.51341247558594,805031
STB,STB.OL,2025-06-25,140.0,141.10000610351562,138.89999389648438,139.5,135.28927612304688,1056156
STB,STB.OL,2025-06-26,139.39999389648438,140.10000610351562,138.89999389648438,139.5,135.28927612304688,506464
STB,STB.OL,2025-06-27,140.1999969482422,141.1999969482422,139.6999969482422,140.60000610351562,136.3560791015625,460358
STB,STB.OL,2025-06-30,142.0,142.8000030517578,140.5,142.8000030517578,138.4896697998047,537185
STB,STB.OL,2025-07-01,143.5,144.0,142.6999969482422,142.6999969482422,138.39266967773438,546192
STB,STB.OL,2025-07-02,143.5,143.8000030517578,141.3000030517578,141.8000030517578,137.5198516845703,411333
STB,STB.OL,2025-07-03,142.0,142.89999389648438,141.39999389648438,142.3000030517578,138.0047607421875,409892
STB,STB.OL,2025-07-04,141.8000030517578,142.39999389648438,141.3000030517578,141.6999969482422,137.42286682128906,223501
STB,STB.OL,2025-07-07,142.0,143.1999969482422,141.6999969482422,141.89999389648438,137.6168212890625,647648
STB,STB.OL,2025-07-08,141.5,141.5,139.39999389648438,140.60000610351562,136.3560791015625,745555
STB,STB.OL,2025-07-09,140.8000030517578,141.1999969482422,138.39999389648438,138.60000610351562,134.41644287109375,782917
STB,STB.OL,2025-07-10,138.6999969482422,140.39999389648438,138.10000610351562,140.1999969482422,135.9681396484375,849334
STB,STB.OL,2025-07-11,144.0,148.0,143.5,146.3000030517578,141.88401794433594,2693724
STB,STB.OL,2025-07-14,146.0,146.8000030517578,144.89999389648438,145.39999389648438,141.01116943359375,1303773
STB,STB.OL,2025-07-15,146.1999969482422,147.6999969482422,145.5,145.60000610351562,141.2051544189453,716778
STB,STB.OL,2025-07-16,145.0,146.6999969482422,144.60000610351562,146.6999969482422,142.27194213867188,773683
STB,STB.OL,2025-07-17,147.1999969482422,147.8000030517578,146.3000030517578,147.8000030517578,143.3387451171875,664151
STB,STB.OL,2025-07-18,148.1999969482422,148.3000030517578,147.0,147.60000610351562,143.144775390625,699661
STB,STB.OL,2025-07-21,147.6999969482422,147.6999969482422,146.60000610351562,147.3000030517578,142.8538360595703,320774
STB,STB.OL,2025-07-22,147.0,147.1999969482422,146.0,146.1999969482422,141.7870330810547,445882
STB,STB.OL,2025-07-23,147.0,147.8000030517578,146.6999969482422,147.3000030517578,142.8538360595703,440062
STB,STB.OL,2025-07-24,148.0,149.10000610351562,147.89999389648438,147.89999389648438,143.4357147216797,536934
STB,STB.OL,2025-07-25,148.1999969482422,148.39999389648438,146.89999389648438,147.1999969482422,142.75685119628906,360203
STB,STB.OL,2025-07-28,148.6999969482422,149.60000610351562,148.10000610351562,148.10000610351562,143.6296844482422,560779
STB,STB.OL,2025-07-29,148.39999389648438,149.5,148.10000610351562,149.3000030517578,144.79347229003906,504391
STB,STB.OL,2025-07-30,148.39999389648438,148.8000030517578,146.89999389648438,147.5,143.04779052734375,581851
STB,STB.OL,2025-07-31,148.3000030517578,148.3000030517578,147.3000030517578,147.3000030517578,142.8538360595703,521144
STB,STB.OL,2025-08-01,147.0,147.10000610351562,145.10000610351562,145.5,141.10816955566406,673956
STB,STB.OL,2025-08-04,146.5,148.3000030517578,146.1999969482422,148.3000030517578,143.8236541748047,719940
STB,STB.OL,2025-08-05,148.8000030517578,149.10000610351562,147.89999389648438,149.10000610351562,144.59950256347656,580161
STB,STB.OL,2025-08-06,149.5,150.5,148.89999389648438,150.5,145.95724487304688,620935
STB,STB.OL,2025-08-07,150.6999969482422,151.8000030517578,150.0,150.8000030517578,146.24818420410156,895667
STB,STB.OL,2025-08-08,150.5,150.89999389648438,149.39999389648438,150.39999389648438,145.86026000976562,395997
STB,STB.OL,2025-08-11,150.8000030517578,150.89999389648438,150.10000610351562,150.60000610351562,146.05422973632812,343703
STB,STB.OL,2025-08-12,150.89999389648438,152.1999969482422,150.6999969482422,151.89999389648438,147.31497192382812,478632
STB,STB.OL,2025-08-13,152.3000030517578,153.10000610351562,151.89999389648438,153.10000610351562,148.478759765625,465550
STB,STB.OL,2025-08-14,153.5,155.6999969482422,153.3000030517578,155.0,150.3214111328125,501609
STB,STB.OL,2025-08-15,155.60000610351562,156.39999389648438,155.0,155.8000030517578,151.09725952148438,607244
STB,STB.OL,2025-08-18,155.89999389648438,157.3000030517578,155.8000030517578,157.3000030517578,152.55198669433594,674244
STB,STB.OL,2025-08-19,157.5,157.5,155.5,155.6999969482422,151.00027465820312,384120
STB,STB.OL,2025-08-20,155.89999389648438,156.0,154.89999389648438,155.5,150.8063201904297,313194
STB,STB.OL,2025-08-21,155.5,156.1999969482422,154.8000030517578,156.1999969482422,151.4851837158203,402117
STB,STB.OL,2025-08-22,156.5,156.5,155.3000030517578,156.1999969482422,151.4851837158203,377050
STB,STB.OL,2025-08-25,156.1999969482422,156.6999969482422,155.3000030517578,156.5,151.77613830566406,234834
STB,STB.OL,2025-08-26,157.1999969482422,157.1999969482422,154.8000030517578,155.3000030517578,150.61236572265625,1029316
STB,STB.OL,2025-08-27,155.3000030517578,155.60000610351562,154.1999969482422,154.60000610351562,149.93348693847656,346476
STB,STB.OL,2025-08-28,154.60000610351562,155.60000610351562,154.1999969482422,155.39999389648438,150.70933532714844,649664
STB,STB.OL,2025-08-29,155.60000610351562,155.6999969482422,152.60000610351562,154.60000610351562,149.93348693847656,758587
STB,STB.OL,2025-09-01,154.60000610351562,154.60000610351562,152.6999969482422,153.1999969482422,148.57574462890625,346391
STB,STB.OL,2025-09-02,153.1999969482422,153.39999389648438,149.89999389648438,151.3000030517578,146.73309326171875,648579
STB,STB.OL,2025-09-03,151.0,151.3000030517578,148.5,149.3000030517578,144.79347229003906,760760
STB,STB.OL,2025-09-04,149.3000030517578,151.39999389648438,149.3000030517578,150.89999389648438,146.34515380859375,446367
STB,STB.OL,2025-09-05,151.60000610351562,151.60000610351562,149.5,150.0,145.4723358154297,455459
STB,STB.OL,2025-09-08,152.8000030517578,153.60000610351562,151.8000030517578,153.39999389648438,148.7696990966797,589565
STB,STB.OL,2025-09-09,154.0,155.1999969482422,153.6999969482422,154.89999389648438,150.22442626953125,598349
STB,STB.OL,2025-09-10,155.3000030517578,155.89999389648438,154.6999969482422,155.1999969482422,150.51536560058594,410798
STB,STB.OL,2025-09-11,155.5,155.6999969482422,152.6999969482422,152.89999389648438,148.2847900390625,785715
STB,STB.OL,2025-09-12,153.1999969482422,154.1999969482422,152.60000610351562,154.1999969482422,149.54556274414062,940451
STB,STB.OL,2025-09-15,155.0,156.3000030517578,154.1999969482422,156.1999969482422,151.4851837158203,490856
STB,STB.OL,2025-09-16,155.89999389648438,156.60000610351562,154.6999969482422,156.39999389648438,151.6791534423828,570175
STB,STB.OL,2025-09-17,156.39999389648438,156.60000610351562,154.89999389648438,156.1999969482422,151.4851837158203,965642
STB,STB.OL,2025-09-18,156.5,156.8000030517578,154.3000030517578,155.0,150.3214111328125,601622
STB,STB.OL,2025-09-19,154.8000030517578,154.89999389648438,150.0,150.0,145.4723358154297,2976179
STB,STB.OL,2025-09-22,150.1999969482422,150.39999389648438,149.1999969482422,149.89999389648438,145.37535095214844,706888
STB,STB.OL,2025-09-23,149.89999389648438,151.10000610351562,149.39999389648438,150.60000610351562,146.05422973632812,533706
STB,STB.OL,2025-09-24,150.60000610351562,150.89999389648438,149.5,150.0,145.4723358154297,412235
STB,STB.OL,2025-09-25,150.0,150.5,148.89999389648438,148.89999389648438,144.40553283691406,469951
STB,STB.OL,2025-09-26,149.3000030517578,151.39999389648438,148.5,150.5,145.95724487304688,583626
STB,STB.OL,2025-09-29,151.5,152.8000030517578,151.10000610351562,151.8000030517578,147.21800231933594,401627
STB,STB.OL,2025-09-30,151.89999389648438,152.89999389648438,151.3000030517578,152.1999969482422,147.60592651367188,632409
STB,STB.OL,2025-10-01,152.5,154.8000030517578,151.89999389648438,154.8000030517578,150.12745666503906,590746
STB,STB.OL,2025-10-02,154.8000030517578,154.89999389648438,150.60000610351562,150.60000610351562,146.05422973632812,620730
STB,STB.OL,2025-10-03,151.1999969482422,152.5,151.1999969482422,151.3000030517578,146.73309326171875,387810
STB,STB.OL,2025-10-06,151.89999389648438,153.10000610351562,151.5,151.6999969482422,147.1210174560547,400248
STB,STB.OL,2025-10-07,153.10000610351562,155.39999389648438,153.10000610351562,154.0,149.35159301757812,459527
STB,STB.OL,2025-10-08,154.0,154.5,152.8000030517578,154.10000610351562,149.44857788085938,876088
STB,STB.OL,2025-10-09,156.0,156.60000610351562,155.10000610351562,156.1999969482422,151.4851837158203,444296
STB,STB.OL,2025-10-10,155.8000030517578,157.6999969482422,155.8000030517578,157.6999969482422,152.93991088867188,580539
STB,STB.OL,2025-10-13,156.39999389648438,157.6999969482422,155.60000610351562,156.3000030517578,151.58216857910156,377428
STB,STB.OL,2025-10-14,156.39999389648438,157.60000610351562,155.6999969482422,156.3000030517578,151.58216857910156,395623
STB,STB.OL,2025-10-15,157.60000610351562,158.60000610351562,156.60000610351562,158.3000030517578,153.5218048095703,485834
STB,STB.OL,2025-10-16,158.60000610351562,158.60000610351562,155.5,155.6999969482422,151.00027465820312,434516
STB,STB.OL,2025-10-17,154.60000610351562,154.6999969482422,152.60000610351562,153.10000610351562,148.478759765625,764616
STB,STB.OL,2025-10-20,153.1999969482422,155.10000610351562,153.0,153.39999389648438,148.7696990966797,472065
STB,STB.OL,2025-10-21,154.5,154.60000610351562,153.60000610351562,154.1999969482422,149.54556274414062,521543
STB,STB.OL,2025-10-22,158.8000030517578,159.0,155.6999969482422,158.5,153.71575927734375,1020007
STB,STB.OL,2025-10-23,160.8000030517578,161.1999969482422,158.60000610351562,159.39999389648438,154.58859252929688,644363
STB,STB.OL,2025-10-24,160.10000610351562,160.10000610351562,156.0,156.0,151.29122924804688,1154526
STB,STB.OL,2025-10-27,157.5,160.8000030517578,156.5,160.5,155.6553955078125,956604
STB,STB.OL,2025-10-28,160.39999389648438,160.60000610351562,158.3000030517578,159.39999389648438,154.58859252929688,401954
STB,STB.OL,2025-10-29,159.39999389648438,160.10000610351562,158.1999969482422,159.3000030517578,154.4916229248047,723793
STB,STB.OL,2025-10-30,158.89999389648438,159.3000030517578,157.60000610351562,158.10000610351562,153.32785034179688,622692
STB,STB.OL,2025-10-31,158.5,158.5,156.0,157.10000610351562,152.3580322265625,420931
STB,STB.OL,2025-11-03,157.0,159.39999389648438,156.6999969482422,159.1999969482422,154.39463806152344,2824221
STB,STB.OL,2025-11-04,158.6999969482422,159.10000610351562,156.3000030517578,159.10000610351562,154.2976531982422,436919
STB,STB.OL,2025-11-05,159.10000610351562,159.10000610351562,157.0,157.6999969482422,152.93991088867188,348959
STB,STB.OL,2025-11-06,157.8000030517578,158.0,156.89999389648438,156.89999389648438,152.16404724121094,295510
STB,STB.OL,2025-11-07,156.89999389648438,157.89999389648438,155.1999969482422,157.10000610351562,152.3580322265625,523122
STB,STB.OL,2025-11-10,157.5,158.1999969482422,155.89999389648438,158.0,153.23085021972656,743792
STB,STB.OL,2025-11-11,158.39999389648438,159.8000030517578,158.10000610351562,159.0,154.20066833496094,735864
STB,STB.OL,2025-11-12,159.1999969482422,160.60000610351562,158.8000030517578,160.60000610351562,155.75238037109375,2258916
STB,STB.OL,2025-11-13,160.8000030517578,162.60000610351562,160.60000610351562,162.1999969482422,157.3040771484375,654157
STB,STB.OL,2025-11-14,161.39999389648438,161.5,158.3000030517578,159.89999389648438,155.07350158691406,672618
STB,STB.OL,2025-11-17,160.0,160.3000030517578,158.89999389648438,159.3000030517578,154.4916229248047,257256
STB,STB.OL,2025-11-18,158.0,158.0,155.10000610351562,155.8000030517578,151.09725952148438,489954
STB,STB.OL,2025-11-19,156.5,157.3000030517578,155.8000030517578,156.3000030517578,151.58216857910156,638575
STB,STB.OL,2025-11-20,157.3000030517578,158.5,157.10000610351562,157.3000030517578,152.55198669433594,272449
STB,STB.OL,2025-11-21,156.8000030517578,158.39999389648438,155.10000610351562,158.39999389648438,153.6187744140625,632716
STB,STB.OL,2025-11-24,159.3000030517578,159.5,156.60000610351562,158.39999389648438,153.6187744140625,602538
STB,STB.OL,2025-11-25,158.10000610351562,158.89999389648438,157.1999969482422,157.5,152.74595642089844,514454
STB,STB.OL,2025-11-26,157.5,158.6999969482422,157.3000030517578,158.39999389648438,153.6187744140625,577201
STB,STB.OL,2025-11-27,159.0,159.39999389648438,158.1999969482422,158.5,153.71575927734375,262744
STB,STB.OL,2025-11-28,158.5,158.6999969482422,156.89999389648438,157.39999389648438,152.64895629882812,630949
STB,STB.OL,2025-12-01,157.0,157.8000030517578,155.1999969482422,157.10000610351562,152.3580322265625,670820
STB,STB.OL,2025-12-02,157.0,158.6999969482422,156.6999969482422,158.10000610351562,153.32785034179688,308884
STB,STB.OL,2025-12-03,158.3000030517578,158.6999969482422,155.6999969482422,155.6999969482422,151.00027465820312,623550
STB,STB.OL,2025-12-04,156.0,157.6999969482422,155.39999389648438,157.5,152.74595642089844,473316
STB,STB.OL,2025-12-05,157.6999969482422,158.1999969482422,156.8000030517578,156.8000030517578,152.06707763671875,457319
STB,STB.OL,2025-12-08,156.89999389648438,159.60000610351562,156.89999389648438,159.0,154.20066833496094,1622027
STB,STB.OL,2025-12-09,159.0,160.6999969482422,158.8000030517578,159.39999389648438,154.58859252929688,665875
STB,STB.OL,2025-12-10,164.0,165.3000030517578,159.10000610351562,165.3000030517578,160.31051635742188,1539495
STB,STB.OL,2025-12-11,166.0,167.39999389648438,165.10000610351562,165.60000610351562,160.60145568847656,705493
STB,STB.OL,2025-12-12,166.5,168.10000610351562,165.8000030517578,165.8000030517578,160.79542541503906,624997
STB,STB.OL,2025-12-15,166.3000030517578,169.0,165.89999389648438,168.39999389648438,163.3169403076172,722630
STB,STB.OL,2025-12-16,168.39999389648438,169.6999969482422,168.39999389648438,168.60000610351562,163.5109100341797,830822
STB,STB.OL,2025-12-17,169.39999389648438,169.89999389648438,168.5,169.0,163.89883422851562,595072
STB,STB.OL,2025-12-18,169.10000610351562,170.39999389648438,169.0,170.3000030517578,165.1595916748047,532142
STB,STB.OL,2025-12-19,171.0,171.6999969482422,170.39999389648438,171.1999969482422,166.0324249267578,2064679
STB,STB.OL,2025-12-22,171.39999389648438,171.8000030517578,170.3000030517578,171.0,165.8384552001953,401328
STB,STB.OL,2025-12-23,171.1999969482422,171.8000030517578,170.60000610351562,171.8000030517578,166.61431884765625,257909
STB,STB.OL,2025-12-29,172.8000030517578,172.8000030517578,170.1999969482422,170.8000030517578,165.64450073242188,377894
STB,STB.OL,2025-12-30,171.3000030517578,172.8000030517578,170.89999389648438,172.6999969482422,167.4871368408203,341686
STB,STB.OL,2026-01-02,172.89999389648438,172.89999389648438,170.6999969482422,171.1999969482422,166.0324249267578,372181
STB,STB.OL,2026-01-05,172.0,172.0,169.3000030517578,171.89999389648438,166.71128845214844,584666
STB,STB.OL,2026-01-06,172.5,173.3000030517578,171.8000030517578,172.3000030517578,167.09922790527344,396916
STB,STB.OL,2026-01-07,173.5,173.5,169.5,169.60000610351562,164.48072814941406,630016
STB,STB.OL,2026-01-08,170.0,172.39999389648438,170.0,172.39999389648438,167.19619750976562,474084
STB,STB.OL,2026-01-09,172.89999389648438,172.89999389648438,169.1999969482422,169.1999969482422,164.09278869628906,630580
STB,STB.OL,2026-01-12,169.10000610351562,169.60000610351562,167.8000030517578,168.8000030517578,163.70486450195312,418601
STB,STB.OL,2026-01-13,169.3000030517578,170.6999969482422,169.0,170.5,165.35354614257812,414718
STB,STB.OL,2026-01-14,170.0,170.89999389648438,167.3000030517578,170.1999969482422,165.06260681152344,561300
STB,STB.OL,2026-01-15,170.3000030517578,172.3000030517578,169.60000610351562,172.3000030517578,167.09922790527344,920566
STB,STB.OL,2026-01-16,172.5,173.89999389648438,171.6999969482422,173.0,167.77809143066406,550013
STB,STB.OL,2026-01-19,171.0,171.3000030517578,169.8000030517578,171.3000030517578,166.12940979003906,388214
STB,STB.OL,2026-01-20,171.0,171.3000030517578,168.0,169.5,164.3837432861328,580311
STB,STB.OL,2026-01-21,169.0,169.10000610351562,166.1999969482422,169.0,163.89883422851562,457376
STB,STB.OL,2026-01-22,170.39999389648438,173.39999389648438,170.1999969482422,172.10000610351562,166.90525817871094,698430
STB,STB.OL,2026-01-23,171.89999389648438,172.1999969482422,168.3000030517578,168.6999969482422,163.60787963867188,565867
STB,STB.OL,2026-01-26,169.10000610351562,170.39999389648438,169.10000610351562,170.3000030517578,165.1595916748047,446884
STB,STB.OL,2026-01-27,170.89999389648438,172.1999969482422,170.3000030517578,170.5,165.35354614257812,297075
STB,STB.OL,2026-01-28,170.60000610351562,170.60000610351562,167.5,168.89999389648438,163.8018341064453,597387
STB,STB.OL,2026-01-29,169.39999389648438,169.39999389648438,167.8000030517578,168.0,162.92901611328125,621010
STB,STB.OL,2026-01-30,168.60000610351562,169.0,167.5,168.5,163.41392517089844,743452
STB,STB.OL,2026-02-02,167.89999389648438,171.6999969482422,167.60000610351562,171.6999969482422,166.517333984375,695346
STB,STB.OL,2026-02-03,172.0,172.60000610351562,170.60000610351562,171.60000610351562,166.42034912109375,584100
STB,STB.OL,2026-02-04,171.6999969482422,173.6999969482422,171.10000610351562,172.3000030517578,167.09922790527344,636042
STB,STB.OL,2026-02-05,172.3000030517578,172.60000610351562,170.6999969482422,171.39999389648438,166.22637939453125,524466
STB,STB.OL,2026-02-06,171.0,175.1999969482422,171.0,174.6999969482422,169.42677307128906,753763
STB,STB.OL,2026-02-09,175.0,176.0,173.3000030517578,173.8000030517578,168.55393981933594,575531
STB,STB.OL,2026-02-10,174.0,174.89999389648438,172.5,174.10000610351562,168.8448944091797,658533
STB,STB.OL,2026-02-11,177.3000030517578,182.5,176.10000610351562,179.6999969482422,174.27584838867188,1976191
STB,STB.OL,2026-02-12,177.1999969482422,179.39999389648438,175.6999969482422,177.5,172.1422576904297,1525333
STB,STB.OL,2026-02-13,177.5,179.1999969482422,174.0,175.0,169.7177276611328,962142
STB,STB.OL,2026-02-16,175.5,176.5,174.89999389648438,175.8000030517578,170.4935760498047,618070
STB,STB.OL,2026-02-17,176.0,176.60000610351562,174.5,176.1999969482422,170.88150024414062,504214
STB,STB.OL,2026-02-18,176.6999969482422,178.3000030517578,176.0,178.3000030517578,172.91812133789062,661698
STB,STB.OL,2026-02-19,178.60000610351562,180.10000610351562,178.3000030517578,179.1999969482422,173.7909393310547,722374
STB,STB.OL,2026-02-20,180.0,182.5,179.1999969482422,182.5,176.9913330078125,746904
STB,STB.OL,2026-02-23,182.8000030517578,183.3000030517578,182.0,182.60000610351562,177.0883331298828,519151
STB,STB.OL,2026-02-24,182.3000030517578,182.3000030517578,177.5,177.60000610351562,172.23924255371094,1187323
STB,STB.OL,2026-02-25,177.60000610351562,179.39999389648438,176.89999389648438,179.39999389648438,173.9849090576172,799635
STB,STB.OL,2026-02-26,179.10000610351562,180.0,177.39999389648438,179.8000030517578,174.37283325195312,665732
STB,STB.OL,2026-02-27,179.60000610351562,181.0,179.10000610351562,180.1999969482422,174.76075744628906,895629
STB,STB.OL,2026-03-02,178.6999969482422,180.3000030517578,176.60000610351562,178.5,173.11207580566406,838668
STB,STB.OL,2026-03-03,177.3000030517578,177.3000030517578,170.6999969482422,171.3000030517578,166.12940979003906,963814
STB,STB.OL,2026-03-04,171.3000030517578,175.5,171.0,175.0,169.7177276611328,626177
STB,STB.OL,2026-03-05,175.10000610351562,176.6999969482422,174.0,175.60000610351562,170.29962158203125,872365
STB,STB.OL,2026-03-06,176.0,176.8000030517578,173.3000030517578,173.3000030517578,168.06903076171875,1033365
STB,STB.OL,2026-03-09,171.5,171.5,168.39999389648438,169.60000610351562,164.48072814941406,790001
STB,STB.OL,2026-03-10,172.0,174.8000030517578,172.0,174.0,168.74790954589844,382821
STB,STB.OL,2026-03-11,173.39999389648438,174.60000610351562,172.10000610351562,173.89999389648438,168.6509246826172,397148
STB,STB.OL,2026-03-12,173.5,174.0,171.1999969482422,172.5,167.29318237304688,541065
STB,STB.OL,2026-03-13,172.3000030517578,174.3000030517578,171.5,172.60000610351562,167.39016723632812,671463
STB,STB.OL,2026-03-16,173.8000030517578,174.5,171.60000610351562,174.5,169.23281860351562,717416
STB,STB.OL,2026-03-17,174.5,176.3000030517578,174.0,175.1999969482422,169.91168212890625,448543
STB,STB.OL,2026-03-18,176.3000030517578,177.8000030517578,175.8000030517578,176.60000610351562,171.26943969726562,712750
STB,STB.OL,2026-03-19,175.10000610351562,175.5,169.6999969482422,170.39999389648438,165.25656127929688,1595305
STB,STB.OL,2026-03-20,171.0,173.0,168.10000610351562,168.5,163.41392517089844,1485725
STB,STB.OL,2026-03-23,165.60000610351562,171.1999969482422,163.10000610351562,170.0,164.86863708496094,806905
STB,STB.OL,2026-03-24,169.6999969482422,169.6999969482422,166.39999389648438,167.6999969482422,162.6380615234375,768256
STB,STB.OL,2026-03-25,170.0,170.8000030517578,169.10000610351562,170.6999969482422,165.54751586914062,859451
STB,STB.OL,2026-03-26,169.1999969482422,170.10000610351562,168.60000610351562,169.60000610351562,164.48072814941406,530154
STB,STB.OL,2026-03-27,169.6999969482422,170.10000610351562,167.6999969482422,168.39999389648438,163.3169403076172,727845
STB,STB.OL,2026-03-30,168.39999389648438,171.10000610351562,168.1999969482422,171.10000610351562,165.93544006347656,538976
STB,STB.OL,2026-03-31,171.8000030517578,175.39999389648438,171.8000030517578,174.3000030517578,169.03884887695312,816799
STB,STB.OL,2026-04-01,177.10000610351562,178.3000030517578,175.39999389648438,175.39999389648438,170.1056365966797,655639
STB,STB.OL,2026-04-07,175.89999389648438,178.5,175.8000030517578,175.8000030517578,170.4935760498047,690716
STB,STB.OL,2026-04-08,178.10000610351562,180.8000030517578,176.1999969482422,178.89999389648438,173.5,936846
STB,STB.OL,2026-04-09,179.0,179.6999969482422,178.10000610351562,178.89999389648438,173.5,656951
STB,STB.OL,2026-04-10,174.5,175.89999389648438,173.0,173.60000610351562,173.60000610351562,1122833
STB,STB.OL,2026-04-13,173.1999969482422,173.6999969482422,172.1999969482422,173.10000610351562,173.10000610351562,723701
STB,STB.OL,2026-04-14,174.0,176.3000030517578,173.60000610351562,175.8000030517578,175.8000030517578,694328
STB,STB.OL,2026-04-15,175.89999389648438,177.0,174.0,174.1999969482422,174.1999969482422,659056
STB,STB.OL,2026-04-16,174.8000030517578,175.10000610351562,173.89999389648438,174.39999389648438,174.39999389648438,466469
STB,STB.OL,2026-04-17,173.8000030517578,174.8000030517578,173.0,174.1999969482422,174.1999969482422,757188
STB,STB.OL,2026-04-20,173.60000610351562,173.8000030517578,171.3000030517578,172.3000030517578,172.3000030517578,538795
STB,STB.OL,2026-04-21,172.5,173.10000610351562,171.6999969482422,173.10000610351562,173.10000610351562,483040
STB,STB.OL,2026-04-22,173.39999389648438,173.6999969482422,171.5,171.5,171.5,514689
STB,STB.OL,2026-04-23,171.3000030517578,171.3000030517578,169.0,169.5,169.5,759399
STB,STB.OL,2026-04-24,170.0,170.0,167.8000030517578,168.8000030517578,168.8000030517578,575839
STB,STB.OL,2026-04-27,169.3000030517578,169.3000030517578,167.39999389648438,168.10000610351562,168.10000610351562,1000579
STB,STB.OL,2026-04-28,168.3000030517578,170.39999389648438,167.60000610351562,167.60000610351562,167.60000610351562,893570
STB,STB.OL,2026-04-29,172.60000610351562,177.0,169.5,173.5,173.5,1459861
STB,STB.OL,2026-04-30,173.0,178.6999969482422,171.10000610351562,178.6999969482422,178.6999969482422,1126412
STB,STB.OL,2026-05-04,179.5,180.10000610351562,176.1999969482422,176.1999969482422,176.1999969482422,726853
STB,STB.OL,2026-05-05,176.1999969482422,176.89999389648438,175.39999389648438,175.39999389648438,175.39999389648438,476876
STB,STB.OL,2026-05-06,176.8000030517578,180.0,176.6999969482422,180.0,180.0,550409
STB,STB.OL,2026-05-07,180.0,180.1999969482422,178.5,179.1999969482422,179.1999969482422,734248
STB,STB.OL,2026-05-08,179.0,179.1999969482422,176.8000030517578,176.8000030517578,176.8000030517578,677123
STB,STB.OL,2026-05-11,177.10000610351562,177.60000610351562,176.3000030517578,177.10000610351562,177.10000610351562,99322
