ticker,period_end_date,fundamental_score,quality_score,growth_score
FRO,1997-09-30,,,
FRO,1997-12-31,,,
FRO,1998-03-31,0.0,0.0,
FRO,1998-06-30,0.0,0.0,
FRO,1998-09-30,0.0,0.0,
FRO,1998-12-31,0.0,0.0,
SUBC,1999-02-28,0.0,0.0,
FRO,1999-03-31,0.0,0.0,0.0
SUBC,1999-05-31,0.0,0.0,
FRO,1999-06-30,0.0,0.0,0.0
SUBC,1999-08-31,0.0,0.0,
FRO,1999-09-30,0.0,0.0,0.0
SUBC,1999-11-30,0.0,0.0,
FRO,1999-12-31,0.0,0.0,0.0
SUBC,2000-02-29,0.0,0.0,
KOG,2000-03-31,0.8792621715638194,1.1723495620850926,
ATEA,2000-03-31,0.8760431154259511,1.1680574872346015,
ELK,2000-03-31,0.6971817711435697,0.929575694858093,
ORK,2000-03-31,0.004508476111154876,0.006011301481539835,
STB,2000-03-31,0.003287219995939037,0.0043829599945853824,
VEI,2000-03-31,-0.00641152608474208,-0.008548701446322774,
FRO,2000-03-31,-0.11476082858664292,-0.1530144381155239,0.0
MOWI,2000-03-31,-0.8002368426356741,-1.0669824568475654,
DNB,2000-03-31,-1.309351899760089,-1.7458025330134521,
EQNR,2000-03-31,,,
NOD,2000-03-31,,,
TEL,2000-03-31,,,
SUBC,2000-05-31,0.0,0.0,
ATEA,2000-06-30,1.0152122016858716,1.3536162689144953,
ELK,2000-06-30,0.8630846592709596,1.1507795456946128,
EQNR,2000-06-30,0.501665530656051,0.668887374208068,
TEL,2000-06-30,0.19705284613420504,0.26273712817894007,
VEI,2000-06-30,0.05419810233754664,0.07226413645006219,
STB,2000-06-30,0.05208686729697841,0.06944915639597121,
ORK,2000-06-30,-0.03824675481688259,-0.05099567308917679,
FRO,2000-06-30,-0.09757417120653844,-0.13009889494205126,0.0
MOWI,2000-06-30,-0.914535249289147,-1.2193803323855292,
DNB,2000-06-30,-1.4377956896559656,-1.9170609195412875,
KOG,2000-06-30,,,
NOD,2000-06-30,,,
SUBC,2000-08-31,0.0,0.0,0.0
TOM,2000-09-30,0.7403193286096876,0.9870924381462503,
EQNR,2000-09-30,0.5730592358388226,0.7640789811184301,
ORK,2000-09-30,0.499160129867816,0.6655468398237546,
FRO,2000-09-30,0.42138863323110864,0.5618515109748116,0.0
ATEA,2000-09-30,0.30162581840527486,0.4021677578736998,
NOD,2000-09-30,0.21752759979477349,0.29003679972636465,
ELK,2000-09-30,0.1629071387820128,0.21720951837601704,
STB,2000-09-30,0.06966793548045966,0.09289058064061288,
VEI,2000-09-30,-0.06178951645209867,-0.08238602193613155,
KOG,2000-09-30,-0.22460781027415122,-0.29947708036553494,
TEL,2000-09-30,-0.6484042971724735,-0.8645390628966313,
MOWI,2000-09-30,-0.7803627971206941,-1.0404837294942588,
DNB,2000-09-30,-0.8526158696041739,-1.136821159472232,
VEND,2000-09-30,,,
SUBC,2000-11-30,0.0,0.0,0.0
NOD,2000-12-31,2.1740741767522467,2.898765569002996,
TOM,2000-12-31,0.7092721655946191,0.9456962207928256,
EQNR,2000-12-31,0.4104923676733315,0.5473231568977753,
FRO,2000-12-31,0.3183066921920135,0.4244089229226847,0.0
ORK,2000-12-31,0.30587493010348493,0.4078332401379799,
ELK,2000-12-31,-0.028223758513970125,-0.03763167801862683,
KOG,2000-12-31,-0.058917399427329736,-0.07855653256977298,
VEI,2000-12-31,-0.07522835513954335,-0.10030447351939113,
STB,2000-12-31,-0.08459642559979949,-0.11279523413306598,
TEL,2000-12-31,-0.19345392018376956,-0.2579385602450261,
ATEA,2000-12-31,-0.19456747418515996,-0.2594232989135466,
DNB,2000-12-31,-0.4240512435690411,-0.5654016580920548,
MOWI,2000-12-31,-0.9644454266006238,-1.2859272354674984,
VEND,2000-12-31,,,
SUBC,2001-02-28,0.0,0.0,0.0
EQNR,2001-03-31,0.47678949409777505,0.6357193254637,
TOM,2001-03-31,0.40934076855957224,0.545787691412763,
AFG,2001-03-31,0.3406168342111075,0.45415577894814335,
ORK,2001-03-31,0.28703684397471574,0.3827157919662877,
FRO,2001-03-31,0.08379900072327767,0.11173200096437023,0.0
ATEA,2001-03-31,0.033392346873529724,0.0445231291647063,
KOG,2001-03-31,0.022539992969726634,0.030053323959635513,
MOWI,2001-03-31,-0.003983079074128218,-0.005310772098837624,
VEND,2001-03-31,-0.024951803900908114,-0.03326907186787748,
ELK,2001-03-31,-0.04312255061737167,-0.05749673415649556,
VEI,2001-03-31,-0.043257006466119526,-0.0576760086214927,
STB,2001-03-31,-0.1174090270413545,-0.15654536938847266,
NOD,2001-03-31,-0.48131552319290155,-0.6417540309238687,
DNB,2001-03-31,-1.0698449633662228,-1.4264599511549638,
TEL,2001-03-31,,,
SUBC,2001-05-31,0.0,0.0,0.0
NOD,2001-06-30,2.102035840421873,2.8027144538958306,
EQNR,2001-06-30,0.655073908279309,0.8734318777057454,
AFG,2001-06-30,0.3474803305076374,0.4633071073435165,
TOM,2001-06-30,0.3020046738835487,0.4026728985113982,
ORK,2001-06-30,0.2549701924101032,0.3399602565468043,
TEL,2001-06-30,0.24315268129923476,0.32420357506564634,
ATEA,2001-06-30,-0.027967712516887663,-0.03729028335585022,
ELK,2001-06-30,-0.13602245396051568,-0.18136327194735424,
FRO,2001-06-30,-0.14621511054163627,-0.1949534807221817,0.0
VEI,2001-06-30,-0.1606481369920733,-0.21419751598943107,
VEND,2001-06-30,-0.2443856341361766,-0.32584751218156877,
STB,2001-06-30,-0.26439940790363375,-0.35253254387151167,
MOWI,2001-06-30,-0.7228719394651213,-0.9638292526201617,
DNB,2001-06-30,-0.7976680909658276,-1.0635574546211035,
KOG,2001-06-30,,,
SUBC,2001-08-31,0.0,0.0,0.0
NOD,2001-09-30,2.701550942679047,3.6020679235720627,
TEL,2001-09-30,0.8824031045792551,0.27962497831869143,2.6907374833609463
EQNR,2001-09-30,0.5506970349700138,0.7073650788283254,0.08069290339507855
AFG,2001-09-30,0.33226062974510046,0.4430141729934673,
TOM,2001-09-30,0.20421998097161853,0.27229330796215806,
ORK,2001-09-30,0.14003854916637537,0.2896497232448038,-0.3087949730689099
DNB,2001-09-30,-0.05633185214943979,-0.09595920649810996,0.06255021089657073
FRO,2001-09-30,-0.09379989428845732,-0.24549953712561084,0.3612990342230033
ELK,2001-09-30,-0.0963940187294388,-0.1220830781140356,-0.01932684057564845
KOG,2001-09-30,-0.18207609278795434,0.15715271277618137,-1.1997625094803614
VEI,2001-09-30,-0.22105198500455098,-0.24191443991345044,-0.15846462027785252
ATEA,2001-09-30,-0.3827838109042012,-0.3907865236277077,-0.3587756727336816
STB,2001-09-30,-0.56138912070341,-0.4346803082385862,-0.9415155580978812
VEND,2001-09-30,-0.6238594396581301,-0.8318125862108401,
MOWI,2001-09-30,-0.9777431252989106,-1.2341110145181262,-0.20863945764126368
SUBC,2001-11-30,0.0,0.0,0.0
TEL,2001-12-31,0.9791342760976969,0.46684439825636875,2.5160039096216815
AFG,2001-12-31,0.6545795510197697,0.8727727346930263,
TOM,2001-12-31,0.5103556046551668,0.6804741395402224,
KOG,2001-12-31,0.47236252480390356,0.4201857216597581,0.6288929342363401
EQNR,2001-12-31,0.41055816875705803,0.5775493211398243,-0.09041528839124065
FRO,2001-12-31,0.27309715216295793,0.34597131003594966,0.054474678543982705
ORK,2001-12-31,0.1502471990354674,0.3075044380278649,-0.32152451794172526
VEI,2001-12-31,-0.03895872617892603,0.07161841168478725,-0.3706901397700659
ELK,2001-12-31,-0.11986780086640597,-0.10741877421669269,-0.15721488081554577
NOD,2001-12-31,-0.16884234626043493,-0.22512312834724657,
ATEA,2001-12-31,-0.17046204569640153,-0.2780239518417215,0.15222367273955836
VEND,2001-12-31,-0.2868804389646941,-0.3825072519529255,
DNB,2001-12-31,-0.5105404743757858,-0.6538844647375478,-0.08050850329049936
STB,2001-12-31,-0.5696283111385348,-0.2529782543840794,-1.5195784814019013
MOWI,2001-12-31,-1.7787279728782215,-2.1010828359941005,-0.8116633835305845
SUBC,2002-02-28,0.0,0.0,0.0
KOG,2002-03-31,0.6816263602981867,0.3077469153084724,1.8032646952673297
EQNR,2002-03-31,0.4089368245846689,0.513245483147258,0.09601084889690163
TOM,2002-03-31,0.24095582720253178,0.6574063288977456,-1.0083956778831098
ORK,2002-03-31,0.21382255772659003,0.30476159630186456,-0.05899455799923353
VEND,2002-03-31,0.1717172215730794,-0.35416163895481895,1.7493538031567744
ELK,2002-03-31,0.11657301013716967,0.13729165330581253,0.05441708063124107
TEL,2002-03-31,0.012845841679431882,0.15163355726113711,-0.4035173050656838
VEI,2002-03-31,-0.05256897876989863,-0.06868155205959464,-0.0042312589008106005
AFG,2002-03-31,-0.1912369057502764,-0.25498254100036855,
NOD,2002-03-31,-0.19370360219042143,-0.2582714695872286,
FRO,2002-03-31,-0.20149276904402452,-0.25863751437483606,-0.030058533051589943
ATEA,2002-03-31,-0.20628459642784244,-0.3980269241272447,0.3689423866703644
MOWI,2002-03-31,-0.2460871975536112,-0.05401595185555008,-0.8223009346477945
DNB,2002-03-31,-0.26471922464720055,-0.40844485754982385,0.1664576740606693
STB,2002-03-31,-0.7547405913902635,-0.3693380481419987,-1.910948221135058
SUBC,2002-05-31,0.0,0.0,0.0
TOM,2002-06-30,0.6195287604314732,0.7045529706890638,0.36445612965870183
MOWI,2002-06-30,0.37698406917726934,0.39724979814512446,0.31618688227370406
ORK,2002-06-30,0.3331723322737133,0.32274439981205044,0.36445612965870183
EQNR,2002-06-30,0.31922317221956775,0.30169357486209386,0.37181196429198954
TEL,2002-06-30,0.27360867195498095,0.24314763597964695,0.36499177988098297
ELK,2002-06-30,0.17316352715674826,0.10822820229204083,0.36796950175087056
VEI,2002-06-30,0.11949243858875036,0.024286275625825554,0.4051109274775248
KOG,2002-06-30,0.020073488838187548,0.36532040844434505,-1.015667269980285
AFG,2002-06-30,-0.01359415963629981,-0.01812554618173308,
NOD,2002-06-30,-0.06311953354977838,-0.08415937806637118,
VEND,2002-06-30,-0.11550076381905586,-0.2820468203095898,0.38413740565254584
FRO,2002-06-30,-0.3910392266039423,-0.6416008647883433,0.36064568794926083
ATEA,2002-06-30,-0.4056166920960021,-0.6819586117799593,0.4234090669558695
DNB,2002-06-30,-0.5327605490301425,-0.8320807758706538,0.3652001314913913
STB,2002-06-30,-1.287669370696362,-0.6926563819080634,-3.0727083370612576
SUBC,2002-08-31,0.0,0.0,0.0
KOG,2002-09-30,0.4266945424848435,0.27153991445162884,0.8921584265844875
AFG,2002-09-30,0.42449133283323714,0.44597223879089093,0.3600486149602758
EQNR,2002-09-30,0.30546415338740823,0.40299188504084693,0.012880958427092033
ORK,2002-09-30,0.22611633581751164,0.1907678731623503,0.3321617237829957
VEI,2002-09-30,0.21236520947722742,0.14012421959406712,0.4290881791267084
TOM,2002-09-30,0.1924608698160909,0.4391375164404451,-0.5475690700569715
ATEA,2002-09-30,0.07139077177077313,-0.6585495816913113,2.2612118321570263
ELK,2002-09-30,0.016389741543960383,0.09030592179474961,-0.2053587992084073
TEL,2002-09-30,-0.0466550085509025,0.08081982536801685,-0.42907951030766056
VEND,2002-09-30,-0.1548753690401609,-0.002813342224804153,-0.6110614494862311
DNB,2002-09-30,-0.24680334684731545,-0.2912669213853935,-0.11341262323308135
STB,2002-09-30,-0.2839630353872944,-0.49510619978623976,0.34946645780954155
MOWI,2002-09-30,-0.44489618739228975,0.18715621535035343,-2.3410533956202193
FRO,2002-09-30,-0.4934062258628493,-0.5280478528386137,-0.38948134493555625
NOD,2002-09-30,-1.0010373662337153,-1.3347164883116205,
SUBC,2002-11-30,0.0,0.0,0.0
MOWI,2002-12-31,1.7512179267518182,1.5244637424961602,2.4314804795187923
TOM,2002-12-31,1.2451232965786843,0.8597954742342153,2.401106763612091
AFG,2002-12-31,0.36182204246058103,0.582507927324902,-0.30023561213238187
VEI,2002-12-31,0.3101560274592178,0.4435786376510485,-0.0901118031162745
EQNR,2002-12-31,0.07930010002734292,0.20801227500268005,-0.30683642489866847
ELK,2002-12-31,0.03440698545353744,0.12218940085155777,-0.22894026074052357
NOD,2002-12-31,-0.02177073027794613,-0.022272789176650057,-0.020264553581834346
VEND,2002-12-31,-0.046716000593781504,0.14581847234619896,-0.6243194194137229
ORK,2002-12-31,-0.2562368187730175,-0.18426242018960384,-0.4721600145232586
KOG,2002-12-31,-0.28501821231716434,-0.26626438631254284,-0.3412796903310289
TEL,2002-12-31,-0.34429582683530263,-0.18908073525491373,-0.8099411015764694
STB,2002-12-31,-0.3957934460822535,-0.4207799003072974,-0.3208340834071218
FRO,2002-12-31,-0.5877140834151677,-0.6156082987291658,-0.5040314374731736
DNB,2002-12-31,-0.706149083543526,-0.7906752093235395,-0.45257070620348544
ATEA,2002-12-31,-1.223297136899518,-1.510708803955044,-0.36106213573294005
SUBC,2003-02-28,0.0,0.0,0.0
TOM,2003-03-31,1.2158510607577084,1.0517266817436925,1.7082241977997563
VEI,2003-03-31,0.4868464254751512,0.5936713136512882,0.16637176094674
EQNR,2003-03-31,0.2736407242647113,0.31326626802283597,0.1547640929903373
AFG,2003-03-31,0.26668203797683937,0.32130115150618366,0.10282469738880656
VEND,2003-03-31,0.21604512844037008,0.3321714251375277,-0.13233376165110275
ATEA,2003-03-31,0.19726680580621703,0.23680557335162555,0.07865050316999148
ELK,2003-03-31,0.15885979650706947,0.1409407143327953,0.2126170430298919
KOG,2003-03-31,0.15597710577576296,0.1983388658145656,0.028891825659354956
STB,2003-03-31,-0.11757851994382813,-0.20259782841843976,0.13747940548000676
ORK,2003-03-31,-0.27657073395313675,-0.3658006265953532,-0.008881056026487323
NOD,2003-03-31,-0.33963126845535374,-0.5540082362538634,0.3034996349401752
FRO,2003-03-31,-0.6206939608025814,-0.8660915823937747,0.11549890397099831
MOWI,2003-03-31,-0.6892431672035035,-1.052794468050884,0.4014107353386382
TEL,2003-03-31,-0.7354808336972671,0.10790804462098562,-3.265647468652025
DNB,2003-03-31,-1.2526008973513585,-1.6690110250067842,-0.0033705143850815363
SUBC,2003-05-31,0.0,0.0,0.0
TOM,2003-06-30,1.4619669349304552,0.9675548344324287,2.945203236424534
MOWI,2003-06-30,1.1518451393704898,1.5502600617380213,-0.043399627732104484
NOD,2003-06-30,0.37751224178651427,0.2145402993997132,0.8664280689469175
AFG,2003-06-30,0.3004077200154532,0.3518267239253328,0.1461507082858143
VEI,2003-06-30,0.06417704885702606,0.18456184897203382,-0.29697735148799725
EQNR,2003-06-30,0.0638675788676207,0.10816369062949723,-0.0690207564180089
ELK,2003-06-30,0.017660941346485756,-0.07052559986581274,0.2822205649833812
VEND,2003-06-30,-0.039894164011634314,0.31128581873631883,-1.0934341122554938
FRO,2003-06-30,-0.04907056079994587,-0.2824061683779989,0.6509362619342133
KOG,2003-06-30,-0.31325073056883285,-0.2567419848794068,-0.482776967637111
ORK,2003-06-30,-0.3642484270240893,-0.36564814274382745,-0.36004927986487484
STB,2003-06-30,-0.3692069598636023,-0.2234867813897002,-0.8063674952853086
TEL,2003-06-30,-0.4920280612204709,-0.22896335516700836,-1.2812221793808585
ATEA,2003-06-30,-0.8720317039364269,-1.080172081719341,-0.24761057058768468
DNB,2003-06-30,-0.9652088192080456,-1.2169182589689214,-0.21008049992541838
SUBC,2003-08-31,0.0,0.0,0.0
VEND,2003-09-30,0.37290292450438783,0.41113760275679584,0.25819888974716393
MOWI,2003-09-30,0.3460902469973214,0.37538736608070833,0.25819888974716065
AFG,2003-09-30,0.3031406866372717,0.318121285600642,0.25819888974716076
VEI,2003-09-30,0.2112522988468753,0.19560343521344684,0.2581988897471607
EQNR,2003-09-30,0.12879828172741847,0.08566474572083764,0.258198889747161
ELK,2003-09-30,0.12521044955399208,0.08088096948960222,0.25819888974716165
FRO,2003-09-30,0.06542003508342573,0.0011604168621800748,0.2581988897471627
TEL,2003-09-30,0.046661682194035055,-0.023850720323673275,0.25819888974716004
TOM,2003-09-30,-0.03382803260901812,1.1598241086747278,-3.614784456460256
STB,2003-09-30,-0.07291302904979448,-0.18328366864877935,0.25819888974716015
KOG,2003-09-30,-0.08205445918148012,-0.1954722421576937,0.2581988897471606
ORK,2003-09-30,-0.13020621867440688,-0.2596745881482627,0.25819888974716065
NOD,2003-09-30,-0.4722355327711193,-0.715713673610546,0.2581988897471609
DNB,2003-09-30,-0.5197101229351707,-0.7790131271626146,0.2581988897471609
ATEA,2003-09-30,-0.7208551909963546,-1.0472065512441933,0.2581988897471608
SUBC,2003-11-30,0.0,0.0,0.0
MOWI,2003-12-31,0.5750647965380369,0.6834724350677546,0.2498418809488838
FRO,2003-12-31,0.3864125509006038,0.41444725813841665,0.3023084291871651
EQNR,2003-12-31,0.3164640656500883,0.33370321932867436,0.26474660461433003
VEI,2003-12-31,0.21567722933821354,0.2007442570821661,0.26047614610635583
AFG,2003-12-31,0.21034372165295107,0.19647712608652568,0.2519435083522272
TEL,2003-12-31,0.2071258593543831,0.19867068937842336,0.23249136928226238
ELK,2003-12-31,0.10045328333939482,0.046744287658645294,0.26158027038164344
ORK,2003-12-31,0.08438533161323535,0.023945498751325532,0.2657048301989648
STB,2003-12-31,0.02218968427390714,-0.049348583557178395,0.23680448776716376
KOG,2003-12-31,-0.09042998285525335,-0.20623032706874353,0.2569710497852172
VEND,2003-12-31,-0.2716380958300344,0.8425966540853167,-3.6143423455760875
DNB,2003-12-31,-0.3420448278647038,-0.5452521030791783,0.26757699777871957
NOD,2003-12-31,-0.4825661891901878,-0.7286769219857453,0.2557660091964849
TOM,2003-12-31,-0.5201552466082298,-0.7787956652098013,0.2557660091964849
ATEA,2003-12-31,-0.5780365793753433,-0.854837023427186,0.252364752780185
SUBC,2004-02-29,0.0,0.0,0.0
MOWI,2004-03-31,1.1332170173936054,1.679324633043664,-0.5051058295565708
VEND,2004-03-31,0.9510928261118704,0.27736678587142016,2.972270946833221
NOD,2004-03-31,0.5288656553111658,0.8053002853550676,-0.30043823482053983
FRO,2004-03-31,0.4384225714170204,0.4270175944127305,0.4726375024298901
AFG,2004-03-31,0.05848013380260937,0.10327592889142478,-0.07590725146383687
ORK,2004-03-31,0.04981775819478207,-0.13220009134748104,0.5958713068215714
VEI,2004-03-31,-0.07070732210148112,-0.05123201669781098,-0.12913323831249154
EQNR,2004-03-31,-0.10175294958459923,-0.1388558290045766,0.009555688675332899
ELK,2004-03-31,-0.13282394277497164,-0.15737804974046163,-0.05916162187850169
TOM,2004-03-31,-0.30867821677404794,-0.321252832925679,-0.2709543683191546
TEL,2004-03-31,-0.4008544808152735,-0.016082574207894947,-1.555170200637409
KOG,2004-03-31,-0.403758365585312,-0.5413919419284177,0.009142363444005201
DNB,2004-03-31,-0.4451198985831978,-0.7367659216728536,0.42981817068576955
STB,2004-03-31,-0.48673903226187165,-0.2610686832504849,-1.163750079296032
ATEA,2004-03-31,-0.5604720051988583,-0.6040709553967264,-0.42967515460525385
YAR,2004-03-31,,,
SUBC,2004-05-31,0.0,0.0,0.0
MOWI,2004-06-30,0.9405295612305619,1.447601011081622,-0.580684788322619
FRO,2004-06-30,0.5486220016737406,0.6602123938608802,0.21385082511232223
STB,2004-06-30,0.449165279426106,-0.2846726045065178,2.6506789312239776
VEND,2004-06-30,0.41820685422841397,0.32823558842362,0.6881206516427959
ORK,2004-06-30,0.1679005929608281,0.049372681862676515,0.5234843262552829
VEI,2004-06-30,0.14502436942176794,0.09514980321164195,0.2946480680521459
EQNR,2004-06-30,0.05771963770630109,0.04105998224608002,0.1076986040869643
AFG,2004-06-30,0.04529332349185097,0.18175820592454273,-0.3641013238062243
ELK,2004-06-30,-0.03968657851511355,-0.06478687638810304,0.03561431510385494
YAR,2004-06-30,-0.1422109324811302,-0.18961457664150694,
KOG,2004-06-30,-0.3874037741879975,-0.37291000390799567,-0.43088508502800305
TOM,2004-06-30,-0.41526778592739194,-0.5305346868625538,-0.06946708312190648
TEL,2004-06-30,-0.45290893088038553,0.08331861716322878,-2.0615915750112284
ATEA,2004-06-30,-0.4904464263610926,-0.4603081930442786,-0.5808611263115346
DNB,2004-06-30,-0.5737198983411091,-0.8969320357494057,0.39591651388378035
NOD,2004-06-30,-0.588642850220468,-0.5107167157074215,-0.8224212537596077
SUBC,2004-08-31,0.0,0.0,0.0
FRO,2004-09-30,0.8744967266140794,1.0690886011101943,0.2907211031257346
VEND,2004-09-30,0.708059938211566,0.7829532960998732,0.4833798645466443
VEI,2004-09-30,0.65806764714236,0.5806196466618515,0.8904116485838856
ORK,2004-09-30,0.5542246972169156,0.5284752471238592,0.631473047496085
EQNR,2004-09-30,0.46869743528491653,0.5358742608580237,0.2671669585655951
ELK,2004-09-30,0.2529480446810126,0.2853020498567824,0.1558860291537031
AFG,2004-09-30,0.10914870851413613,0.0701998892712363,0.22599516624283567
KOG,2004-09-30,0.013654973511782244,0.006492459589718079,0.03514251527797474
TOM,2004-09-30,-0.09396374860639427,-0.17172001602742037,0.13930505365668405
NOD,2004-09-30,-0.1169688740856291,0.026764067766760158,-0.5481676996427969
STB,2004-09-30,-0.14216510389056225,-0.4272244000443059,0.7130127845706686
TEL,2004-09-30,-0.5583689905565372,0.376789872319673,-3.363845579185168
ATEA,2004-09-30,-0.613907508325122,-0.7646236200453183,-0.16175917316453356
DNB,2004-09-30,-0.8148979939057391,-1.2159484986682518,0.388253520381799
MOWI,2004-09-30,-0.9681857759862341,-1.241922621445275,-0.14697523960911132
YAR,2004-09-30,,,
SUBC,2004-11-30,0.0,0.0,0.0
AFG,2004-12-31,1.3323499221101232,1.005623932748974,2.3125278901935706
FRO,2004-12-31,0.7465382736845468,1.009320284806363,-0.04180775968090125
ORK,2004-12-31,0.521043890440881,0.5052412900010879,0.5684516917602604
YAR,2004-12-31,0.3548305683168102,0.4731074244224136,
VEND,2004-12-31,0.31578753647549573,0.5952628264795704,-0.5226383335367282
VEI,2004-12-31,0.30890481089596505,0.1787681343459167,0.69931484054611
TEL,2004-12-31,0.2548770725219916,0.30676088319286243,0.09922564050937915
EQNR,2004-12-31,0.1618788818475531,0.18314302066590898,0.0980864653924855
ELK,2004-12-31,0.05897086984156287,0.10966751972728106,-0.0931190798155917
TOM,2004-12-31,0.014206167888632201,0.10920863083819299,-0.27080122096005016
STB,2004-12-31,-0.0273637144819876,-0.4174999716492434,1.1430450570197799
KOG,2004-12-31,-0.061488531151701206,0.020101518247209463,-0.3062586793484332
NOD,2004-12-31,-0.5869330856268485,-0.054076122858219694,-2.185503973932735
ATEA,2004-12-31,-0.6638345647859463,-0.6479420664377168,-0.7115120598306348
DNB,2004-12-31,-0.940357405216548,-1.2837898327641,0.08993987742610789
MOWI,2004-12-31,-1.4169986999636557,-1.5963481480373343,-0.8789503557426201
SUBC,2005-02-28,0.0,0.0,0.0
VEI,2005-03-31,0.7910931501245728,0.4044751501029598,1.9509471501894116
AFG,2005-03-31,0.7314575802804916,0.769012262356196,0.6187935340533782
FRO,2005-03-31,0.6039347908866998,0.7295106832092144,0.22720711391915602
VEND,2005-03-31,0.5609059211297934,0.782513024680125,-0.10391538952120147
ORK,2005-03-31,0.381229706655697,0.34752750063882565,0.4823363247063111
EQNR,2005-03-31,0.34712672564255154,0.30703420161469475,0.467404297726122
YAR,2005-03-31,0.3410189866256985,0.45469198216759804,
STB,2005-03-31,0.1761961150955912,-0.06317278995929837,0.8943028302602599
TEL,2005-03-31,0.1716646628908275,0.31137302545132495,-0.24746042479066482
TOM,2005-03-31,-0.016257433422691772,0.05123618964057419,-0.21873830261248967
KOG,2005-03-31,-0.041080874240426876,0.10958095046911491,-0.4930663483690522
DNB,2005-03-31,-0.5727003785403768,-0.833435098848734,0.2095037823846946
NOD,2005-03-31,-0.72988113911075,-0.14378171600874085,-2.4881794084167774
ATEA,2005-03-31,-0.8233871799452049,-0.94214710151725,-0.4671074152290699
MOWI,2005-03-31,-1.3024287122478642,-1.4592290348971266,-0.8320277443000771
SUBC,2005-05-31,0.0,0.0,0.0
AFG,2005-06-30,0.8324840189620819,0.6428452021267839,1.4014004694679763
KOG,2005-06-30,0.7148002345868605,0.2109435521703696,2.226370281836333
YAR,2005-06-30,0.5367737416455011,0.4526633930196469,0.7891047875230633
VEI,2005-06-30,0.5279041913959245,0.49321976473001816,0.6319574713936436
VEND,2005-06-30,0.4368038383903232,0.6640072045838135,-0.24480626019014762
EQNR,2005-06-30,0.30360051024376794,0.42783493047719773,-0.06910275045652137
ORK,2005-06-30,0.22529879658545643,0.3052625594672086,-0.014592492059800118
FRO,2005-06-30,0.13678246212474188,0.3392944249331141,-0.4707534263003747
TEL,2005-06-30,-0.048869898478936885,0.2323092219494096,-0.8924072597639763
STB,2005-06-30,-0.20783382590261001,0.00690464995813162,-0.852049253484835
NOD,2005-06-30,-0.25444200610015333,-0.36217498360400446,0.06875692641140009
TOM,2005-06-30,-0.2940998638728143,0.050315459163315646,-1.327345832981204
MOWI,2005-06-30,-0.7267968003063732,-0.5054607173027538,-1.3908050493172315
ATEA,2005-06-30,-0.8459335396354876,-1.3246912283251646,0.5903395264335437
DNB,2005-06-30,-0.9716230651978068,-1.1468083740931208,-0.4460671385118651
SUBC,2005-08-31,0.0,0.0,0.0
AFG,2005-09-30,0.588577115040799,0.7037079881135935,0.2431844958224154
KOG,2005-09-30,0.523745187077768,0.2733940225203791,1.2747986807499345
VEI,2005-09-30,0.4424886134368542,0.48364800874936614,0.31901042749931846
ORK,2005-09-30,0.42735035885312966,0.36892008686977895,0.6026411748031818
VEND,2005-09-30,0.4137014844997444,0.6823581698987827,-0.3922685716973704
EQNR,2005-09-30,0.31924022156733134,0.37494436039961687,0.15212780507047485
YAR,2005-09-30,0.16976762342609764,0.29164762631775476,-0.19587238524887368
TEL,2005-09-30,0.12925281170310926,0.3011662981151883,-0.38648764753312786
FRO,2005-09-30,0.10845745646355304,0.31474054137407376,-0.5103917982680091
TOM,2005-09-30,-0.013008485081971416,0.32151373117360105,-1.0165751338486888
STB,2005-09-30,-0.2408179043015443,-0.09450136218863489,-0.6797675306402725
MOWI,2005-09-30,-0.5594135191529553,-0.29026516526837737,-1.3668585808066893
ATEA,2005-09-30,-0.5650529629672385,-1.6673688332778107,2.741894647964478
NOD,2005-09-30,-0.6007804990569652,-0.6258518456453399,-0.525566459291841
DNB,2005-09-30,-0.9530285476748221,-1.184081688708119,-0.25986912457493183
SUBC,2005-11-30,0.0,0.0,0.0
VEND,2005-12-31,0.9860887864291603,0.9364982142558689,1.1348605029490348
VEI,2005-12-31,0.6439981813085138,0.5272726308549581,0.9941748326691808
ORK,2005-12-31,0.5375755800332863,0.4300156493014967,0.8602553722286549
AFG,2005-12-31,0.4362100097406749,0.5385954207978728,0.12905377656908137
TEL,2005-12-31,0.3937705940799437,0.3285824192300905,0.5893351186295033
EQNR,2005-12-31,0.3673405453362399,0.4317101787282189,0.17423164516030304
KOG,2005-12-31,0.3573995480705854,0.2902379637007677,0.5588843011800385
YAR,2005-12-31,0.11401548112678246,0.2653492786207166,-0.33998591135502004
TOM,2005-12-31,0.07930540211725881,0.284269985846649,-0.5355883490709117
FRO,2005-12-31,-0.0647979884968878,0.049774263832057256,-0.40851474548372296
NOD,2005-12-31,-0.2770178202593748,-0.5044125044540224,0.40516623232456805
STB,2005-12-31,-0.30606634288032286,-0.24744204307174117,-0.4819392423060681
MOWI,2005-12-31,-0.8917584406627879,-0.1792330474206876,-3.0293346203890885
DNB,2005-12-31,-0.8946576475450119,-1.2704303298926403,0.23266039949787323
ATEA,2005-12-31,-1.2384280887108277,-1.5568176807466279,-0.28325931260342646
SUBC,2006-02-28,0.0,0.0,0.0
VEND,2006-03-31,0.8461561333118446,1.0166982331216674,0.33452983388237656
AFG,2006-03-31,0.6404231126364484,0.8045034419562317,0.1481821246770984
ORK,2006-03-31,0.44525976276670653,0.3719554665854,0.6651726513106261
NHY,2006-03-31,0.4448005669247742,0.5930674225663656,
KOG,2006-03-31,0.43170196670727956,0.10824722538262843,1.4020661906812328
TOM,2006-03-31,0.3638519496632229,0.38266743350498367,0.3074054981379405
VEI,2006-03-31,0.32981850826379644,0.19908456284600518,0.7220203445171703
EQNR,2006-03-31,0.326894434094169,0.39834443464235664,0.11254443244960607
FRO,2006-03-31,0.309526135046971,0.5587481127360325,-0.4381397980202134
TEL,2006-03-31,0.30583516917759346,0.16853651177659673,0.7177311413805835
YAR,2006-03-31,0.14987515536325352,0.32079341626551927,-0.3628796273435437
SALM,2006-03-31,0.034761010673781054,0.04634801423170807,
NOD,2006-03-31,-0.08114502918325427,-0.21066187162365263,0.3074054981379409
STB,2006-03-31,-0.4434194518623865,-0.46649492921901153,-0.3741930197925114
ATEA,2006-03-31,-0.5913399305712003,-0.5427503317863624,-0.7371087269257137
MOWI,2006-03-31,-1.2478035710272164,-0.6547049678075423,-3.027099380686239
DNB,2006-03-31,-1.319040979453657,-1.832842251802758,0.22236283759364683
PROT,2006-03-31,,,
SUBC,2006-05-31,0.0,0.0,0.0
TOM,2006-06-30,0.9411672494696114,0.15950575711861414,3.2861517265226032
VEND,2006-06-30,0.7354730440343862,1.0292421739023976,-0.1458343455696483
VEI,2006-06-30,0.5338367799811906,0.693205030777152,0.05573202759330685
EQNR,2006-06-30,0.49160678945690345,0.6882006598535475,-0.09817482173302866
NHY,2006-06-30,0.42999249662399086,0.5733233288319878,
ORK,2006-06-30,0.30249138590592517,0.391002613159926,0.03695770414392269
TEL,2006-06-30,0.22994376926482785,0.267525414221175,0.11719883439578634
YAR,2006-06-30,0.20912230010842414,0.36302874521903244,-0.2525970352234009
FRO,2006-06-30,0.1616026441658056,0.31274576443284857,-0.29182671663532317
SALM,2006-06-30,0.10103653319079364,0.13471537758772487,
KOG,2006-06-30,0.03405684315484772,0.0692930863404208,-0.07165188640187155
AFG,2006-06-30,-0.030530814621014608,0.005392529506516794,-0.1383008470036088
STB,2006-06-30,-0.2550297761441739,-0.2898731782567013,-0.15049956980659154
NOD,2006-06-30,-0.5170920674644855,-0.6293498666220939,-0.18031866999166057
ATEA,2006-06-30,-0.6441122959807797,-0.705456329474759,-0.4600801954988415
MOWI,2006-06-30,-0.6787049969947583,-0.35637658042635667,-1.6456902466999634
DNB,2006-06-30,-1.2503112111754342,-1.6467262955366855,-0.06106595809168095
PROT,2006-06-30,,,
AKRBP,2006-06-30,,,
SUBC,2006-08-31,0.0,0.0,0.0
AKRBP,2006-09-30,1.9317699947561022,2.5756933263414696,
NHY,2006-09-30,0.5273085130105029,0.7030780173473372,
EQNR,2006-09-30,0.4978229885376964,0.7826296684359128,-0.35659705115695245
MOWI,2006-09-30,0.43860689631478017,-0.4444471897413165,3.08776915448307
TOM,2006-09-30,0.38046844251324374,-0.03444595833334521,1.6252116450530105
SALM,2006-09-30,0.36592140295248865,0.48789520393665153,
YAR,2006-09-30,0.13286144721581816,0.3075531952685173,-0.3912137969422793
ORK,2006-09-30,0.09458828195119466,0.23093652981653115,-0.31445646164481483
VEND,2006-09-30,0.08970296259834225,0.2512974704975066,-0.39508056109915085
TEL,2006-09-30,0.0659298867367823,0.16387780016070028,-0.22791385353497162
VEI,2006-09-30,0.04085098815450825,0.13771591214061835,-0.24974378380382203
AFG,2006-09-30,-0.06970596368682516,0.0016746471983919292,-0.2838477963424764
FRO,2006-09-30,-0.0984583013890877,0.0196093494083657,-0.4526612537814479
NOD,2006-09-30,-0.125057057507572,-0.033453415547225696,-0.399867983388611
PROT,2006-09-30,-0.14668554562343739,-0.19558072749791652,
KOG,2006-09-30,-0.1544690107775411,-0.09376393270345136,-0.33658424499981027
STB,2006-09-30,-0.2860867665372194,-0.25297149242011985,-0.385432588888518
ATEA,2006-09-30,-0.8269430434007803,-0.8994147590206234,-0.6095278965412512
DNB,2006-09-30,-1.3572249795232882,-1.7062821302270592,-0.3100535274119752
SUBC,2006-11-30,0.0,0.0,0.0
TOM,2006-12-31,0.966835170012756,0.21254926237903718,3.229692892913912
AFG,2006-12-31,0.7173204792410989,0.9641499489326997,-0.02316792983370382
VEND,2006-12-31,0.430237303834668,0.3704832311896978,0.6094995217695787
EQNR,2006-12-31,0.22760891575830147,0.38065127618966177,-0.23151816553577953
SALM,2006-12-31,0.21659677214261408,0.2887956961901521,
NHY,2006-12-31,0.20481358948596104,0.2730847859812814,
TEL,2006-12-31,0.1882922240919095,0.16927437652683755,0.24534576678712525
ORK,2006-12-31,0.11925507518348741,0.27200143487995726,-0.3389840039059221
YAR,2006-12-31,0.0833022122825251,0.15506858101666238,-0.13199689391988673
VEI,2006-12-31,0.07847614748829249,0.17928835154379835,-0.22396046467822503
MOWI,2006-12-31,0.06219424984669642,-0.06110471907758435,0.43209115661953873
KOG,2006-12-31,0.04267342908718137,0.13828134634404382,-0.24415032268340597
FRO,2006-12-31,-0.0032979402534927954,0.14956769402246087,-0.4618948430813538
STB,2006-12-31,-0.22393827210073994,-0.16579167898237962,-0.3983780514558209
AKRBP,2006-12-31,-0.28822096036380374,-0.38429461381840496,
ATEA,2006-12-31,-0.3314319593668097,-0.12252380041595189,-0.9581564362193832
NOD,2006-12-31,-0.33689301187874204,-0.08475334996925771,-1.093311997607195
PROT,2006-12-31,-0.916785122179868,-1.2223801629064905,
DNB,2006-12-31,-1.4311411174902884,-1.7711514135972248,-0.41111022916947854
SUBC,2007-02-28,0.0,0.0,0.0
AFG,2007-03-31,0.9134452179581727,1.143231506473791,0.22408635241131752
VEND,2007-03-31,0.7960818472869606,0.5075836770679785,1.6615763579439071
TOM,2007-03-31,0.7145581677049917,0.21042391407177602,2.2269609286046386
SALM,2007-03-31,0.2760348990623571,0.3680465320831428,
MOWI,2007-03-31,0.27563340683903803,0.06306466084207629,0.9133396448299231
EQNR,2007-03-31,0.18831105755812672,0.429324236196296,-0.534728478356381
NHY,2007-03-31,0.18745391512907772,0.24993855350543698,
TEL,2007-03-31,0.17653974820971463,0.15057614215061435,0.25443056638701544
YAR,2007-03-31,0.1634210785927086,0.055843090616504984,0.4861550425213195
ORK,2007-03-31,0.15595720236151736,0.2683218715298566,-0.18113680514350042
KOG,2007-03-31,0.07325549302233761,0.12997065439481778,-0.09688999109510285
VEI,2007-03-31,0.021032680552020427,0.23247734293067213,-0.6133013065839347
FRO,2007-03-31,-0.27931684248520666,-0.09875985983357435,-0.8209877904401036
STB,2007-03-31,-0.3622695436309439,-0.2373094079878651,-0.7371499505601801
ATEA,2007-03-31,-0.3979116659322269,-0.011964902125952095,-1.5557519573510512
NOD,2007-03-31,-0.5293160585850305,-0.5013209759187294,-0.6133013065839341
AKRBP,2007-03-31,-0.5448859868215605,-0.7265146490954141,
PROT,2007-03-31,-0.6021030615854481,-0.8028040821139308,
DNB,2007-03-31,-1.3740988077020009,-1.6276979747413565,-0.6133013065839341
SUBC,2007-05-31,0.0,0.0,0.0
VEND,2007-06-30,1.0028658651532703,0.40187014369315305,2.8058530295336217
AFG,2007-06-30,0.6416066752283868,0.7624759137173616,0.2789989597614622
TEL,2007-06-30,0.36748015645693033,0.30790048929440794,0.5462191579444975
YAR,2007-06-30,0.3585317667792448,0.2482412658758518,0.689403269489424
NOD,2007-06-30,0.2826812382022293,0.18759198559932666,0.5679489960109372
ORK,2007-06-30,0.2755323810236121,0.31225264433636374,0.1653715910853572
VEI,2007-06-30,0.27013559493631173,0.5257221646253953,-0.49662411413093915
TOM,2007-06-30,0.2146099836948662,0.4746880526336935,-0.5656242231216159
SALM,2007-06-30,0.18955952347306254,0.25274603129741674,
KOG,2007-06-30,0.15197607654190853,0.19740297657803155,0.01569537643353952
EQNR,2007-06-30,0.10717977154160194,0.3683812330426826,-0.6764246129616401
NHY,2007-06-30,0.09395216295052983,0.12526955060070644,
FRO,2007-06-30,0.057434844738141366,0.23057093502447576,-0.4619734261208618
MOWI,2007-06-30,0.03414066869300235,0.1201873640425501,-0.22399941735564088
STB,2007-06-30,-0.3401909807286483,-0.35709835387495875,-0.28946886128971694
ATEA,2007-06-30,-0.6252281741790193,-0.23288771454389237,-1.8022495530844003
PROT,2007-06-30,-0.6562440664984277,-0.8749920886645702,
AKRBP,2007-06-30,-0.770352202763603,-1.0271362703514706,
DNB,2007-06-30,-1.5122199027491479,-1.831917812934189,-0.5531261721940243
SUBC,2007-08-31,,,0.0
VEI,2007-09-30,0.3681088247754426,0.5702669753736596,-0.2383656270192082
VEND,2007-09-30,0.3495782273534931,0.3689919122122758,0.291337172777145
AFG,2007-09-30,0.3032424439417313,0.4645821730301377,-0.180776743323488
SALM,2007-09-30,0.29024446539839366,0.4809992430465309,-0.28201986754601815
KOG,2007-09-30,0.2840297240728108,0.4161378161254965,-0.11229455208524636
EQNR,2007-09-30,0.21117711627738073,0.37231875634603423,-0.2722478039285798
NOD,2007-09-30,0.19124263587603416,0.34899680368338487,-0.28201986754601804
ORK,2007-09-30,0.18816706335754693,0.2967519158258073,-0.13758749404723417
TOM,2007-09-30,0.18180978681489557,0.35945382155725725,-0.3511223174121896
YAR,2007-09-30,0.14139952863283814,0.24169210143823117,-0.1594781897833409
AKRBP,2007-09-30,0.12546020422256976,-1.1540336524468928,3.9639417742309573
TEL,2007-09-30,0.12243291806676322,0.2296652179269577,-0.19926398151382024
FRO,2007-09-30,0.06288391888680404,0.2081514856042703,-0.3729187812655947
MOWI,2007-09-30,-0.03631719755344004,0.02819516747776182,-0.2298542926470456
NHY,2007-09-30,-0.045565978966649455,0.07787952383798571,-0.41590248738055496
ATEA,2007-09-30,-0.15926562879225795,0.11599477332699093,-0.9850468351500046
STB,2007-09-30,-0.33096860408303996,-0.36282090386216737,-0.23541170474565776
PROT,2007-09-30,-0.6920068934052903,-1.0735137182175316,0.4525135810314332
DNB,2007-09-30,-1.4096338014793381,-1.7950177410906059,-0.25348198264553434
SUBC,2007-11-30,0.0,0.0,0.0
AFG,2007-12-31,0.9403493517901443,1.2645435401324479,-0.03223321323676639
KOG,2007-12-31,0.6122030793189465,0.3955321683742136,1.262215812153145
VEI,2007-12-31,0.3848971454449466,0.5023434644171312,0.0325581885283928
AKRBP,2007-12-31,0.26213764759693514,-0.7581176104684252,3.3229034217930162
NOD,2007-12-31,0.19526679217218773,0.3197773385671136,-0.17826484701258977
TOM,2007-12-31,0.19454620325644056,0.34993804906883386,-0.2716293341807394
EQNR,2007-12-31,0.1617397607267628,0.2991434126364657,-0.25047119500234594
ORK,2007-12-31,0.1528925536188017,0.22920198408693435,-0.07603573778559622
SALM,2007-12-31,0.11283894508041811,0.24449183543968595,-0.28211972599738544
VEND,2007-12-31,0.06546048564501891,0.22815142536343308,-0.42261233351022354
TEL,2007-12-31,0.044392515695731376,0.1083372343897276,-0.14744164038625732
YAR,2007-12-31,0.020138413622713902,-0.013658574449470225,0.12152937783926629
FRO,2007-12-31,-0.06457934263448868,-0.006026778306964131,-0.24023703561706233
NHY,2007-12-31,-0.11534789402739554,-0.028356728996073305,-0.3763213891213622
STB,2007-12-31,-0.12403191279234363,-0.15423563987505293,-0.03342073154421575
MOWI,2007-12-31,-0.3517011206876113,-0.25547752601230433,-0.640371904713532
ATEA,2007-12-31,-0.36749891203692253,0.19185298074263,-2.04555459037558
PROT,2007-12-31,-0.6204569133750879,-0.9308716273768165,0.31078722863009783
DNB,2007-12-31,-1.4004097023693425,-1.8494528196723694,-0.05328035046026173
SUBC,2008-02-29,0.0,0.0,0.0
AFG,2008-03-31,0.7373333640226152,0.9613042932884748,0.06542057622503632
KOG,2008-03-31,0.5402281429644709,0.3716536763508047,1.045951542805469
AKRBP,2008-03-31,0.376184966390543,-0.5080855354738953,3.028996471983858
VEI,2008-03-31,0.37464316767889416,0.43464104525862907,0.19464953493968962
NOD,2008-03-31,0.26505277482770173,0.5537796918879677,-0.601127976353096
TOM,2008-03-31,0.2569323545017895,0.3771933575567534,-0.10385065466310218
VEND,2008-03-31,0.23633552442488154,0.31748260476879264,-0.007105716606851796
EQNR,2008-03-31,0.20565551472385393,0.27407379102485874,0.00040068582083953677
YAR,2008-03-31,0.16836086966027586,0.09404429510784366,0.3913105933175724
FRO,2008-03-31,0.13234536897052712,0.1692737170180973,0.021560324827816724
ORK,2008-03-31,0.10528327214413877,0.18598355137593023,-0.1368175655512356
TEL,2008-03-31,0.08979848782788985,0.09731653277071738,0.06724435299940731
SALM,2008-03-31,0.06487736479859744,0.18189075616178485,-0.28616280929096477
STB,2008-03-31,-0.22360911758748908,-0.30834495644298787,0.03059839897900731
NHY,2008-03-31,-0.24995101092365,-0.2575167766271743,-0.227253713813077
MOWI,2008-03-31,-0.3544419228479426,-0.2821265985456111,-0.5713878957549371
ATEA,2008-03-31,-0.5333837913780527,0.14200020939159436,-2.559535793686994
PROT,2008-03-31,-0.8058469078960618,-0.9553085142864162,-0.357462088724999
DNB,2008-03-31,-1.2381954074854007,-1.652451120829388,0.004571732546560529
SUBC,2008-05-31,0.0,0.0,0.0
VEI,2008-06-30,0.5156039334721049,0.5863589754814306,0.3033388074441277
KOG,2008-06-30,0.5127952628867953,0.4436960409272369,0.7200929287654704
FRO,2008-06-30,0.38163379807070913,0.42934970322294763,0.23848608261399368
YAR,2008-06-30,0.3465016661189574,0.2672229522043884,0.5843378078626642
EQNR,2008-06-30,0.3295420040120484,0.3576003759627457,0.24536688815995664
AFG,2008-06-30,0.2925470581308367,0.3121063645412891,0.23386913889947955
TOM,2008-06-30,0.2877176845103536,0.32529561106958343,0.17498390483266416
VEND,2008-06-30,0.27357374010201774,0.3219792712751688,0.12835714658256459
NOD,2008-06-30,0.268569569860675,0.3822041192302203,-0.07233407824796094
SALM,2008-06-30,0.22124876551681427,0.21253069310531897,0.24740298275130024
TEL,2008-06-30,0.21164320637512762,0.20442390378898295,0.23330111413356175
ORK,2008-06-30,0.11982204565342507,0.13406092428393784,0.07710540976188672
NHY,2008-06-30,-0.04387427261662025,-0.08633285936273319,0.0835014876217186
AKRBP,2008-06-30,-0.3024236757862511,-0.5895574395167393,0.5589776154052135
STB,2008-06-30,-0.3060541220802541,-0.44055662902470505,0.09745339875309862
MOWI,2008-06-30,-0.41406995576513833,-0.5073720830141454,-0.1341635740181172
PROT,2008-06-30,-0.6730674710869055,-0.939263397521387,0.12552030821653914
ATEA,2008-06-30,-0.7844263570262937,0.29998677073404745,-4.037665740307317
DNB,2008-06-30,-1.22560247016246,-1.698159417139665,0.19206837076915464
SUBC,2008-08-31,0.0,0.0,0.0
YAR,2008-09-30,0.6309738772357282,0.1680243529801431,2.0198224500024833
KOG,2008-09-30,0.5029280044856079,0.10355211114863512,1.7010556844965266
FRO,2008-09-30,0.4861941515444134,0.3614450313138192,0.8604415122361961
VEI,2008-09-30,0.45540635644131977,0.45706743992760324,0.4504231059824692
AFG,2008-09-30,0.4126034248995668,0.45901987935732247,0.27335406152630004
ATEA,2008-09-30,0.35653465274994334,0.2419326701986344,0.7003406004038701
TEL,2008-09-30,0.23280768080993697,0.18304268558107578,0.3821026664965206
EQNR,2008-09-30,0.20475027349614205,0.22300460996026708,0.14998726410376695
TOM,2008-09-30,0.19382746558525354,0.19292636056837875,0.19653078063587792
VEND,2008-09-30,0.134590022363994,0.201885507565373,-0.067296433240143
NOD,2008-09-30,0.0804066384799442,0.07184105894400013,0.10610337708777637
SALM,2008-09-30,-0.035130685391710145,0.08357486695331308,-0.39124734242677983
STB,2008-09-30,-0.05358175055647302,0.5484027668474989,-1.8595353027683887
ORK,2008-09-30,-0.14116850937973358,0.0218194320569143,-0.6301323336896771
NHY,2008-09-30,-0.46160927185676504,-0.4336437443550947,-0.545505854361776
AKRBP,2008-09-30,-0.6070332625522085,-0.6731107176585526,-0.4088008972331761
MOWI,2008-09-30,-0.6869968389399177,-0.27144107498832093,-1.9336641307947078
PROT,2008-09-30,-0.7503890277412602,-0.6537413104019013,-1.0403321797593366
DNB,2008-09-30,-0.919758672013573,-1.23846255311883,0.03635297130219838
SUBC,2008-11-30,0.0,0.0,0.0
AFG,2008-12-31,0.567019452562906,0.6700211968082468,0.2580142198268837
VEI,2008-12-31,0.5367584230178897,0.6356036906387655,0.2402226201552621
FRO,2008-12-31,0.42700377688401,0.48390837067368725,0.2562899955149783
NOD,2008-12-31,0.3633371697365049,0.3584841729254502,0.377896160169669
EQNR,2008-12-31,0.34092916643368093,0.3705420701212914,0.25209045537084945
ATEA,2008-12-31,0.2913029641927069,0.30566044196793685,0.2482305308670171
SALM,2008-12-31,0.26479996226874947,0.27797687962907475,0.22526921018777357
VEND,2008-12-31,0.2352122741382009,0.267798986854382,0.13745213598965747
TEL,2008-12-31,0.22220436212021802,0.21659126471970466,0.23904365432175811
TOM,2008-12-31,0.1705328441214326,0.14590013161510393,0.24443098164041865
NHY,2008-12-31,0.14397672433804232,0.1310270132869844,0.182825857491216
ORK,2008-12-31,0.011113747341879893,-0.048665124244884235,0.19045036210217228
AKRBP,2008-12-31,-0.054324615637817694,-0.1440785164711218,0.21493708686209462
PROT,2008-12-31,-0.08467268344469486,-0.16235680281080087,0.1483796746536231
YAR,2008-12-31,-0.14712234362156895,-0.2874674656407162,0.27391302243587284
KOG,2008-12-31,-0.2923403783876647,-0.4666143670591139,0.23048158762668294
STB,2008-12-31,-0.435614298366408,-0.6382101937341806,0.17217338773690982
DNB,2008-12-31,-1.2372307556109452,-1.7268901064810054,0.2317472969992351
MOWI,2008-12-31,-1.3182057614579925,-0.38299160195996534,-4.123848239952074
SUBC,2009-02-28,0.0,0.0,0.0
AFG,2009-03-31,1.3458222737613565,1.5488828791516296,0.7366404575905376
VEI,2009-03-31,0.5587927260612857,0.6088141035967609,0.40872859345486007
SALM,2009-03-31,0.3966188427798193,0.2598479251602011,0.8069315956386737
ATEA,2009-03-31,0.3702912028849495,0.31259239755590773,0.5433876188720748
AKRBP,2009-03-31,0.3147919507152149,0.4644964396473757,-0.13432151608126772
EQNR,2009-03-31,0.2636210565651481,0.23146589189619907,0.3600865505719953
TEL,2009-03-31,0.20447088252728163,0.17104103216279926,0.30476043362072874
TOM,2009-03-31,0.18934122144878915,0.057747898729910256,0.5841211896054258
MOWI,2009-03-31,0.10334787392519501,-0.42864144717924085,1.6993158372385027
FRO,2009-03-31,0.04165886877714077,-0.10562124995417826,0.4834992249710979
KOG,2009-03-31,-0.012441802117080625,-0.12652626927319466,0.3298115993512615
VEND,2009-03-31,-0.11607717027141763,0.1473683602542148,-0.9064137618483149
YAR,2009-03-31,-0.1254150906218449,-0.3427597760247416,0.5266189655868453
NHY,2009-03-31,-0.14245707103067237,0.003248791414965077,-0.5795746583675847
ORK,2009-03-31,-0.21001460554725215,-0.1410958859624672,-0.4167707643016071
NOD,2009-03-31,-0.29449112162504654,0.4581330901208055,-2.5523637568626025
PROT,2009-03-31,-0.6689683651218936,-0.27117879728264627,-1.8623370686396354
STB,2009-03-31,-0.6885818835897982,-0.6409750504218117,-0.8314023830937578
DNB,2009-03-31,-1.1376998785589676,-1.6833604523095453,0.4992818426927662
SUBC,2009-05-31,0.0,0.0,0.0
AFG,2009-06-30,1.0049638504565328,1.1031099134438254,0.7105256614946548
SALM,2009-06-30,0.8309153973324885,0.6998308314214576,1.224169095065581
MOWI,2009-06-30,0.6031850327866037,-0.05914897252420154,2.5901870487190197
VEI,2009-06-30,0.5797025475471606,0.6792580057569434,0.28103617291781197
NOD,2009-06-30,0.4151181189578117,0.5534908252770823,
ATEA,2009-06-30,0.3549760858342691,0.35937221008318804,0.34178771308751227
TOM,2009-06-30,0.27443775958269456,0.2205503815586892,0.4360998936547106
TEL,2009-06-30,0.26409335185423616,0.33384358733229397,0.054842645420062716
EQNR,2009-06-30,0.12556964151133787,0.20678692684645408,-0.11808221449401081
KOG,2009-06-30,0.05768830465993417,0.02950042983928447,0.14225192912188328
FRO,2009-06-30,-0.020782015221157746,-0.021665670481334387,-0.018131049440627822
YAR,2009-06-30,-0.17478779607624936,-0.21795998580920223,-0.0452712268773908
AKRBP,2009-06-30,-0.2369039320861603,-0.21009374447828458,-0.3173344949097875
VEND,2009-06-30,-0.32337344145827207,0.130948513652624,-1.6863393067909602
ORK,2009-06-30,-0.4004304818329495,-0.1883482666911448,-1.0366771272583635
NHY,2009-06-30,-0.48654141394283423,-0.25332462648404197,-1.186191776319211
STB,2009-06-30,-0.9463176895111507,-0.7508580920782536,-1.5326964818098416
PROT,2009-06-30,-0.9506389780678791,-1.2301142373032858,-0.11221320036165876
DNB,2009-06-30,-1.0098629906778858,-1.4371628938307193,0.27203671878061464
SUBC,2009-08-31,0.0,0.0,0.0
NOD,2009-09-30,1.050868166159578,1.187564195685819,0.6407800775808554
AFG,2009-09-30,0.9972451569616376,1.116514490287413,0.639437156984312
SALM,2009-09-30,0.7859966501652413,0.6608296872567956,1.1614975388905786
VEI,2009-09-30,0.5814229642662074,0.6512829650212519,0.3718429620010739
KOG,2009-09-30,0.4961963898776431,0.5462217946491498,0.3461201755631229
GJF,2009-09-30,0.40394559367221117,0.5385941248962816,
TOM,2009-09-30,0.34045780151748606,0.3092869667855934,0.433970305713164
ATEA,2009-09-30,0.27210151808265726,0.23327767787093734,0.3885730387178171
TEL,2009-09-30,0.2535282264493012,0.24647153875785616,0.27469828952363623
EQNR,2009-09-30,0.09298952748897756,0.06102675676640851,0.1888778396566847
MOWI,2009-09-30,-0.03685668185782674,-0.07835098578868269,0.08762622993474108
VEND,2009-09-30,-0.20898263144899432,-0.10672039410163328,-0.5157693434910774
FRO,2009-09-30,-0.21818437309436453,-0.3472525247129151,0.16902008176128733
YAR,2009-09-30,-0.2919796019845423,-0.42841633483995506,0.11733059658169602
STB,2009-09-30,-0.2956020199179305,-0.3505084407206136,-0.13088275750988118
AKRBP,2009-09-30,-0.3425651780685272,-0.5363169035844401,0.2386899984792115
ORK,2009-09-30,-0.35203842615305925,-0.33023745070561783,-0.41744135249538344
NHY,2009-09-30,-0.4935729648330843,-0.4585291523383785,-0.5987044023172019
PROT,2009-09-30,-0.8950953581613919,0.057028040289452374,-3.7514655535139245
DNB,2009-09-30,-1.4094638638250172,-1.9978848577464519,0.3557991179392872
SUBC,2009-11-30,0.0,0.0,0.0
AFG,2009-12-31,1.0804887199052473,1.274978435662708,0.4970195726328648
SALM,2009-12-31,0.7814884278282883,0.5317063745199717,1.530834587753238
NOD,2009-12-31,0.7402585303053649,0.8710905812049464,0.3477623776066207
KOG,2009-12-31,0.582860925358097,0.5729341193348484,0.6126413434278425
VEI,2009-12-31,0.4325001010665778,0.5370670668350512,0.11879920376115753
GJF,2009-12-31,0.3419480270113604,0.4559307026818139,
ATEA,2009-12-31,0.23708350340024797,0.2094691226740146,0.3199266455789481
TOM,2009-12-31,0.21486229130012457,0.19062885085108208,0.287562612647252
TEL,2009-12-31,0.1523136834724561,0.14561786279475497,0.17240114550555952
YAR,2009-12-31,-0.047057697243916764,-0.03974185433914264,-0.06900522595823914
VEND,2009-12-31,-0.07607838048368862,0.0037726323237084747,-0.31563141890587987
AKRBP,2009-12-31,-0.13890439396947885,-0.8198479592280721,1.9039263018063006
EQNR,2009-12-31,-0.1540007100467724,-0.18211631623267005,-0.06965389148907938
NHY,2009-12-31,-0.1976066854568869,-0.15410095647938535,-0.32812387238939156
MOWI,2009-12-31,-0.19867985942115868,-0.06517983749346225,-0.599179925204248
ORK,2009-12-31,-0.34903196191276253,-0.18263543387841097,-0.8482215460158173
PROT,2009-12-31,-0.4543375349311949,0.4095497440843359,-3.0459993719777874
STB,2009-12-31,-0.4872985886507033,-0.4524686973072442,-0.5917882626810808
FRO,2009-12-31,-0.5395624342282703,-0.6463220766438651,-0.21928350698148594
DNB,2009-12-31,-1.4232501449312787,-1.9963379368694474,0.2960132308832271
SUBC,2010-02-28,0.0,0.0,0.0
AFG,2010-03-31,1.0333318847909727,1.1850655591394577,0.5781308617455181
SALM,2010-03-31,0.8166342341999943,0.7146071997079001,1.1227153376762766
KOG,2010-03-31,0.633185429141308,0.622500608755783,0.6652398902978832
VEI,2010-03-31,0.38433745356462307,0.37743723078779695,0.4050381218951014
ATEA,2010-03-31,0.2997748535838099,0.23913456760956567,0.4816957115065425
TOM,2010-03-31,0.2846523098332253,0.26055600669812323,0.35694121923853145
TEL,2010-03-31,0.22650092844219472,0.1651041598434887,0.4106912342383128
YAR,2010-03-31,0.13832309519581515,0.08507101506121113,0.2980793355996272
VEND,2010-03-31,0.12015025316213764,0.14416233733650305,0.0481140006390414
MOWI,2010-03-31,0.1100888837185543,0.21233958003336678,-0.19666320522588318
EQNR,2010-03-31,0.09484298348578057,0.005440096864501531,0.3630516433496177
GJF,2010-03-31,0.05192048636943741,0.06922731515924989,
NHY,2010-03-31,-0.01237330843215141,-0.019015970771228533,0.007554678585079956
ORK,2010-03-31,-0.09888470970456181,-0.19908942742792368,0.2017294434655238
STB,2010-03-31,-0.22310762156361824,-0.250796848152663,-0.140039941796484
FRO,2010-03-31,-0.4355578319291935,-0.6310469066586969,0.15090939225931643
PROT,2010-03-31,-0.5338911003538718,0.3522693235894423,-3.1923723721838138
AKRBP,2010-03-31,-1.292340235455776,-1.0890808078406018,-1.9021185183012983
DNB,2010-03-31,-1.4644964917821124,-2.066429711379852,0.34130316701110686
SUBC,2010-05-31,0.0,0.0,0.0
NOD,2010-06-30,1.0573636693637356,1.3233831862364704,0.2593051187455311
PROT,2010-06-30,0.8363956399524943,0.16940526288031688,2.8373667711690267
AFG,2010-06-30,0.8254674428354233,1.074627924891029,0.07798599666860573
KOG,2010-06-30,0.518640581456363,0.6258455521607793,0.19702566934311433
SALM,2010-06-30,0.425735518509568,0.5384720177917585,0.08752602066299638
TEL,2010-06-30,0.22066544088868825,0.21436376171828123,0.23957047839990928
VEI,2010-06-30,0.21292518393018672,0.29700930943177545,-0.03932719257457948
YAR,2010-06-30,0.17719618665697962,0.1659730665466075,0.21086554698809584
ATEA,2010-06-30,0.15748291898830352,0.1870293033446795,0.06884376591917568
EQNR,2010-06-30,0.1194495967496701,0.06072119647835762,0.2956347975636075
TOM,2010-06-30,0.11820793110618269,0.1577796180654508,-0.0005071297716216043
VEND,2010-06-30,0.11342298779220872,0.2265841763874648,-0.2260605779935596
MOWI,2010-06-30,0.08403793967497239,0.2421445725415266,-0.3902819589246903
NHY,2010-06-30,-0.07717174798366554,-0.02984258974646807,-0.21915922269525795
ORK,2010-06-30,-0.28596917685390266,-0.36512891302801764,-0.04848996833155751
STB,2010-06-30,-0.2944853981577683,-0.3050362693438947,-0.2628327845993892
FRO,2010-06-30,-0.47898300509787484,-0.6186259639756112,-0.06005412846466562
DNB,2010-06-30,-1.5554941852957023,-2.081765941252426,0.023321082574468906
AKRBP,2010-06-30,-1.5618862767418265,-1.065604274096032,-3.0507322846792095
GJF,2010-06-30,,,
SUBC,2010-08-31,0.0,0.0,0.0
NOD,2010-09-30,1.1843997936260848,1.6079082610931605,-0.08612560877514244
YAR,2010-09-30,1.0139246190599889,0.2438235408585273,3.324227853664374
MOWI,2010-09-30,0.6944538704166701,0.219787724677547,2.118452307634039
AFG,2010-09-30,0.6098193795682054,0.942237680233398,-0.3874355224273725
SALM,2010-09-30,0.3274515529737627,0.5379602821818796,-0.3040746346505879
KOG,2010-09-30,0.3166797325482742,0.5094498235889788,-0.2616305405738398
VEI,2010-09-30,0.12665285881404265,0.31257418277253374,-0.43111111306143074
VEND,2010-09-30,0.11038361161947785,0.33931951832293683,-0.5764241084908992
TEL,2010-09-30,0.09281642448489558,0.21605239312231034,-0.27689148142734865
PROT,2010-09-30,0.058863322904706,0.1669788176290891,-0.2654831612684433
GJF,2010-09-30,0.044379500512021705,0.05917266734936227,
EQNR,2010-09-30,0.03649494237920893,0.07969592767011165,-0.09310801349349923
ATEA,2010-09-30,0.02259665459746836,0.14688129352198293,-0.35025726217607533
TOM,2010-09-30,-0.13859397541216817,-0.016153219228349856,-0.5059162439636231
NHY,2010-09-30,-0.1528771279505865,-0.02202391129255507,-0.5454367779246808
ORK,2010-09-30,-0.3337467659802181,-0.2791994985988947,-0.4973885681241882
STB,2010-09-30,-0.35670050939038794,-0.32808501308995824,-0.44254699829167693
FRO,2010-09-30,-0.5939956716937833,-0.6725200242829433,-0.3584226139263031
AKRBP,2010-09-30,-0.674344141986005,-0.999513891404578,0.30116510626971416
DNB,2010-09-30,-1.6160442503771626,-2.0341947941718783,-0.36159261899301515
SUBC,2010-11-30,0.0,0.0,0.0
VEND,2010-12-31,1.4202890080327175,0.5174101916654655,4.128925457134474
NOD,2010-12-31,1.387557800954724,1.9233165378421113,-0.2197184097074381
AFG,2010-12-31,0.4189676626772193,0.6370506214133128,-0.23528121353106135
KOG,2010-12-31,0.40974100436669275,0.6237482263120394,-0.2322806614693473
SALM,2010-12-31,0.36783567032349485,0.5676141165947168,-0.2314996684901712
YAR,2010-12-31,0.13706003836969521,0.2594778041194925,-0.2301932588796967
MOWI,2010-12-31,0.13287827730864465,0.2536821749582221,-0.22953341564008767
TEL,2010-12-31,0.10850620427708829,0.2224857032541508,-0.23343229265409923
GJF,2010-12-31,0.09765296030532677,0.13020394707376903,
PROT,2010-12-31,0.06937542592229498,0.17142035451198137,-0.2367593598467642
ATEA,2010-12-31,0.06079413048381629,0.1592780880785977,-0.23465774230052797
VEI,2010-12-31,0.04219645938929324,0.1351795059220798,-0.23675268020906642
NHY,2010-12-31,0.024021135173831643,0.08669634412695579,-0.16400449168554077
EQNR,2010-12-31,-0.05550216689026782,0.003042530712293809,-0.2311362596979527
TOM,2010-12-31,-0.08366187226064932,-0.03199873602605347,-0.23865128096443686
ORK,2010-12-31,-0.24978378277802915,-0.25269830491381035,-0.24104021637068554
STB,2010-12-31,-0.35534653682229045,-0.39611458905985647,-0.23304238010959233
AKRBP,2010-12-31,-0.644826577085324,-0.7818196300777042,-0.23384741810818346
FRO,2010-12-31,-0.7748134623943523,-0.9553215031985103,-0.2332893399818783
DNB,2010-12-31,-1.5411142992412565,-1.9768839431590275,-0.23380536748794314
VEND,2011-03-31,1.584484942019504,0.9005900011279572,3.6361697646941438
KOG,2011-03-31,0.6363709269673383,0.8490137389299628,-0.001557508920535176
SALM,2011-03-31,0.5870848546073778,0.8281127190180936,-0.13599873862476947
AFG,2011-03-31,0.4572699635547727,0.7025575938025623,-0.2785929271885962
YAR,2011-03-31,0.38688927372566556,0.43354646721493695,0.24691769325785135
TEL,2011-03-31,0.33383094242059425,0.4079386203448519,0.11150790864782115
MOWI,2011-03-31,0.2916832714412788,0.37530091442567187,0.040830342488099594
NHY,2011-03-31,0.21603067663858652,0.06339022613545439,0.6739520281479829
GJF,2011-03-31,0.20612056794265682,0.21234263227059805,0.1874543749588331
PROT,2011-03-31,0.1174573508881037,0.2871213685233626,-0.391534702017673
ATEA,2011-03-31,0.1153794841279246,0.2126579289135576,-0.1764558502289743
EQNR,2011-03-31,0.05677198109479718,0.04132950686796137,0.10309940377530462
VEI,2011-03-31,0.04469244946333617,0.19718009503167627,-0.4127704872416842
TOM,2011-03-31,-0.22518867188079691,-0.13925846006726306,-0.4829793073213985
SUBC,2011-03-31,-0.36118606032767786,-0.37863770538287117,-0.30883112516209776
STB,2011-03-31,-0.4091945257266877,-0.454138761383004,-0.27436181875773874
ORK,2011-03-31,-0.5738908328013755,-0.0781748575197622,-2.0610387586462156
AKRBP,2011-03-31,-0.8533165441546022,-1.081288788863135,-0.16939981002900356
FRO,2011-03-31,-0.9878618198439177,-1.2289237324208973,-0.2646760821129792
DNB,2011-03-31,-1.1920574795850267,-1.5754985062072449,-0.0417343997183718
BRG,2011-03-31,,,
VEND,2011-06-30,1.2053463056379967,0.933638415816272,2.020469975103171
AFG,2011-06-30,0.6316011553452306,0.9492266857185047,-0.32127543577459167
EQNR,2011-06-30,0.46833534952053313,0.2371967038525558,1.161751286524465
NHY,2011-06-30,0.4290041169949467,0.017597072872025707,1.6632252493637099
MOWI,2011-06-30,0.3865473991946776,0.5503483709343088,-0.10485551602421588
PROT,2011-06-30,0.3663237122244895,0.455947196551941,0.09745325924213506
KOG,2011-06-30,0.36476518909166455,0.4293422649628191,0.171033961478201
GJF,2011-06-30,0.2983123588601404,0.22962231630488858,0.504382486525896
YAR,2011-06-30,0.2966943615971152,0.3794550825956713,0.04841219860144697
SALM,2011-06-30,0.2504246647746175,0.4210825783216314,-0.26154907586642406
ATEA,2011-06-30,0.2489114860958267,0.33948846161911,-0.0228194404740232
TEL,2011-06-30,0.15637292155587218,0.3321385085930589,-0.37092383955568803
VEI,2011-06-30,0.06025680129742228,0.14903528159303864,-0.2060786395894268
STB,2011-06-30,-0.12447644757996754,-0.3647737281409801,0.5964153941030702
TOM,2011-06-30,-0.1571665522726428,0.031050359603297342,-0.7218172879004633
SUBC,2011-06-30,-0.3921043624791114,-0.44295793386011334,-0.2395436483361056
ORK,2011-06-30,-0.5256639819348115,0.23066735595186014,-2.794657995594826
AKRBP,2011-06-30,-0.7968147625494674,-1.029717553908659,-0.09810638847189285
FRO,2011-06-30,-1.2711617105890591,-1.3024449547302146,-1.1773119781655927
DNB,2011-06-30,-1.5023394145472038,-2.021717697666657,0.055795434811155675
BRG,2011-06-30,,,
NHY,2011-09-30,0.9093579644429748,0.2112751407147878,3.003606435627536
VEND,2011-09-30,0.8410800243522987,0.947228622413026,0.522634230170117
TOM,2011-09-30,0.8255865613851049,0.5095622808031758,1.773659403130892
AFG,2011-09-30,0.5024943923039564,0.7592218733552126,-0.26768805084981206
YAR,2011-09-30,0.4327123629334715,0.6227648186699184,-0.13744500427586925
KOG,2011-09-30,0.3748281852520081,0.548908786121489,-0.14741361735643443
TEL,2011-09-30,0.29715220322780694,0.4802379432541748,-0.25210501685129666
MOWI,2011-09-30,0.2526792668774016,0.4352096002237492,-0.29491173316164115
EQNR,2011-09-30,0.22946965865904215,0.26613318387181856,0.11947908302071299
ATEA,2011-09-30,0.19321266136283902,0.30585789478257475,-0.1447230388963682
GJF,2011-09-30,0.12438198288736929,0.1849720953015169,-0.05738835435507352
SALM,2011-09-30,0.08501080214163999,0.23515384400501127,-0.36541832344847386
VEI,2011-09-30,-0.11092911012048222,-0.06526020234333293,-0.24793583345193007
SUBC,2011-09-30,-0.21372839591682283,-0.2296138419803111,-0.166072057726358
ORK,2011-09-30,-0.31408605201975603,0.3234856736279935,-2.2268012289630046
PROT,2011-09-30,-0.48123720770357137,-0.43280820991662683,-0.6265242010644049
STB,2011-09-30,-0.5869403986322326,-0.7722382383127715,-0.03104687959061601
AKRBP,2011-09-30,-0.6518647562756196,-0.8041910014873319,-0.19488602064048274
DNB,2011-09-30,-0.9504321662772905,-1.2107653505747877,-0.169432613384799
FRO,2011-09-30,-1.6979750967048002,-1.9497226538019305,-0.9427324254134086
NOD,2011-09-30,,,0.853145247480715
TOM,2011-12-31,1.1313421676136002,0.43397619964436834,3.2234400715212956
AFG,2011-12-31,0.7250582360211835,0.9605890324935609,0.018465846604051213
NOD,2011-12-31,0.4712119746993061,0.5522772057935852,0.2280162814164689
ATEA,2011-12-31,0.3950987665256164,0.4956288178803283,0.0935086124614805
KOG,2011-12-31,0.3605170168354111,0.4734764697530566,0.0216386580824748
EQNR,2011-12-31,0.34110989491693056,0.2457040265391981,0.6273275000501278
YAR,2011-12-31,0.337564358061453,0.3652217867664709,0.25459207194639955
VEND,2011-12-31,0.3220159534245099,0.5156578685559337,-0.2589097919697614
NHY,2011-12-31,0.29461407681545093,0.1512487724166358,0.7247099900118962
TEL,2011-12-31,0.24790528914233423,0.37783031585100746,-0.14186979098368552
VEI,2011-12-31,0.18099168197640253,0.11037246326927477,0.3928493380977858
PROT,2011-12-31,0.1748889363328472,0.36970433047803253,-0.40955724610270877
GJF,2011-12-31,0.09610692885561888,0.1244035172278244,0.011217163739002294
MOWI,2011-12-31,0.07208773173768698,0.17211030601455843,-0.22797999109292735
SUBC,2011-12-31,-0.02585225657580285,-0.05701347062384926,0.06763138556833638
SALM,2011-12-31,-0.12232226620722095,-0.056532359932407544,-0.3196919850316612
BRG,2011-12-31,-0.2612646789359472,-0.3483529052479296,
AKRBP,2011-12-31,-0.3395465358977145,-0.4032730982708794,-0.14836684877821962
ORK,2011-12-31,-0.5330730761578327,0.018263184973723562,-2.1870818595525017
STB,2011-12-31,-0.5983625132947564,-0.7378720479853927,-0.17983390922284767
DNB,2011-12-31,-1.1016297403544402,-1.4645316791022394,-0.012923924111042302
FRO,2011-12-31,-2.2608584786503,-2.4220841139824123,-1.7771815726539637
TOM,2012-03-31,1.0660939527033853,0.5425704001239682,2.6366646104416365
AFG,2012-03-31,0.7328388708211541,0.9238418973763995,0.15982979115541746
VEND,2012-03-31,0.6279318587743129,0.9223708954470318,-0.2553852512438433
NOD,2012-03-31,0.503652670787702,0.6253981498369446,0.13841623363997446
YAR,2012-03-31,0.48169813085968144,0.5427755014150613,0.29846601919354193
EQNR,2012-03-31,0.42364340809344603,0.3979247059010797,0.5007995146705452
ATEA,2012-03-31,0.34124329231875833,0.3949474044007926,0.18013095607265533
TEL,2012-03-31,0.2679460844364811,0.4379578876604978,-0.24208932523556884
GJF,2012-03-31,0.26086612146751004,0.3096968066997335,0.1143740657708397
VEI,2012-03-31,0.21511011825697274,0.04832352635638861,0.7154698939587252
SUBC,2012-03-31,0.16535724890317294,0.11981232513213938,0.30199202021627364
KOG,2012-03-31,0.1304366810272758,0.1460180087806423,0.08369269776717622
NHY,2012-03-31,0.1297341153685615,0.2396953114991179,-0.20014947302310776
ORK,2012-03-31,0.12302486496891628,0.17941357131813476,-0.04614125407873922
PROT,2012-03-31,0.08739824411471739,0.1470403281984874,-0.09152800813659262
MOWI,2012-03-31,0.07385165071703989,0.15065768309595215,-0.15656644641969683
AKRBP,2012-03-31,-0.08080891639295443,-0.025469330213191144,-0.24682767493224428
SALM,2012-03-31,-0.39946174259950756,-0.3988902406033491,-0.4011762485879828
STB,2012-03-31,-0.61756568187143,-0.7807987935409262,-0.12786634686294132
DNB,2012-03-31,-1.1648777227231109,-1.5662486755550442,0.039235135772689195
FRO,2012-03-31,-2.6123695536999674,-2.349379101553704,-3.401340910138757
BRG,2012-03-31,,,
YAR,2012-06-30,0.5755271741717983,0.804953106949543,-0.11275062416143602
VEND,2012-06-30,0.5500432475857915,0.8451452929002119,-0.33526288835746976
AFG,2012-06-30,0.5341354461334646,0.7730310813796913,-0.1825514596052153
NOD,2012-06-30,0.4975766620698092,0.740688484003909,-0.23175880373248994
TEL,2012-06-30,0.24267456572359364,0.4398678530212317,-0.3489052961693206
KOG,2012-06-30,0.24109231619492622,0.39531148312735087,-0.22156518460234761
PROT,2012-06-30,0.21953238454399102,0.3773062358231064,-0.25378916929335527
TOM,2012-06-30,0.21422392956691882,0.1563427006726471,0.38786761624973404
GJF,2012-06-30,0.21008701462296464,0.35373194024311144,-0.22084776223747588
EQNR,2012-06-30,0.19538086867548554,0.3340299290259897,-0.22056631237602714
ATEA,2012-06-30,0.07861602878283515,0.17514465387434924,-0.21096984649170708
NHY,2012-06-30,0.057953197894150946,0.2002897581041997,-0.3690564827359953
ORK,2012-06-30,0.04025750772104493,0.14729852732789397,-0.28086555109950223
SUBC,2012-06-30,0.0006785631487940483,0.012133497168587443,-0.033686238910586135
VEI,2012-06-30,-0.07133123687159067,-0.026545707123617753,-0.2056878261155094
MOWI,2012-06-30,-0.14057488132628093,-0.07433651210418694,-0.33928998899256296
AKRBP,2012-06-30,-0.1667356435013543,-0.12859652706114508,-0.28115299282198203
BRG,2012-06-30,-0.2020247021395699,-0.26936626951942655,
SALM,2012-06-30,-0.2159826129686073,-0.18827809758373362,-0.2990961591232283
FRO,2012-06-30,-0.6287903829306007,-2.2745058533515867,4.308356028332358
STB,2012-06-30,-0.7245811347866975,-0.8567958899096619,-0.32793686941780414
DNB,2012-06-30,-0.758372991960398,-0.9376692598345051,-0.22048418833807656
NOD,2012-09-30,0.8914967336700792,1.142710383704239,0.1378557835676004
AFG,2012-09-30,0.6079623108463383,0.7244858199984132,0.25839178339011354
VEND,2012-09-30,0.5269241777996067,0.7177630232806713,-0.04559235864358732
YAR,2012-09-30,0.5189549267062404,0.5887425931843056,0.3095919272720451
EQNR,2012-09-30,0.3513617326625763,0.3889231123778395,0.23867759351678686
ATEA,2012-09-30,0.3464566201182757,0.38637464997095583,0.22670253056023526
GJF,2012-09-30,0.34438978132287856,0.35198564674854355,0.32160218504588367
KOG,2012-09-30,0.2993274897071617,0.32771578589982014,0.21416260112918634
TEL,2012-09-30,0.2440359487682661,0.3353802919144469,-0.029997080670276347
SUBC,2012-09-30,0.22763839445910974,0.13276689358114388,0.5122528970930074
ORK,2012-09-30,0.18977316996902538,0.16358001287742224,0.26835264124383484
TOM,2012-09-30,0.10837367385170735,0.02144803982138062,0.3691505759426875
NHY,2012-09-30,0.10693567062055208,0.19157405082921058,-0.1469794700054235
VEI,2012-09-30,0.0059603567818076394,-0.08061172091763932,0.26567658988014853
MOWI,2012-09-30,0.0005979338246665557,0.01972848148301097,-0.05679370915036669
SALM,2012-09-30,-0.05381357764747806,-0.09710203376417718,0.07605179070261929
STB,2012-09-30,-0.3544051562225473,-0.5109588993314131,0.11525607310405026
AKRBP,2012-09-30,-0.37297285719332873,-0.6115410382191606,0.34273168588416686
PROT,2012-09-30,-0.6795843775665156,0.5223722400570425,-4.28545423043719
DNB,2012-09-30,-1.0162552027076321,-1.440809643834922,0.2574081206742379
FRO,2012-09-30,-1.5294829133860963,-2.256294574481542,0.6509520699002402
BRG,2012-09-30,,,
NOD,2012-12-31,0.9340134554309182,1.1824895849077168,0.18858506700052205
GJF,2012-12-31,0.4853388201903476,0.5453405021678568,0.30533377425781993
YAR,2012-12-31,0.4842281338536544,0.5822468335449211,0.190172034779854
AFG,2012-12-31,0.33129538639871875,0.3911075996893566,0.1518587465268053
ATEA,2012-12-31,0.31682701340431274,0.35910440982631436,0.1899948241383077
KOG,2012-12-31,0.24807106374740884,0.26396977247773457,0.20037493755643168
TOM,2012-12-31,0.24123644822409665,0.23746380839459807,0.25255436771259243
ORK,2012-12-31,0.2334489261888953,0.24372659322213763,0.20261592508916826
EQNR,2012-12-31,0.20288233767547906,0.22046991977201855,0.15011959138586065
TEL,2012-12-31,0.192257962004791,0.17891597289956745,0.23228392932046174
SUBC,2012-12-31,0.18382344102712633,0.12157929552043685,0.37055587754719477
BRG,2012-12-31,0.16590135937860254,0.2212018125048034,
VEND,2012-12-31,0.1529807233527723,0.182322696182178,0.06495480486455524
SALM,2012-12-31,0.077309593484725,-0.07471604612238923,0.5333865123060677
VEI,2012-12-31,0.06814211056465724,0.02774960182106293,0.18931963679544017
NHY,2012-12-31,0.04461670677957537,0.04833515159061834,0.033461372346446465
MOWI,2012-12-31,-0.08490926017293325,-0.1502569683135256,0.1111338642488438
STB,2012-12-31,-0.2934798491789836,-0.4829794365647294,0.27501891297825354
PROT,2012-12-31,-0.6764241921384051,0.5428156339998786,-4.3341436705532566
AKRBP,2012-12-31,-0.777385135242425,-1.1719055550218087,0.4061761240957259
DNB,2012-12-31,-0.9948709648884554,-1.4007390065432874,0.22273316007604074
FRO,2012-12-31,-1.5353040800848796,-2.0682421759554606,0.0635102075268635
NOD,2013-03-31,1.1165894077419969,1.4260221513994824,0.18829117676954055
YAR,2013-03-31,0.485686570764232,0.5822019556718924,0.19614041604125085
GJF,2013-03-31,0.41280681688894544,0.4789243771945569,0.21445413597211097
PROT,2013-03-31,0.37946293350334476,0.4089140395946072,0.2911096152295574
ATEA,2013-03-31,0.3631561996572152,0.41829480900152133,0.19774037162429678
AFG,2013-03-31,0.351508372497466,0.4055518318250032,0.18937799451485426
KOG,2013-03-31,0.3488905514565719,0.3974943096809062,0.203079276783569
TEL,2013-03-31,0.28969912612474913,0.2866301393309442,0.29890608650616385
VEND,2013-03-31,0.25313938061434194,0.28779937388294397,0.14915940080853587
ORK,2013-03-31,0.23567002887374205,0.24241427964817341,0.21543727655044803
SUBC,2013-03-31,0.23148843743160774,0.22169564401040953,0.26086681769520237
BRG,2013-03-31,0.21664605063878933,0.21921449620821862,0.20894071393050148
TOM,2013-03-31,0.2120986908007601,0.20974476976589937,0.21916045390534236
EQNR,2013-03-31,0.20345863815724025,0.21044333458762554,0.1825045488660844
VEI,2013-03-31,0.16647795862316483,0.15487578780956612,0.201284471063961
NHY,2013-03-31,0.11206619985929889,0.10753421228554585,0.12566216258055796
MOWI,2013-03-31,-0.09392200868723674,-0.18692271969638383,0.18508012434020452
STB,2013-03-31,-0.35401836899904593,-0.5408918970222464,0.20660221507055543
DNB,2013-03-31,-0.6394641027260906,-0.9275296494126353,0.2247325373335435
AKRBP,2013-03-31,-0.712981278530348,-1.0699199530532917,0.357834745038483
SALM,2013-03-31,-1.0738182203514928,0.05866689173406396,-4.471273556608163
FRO,2013-03-31,-1.8619583123583419,-2.5342474218055897,0.15490901598340084
TEL,2013-06-30,1.0898802648553179,0.12489740342790964,3.9848288491375428
FRO,2013-06-30,0.6918481369023415,1.1283975007335363,-0.6177999545912434
SALM,2013-06-30,0.36249907584191826,0.004122578453345561,1.4376285680076364
NOD,2013-06-30,0.14382505886342686,0.3787070166741677,-0.5608208145687955
KOG,2013-06-30,0.1261663424273184,0.2774980384082474,-0.32782874551546853
AFG,2013-06-30,0.10133387033559442,0.282236108555999,-0.44137284432561935
GJF,2013-06-30,0.09634530228964563,0.21341962554760802,-0.25487766748424157
YAR,2013-06-30,0.057615334807931975,0.2184076210683062,-0.4247615239731907
ATEA,2013-06-30,0.010048014886969714,0.13393533085786863,-0.36161393302572703
VEND,2013-06-30,-0.018235386711189544,0.23738828720307004,-0.7851064084539683
BRG,2013-06-30,-0.04250725761401471,0.005127959211394285,-0.1854129080902417
TOM,2013-06-30,-0.045161812226646905,0.02596043048485267,-0.25852854036114564
PROT,2013-06-30,-0.04692424348785629,-0.09758677458343276,0.10506334979887309
NHY,2013-06-30,-0.04784453099891418,0.011430853491117582,-0.22567068446900945
MOWI,2013-06-30,-0.09110110380258989,-0.2368201410881712,0.3460560080541541
SUBC,2013-06-30,-0.14151410283875424,-0.02791719544804175,-0.4823048250108917
ORK,2013-06-30,-0.20145307216467198,-0.14698953225666353,-0.36484369188869736
VEI,2013-06-30,-0.21665234345363396,-0.21907491901619494,-0.20938461676595102
EQNR,2013-06-30,-0.23759280777591418,-0.15876505203003327,-0.47407607501355686
STB,2013-06-30,-0.32395945800117976,-0.5331931109862522,0.3037415009540377
DNB,2013-06-30,-0.44736963611061026,-0.5196990882346464,-0.23038127973850184
AKRBP,2013-06-30,-0.5882099070705248,-0.7934352885353679,0.02746623732400487
FRO,2013-09-30,0.7442761787266338,1.1757444101934869,-0.5501285156739253
TEL,2013-09-30,0.6385456015809998,0.17801026539039094,2.0201516101528267
SALM,2013-09-30,0.6095398663590668,0.0317147016006175,2.3430153606344146
MOWI,2013-09-30,0.47231057068004056,-0.2827135745603867,2.7373830064013225
NOD,2013-09-30,0.4329614990957695,0.7634587348585944,-0.5585302081927053
AFG,2013-09-30,0.3639950442966235,0.5297437536384846,-0.13325108372895972
KOG,2013-09-30,0.11624150146195848,0.26021997501627664,-0.31569391920099604
YAR,2013-09-30,0.09989950399440597,0.2640246592278418,-0.3924759617059015
GJF,2013-09-30,0.07756688590612365,0.1939781114194094,-0.27166679063373356
BRG,2013-09-30,0.04216287749112107,0.07337271556039507,-0.05146663671670093
ATEA,2013-09-30,-0.002070405711188883,0.11192375460284386,-0.3440528866532871
TOM,2013-09-30,-0.018378850705794314,0.042641653088279025,-0.20144036208801433
VEND,2013-09-30,-0.13181077123029214,0.15482381551283295,-0.9917145314596674
VEI,2013-09-30,-0.14683139331941153,-0.18414955474890196,-0.034876909030940255
SUBC,2013-09-30,-0.19199074844310166,-0.09726161243667548,-0.47617815646238015
ORK,2013-09-30,-0.20123632074644077,-0.11674292814903611,-0.45471649853865465
NHY,2013-09-30,-0.21454746027369942,-0.031954762445927376,-0.7623255537570156
EQNR,2013-09-30,-0.2603178688588964,-0.1963186492482743,-0.45231552769076255
PROT,2013-09-30,-0.2722576121660437,-0.21442102765797075,-0.44576736569026254
STB,2013-09-30,-0.40088783589181354,-0.5714610875313588,0.11083191902682231
AKRBP,2013-09-30,-0.6458925122366959,-0.6577281013772944,-0.6103857448149
DNB,2013-09-30,-0.7669217936200805,-0.9677639767679138,-0.1643952441765804
AFG,2013-12-31,0.5911540570036325,0.6865357225599797,0.30500906033459124
VEND,2013-12-31,0.41140596828605247,0.12505197036475912,1.2704679620499326
SALM,2013-12-31,0.3591641151071713,0.27277209874887354,0.6183401641820645
VEI,2013-12-31,0.2793948835247305,0.3479199187503078,0.07381977784799874
KOG,2013-12-31,0.2763143885061479,0.3474645579005603,0.06286388032291092
TEL,2013-12-31,0.2496880338932609,0.3069449152109846,0.07791738994008991
YAR,2013-12-31,0.18391071165285702,0.24859291775443143,-0.010135906651866106
BRG,2013-12-31,0.16112068912162095,0.1755443122753727,0.1178498196603657
MOWI,2013-12-31,0.14486790601650196,-0.12235875797006662,0.9465478979762078
ATEA,2013-12-31,0.12111312226801665,0.1580355341132152,0.01034588673242104
NHY,2013-12-31,0.1094771133214979,0.09392397623179169,0.15613652459061653
TOM,2013-12-31,0.08584822135609223,0.10453028326908287,0.02980203561712028
GJF,2013-12-31,0.07007029147985906,0.0772854944682719,0.04842468251462055
PROT,2013-12-31,0.06457881637021179,0.03391385548601611,0.15657369902279883
SUBC,2013-12-31,0.06140584740409122,0.09414772289765053,-0.03681977907658673
ORK,2013-12-31,0.049469626569332896,0.05679872390964457,0.027482334548397876
EQNR,2013-12-31,-0.04119879782935945,-0.062313011911692445,0.022143844417639526
STB,2013-12-31,-0.156611712418472,-0.29656786694907644,0.26325675117334135
NOD,2013-12-31,-0.1683114466170936,-0.21438578604312977,-0.030088428338985014
AKRBP,2013-12-31,-0.34637397076999393,-0.45616682368327566,-0.01699541203014876
DNB,2013-12-31,-0.8297720019649908,-1.1500652030980036,0.1311076014340476
FRO,2013-12-31,-1.7169131971642542,-0.8812010007964795,-4.224049786267578
VEND,2014-03-31,1.1786726541287509,0.2402471140111506,3.993949274481552
AFG,2014-03-31,0.4765879421235305,0.6376334218496085,-0.006548497054703479
KOG,2014-03-31,0.39211366298761435,0.5666051319181373,-0.13136074380395463
SALM,2014-03-31,0.2520525141203477,0.2953763263903547,0.12208107731032668
VEI,2014-03-31,0.20628635198839573,0.31162625897377705,-0.1097333689677482
TEL,2014-03-31,0.13160812530962518,0.22654556168308668,-0.15320418381075931
ATEA,2014-03-31,0.073514410892109,0.15022822517623766,-0.1566270319602769
BRG,2014-03-31,0.04863067838877566,0.09418257264979747,-0.08802500439428977
YAR,2014-03-31,0.04064608336414758,0.11499125317332652,-0.18238942606338923
GJF,2014-03-31,0.018833114312102345,0.0568686840046792,-0.0952735947656282
PROT,2014-03-31,-0.011807800023439641,-0.008765399787889122,-0.020935000730091198
TOM,2014-03-31,-0.013215586164963444,0.03182850234477262,-0.14834785169417164
NHY,2014-03-31,-0.02309766795575134,0.010250167882324399,-0.12314117546997856
ORK,2014-03-31,-0.024224817725277424,0.02095678531904982,-0.15976962685825916
MOWI,2014-03-31,-0.044624059696962974,-0.08847023283982744,0.0869144597316304
EQNR,2014-03-31,-0.06362471085367949,-0.051884419828710074,-0.09884558392858771
SUBC,2014-03-31,-0.08199953882365357,-0.04400546484599803,-0.1959817607566202
NOD,2014-03-31,-0.08710269417506955,-0.05933569443664588,-0.1704036933903406
STB,2014-03-31,-0.2768174380750215,-0.3919534032706672,0.06859045751191555
AKRBP,2014-03-31,-0.3100637921410135,-0.3545973926681454,-0.17646299055961778
DNB,2014-03-31,-0.7717968929886129,-1.0013991398759203,-0.08299015232669048
FRO,2014-03-31,-1.0427287566515142,-0.6664731480352465,-2.1714955825003175
AFG,2014-06-30,0.4432360377529273,0.42604776471432204,0.4948008568687432
KOG,2014-06-30,0.40763389470048256,0.47382802688114767,0.20905149815848723
SALM,2014-06-30,0.37754255643040624,0.41626451324427455,0.2613766859888014
VEI,2014-06-30,0.32045231727809736,0.31448784215234943,0.3383457426553411
ATEA,2014-06-30,0.24303172935283887,0.2642239116490579,0.17945518246418177
PROT,2014-06-30,0.22207589206681105,0.12671364397156587,0.5081626363525465
GJF,2014-06-30,0.18728843695943154,0.13943791883808307,0.3308399913234769
SUBC,2014-06-30,0.1854671569138887,0.12506048975404432,0.3666871583934219
BRG,2014-06-30,0.1609153698670131,0.1217086138669151,0.2785356378673072
YAR,2014-06-30,0.15722372311429883,0.16762512359684448,0.12601952166666183
TEL,2014-06-30,0.13477890360236355,0.13688578857873374,0.12845824867325298
MOWI,2014-06-30,0.09002460567562434,-0.019994347856426814,0.4200814662717778
ORK,2014-06-30,0.08717812314076097,0.046297737951762646,0.20981927870775594
EQNR,2014-06-30,0.08450499553834136,-0.022038179681800732,0.40413452119876764
TOM,2014-06-30,0.07743916121836478,0.04579899168983282,0.17235966980396067
NHY,2014-06-30,0.0521623755718749,0.013174197563662032,0.1691269095965135
NOD,2014-06-30,-0.09201370489363336,-0.23638819073574735,0.3411097526327086
STB,2014-06-30,-0.09761721127193115,-0.26942996304042754,0.417821044033558
AKRBP,2014-06-30,-0.1638122298522784,-0.24309401510435547,0.07403312590395282
VEND,2014-06-30,-0.7690434932462997,0.29578712608825053,-3.9635353512499503
FRO,2014-06-30,-0.9000211278632417,-0.5934400241789065,-1.8197644389162475
DNB,2014-06-30,-1.1861729112989532,-1.699257502266931,0.3530808616049801
NHY,2014-09-30,0.8031133035320168,0.03190669894184811,3.116733117302523
KOG,2014-09-30,0.4384302405221925,0.5806604739030324,0.011739540379672496
AFG,2014-09-30,0.3464978992480496,0.42055349458543745,0.12433111323588597
SALM,2014-09-30,0.3088651817483501,0.4085691966736072,0.009753136972578725
VEI,2014-09-30,0.2989463331970339,0.37313520883637885,0.07637970627899901
ATEA,2014-09-30,0.21246746335541328,0.2931266341813048,-0.02951004912226132
SUBC,2014-09-30,0.20877180054583383,0.1834835024658098,0.284636694785906
PROT,2014-09-30,0.1812076854624185,0.08938039204290868,0.45668956572094793
NOD,2014-09-30,0.17062595515686055,0.06849547039056689,0.47701740945574156
GJF,2014-09-30,0.16782285183192325,0.1973237598855914,0.07932012767091874
BRG,2014-09-30,0.11142014510366183,0.14712001928497398,0.004320522559725368
ORK,2014-09-30,0.0614378267973087,0.06949163276236345,0.03727640890214445
TEL,2014-09-30,0.042264291447385714,0.12358203750974713,-0.20168894673969853
YAR,2014-09-30,0.020041289209955265,0.06859288526451353,-0.12561349895371954
TOM,2014-09-30,0.016279456061358118,0.05308899048609614,-0.09414914721285594
MOWI,2014-09-30,-0.0126492234650322,-0.008098008105427346,-0.02630286954384676
EQNR,2014-09-30,-0.04495606620933896,-0.07698600060855985,0.05113373698832371
VEND,2014-09-30,-0.08510288943076072,0.35780097309782044,-1.4138144770165042
STB,2014-09-30,-0.27301417152697716,-0.3671831717182744,0.009492829046914536
AKRBP,2014-09-30,-0.30925880081144386,-0.3997150347524446,-0.03789009898844162
FRO,2014-09-30,-1.2083090769606213,-0.6305802707800763,-2.9414954955022563
DNB,2014-09-30,-1.2950403285074423,-1.770600662603024,0.1316406737793029
FRO,2014-12-31,0.8534133787885197,1.0911659977742638,0.14015552183128752
NOD,2014-12-31,0.6928867024567988,0.3587273935781787,1.6953646290926594
VEI,2014-12-31,0.4722333870010303,0.3420917455363293,0.8626583113951332
PROT,2014-12-31,0.4015543701127584,0.3295905801621708,0.6174457399645212
TEL,2014-12-31,0.2957581249391209,0.2578207240278262,0.40957032767300505
GJF,2014-12-31,0.27280296578799623,0.2538540900329661,0.3296495930530865
KOG,2014-12-31,0.23802771964636923,0.3932038757266976,-0.227500748594616
SALM,2014-12-31,0.21111147558968552,0.3773275342819174,-0.28753670048701024
ATEA,2014-12-31,0.2066232256858123,0.1282292357125342,0.4418051956056466
BRG,2014-12-31,0.17468803643684244,0.18593373805953534,0.14095093156876382
YAR,2014-12-31,0.16384507710413662,0.07005365993795225,0.44521932860268976
TOM,2014-12-31,0.14049457380478433,0.11213736729666676,0.22556619332913705
AFG,2014-12-31,0.12042984974119757,0.12545524254822182,0.1053536713201248
ORK,2014-12-31,0.06964405392317025,0.10877365250686827,-0.04774474182792382
EQNR,2014-12-31,-0.12693455028077144,-0.03175889651212896,-0.41246151158669886
STB,2014-12-31,-0.15806512390427588,-0.2707428488498168,0.17996805093234694
MOWI,2014-12-31,-0.22161037645738266,0.002919308870386269,-0.8951994324406894
VEND,2014-12-31,-0.25157431022675675,0.12301608090889683,-1.3753454836337176
NHY,2014-12-31,-0.4307030079509225,0.11358280319592785,-2.0635604413914734
SUBC,2014-12-31,-0.435543192750328,0.22012072111782102,-2.402534934354775
AKRBP,2014-12-31,-1.0535499592518118,-1.9842118275108458,1.73843564552529
DNB,2014-12-31,-1.5682710339000654,-2.217608330007825,0.37974085442321265
NOD,2015-03-31,0.5308507909265829,0.043162944095236994,1.9939143314206207
AFG,2015-03-31,0.32625917950938116,0.3557719765933048,0.23772078825761023
SALM,2015-03-31,0.3173567849529524,0.4888729186344528,-0.19719161609154903
PROT,2015-03-31,0.2708562258127162,0.11625550284794998,0.7346583947070149
VEI,2015-03-31,0.26709323442553895,0.191045953666239,0.49523507670343886
ATEA,2015-03-31,0.2653134043422102,0.23011445523911833,0.3709102516514857
TEL,2015-03-31,0.22580234405735453,0.16290620016077834,0.4144907757470831
GJF,2015-03-31,0.20881570790643958,0.24124369155747272,0.11153175695334017
TOM,2015-03-31,0.19182562273841203,0.17202502200537884,0.25122742493751155
VEND,2015-03-31,0.1877374641333149,0.3557170920721821,-0.31620141968328663
YAR,2015-03-31,0.18410402848302718,0.12612403751551796,0.3580440013855548
ORK,2015-03-31,0.1302971636569993,0.10028553792124434,0.22033204086426425
BRG,2015-03-31,0.12378346523966569,0.09589326250423938,0.20745407344594458
KOG,2015-03-31,0.07706410382943449,0.13268464601569513,-0.08979752272934745
FRO,2015-03-31,-0.1934399046650462,-0.33221229181076206,0.22287725677210138
MOWI,2015-03-31,-0.19580391367515218,0.030380201438128304,-0.8743562590149936
STB,2015-03-31,-0.25632231469592887,-0.33892220093637015,-0.008522655974604961
SUBC,2015-03-31,-0.38303935064784417,0.1507509489196452,-1.9844102493503122
AKRBP,2015-03-31,-0.4031613037002226,-1.0447622239452814,1.521641457034954
EQNR,2015-03-31,-0.42232925530173887,-0.05968734444914105,-1.5102549878595324
NHY,2015-03-31,-0.4989653271679425,0.1511225207093195,-2.4492288707997285
DNB,2015-03-31,-0.8207042406330866,-1.1909143047182589,0.2899259516224304
AFG,2015-06-30,0.7403421726940345,0.9112626761998867,0.22758066217647782
SALM,2015-06-30,0.4870342674003436,0.5912947192464709,0.17425291186196148
NOD,2015-06-30,0.3975005855725882,0.3938923352709227,0.40832533647758473
VEI,2015-06-30,0.38793910303985873,0.44035367554487315,0.23069538552481542
PROT,2015-06-30,0.3457577108594172,0.3865199653742507,0.2234709473149165
GJF,2015-06-30,0.3246059676270075,0.3760901568280946,0.17015340002374613
VEND,2015-06-30,0.3030567027737505,0.33556794976142545,0.20552296181072574
TOM,2015-06-30,0.2884619568662497,0.2983874226168854,0.25868555961434275
KOG,2015-06-30,0.26415229226842324,0.30173183256421277,0.15141367138105474
TEL,2015-06-30,0.25169480049197257,0.23676006701688784,0.2964990009172267
BRG,2015-06-30,0.24722658150117272,0.26033765535599124,0.20789335993671726
YAR,2015-06-30,0.24620558864624217,0.25501278791881493,0.21978399082852382
ORK,2015-06-30,0.21117002888037822,0.20953040234182957,0.21608890849602425
ATEA,2015-06-30,0.15748524666590313,0.13928817929184187,0.21207644878808696
MOWI,2015-06-30,-0.0051731316212019676,-0.025415374659390075,0.055553597493362354
SUBC,2015-06-30,-0.05152605056038476,-0.01571958274888391,-0.15894545399488733
FRO,2015-06-30,-0.2614347848138222,-0.4201819662030498,0.21480675935386062
EQNR,2015-06-30,-0.2861626736612775,-0.34488871616291716,-0.10998454615635851
STB,2015-06-30,-0.35675701056892434,-0.5262844103654927,0.1518251888207807
NHY,2015-06-30,-0.8957837879004601,0.2727964941749244,-4.401524634126614
DNB,2015-06-30,-1.3805134055107957,-1.9133699999789635,0.2180563778937081
AKRBP,2015-06-30,-1.5456907437596132,-2.3368443802007994,0.8277701655639446
AFG,2015-09-30,0.6483459517771417,0.9011630685816062,-0.1101053986362517
NHY,2015-09-30,0.5718745082148077,0.38366576289332754,1.136500744179248
VEND,2015-09-30,0.3419882294069008,0.36818821069592755,0.2633882855398206
TOM,2015-09-30,0.33267598469729726,0.41976134988912156,0.07141988912182436
SALM,2015-09-30,0.32909957652773686,0.5620122943851585,-0.369638577044528
YAR,2015-09-30,0.30101196348016535,0.39984558046146834,0.004511112536256268
PROT,2015-09-30,0.2852760458559728,0.41159875591769673,-0.09369208432919887
NOD,2015-09-30,0.2668967902173782,0.27846678340986225,0.2321868106399261
VEI,2015-09-30,0.2152022896137299,0.3403732382675154,-0.1603105563476266
BRG,2015-09-30,0.17843641130192145,0.28346382741930554,-0.13664583705023084
GJF,2015-09-30,0.15539020803164466,0.30335700318834663,-0.2885101774384613
ORK,2015-09-30,0.14617525185475574,0.22983546588452639,-0.10480539023455619
TEL,2015-09-30,0.1007425504775203,0.17415367736366744,-0.11949083018092117
ATEA,2015-09-30,0.05999432429142082,0.15661501425306795,-0.22986774559352058
KOG,2015-09-30,0.029414390013108027,0.18028999637469492,-0.4232124290716527
MOWI,2015-09-30,-0.13031626053861803,0.025811627004365928,-0.5986999231675699
SUBC,2015-09-30,-0.21439996867681016,0.12930156205843057,-1.2455045608825324
EQNR,2015-09-30,-0.4341304033513319,-0.17860752472338584,-1.2006990392351702
STB,2015-09-30,-0.4620358816220696,-0.5039087998628025,-0.3364171268998711
FRO,2015-09-30,-0.7505595649941591,-0.9677217713969316,-0.09907294578584167
AKRBP,2015-09-30,-0.8402425799425961,-2.434571698601926,3.9427447760353935
DNB,2015-09-30,-1.3556649018987936,-1.7628602038135464,-0.1340789961545358
AFG,2015-12-31,0.8155646442312675,0.927194953498423,0.4806737164298011
STB,2015-12-31,0.6383395718485907,0.852891247591151,-0.005315455379090251
NHY,2015-12-31,0.40883005841238385,0.20569986702275297,1.0182206325812766
SALM,2015-12-31,0.3582517877357902,0.4157886697831295,0.1856411415937723
TOM,2015-12-31,0.27898599562082116,0.23737549730060706,0.4038174905814634
FRO,2015-12-31,0.23674066373579528,0.37826107315982543,-0.1878205645362951
ORK,2015-12-31,0.19953529751242055,0.10506806490150411,0.4829369953451698
ATEA,2015-12-31,0.1811320548157499,0.18507985440789018,0.16928865603932902
BRG,2015-12-31,0.1554721543847175,0.10751945513012191,0.29933025214850423
YAR,2015-12-31,0.12714455145716316,0.12653414586139872,0.12897576824445653
VEI,2015-12-31,0.12429611176945349,0.10969723548748128,0.16809274061537013
MOWI,2015-12-31,0.10297904354383622,-0.12258794557036931,0.7796800108864528
PROT,2015-12-31,0.01821725757887338,-0.08117554597704356,0.3163956682466242
SUBC,2015-12-31,0.015514385538492742,0.11631474465457159,-0.2868866918097438
GJF,2015-12-31,0.0010199272664945316,-0.05387997032542108,0.16571962004224136
TEL,2015-12-31,-0.014948368694613797,0.026095017629723896,-0.13807852766762688
NOD,2015-12-31,-0.05132582397210082,-0.20492872198544304,0.4094828700679259
KOG,2015-12-31,-0.11682476860169991,-0.20142722916960334,0.13698261310201043
EQNR,2015-12-31,-0.4799494755318674,-0.29580602904761844,-1.0323798149846142
VEND,2015-12-31,-0.9200671107550817,0.14068991674866405,-4.102338193266319
DNB,2015-12-31,-0.9634742086095295,-1.3885187665090266,0.31165946508896225
AKRBP,2015-12-31,-1.385883512443417,-1.9464852188013322,0.29592160663032896
MOWI,2016-03-31,1.082839660349718,-0.0034129392088734917,4.341597459025492
AFG,2016-03-31,0.6856451444557828,0.9127872329205198,0.004218879061572204
STB,2016-03-31,0.590200162815737,0.9008569818632624,-0.3417702943268393
SALM,2016-03-31,0.48816856192507974,0.680078817539667,-0.0875622049186821
TOM,2016-03-31,0.22823143341166266,0.309817585010492,-0.01652702138482535
NHY,2016-03-31,0.21445973003280433,0.1288729913991314,0.4712199459338231
NOD,2016-03-31,0.1473605796268269,0.2760305922787075,-0.238649458328815
ORK,2016-03-31,0.08866125191313125,0.09778346976178087,0.06129459836718236
BRG,2016-03-31,0.0747574856867865,0.12781723115593657,-0.08442175072066373
YAR,2016-03-31,0.06562891082273538,0.12173169711684824,-0.10267944805960323
SUBC,2016-03-31,0.0458704732645385,0.2700646639093836,-0.6267120986699969
VEND,2016-03-31,0.022245281358651135,0.05550674685655584,-0.07753911513506298
ATEA,2016-03-31,-0.0015040594762018786,0.0825189193788273,-0.2535729960412894
TEL,2016-03-31,-0.007510753378115409,0.10932063358110519,-0.3580049142557772
GJF,2016-03-31,-0.007574142360291712,0.05289683164832342,-0.1889870643861371
VEI,2016-03-31,-0.029286868658648657,0.05139515273744923,-0.2713329328469423
PROT,2016-03-31,-0.11781309084589281,-0.03999023664590284,-0.3512816534458627
KOG,2016-03-31,-0.24947234747715186,-0.22888117056738042,-0.3112458782064662
EQNR,2016-03-31,-0.39849415952500644,-0.31192085888492865,-0.65821406144524
FRO,2016-03-31,-0.41766770003786746,-0.37177842482146356,-0.5553355256870791
DNB,2016-03-31,-0.8996003824249473,-1.1399451173047819,-0.17856617778544356
AKRBP,2016-03-31,-1.7881516949687084,-2.3255594977104965,-0.17592828674334435
MOWI,2016-06-30,1.110522936935815,0.22722835652721218,3.7604066781616234
SALM,2016-06-30,0.860801118746657,0.9522602191900652,0.5864238174164323
AFG,2016-06-30,0.8438766662999928,1.020977804510578,0.3125732516682372
BRG,2016-06-30,0.43746898168688086,0.4216834915608343,0.48482545206502053
TOM,2016-06-30,0.43534937556378306,0.42667999283718444,0.461357523743579
YAR,2016-06-30,0.17091222289024435,0.16072177218472167,0.2014835750068124
ORK,2016-06-30,0.16194741319714545,0.1536400232529837,0.18686958302963064
GJF,2016-06-30,0.1575347668322281,0.20170110265093677,0.02503575937610214
VEI,2016-06-30,0.1548509391395546,0.27425761439051644,-0.20336908661333086
NHY,2016-06-30,0.1401509404397404,0.1765649426185219,0.03090893390339592
ATEA,2016-06-30,0.11950661055174322,0.15620569673529724,0.009409352001081164
VEND,2016-06-30,0.0785523983774898,0.23887025691379454,-0.4024011772314244
PROT,2016-06-30,0.0764726659590703,0.12518499731997274,-0.06966432812363697
NOD,2016-06-30,0.012219205855855647,0.1713623266747775,-0.4652101566009099
SUBC,2016-06-30,-0.1266887286133912,0.3151009661408642,-1.4520578128761574
TEL,2016-06-30,-0.14785277700061128,0.08756691832714326,-0.8541118629838749
KOG,2016-06-30,-0.21269166150605257,-0.23205848064716142,-0.15459120408272603
EQNR,2016-06-30,-0.46490576336866296,-0.24150300447227407,-1.1351140400578297
DNB,2016-06-30,-0.6429788141452826,-0.8341659618386258,-0.06941737106525261
STB,2016-06-30,-0.9424750623711152,-1.2658006567190954,0.027501720672824803
FRO,2016-06-30,-0.9615703491432122,-0.9033131756055336,-1.136341869756248
AKRBP,2016-06-30,-1.628756341934967,-2.123502876695506,-0.14451673765334916
SALM,2016-09-30,1.0896562229649767,1.3010208039539923,0.45556247999793
MOWI,2016-09-30,1.0713830089642353,0.3479370868322918,3.241720775360066
AFG,2016-09-30,0.9048245046132446,1.2026055750296525,0.011481293364021075
NHY,2016-09-30,0.6861216390140709,0.1084565739506729,2.4191168342042646
BRG,2016-09-30,0.4168079991758963,0.5051408928821505,0.15180931805713355
VEI,2016-09-30,0.3228561700615015,0.4572927086206823,-0.08045344561604063
TOM,2016-09-30,0.3133144875227096,0.4176257120154638,0.00038081404444708
ATEA,2016-09-30,0.11097634129466226,0.17818077723489012,-0.09063696652602134
GJF,2016-09-30,0.10516973932664667,0.13017598540464126,0.03015100109266291
ORK,2016-09-30,0.04846673284024178,0.08530877116304134,-0.06205938212815687
PROT,2016-09-30,0.045343534431599594,0.08149602179663824,-0.06311392766351637
NOD,2016-09-30,-0.060771364990862,0.11125288353665161,-0.5768441105734028
SUBC,2016-09-30,-0.08354638754541835,0.18838556547101273,-0.8993422465947116
VEND,2016-09-30,-0.09387366921203844,0.17854058476911255,-0.9111164311554913
YAR,2016-09-30,-0.13806711655539172,-0.042017461480675075,-0.4262160817795417
TEL,2016-09-30,-0.18539156529506828,-0.13131068263611506,-0.34763421327192795
KOG,2016-09-30,-0.4076926261579796,-0.3891810215804048,-0.46322743989070386
EQNR,2016-09-30,-0.5722460784083279,-0.5196555750372346,-0.7300175885216077
AKRBP,2016-09-30,-0.7802927184278083,-0.7718754922941657,-0.8055443968287362
STB,2016-09-30,-0.8135747107130752,-1.153610471896279,0.2065325728365363
FRO,2016-09-30,-0.9255761023174871,-0.9794116952313174,-0.7640693235759966
DNB,2016-09-30,-1.354214707009654,-1.7067930977358037,-0.296479534831205
SALM,2016-12-31,0.912586494248771,1.0932693754940623,0.370537850512897
AFG,2016-12-31,0.8129677322571313,1.0355827216940143,0.14512276394648244
MOWI,2016-12-31,0.47856061722049015,0.4471243128995425,0.5728695301833332
BRG,2016-12-31,0.4099262753131342,0.4734084282448324,0.2194798165180396
VEI,2016-12-31,0.3939321662409457,0.46722602946753566,0.17405057656117565
TEL,2016-12-31,0.3733277576977046,0.2181595982493983,0.8388322360426235
TOM,2016-12-31,0.35608891761069694,0.41832520264780476,0.16938006249937357
ATEA,2016-12-31,0.26558726970028834,0.2886614655249259,0.1963646822263758
GJF,2016-12-31,0.20620780487506002,0.21295553464326905,0.1859646155704328
PROT,2016-12-31,0.1759776165353802,0.18773256561635676,0.14071276929245044
NHY,2016-12-31,0.16911178155580892,0.0574734313476816,0.5040268321801908
ORK,2016-12-31,0.04230381631590948,0.010697690329059456,0.13712219427645955
VEND,2016-12-31,0.0009504217726738692,-0.01247181730210803,0.041217138997019565
YAR,2016-12-31,-0.16011315569027657,-0.24923885323083483,0.10726393693139821
KOG,2016-12-31,-0.18738709329049277,-0.29262254938781734,0.1283192750014809
FRO,2016-12-31,-0.2831583207847486,-0.3829489182873524,0.016213471723062648
NOD,2016-12-31,-0.3163573381414484,-0.427720885014908,0.017733302478930662
STB,2016-12-31,-0.35958865379560984,-0.5719986848779905,0.2776414394515323
AKRBP,2016-12-31,-0.4602366224688486,-0.5981108442034153,-0.04661395726514851
EQNR,2016-12-31,-0.5451416175743413,-0.7525647488617057,0.0771277762877516
SUBC,2016-12-31,-0.8527346263010759,0.3239729172628377,-4.382857256992817
DNB,2016-12-31,-1.5400609967117773,-2.089911643474688,0.10949094357695542
AFG,2017-03-31,0.6683415235787814,0.8216172267526836,0.20851441405707502
SALM,2017-03-31,0.6573940137988962,0.8070205470461698,0.2085144140570753
ELK,2017-03-31,0.45824607721207955,0.5414899649304145,0.208514414057075
MOWI,2017-03-31,0.42718787316194956,0.5000790261969076,0.20851441405707558
BRG,2017-03-31,0.40822804086293357,0.47479924979821975,0.20851441405707521
ATEA,2017-03-31,0.32954308101810764,0.36988597000511847,0.20851441405707521
TOM,2017-03-31,0.31650963538135485,0.3525080424894481,0.2085144140570751
SUBC,2017-03-31,0.2709302516380163,0.29173553083166565,0.2085144140570683
VEI,2017-03-31,0.27080061676589967,0.29156268433550786,0.20851441405707524
VEND,2017-03-31,0.1914740285605185,0.18579390006166638,0.20851441405707494
NHY,2017-03-31,0.17458583383960624,0.16327630710044985,0.20851441405707533
ORK,2017-03-31,0.13131321634505652,0.10557948377438368,0.20851441405707502
GJF,2017-03-31,0.12731525356368512,0.1002488667325551,0.2085144140570751
TEL,2017-03-31,0.039740788316735644,-0.016517086930044278,0.2085144140570754
KOG,2017-03-31,-0.03545022607951397,-0.1167717727917103,0.20851441405707502
PROT,2017-03-31,-0.07096171981981317,-0.1641204311121093,0.2085144140570753
YAR,2017-03-31,-0.1671934895350896,-0.29242945739914444,0.2085144140570749
NOD,2017-03-31,-0.17516554329751785,-0.3030588624157154,0.20851441405707485
AKRBP,2017-03-31,-0.1972082643739757,-0.3324491571843258,0.20851441405707466
STB,2017-03-31,-0.3167290620637328,-0.4918102207706689,0.20851441405707538
FRO,2017-03-31,-0.6548058447222679,-0.9425792643153822,0.20851441405707474
EQNR,2017-03-31,-1.3914204775796954,-0.3261216003543791,-4.587317109255644
DNB,2017-03-31,-1.4852173104433908,-2.049794551943546,0.208514414057075
SUBC,2017-06-30,1.3270910329040129,0.2617528138657343,4.523105690018848
SALM,2017-06-30,0.7887947519357552,1.0844296248215863,-0.09810986672173799
AFG,2017-06-30,0.7440341974956346,1.0717372316749136,-0.23907490504220258
MOWI,2017-06-30,0.4962950740298607,0.6403932009173567,0.06400069336737269
VEI,2017-06-30,0.2708144852879769,0.4138213071359358,-0.15820598025589983
TOM,2017-06-30,0.20968007607087014,0.3523138153824049,-0.21822114186373437
BRG,2017-06-30,0.17430606128149442,0.2880868695636598,-0.16703636356500176
ATEA,2017-06-30,0.14218400625004335,0.24456806121709665,-0.16496815865111655
TEL,2017-06-30,0.10271017493131684,0.09948272150056374,0.11239253522357617
NHY,2017-06-30,0.09447870026111713,0.15426204192050158,-0.08487132471703626
ELK,2017-06-30,0.09307245910539948,0.24119820937744546,-0.35130479171073853
ORK,2017-06-30,0.06973203892334955,0.17084870459798338,-0.23361795810055191
GJF,2017-06-30,-0.0054688893044151435,0.061792246507457856,-0.20725229674003415
VEND,2017-06-30,-0.08569375403974079,-0.17160811304818846,0.17204932298560222
KOG,2017-06-30,-0.1536507044223096,-0.08780392422925695,-0.3511910450014676
PROT,2017-06-30,-0.16387653748486733,-0.1441575048915905,-0.2230336352646979
NOD,2017-06-30,-0.19712303124684977,-0.14564038865898887,-0.35157095901043245
EQNR,2017-06-30,-0.26649546274251246,-0.2565576594482451,-0.29630887262531436
AKRBP,2017-06-30,-0.2808507462395059,-0.2017149181714061,-0.5182582304438051
YAR,2017-06-30,-0.42180857028754676,-0.4361664901662535,-0.37873481065142656
STB,2017-06-30,-0.42783951914444346,-0.5257651619933186,-0.1340625905978182
FRO,2017-06-30,-1.0692499412987355,-1.2799096892290212,-0.4372706975078786
DNB,2017-06-30,-1.6040699125327227,-2.052608345668795,-0.25845461312450496
SUBC,2017-09-30,1.0069202824223715,0.20379501557561921,3.4162960829626288
AFG,2017-09-30,0.9274832809758039,1.241139748542221,-0.013486121723447778
SALM,2017-09-30,0.9246661164066802,1.2194441624370969,0.04033197831543006
MOWI,2017-09-30,0.47533726026839906,0.6194906941089727,0.042876958746678254
TEL,2017-09-30,0.34125232755326956,0.39494269219087935,0.18018123364044025
TOM,2017-09-30,0.2899786412144852,0.38845786480601185,-0.005459029560094751
ATEA,2017-09-30,0.28091524991065886,0.36742193048860305,0.021395208176826237
BRG,2017-09-30,0.17438063201596882,0.22918412401014437,0.00997015603344218
VEI,2017-09-30,0.15310704734037,0.20360810669664892,0.0016038692715331882
NHY,2017-09-30,0.13431602191304473,0.17605837119274084,0.009088974073956355
ORK,2017-09-30,0.11716371944877406,0.16039001963089036,-0.012515181097574808
GJF,2017-09-30,0.07091813767589868,0.09564055269329343,-0.003249107376285575
ELK,2017-09-30,-0.016034481783692402,-0.00032330131023161623,-0.06316802320407476
KOG,2017-09-30,-0.0253206263952344,-0.040104951208633596,0.019032348044963197
AKRBP,2017-09-30,-0.050085055755303816,0.015235222760967788,-0.24604589130411864
PROT,2017-09-30,-0.07308377187480627,-0.09112882147987603,-0.018948623059596978
NOD,2017-09-30,-0.15722097374306454,-0.19764264642519902,-0.03595595569666115
EQNR,2017-09-30,-0.23873705802227316,-0.3078556051043055,-0.031381416776176195
YAR,2017-09-30,-0.34259392158127233,-0.439779683333891,-0.05103663632341632
STB,2017-09-30,-0.4449482259432911,-0.6005318247575131,0.02180257049937505
VEND,2017-09-30,-0.817648217347273,-0.02487499487334603,-3.195967884769054
FRO,2017-09-30,-1.2257217819766841,-1.6061091359755684,-0.08455971998003142
DNB,2017-09-30,-1.5143727258003352,-2.0188950381021997,-0.0008057888947412261
MPCC,2017-09-30,,,
VEND,2017-12-31,0.949240605070079,0.1722854843162122,3.2801059673316795
AFG,2017-12-31,0.9202895169931251,1.2704710507007084,-0.13025508412962505
SALM,2017-12-31,0.8997375181651219,1.2419109625095328,-0.12678281486811085
VEI,2017-12-31,0.363954990972719,0.3888506232772683,0.289268094059071
AKRBP,2017-12-31,0.35563706333554695,-0.040931484587713,1.5453427071053267
ORK,2017-12-31,0.31622755435908556,0.35085205437576994,0.21235405430903243
MOWI,2017-12-31,0.29592791415669,0.44930003385785255,-0.1641884449467977
ATEA,2017-12-31,0.2920242595741572,0.3780077864538621,0.034073678935042394
NOD,2017-12-31,0.2674802579491441,0.25655335064780793,0.30026097985315264
NHY,2017-12-31,0.22606610855337683,0.18770788677120456,0.34114077389989367
TOM,2017-12-31,0.17343646852301717,0.2791075527249878,-0.14357678408289465
KOG,2017-12-31,0.14213878296478302,0.23911687101812562,-0.14879548119524474
SUBC,2017-12-31,0.10364195222014407,0.1279971468333184,0.030576368380621114
BRG,2017-12-31,0.07388534990008765,0.09363411070979047,0.014639067470979173
GJF,2017-12-31,-0.014519593496838625,-0.007815893049137185,-0.034630694839942945
TEL,2017-12-31,-0.07534841580394253,0.056217240004640595,-0.47004538322969186
PROT,2017-12-31,-0.17621583873606372,-0.1811776867679728,-0.16133029464033655
YAR,2017-12-31,-0.2934632195994814,-0.2797165948287037,-0.3347030939118144
ELK,2017-12-31,-0.32903703459481026,-0.1707560202363711,-0.8038800776701278
STB,2017-12-31,-0.3582792092897657,-0.5125960979739179,0.10467145676269098
EQNR,2017-12-31,-0.5526717212941663,0.033342268970681,-2.3107136920887084
DNB,2017-12-31,-1.6804139802142766,-2.275981421794338,0.10628834452590785
FRO,2017-12-31,-1.8997393297077318,-2.0563792239336083,-1.4298196470301023
MPCC,2017-12-31,,,
VEND,2018-03-31,0.8433102657221506,0.26954029056770723,2.564620191185481
AFG,2018-03-31,0.8189213947114881,1.0619736944647307,0.08976449545176009
SALM,2018-03-31,0.7837838552569439,1.0060580464436089,0.11696128169694917
AKRBP,2018-03-31,0.4368045517257157,0.11290472531051947,1.4085040309713044
VEI,2018-03-31,0.38241471192069143,0.44995956900255446,0.17978014067510237
NHY,2018-03-31,0.3550042864539233,0.32808007091422997,0.43577693307300325
ORK,2018-03-31,0.3008361299651474,0.34692625218924955,0.16256576329284098
ATEA,2018-03-31,0.2951657713133481,0.34953554686521526,0.13205644465774655
MOWI,2018-03-31,0.25611537342467044,0.3825098425725276,-0.12306803401890115
TOM,2018-03-31,0.20260188147792202,0.28161371220494796,-0.03443361070315579
BRG,2018-03-31,0.20060644894081767,0.24369609853131463,0.07133750016932675
NOD,2018-03-31,0.18261615889191235,0.2104066998768881,0.09924453593698508
KOG,2018-03-31,0.16017088361344978,0.19759698982741136,0.04789256497156507
SUBC,2018-03-31,0.14480535282723567,0.21923601586980584,-0.07848663630047478
TEL,2018-03-31,0.10340471745312277,0.1639815544743861,-0.07832579361066715
GJF,2018-03-31,0.04752509959229952,0.06570856509350162,-0.007025296911306757
ELK,2018-03-31,0.03935645330685318,0.15718136051612241,-0.3141182683209545
PROT,2018-03-31,0.004341488738695977,0.05127436384781012,-0.13645713658864644
YAR,2018-03-31,-0.10269289389460526,-0.09361785813934069,-0.12991800116039898
STB,2018-03-31,-0.19275409393073287,-0.31850673401223306,0.1845038263137677
EQNR,2018-03-31,-0.281887473937937,0.1694835803479541,-1.6360006367956104
DNB,2018-03-31,-1.2804678103370322,-1.7869825830906505,0.2390765079238232
MPCC,2018-03-31,-1.4094341269516697,-1.8792455026022261,
FRO,2018-03-31,-2.1894708173215207,-1.8545441557921811,-3.1942508019095395
AFG,2018-06-30,0.871142373698458,1.0732384447808956,0.2648541604511452
SALM,2018-06-30,0.8234905663437138,0.9955991834509077,0.30716471502213183
NOD,2018-06-30,0.41066927796245845,0.4514181926286903,0.28842253396376266
NHY,2018-06-30,0.3889725463640954,0.31659308004312037,0.6061109453270204
AKRBP,2018-06-30,0.3761679249191459,0.1981910636385728,0.9100985087608653
ELK,2018-06-30,0.35494501946333046,0.4048710667386156,0.2051668776374749
MOWI,2018-06-30,0.3477896257038215,0.3998546922713999,0.1915944260010862
ORK,2018-06-30,0.30525809536242143,0.2959331428635248,0.33323295285911136
VEND,2018-06-30,0.2888928546987225,0.3292424278087195,0.16784413536873147
KOG,2018-06-30,0.28872698214681775,0.19904418482643638,0.5577753741079619
ATEA,2018-06-30,0.28655358822006816,0.28228920737357366,0.29934673075955176
TEL,2018-06-30,0.23736830904146913,0.21360030009215963,0.3086723358893976
TOM,2018-06-30,0.20633165776649964,0.21315672233941876,0.1858564640477423
BRG,2018-06-30,0.18423490404713685,0.17180894221289467,0.22151278954986342
SUBC,2018-06-30,0.18229320290586862,0.20694743340316102,0.10833051141399139
VEI,2018-06-30,0.05895644275349034,0.02606284771119656,0.15763722788037166
PROT,2018-06-30,-0.013593526646924894,-0.0447482163354038,0.07987054241851184
GJF,2018-06-30,-0.06655231343047796,-0.159034747745425,0.21089498951436317
YAR,2018-06-30,-0.12781854778384077,-0.17267366417277646,0.006746801382966403
STB,2018-06-30,-0.14591947721937165,-0.2963116651167539,0.3052570864727751
EQNR,2018-06-30,-0.4821519212426219,0.1621061127126663,-2.4149260231084866
MPCC,2018-06-30,-1.127421923726124,-1.5032292316348321,
DNB,2018-06-30,-1.218335405007743,-1.7531184797210098,0.38601381913205646
FRO,2018-06-30,-2.3065343459121435,-1.8462198262653933,-3.687477904852394
AFG,2018-09-30,0.8246833476647658,1.0152137888093664,0.2530920242309641
SALM,2018-09-30,0.8161146317065662,1.0091581975121298,0.23698393428987516
ELK,2018-09-30,0.4533977009265191,0.5086423247708377,0.2876638293935633
GJF,2018-09-30,0.3837708382820688,0.4394497389594501,0.21673413624992496
VEND,2018-09-30,0.28138583653521904,0.30764618399248733,0.20260479416341418
NOD,2018-09-30,0.2796481972963443,0.2771471182594209,0.2871514344071146
KOG,2018-09-30,0.25831605073132435,0.25888340416934147,0.25661399041727306
NHY,2018-09-30,0.2567438772792535,0.2514618827481341,0.2725898608726119
ORK,2018-09-30,0.2526851559710851,0.2510999848883241,0.25744066921936815
MOWI,2018-09-30,0.24337094385527366,0.2532379794680617,0.21376983701690958
TOM,2018-09-30,0.23084131302479421,0.23052011974276898,0.23180489287086997
TEL,2018-09-30,0.22043104493378252,0.2234919349884093,0.21124837476990208
VEI,2018-09-30,0.21589218979450872,0.21407823696777456,0.22133404827471112
AKRBP,2018-09-30,0.21027938044548802,0.15782261010256804,0.367649691474248
SUBC,2018-09-30,0.18531132156498578,0.17969519991983837,0.20215968650042807
ATEA,2018-09-30,0.16948081900996853,0.14693985623278055,0.23710370734153244
BRG,2018-09-30,0.140109169855449,0.11052588654164539,0.22885901979685988
EQNR,2018-09-30,0.0561665855799314,0.2528657099991234,-0.5339307876776446
PROT,2018-09-30,-0.11953045570560972,-0.22382883280408236,0.19336467558980816
YAR,2018-09-30,-0.12962384622867795,-0.23524494563834264,0.18723945200031616
STB,2018-09-30,-0.23138913665014943,-0.38629383751773916,0.2333249659526197
MPCC,2018-09-30,-1.1175904585394891,-1.4901206113859855,
DNB,2018-09-30,-1.3614198395739192,-1.901511298389928,0.25885453687410725
FRO,2018-09-30,-2.4037073487622997,-1.6970575403401411,-4.523656774028777
SALM,2018-12-31,1.047451401883312,1.102495937249854,0.8823177957836869
ELK,2018-12-31,0.9722603778164709,0.3896077419427436,2.7202182854376526
AFG,2018-12-31,0.9448794501045157,1.1433073626920789,0.3495957123418264
AKRBP,2018-12-31,0.6266596933451789,0.5083834746595752,0.98148834940199
KOG,2018-12-31,0.5569217266199116,0.4136890532794734,0.9866197466412263
EQNR,2018-12-31,0.4621414030556764,0.29929374773607526,0.95068436901448
TOM,2018-12-31,0.32856109574483666,0.2732463199617841,0.4945054230939943
MOWI,2018-12-31,0.31189447326073744,0.3317671614197477,0.25227640878370666
NOD,2018-12-31,0.26039872269053177,0.21789974780915064,0.3878956473346753
GJF,2018-12-31,0.17028453512619646,0.3586380871831646,-0.3947761210447079
ATEA,2018-12-31,0.16580266811562347,0.29829592663432847,-0.2316771074404915
ORK,2018-12-31,0.08582762136891912,0.18613425140883508,-0.2150922687508287
TEL,2018-12-31,0.02390195112073892,0.009507268067776936,0.06708600027962487
BRG,2018-12-31,-0.03899164249269161,0.03189028875142766,-0.2516374362250494
STB,2018-12-31,-0.09998930711987855,-0.38995707965058224,0.7699140104722325
SUBC,2018-12-31,-0.15251075311308795,0.10887676025406579,-0.9366732932145492
NHY,2018-12-31,-0.22124252808780165,-0.024901369776794455,-0.8102660030208232
VEND,2018-12-31,-0.26484663534788505,0.018729669293183843,-1.1155755492710917
VEI,2018-12-31,-0.4981039729885988,-0.195481283761369,-1.4059720406702882
YAR,2018-12-31,-0.5041735768066427,-0.32574578560787804,-1.0394569504029367
PROT,2018-12-31,-0.5050112137879477,-0.29285231505500164,-1.1414879099867856
MPCC,2018-12-31,-1.0477889396623745,-1.3970519195498328,
FRO,2018-12-31,-1.2103025954933821,-1.1083441691377645,-1.5161778745602348
DNB,2018-12-31,-1.4871409077868434,-2.054918145716688,0.21619080600269036
SALM,2019-03-31,1.0185820817629385,1.2739019591687788,0.252622449545417
AFG,2019-03-31,0.7766731202010387,1.0190844547846756,0.04943911645012835
KOG,2019-03-31,0.49605088487496435,0.48920169854058576,0.5165984438781002
ELK,2019-03-31,0.4266979892295037,0.443959294811735,0.3749140724828097
AKRBP,2019-03-31,0.3784717529955773,0.5858556082366746,-0.24367981272771458
EQNR,2019-03-31,0.3744932137054646,0.35008934112963946,0.44770483143294004
MOWI,2019-03-31,0.3451456155312294,0.394080010879983,0.19834242948496855
GJF,2019-03-31,0.32987812639617553,0.33283034799548683,0.32102146159824163
TOM,2019-03-31,0.26543698514034303,0.26073925076754845,0.2795301882587268
MPCC,2019-03-31,0.21084446699365667,-1.1110549138081638,4.176542609399118
ORK,2019-03-31,0.17367189715819117,0.26439596738811644,-0.09850031353158459
ATEA,2019-03-31,0.15986121179738874,0.29455634076150883,-0.24422417509497155
VEND,2019-03-31,0.05860027883420352,0.2958721547909142,-0.6532153490359286
SUBC,2019-03-31,-0.04540815116240235,0.09027883867856965,-0.4524691206853183
BRG,2019-03-31,-0.08251991976460427,-0.035342112181593055,-0.22405334251363787
NOD,2019-03-31,-0.10329344515991806,0.10399818197561936,-0.7251683265665303
STB,2019-03-31,-0.27409132423167776,-0.41474844498898517,0.14788003804024455
NHY,2019-03-31,-0.2876154478616899,-0.138260308122121,-0.7356808670803967
PROT,2019-03-31,-0.35416048081236096,-0.259742670805438,-0.6374139108331297
TEL,2019-03-31,-0.39863517082670685,-0.4468533712655238,-0.25398056951025594
YAR,2019-03-31,-0.4553488574999762,-0.3976996203537181,-0.6282965689387504
VEI,2019-03-31,-0.6577304632653133,-0.5874922318581356,-0.868445157486846
FRO,2019-03-31,-0.786048028021169,-0.6924402790345788,-1.0668712749809397
DNB,2019-03-31,-1.4586042779682644,-1.9672734200961222,0.06740314841530906
SALM,2019-06-30,1.003789921782782,1.265162019170984,0.21967362961817574
AFG,2019-06-30,0.8545777470683755,1.0623799186785363,0.23117123223789307
YAR,2019-06-30,0.8240047377248738,-0.24713315910028502,4.0374184282003505
GJF,2019-06-30,0.3785652109253022,0.3256344008892076,0.5373576410335861
ATEA,2019-06-30,0.3714825189545007,0.5621963459763827,-0.20065896211114528
PROT,2019-06-30,0.348405779214161,0.8410763719897579,-1.12960599911263
EQNR,2019-06-30,0.31086172962002906,0.22543651052143468,0.5671373869158122
MOWI,2019-06-30,0.1937102374396619,0.2797953626054034,-0.06454513805756253
TOM,2019-06-30,0.1750402559142254,0.11585244148929857,0.3526036991890058
AKRBP,2019-06-30,0.12807041983728223,0.3180823979877034,-0.4419655146139812
KOG,2019-06-30,0.09900939181954194,0.01271783435357485,0.3578840642174432
ORK,2019-06-30,0.06965809425010945,0.11843464491513352,-0.07667155774496277
VEND,2019-06-30,-0.02890068389231236,0.0851633970095295,-0.37109292659783794
ELK,2019-06-30,-0.03748645895737389,0.0761488771914187,-0.37839246740375165
SUBC,2019-06-30,-0.1046782357079331,0.015279309857284727,-0.46455087240358656
BRG,2019-06-30,-0.16869676579146486,-0.17538421126854303,-0.14863442936023047
NOD,2019-06-30,-0.23874782420249646,-0.08824096762752368,-0.6902683939274148
STB,2019-06-30,-0.2698282488931218,-0.4264840924792026,0.20013928186512064
VEI,2019-06-30,-0.31606289709603724,-0.33322672120469754,-0.2645714247700563
TEL,2019-06-30,-0.3970322800504833,-0.41835433221612045,-0.33306612355357196
NHY,2019-06-30,-0.41890249601165985,-0.2583381484296742,-0.900595538757617
MPCC,2019-06-30,-0.6726630976038661,-0.8968841301384881,
FRO,2019-06-30,-0.7141535587526948,-0.5895956221198099,-1.0878273686513498
DNB,2019-06-30,-1.358087223712827,-1.8271367495465398,0.049061353788311134
SALM,2019-09-30,1.0245732771097629,1.2892647258729777,0.230498930820119
PROT,2019-09-30,0.7285933963098156,0.9798398203475593,-0.02514587580341595
ATEA,2019-09-30,0.6137393104915793,0.747574707520222,0.21223311940565112
AFG,2019-09-30,0.5248649723222093,0.6176244211128998,0.24658662595013772
GJF,2019-09-30,0.4940659854518594,0.5373892630661269,0.364096152609057
MOWI,2019-09-30,0.3222092336464914,0.3592124747968263,0.21119951019548674
TOM,2019-09-30,0.27003040616271023,0.2733527463482772,0.2600633856060092
ORK,2019-09-30,0.23915883399790128,0.24916755729294515,0.20913266411276965
EQNR,2019-09-30,0.22271094817992698,0.23444474249049282,0.1875095652482295
AKRBP,2019-09-30,0.08659130979071772,0.08046841721137765,0.10495998752873792
YAR,2019-09-30,0.08062842861191763,-0.16008868801845214,0.802779778503027
VEND,2019-09-30,0.04372533153714249,0.004268627485417818,0.16209544369231652
NOD,2019-09-30,0.034700419787742076,0.020527920941014383,0.07721791632792514
BRG,2019-09-30,0.015441172864536674,-0.048819149994909175,0.20822214144287424
SUBC,2019-09-30,0.004477437950862015,-0.04250879079844272,0.14543612419877622
KOG,2019-09-30,0.0035710317580634407,-0.07337961981120344,0.2344229864658641
ELK,2019-09-30,-0.003622185714564248,-0.04603070528545046,0.1236033729980944
STB,2019-09-30,-0.1855866683622267,-0.3380688469812748,0.2718598674949178
NHY,2019-09-30,-0.24461427846742761,-0.34080828266926655,0.04396773413808907
VEI,2019-09-30,-0.3600753015124614,-0.5324392480572048,0.1570165381217688
FRO,2019-09-30,-0.41271693433986034,-0.5665583662810538,0.04880736148372008
TEL,2019-09-30,-0.5353019195717778,-0.7558797562895109,0.12643159058142175
DNB,2019-09-30,-1.1863013649634082,-1.6603815755140985,0.2359392666886624
MPCC,2019-09-30,-1.976379809491737,-1.0888616833855693,-4.63893418781024
AFG,2019-12-31,0.8841787483621105,1.1371114159033493,0.1253807457383939
SALM,2019-12-31,0.8404489531907992,1.1102040179588655,0.031183758886600285
PROT,2019-12-31,0.7107078050621971,1.0602189679802116,-0.3378256836918465
GJF,2019-12-31,0.5010662182630375,0.5563671140123053,0.33516353101523394
ATEA,2019-12-31,0.4475189569590785,0.5509534032226849,0.13721561816825922
TOM,2019-12-31,0.28255415717464183,0.34156363074685625,0.10552573645799858
MOWI,2019-12-31,0.26108696685893623,0.3279517069255126,0.060492746659207126
ORK,2019-12-31,0.26047708433183225,0.29733427895221043,0.14990550047069764
YAR,2019-12-31,0.2323273562289883,0.052228274208336936,0.7726246022909424
VEND,2019-12-31,0.09659700765845661,0.054953783008218446,0.22152668160917113
VEI,2019-12-31,0.09479692175971166,-0.04730940413980904,0.5211158994582737
BRG,2019-12-31,0.012381863034059228,-0.00856565828643652,0.07522442699554648
KOG,2019-12-31,-0.08698294265638101,-0.1012488348174415,-0.04418526617319955
EQNR,2019-12-31,-0.11360834417558836,-0.12490862376482033,-0.07970750540789245
SUBC,2019-12-31,-0.2016241092315874,-0.183230137875235,-0.2568060233006446
NOD,2019-12-31,-0.21312160252806758,-0.28674207528810725,0.007739815752051408
NHY,2019-12-31,-0.22900499078947611,-0.2245511605732483,-0.24236648143815956
ELK,2019-12-31,-0.26943388774065724,-0.33383752887736234,-0.07622296433054195
MPCC,2019-12-31,-0.3188218047495547,-1.214037457260415,2.366825152783026
STB,2019-12-31,-0.32684215037244585,-0.4352297470342863,-0.001679360386924486
TEL,2019-12-31,-0.37130856828360714,-0.5203026240277286,0.07567359894875725
AKRBP,2019-12-31,-0.41166026249066234,-0.5266434071802849,-0.06671082842179465
DNB,2019-12-31,-1.1587101484439073,-1.58540994162789,0.12138923110804122
FRO,2019-12-31,-1.220287591477143,-0.2932224775724588,-4.001482933191196
AFG,2020-03-31,0.9176038581377476,1.214836508802458,0.025905906143616545
SALM,2020-03-31,0.8255532392061193,1.1645963207099128,-0.19157600530526106
GJF,2020-03-31,0.8022741836960752,1.1369438342550584,-0.20173476798087445
NOD,2020-03-31,0.6340962073427044,0.020090247928695848,2.4761140855847303
FRO,2020-03-31,0.5922222781571259,0.08639168763147669,2.1097140497340736
VEI,2020-03-31,0.3619866087431359,0.1373692614767958,1.0358386505421562
YAR,2020-03-31,0.3164972899575056,0.13565584672111153,0.8590216196666877
TOM,2020-03-31,0.309941099744451,0.4452595216883547,-0.09601416608725998
ORK,2020-03-31,0.30338629717089893,0.36817676917309633,0.10901488116430688
ATEA,2020-03-31,0.22192848138849064,0.29726107852865985,-0.004069310032017074
KOG,2020-03-31,0.1065684733333869,0.23515315078112073,-0.27918555900981457
MOWI,2020-03-31,0.065580722484154,0.19449452027071343,-0.32116067087552425
VEND,2020-03-31,-0.039951087829164386,0.019745224320671426,-0.2190400242786718
BRG,2020-03-31,-0.061197334004429685,-0.057037917587118944,-0.0736755832563619
SUBC,2020-03-31,-0.19655541141356728,0.007606938871640281,-0.80904246226919
EQNR,2020-03-31,-0.1995797313629446,-0.09046970629227423,-0.5269098065749557
ELK,2020-03-31,-0.2573869396588399,-0.21206424848109484,-0.3933550131920751
NHY,2020-03-31,-0.3674245308917395,-0.07244872798650849,-1.2523519396074325
TEL,2020-03-31,-0.48416771634636196,-0.5832566989441784,-0.18690076855291274
MPCC,2020-03-31,-0.565573631362233,-1.1947494993679741,1.3219539726549903
STB,2020-03-31,-0.5824422012466974,-0.7005871270196555,-0.2280074239278232
PROT,2020-03-31,-0.6217398178176176,-0.07491191679051462,-2.2622235208989263
AKRBP,2020-03-31,-0.8228636226155693,-0.8264454787084763,-0.8121180543368481
DNB,2020-03-31,-1.2587567148126322,-1.6516095899819716,-0.0801980893046134
NHY,2020-06-30,1.0877380186148216,-0.11141780892875733,4.685205501245558
AFG,2020-06-30,0.8314656588766836,1.1744787394641396,-0.19757358288568494
SALM,2020-06-30,0.8192745167553299,1.1593873278388087,-0.20106391649510652
GJF,2020-06-30,0.47033015842340686,0.694302294083682,-0.20158624855741838
FRO,2020-06-30,0.4205375725968358,0.5889937798525172,-0.08483104917020877
ATEA,2020-06-30,0.29715108214735036,0.46019195789863265,-0.19197154510649653
ORK,2020-06-30,0.2853423528155078,0.4434897957461943,-0.18909997597655162
TOM,2020-06-30,0.28215936643470035,0.4424533971834237,-0.19872272581146957
VEI,2020-06-30,0.18129520880849304,0.30955053634190166,-0.20347077379173287
KOG,2020-06-30,0.15392101751460546,0.2721046069476771,-0.20062975078460935
YAR,2020-06-30,0.08898824151956622,0.18566580688218182,-0.20104445456828057
BRG,2020-06-30,0.06556733784533497,0.15328765389334112,-0.1975936102986835
NOD,2020-06-30,0.021068211524104034,0.048254738163346605,-0.060491368393623686
PROT,2020-06-30,0.015178454081055767,0.12182801529084757,-0.3047702295483196
MOWI,2020-06-30,0.010037292360652664,0.08371697121144483,-0.21100174419172385
VEND,2020-06-30,-0.04660696938487578,0.0035688850312023818,-0.19713453263311026
EQNR,2020-06-30,-0.29455885714009866,-0.3187636147829148,-0.22194458421165025
SUBC,2020-06-30,-0.31605975419375343,-0.28161470330419847,-0.41939490686241837
ELK,2020-06-30,-0.33850011372336974,-0.38119494936493087,-0.21041560679868646
TEL,2020-06-30,-0.5124544972682532,-0.6154553876353848,-0.20345182616685875
STB,2020-06-30,-0.5226487007553464,-0.6290588543325704,-0.20341824002367478
AKRBP,2020-06-30,-0.5829934830944219,-0.7025239544961982,-0.22440206888909314
DNB,2020-06-30,-1.19887415913323,-1.5324093181052283,-0.19826868221723523
MPCC,2020-06-30,-1.2173579556251,-1.5688359148791595,-0.16292407786292126
GJF,2020-09-30,0.8319031493615421,1.0411628174047456,0.20412414523193145
AFG,2020-09-30,0.7610398284957673,0.9466783895837126,0.20412414523193148
SALM,2020-09-30,0.6546870934702842,0.8048747428830685,0.20412414523193148
VEI,2020-09-30,0.6243061341050151,0.7643667970627097,0.2041241452319315
FRO,2020-09-30,0.45446078475637597,0.5379063312645235,0.2041241452319334
ATEA,2020-09-30,0.3766928179275617,0.43421570882610505,0.2041241452319315
ORK,2020-09-30,0.3034071389976572,0.33650147025289906,0.20412414523193162
TOM,2020-09-30,0.28736645731022004,0.3151138946696495,0.20412414523193148
YAR,2020-09-30,0.28084136106523905,0.3064137663430082,0.20412414523193156
KOG,2020-09-30,0.2752187324258827,0.2989169281571997,0.2041241452319316
PROT,2020-09-30,0.10872949729908812,0.07693128132147412,0.20412414523193012
VEND,2020-09-30,0.07189709654570435,0.027821413650295293,0.2041241452319315
BRG,2020-09-30,0.055260572273589,0.005639381287474845,0.20412414523193145
MOWI,2020-09-30,0.02332160979958347,-0.03694590201119918,0.20412414523193143
NHY,2020-09-30,0.013894949182573668,-0.049514782833879,0.20412414523193168
SUBC,2020-09-30,-0.09835284297079612,-0.19917850570503748,0.20412414523192796
TEL,2020-09-30,-0.24665007476286166,-0.39690814809445957,0.20412414523193195
EQNR,2020-09-30,-0.2501517151040181,-0.40157700188266787,0.2041241452319311
ELK,2020-09-30,-0.2638704852333612,-0.4198686953884587,0.2041241452319313
AKRBP,2020-09-30,-0.34046801685019407,-0.5219987375442359,0.20412414523193131
STB,2020-09-30,-0.41990664378424686,-0.6279169067896396,0.20412414523193143
NOD,2020-09-30,-1.0147572477187494,0.2119421164864745,-4.6948553403344215
MPCC,2020-09-30,-1.1946071150267636,-1.6608508684463286,0.2041241452319316
DNB,2020-09-30,-1.2942630815650926,-1.793725490497434,0.20412414523193145
GJF,2020-12-31,0.8348761751574904,1.139825478490921,-0.07997173484280155
NOD,2020-12-31,0.7846149905568224,0.5687713400225792,1.432145942159552
VEI,2020-12-31,0.6559488405459198,0.7552755803912108,0.35796862101004695
AFG,2020-12-31,0.5920046257326795,0.7890343928933291,0.0009153242507307377
SUBC,2020-12-31,0.5659830954640939,-0.25783360617769907,3.0374332003894726
SALM,2020-12-31,0.4768888888816447,0.6593207640684066,-0.07040673667864102
FRO,2020-12-31,0.3480423067560623,0.3350675119108619,0.38696669129166344
TOM,2020-12-31,0.3432298009986968,0.4784503513267774,-0.062431849985544734
KOG,2020-12-31,0.30054597642681735,0.2284402477653389,0.5168631624112527
ATEA,2020-12-31,0.2521306872670617,0.33512991130539577,0.003133015152059564
ORK,2020-12-31,0.24520056537714255,0.3222682871094694,0.013997400180161889
YAR,2020-12-31,0.1842333928956082,0.2378640976053753,0.02334127876630691
BRG,2020-12-31,0.08970395896267241,0.12301589660004633,-0.010231853949449391
VEND,2020-12-31,-0.05957112812995828,-0.04570084666545106,-0.10118197252347995
TEL,2020-12-31,-0.13335963634995307,-0.23752143063600006,0.17912574650818794
NHY,2020-12-31,-0.13929409100181553,0.10091228115179947,-0.8599132074626605
MOWI,2020-12-31,-0.20705910623215487,-0.20843264080355398,-0.20293850251795753
ELK,2020-12-31,-0.34325582294335755,-0.39257876527365754,-0.19528699595245771
AKRBP,2020-12-31,-0.37999703948338764,-0.44389002740790295,-0.1883180757098417
STB,2020-12-31,-0.5401182714707036,-0.7240126288716573,0.011564800732157725
PROT,2020-12-31,-0.6276785366607809,0.17637722246933674,-3.0398458140511337
EQNR,2020-12-31,-0.6702890128139023,-0.5581029733052022,-1.0068471313400027
DNB,2020-12-31,-1.2588559418758818,-1.6524242748294458,-0.07815094301519007
MPCC,2020-12-31,-1.3139247180608165,-1.729256169140278,-0.06793036482243228
VAR,2020-12-31,,,
GJF,2021-03-31,0.9491321613468838,1.2370238667219386,0.08545704522171894
VEI,2021-03-31,0.6924931599336352,0.7270369128370946,0.5888619012232574
SUBC,2021-03-31,0.5893599111685296,-0.22012595551224876,3.0178175112108647
NOD,2021-03-31,0.5074039165739204,0.3213729650003325,1.0654967712946841
ATEA,2021-03-31,0.42287224750852503,0.5923762105972735,-0.08563964175772039
AFG,2021-03-31,0.418364185961211,0.6319197389198071,-0.22230247291457747
KOG,2021-03-31,0.3017157222337951,0.21857524793277106,0.5511371451368673
TOM,2021-03-31,0.2836893460024348,0.44597532643167725,-0.2031685952852926
YAR,2021-03-31,0.28010403228917546,0.32912296356304455,0.13304723846756833
SALM,2021-03-31,0.18644698821839314,0.33444458724804976,-0.25754580887057676
BRG,2021-03-31,0.16979849138128125,0.2928963805814158,-0.1994951762191225
ORK,2021-03-31,0.14075914176384757,0.26229388123228325,-0.2238450766414595
TEL,2021-03-31,0.1243097039508064,-0.0331584407762803,0.5967141381320665
VEND,2021-03-31,0.10092850588283465,0.008201857130463945,0.37910845213994676
EQNR,2021-03-31,0.030722902534570884,-0.3748185916306681,1.2473473850302879
MOWI,2021-03-31,-0.041212671061011064,-0.08833172936503791,0.10014450385106949
FRO,2021-03-31,-0.2332151270994974,-0.21728362060133394,-0.28100964659398786
NHY,2021-03-31,-0.2874221139275119,0.09813739414586185,-1.4441006381476331
AKRBP,2021-03-31,-0.3003890339993261,0.09469756458120288,-1.485648829740913
PROT,2021-03-31,-0.3160119953164645,0.3261400282713276,-2.242468066079841
ELK,2021-03-31,-0.3699386323828974,-0.41112971013204797,-0.24636539913544572
STB,2021-03-31,-0.6191612811951199,-0.7767505022693828,-0.1463936179723314
MPCC,2021-03-31,-1.1714950966656112,-1.4116372207584396,-0.451068724387127
VAR,2021-03-31,-1.394146976950128,-1.858862635933504,
DNB,2021-03-31,-1.5107177208648712,-1.9222634951657276,-0.27608039796230266
PROT,2021-06-30,0.963193847207114,0.5394489752121564,2.234428463191987
GJF,2021-06-30,0.9231840312305224,1.22329826043792,0.022841343608329755
NOD,2021-06-30,0.8562815672932143,0.6686111028615168,1.4192929605883067
VEI,2021-06-30,0.7857381013148625,0.7718391675739954,0.8274349025374642
AFG,2021-06-30,0.546319043984762,0.7639301270539967,-0.10651420522294153
YAR,2021-06-30,0.42007092782383737,0.3569000100121991,0.609583681258752
KOG,2021-06-30,0.2972322989781243,0.2543477989343771,0.42588579910936586
TOM,2021-06-30,0.29291596940370546,0.4242235211412396,-0.1010066858088971
MOWI,2021-06-30,0.284691876649151,0.01028707352386027,1.1079062860250233
ATEA,2021-06-30,0.226153325188138,0.3390373837577523,-0.11249885052070481
BRG,2021-06-30,0.2178636249435496,0.288504779700403,0.005940160672989397
TEL,2021-06-30,0.11097741376949895,-0.12026099570655885,0.8046926421976723
SALM,2021-06-30,0.035521513728709805,0.16787670623596504,-0.36154406379305587
ORK,2021-06-30,-0.04163109881796634,0.011029106913035349,-0.1996117160109714
ELK,2021-06-30,-0.05393327293231219,-0.22504322550769099,0.4593965847938242
EQNR,2021-06-30,-0.20260422036941572,-0.08789995252279362,-0.546717023909282
VEND,2021-06-30,-0.22373306525049935,-0.33574590219561506,0.11230544558484779
SUBC,2021-06-30,-0.30298600896258654,-0.1958561368082961,-0.6243756254254578
NHY,2021-06-30,-0.37630280306301067,0.07616091707703013,-1.733693963483133
AKRBP,2021-06-30,-0.4352959781921762,0.3560016395657751,-2.80918883146603
MPCC,2021-06-30,-0.701174513785875,-0.7227020963619191,-0.6365917660577431
VAR,2021-06-30,-0.7161161790429504,-0.9548215720572673,
STB,2021-06-30,-0.7857771725348072,-1.0663656825422896,0.05598835748763987
FRO,2021-06-30,-1.0600644203397318,-1.1994579014149735,-0.6418839771140069
DNB,2021-06-30,-1.0605248082238583,-1.343343104883818,-0.21206991824397936
AKRBP,2021-09-30,1.3832475168982903,0.6038423952271637,3.7214628819116706
ELK,2021-09-30,0.6108658138143234,-0.017494933917716934,2.495948057010444
VEI,2021-09-30,0.5562278305646313,0.7565913665316898,-0.044862777336544306
NOD,2021-09-30,0.5388768811340642,0.727043037028992,-0.025621586550719288
GJF,2021-09-30,0.5181308812265406,0.7606345856073868,-0.20938023191599778
AFG,2021-09-30,0.4504470743591678,0.678642414937079,-0.2341389473745658
TOM,2021-09-30,0.350334103216817,0.5396611793277832,-0.2176471251160816
PROT,2021-09-30,0.3352084842479014,0.45079331899054076,-0.011546019980016857
BRG,2021-09-30,0.29230278065779136,0.42803181424607517,-0.11488432010705994
KOG,2021-09-30,0.19980920459585844,0.3140269878893768,-0.1428441452846966
MOWI,2021-09-30,0.08497761010851894,0.17517638498893423,-0.18561871453272688
ATEA,2021-09-30,0.06184843486203615,0.1563934411781842,-0.22178658408640803
SALM,2021-09-30,0.05265845480024543,0.17599152239952992,-0.3173407479976081
EQNR,2021-09-30,-0.026094113748326153,0.16661046265184806,-0.6042078429488488
YAR,2021-09-30,-0.04761434140670939,0.030470249578528383,-0.2818681143624227
TEL,2021-09-30,-0.07685871173049383,-0.030144426676463942,-0.21700156689258346
ORK,2021-09-30,-0.0887423946174643,-0.02441408474090804,-0.2817273242471331
MPCC,2021-09-30,-0.2434505829618697,-0.15794858903677342,-0.49995656473715855
VEND,2021-09-30,-0.30976123824963947,-0.36904887726038876,-0.13189832121739173
NHY,2021-09-30,-0.3248307344984571,-0.07085441255153015,-1.086759700339238
SUBC,2021-09-30,-0.4055090536113999,-0.39076793374072505,-0.44973241322342433
VAR,2021-09-30,-0.5570214564302003,-0.7426952752402671,
STB,2021-09-30,-0.8353101295808864,-1.042107434241489,-0.21491821559907823
DNB,2021-09-30,-1.0254492477615955,-1.2835448726595846,-0.2511623730676284
FRO,2021-09-30,-1.4942930658891413,-1.8348883205172615,-0.4725073020047818
AKRBP,2021-12-31,0.962463408255001,0.5665335652928724,2.1502529371413868
GJF,2021-12-31,0.8115502191853471,1.0742952865761453,0.023315017012952362
ELK,2021-12-31,0.5606119602413824,0.07447206487866573,2.019031646329532
AFG,2021-12-31,0.4860054802679613,0.656553515216384,-0.02563862457730712
VEI,2021-12-31,0.4391263955544995,0.5899056537870383,-0.01321137914311693
MPCC,2021-12-31,0.41703114338718494,0.6617259354543816,-0.317053232814405
NOD,2021-12-31,0.37748820357805957,0.4827665384377458,0.061653198999000854
TOM,2021-12-31,0.3047659754484647,0.39294652155910126,0.04022433711655502
KOG,2021-12-31,0.2846874400877042,0.3696327448794094,0.02985152571258854
EQNR,2021-12-31,0.24413612794147924,0.43792697072623077,-0.33723640041277536
BRG,2021-12-31,0.24213849583400088,0.3089604502422346,0.04167263260929965
PROT,2021-12-31,0.21148264617936152,0.28053076419843614,0.004338292122137625
SALM,2021-12-31,0.18715391824443528,0.24773547043100533,0.005409261684725138
MOWI,2021-12-31,0.1427316322561053,0.07675444568388745,0.34066319197275885
ATEA,2021-12-31,0.0891569895639129,0.11760734173797993,0.0038059330417117955
NHY,2021-12-31,0.02908181711367095,-0.02042406752640938,0.17759947103391194
VAR,2021-12-31,-0.01827227704468703,-0.024363036059582704,
ORK,2021-12-31,-0.02889387638083722,-0.032517679825354084,-0.01802246604728662
YAR,2021-12-31,-0.19800664540439933,-0.2408523747386364,-0.06946945740168807
SUBC,2021-12-31,-0.2262792945622477,-0.25058397828888923,-0.15336524338232313
TEL,2021-12-31,-0.5461797689837757,-0.6948740841986298,-0.10009682333921348
STB,2021-12-31,-0.6523292054706105,-0.8730740076479359,0.009905201061365432
DNB,2021-12-31,-1.0681120456325168,-1.4268733135119989,0.00817175800592946
FRO,2021-12-31,-1.4206203239747752,-1.8414041255115787,-0.1582689193643648
VEND,2021-12-31,-1.6309184156847212,-0.9333806017925033,-3.7235318573613747
MPCC,2022-03-31,0.58712021844441,0.958163836402404,-0.5260106354295718
NOD,2022-03-31,0.5323603116313513,0.6155173795896672,0.28288910775640375
STB,2022-03-31,0.5193545539702227,0.6078707273536256,0.2538060338200139
ELK,2022-03-31,0.4115683746526557,0.04452107705388889,1.5127102674489563
AKRBP,2022-03-31,0.3756565462888255,0.36386803118120636,0.4110220916116829
AFG,2022-03-31,0.35714917423444625,0.41894644850717994,0.17175735141624507
VEI,2022-03-31,0.29644857673664743,0.3417713507368398,0.1604802547360704
GJF,2022-03-31,0.29538127029836825,0.33593118281061507,0.1737315327616278
SALM,2022-03-31,0.23276190877075034,0.237965574991946,0.21715091010716334
EQNR,2022-03-31,0.17547501781748553,0.4453019117650633,-0.6340056640252478
TOM,2022-03-31,0.11360040886087286,0.07430964932007503,0.23147268748326633
VAR,2022-03-31,0.08855802713822455,0.11807736951763274,
KOG,2022-03-31,0.08231791361728462,0.03552303170951919,0.22270255934058092
BRG,2022-03-31,0.03505375836829194,-0.04446500883495935,0.2736100599780458
PROT,2022-03-31,0.02252233085337594,4.484172503657624e-05,0.08995479823839403
MOWI,2022-03-31,0.0066386546107528935,-0.053255076248947826,0.18631984718985506
ATEA,2022-03-31,-0.036410022054834575,-0.10999000658755426,0.18432993154332447
NHY,2022-03-31,-0.045398094133317704,-0.1769141801124029,0.3491501638039379
ORK,2022-03-31,-0.09791200681344414,-0.19033727247439658,0.17936379016941315
YAR,2022-03-31,-0.1281953013254003,-0.2706395973973134,0.2991375868903389
SUBC,2022-03-31,-0.2589484822718774,-0.34737402816111645,0.0063281553958398
TEL,2022-03-31,-0.4987091244075921,-0.7014353867875028,0.10946966273214001
DNB,2022-03-31,-1.008537653820016,-1.4171057618224014,0.21716667018714003
VEND,2022-03-31,-2.0552898361759864,-1.2862960942381063,-4.3622710619896266
FRO,2022-03-31,,,-0.010266101165993639
NOD,2022-06-30,0.5990402715643728,0.6716684716921917,0.3811556711809161
MPCC,2022-06-30,0.533468379689372,1.21293036158404,-1.5049175659946321
AFG,2022-06-30,0.4717729035103743,0.5255114501360506,0.3105572636333453
ELK,2022-06-30,0.4488123156599172,0.27919789966842196,0.957655563634403
GJF,2022-06-30,0.40159786975427914,0.43977935853063566,0.2870534034252096
VEI,2022-06-30,0.36754479776425725,0.39013034252413326,0.2997881634846291
NHY,2022-06-30,0.3182960165906167,0.272801712870268,0.4547789277516628
SALM,2022-06-30,0.282101809986999,0.2324286713417325,0.43112122592279856
VAR,2022-06-30,0.25124375316770103,0.37383335968073333,-0.11652506637139597
AKRBP,2022-06-30,0.21590879453512932,0.12206378692227414,0.49744381737369486
TOM,2022-06-30,0.15957598086931568,0.10045103126421617,0.3369508296846142
KOG,2022-06-30,0.13096515884606136,0.06606206847928275,0.32567442994639717
MOWI,2022-06-30,0.08413855888830185,-0.005086571379787921,0.3518139496925712
PROT,2022-06-30,0.04730660416311912,-0.0230639518865402,0.2584182723120971
BRG,2022-06-30,-0.0020269753928839618,-0.1174272481908464,0.3441738430010034
YAR,2022-06-30,-0.004229896623839935,-0.123572715981042,0.3537985614477662
SUBC,2022-06-30,-0.03520447962824037,-0.09505796130767309,0.1443559654100578
STB,2022-06-30,-0.04943889761544036,-0.16716731929595363,0.30374636742609945
EQNR,2022-06-30,-0.05847358842029737,0.7054203171180538,-2.3501553050353508
ORK,2022-06-30,-0.07395552360789936,-0.2048494951476243,0.3187263910112754
ATEA,2022-06-30,-0.18466655085313433,-0.3574260308761559,0.3336118892159304
TEL,2022-06-30,-0.6520182807957833,-0.9529112932293413,0.25066075650489067
DNB,2022-06-30,-1.374414858209504,-1.9457381281339452,0.3395549515638204
VEND,2022-06-30,-1.9507815080358162,-1.3999781163831246,-3.60319168299389
FRO,2022-06-30,,,0.2937493767720867
MPCC,2022-09-30,1.3078456019575295,1.2977812350808433,1.338038702587588
EQNR,2022-09-30,0.8476819731960187,0.7517278648979409,1.135544298090252
NOD,2022-09-30,0.5760887861795202,0.6954099165216244,0.2181253951532078
AFG,2022-09-30,0.3454878307605863,0.4277155318851066,0.09880472738702566
ELK,2022-09-30,0.3314206806256962,0.2887155181553894,0.4595361680366167
NHY,2022-09-30,0.3191401813170036,0.3258411731678874,0.2990372057643523
AKRBP,2022-09-30,0.28260779237573547,0.27960860503463103,0.2916053543990488
GJF,2022-09-30,0.2687964927104306,0.3367916561216321,0.06481100247682611
SALM,2022-09-30,0.2453203272983796,0.26191691925561156,0.19553055142668369
VEI,2022-09-30,0.22275888999271895,0.2632981955895226,0.10114097320230796
PROT,2022-09-30,0.14987021014613908,0.17444932290630372,0.07613287186564519
VAR,2022-09-30,0.057367188004185166,0.2521508791604786,-0.5269838854646952
YAR,2022-09-30,0.030888259615175398,-0.08904403861733617,0.3906851543127101
TOM,2022-09-30,0.017062996099745598,-0.018273430401529907,0.1230722756035721
MOWI,2022-09-30,-0.004098300736501831,-0.06915767775585088,0.19107983032154532
KOG,2022-09-30,-0.033947776735645765,-0.08960572633121365,0.13302607205105788
SUBC,2022-09-30,-0.03460208199020477,-0.02054801398268999,-0.07676428601274912
ATEA,2022-09-30,-0.05715769527057456,-0.11742337984731632,0.12363935845965075
BRG,2022-09-30,-0.05942321675346085,-0.11996885659221274,0.1222137027627948
STB,2022-09-30,-0.12523039390042515,-0.19749068212552412,0.0915504707748718
ORK,2022-09-30,-0.1286006581880711,-0.21084255251482664,0.11812502479219551
TEL,2022-09-30,-0.798018603048413,-1.0735818777721409,0.02867122112277059
DNB,2022-09-30,-1.359158093090992,-1.8558486556602862,0.13091359461689156
VEND,2022-09-30,-2.218625558858154,-1.493621926176045,-4.39363645690448
FRO,2022-09-30,,,-0.7338993268256896
MPCC,2022-12-31,1.2311345213046114,1.5344985500370447,0.3210424351073109
EQNR,2022-12-31,0.78412050172053,0.8030587785191076,0.7273056713247973
NOD,2022-12-31,0.6020645146583026,0.7324250118918383,0.21098302295769564
YAR,2022-12-31,0.5828442074611111,0.26725786279904734,1.5296032414473022
ELK,2022-12-31,0.3662378067667319,0.3882980341962259,0.30005712447824984
VEI,2022-12-31,0.33836495660706684,0.4383605574492907,0.03837815408039508
NHY,2022-12-31,0.3296682481004198,0.3443741949260918,0.2855504076234039
AFG,2022-12-31,0.2836162520590235,0.38492389923839726,-0.020306689479097764
VAR,2022-12-31,0.2702711860201343,0.3142094380694083,0.13845642987231202
AKRBP,2022-12-31,0.2164575579927123,0.24220539460651794,0.13921404815129537
PROT,2022-12-31,0.05544242163161686,0.057259498791388946,0.0499911901523006
SUBC,2022-12-31,0.04675454406156214,-0.007750427740607427,0.21026945946807085
KOG,2022-12-31,0.019921348079245605,-0.002847994838299228,0.0882293768318801
ATEA,2022-12-31,0.008446595671214807,0.0008522893171808085,0.031229514733316803
GJF,2022-12-31,-0.017277503541837158,0.02758000196926272,-0.1518500200751368
BRG,2022-12-31,-0.04592196829261709,-0.08909136949787388,0.08358623532315329
MOWI,2022-12-31,-0.05104688088738508,-0.12747923973199107,0.17825019564643294
TOM,2022-12-31,-0.1315746725080156,-0.14709477023392675,-0.08501437933028218
ORK,2022-12-31,-0.14062070622649264,-0.19139688659921783,0.011707834891682914
STB,2022-12-31,-0.21151564986231408,-0.25793882129489887,-0.07224613556455978
SALM,2022-12-31,-0.31830943882411267,-0.4442103956142112,0.05939343154618306
TEL,2022-12-31,-0.35589570099342865,-0.5751130893219808,0.30175646399222766
VEND,2022-12-31,-0.7964180023819332,-1.0820118261118674,0.060363468807869504
FRO,2022-12-31,-1.4876059931385897,-0.4729737769244071,-4.531502641781137
DNB,2022-12-31,-1.5791581454775572,-2.137394913901521,0.0955521597943343
MPCC,2023-03-31,1.2080932527086437,1.5329727112764724,0.2334548770051571
EQNR,2023-03-31,0.6974413528282064,0.7453328021207337,0.5537670049506246
STB,2023-03-31,0.3970561140219636,0.5141195411876665,0.045865832524855175
PROT,2023-03-31,0.3380426949886024,0.3120597108027128,0.4159916475462712
GJF,2023-03-31,0.2591735161030888,0.33794078976500963,0.022871695117326295
VEI,2023-03-31,0.24822234855998015,0.27400567824843747,0.17087235949460827
NHY,2023-03-31,0.16224504922823757,0.15158867741339277,0.194214164672772
YAR,2023-03-31,0.13626345156051936,0.10144873189907991,0.2407076105448377
ATEA,2023-03-31,0.10957860451312817,0.0856623330461611,0.1813274189140294
ELK,2023-03-31,0.07342254756640501,0.036222010980409426,0.18502415732439179
AFG,2023-03-31,0.06799452501741213,0.061676880175439125,0.08694745954333115
MOWI,2023-03-31,0.0422978442960402,-0.06187492930488839,0.35481616509882596
VAR,2023-03-31,0.031548431185610584,0.014512752656089103,0.08265546677417503
BRG,2023-03-31,0.018428422939877773,-0.03720426667009479,0.18532649176979546
AKRBP,2023-03-31,0.013947974933438205,0.0004789849405221411,0.0543549449121864
KOG,2023-03-31,-0.02440674335050365,-0.11947593843152411,0.26080084189255776
TOM,2023-03-31,-0.09995633766717664,-0.15155701869186983,0.054845705406902936
SUBC,2023-03-31,-0.10778751420149063,-0.39003863061591737,0.7389658350417896
ORK,2023-03-31,-0.14144506585522834,-0.24274757815164963,0.16246247103403552
SALM,2023-03-31,-0.14516241935026858,-0.25615087713793677,0.187802954012736
NOD,2023-03-31,-0.2357663087920928,-0.36044674155903006,0.13827498950871905
TEL,2023-03-31,-0.37362399454794765,-0.49477728394368153,-0.010164126360745984
VEND,2023-03-31,-0.5837286743346741,-0.7640250761807127,-0.04283946879655849
DNB,2023-03-31,-0.7859159688006697,-1.1240041723160896,0.22834864174558997
FRO,2023-03-31,-1.3059631035511017,-0.1657190915087306,-4.726695139678215
FRO,2023-06-30,1.3791952395297684,0.2554792067637158,4.7503433378279265
MPCC,2023-06-30,1.2582616486082878,1.7166801370815592,-0.11699381681152649
EQNR,2023-06-30,0.6730642860818342,0.8943839031141295,0.009105434984948578
VEI,2023-06-30,0.5872030456031714,0.8205122737760414,-0.11272463891543902
GJF,2023-06-30,0.4518588250338129,0.6735072797279124,-0.21308653904848543
PROT,2023-06-30,0.2628406123513776,0.27956109047724653,0.21267917797377095
ATEA,2023-06-30,0.22275961528875948,0.3481598076542554,-0.15344096180772843
KOG,2023-06-30,0.11791241714135452,0.14992536280673685,0.021873580145207527
NHY,2023-06-30,0.10043448764838117,0.23490829726783752,-0.3029869412099878
BRG,2023-06-30,0.05662936832065313,0.10899710830472562,-0.1004738516315643
AKRBP,2023-06-30,0.026754619644328487,0.1250627470382713,-0.26816976253749997
VAR,2023-06-30,-0.028059630688026693,0.034250006181680115,-0.21498854129714712
NOD,2023-06-30,-0.07427320998520415,-0.013843564835903543,-0.25556214543310596
YAR,2023-06-30,-0.08203052047852519,-0.019123589219090086,-0.27075131425683047
AFG,2023-06-30,-0.09872783486887216,-0.04214640410788736,-0.26847212715182656
ELK,2023-06-30,-0.14590700917810528,-0.09443021857111718,-0.30033738099906965
TOM,2023-06-30,-0.16088165591272302,-0.12627542636268854,-0.26470034456282643
MOWI,2023-06-30,-0.19444096009711132,-0.16094145471999943,-0.2949394762284469
ORK,2023-06-30,-0.25773190719980743,-0.2960752992992745,-0.14270173090140625
SUBC,2023-06-30,-0.419431155335658,-0.4428253563932032,-0.3492485521630224
STB,2023-06-30,-0.4709543239274254,-0.5629234452081741,-0.1950469600851793
TEL,2023-06-30,-0.532530509129205,-0.6235419396386679,-0.25949621760081615
VEND,2023-06-30,-0.6207511192229784,-0.6780726757691331,-0.4487864495845146
SALM,2023-06-30,-0.6460666677409488,-0.7269913512081521,-0.4032926173393392
DNB,2023-06-30,-1.4051276614871382,-1.8542364948608205,-0.057801161366091265
FRO,2023-09-30,1.1150972466738662,0.4001181672168186,3.2600344850450096
MPCC,2023-09-30,0.932491516245258,1.2942501001388957,-0.15278423543565528
VEI,2023-09-30,0.6850600068788651,0.7990880272997638,0.3429759456161689
GJF,2023-09-30,0.5189007156917335,0.6931784562865648,-0.003932506092760981
EQNR,2023-09-30,0.4620761623148925,0.7070616779263365,-0.27288038451943936
VAR,2023-09-30,0.2666616988724633,0.11801573785045563,0.7125995819384864
PROT,2023-09-30,0.24455345861298566,0.11446195037379356,0.634827983330562
KOG,2023-09-30,0.23837578191084632,0.08030118190163296,0.7125995819384864
BRG,2023-09-30,0.22593205183289722,0.20015448381613102,0.30326475588319585
SUBC,2023-09-30,0.1939572866251849,-0.2960798513388793,1.6640687005173775
ATEA,2023-09-30,0.1937477959268074,0.23223478249600316,0.07828683621922022
AKRBP,2023-09-30,-0.08961039184902046,0.09798174988248033,-0.6523868170435229
ORK,2023-09-30,-0.11776112629313863,-0.19960991161461866,0.12778522967130151
AFG,2023-09-30,-0.15182106257550892,-0.032068553719828474,-0.5110785891425502
YAR,2023-09-30,-0.1562379749665063,0.10776138589530082,-0.9482360575519276
NHY,2023-09-30,-0.17808187027252262,0.11364918875621303,-1.0532750473587296
NOD,2023-09-30,-0.1817459193169613,0.00013632736125890332,-0.7273926593516219
MOWI,2023-09-30,-0.2348081856476511,-0.13480834704466155,-0.5348077014566197
TEL,2023-09-30,-0.2779379924429441,-0.5129961201606784,0.42723639071025876
STB,2023-09-30,-0.3164438141947005,-0.4735634927956424,0.15491522160812507
TOM,2023-09-30,-0.40662281702748015,-0.348689571514583,-0.5804225535661715
SALM,2023-09-30,-0.5283568724628553,-0.3593717768152539,-1.0353121594056598
ELK,2023-09-30,-0.6576959638534182,-0.4910793954345021,-1.1575456691101667
VEND,2023-09-30,-0.7655535224000596,-0.5495438717153845,-1.4135824744540846
DNB,2023-09-30,-1.014176208283032,-1.5605823250476152,0.6250421420107173
MPCC,2023-12-31,1.0108364771167255,1.2891678311474044,0.17584241502468848
VEI,2023-12-31,0.8829116595364264,0.9613133552288713,0.6477065724590917
KOG,2023-12-31,0.7070484133772894,0.49322799431794506,1.3485096705553226
GJF,2023-12-31,0.687708896425022,0.5635470096861033,1.0601945566417783
PROT,2023-12-31,0.45773840225025214,0.32568087388238026,0.8539109873538677
ATEA,2023-12-31,0.4222437628887672,0.37546924641286633,0.5625673123164698
BRG,2023-12-31,0.40534582493452853,0.33346282335690486,0.6209948296673995
EQNR,2023-12-31,0.310265953944545,0.5750051120255868,-0.4839515202985804
ORK,2023-12-31,0.184438988379355,-0.0012526656852429319,0.7415139505731487
VAR,2023-12-31,0.1313234714521192,0.1676842084804296,0.022241260367188
AFG,2023-12-31,0.11807492582397416,0.3227129116602278,-0.4958390316847867
STB,2023-12-31,0.1050885092981177,-0.3844187450306772,1.5736102722845022
AKRBP,2023-12-31,0.07609430670029442,0.12998122915732307,-0.08556646067079154
SALM,2023-12-31,0.0658226364549079,0.055789921887667834,0.09592078015662811
MOWI,2023-12-31,-0.0471422358042905,0.002891122841404959,-0.19724231174137688
FRO,2023-12-31,-0.13098848624945347,-0.6290477151454359,1.3631892004384938
NHY,2023-12-31,-0.22283884261464545,0.045117978024369815,-1.0267093045316913
TOM,2023-12-31,-0.32283850744833165,-0.4565258918556954,0.07822364577375963
SUBC,2023-12-31,-0.43351618069486925,-0.2757432971675486,-0.9068348312768313
YAR,2023-12-31,-0.46088149366528963,-0.1836588426957969,-1.292549446573768
ELK,2023-12-31,-0.5103669304084097,-0.37702665470405566,-0.9103877575214718
NOD,2023-12-31,-0.5207394010815674,-0.30388938450011344,-1.1712894508259293
VEND,2023-12-31,-0.6470080501992402,-0.3777980231542276,-1.4546381313342782
TEL,2023-12-31,-1.0985035187490708,-0.737582967290467,-2.1812651731248818
DNB,2023-12-31,-1.1701185816671569,-1.9141074308802257,1.0618479659720501
VEI,2024-03-31,0.8519380261955315,0.853063186620967,0.848562544919225
MPCC,2024-03-31,0.7842705828836087,1.1125550490613687,-0.20058281564967112
KOG,2024-03-31,0.6644268387996436,0.5262605732579375,1.0789256354247618
GJF,2024-03-31,0.37158032444345007,0.3070174321562159,0.5652690013051526
TEL,2024-03-31,0.3373738501655003,-0.29892049648947955,2.24625689013044
AKRBP,2024-03-31,0.30503920548234187,0.13014269226711336,0.8297287451280274
AFG,2024-03-31,0.2537504641928049,0.38589573577934494,-0.1426853505668152
BRG,2024-03-31,0.22582983444760849,0.18567211369919442,0.3463029966928507
ATEA,2024-03-31,0.169738409532655,0.11872437404778327,0.32278051598727014
ORK,2024-03-31,0.138290089734509,0.011758118256684408,0.5178860041679827
STB,2024-03-31,0.1333762230438098,-0.24519319716449806,1.2690844836687334
EQNR,2024-03-31,0.12898520861352428,0.43101117207339446,-0.7770926817660863
PROT,2024-03-31,0.10846653111176137,0.13961004595437054,0.015035986583933873
SUBC,2024-03-31,0.0022842718374517512,-0.27319584179448264,0.8287246127332549
VAR,2024-03-31,-0.09836747639956711,-0.13318635130508258,0.006089148316979248
SALM,2024-03-31,-0.11609906107702422,0.04482562195762599,-0.5988731101809749
NOD,2024-03-31,-0.1244750795270026,0.44819214449964706,-1.8424767516069516
MOWI,2024-03-31,-0.26365214363236206,-0.11922701406828287,-0.6969275323245996
NHY,2024-03-31,-0.3199938161714633,-0.055182855537205956,-1.1144266980742352
DNB,2024-03-31,-0.33234646998939515,-0.6659259433885444,0.6683919502080526
TOM,2024-03-31,-0.483864583525252,-0.560627569059279,-0.2535756269231711
YAR,2024-03-31,-0.601905076817191,-0.30966152811873465,-1.4786357229125597
ELK,2024-03-31,-0.6497577055431927,-0.4748792452097964,-1.1743930865433814
FRO,2024-03-31,-0.6891571662454458,-1.0620344766255905,0.4294747648949884
VEND,2024-03-31,-0.7957312815563028,-0.4966937408706686,-1.6928439036132055
VEI,2024-06-30,0.7929023856429807,0.9756403756319187,0.2446884156761664
SALM,2024-06-30,0.7198370562206543,0.06325086471759805,2.689595630729823
SUBC,2024-06-30,0.6281153972872786,-0.0727276430993956,2.7306445184473014
KOG,2024-06-30,0.6003563360861288,0.6910493853981108,0.32827718815018286
MPCC,2024-06-30,0.5329954238121695,0.8607648834931927,-0.4503129552309002
AKRBP,2024-06-30,0.21897415296605166,0.20789546294697617,0.25221022302327806
EQNR,2024-06-30,0.1978943489506914,0.4558688755578823,-0.5760292308708812
GJF,2024-06-30,0.1790303794191225,0.26271426627340705,-0.07202128114373116
AFG,2024-06-30,0.1500010710035242,0.3654658863504473,-0.49639337503724523
BRG,2024-06-30,0.1344378206959463,0.22803658026402673,-0.1463584580082951
PROT,2024-06-30,0.12430444560002829,0.24436379640599654,-0.2358736068178764
ATEA,2024-06-30,0.09929303467309883,0.17349643093245387,-0.12331715410496637
STB,2024-06-30,0.09406264805847943,-0.12305535121729044,0.745416645885789
ORK,2024-06-30,0.06463603031732629,0.0542534360688359,0.09578381306279748
TEL,2024-06-30,0.03582894042155382,-0.21980338228915874,0.8027259085536915
MOWI,2024-06-30,0.010192657687963687,-0.06874590245413212,0.2470083381142511
VAR,2024-06-30,-0.013750410972684264,0.016334721633260524,-0.10400580879051863
VEND,2024-06-30,-0.22438419866038084,0.20214440823831742,-1.5039700193564756
YAR,2024-06-30,-0.260210064129637,-0.10559637853551267,-0.72405112091201
NHY,2024-06-30,-0.33740069084683233,-0.12709720608582808,-0.9683111451298452
ELK,2024-06-30,-0.3949480718163654,-0.3551373349354129,-0.5143802824592226
TOM,2024-06-30,-0.4587208845702283,-0.4847519186890754,-0.38062778221368687
FRO,2024-06-30,-0.8723236038800085,-1.0676542003803644,-0.28633181437894084
DNB,2024-06-30,-0.9391082502722238,-1.2813402481633258,0.08758774340108275
NOD,2024-06-30,-1.0820159536946385,-0.8953698080629284,-1.6419543905897687
VEI,2024-09-30,0.7613422761843109,1.0064456308427556,0.026032212208976897
KOG,2024-09-30,0.6349982194730469,0.7820927083504194,0.1937147528409294
SALM,2024-09-30,0.5384417944962615,-0.1379313293121215,2.5675611659214104
VEND,2024-09-30,0.45703881325645446,0.09519692267639701,1.542564484996627
SUBC,2024-09-30,0.41962231986215504,-0.06769896266049351,1.8815861674301007
MPCC,2024-09-30,0.30104996481886165,0.6214614132783844,-0.6601843805597067
PROT,2024-09-30,0.2884160176304711,0.32051949473212343,0.192105586325514
GJF,2024-09-30,0.2555492946085244,0.3718016958609061,-0.09320790914862088
AFG,2024-09-30,0.21067105666146918,0.4111258689460724,-0.3906933801923404
EQNR,2024-09-30,0.17236463045157652,0.4662126026031571,-0.7091792860031652
STB,2024-09-30,0.12138603505569179,-0.07919199633256815,0.7231201292204716
AKRBP,2024-09-30,0.10281784019551891,0.16925605666387217,-0.09649680920954089
ATEA,2024-09-30,0.09674383510694809,0.23978265029380486,-0.3323726104536222
ELK,2024-09-30,0.04789383522827373,-0.3496262934138161,1.2404542211545433
BRG,2024-09-30,0.039786464601735086,0.17596500519850944,-0.368749157188588
ORK,2024-09-30,-0.011898836372504926,0.0544701023565321,-0.211005652559616
MOWI,2024-09-30,-0.08738582628295413,-0.04804099944971718,-0.20542030678266496
VAR,2024-09-30,-0.11605811615647595,0.05490398840509715,-0.6289444298411953
TEL,2024-09-30,-0.11637112074992448,-0.2283961998168738,0.21970411645092355
YAR,2024-09-30,-0.20503829120652894,-0.17834743430645794,-0.2851108619067419
TOM,2024-09-30,-0.25550557674919505,-0.19508843144726964,-0.43675701265497124
NHY,2024-09-30,-0.3485792620459887,-0.09643632738233049,-1.1050080660369634
DNB,2024-09-30,-1.0003928928947898,-1.2926747808133325,-0.12354722913916164
NOD,2024-09-30,-1.2872388236509091,-0.9250016077364217,-2.3739504713943713
FRO,2024-09-30,-1.7583278487266605,-2.1556987071428053,-0.5662152734782269
SUBC,2024-12-31,1.2166090782720367,0.17581002840930282,4.339006227860239
KOG,2024-12-31,0.43587028616763257,0.6483242561662887,-0.20149162382833585
AFG,2024-12-31,0.37825041779607166,0.4738878263602057,0.09133819210366954
TOM,2024-12-31,0.28501599831968905,0.360307123302689,0.059142623370689276
VEI,2024-12-31,0.23309578056728458,0.3346741253674787,-0.07163925383329772
ATEA,2024-12-31,0.15494534800722332,0.24948753833483667,-0.12868122297561674
ORK,2024-12-31,0.13083696842695486,0.20618247155739053,-0.09519954096435213
EQNR,2024-12-31,0.08999427627850867,0.17894160506074078,-0.17684771006818764
GJF,2024-12-31,0.08767684856448318,0.13469123295284746,-0.053366304600609656
PROT,2024-12-31,0.07806397845673682,0.14105737054140943,-0.11091619779728103
AKRBP,2024-12-31,0.04126042798971069,0.0606240556688947,-0.01683045504784133
MOWI,2024-12-31,0.023794975505184786,0.0683184424273061,-0.10977542526117914
BRG,2024-12-31,0.01952809465600501,0.0711034175586495,-0.13519787405192846
NHY,2024-12-31,0.006822028636005929,-0.011263531336048418,0.06107870855216897
STB,2024-12-31,-0.015774442119470506,-0.04753838998498357,0.07951740147706869
SALM,2024-12-31,-0.02739450844337883,-0.011297526362883807,-0.0756854546848639
ELK,2024-12-31,-0.06326903881571343,-0.10648521619506174,0.06637949332233149
VAR,2024-12-31,-0.08218329472638236,-0.02439988961650534,-0.25553351005601344
YAR,2024-12-31,-0.13323949861577328,-0.05830545001107698,-0.35804164442986214
FRO,2024-12-31,-0.21603891389656937,-0.22481746960174417,-0.18970324678104503
MPCC,2024-12-31,-0.22798528585158737,-0.24729244725248634,-0.17006380164889043
TEL,2024-12-31,-0.24886243589051965,0.15272958735791828,-1.4536385056358334
VEND,2024-12-31,-0.33502616950087866,-0.6166410090559686,0.5098183491643913
DNB,2024-12-31,-0.6199298296629341,-0.8037157838730564,-0.06857196703256739
NOD,2024-12-31,-1.1868064839416606,-1.0707095595379301,-1.535097257152852
NOD,2025-03-31,0.5415443816893184,0.795472612808727,-0.2202403116689074
KOG,2025-03-31,0.5054679711201413,0.7825735039095915,-0.3258486272482089
VEI,2025-03-31,0.4280338310300078,0.573496892310116,-0.008355352810316755
AFG,2025-03-31,0.3958100610764735,0.4826339238192936,0.13533847284801323
SUBC,2025-03-31,0.37029893349534587,0.11437778282181607,1.1380623855159353
TOM,2025-03-31,0.2861069234882342,0.2002075794851229,0.5438049554975681
NHY,2025-03-31,0.2826111246312765,0.030139085148686892,1.0400272430790454
GJF,2025-03-31,0.25682511863018476,0.2655693748628029,0.23059234993233033
ATEA,2025-03-31,0.13883124633808347,0.2040285474018974,-0.0567606568533583
EQNR,2025-03-31,0.10275279299579138,0.14345629950807856,-0.01935772654107015
ELK,2025-03-31,0.08634175345081041,-0.25384441052045253,1.1069002453645993
BRG,2025-03-31,0.057776323597228625,0.07376849137125034,0.009799820275163499
ORK,2025-03-31,0.044400754445923285,0.041929502555071635,0.05181451011847823
AKRBP,2025-03-31,0.02269301049987482,0.04121557089147669,-0.03287467067493079
PROT,2025-03-31,0.012513337907556724,-0.04281468448112326,0.17849740507359668
VAR,2025-03-31,-0.011574293305220532,-0.044845287459279,0.08823868915695486
STB,2025-03-31,-0.06058366123696787,-0.21574411374672567,0.40489769629230554
MOWI,2025-03-31,-0.08022974334708703,-0.09777418462275093,-0.027596419520095363
FRO,2025-03-31,-0.13802577107379582,-0.10112230394872454,-0.2487361724490097
TEL,2025-03-31,-0.17429915337156573,-0.20247231444934166,-0.08977967013823797
MPCC,2025-03-31,-0.19993381393163473,-0.24347248865568627,-0.06931778975948015
VEND,2025-03-31,-0.35499865317196644,-0.6307755787332011,0.4723321235117375
SALM,2025-03-31,-0.4083868471286153,-0.5446751302679907,0.00047800228951107423
DNB,2025-03-31,-0.843640657234453,-1.1574264512433436,0.09771672479221878
YAR,2025-03-31,-1.2105407128081687,-0.147509875049611,-4.399633226083842
NHY,2025-06-30,1.2682481186771917,0.10679247572430003,4.752615047535866
KOG,2025-06-30,0.5194750361232973,0.7943309856231715,-0.30509281237632546
AFG,2025-06-30,0.4433334746920795,0.59541996111955,-0.012925984590331962
NOD,2025-06-30,0.4336272405030654,0.7104700850837354,-0.3969012932389446
VEI,2025-06-30,0.3613713503827673,0.5623791524128015,-0.24165205570733514
SUBC,2025-06-30,0.1678840814385671,0.23435080815323217,-0.03151609870542816
TOM,2025-06-30,0.16076764913594924,0.2482834418094756,-0.10177972888462981
EQNR,2025-06-30,0.049197632422315375,0.1475650842877643,-0.24590472317403142
GJF,2025-06-30,0.035949332005568005,0.1021612723372246,-0.1626864889894018
ORK,2025-06-30,-0.0017612584363978015,0.07842356838096848,-0.24231573888849664
BRG,2025-06-30,-0.03409698264812101,0.028882130493898886,-0.2230343220741807
ATEA,2025-06-30,-0.04632536378911502,0.01673872866210073,-0.23551764114276225
YAR,2025-06-30,-0.05863895426268592,-0.07016162373732869,-0.024070945838757615
FRO,2025-06-30,-0.0700529593916206,0.01611822160016611,-0.3285665023669807
PROT,2025-06-30,-0.09477121931487459,-0.07609944221212671,-0.15078655062311822
MOWI,2025-06-30,-0.1099496681169511,-0.05438231847985282,-0.2766517170282459
AKRBP,2025-06-30,-0.12116479063919193,-0.05722686318426558,-0.312978573003971
VAR,2025-06-30,-0.1356351794359084,-0.10047164354603347,-0.2411257871055331
VEND,2025-06-30,-0.1606124131108935,-0.31269777256669284,0.29564366525650454
TEL,2025-06-30,-0.17680523220652047,-0.14854986884684618,-0.26157132228554336
STB,2025-06-30,-0.18853844217243626,-0.17453650606787177,-0.23054425048612967
MPCC,2025-06-30,-0.2858639252381783,-0.305467604895123,-0.22705288626734424
ELK,2025-06-30,-0.327148808838098,-0.3506593445178214,-0.25661720179892783
SALM,2025-06-30,-0.6026726704789738,-0.695896147845724,-0.323002238378723
DNB,2025-06-30,-1.0227938807508028,-1.2917372243886616,-0.21596384983722713
NHY,2025-09-30,1.2119884837946575,0.1143510789638591,4.504900698287052
AFG,2025-09-30,0.6269611576141144,0.6543740243677773,0.5447225573531261
KOG,2025-09-30,0.42604959108676754,0.7287960355249234,-0.48218974222770017
VEI,2025-09-30,0.3667077963772629,0.5347421627391925,-0.13739530270852585
SUBC,2025-09-30,0.3170230817106562,0.2977415141760284,0.37486778431453965
TOM,2025-09-30,0.2195799047021124,0.1314142944308766,0.48407673551581976
NOD,2025-09-30,0.14318558126300765,0.49915368667757326,-0.9247187349806892
GJF,2025-09-30,0.07619763546730933,0.07450030461647575,0.08128962801981007
ORK,2025-09-30,0.06272953835935635,0.1060179724250174,-0.06713576383762676
ATEA,2025-09-30,0.037660416292037424,0.08984363535410303,-0.11888924089415943
YAR,2025-09-30,0.02121318347724477,-0.0018393472516719071,0.0903707756639948
BRG,2025-09-30,0.011557254558932306,0.059368935992518634,-0.13187778974182668
EQNR,2025-09-30,-0.009988748910188958,0.11335385069714063,-0.3800165477321777
MOWI,2025-09-30,-0.05306676910666194,-0.006131983982857234,-0.19387112447807606
VAR,2025-09-30,-0.08351740692542228,-0.05412281768135471,-0.17170117465762502
TEL,2025-09-30,-0.09180736399339487,-0.01625791913687205,-0.31845569856296335
MPCC,2025-09-30,-0.14576059222964943,-0.15840219630782698,-0.10783577999511673
STB,2025-09-30,-0.15778292893704676,-0.15700488323282455,-0.16011706604971346
FRO,2025-09-30,-0.16126568128475835,-0.001200269005658755,-0.6414619181220571
PROT,2025-09-30,-0.17391290329336515,-0.20779382896613222,-0.07227012627506393
AKRBP,2025-09-30,-0.20968931101369942,-0.13958594159507554,-0.419999419269571
ELK,2025-09-30,-0.3362564042559827,-0.2983977948609004,-0.4498322324412297
VEND,2025-09-30,-0.42265297163404514,-0.35673935366070214,-0.6203938255540741
SALM,2025-09-30,-0.5136510817404103,-0.49164565072228594,-0.5796673747947834
DNB,2025-09-30,-1.1615014613788328,-1.5145355095613229,-0.10239931683136318
YAR,2025-12-31,1.2299166635971728,0.04017551022123617,4.799140123724983
VEI,2025-12-31,0.571309399017432,0.8254796738414626,-0.1912014254546593
KOG,2025-12-31,0.5224229528040357,0.7646559629982664,-0.2042760777786565
SUBC,2025-12-31,0.3840650504423254,0.5680400539864061,-0.1678599601899167
AFG,2025-12-31,0.3444252209252614,0.5201202374856513,-0.18265982875590814
MPCC,2025-12-31,0.2013533300553573,0.335411247356859,-0.20082042184914775
NOD,2025-12-31,0.11244498799970129,0.22885262491202812,-0.23677792273727913
FRO,2025-12-31,0.06994571615003972,0.1627715919195885,-0.20853191115860664
ORK,2025-12-31,0.04739880807542343,0.12786085246849976,-0.19398732510380556
NHY,2025-12-31,0.007757616282326692,0.0745515245067667,-0.19262410839099334
BRG,2025-12-31,-0.01979244304739105,0.04175592334796127,-0.204437542233448
GJF,2025-12-31,-0.024832972019899962,0.030404987362408223,-0.19054685016682452
VAR,2025-12-31,-0.02511648148675775,0.018711677257652062,-0.1566009577199872
ATEA,2025-12-31,-0.0355368475912123,0.01719690547980844,-0.1937381068042745
EQNR,2025-12-31,-0.03562859090006075,0.021967824090906904,-0.20841783587296372
TEL,2025-12-31,-0.06465032003203315,-0.015497323763388443,-0.21210930883796728
TOM,2025-12-31,-0.0817988350206067,-0.04291331622151566,-0.1984553914178798
VEND,2025-12-31,-0.1493162839936053,-0.12051389513464983,-0.23572345057047175
PROT,2025-12-31,-0.20652355588472132,-0.21605344676892094,-0.17793388323212248
MOWI,2025-12-31,-0.2125378413403612,-0.222570362444715,-0.18244027802729978
STB,2025-12-31,-0.2824153771087228,-0.31013410232724464,-0.19925920145315718
AKRBP,2025-12-31,-0.33338505329861984,-0.37000193122759784,-0.22353441951168598
SALM,2025-12-31,-0.48925009289192967,-0.5804871895565384,-0.21553880289810332
ELK,2025-12-31,-0.5104372459613838,-0.6062337874128501,-0.22304762160698507
DNB,2025-12-31,-1.0198178047717696,-1.2935512423780797,-0.19861749195283934
YAR,2026-03-31,0.6970777168046818,0.08244574392515214,2.5409736354432706
VEI,2026-03-31,0.6683219430231373,0.8676838113055362,0.07023633817594076
SUBC,2026-03-31,0.6660575270016169,0.5739708321575441,0.9423176115338352
KOG,2026-03-31,0.49410432375188823,0.5085721059930615,0.45070097702836853
TEL,2026-03-31,0.28366707890611986,0.052304954347990866,0.9777534525805068
ATEA,2026-03-31,0.15401782281436838,0.14033756535812528,0.19505859518309768
GJF,2026-03-31,0.08230382903414693,0.11329308097263649,-0.010663926781321772
PROT,2026-03-31,0.03414641398757882,0.06510735592490163,-0.05873641182438962
VAR,2026-03-31,0.007262688366609874,0.026914793112830203,-0.051693625872051105
TOM,2026-03-31,-0.02024160433830411,0.06491183275860488,-0.27570191562903107
BRG,2026-03-31,-0.09130304117270809,0.007583728627137335,-0.38796335057224435
NHY,2026-03-31,-0.14994462364980263,-0.07463112709852335,-0.37588511330364044
EQNR,2026-03-31,-0.15632075683396285,-0.09351741742514721,-0.3447307750604098
STB,2026-03-31,-0.2407025365565796,-0.2433206802257476,-0.23284810554907567
ELK,2026-03-31,-0.6366708565683052,-0.6016291726226748,-0.7417959084051964
VEND,2026-03-31,-0.7115568284370752,-0.11057715632389584,-2.5144958447766133
DNB,2026-03-31,-1.0704119171931623,-1.3663740122005343,-0.18252563217104611
