strategy,price_lookback,short_lookback,volume_fast,volume_slow,breakout_lookback,ma_days,risk_lookback,accumulation_lookback,liquidity_lookback,min_liquidity_quantile,top_n,strategy_total_return,strategy_annualized_return,strategy_max_drawdown,strategy_sharpe,equal_weight_total_return,osebx_total_return,excess_vs_osebx
liquidity_momentum,189,21,10,50,63,50,63,63,20,0.25,3,0.08071791432376996,0.039714403612560956,-0.05390057472972665,0.6489685067886599,0.37680370343265723,0.39099862331886404,-0.3102807089950941
risk_adjusted_momentum,189,21,5,20,63,50,63,63,20,0.25,3,0.07706013928728161,0.037947372377484134,-0.027938498816416635,0.7993005753907221,0.37680370343265723,0.39099862331886404,-0.3139384840315824
momentum_volume,21,21,20,100,63,50,63,63,20,0.25,10,0.07653264755297151,0.03769230031986681,-0.026871896876519252,0.6964597938661002,0.37680370343265723,0.39099862331886404,-0.3144659757658925
volume_trend_confirmation,21,21,20,100,63,50,63,63,20,0.25,10,0.073373692959809,0.03616346231623302,-0.03449461884508431,0.6577710621468509,0.37680370343265723,0.39099862331886404,-0.31762493035905504
momentum_volume,21,21,20,100,63,50,63,63,20,0.25,8,0.0707834817967381,0.03490820522344085,-0.030828036873166487,0.6218765277537422,0.37680370343265723,0.39099862331886404,-0.32021514152212593
momentum_volume,21,21,10,50,63,50,63,63,20,0.25,10,0.07071661269739438,0.034875779382842476,-0.023548034884777636,0.6404413755763936,0.37680370343265723,0.39099862331886404,-0.32028201062146966
volume_trend_confirmation,21,21,20,100,63,50,63,63,20,0.25,8,0.07059749296023154,0.034818013915469015,-0.03699182560199965,0.6302449852049253,0.37680370343265723,0.39099862331886404,-0.3204011303586325
obv_accumulation,21,21,20,100,63,50,63,63,20,0.25,10,0.06929470263803994,0.034186034613581606,-0.03462579742438343,0.6331459103041497,0.37680370343265723,0.39099862331886404,-0.3217039206808241
risk_adjusted_momentum,21,21,20,100,63,50,63,63,20,0.25,10,0.06918915655017877,0.03413481775704663,-0.033032273582099037,0.6393596763684805,0.37680370343265723,0.39099862331886404,-0.32180946676868527
volume_trend_confirmation,21,21,10,50,63,50,63,63,20,0.25,10,0.06914997689398716,0.034115804958535945,-0.03336805428704581,0.6197047793234366,0.37680370343265723,0.39099862331886404,-0.32184864642487687
volume_trend_confirmation,21,21,5,20,63,50,63,63,20,0.25,10,0.06914997689398716,0.034115804958535945,-0.03336805428704581,0.6197047793234366,0.37680370343265723,0.39099862331886404,-0.32184864642487687
volume_trend_confirmation,21,21,10,50,63,50,63,63,20,0.25,8,0.06796373348660456,0.03353998952263004,-0.034440551876484315,0.6055426793493965,0.37680370343265723,0.39099862331886404,-0.3230348898322595
volume_trend_confirmation,21,21,5,20,63,50,63,63,20,0.25,8,0.06677405864702002,0.03296218826287389,-0.035516151866949786,0.5974513613828443,0.37680370343265723,0.39099862331886404,-0.324224564671844
momentum_volume,21,21,5,20,63,50,63,63,20,0.25,10,0.065904529629488,0.0325396722968081,-0.027450371589984313,0.6074591140615949,0.37680370343265723,0.39099862331886404,-0.32509409368937603
volume_reversal,21,21,10,50,63,50,63,63,20,0.25,10,0.06482147954190487,0.03201316328432102,-0.020165843982839493,0.6937348101152194,0.37680370343265723,0.39099862331886404,-0.32617714377695917
risk_adjusted_momentum,21,21,5,20,63,50,63,63,20,0.25,10,0.06439186756656001,0.031804239771783926,-0.029315956796718168,0.5938477692169483,0.37680370343265723,0.39099862331886404,-0.326606755752304
volume_trend_confirmation,63,21,20,100,63,50,63,63,20,0.25,10,0.06385463650522682,0.031542921159763315,-0.02228660062308807,0.7363460948131026,0.37680370343265723,0.39099862331886404,-0.3271439868136372
momentum_volume,189,21,5,20,63,50,63,63,20,0.25,3,0.06363098167250936,0.03143411214110037,-0.041118771713037905,0.6368229061022636,0.37680370343265723,0.39099862331886404,-0.3273676416463547
breakout_volume,189,21,5,20,126,50,63,63,20,0.25,3,0.06350004069259496,0.03137040351134268,-0.015858631545883517,0.6701110376993014,0.37680370343265723,0.39099862331886404,-0.3274985826262691
volume_trend_confirmation,63,21,10,50,63,50,63,63,20,0.25,10,0.06274089374602165,0.031000967603436846,-0.022286600623088182,0.7048991335856486,0.37680370343265723,0.39099862331886404,-0.3282577295728424
volume_reversal,21,21,10,50,63,50,63,63,20,0.25,8,0.06243195508821664,0.030850586163625904,-0.020165843982839493,0.6694673380971802,0.37680370343265723,0.39099862331886404,-0.3285666682306474
volume_reversal,21,21,20,100,63,50,63,63,20,0.25,3,0.062326984042973876,0.030799484662783483,-0.03150293608973498,0.640840109955201,0.37680370343265723,0.39099862331886404,-0.32867163927589016
breakout_volume,189,21,5,20,126,50,63,63,20,0.25,10,0.06230975588953669,0.030791097495392883,-0.014490018675181404,0.7877381120564115,0.37680370343265723,0.39099862331886404,-0.32868886742932735
breakout_volume,189,21,5,20,126,50,63,63,20,0.25,8,0.06230975588953669,0.030791097495392883,-0.014490018675181404,0.7877381120564115,0.37680370343265723,0.39099862331886404,-0.32868886742932735
momentum_volume,21,21,5,20,63,50,63,63,20,0.25,8,0.06229351752318357,0.030783192123164937,-0.02762524303571079,0.5718473508006001,0.37680370343265723,0.39099862331886404,-0.32870510579568046
obv_accumulation,21,21,10,50,63,50,63,63,20,0.25,10,0.0618166006148575,0.030550986385205592,-0.0346257974243841,0.5681078876131287,0.37680370343265723,0.39099862331886404,-0.32918202270400654
quiet_accumulation,21,21,20,100,63,50,63,63,20,0.25,10,0.06164864776091461,0.0304691995654085,-0.0398256327399229,0.5618863704749475,0.37680370343265723,0.39099862331886404,-0.3293499755579494
obv_accumulation,21,21,5,20,63,50,63,63,20,0.25,10,0.06163771004141605,0.030463873077493098,-0.03478843977202151,0.5668175787353127,0.37680370343265723,0.39099862331886404,-0.329360913277448
momentum_volume,63,21,20,100,63,50,63,63,20,0.25,10,0.061603863707073714,0.03044739030102117,-0.0225511089845426,0.6925880903655657,0.37680370343265723,0.39099862331886404,-0.3293947596117903
risk_adjusted_momentum,21,21,20,100,63,50,63,63,20,0.25,8,0.061513623603671075,0.03040344312628207,-0.0478061821957555,0.5824257961698174,0.37680370343265723,0.39099862331886404,-0.32948499971519296
obv_accumulation,63,21,20,100,63,50,63,63,20,0.25,10,0.061307800888816155,0.030303199941099868,-0.021780236352104576,0.7800551013531589,0.37680370343265723,0.39099862331886404,-0.3296908224300479
risk_adjusted_momentum,63,21,20,100,63,50,63,63,20,0.25,10,0.060943735261247856,0.030125862949411886,-0.022551108984542934,0.7198915981211753,0.37680370343265723,0.39099862331886404,-0.3300548880576162
obv_accumulation,63,21,20,100,63,50,63,63,20,0.25,8,0.0606312682246557,0.02997363553785859,-0.022150038567503305,0.7393250820075091,0.37680370343265723,0.39099862331886404,-0.33036735509420834
risk_adjusted_momentum,21,21,10,50,63,50,63,63,20,0.25,10,0.06031678526624007,0.029820403446456423,-0.03303227358209926,0.5606604079228993,0.37680370343265723,0.39099862331886404,-0.33068183805262397
quiet_accumulation,21,21,20,100,63,50,63,63,20,0.25,8,0.05961301855179202,0.029477410445849284,-0.044363345282194655,0.547107640770029,0.37680370343265723,0.39099862331886404,-0.331385604767072
momentum_volume,42,21,5,20,63,50,63,63,20,0.25,10,0.059520475789684335,0.029432299670764994,-0.02263877857266472,0.7008563472221309,0.37680370343265723,0.39099862331886404,-0.3314781475291797
quiet_accumulation,42,21,10,50,63,50,63,63,20,0.25,3,0.05938392841741891,0.029365734879574168,-0.022677263466944764,0.6249163920273008,0.37680370343265723,0.39099862331886404,-0.33161469490144513
momentum_volume,21,21,10,50,63,50,63,63,20,0.25,8,0.05915985124973955,0.029256491364145543,-0.03672861727796206,0.5572877799018011,0.37680370343265723,0.39099862331886404,-0.3318387720691245
risk_adjusted_momentum,63,21,20,100,63,50,63,63,20,0.25,5,0.05783732664413077,0.028611491119216348,-0.03860404904050241,0.5481124810770954,0.37680370343265723,0.39099862331886404,-0.33316129667473326
volume_trend_confirmation,63,21,5,20,63,50,63,63,20,0.25,10,0.057131074568030904,0.028266884730919317,-0.022286600623088182,0.6589876064867983,0.37680370343265723,0.39099862331886404,-0.33386754875083313
momentum_volume,63,21,5,20,63,50,63,63,20,0.25,10,0.056708645602976615,0.02806071125713272,-0.02255110898454249,0.6370375732892186,0.37680370343265723,0.39099862331886404,-0.3342899777158874
liquidity_momentum,21,21,10,50,63,50,63,63,20,0.25,10,0.05634220661599065,0.02788183135570721,-0.022428611400195808,0.6054658005025526,0.37680370343265723,0.39099862331886404,-0.3346564167028734
momentum_volume,42,21,20,100,63,50,63,63,20,0.25,10,0.0561096736258726,0.027768302620693408,-0.024707051866122542,0.6617801328700578,0.37680370343265723,0.39099862331886404,-0.33488894969299143
momentum_volume,63,21,10,50,63,50,63,63,20,0.25,10,0.055505195685952025,0.0274731222704665,-0.02255110898454271,0.6243655415980529,0.37680370343265723,0.39099862331886404,-0.335493427632912
momentum_volume,21,21,20,100,63,50,63,63,20,0.25,5,0.05519427677513811,0.027321260676656633,-0.0495016282390881,0.4909212295647696,0.37680370343265723,0.39099862331886404,-0.33580434654372593
obv_accumulation,21,21,20,100,63,50,63,63,20,0.25,8,0.05490610990898803,0.027180491915095084,-0.042040512621382864,0.5140770945602626,0.37680370343265723,0.39099862331886404,-0.336092513409876
breakout_volume,189,21,5,20,126,50,63,63,20,0.25,5,0.05458329337095269,0.02702277412223486,-0.014490018675181404,0.7177082934021151,0.37680370343265723,0.39099862331886404,-0.33641532994791135
volume_trend_confirmation,42,21,10,50,63,50,63,63,20,0.25,8,0.05454089529545891,0.027002057997066453,-0.022394562188766787,0.6042370578139099,0.37680370343265723,0.39099862331886404,-0.3364577280234051
obv_accumulation,63,21,10,50,63,50,63,63,20,0.25,8,0.05450035153500421,0.026982247520642932,-0.022150038567503194,0.66466433523367,0.37680370343265723,0.39099862331886404,-0.3364982717838598
risk_adjusted_momentum,63,21,10,50,63,50,63,63,20,0.25,10,0.05422545328200701,0.026847916831613583,-0.02255110898454271,0.6392847178592341,0.37680370343265723,0.39099862331886404,-0.33677317003685703
breakout_volume,189,21,5,20,63,50,63,63,20,0.25,10,0.05407060275597053,0.026772240503230682,-0.020104622285731177,0.6851298147623629,0.37680370343265723,0.39099862331886404,-0.3369280205628935
breakout_volume,189,21,5,20,63,50,63,63,20,0.25,8,0.05407060275597053,0.026772240503230682,-0.020104622285731177,0.6851298147623629,0.37680370343265723,0.39099862331886404,-0.3369280205628935
risk_adjusted_momentum,189,21,10,50,63,50,63,63,20,0.25,3,0.05388784412240355,0.026682918197259875,-0.03288711891688367,0.5557161614926459,0.37680370343265723,0.39099862331886404,-0.3371107791964605
momentum_volume,42,21,10,50,63,50,63,63,20,0.25,10,0.05371352371499172,0.026597712837024945,-0.024707051866122653,0.6245232399217975,0.37680370343265723,0.39099862331886404,-0.3372850996038723
breakout_volume,42,21,5,20,126,50,63,63,20,0.25,5,0.0532117671293062,0.026352422072250636,-0.019237801494563223,0.6454811028146608,0.37680370343265723,0.39099862331886404,-0.33778685618955784
volume_trend_confirmation,42,21,20,100,63,50,63,63,20,0.25,10,0.05317718324220144,0.02633551310776494,-0.02775054204031857,0.6283130914365255,0.37680370343265723,0.39099862331886404,-0.3378214400766626
volume_trend_confirmation,42,21,10,50,63,50,63,63,20,0.25,10,0.05270603823786413,0.026105130461157477,-0.02775054204031846,0.6063460813116867,0.37680370343265723,0.39099862331886404,-0.3382925850809999
volume_trend_confirmation,63,21,10,50,63,50,63,63,20,0.25,8,0.05267953916241508,0.02609217129567254,-0.022707349338982774,0.5809003343055654,0.37680370343265723,0.39099862331886404,-0.33831908415644896
breakout_volume,42,21,5,20,126,50,63,63,20,0.25,8,0.051821520502170815,0.02567247610747403,-0.018161508415503458,0.6439715215044971,0.37680370343265723,0.39099862331886404,-0.3391771028166932
breakout_volume,42,21,5,20,126,50,63,63,20,0.25,10,0.051821520502170815,0.02567247610747403,-0.018161508415503458,0.6439715215044971,0.37680370343265723,0.39099862331886404,-0.3391771028166932
obv_accumulation,63,21,10,50,63,50,63,63,20,0.25,10,0.051641335892068874,0.025584318108189397,-0.021780236352104465,0.6749826497018687,0.37680370343265723,0.39099862331886404,-0.33935728742679516
breakout_volume,189,21,5,20,63,50,63,63,20,0.25,3,0.05162323766176691,0.0255754628640108,-0.02158982987452862,0.555035610122688,0.37680370343265723,0.39099862331886404,-0.33937538565709713
obv_accumulation,21,21,5,20,63,50,63,63,20,0.25,8,0.05086174626162965,0.025202805535338824,-0.04080891705208811,0.47732249817228706,0.37680370343265723,0.39099862331886404,-0.3401368770572344
quiet_accumulation,63,21,10,50,63,50,63,63,20,0.25,5,0.05058522561131973,0.025067449042739387,-0.018213918587767997,0.73425739835748,0.37680370343265723,0.39099862331886404,-0.3404133977075443
breakout_volume,63,21,5,20,126,50,63,63,20,0.25,5,0.050004202489543736,0.024782981142560834,-0.019237801494563223,0.5969220236600614,0.37680370343265723,0.39099862331886404,-0.3409944208293203
volume_reversal,126,21,10,50,63,50,63,63,20,0.25,10,0.04987756516063535,0.024720969318771324,-0.014431041945259793,0.6935775537053372,0.37680370343265723,0.39099862331886404,-0.3411210581582287
risk_adjusted_momentum,21,21,10,50,63,50,63,63,20,0.25,8,0.04965309946256169,0.0246110436966811,-0.044619017287041096,0.4681082807181161,0.37680370343265723,0.39099862331886404,-0.34134552385630235
breakout_volume,126,21,5,20,126,50,63,63,20,0.25,5,0.04933089648188571,0.02445323357439455,-0.019237801494563223,0.5961616258640768,0.37680370343265723,0.39099862331886404,-0.3416677268369783
risk_adjusted_momentum,42,21,20,100,63,50,63,63,20,0.25,10,0.04908680804702836,0.024333666694559053,-0.024707051866122653,0.5913907177215815,0.37680370343265723,0.39099862331886404,-0.3419118152718357
risk_adjusted_momentum,63,21,5,20,63,50,63,63,20,0.25,10,0.049001139867139276,0.024291698794203453,-0.02255110898454249,0.5696097755822647,0.37680370343265723,0.39099862331886404,-0.34199748345172476
breakout_volume,63,21,5,20,126,50,63,63,20,0.25,8,0.048618189869339634,0.024104074913263496,-0.018161508415503458,0.5939811644996362,0.37680370343265723,0.39099862331886404,-0.3423804334495244
breakout_volume,63,21,5,20,126,50,63,63,20,0.25,10,0.048618189869339634,0.024104074913263496,-0.018161508415503458,0.5939811644996362,0.37680370343265723,0.39099862331886404,-0.3423804334495244
breakout_liquidity,126,21,10,50,126,50,63,63,20,0.25,3,0.048412170797996756,0.024003123073681687,-0.04079611297083496,0.42149495533304493,0.37680370343265723,0.39099862331886404,-0.3425864525208673
risk_adjusted_momentum,63,21,20,100,63,50,63,63,20,0.25,8,0.048410885412842664,0.02400249318836467,-0.0292470755845321,0.5546917403031811,0.37680370343265723,0.39099862331886404,-0.3425877379060214
obv_accumulation,21,21,10,50,63,50,63,63,20,0.25,8,0.04831443571745919,0.023955228243828897,-0.04132190137470826,0.45525818050427697,0.37680370343265723,0.39099862331886404,-0.34268418760140484
risk_adjusted_momentum,42,21,10,50,63,50,63,63,20,0.25,10,0.04827124085048706,0.023934059999183965,-0.024707051866122653,0.5898711847859037,0.37680370343265723,0.39099862331886404,-0.342727382468377
volume_reversal,21,21,10,50,63,50,63,63,20,0.25,5,0.04826856657378831,0.02393274941844803,-0.021025255204125015,0.5281470905006791,0.37680370343265723,0.39099862331886404,-0.34273005674507573
obv_accumulation,63,21,5,20,63,50,63,63,20,0.25,10,0.04808754002550453,0.023844030002759364,-0.021780236352104465,0.6350390453075445,0.37680370343265723,0.39099862331886404,-0.3429110832933595
volume_reversal,63,21,10,50,63,50,63,63,20,0.25,10,0.04801196221519377,0.023806987766510135,-0.020165843982839493,0.5984978070863255,0.37680370343265723,0.39099862331886404,-0.34298666110367027
volume_trend_confirmation,63,21,5,20,63,50,63,63,20,0.25,8,0.047638300359484465,0.023623828858909457,-0.02768155067907563,0.5501950418264694,0.37680370343265723,0.39099862331886404,-0.34336032295937957
volume_reversal,126,21,10,50,63,50,63,63,20,0.25,8,0.0475215757637939,0.023566606955567337,-0.015957163377531502,0.6619338765404938,0.37680370343265723,0.39099862331886404,-0.34347704755507014
momentum_volume,63,21,5,20,63,50,63,63,20,0.25,8,0.04740651065736312,0.023510195473913198,-0.02433701374287034,0.5549308195940915,0.37680370343265723,0.39099862331886404,-0.3435921126615009
volume_trend_confirmation,42,21,5,20,63,50,63,63,20,0.25,10,0.0473587449507713,0.023486777091674682,-0.02775054204031846,0.5600705266613994,0.37680370343265723,0.39099862331886404,-0.34363987836809273
breakout_volume,126,21,5,20,126,50,63,63,20,0.25,8,0.047296480096680193,0.023456249325569445,-0.018161508415503458,0.5849183546355798,0.37680370343265723,0.39099862331886404,-0.34370214322218384
breakout_volume,126,21,5,20,126,50,63,63,20,0.25,10,0.047296480096680193,0.023456249325569445,-0.018161508415503458,0.5849183546355798,0.37680370343265723,0.39099862331886404,-0.34370214322218384
risk_adjusted_momentum,63,21,10,50,63,50,63,63,20,0.25,5,0.047232136197292274,0.023424701276475002,-0.03497718735752564,0.465964125350822,0.37680370343265723,0.39099862331886404,-0.34376648712157176
momentum_volume,63,21,20,100,63,50,63,63,20,0.25,8,0.04711008212358281,0.02336485506406394,-0.030203689317875426,0.5207260014573228,0.37680370343265723,0.39099862331886404,-0.3438885411952812
volume_trend_confirmation,63,21,20,100,63,50,63,63,20,0.25,8,0.04695397384482569,0.023288306143772752,-0.03044526154542404,0.5329114358832912,0.37680370343265723,0.39099862331886404,-0.34404464947403834
liquidity_momentum,42,21,10,50,63,50,63,63,20,0.25,10,0.04687406274748818,0.023249118908879707,-0.026039275650797777,0.6001904020840323,0.37680370343265723,0.39099862331886404,-0.34412456057137586
obv_accumulation,42,21,20,100,63,50,63,63,20,0.25,10,0.046537558176741545,0.023084085626943418,-0.02539365854604203,0.5955624701911985,0.37680370343265723,0.39099862331886404,-0.3444610651421225
liquidity_momentum,63,21,10,50,63,50,63,63,20,0.25,5,0.04638859684990271,0.023011021484830252,-0.03655897578840861,0.45872409075031517,0.37680370343265723,0.39099862331886404,-0.34461002646896133
risk_adjusted_momentum,21,21,5,20,63,50,63,63,20,0.25,8,0.046156780100508055,0.022897307220984375,-0.04134874894408458,0.43364800012433796,0.37680370343265723,0.39099862331886404,-0.344841843218356
risk_adjusted_momentum,63,21,10,50,63,50,63,63,20,0.25,8,0.046106422765629596,0.022872603518271806,-0.02355672699707334,0.5277626234991672,0.37680370343265723,0.39099862331886404,-0.34489220055323444
quiet_accumulation,63,21,10,50,63,50,63,63,20,0.25,10,0.045695215013293655,0.022670855928346167,-0.019471424172694318,0.6384108542910484,0.37680370343265723,0.39099862331886404,-0.3453034083055704
volume_reversal,63,21,10,50,63,50,63,63,20,0.25,8,0.04566015934533807,0.02265365501618244,-0.020165843982839493,0.5704797113412853,0.37680370343265723,0.39099862331886404,-0.34533846397352597
risk_adjusted_momentum,189,21,20,100,63,50,63,63,20,0.25,3,0.045647584790448725,0.0226474849363818,-0.0373003126127156,0.47482660043288205,0.37680370343265723,0.39099862331886404,-0.3453510385284153
breakout_liquidity,63,21,10,50,126,50,63,63,20,0.25,10,0.045362770268922326,0.022507722306364997,-0.02234851212175648,0.5352852460185662,0.37680370343265723,0.39099862331886404,-0.3456358530499417
quiet_accumulation,63,21,10,50,63,50,63,63,20,0.25,3,0.04532247239242837,0.022487946019845495,-0.03098902473789944,0.481859891929968,0.37680370343265723,0.39099862331886404,-0.34567615092643567
risk_adjusted_momentum,42,21,5,20,63,50,63,63,20,0.25,10,0.045050595293284035,0.02235451170583569,-0.024707051866122876,0.5453480276684456,0.37680370343265723,0.39099862331886404,-0.34594802802558
obv_accumulation,63,21,5,20,63,50,63,63,20,0.25,8,0.04442381740948309,0.022046830039548215,-0.022394623350252996,0.5793403468254724,0.37680370343265723,0.39099862331886404,-0.34657480590938095
quiet_accumulation,42,21,10,50,63,50,63,63,20,0.25,5,0.04434790374712394,0.02200955821247641,-0.018213918587767997,0.6379813794437066,0.37680370343265723,0.39099862331886404,-0.3466507195717401
obv_accumulation,21,21,20,100,63,50,63,63,20,0.25,5,0.04429561352504807,0.02198388415510122,-0.06191633732194102,0.40567068866584305,0.37680370343265723,0.39099862331886404,-0.34670300979381596
quiet_accumulation,63,21,10,50,63,50,63,63,20,0.25,8,0.04417107852239721,0.021922735941069638,-0.023798727328670166,0.6282235041171644,0.37680370343265723,0.39099862331886404,-0.3468275447964668
momentum_volume,42,21,5,20,63,50,63,63,20,0.25,8,0.044004612045841274,0.02184099318337651,-0.02693496785946592,0.5353711945128864,0.37680370343265723,0.39099862331886404,-0.34699401127302276
volume_trend_confirmation,42,21,20,100,63,50,63,63,20,0.25,8,0.04389519961014221,0.021787263067702067,-0.033926676658247334,0.503549117390976,0.37680370343265723,0.39099862331886404,-0.3471034237087218
liquidity_momentum,63,21,10,50,63,50,63,63,20,0.25,10,0.043831791580949186,0.02175612345139899,-0.02243265221829427,0.5654371410348559,0.37680370343265723,0.39099862331886404,-0.34716683173791485
volume_trend_confirmation,21,21,10,50,63,50,63,63,20,0.25,5,0.04379595555162008,0.021738523998288795,-0.055708686019468656,0.40035210015462974,0.37680370343265723,0.39099862331886404,-0.34720266776724396
obv_accumulation,42,21,5,20,63,50,63,63,20,0.25,10,0.04370621530988594,0.021694450295167034,-0.023922654752584926,0.5600609788190892,0.37680370343265723,0.39099862331886404,-0.3472924080089781
breakout_liquidity,189,21,10,50,126,50,63,63,20,0.25,8,0.04353865020969638,0.021612149780145584,-0.02712316048359531,0.51096721638595,0.37680370343265723,0.39099862331886404,-0.34745997310916765
breakout_liquidity,126,21,10,50,126,50,63,63,20,0.25,8,0.043490270639469975,0.02158838666469287,-0.027123160483594866,0.5068995662951938,0.37680370343265723,0.39099862331886404,-0.34750835267939406
breakout_liquidity,63,21,10,50,63,50,63,63,20,0.25,10,0.042998703468431154,0.021346907180359143,-0.024794690842620315,0.488541717398984,0.37680370343265723,0.39099862331886404,-0.3479999198504329
obv_accumulation,21,21,10,50,63,50,63,63,20,0.25,5,0.04250174226033043,0.021102720253814322,-0.056118457300122215,0.3885752503466319,0.37680370343265723,0.39099862331886404,-0.3484968810585336
obv_accumulation,42,21,10,50,63,50,63,63,20,0.25,10,0.041872546406362066,0.020793475272724127,-0.02539365854604203,0.5392430895615461,0.37680370343265723,0.39099862331886404,-0.34912607691250197
risk_adjusted_momentum,126,21,5,20,63,50,63,63,20,0.25,3,0.04173375769244703,0.020725249148296765,-0.028723608967685554,0.4186061223504536,0.37680370343265723,0.39099862331886404,-0.349264865626417
momentum_volume,42,21,20,100,63,50,63,63,20,0.25,8,0.04133910193492296,0.020531218468422097,-0.035503829445338586,0.4743658814458526,0.37680370343265723,0.39099862331886404,-0.3496595213839411
quiet_accumulation,63,21,20,100,63,50,63,63,20,0.25,10,0.0409728451189777,0.020351117213011305,-0.03253476363495755,0.5418315338385329,0.37680370343265723,0.39099862331886404,-0.35002577819988634
breakout_volume,21,21,5,20,126,50,63,63,20,0.25,5,0.04025211195962286,0.019996615346350444,-0.019237801494563223,0.470956631388547,0.37680370343265723,0.39099862331886404,-0.3507465113592412
breakout_liquidity,189,21,10,50,126,50,63,63,20,0.25,10,0.04011631950802408,0.019929810383949143,-0.022348512121756148,0.5099201427217765,0.37680370343265723,0.39099862331886404,-0.35088230381083996
breakout_liquidity,189,21,10,50,63,50,63,63,20,0.25,3,0.04000268975708332,0.01987390532675648,-0.040155789948786436,0.35252907368268344,0.37680370343265723,0.39099862331886404,-0.3509959335617807
breakout_liquidity,126,21,10,50,126,50,63,63,20,0.25,10,0.03968652988422283,0.019718340823080327,-0.02234851212175626,0.4919585356779213,0.37680370343265723,0.39099862331886404,-0.3513120934346412
momentum_volume,42,21,10,50,63,50,63,63,20,0.25,8,0.03949235084198066,0.019622784545566763,-0.03251445135884745,0.4611060415480149,0.37680370343265723,0.39099862331886404,-0.3515062724768834
breakout_liquidity,189,21,10,50,63,50,63,63,20,0.25,10,0.03942454750403579,0.019589416158737105,-0.023878643043946046,0.49883398268141976,0.37680370343265723,0.39099862331886404,-0.35157407581482825
breakout_liquidity,189,21,10,50,126,50,63,63,20,0.25,3,0.039357755590252896,0.019556544468536385,-0.04015578994878655,0.3474742433700502,0.37680370343265723,0.39099862331886404,-0.35164086772861114
volume_trend_confirmation,42,21,5,20,63,50,63,63,20,0.25,8,0.0393235813416144,0.019539725179516187,-0.033230964669642704,0.46589991503976086,0.37680370343265723,0.39099862331886404,-0.35167504197724964
momentum_volume,42,21,10,50,63,50,63,63,20,0.25,5,0.039142782788760044,0.01945073829749666,-0.03246150615085286,0.3788865194463129,0.37680370343265723,0.39099862331886404,-0.351855840530104
risk_adjusted_momentum,63,21,5,20,63,50,63,63,20,0.25,8,0.038907333258957344,0.01933484129328722,-0.026445383649398968,0.4399623582896027,0.37680370343265723,0.39099862331886404,-0.3520912900599067
volume_reversal,21,21,20,100,63,50,63,63,20,0.25,5,0.038578885983566735,0.019173145479180143,-0.02816907652592815,0.5379159947588589,0.37680370343265723,0.39099862331886404,-0.3524197373352973
breakout_liquidity,63,21,10,50,63,50,63,63,20,0.25,8,0.03842750029517661,0.01909860916376327,-0.027366501363914275,0.42500239587119226,0.37680370343265723,0.39099862331886404,-0.3525711230236874
liquidity_momentum,21,21,10,50,63,50,63,63,20,0.25,8,0.03819393033838692,0.01898359794835658,-0.034872840090314994,0.40459616733480597,0.37680370343265723,0.39099862331886404,-0.3528046929804771
volume_reversal,21,21,10,50,63,50,63,63,20,0.25,3,0.038148285822165784,0.018961120815177868,-0.03870129581886095,0.36269637465958027,0.37680370343265723,0.39099862331886404,-0.35285033749669825
obv_accumulation,42,21,20,100,63,50,63,63,20,0.25,8,0.038093304631489744,0.018934045286910894,-0.0305786253272049,0.47999152010136614,0.37680370343265723,0.39099862331886404,-0.3529053186873743
breakout_volume,126,21,5,20,63,50,63,63,20,0.25,5,0.037976150917103046,0.018876350469566594,-0.02058514974953607,0.4638760123099844,0.37680370343265723,0.39099862331886404,-0.353022472401761
liquidity_momentum,42,21,10,50,63,50,63,63,20,0.25,8,0.03773653705691893,0.018758337464931607,-0.02900732133210837,0.45519784048761164,0.37680370343265723,0.39099862331886404,-0.3532620862619451
breakout_liquidity,126,21,10,50,63,50,63,63,20,0.25,3,0.03756224697468702,0.01867248875723826,-0.04200373409676228,0.3272160652324975,0.37680370343265723,0.39099862331886404,-0.353436376344177
breakout_liquidity,63,21,10,50,126,50,63,63,20,0.25,8,0.03754908736524132,0.018666006539210356,-0.027366501363914497,0.4427384871253752,0.37680370343265723,0.39099862331886404,-0.3534495359536227
quiet_accumulation,63,21,20,100,63,50,63,63,20,0.25,8,0.0374590354865294,0.01862164729118443,-0.03256175584707799,0.4930553075490471,0.37680370343265723,0.39099862331886404,-0.35353958783233463
breakout_liquidity,189,21,10,50,63,50,63,63,20,0.25,8,0.0369696698280948,0.018380553889101314,-0.027366501363914386,0.4405706711620986,0.37680370343265723,0.39099862331886404,-0.35402895349076924
volume_trend_confirmation,21,21,5,20,63,50,63,63,20,0.25,5,0.0367823707129169,0.01828826314243792,-0.05148608070397209,0.35780419551425724,0.37680370343265723,0.39099862331886404,-0.35421625260594714
momentum_volume,189,21,5,20,63,50,63,63,20,0.25,10,0.036394631867569416,0.01809718026916385,-0.026043783393604025,0.595212016244163,0.37680370343265723,0.39099862331886404,-0.3546039914512946
breakout_volume,21,21,5,20,126,50,63,63,20,0.25,10,0.03628845929403801,0.018044850796961498,-0.018161508415503458,0.4380985561178203,0.37680370343265723,0.39099862331886404,-0.354710164024826
breakout_volume,21,21,5,20,126,50,63,63,20,0.25,8,0.03628845929403801,0.018044850796961498,-0.018161508415503458,0.4380985561178203,0.37680370343265723,0.39099862331886404,-0.354710164024826
breakout_liquidity,126,21,10,50,63,50,63,63,20,0.25,8,0.036018524888277836,0.017911795697020505,-0.027123160483595088,0.4221816141164856,0.37680370343265723,0.39099862331886404,-0.3549800984305862
breakout_liquidity,126,21,10,50,63,50,63,63,20,0.25,10,0.03580798532513896,0.017808005298620255,-0.024727852378283788,0.4229219431636291,0.37680370343265723,0.39099862331886404,-0.3551906379937251
obv_accumulation,42,21,5,20,63,50,63,63,20,0.25,8,0.03561345779018965,0.017712099060092523,-0.027940949863855646,0.45059281605821166,0.37680370343265723,0.39099862331886404,-0.3553851655286744
obv_accumulation,42,21,10,50,63,50,63,63,20,0.25,8,0.03561345779018965,0.017712099060092523,-0.027940949863855646,0.45059281605821166,0.37680370343265723,0.39099862331886404,-0.3553851655286744
breakout_volume,189,21,5,20,63,50,63,63,20,0.25,5,0.035583259279532875,0.017697209743054998,-0.020585149749535958,0.4814267044354097,0.37680370343265723,0.39099862331886404,-0.35541536403933116
volume_reversal,126,21,10,50,63,50,63,63,20,0.25,5,0.03480500622918692,0.017313418928369018,-0.021828451403385962,0.4877643619698872,0.37680370343265723,0.39099862331886404,-0.3561936170896771
quiet_accumulation,42,21,10,50,63,50,63,63,20,0.25,10,0.03474183254033125,0.017282258893134728,-0.0201848705645592,0.49574139888105345,0.37680370343265723,0.39099862331886404,-0.3562567907785328
obv_accumulation,21,21,5,20,63,50,63,63,20,0.25,5,0.03453307748933887,0.01717928500012622,-0.05611845730012244,0.3174482868494076,0.37680370343265723,0.39099862331886404,-0.35646554582952517
breakout_liquidity,126,21,10,50,126,50,63,63,20,0.25,5,0.03407462975743236,0.0169531073142124,-0.0395842238378632,0.35517642607278366,0.37680370343265723,0.39099862331886404,-0.3569239935614317
momentum_volume,21,21,10,50,63,50,63,63,20,0.25,5,0.03392041352328756,0.016877012664727076,-0.054034811727222576,0.3186163657253782,0.37680370343265723,0.39099862331886404,-0.3570782097955765
obv_accumulation,189,21,20,100,63,50,63,63,20,0.25,8,0.03381902529848535,0.016826981767082083,-0.022150038567503305,0.5047064450621757,0.37680370343265723,0.39099862331886404,-0.3571795980203787
breakout_liquidity,42,21,10,50,126,50,63,63,20,0.25,10,0.03357963041493628,0.016708840585887286,-0.020002430442148,0.4150086144512679,0.37680370343265723,0.39099862331886404,-0.35741899290392776
risk_adjusted_momentum,42,21,10,50,63,50,63,63,20,0.25,8,0.03333982250596623,0.01659048190609913,-0.0361397049937392,0.40276652615565584,0.37680370343265723,0.39099862331886404,-0.3576588008128978
momentum_volume,21,21,10,50,63,50,63,63,20,0.25,3,0.03309239188128443,0.016468346640720055,-0.07494820835293481,0.2637245408329228,0.37680370343265723,0.39099862331886404,-0.3579062314375796
momentum_volume,126,21,5,20,63,50,63,63,20,0.25,3,0.033066192898591806,0.016455413597972868,-0.04559226451274356,0.3262603491107082,0.37680370343265723,0.39099862331886404,-0.35793243042027223
volume_trend_confirmation,189,21,10,50,63,50,63,63,20,0.25,10,0.03304889399891886,0.01644687396273059,-0.028359474254207373,0.5025581209918478,0.37680370343265723,0.39099862331886404,-0.3579497293199452
risk_adjusted_momentum,42,21,20,100,63,50,63,63,20,0.25,8,0.03302308748842675,0.01643413439653485,-0.04145981852174607,0.39454326969499726,0.37680370343265723,0.39099862331886404,-0.3579755358304373
momentum_volume,63,21,10,50,63,50,63,63,20,0.25,5,0.032612313249888114,0.016231331436418195,-0.039356662197199244,0.33969297977637286,0.37680370343265723,0.39099862331886404,-0.3583863100689759
momentum_volume,63,21,10,50,63,50,63,63,20,0.25,8,0.03256094690237488,0.016205968578170804,-0.025624565615961603,0.37137089025082753,0.37680370343265723,0.39099862331886404,-0.35843767641648916
obv_accumulation,189,21,10,50,63,50,63,63,20,0.25,8,0.0324217951715402,0.01613725729068194,-0.022150038567503416,0.48441229866194796,0.37680370343265723,0.39099862331886404,-0.35857682814732383
breakout_volume,126,21,5,20,63,50,63,63,20,0.25,10,0.0323412889831971,0.016097502290583376,-0.022074504936169803,0.40032720115033815,0.37680370343265723,0.39099862331886404,-0.35865733433566693
breakout_volume,126,21,5,20,63,50,63,63,20,0.25,8,0.0323412889831971,0.016097502290583376,-0.022074504936169803,0.40032720115033815,0.37680370343265723,0.39099862331886404,-0.35865733433566693
volume_reversal,21,21,20,100,63,50,63,63,20,0.25,10,0.03220894745748715,0.016032146971363348,-0.02816907652592826,0.5115837514386037,0.37680370343265723,0.39099862331886404,-0.3587896758613769
momentum_volume,189,21,5,20,63,50,63,63,20,0.25,5,0.03207339506025986,0.015965201672082818,-0.0367254681053828,0.5236255936389784,0.37680370343265723,0.39099862331886404,-0.3589252282586042
breakout_liquidity,42,21,10,50,63,50,63,63,20,0.25,10,0.0313049893293853,0.015585626085881765,-0.02505214200262751,0.3728375863296936,0.37680370343265723,0.39099862331886404,-0.35969363398947873
volume_reversal,63,21,10,50,63,50,63,63,20,0.25,5,0.031052905143392318,0.015461071327354192,-0.023122714223901886,0.3968736998326037,0.37680370343265723,0.39099862331886404,-0.3599457181754717
quiet_accumulation,189,21,5,20,63,50,63,63,20,0.25,5,0.0310488148162662,0.015459050172236699,-0.01221828505606648,0.5762429484589113,0.37680370343265723,0.39099862331886404,-0.35994980850259783
liquidity_momentum,189,21,10,50,63,50,63,63,20,0.25,10,0.030981059059112415,0.01542556940929618,-0.020712574696760577,0.5341767267964084,0.37680370343265723,0.39099862331886404,-0.3600175642597516
risk_adjusted_momentum,189,21,5,20,63,50,63,63,20,0.25,10,0.030542372892874647,0.015208770925609683,-0.026043783393604025,0.48566843402902005,0.37680370343265723,0.39099862331886404,-0.3604562504259894
momentum_volume,21,21,5,20,63,50,63,63,20,0.25,5,0.03052341780323453,0.015199402293487596,-0.0423259597801382,0.2856749964848967,0.37680370343265723,0.39099862331886404,-0.3604752055156295
breakout_volume,189,21,10,50,63,50,63,63,20,0.25,10,0.03050140036132265,0.015188519973185377,-0.029239988023604946,0.3801801675890333,0.37680370343265723,0.39099862331886404,-0.3604972229575414
breakout_volume,63,21,10,50,63,50,63,63,20,0.25,10,0.030490877362850277,0.015183318844858018,-0.029239988023604946,0.3554525275580811,0.37680370343265723,0.39099862331886404,-0.36050774595601376
momentum_volume,189,21,10,50,63,50,63,63,20,0.25,8,0.030454492631939223,0.015165335016263715,-0.025590887899490378,0.4281782381392878,0.37680370343265723,0.39099862331886404,-0.3605441306869248
risk_adjusted_momentum,189,21,10,50,63,50,63,63,20,0.25,10,0.030278727366702896,0.015078455315065353,-0.026043783393604025,0.4801052200118074,0.37680370343265723,0.39099862331886404,-0.36071989595216114
momentum_volume,189,21,20,100,63,50,63,63,20,0.25,10,0.030144418333075906,0.01501206219889184,-0.026043783393604025,0.48223123558421216,0.37680370343265723,0.39099862331886404,-0.36085420498578813
momentum_volume,189,21,10,50,63,50,63,63,20,0.25,10,0.030144418333075906,0.01501206219889184,-0.026043783393604025,0.48223123558421216,0.37680370343265723,0.39099862331886404,-0.36085420498578813
quiet_accumulation,42,21,10,50,63,50,63,63,20,0.25,8,0.02999703768756601,0.014939202416441866,-0.024557841141549464,0.4340536430999534,0.37680370343265723,0.39099862331886404,-0.361001585631298
obv_accumulation,42,21,5,20,63,50,63,63,20,0.25,5,0.02996472618933055,0.014923228059378735,-0.05286947982307566,0.34362107048819224,0.37680370343265723,0.39099862331886404,-0.3610338971295335
breakout_volume,189,21,10,50,126,50,63,63,20,0.25,10,0.0298976272835747,0.014890054492289417,-0.029239988023605057,0.3748241418893621,0.37680370343265723,0.39099862331886404,-0.36110099603528933
risk_adjusted_momentum,189,21,20,100,63,50,63,63,20,0.25,10,0.029663791908301596,0.014774438325563022,-0.026043783393604025,0.4726289839817717,0.37680370343265723,0.39099862331886404,-0.36133483141056244
breakout_liquidity,189,21,10,50,126,50,63,63,20,0.25,5,0.02966244401984408,0.01477377184571993,-0.0328547072059886,0.3528375591631807,0.37680370343265723,0.39099862331886404,-0.36133617929901996
breakout_volume,42,21,5,20,63,50,63,63,20,0.25,10,0.029582354142010603,0.014734169651063223,-0.024503402176780043,0.35475455649065213,0.37680370343265723,0.39099862331886404,-0.36141626917685343
breakout_volume,42,21,5,20,63,50,63,63,20,0.25,8,0.029582354142010603,0.014734169651063223,-0.024503402176780043,0.35475455649065213,0.37680370343265723,0.39099862331886404,-0.36141626917685343
quiet_accumulation,42,21,20,100,63,50,63,63,20,0.25,5,0.02954733567114176,0.014716853518664363,-0.04259862141805126,0.36924107437612497,0.37680370343265723,0.39099862331886404,-0.3614512876477223
quiet_accumulation,126,21,10,50,63,50,63,63,20,0.25,3,0.029408417078424565,0.01464815737225078,-0.0315269720421012,0.32713191087166904,0.37680370343265723,0.39099862331886404,-0.36159020624043947
quiet_accumulation,63,21,5,20,63,50,63,63,20,0.25,5,0.029316113221113715,0.014602509960894405,-0.02726333103587608,0.4425078496924128,0.37680370343265723,0.39099862331886404,-0.3616825100977503
risk_adjusted_momentum,21,21,20,100,63,50,63,63,20,0.25,5,0.02916820508891882,0.014529360082611964,-0.0722476306575035,0.2783191223505643,0.37680370343265723,0.39099862331886404,-0.3618304182299452
momentum_volume,189,21,5,20,63,50,63,63,20,0.25,8,0.028942708832487174,0.014417827913113523,-0.028396216687806786,0.48266925708883957,0.37680370343265723,0.39099862331886404,-0.36205591448637686
volume_trend_confirmation,21,21,20,100,63,50,63,63,20,0.25,5,0.028903423546313256,0.014398395865020452,-0.07346669627350122,0.2739624961648792,0.37680370343265723,0.39099862331886404,-0.3620951997725508
breakout_volume,189,21,10,50,63,50,63,63,20,0.25,8,0.0288305746779578,0.01436236097029564,-0.03427099588057059,0.3463066038625189,0.37680370343265723,0.39099862331886404,-0.36216804864090624
quiet_accumulation,42,21,20,100,63,50,63,63,20,0.25,10,0.028656474681994615,0.014276236774195539,-0.033850802652724776,0.3899711111648027,0.37680370343265723,0.39099862331886404,-0.3623421486368694
risk_adjusted_momentum,42,21,5,20,63,50,63,63,20,0.25,8,0.028583529726440515,0.014240150032670318,-0.03578228645610215,0.33897858452116475,0.37680370343265723,0.39099862331886404,-0.3624150935924235
risk_adjusted_momentum,42,21,20,100,63,50,63,63,20,0.25,5,0.028552250090092324,0.014224675231988115,-0.050351925356237004,0.28721576409400895,0.37680370343265723,0.39099862331886404,-0.3624463732287717
quiet_accumulation,63,21,5,20,63,50,63,63,20,0.25,8,0.02837041123279338,0.014134710460161903,-0.021053675022844165,0.4397598242928162,0.37680370343265723,0.39099862331886404,-0.36262821208607066
breakout_volume,189,21,10,50,126,50,63,63,20,0.25,8,0.02822778054071895,0.014064138380192048,-0.034270995880570476,0.3409576387106333,0.37680370343265723,0.39099862331886404,-0.3627708427781451
volume_trend_confirmation,189,21,20,100,63,50,63,63,20,0.25,10,0.02803888291289902,0.013970666426618816,-0.028359474254207373,0.4491303032702585,0.37680370343265723,0.39099862331886404,-0.362959740405965
quiet_accumulation,63,21,20,100,63,50,63,63,20,0.25,5,0.0280017906899106,0.01395231112769646,-0.0389184773860245,0.3531277115508324,0.37680370343265723,0.39099862331886404,-0.36299683262895344
quiet_accumulation,189,21,5,20,63,50,63,63,20,0.25,8,0.027942474468901413,0.013922957470259067,-0.025176247218930525,0.5187634387430824,0.37680370343265723,0.39099862331886404,-0.3630561488499626
volume_trend_confirmation,189,21,5,20,63,50,63,63,20,0.25,10,0.02759580799135053,0.013751386687500089,-0.028359474254207373,0.4394710633645903,0.37680370343265723,0.39099862331886404,-0.3634028153275135
liquidity_momentum,42,21,10,50,63,50,63,63,20,0.25,5,0.027590095924348912,0.013748559452705145,-0.05070939643318095,0.2878535551356205,0.37680370343265723,0.39099862331886404,-0.3634085273945151
breakout_volume,42,21,20,100,63,50,63,63,20,0.25,10,0.02744005478967515,0.013674292547805278,-0.031543820461715555,0.33420222065760957,0.37680370343265723,0.39099862331886404,-0.3635585685291889
obv_accumulation,189,21,10,50,63,50,63,63,20,0.25,10,0.027296233334326958,0.013603099167969868,-0.020063787941051237,0.4733495802830514,0.37680370343265723,0.39099862331886404,-0.3637023899845371
quiet_accumulation,21,21,20,100,63,50,63,63,20,0.25,3,0.027228509707021065,0.013569573424035974,-0.07725760576933116,0.23842243480486275,0.37680370343265723,0.39099862331886404,-0.36377011361184297
quiet_accumulation,189,21,10,50,63,50,63,63,20,0.25,5,0.026971132188758462,0.013442151820071357,-0.015489650726999593,0.4620003486699716,0.37680370343265723,0.39099862331886404,-0.3640274911301056
breakout_volume,42,21,5,20,63,50,63,63,20,0.25,5,0.026875789801086736,0.013394945989579465,-0.0267683697236063,0.31742958949378014,0.37680370343265723,0.39099862331886404,-0.3641228335177773
liquidity_momentum,63,21,10,50,63,50,63,63,20,0.25,8,0.02682970539040319,0.013372127937938405,-0.027589864769976602,0.3440462376009043,0.37680370343265723,0.39099862331886404,-0.36416891792846084
breakout_liquidity,126,21,10,50,63,50,63,63,20,0.25,5,0.026759565575974253,0.013337398210090168,-0.03285470720598849,0.290068609122806,0.37680370343265723,0.39099862331886404,-0.3642390577428898
quiet_accumulation,63,21,5,20,63,50,63,63,20,0.25,10,0.026731922432229327,0.013323710383203569,-0.023103011841963728,0.4077181068010907,0.37680370343265723,0.39099862331886404,-0.3642667008866347
quiet_accumulation,126,21,10,50,63,50,63,63,20,0.25,5,0.026626697755908202,0.013271605470474235,-0.018607690192014248,0.3987972592191007,0.37680370343265723,0.39099862331886404,-0.36437192556295583
quiet_accumulation,42,21,5,20,63,50,63,63,20,0.25,5,0.02657004339236768,0.013243550391200731,-0.02726333103587608,0.39695378040576756,0.37680370343265723,0.39099862331886404,-0.36442857992649635
obv_accumulation,189,21,5,20,63,50,63,63,20,0.25,10,0.02650560220194098,0.013211638359604372,-0.020063787941051237,0.4640352509389839,0.37680370343265723,0.39099862331886404,-0.36449302111692305
breakout_volume,126,21,10,50,126,50,63,63,20,0.25,10,0.026296617476713857,0.01310813980952874,-0.029239988023604946,0.3217517390002931,0.37680370343265723,0.39099862331886404,-0.3647020058421502
quiet_accumulation,21,21,20,100,63,50,63,63,20,0.25,5,0.02618500328415041,0.013052859184836674,-0.07017479697397178,0.2524156417902417,0.37680370343265723,0.39099862331886404,-0.3648136200347136
breakout_volume,63,21,20,100,63,50,63,63,20,0.25,10,0.025853717849826152,0.01288876145806328,-0.03149762430737768,0.3136499905871658,0.37680370343265723,0.39099862331886404,-0.3651449054690379
volume_trend_confirmation,21,21,5,20,63,50,63,63,20,0.25,3,0.025613948993195912,0.012769978749305189,-0.07465728069826083,0.22231968038921227,0.37680370343265723,0.39099862331886404,-0.3653846743256681
quiet_accumulation,42,21,20,100,63,50,63,63,20,0.25,8,0.025385636794612587,0.012656858865484066,-0.03699165653536918,0.34427934828363393,0.37680370343265723,0.39099862331886404,-0.36561298652425145
obv_accumulation,189,21,20,100,63,50,63,63,20,0.25,10,0.025270975468143275,0.01260004386880742,-0.020063787941051237,0.4381597902814436,0.37680370343265723,0.39099862331886404,-0.36572764785072076
breakout_liquidity,63,21,10,50,63,50,63,63,20,0.25,5,0.02484888123365936,0.012390867752075208,-0.04054567269978193,0.2719130179112993,0.37680370343265723,0.39099862331886404,-0.3661497420852047
volume_reversal,21,21,20,100,63,50,63,63,20,0.25,8,0.024829364702586343,0.012381194958475561,-0.02816907652592815,0.40972272908173524,0.37680370343265723,0.39099862331886404,-0.3661692586162777
quiet_accumulation,42,21,5,20,63,50,63,63,20,0.25,8,0.02477317787054578,0.012353347098128076,-0.025953873636888947,0.3837727836792507,0.37680370343265723,0.39099862331886404,-0.36622544544831825
volume_trend_confirmation,42,21,5,20,63,50,63,63,20,0.25,5,0.024478974007864363,0.012207518515108484,-0.0523183044126424,0.2780528148962576,0.37680370343265723,0.39099862331886404,-0.3665196493109997
momentum_volume,42,21,10,50,63,50,63,63,20,0.25,3,0.024477370087022443,0.012206723439454947,-0.06821156461595912,0.20994850231862927,0.37680370343265723,0.39099862331886404,-0.3665212532318416
obv_accumulation,126,21,20,100,63,50,63,63,20,0.25,10,0.02427655684921115,0.012107173902907054,-0.024877515417235707,0.34702715300646464,0.37680370343265723,0.39099862331886404,-0.3667220664696529
volume_trend_confirmation,63,21,5,20,63,50,63,63,20,0.25,5,0.024164234522932482,0.012051487896783675,-0.05231830441264218,0.27414513898612153,0.37680370343265723,0.39099862331886404,-0.36683438879593155
breakout_volume,63,21,10,50,126,50,63,63,20,0.25,10,0.02404945223222099,0.011994579170921726,-0.029239988023605168,0.29604509655853384,0.37680370343265723,0.39099862331886404,-0.36694917108664304
breakout_volume,42,21,10,50,63,50,63,63,20,0.25,10,0.023981771124615525,0.01196102158502188,-0.027666970014772585,0.2888581967887703,0.37680370343265723,0.39099862331886404,-0.3670168521942485
breakout_volume,63,21,10,50,63,50,63,63,20,0.25,8,0.023954280939695094,0.011947391110643357,-0.03427099588057059,0.27493972047506937,0.37680370343265723,0.39099862331886404,-0.36704434237916894
quiet_accumulation,189,21,10,50,63,50,63,63,20,0.25,3,0.023946394527098125,0.011943480752439894,-0.03901195766329224,0.2808966781029589,0.37680370343265723,0.39099862331886404,-0.3670522287917659
volume_reversal,63,21,20,100,63,50,63,63,20,0.25,10,0.023920804188098943,0.011930792067198048,-0.028169076525927927,0.4291838618162217,0.37680370343265723,0.39099862331886404,-0.3670778191307651
volume_trend_confirmation,189,21,10,50,63,50,63,63,20,0.25,8,0.023835339415477108,0.011888414164201055,-0.03060282246784074,0.3478353106247476,0.37680370343265723,0.39099862331886404,-0.36716328390338693
breakout_volume,63,21,20,100,63,50,63,63,20,0.25,8,0.02362901265917028,0.011786099305208575,-0.03149762430737757,0.2738422630931077,0.37680370343265723,0.39099862331886404,-0.36736961065969376
risk_adjusted_momentum,63,21,5,20,63,50,63,63,20,0.25,5,0.023625102615777438,0.011784160264362686,-0.025255321152305554,0.29831999523321096,0.37680370343265723,0.39099862331886404,-0.3673735207030866
liquidity_momentum,21,21,10,50,63,50,63,63,20,0.25,5,0.023603485100430754,0.011773439793647755,-0.04383624445848677,0.24387311876349865,0.37680370343265723,0.39099862331886404,-0.3673951382184333
breakout_volume,189,21,20,100,126,50,63,63,20,0.25,10,0.02343788978008221,0.011691314690317034,-0.035406062196044696,0.2953422952242505,0.37680370343265723,0.39099862331886404,-0.3675607335387818
quiet_accumulation,42,21,5,20,63,50,63,63,20,0.25,10,0.02312014049114297,0.011533712024168308,-0.02874973478782239,0.352948718559788,0.37680370343265723,0.39099862331886404,-0.36787848282772107
risk_adjusted_momentum,189,21,10,50,63,50,63,63,20,0.25,8,0.022775568927193568,0.01136277802568908,-0.02875228637918925,0.3405479734962489,0.37680370343265723,0.39099862331886404,-0.36822305439167047
quiet_accumulation,21,21,5,20,63,50,63,63,20,0.25,10,0.022506423094935002,0.011229241030094483,-0.029159049054301667,0.28619897737031,0.37680370343265723,0.39099862331886404,-0.36849220022392903
breakout_volume,189,21,20,100,63,50,63,63,20,0.25,10,0.022408123740791597,0.011180465332825129,-0.035406062196044696,0.28878537601409265,0.37680370343265723,0.39099862331886404,-0.36859049957807244
breakout_liquidity,63,21,10,50,126,50,63,63,20,0.25,5,0.022228484426380035,0.011091323075788972,-0.040545672699782154,0.25062008628187776,0.37680370343265723,0.39099862331886404,-0.368770138892484
breakout_volume,63,21,5,20,63,50,63,63,20,0.25,10,0.02210664680179275,0.011030859257376235,-0.03041539334833865,0.2621128526261139,0.37680370343265723,0.39099862331886404,-0.3688919765170713
breakout_volume,63,21,5,20,63,50,63,63,20,0.25,8,0.02210664680179275,0.011030859257376235,-0.03041539334833865,0.2621128526261139,0.37680370343265723,0.39099862331886404,-0.3688919765170713
obv_accumulation,63,21,5,20,63,50,63,63,20,0.25,5,0.02205987800003406,0.011007648557362026,-0.045391200170205925,0.26500951682738305,0.37680370343265723,0.39099862331886404,-0.36893874531883
momentum_volume,189,21,20,100,63,50,63,63,20,0.25,8,0.0219040708547813,0.010930319838980518,-0.030197550310414267,0.32458582737629044,0.37680370343265723,0.39099862331886404,-0.36909455246408274
breakout_volume,42,21,20,100,63,50,63,63,20,0.25,8,0.021860682923994013,0.010908784908656877,-0.03283805324755307,0.260075119969686,0.37680370343265723,0.39099862331886404,-0.36913794039487
breakout_volume,189,21,20,100,63,50,63,63,20,0.25,8,0.021821972525449596,0.010889571214738991,-0.035406062196044696,0.26905120752003014,0.37680370343265723,0.39099862331886404,-0.36917665079341444
breakout_volume,42,21,10,50,126,50,63,63,20,0.25,10,0.021637050685173742,0.010797781268873763,-0.027666970014772696,0.2728966376998775,0.37680370343265723,0.39099862331886404,-0.3693615726336903
obv_accumulation,42,21,20,100,63,50,63,63,20,0.25,3,0.021584408499282892,0.010771649670157979,-0.07153321952999048,0.20645150885939154,0.37680370343265723,0.39099862331886404,-0.36941421481958114
momentum_volume,63,21,20,100,63,50,63,63,20,0.25,5,0.02151601044571061,0.010737695851171791,-0.06693949799429633,0.2340554307922318,0.37680370343265723,0.39099862331886404,-0.3694826128731534
liquidity_momentum,189,21,10,50,63,50,63,63,20,0.25,5,0.021430851971907083,0.010695420325105287,-0.044265602875967924,0.2793345222987396,0.37680370343265723,0.39099862331886404,-0.36956777134695695
quiet_accumulation,189,21,5,20,63,50,63,63,20,0.25,10,0.021355487404992823,0.010658005358397782,-0.028982619102984053,0.40606624793446994,0.37680370343265723,0.39099862331886404,-0.3696431359138712
breakout_liquidity,189,21,10,50,63,50,63,63,20,0.25,5,0.021293917576836296,0.010627437810364793,-0.033584932779940124,0.25853472845228,0.37680370343265723,0.39099862331886404,-0.36970470574202774
volume_reversal,63,21,20,100,63,50,63,63,20,0.25,3,0.021023085477504422,0.010492967001586972,-0.031340614790697496,0.2971370364788159,0.37680370343265723,0.39099862331886404,-0.3699755378413596
risk_adjusted_momentum,126,21,10,50,63,50,63,63,20,0.25,3,0.02100993239375204,0.010486435913245495,-0.03706374820549618,0.21259881764676086,0.37680370343265723,0.39099862331886404,-0.369988690925112
momentum_volume,126,21,20,100,63,50,63,63,20,0.25,10,0.020918444275131565,0.010441006852366597,-0.021827082128872743,0.3078031690413058,0.37680370343265723,0.39099862331886404,-0.37008017904373247
volume_reversal,63,21,20,100,63,50,63,63,20,0.25,5,0.02091033360155503,0.010436979343168895,-0.02816907652592804,0.34606736022521034,0.37680370343265723,0.39099862331886404,-0.370088289717309
volume_reversal,63,21,20,100,63,50,63,63,20,0.25,8,0.020909443741558897,0.010436537465295714,-0.02816907652592815,0.3719469308615896,0.37680370343265723,0.39099862331886404,-0.37008917957730514
risk_adjusted_momentum,126,21,20,100,63,50,63,63,20,0.25,3,0.020644811580968536,0.010305120528995015,-0.038809268913294837,0.21073111471733263,0.37680370343265723,0.39099862331886404,-0.3703538117378955
breakout_liquidity,42,21,10,50,63,50,63,63,20,0.25,8,0.020637506686360663,0.010301492660834022,-0.0329161655252882,0.2569472660275143,0.37680370343265723,0.39099862331886404,-0.3703611166325034
volume_trend_confirmation,126,21,10,50,63,50,63,63,20,0.25,10,0.0205757479505142,0.010270820578510476,-0.025535498066837636,0.2835611411582097,0.37680370343265723,0.39099862331886404,-0.37042287536834984
obv_accumulation,21,21,20,100,63,50,63,63,20,0.25,3,0.020556431116802942,0.010261226806355328,-0.08643729290864188,0.18450333557885681,0.37680370343265723,0.39099862331886404,-0.3704421922020611
risk_adjusted_momentum,189,21,5,20,63,50,63,63,20,0.25,8,0.02055404666849081,0.010260042555594984,-0.03086188742957996,0.31345009336384494,0.37680370343265723,0.39099862331886404,-0.3704445766503732
obv_accumulation,189,21,10,50,63,50,63,63,20,0.25,5,0.020414287344570292,0.010190627828297494,-0.03556865455091773,0.3026593677917952,0.37680370343265723,0.39099862331886404,-0.37058433597429374
breakout_volume,42,21,10,50,63,50,63,63,20,0.25,3,0.02031414198843695,0.010140885388358223,-0.06498161021729443,0.18731494983512642,0.37680370343265723,0.39099862331886404,-0.3706844813304271
obv_accumulation,21,21,5,20,63,50,63,63,20,0.25,3,0.020212802803121654,0.010090547494084445,-0.06762324739361791,0.18226247541225288,0.37680370343265723,0.39099862331886404,-0.3707858205157424
quiet_accumulation,21,21,10,50,63,50,63,63,20,0.25,10,0.020100095301836207,0.010034559725539571,-0.03253059549183557,0.2466752127178016,0.37680370343265723,0.39099862331886404,-0.37089852801702783
quiet_accumulation,21,21,5,20,63,50,63,63,20,0.25,8,0.020019713990686583,0.009994628199900157,-0.02911046814202467,0.2598038232749512,0.37680370343265723,0.39099862331886404,-0.37097890932817745
breakout_volume,189,21,20,100,126,50,63,63,20,0.25,8,0.01994059331223874,0.009955321395327621,-0.036865203215244335,0.2476355534544916,0.37680370343265723,0.39099862331886404,-0.3710580300066253
volume_trend_confirmation,126,21,20,100,63,50,63,63,20,0.25,10,0.01959006350757586,0.00978116145313046,-0.025535498066837636,0.27250316448127676,0.37680370343265723,0.39099862331886404,-0.3714085598112882
liquidity_momentum,126,21,10,50,63,50,63,63,20,0.25,10,0.019405229349212627,0.009689315005064536,-0.02242400264293931,0.33402787340146,0.37680370343265723,0.39099862331886404,-0.3715933939696514
obv_accumulation,63,21,20,100,63,50,63,63,20,0.25,3,0.019404054686763317,0.009688731273794104,-0.07660001834891139,0.1954014318150919,0.37680370343265723,0.39099862331886404,-0.3715945686321007
quiet_accumulation,189,21,10,50,63,50,63,63,20,0.25,8,0.019302641392055175,0.009638334161240936,-0.02404289973304019,0.32625209787445136,0.37680370343265723,0.39099862331886404,-0.37169598192680886
obv_accumulation,126,21,10,50,63,50,63,63,20,0.25,10,0.019151087770043818,0.00956301526692016,-0.024877515417235707,0.28876167962202326,0.37680370343265723,0.39099862331886404,-0.3718475355488202
volume_trend_confirmation,63,21,10,50,63,50,63,63,20,0.25,5,0.019122010728290784,0.009548563963747148,-0.06131222138565928,0.2131842338196564,0.37680370343265723,0.39099862331886404,-0.37187661259057325
breakout_volume,63,21,10,50,126,50,63,63,20,0.25,8,0.01885755240110676,0.00941711862011374,-0.034270995880570476,0.22875433746395407,0.37680370343265723,0.39099862331886404,-0.3721410709177573
volume_trend_confirmation,63,21,20,100,63,50,63,63,20,0.25,5,0.018711331000312637,0.009344434002292568,-0.07020122454302868,0.20621643678919435,0.37680370343265723,0.39099862331886404,-0.3722872923185514
quiet_accumulation,21,21,10,50,63,50,63,63,20,0.25,8,0.018676520091656323,0.009327129219276697,-0.03257902707996674,0.2345006133283389,0.37680370343265723,0.39099862331886404,-0.3723221032272077
breakout_liquidity,42,21,10,50,126,50,63,63,20,0.25,8,0.018525261084317624,0.009251933726630135,-0.027093741625512036,0.239753816487258,0.37680370343265723,0.39099862331886404,-0.3724733622345464
volume_trend_confirmation,42,21,10,50,63,50,63,63,20,0.25,5,0.017862585941784026,0.008922431976268186,-0.062385377038556844,0.20077428300856348,0.37680370343265723,0.39099862331886404,-0.37313603737708
volume_trend_confirmation,189,21,20,100,63,50,63,63,20,0.25,8,0.017660506384509222,0.008821930755503082,-0.03352789649471566,0.273211850273246,0.37680370343265723,0.39099862331886404,-0.3733381169343548
breakout_volume,42,21,10,50,63,50,63,63,20,0.25,8,0.017639335844976456,0.00881140133144731,-0.032512322481312084,0.2114183710179115,0.37680370343265723,0.39099862331886404,-0.3733592874738876
obv_accumulation,189,21,5,20,63,50,63,63,20,0.25,8,0.017453853584102452,0.008719144816447422,-0.02797328778240349,0.2882358382374705,0.37680370343265723,0.39099862331886404,-0.3735447697347616
quiet_accumulation,126,21,10,50,63,50,63,63,20,0.25,8,0.017337683425712402,0.008661358990663892,-0.02404289973304008,0.2563573144588001,0.37680370343265723,0.39099862331886404,-0.37366093989315163
liquidity_momentum,126,21,10,50,63,50,63,63,20,0.25,5,0.017113592753436047,0.008549881621119804,-0.04746475410702633,0.20813553828211287,0.37680370343265723,0.39099862331886404,-0.373885030565428
breakout_volume,126,21,20,100,126,50,63,63,20,0.25,10,0.01704139073802824,0.00851396100549362,-0.0353600502738064,0.21664110190914962,0.37680370343265723,0.39099862331886404,-0.3739572325808358
risk_adjusted_momentum,126,21,10,50,63,50,63,63,20,0.25,10,0.01672675056308104,0.00835741219045727,-0.02458693744020235,0.24570292557958523,0.37680370343265723,0.39099862331886404,-0.374271872755783
momentum_volume,126,21,10,50,63,50,63,63,20,0.25,10,0.01672675056308104,0.00835741219045727,-0.02458693744020235,0.24570292557958523,0.37680370343265723,0.39099862331886404,-0.374271872755783
risk_adjusted_momentum,126,21,20,100,63,50,63,63,20,0.25,10,0.016720115808674718,0.008354110817057281,-0.02458693744020235,0.2458396807427847,0.37680370343265723,0.39099862331886404,-0.3742785075101893
breakout_volume,42,21,10,50,126,50,63,63,20,0.25,8,0.016661039717970283,0.008324714796798416,-0.032512322481312306,0.20756701311737122,0.37680370343265723,0.39099862331886404,-0.37433758360089375
breakout_volume,126,21,10,50,126,50,63,63,20,0.25,8,0.016576169304414634,0.00828248213760241,-0.034270995880570476,0.21210803149006635,0.37680370343265723,0.39099862331886404,-0.3744224540144494
breakout_volume,63,21,20,100,63,50,63,63,20,0.25,5,0.01641431079487332,0.008201934295876567,-0.044151453068638324,0.17631997632738217,0.37680370343265723,0.39099862331886404,-0.3745843125239907
obv_accumulation,189,21,5,20,63,50,63,63,20,0.25,5,0.01626252863263944,0.008126395076164972,-0.043818141745341266,0.23483793797104,0.37680370343265723,0.39099862331886404,-0.3747360946862246
obv_accumulation,42,21,20,100,63,50,63,63,20,0.25,5,0.016245951402830805,0.008118144550085526,-0.06710692705096677,0.1863069627425777,0.37680370343265723,0.39099862331886404,-0.37475267191603323
volume_trend_confirmation,189,21,5,20,63,50,63,63,20,0.25,8,0.016230635973573326,0.00811052196549511,-0.03488584431240871,0.26185260345529554,0.37680370343265723,0.39099862331886404,-0.3747679873452907
breakout_volume,42,21,20,100,63,50,63,63,20,0.25,5,0.016201198281787343,0.008095870482078604,-0.04002011824287588,0.17396290104628612,0.37680370343265723,0.39099862331886404,-0.3747974250370767
breakout_volume,126,21,10,50,63,50,63,63,20,0.25,10,0.01619503526021404,0.008092803047404562,-0.029239988023604946,0.20397724911983636,0.37680370343265723,0.39099862331886404,-0.37480358805865
liquidity_momentum,189,21,10,50,63,50,63,63,20,0.25,8,0.015901825016983562,0.00794685689426311,-0.03064958302621268,0.26827774513804525,0.37680370343265723,0.39099862331886404,-0.3750967983018805
quiet_accumulation,126,21,10,50,63,50,63,63,20,0.25,10,0.015799809313650215,0.007896073393742764,-0.023871655329128605,0.24109938554629587,0.37680370343265723,0.39099862331886404,-0.3751988140052138
breakout_volume,42,21,10,50,126,50,63,63,20,0.25,3,0.015717550225110566,0.007855122901458955,-0.06498161021729465,0.1549062052070515,0.37680370343265723,0.39099862331886404,-0.37528107309375347
risk_adjusted_momentum,189,21,20,100,63,50,63,63,20,0.25,8,0.01569700685679365,0.007844895675826802,-0.03547422757085261,0.2521125695059075,0.37680370343265723,0.39099862331886404,-0.3753016164620704
volume_trend_confirmation,42,21,20,100,63,50,63,63,20,0.25,5,0.015563383362776628,0.007778370591719153,-0.0727411809647861,0.17561133009442229,0.37680370343265723,0.39099862331886404,-0.3754352399560874
obv_accumulation,63,21,20,100,63,50,63,63,20,0.25,5,0.015536487328758897,0.007764979747566958,-0.0634615969075275,0.18778690332925035,0.37680370343265723,0.39099862331886404,-0.37546213599010514
risk_adjusted_momentum,21,21,5,20,63,50,63,63,20,0.25,5,0.015494013893216474,0.007743832955626084,-0.06739685855878919,0.16134232302339302,0.37680370343265723,0.39099862331886404,-0.37550460942564756
breakout_volume,63,21,5,20,63,50,63,63,20,0.25,5,0.015493512828571365,0.007743583481540028,-0.03594620259356007,0.18504060370180267,0.37680370343265723,0.39099862331886404,-0.37550511049029267
risk_adjusted_momentum,21,21,10,50,63,50,63,63,20,0.25,5,0.015406925009933126,0.007700471522443797,-0.0756035600493693,0.1617224534650762,0.37680370343265723,0.39099862331886404,-0.3755916983089309
volume_trend_confirmation,21,21,20,100,63,50,63,63,20,0.25,3,0.015226881340109077,0.007610822155067032,-0.1034652428895163,0.13887777237695176,0.37680370343265723,0.39099862331886404,-0.37577174197875496
liquidity_momentum,126,21,10,50,63,50,63,63,20,0.25,8,0.015194616761651236,0.007594755776563655,-0.02769831169099357,0.23955746714014453,0.37680370343265723,0.39099862331886404,-0.3758040065572128
breakout_volume,21,21,5,20,63,50,63,63,20,0.25,8,0.015019623377914293,0.007507612132106933,-0.028795267394753354,0.18687349426987587,0.37680370343265723,0.39099862331886404,-0.37597899994094974
breakout_volume,21,21,5,20,63,50,63,63,20,0.25,10,0.015019623377914293,0.007507612132106933,-0.028795267394753354,0.18687349426987587,0.37680370343265723,0.39099862331886404,-0.37597899994094974
volume_trend_confirmation,126,21,5,20,63,50,63,63,20,0.25,10,0.01498542478731002,0.007490580957686399,-0.025535498066837636,0.2175238037487015,0.37680370343265723,0.39099862331886404,-0.376013198531554
momentum_volume,189,21,10,50,63,50,63,63,20,0.25,3,0.01474240537584559,0.0073695470910364325,-0.06695220415598313,0.15768120918690112,0.37680370343265723,0.39099862331886404,-0.37625621794301845
quiet_accumulation,189,21,10,50,63,50,63,63,20,0.25,10,0.014686836221402988,0.007341869290991676,-0.022412670234993715,0.25845170627824215,0.37680370343265723,0.39099862331886404,-0.37631178709746105
obv_accumulation,63,21,10,50,63,50,63,63,20,0.25,5,0.014360587419463,0.007179356546889615,-0.06073582543206535,0.17158691061158188,0.37680370343265723,0.39099862331886404,-0.37663803589940104
breakout_volume,63,21,10,50,63,50,63,63,20,0.25,5,0.01374795469963841,0.006874118373245919,-0.045092283411451994,0.16944258957948058,0.37680370343265723,0.39099862331886404,-0.3772506686192256
volume_reversal,42,21,20,100,63,50,63,63,20,0.25,10,0.013598006244963656,0.0067993940429249555,-0.03169109793826641,0.2773517260982067,0.37680370343265723,0.39099862331886404,-0.3774006170739004
momentum_volume,42,21,20,100,63,50,63,63,20,0.25,3,0.013472250314152001,0.006736721409406954,-0.08872048299112445,0.13338946201084614,0.37680370343265723,0.39099862331886404,-0.37752637300471203
quiet_accumulation,189,21,20,100,63,50,63,63,20,0.25,10,0.013430518295181937,0.006715922682855258,-0.030596875443241744,0.23485758309359747,0.37680370343265723,0.39099862331886404,-0.3775681050236821
obv_accumulation,126,21,5,20,63,50,63,63,20,0.25,8,0.01331190645676572,0.006656805666616972,-0.02602807088711323,0.2006020884369528,0.37680370343265723,0.39099862331886404,-0.3776867168620983
quiet_accumulation,21,21,10,50,63,50,63,63,20,0.25,3,0.013288320625935546,0.0066450499033627874,-0.04087226306354452,0.15911461967034204,0.37680370343265723,0.39099862331886404,-0.3777103026929285
breakout_volume,42,21,20,100,126,50,63,63,20,0.25,10,0.013177131880115711,0.0065896288372842005,-0.03540606219604481,0.1760764985822773,0.37680370343265723,0.39099862331886404,-0.3778214914387483
breakout_volume,126,21,20,100,126,50,63,63,20,0.25,8,0.013053606661702855,0.006528055209704231,-0.0353600502738064,0.16732932672704975,0.37680370343265723,0.39099862331886404,-0.3779450166571612
breakout_volume,21,21,5,20,63,50,63,63,20,0.25,5,0.012924840149599826,0.006463864971293143,-0.03433531833744097,0.15853373342592866,0.37680370343265723,0.39099862331886404,-0.3780737831692642
breakout_volume,63,21,20,100,126,50,63,63,20,0.25,10,0.01248539817309302,0.006244772073734861,-0.03536005027380629,0.16668266911045812,0.37680370343265723,0.39099862331886404,-0.378513225145771
volume_reversal,21,21,5,20,63,50,63,63,20,0.25,8,0.01244654071872553,0.0062253966052627785,-0.02726311081829047,0.20909655130395458,0.37680370343265723,0.39099862331886404,-0.3785520826001385
volume_reversal,21,21,5,20,63,50,63,63,20,0.25,10,0.01244654071872553,0.0062253966052627785,-0.02726311081829047,0.20909655130395458,0.37680370343265723,0.39099862331886404,-0.3785520826001385
volume_reversal,21,21,5,20,63,50,63,63,20,0.25,5,0.012023273989097305,0.006014319371762555,-0.02726311081829047,0.1944159828731379,0.37680370343265723,0.39099862331886404,-0.37897534932976673
volume_trend_confirmation,189,21,5,20,63,50,63,63,20,0.25,5,0.01175193302696842,0.005878982267017774,-0.04613587919944406,0.18079312038689396,0.37680370343265723,0.39099862331886404,-0.3792466902918956
quiet_accumulation,126,21,5,20,63,50,63,63,20,0.25,8,0.011236864783209954,0.0056220312123138605,-0.02727223725947092,0.19294642916373445,0.37680370343265723,0.39099862331886404,-0.3797617585356541
breakout_volume,126,21,20,100,63,50,63,63,20,0.25,10,0.011176542996464978,0.00559193433883709,-0.03536005027380629,0.14853320690087776,0.37680370343265723,0.39099862331886404,-0.37982208032239906
breakout_volume,63,21,20,100,126,50,63,63,20,0.25,8,0.011162896261619704,0.005585125330690444,-0.03536005027380629,0.14450685656057308,0.37680370343265723,0.39099862331886404,-0.37983572705724433
breakout_volume,189,21,10,50,63,50,63,63,20,0.25,5,0.01107339159271703,0.005540466039183345,-0.04692700359590107,0.14328146128246705,0.37680370343265723,0.39099862331886404,-0.379925231726147
breakout_volume,126,21,10,50,63,50,63,63,20,0.25,8,0.010901745038149224,0.0054548156822626925,-0.034270995880570476,0.1424987354501435,0.37680370343265723,0.39099862331886404,-0.3800968782807148
volume_reversal,42,21,20,100,63,50,63,63,20,0.25,8,0.010751862061040507,0.0053800192622144305,-0.035430742487807754,0.21839932523974775,0.37680370343265723,0.39099862331886404,-0.38024676125782353
breakout_volume,126,21,20,100,63,50,63,63,20,0.25,8,0.010706941306992235,0.005357601286635205,-0.035360050273806176,0.14140405001210907,0.37680370343265723,0.39099862331886404,-0.3802916820118718
momentum_volume,126,21,5,20,63,50,63,63,20,0.25,8,0.01059569199249455,0.005302079502067292,-0.02288447322057008,0.17573386572346694,0.37680370343265723,0.39099862331886404,-0.3804029313263695
obv_accumulation,42,21,10,50,63,50,63,63,20,0.25,3,0.010561328845026585,0.005284929088439139,-0.06942240165729607,0.11660586019415617,0.37680370343265723,0.39099862331886404,-0.38043729447383745
volume_trend_confirmation,126,21,20,100,63,50,63,63,20,0.25,8,0.010270708378542048,0.005139870763667176,-0.025535498066837636,0.14588183474570618,0.37680370343265723,0.39099862331886404,-0.380727914940322
breakout_volume,42,21,20,100,126,50,63,63,20,0.25,8,0.010184874055153115,0.005097024025489727,-0.03698771171186965,0.13564566930253513,0.37680370343265723,0.39099862331886404,-0.3808137492637109
breakout_volume,189,21,10,50,126,50,63,63,20,0.25,5,0.01005532282319388,0.005032351265533919,-0.04692700359590085,0.1306344473492563,0.37680370343265723,0.39099862331886404,-0.38094330049567016
momentum_volume,21,21,20,100,63,50,63,63,20,0.25,3,0.009885764870769087,0.0049477006630491704,-0.09893929072353824,0.10430360868426017,0.37680370343265723,0.39099862331886404,-0.38111285844809495
obv_accumulation,42,21,10,50,63,50,63,63,20,0.25,5,0.009835956194439666,0.004922832689728374,-0.06672365412767622,0.12222634035648769,0.37680370343265723,0.39099862331886404,-0.38116266712442437
obv_accumulation,126,21,20,100,63,50,63,63,20,0.25,8,0.009721635497552672,0.004865753494420311,-0.02947895615738516,0.15124171398198025,0.37680370343265723,0.39099862331886404,-0.38127698782131136
risk_adjusted_momentum,189,21,20,100,63,50,63,63,20,0.25,5,0.009454742415220485,0.004732483877660787,-0.04501422034272606,0.16309828834922074,0.37680370343265723,0.39099862331886404,-0.38154388090364355
volume_reversal,63,21,5,20,63,50,63,63,20,0.25,10,0.009295431278613098,0.004652925549281761,-0.02726311081829047,0.16741816030227658,0.37680370343265723,0.39099862331886404,-0.38170319204025094
volume_reversal,63,21,5,20,63,50,63,63,20,0.25,8,0.009295431278613098,0.004652925549281761,-0.02726311081829047,0.16741816030227658,0.37680370343265723,0.39099862331886404,-0.38170319204025094
obv_accumulation,126,21,10,50,63,50,63,63,20,0.25,8,0.009287497476597961,0.004648963327324562,-0.02989623956546128,0.14525394354311894,0.37680370343265723,0.39099862331886404,-0.3817111258422661
momentum_volume,126,21,5,20,63,50,63,63,20,0.25,10,0.009279715266604871,0.00464507679689774,-0.02458693744020235,0.15111250983168487,0.37680370343265723,0.39099862331886404,-0.38171890805225916
risk_adjusted_momentum,126,21,5,20,63,50,63,63,20,0.25,10,0.009279715266604871,0.00464507679689774,-0.02458693744020235,0.15111250983168487,0.37680370343265723,0.39099862331886404,-0.38171890805225916
quiet_accumulation,189,21,20,100,63,50,63,63,20,0.25,8,0.009166299054669036,0.004588433665011937,-0.03220099876096638,0.16132140626943858,0.37680370343265723,0.39099862331886404,-0.381832324264195
volume_trend_confirmation,126,21,10,50,63,50,63,63,20,0.25,8,0.009071659615487393,0.004541165734819108,-0.025535498066837636,0.13217086169683945,0.37680370343265723,0.39099862331886404,-0.38192696370337664
quiet_accumulation,126,21,5,20,63,50,63,63,20,0.25,10,0.008823617383443949,0.004417269871756169,-0.027148742729536268,0.15759848757752803,0.37680370343265723,0.39099862331886404,-0.3821750059354201
obv_accumulation,126,21,5,20,63,50,63,63,20,0.25,10,0.008648849168209294,0.004329964900680494,-0.029205734194753585,0.14672396482714495,0.37680370343265723,0.39099862331886404,-0.38234977415065474
risk_adjusted_momentum,189,21,5,20,63,50,63,63,20,0.25,5,0.008632114774675514,0.004321604885976216,-0.04546771624084256,0.15109687567126526,0.37680370343265723,0.39099862331886404,-0.3823665085441885
obv_accumulation,42,21,5,20,63,50,63,63,20,0.25,3,0.00859344046110766,0.004302284062989603,-0.07185371293318632,0.10028385774294808,0.37680370343265723,0.39099862331886404,-0.3824051828577564
quiet_accumulation,126,21,5,20,63,50,63,63,20,0.25,5,0.008290678036663834,0.004151017961446568,-0.027263331035876193,0.13848157767955535,0.37680370343265723,0.39099862331886404,-0.3827079452822002
breakout_liquidity,42,21,10,50,126,50,63,63,20,0.25,5,0.00821988422199138,0.00411564470538428,-0.04040441763509239,0.10729487440836169,0.37680370343265723,0.39099862331886404,-0.38277873909687266
risk_adjusted_momentum,189,21,10,50,63,50,63,63,20,0.25,5,0.00788306002451078,0.003947328180365028,-0.04398916862192692,0.14061877945617174,0.37680370343265723,0.39099862331886404,-0.38311556329435326
breakout_volume,21,21,10,50,63,50,63,63,20,0.25,10,0.007821957940182367,0.003916791472617698,-0.039583818052778,0.10596757879904135,0.37680370343265723,0.39099862331886404,-0.38317666537868167
volume_reversal,63,21,10,50,63,50,63,63,20,0.25,3,0.007740592662795143,0.003876126489874565,-0.03814461924216905,0.10371722158027734,0.37680370343265723,0.39099862331886404,-0.3832580306560689
obv_accumulation,63,21,5,20,63,50,63,63,20,0.25,3,0.007235816934124895,0.003623811593771009,-0.07365656479462834,0.08942165048561507,0.37680370343265723,0.39099862331886404,-0.38376280638473914
breakout_volume,63,21,10,50,126,50,63,63,20,0.25,5,0.0069193971317420555,0.0034656153049144045,-0.04509228341145188,0.09544161805041039,0.37680370343265723,0.39099862331886404,-0.384079226187122
quiet_accumulation,21,21,5,20,63,50,63,63,20,0.25,5,0.006682460305217575,0.00334714086510024,-0.036453002402994206,0.10253571000331298,0.37680370343265723,0.39099862331886404,-0.38431616301364646
momentum_volume,42,21,20,100,63,50,63,63,20,0.25,5,0.00661022516481502,0.0033110186939211417,-0.07153866220933547,0.08828134984248168,0.37680370343265723,0.39099862331886404,-0.384388398154049
risk_adjusted_momentum,126,21,5,20,63,50,63,63,20,0.25,5,0.006604894640068304,0.003308353040849532,-0.02566376581545493,0.11509755491172996,0.37680370343265723,0.39099862331886404,-0.38439372867879573
volume_reversal,63,21,5,20,63,50,63,63,20,0.25,5,0.00646950141536351,0.003240644146540461,-0.02726311081829036,0.11682182000586551,0.37680370343265723,0.39099862331886404,-0.3845291219035005
obv_accumulation,189,21,20,100,63,50,63,63,20,0.25,5,0.006431752067982854,0.003221765239387109,-0.05051042612519274,0.10319940524378883,0.37680370343265723,0.39099862331886404,-0.3845668712508812
breakout_volume,21,21,10,50,63,50,63,63,20,0.25,8,0.006120782009980008,0.0030662319088936574,-0.03969062590219352,0.08783424191444392,0.37680370343265723,0.39099862331886404,-0.38487784130888403
momentum_volume,126,21,20,100,63,50,63,63,20,0.25,8,0.006020136863579717,0.0030158885723048368,-0.02288447322057008,0.09906209510879359,0.37680370343265723,0.39099862331886404,-0.3849784864552843
risk_adjusted_momentum,126,21,5,20,63,50,63,63,20,0.25,8,0.0057328539182759375,0.0028721740252966033,-0.022960284407434584,0.09729485042176288,0.37680370343265723,0.39099862331886404,-0.3852657694005881
breakout_volume,21,21,10,50,126,50,63,63,20,0.25,10,0.005714840080709216,0.002863161842962647,-0.039583818052777775,0.08476808818277054,0.37680370343265723,0.39099862331886404,-0.3852837832381548
quiet_accumulation,126,21,20,100,63,50,63,63,20,0.25,10,0.005388816406136421,0.0027000408399282527,-0.033680096242746815,0.09333741841607962,0.37680370343265723,0.39099862331886404,-0.3856098069127276
breakout_volume,42,21,10,50,63,50,63,63,20,0.25,5,0.0053384460154362046,0.0026748364280260173,-0.043353316483103144,0.07945309322653463,0.37680370343265723,0.39099862331886404,-0.38566017730342783
risk_adjusted_momentum,126,21,10,50,63,50,63,63,20,0.25,8,0.004876435208736707,0.002443625404025429,-0.02318634562259103,0.08526371686057548,0.37680370343265723,0.39099862331886404,-0.38612218811012733
obv_accumulation,189,21,20,100,63,50,63,63,20,0.25,3,0.004307282300152204,0.002158722813351499,-0.06755221289411095,0.06566671167054836,0.37680370343265723,0.39099862331886404,-0.38669134101871183
breakout_volume,21,21,10,50,126,50,63,63,20,0.25,8,0.0042201850292764576,0.0021151171723234885,-0.04008244088245172,0.06862680538242306,0.37680370343265723,0.39099862331886404,-0.3867784382895876
momentum_volume,126,21,5,20,63,50,63,63,20,0.25,5,0.004083426973785276,0.0020466448330296316,-0.02825864750273177,0.07715342545528178,0.37680370343265723,0.39099862331886404,-0.38691519634507876
breakout_volume,42,21,10,50,126,50,63,63,20,0.25,5,0.0038461685920416766,0.0019278427328961456,-0.04373643489860901,0.06411081172009607,0.37680370343265723,0.39099862331886404,-0.38715245472682236
volume_trend_confirmation,126,21,5,20,63,50,63,63,20,0.25,8,0.0036347870011546046,0.0018219861006862903,-0.030862277392247783,0.06644617090437142,0.37680370343265723,0.39099862331886404,-0.38736383631770943
volume_reversal,126,21,20,100,63,50,63,63,20,0.25,10,0.002368900040927935,0.001187816875935388,-0.02774198539220285,0.05729706980910096,0.37680370343265723,0.39099862331886404,-0.3886297232779361
risk_adjusted_momentum,63,21,5,20,63,50,63,63,20,0.25,3,0.002241106975090279,0.0011237744311589637,-0.0414460188262713,0.047423638922967304,0.37680370343265723,0.39099862331886404,-0.38875751634377376
quiet_accumulation,42,21,20,100,63,50,63,63,20,0.25,3,0.0021955846565855364,0.0011009603124694234,-0.07238444135177768,0.04670438126236533,0.37680370343265723,0.39099862331886404,-0.3888030386622785
breakout_volume,126,21,10,50,126,50,63,63,20,0.25,5,0.0021709232299804704,0.0010886006930892478,-0.045092283411452216,0.04605224579519093,0.37680370343265723,0.39099862331886404,-0.38882770008888357
breakout_liquidity,42,21,10,50,63,50,63,63,20,0.25,5,0.002106288191626504,0.0010562066949588722,-0.05011438979025473,0.045692303573429995,0.37680370343265723,0.39099862331886404,-0.38889233512723753
volume_reversal,126,21,20,100,63,50,63,63,20,0.25,5,0.001653033954341021,0.0008290140115290168,-0.02774198539220285,0.043466408858733284,0.37680370343265723,0.39099862331886404,-0.389345589364523
volume_reversal,42,21,20,100,63,50,63,63,20,0.25,5,0.0014448449098676264,0.0007246425453781846,-0.03349889985692711,0.041423324075289314,0.37680370343265723,0.39099862331886404,-0.3895537784089964
quiet_accumulation,126,21,20,100,63,50,63,63,20,0.25,8,0.001294820236059202,0.0006494239350134379,-0.03583331095023057,0.03571434824065727,0.37680370343265723,0.39099862331886404,-0.38970380308280483
obv_accumulation,189,21,5,20,63,50,63,63,20,0.25,3,0.0012746274846091588,0.0006392993668842273,-0.06623929322573785,0.03858997813172358,0.37680370343265723,0.39099862331886404,-0.3897239958342549
breakout_volume,126,21,20,100,126,50,63,63,20,0.25,5,0.0012144822022890356,0.0006091421501639438,-0.04415145306863788,0.03770352529398541,0.37680370343265723,0.39099862331886404,-0.389784141116575
breakout_liquidity,21,21,10,50,63,50,63,63,20,0.25,10,0.0012116396088210912,0.0006077168338702865,-0.047115494064264185,0.03556135601025327,0.37680370343265723,0.39099862331886404,-0.38978698371004294
volume_reversal,126,21,20,100,63,50,63,63,20,0.25,8,0.0009785668194259856,0.000490844001949764,-0.02774198539220285,0.03135460131705189,0.37680370343265723,0.39099862331886404,-0.39002005649943805
volume_trend_confirmation,189,21,10,50,63,50,63,63,20,0.25,5,0.00022781137462302148,0.00011429036051358032,-0.05375521442923192,0.023147841134806373,0.37680370343265723,0.39099862331886404,-0.390770811944241
breakout_liquidity,21,21,10,50,126,50,63,63,20,0.25,10,-0.00010444618691429763,-5.240379468418599e-05,-0.04718813360098906,0.020469733811809113,0.37680370343265723,0.39099862331886404,-0.39110306950577833
volume_reversal,42,21,20,100,63,50,63,63,20,0.25,3,-0.0005861323955014264,-0.0002941155623640279,-0.045753767876590024,0.005598821340797119,0.37680370343265723,0.39099862331886404,-0.39158475571436546
volume_trend_confirmation,63,21,5,20,63,50,63,63,20,0.25,3,-0.0006963130821266983,-0.00034941276043987113,-0.0836138363009663,0.022669941873983787,0.37680370343265723,0.39099862331886404,-0.39169493640099073
breakout_volume,21,21,10,50,63,50,63,63,20,0.25,5,-0.0010000599859820714,-0.0005018722049566771,-0.0490566164704348,0.012501421183897039,0.37680370343265723,0.39099862331886404,-0.3919986833048461
momentum_volume,63,21,5,20,63,50,63,63,20,0.25,3,-0.0012045646265065324,-0.0006045320694744172,-0.06000429451243239,0.008477423317686918,0.37680370343265723,0.39099862331886404,-0.39220318794537057
obv_accumulation,21,21,10,50,63,50,63,63,20,0.25,3,-0.001328251932686042,-0.0006666272941617812,-0.09069972059212328,0.023472661390164247,0.37680370343265723,0.39099862331886404,-0.3923268752515501
breakout_volume,126,21,20,100,63,50,63,63,20,0.25,5,-0.0014488875953192482,-0.0007271941817927896,-0.0441514530686381,0.013264863740412565,0.37680370343265723,0.39099862331886404,-0.3924475109141833
breakout_volume,21,21,10,50,63,50,63,63,20,0.25,3,-0.0025695293156677845,-0.0012900029855646977,-0.06761551479902395,0.011873697401859614,0.37680370343265723,0.39099862331886404,-0.3935681526345318
breakout_volume,189,21,20,100,126,50,63,63,20,0.25,5,-0.0026192165368813525,-0.0013149641999550266,-0.05816853991642734,-0.00555495685474564,0.37680370343265723,0.39099862331886404,-0.3936178398557454
risk_adjusted_momentum,126,21,20,100,63,50,63,63,20,0.25,8,-0.0026193403000139837,-0.0013150263752276237,-0.030472789617642437,-0.020656616554197024,0.37680370343265723,0.39099862331886404,-0.393617963618878
volume_reversal,21,21,5,20,63,50,63,63,20,0.25,3,-0.002654789684899961,-0.0013328353520116742,-0.03051085623833516,-0.018207296644792606,0.37680370343265723,0.39099862331886404,-0.393653413003764
momentum_volume,126,21,10,50,63,50,63,63,20,0.25,8,-0.003039217501032865,-0.001525983534774067,-0.03130467309467444,-0.026320632878877284,0.37680370343265723,0.39099862331886404,-0.3940378408198969
breakout_volume,189,21,20,100,63,50,63,63,20,0.25,5,-0.003237717248043781,-0.0016257303505594622,-0.05875259310605685,-0.01231050959616235,0.37680370343265723,0.39099862331886404,-0.3942363405669078
volume_reversal,126,21,5,20,63,50,63,63,20,0.25,10,-0.003717524925507032,-0.0018668762689438845,-0.025748393484821164,-0.0636329933133084,0.37680370343265723,0.39099862331886404,-0.39471614824437107
volume_reversal,126,21,5,20,63,50,63,63,20,0.25,8,-0.003717524925507032,-0.0018668762689438845,-0.025748393484821164,-0.0636329933133084,0.37680370343265723,0.39099862331886404,-0.39471614824437107
breakout_volume,63,21,20,100,126,50,63,63,20,0.25,5,-0.003744203583461503,-0.0018802863591402819,-0.047520268412441835,-0.008038677919076241,0.37680370343265723,0.39099862331886404,-0.39474282690232554
breakout_volume,42,21,20,100,126,50,63,63,20,0.25,5,-0.003837610795341395,-0.0019272391240254816,-0.044638739819154116,-0.008695703493601402,0.37680370343265723,0.39099862331886404,-0.39483623411420543
volume_reversal,126,21,10,50,63,50,63,63,20,0.25,3,-0.004445892673124008,-0.002233056298183378,-0.03439067772465454,-0.03618498062299501,0.37680370343265723,0.39099862331886404,-0.39544451599198804
breakout_volume,42,21,20,100,63,50,63,63,20,0.25,3,-0.0049358397475882665,-0.0024794476818220668,-0.07138495177660065,-0.006674715332086381,0.37680370343265723,0.39099862331886404,-0.3959344630664523
breakout_volume,126,21,10,50,63,50,63,63,20,0.25,5,-0.005174230029299731,-0.002599354556802047,-0.046927003595901184,-0.03282507689234011,0.37680370343265723,0.39099862331886404,-0.39617285334816377
volume_trend_confirmation,21,21,10,50,63,50,63,63,20,0.25,3,-0.0053759964289370465,-0.0027008513344686236,-0.10486763886927719,-0.0010143906268160671,0.37680370343265723,0.39099862331886404,-0.3963746197478011
breakout_volume,63,21,10,50,63,50,63,63,20,0.25,3,-0.00556089405596627,-0.0027938714363173744,-0.06716081077153291,-0.01093743541391356,0.37680370343265723,0.39099862331886404,-0.3965595173748303
liquidity_momentum,63,21,10,50,63,50,63,63,20,0.25,3,-0.005614101492276702,-0.002820641149187564,-0.05360490610849156,-0.028082196539514236,0.37680370343265723,0.39099862331886404,-0.39661272481114074
risk_adjusted_momentum,42,21,10,50,63,50,63,63,20,0.25,5,-0.005765579558493661,-0.0028968566669625995,-0.05261585792261103,-0.03354586016301733,0.37680370343265723,0.39099862331886404,-0.3967642028773577
volume_surge,42,21,10,50,63,50,63,63,20,0.25,3,-0.005809409425373446,-0.002918910549540188,-0.06725563770547971,-0.012120898593960731,0.37680370343265723,0.39099862331886404,-0.3968080327442375
volume_trend_confirmation,63,21,20,100,63,50,63,63,20,0.25,3,-0.0060722798090154795,-0.0030511892583744427,-0.10038717124394203,-0.012120295260223044,0.37680370343265723,0.39099862331886404,-0.3970709031278795
volume_trend_confirmation,42,21,20,100,63,50,63,63,20,0.25,3,-0.0060722798090154795,-0.0030511892583744427,-0.10038717124394203,-0.012120295260223044,0.37680370343265723,0.39099862331886404,-0.3970709031278795
momentum_volume,189,21,10,50,63,50,63,63,20,0.25,5,-0.0063076826455522594,-0.0031696608497554513,-0.06082154200646783,-0.06407517480672292,0.37680370343265723,0.39099862331886404,-0.3973063059644163
quiet_accumulation,63,21,20,100,63,50,63,63,20,0.25,3,-0.0065714272735076795,-0.003302412676093658,-0.08049904172890432,-0.03246581883693161,0.37680370343265723,0.39099862331886404,-0.3975700505923717
breakout_volume,21,21,20,100,63,50,63,63,20,0.25,8,-0.006688014631381245,-0.0033611007375670132,-0.05792931071957963,-0.04603923148144122,0.37680370343265723,0.39099862331886404,-0.3976866379502453
volume_reversal,189,21,10,50,63,50,63,63,20,0.25,10,-0.006803633502908912,-0.003419304669545653,-0.03330825705938634,-0.17037319613593033,0.37680370343265723,0.39099862331886404,-0.39780225682177295
breakout_volume,21,21,5,20,126,50,63,63,20,0.25,3,-0.006993994486261146,-0.0035151420363849217,-0.024238619639283643,-0.10443410537800613,0.37680370343265723,0.39099862331886404,-0.3979926178051252
breakout_liquidity,21,21,10,50,126,50,63,63,20,0.25,8,-0.007053262871377086,-0.0035449826140716567,-0.05380974019693674,-0.06119122532446631,0.37680370343265723,0.39099862331886404,-0.3980518861902411
risk_adjusted_momentum,42,21,5,20,63,50,63,63,20,0.25,3,-0.007070532133338636,-0.003553677547271872,-0.052551727636846346,-0.05338828367794675,0.37680370343265723,0.39099862331886404,-0.39806915545220267
obv_accumulation,126,21,10,50,63,50,63,63,20,0.25,5,-0.007147232291018435,-0.003592296364566594,-0.05349922163421583,-0.061969385625179396,0.37680370343265723,0.39099862331886404,-0.39814585560988247
volume_reversal,126,21,5,20,63,50,63,63,20,0.25,5,-0.007311427427738937,-0.003674974230043815,-0.026512369394577462,-0.13389634346896934,0.37680370343265723,0.39099862331886404,-0.398310050746603
volume_trend_confirmation,189,21,5,20,63,50,63,63,20,0.25,3,-0.00744367157991932,-0.003741568636673742,-0.06676240049435767,-0.05121869797770594,0.37680370343265723,0.39099862331886404,-0.39844229489878336
obv_accumulation,126,21,5,20,63,50,63,63,20,0.25,5,-0.007611726971588184,-0.003826202947879498,-0.05268982096669006,-0.07811178094206823,0.37680370343265723,0.39099862331886404,-0.3986103502904522
momentum_volume,189,21,20,100,63,50,63,63,20,0.25,5,-0.0077485979969659224,-0.0038951377892345596,-0.06480226323594485,-0.0765081264141796,0.37680370343265723,0.39099862331886404,-0.39874722131582996
momentum_volume,42,21,5,20,63,50,63,63,20,0.25,5,-0.00797028775064268,-0.004006801480764377,-0.05078502835734999,-0.07890841852605078,0.37680370343265723,0.39099862331886404,-0.3989689110695067
breakout_volume,21,21,10,50,126,50,63,63,20,0.25,3,-0.007986244111158669,-0.004014839075755838,-0.06761551479902372,-0.03190067032049354,0.37680370343265723,0.39099862331886404,-0.3989848674300227
quiet_accumulation,189,21,20,100,63,50,63,63,20,0.25,5,-0.007990016587000603,-0.004016739370195865,-0.047432615899713926,-0.09871883662334353,0.37680370343265723,0.39099862331886404,-0.39898863990586464
obv_accumulation,126,21,20,100,63,50,63,63,20,0.25,5,-0.00835024469197021,-0.004198212250145605,-0.05464607060409077,-0.07550448148857405,0.37680370343265723,0.39099862331886404,-0.39934886801083425
quiet_accumulation,42,21,5,20,63,50,63,63,20,0.25,3,-0.008443060421665871,-0.004244975549922425,-0.029084896184568554,-0.17084154099854312,0.37680370343265723,0.39099862331886404,-0.3994416837405299
obv_accumulation,189,21,10,50,63,50,63,63,20,0.25,3,-0.008657704163695268,-0.004353127747583896,-0.07374676514812151,-0.05446601778359935,0.37680370343265723,0.39099862331886404,-0.3996563274825593
volume_reversal,189,21,10,50,63,50,63,63,20,0.25,8,-0.008839400892486915,-0.004444688106090777,-0.03461714195191523,-0.22397786859285482,0.37680370343265723,0.39099862331886404,-0.39983802421135095
volume_reversal,42,21,5,20,63,50,63,63,20,0.25,8,-0.008903520123611619,-0.00447700097475634,-0.032523202602349977,-0.15303224408358676,0.37680370343265723,0.39099862331886404,-0.39990214344247565
volume_reversal,42,21,5,20,63,50,63,63,20,0.25,10,-0.008903520123611619,-0.00447700097475634,-0.032523202602349977,-0.15303224408358676,0.37680370343265723,0.39099862331886404,-0.39990214344247565
liquidity_momentum,126,21,10,50,63,50,63,63,20,0.25,3,-0.008941331977203038,-0.004496056736103982,-0.07902484349885563,-0.05077948188299421,0.37680370343265723,0.39099862331886404,-0.3999399552960671
volume_trend_confirmation,42,21,5,20,63,50,63,63,20,0.25,3,-0.009402417178892342,-0.0047284555987211485,-0.08361383630096642,-0.05112764673848491,0.37680370343265723,0.39099862331886404,-0.4004010404977564
breakout_liquidity,21,21,10,50,63,50,63,63,20,0.25,8,-0.009487717743408286,-0.004771455196345253,-0.05605311234534238,-0.08469170635109291,0.37680370343265723,0.39099862331886404,-0.4004863410622723
breakout_volume,21,21,20,100,63,50,63,63,20,0.25,10,-0.009504253092647352,-0.004779790798576711,-0.06183956657651535,-0.07905823960652246,0.37680370343265723,0.39099862331886404,-0.4005028764115114
volume_trend_confirmation,189,21,20,100,63,50,63,63,20,0.25,5,-0.009793963136446204,-0.004925847207830292,-0.06644901785516999,-0.09641310144596003,0.37680370343265723,0.39099862331886404,-0.40079258645531024
volume_reversal,42,21,10,50,63,50,63,63,20,0.25,10,-0.00983021494184011,-0.004944124940556294,-0.04098987380902552,-0.153782613162796,0.37680370343265723,0.39099862331886404,-0.40082883826070415
volume_reversal,126,21,20,100,63,50,63,63,20,0.25,3,-0.009963589461778777,-0.005011373670745889,-0.031077310089322574,-0.12956265708541798,0.37680370343265723,0.39099862331886404,-0.4009622127806428
breakout_liquidity,21,21,10,50,126,50,63,63,20,0.25,5,-0.010106523380352561,-0.005083447354025661,-0.0549948336739553,-0.08279214414048998,0.37680370343265723,0.39099862331886404,-0.4011051466992166
volume_reversal,63,21,5,20,63,50,63,63,20,0.25,3,-0.01169021054669983,-0.005882360645116158,-0.03410278120594212,-0.15125513335096347,0.37680370343265723,0.39099862331886404,-0.40268883386556387
momentum_volume,63,21,5,20,63,50,63,63,20,0.25,5,-0.011765113786233794,-0.005920162432042075,-0.051761138115431704,-0.12497599326851644,0.37680370343265723,0.39099862331886404,-0.40276373710509783
momentum_volume,126,21,10,50,63,50,63,63,20,0.25,5,-0.011839803852114139,-0.005957858057180965,-0.05115775659720845,-0.1224492109974882,0.37680370343265723,0.39099862331886404,-0.4028384271709782
breakout_volume,42,21,5,20,126,50,63,63,20,0.25,3,-0.011896884160676024,-0.005986667101255394,-0.024238619639283643,-0.20968188049136574,0.37680370343265723,0.39099862331886404,-0.40289550747954006
volume_surge,42,21,10,50,63,50,63,63,20,0.25,5,-0.012005974003780118,-0.006041728222325293,-0.04836122695150924,-0.10479048443706154,0.37680370343265723,0.39099862331886404,-0.40300459732264415
volume_reversal,42,21,10,50,63,50,63,63,20,0.25,8,-0.012052216432378748,-0.006065069164248094,-0.04247486975515846,-0.1918457690087084,0.37680370343265723,0.39099862331886404,-0.4030508397512428
breakout_volume,21,21,10,50,126,50,63,63,20,0.25,5,-0.012342896654613522,-0.006211802952634793,-0.05429072730885831,-0.10872384655412712,0.37680370343265723,0.39099862331886404,-0.40334151997347756
momentum_volume,63,21,20,100,63,50,63,63,20,0.25,3,-0.012358069260834936,-0.006219462592256253,-0.12015721990966377,-0.0613528072224383,0.37680370343265723,0.39099862331886404,-0.40335669257969897
momentum_volume,63,21,10,50,63,50,63,63,20,0.25,3,-0.012856935457674634,-0.00647133961617774,-0.10081363080951877,-0.06445144770058202,0.37680370343265723,0.39099862331886404,-0.40385555877653867
volume_reversal,189,21,20,100,63,50,63,63,20,0.25,10,-0.013033596088110389,-0.006560550591502956,-0.029771629546083034,-0.30028728094541585,0.37680370343265723,0.39099862331886404,-0.4040322194069744
breakout_volume,21,21,20,100,63,50,63,63,20,0.25,5,-0.01372084262723361,-0.00690767551831406,-0.06598802278411453,-0.09540919095850472,0.37680370343265723,0.39099862331886404,-0.40471946594609765
breakout_liquidity,63,21,10,50,126,50,63,63,20,0.25,3,-0.013723345068221926,-0.006908939709431627,-0.0370395787176695,-0.13349838506251754,0.37680370343265723,0.39099862331886404,-0.40472196838708596
volume_reversal,42,21,5,20,63,50,63,63,20,0.25,5,-0.013757189175464535,-0.006926037340421964,-0.038123116867610496,-0.22950510391960793,0.37680370343265723,0.39099862331886404,-0.40475581249432857
volume_reversal,189,21,20,100,63,50,63,63,20,0.25,5,-0.013768650197340748,-0.006931827375422417,-0.030305485338245286,-0.3148616022595777,0.37680370343265723,0.39099862331886404,-0.4047672735162048
breakout_liquidity,21,21,10,50,63,50,63,63,20,0.25,5,-0.013872467353956308,-0.006984276666848199,-0.06332173337260194,-0.11331859213090734,0.37680370343265723,0.39099862331886404,-0.40487109067282034
risk_adjusted_momentum,42,21,5,20,63,50,63,63,20,0.25,5,-0.01405467389209536,-0.007076335578524273,-0.05975828891032109,-0.1499723917315563,0.37680370343265723,0.39099862331886404,-0.4050532972109594
volume_reversal,189,21,5,20,63,50,63,63,20,0.25,10,-0.014094245951331241,-0.007096330277377216,-0.030790860696422118,-0.36439763102192996,0.37680370343265723,0.39099862331886404,-0.4050928692701953
volume_reversal,189,21,5,20,63,50,63,63,20,0.25,8,-0.014094245951331241,-0.007096330277377216,-0.030790860696422118,-0.36439763102192996,0.37680370343265723,0.39099862331886404,-0.4050928692701953
volume_reversal,189,21,20,100,63,50,63,63,20,0.25,8,-0.014588896328086132,-0.007346297578344152,-0.032195383961637014,-0.3290319297571892,0.37680370343265723,0.39099862331886404,-0.40558751964695017
quiet_accumulation,21,21,10,50,63,50,63,63,20,0.25,5,-0.014729122485399593,-0.0074171710311963235,-0.0561311555136812,-0.13942388510041234,0.37680370343265723,0.39099862331886404,-0.40572774580426363
obv_accumulation,126,21,20,100,63,50,63,63,20,0.25,3,-0.015217949750321424,-0.007664274629952561,-0.07344945121427227,-0.11551463348562092,0.37680370343265723,0.39099862331886404,-0.40621657306918546
breakout_volume,63,21,5,20,126,50,63,63,20,0.25,3,-0.01523784527691141,-0.007674333170535008,-0.024238619639283643,-0.25944836793253234,0.37680370343265723,0.39099862331886404,-0.40623646859577545
risk_adjusted_momentum,126,21,10,50,63,50,63,63,20,0.25,5,-0.015704343373309504,-0.007910208685609765,-0.050721814589292924,-0.1715959816518244,0.37680370343265723,0.39099862331886404,-0.40670296669217354
momentum_volume,126,21,20,100,63,50,63,63,20,0.25,5,-0.01593704220904968,-0.008027889062299565,-0.05268570168223252,-0.16229633256780637,0.37680370343265723,0.39099862331886404,-0.4069356655279137
breakout_volume,189,21,20,100,63,50,63,63,20,0.25,3,-0.016430719842136066,-0.008277597470378595,-0.08251734396693311,-0.10107539506566479,0.37680370343265723,0.39099862331886404,-0.4074293431610001
risk_adjusted_momentum,126,21,20,100,63,50,63,63,20,0.25,5,-0.016559079144439104,-0.00834253346280267,-0.053120374423431205,-0.1774363762440207,0.37680370343265723,0.39099862331886404,-0.40755770246330314
quiet_accumulation,189,21,5,20,63,50,63,63,20,0.25,3,-0.016883249619279006,-0.008506547637839201,-0.02700817245143794,-0.4455375985989487,0.37680370343265723,0.39099862331886404,-0.40788187293814304
volume_trend_confirmation,126,21,20,100,63,50,63,63,20,0.25,5,-0.01688862167877625,-0.008509265860353943,-0.051992023584827574,-0.1608732032952758,0.37680370343265723,0.39099862331886404,-0.4078872449976403
breakout_volume,21,21,20,100,126,50,63,63,20,0.25,8,-0.01696051953759148,-0.00854564635945243,-0.06297244171961747,-0.15768540973066955,0.37680370343265723,0.39099862331886404,-0.4079591428564555
breakout_liquidity,63,21,10,50,63,50,63,63,20,0.25,3,-0.017431744547263484,-0.008784120239156534,-0.04339351704263461,-0.16855661538663558,0.37680370343265723,0.39099862331886404,-0.4084303678661275
momentum_volume,189,21,20,100,63,50,63,63,20,0.25,3,-0.017904321176501203,-0.009023335376133423,-0.0989964450367049,-0.11555483799650852,0.37680370343265723,0.39099862331886404,-0.40890294449536524
volume_surge,189,21,5,20,63,50,63,63,20,0.25,3,-0.019229398529331032,-0.00969438674491252,-0.04236470099474421,-0.3757323420562823,0.37680370343265723,0.39099862331886404,-0.41022802184819507
breakout_volume,126,21,5,20,126,50,63,63,20,0.25,3,-0.019311459644838047,-0.00973595933818272,-0.024238619639283643,-0.3471203628883092,0.37680370343265723,0.39099862331886404,-0.4103100829637021
breakout_volume,63,21,20,100,63,50,63,63,20,0.25,3,-0.019566944812932863,-0.009865400569995297,-0.08703009891783198,-0.127986701243833,0.37680370343265723,0.39099862331886404,-0.4105655681317969
breakout_volume,42,21,5,20,63,50,63,63,20,0.25,3,-0.01993346400152496,-0.010051126400203003,-0.025824535604658916,-0.32867804219166136,0.37680370343265723,0.39099862331886404,-0.410932087320389
volume_reversal,189,21,10,50,63,50,63,63,20,0.25,5,-0.01999038400212161,-0.010079972508565627,-0.04013670878391329,-0.5077409748189778,0.37680370343265723,0.39099862331886404,-0.41098900732098564
breakout_volume,63,21,10,50,126,50,63,63,20,0.25,3,-0.02044334871119291,-0.010309557241923728,-0.0666812618078404,-0.13013268088141108,0.37680370343265723,0.39099862331886404,-0.41144197203005695
volume_reversal,189,21,5,20,63,50,63,63,20,0.25,5,-0.020939966027267887,-0.010561328058542596,-0.037181258713852805,-0.53973017781479,0.37680370343265723,0.39099862331886404,-0.4119385893461319
breakout_volume,21,21,20,100,126,50,63,63,20,0.25,10,-0.02158227313921146,-0.010887053841008187,-0.06737787057407452,-0.21399283613432124,0.37680370343265723,0.39099862331886404,-0.4125808964580755
volume_reversal,126,21,5,20,63,50,63,63,20,0.25,3,-0.021842663403043527,-0.01101913289794576,-0.031342653302415036,-0.35098938697513715,0.37680370343265723,0.39099862331886404,-0.41284128672190756
obv_accumulation,126,21,5,20,63,50,63,63,20,0.25,3,-0.02233641818243881,-0.011269630722666513,-0.0770029420196785,-0.18054839164860217,0.37680370343265723,0.39099862331886404,-0.41333504150130285
volume_trend_confirmation,126,21,5,20,63,50,63,63,20,0.25,5,-0.02399366187942875,-0.01211086543646478,-0.04820204218076052,-0.30365154408330297,0.37680370343265723,0.39099862331886404,-0.4149922851982928
volume_surge,21,21,10,50,63,50,63,63,20,0.25,10,-0.02493796964417405,-0.012590524551167825,-0.05028087555882099,-0.27464053936324484,0.37680370343265723,0.39099862331886404,-0.4159365929630381
momentum_volume,126,21,10,50,63,50,63,63,20,0.25,3,-0.024977880368548533,-0.012610802215512362,-0.08105591355837616,-0.17063262524158063,0.37680370343265723,0.39099862331886404,-0.41597650368741257
volume_surge,42,21,10,50,63,50,63,63,20,0.25,8,-0.02498578405446572,-0.012614817934363032,-0.05256952232495726,-0.34645337845565344,0.37680370343265723,0.39099862331886404,-0.41598440737332976
volume_surge,189,21,5,20,63,50,63,63,20,0.25,5,-0.025320176995645594,-0.01278473175973116,-0.04060121532034022,-0.5105875666840171,0.37680370343265723,0.39099862331886404,-0.41631880031450963
volume_surge,42,21,20,100,63,50,63,63,20,0.25,10,-0.0255358527323869,-0.012894337668638012,-0.059557291649316224,-0.33052760232617545,0.37680370343265723,0.39099862331886404,-0.41653447605125093
volume_reversal,42,21,10,50,63,50,63,63,20,0.25,5,-0.025768758692117366,-0.013012713512600471,-0.05448024673211749,-0.42939209826015357,0.37680370343265723,0.39099862331886404,-0.4167673820109814
quiet_accumulation,126,21,5,20,63,50,63,63,20,0.25,3,-0.02620151208306154,-0.013232700454185231,-0.031114518031017613,-0.5450738318670331,0.37680370343265723,0.39099862331886404,-0.4172001354019256
obv_accumulation,63,21,10,50,63,50,63,63,20,0.25,3,-0.026292560069352322,-0.013278990217506781,-0.10077899461754025,-0.19386717401083828,0.37680370343265723,0.39099862331886404,-0.41729118338821636
volume_surge,189,21,5,20,63,50,63,63,20,0.25,10,-0.026832318107532727,-0.013553453240723656,-0.04173014919865259,-0.5488885583291045,0.37680370343265723,0.39099862331886404,-0.41783094142639676
volume_surge,189,21,5,20,63,50,63,63,20,0.25,8,-0.027034576793532494,-0.013656319843044606,-0.04192931158809754,-0.5527564553927011,0.37680370343265723,0.39099862331886404,-0.41803320011239653
volume_surge,21,21,10,50,63,50,63,63,20,0.25,8,-0.02713924065765061,-0.013709554947328284,-0.052424933182328104,-0.3036760224083706,0.37680370343265723,0.39099862331886404,-0.41813786397651465
volume_surge,63,21,5,20,63,50,63,63,20,0.25,3,-0.02721466271689299,-0.013747918583101648,-0.04094249879465073,-0.45402467499737,0.37680370343265723,0.39099862331886404,-0.418213286035757
breakout_volume,189,21,20,100,126,50,63,63,20,0.25,3,-0.02730772986806196,-0.013795259485748446,-0.09266352100764252,-0.19750015274263868,0.37680370343265723,0.39099862331886404,-0.418306353186926
risk_adjusted_momentum,42,21,10,50,63,50,63,63,20,0.25,3,-0.027398933177044227,-0.013841654488792932,-0.06863354010027056,-0.23035104607571455,0.37680370343265723,0.39099862331886404,-0.41839755649590826
quiet_accumulation,126,21,20,100,63,50,63,63,20,0.25,5,-0.027581245446483216,-0.01393440299822013,-0.05976290063415579,-0.3535179189271702,0.37680370343265723,0.39099862331886404,-0.41857986876534725
quiet_accumulation,189,21,20,100,63,50,63,63,20,0.25,3,-0.027629801944727528,-0.013959106816726963,-0.08741694091588137,-0.2468100224796309,0.37680370343265723,0.39099862331886404,-0.41862842526359156
volume_trend_confirmation,126,21,10,50,63,50,63,63,20,0.25,5,-0.02792127134615019,-0.014107408997718784,-0.057512452545834813,-0.3236047398108975,0.37680370343265723,0.39099862331886404,-0.4189198946650142
risk_adjusted_momentum,21,21,20,100,63,50,63,63,20,0.25,3,-0.02794856476252472,-0.014121297261195376,-0.08883412901053411,-0.22070026087622768,0.37680370343265723,0.39099862331886404,-0.41894718808138875
breakout_volume,21,21,20,100,126,50,63,63,20,0.25,5,-0.028310653715079126,-0.014305564729648168,-0.07035686718663559,-0.22874877938233928,0.37680370343265723,0.39099862331886404,-0.41930927703394316
volume_reversal,189,21,20,100,63,50,63,63,20,0.25,3,-0.028594943016025276,-0.014450263847856415,-0.03869620709188493,-0.5695998916677673,0.37680370343265723,0.39099862331886404,-0.4195935663348893
quiet_accumulation,21,21,5,20,63,50,63,63,20,0.25,3,-0.028769061152428055,-0.014538897865799427,-0.03577231892088473,-0.6556404706481701,0.37680370343265723,0.39099862331886404,-0.4197676844712921
momentum_volume,42,21,5,20,63,50,63,63,20,0.25,3,-0.029197908841348208,-0.014757234535335617,-0.06163392843946358,-0.2924098579171305,0.37680370343265723,0.39099862331886404,-0.42019653216021224
obv_accumulation,126,21,10,50,63,50,63,63,20,0.25,3,-0.030056453353363044,-0.015194484651990359,-0.08665308475551392,-0.24626604623324005,0.37680370343265723,0.39099862331886404,-0.4210550766722271
volume_surge,42,21,20,100,63,50,63,63,20,0.25,8,-0.030114411014289244,-0.015224008990419424,-0.06837542074857539,-0.3682773571851835,0.37680370343265723,0.39099862331886404,-0.4211130343331533
quiet_accumulation,63,21,5,20,63,50,63,63,20,0.25,3,-0.030195875301842978,-0.01526550937706983,-0.03532328028446352,-0.633043298544077,0.37680370343265723,0.39099862331886404,-0.421194498620707
volume_trend_confirmation,63,21,10,50,63,50,63,63,20,0.25,3,-0.030373269800735514,-0.015355885542159498,-0.11058564728080422,-0.19954096380729688,0.37680370343265723,0.39099862331886404,-0.42137189311959955
volume_surge,126,21,20,100,63,50,63,63,20,0.25,10,-0.03091831696244307,-0.01563361917336603,-0.07052199584040242,-0.36396705789483597,0.37680370343265723,0.39099862331886404,-0.4219169402813071
volume_surge,42,21,5,20,63,50,63,63,20,0.25,3,-0.030996368097672478,-0.01567339719432015,-0.05114735219789501,-0.4927427615090336,0.37680370343265723,0.39099862331886404,-0.4219949914165365
breakout_volume,189,21,10,50,63,50,63,63,20,0.25,3,-0.031727627939086234,-0.01604615441424595,-0.09118868714610195,-0.24068827131664108,0.37680370343265723,0.39099862331886404,-0.42272625125795027
breakout_volume,21,21,20,100,63,50,63,63,20,0.25,3,-0.031939687057241595,-0.01615427706448347,-0.09122185559580664,-0.21546978253400836,0.37680370343265723,0.39099862331886404,-0.42293831037610563
breakout_volume,42,21,20,100,126,50,63,63,20,0.25,3,-0.03219113403709828,-0.01628249771092205,-0.08532039099755284,-0.23528536334573547,0.37680370343265723,0.39099862331886404,-0.4231897573559623
volume_trend_confirmation,189,21,20,100,63,50,63,63,20,0.25,3,-0.033144070439742546,-0.016768580386066656,-0.09721165250511155,-0.25077661236182686,0.37680370343265723,0.39099862331886404,-0.4241426937586066
breakout_liquidity,42,21,10,50,126,50,63,63,20,0.25,3,-0.03319267882198507,-0.016793381399962337,-0.05555158208970934,-0.2883973399097207,0.37680370343265723,0.39099862331886404,-0.4241913021408491
volume_surge,42,21,10,50,63,50,63,63,20,0.25,10,-0.03395889033229893,-0.01718440066631599,-0.0518841790524156,-0.5304458073153567,0.37680370343265723,0.39099862331886404,-0.42495751365116297
momentum_volume,21,21,5,20,63,50,63,63,20,0.25,3,-0.034799977066365506,-0.017613808830711508,-0.08369597572052456,-0.278097682707395,0.37680370343265723,0.39099862331886404,-0.42579860038522954
breakout_volume,21,21,5,20,63,50,63,63,20,0.25,3,-0.0350290892051881,-0.017730811981414907,-0.04572123383340321,-0.5066883285022226,0.37680370343265723,0.39099862331886404,-0.42602771252405214
breakout_volume,126,21,5,20,63,50,63,63,20,0.25,3,-0.03504730649340093,-0.017740115793216327,-0.039150321139625466,-0.5928649319208,0.37680370343265723,0.39099862331886404,-0.42604592981226497
volume_surge,21,21,10,50,63,50,63,63,20,0.25,5,-0.03531260425097271,-0.017875616811980577,-0.056679079055917736,-0.37934774729590126,0.37680370343265723,0.39099862331886404,-0.42631122756983675
risk_adjusted_momentum,42,21,20,100,63,50,63,63,20,0.25,3,-0.03583857511439148,-0.018144311714206496,-0.08274562006304964,-0.322214883335062,0.37680370343265723,0.39099862331886404,-0.4268371984332555
breakout_volume,63,21,20,100,126,50,63,63,20,0.25,3,-0.03638126627503846,-0.018421624834149553,-0.0874561806612244,-0.27108585228623944,0.37680370343265723,0.39099862331886404,-0.4273798895939025
risk_adjusted_momentum,63,21,10,50,63,50,63,63,20,0.25,3,-0.03712028333925921,-0.018799384916476813,-0.08086344885492724,-0.37127974187044016,0.37680370343265723,0.39099862331886404,-0.42811890665812324
breakout_volume,189,21,10,50,126,50,63,63,20,0.25,3,-0.03737722944090138,-0.01893076076325151,-0.09649134981222518,-0.288421326816208,0.37680370343265723,0.39099862331886404,-0.4283758527597654
volume_surge,63,21,10,50,63,50,63,63,20,0.25,5,-0.03740545068575862,-0.018945191274332807,-0.05737410156429201,-0.4029602434841017,0.37680370343265723,0.39099862331886404,-0.42840407400462266
volume_surge,126,21,20,100,63,50,63,63,20,0.25,8,-0.037478805657398695,-0.018982701227095777,-0.08152156106663933,-0.41997985032553303,0.37680370343265723,0.39099862331886404,-0.42847742897626273
volume_surge,63,21,10,50,63,50,63,63,20,0.25,8,-0.037602347379457446,-0.01904587731783547,-0.04799158102446566,-0.49896099366900803,0.37680370343265723,0.39099862331886404,-0.4286009706983215
volume_surge,42,21,5,20,63,50,63,63,20,0.25,8,-0.037915785534597735,-0.01920617974313721,-0.0526543219889376,-0.592804734282035,0.37680370343265723,0.39099862331886404,-0.42891440885346177
volume_surge,42,21,5,20,63,50,63,63,20,0.25,10,-0.037915785534597735,-0.01920617974313721,-0.0526543219889376,-0.592804734282035,0.37680370343265723,0.39099862331886404,-0.42891440885346177
volume_surge,63,21,20,100,63,50,63,63,20,0.25,10,-0.038068686335534174,-0.019284387608909714,-0.06685774100971387,-0.5094972613311904,0.37680370343265723,0.39099862331886404,-0.4290673096543982
breakout_volume,126,21,20,100,126,50,63,63,20,0.25,3,-0.03857797312974709,-0.01954492951395448,-0.09172308365161785,-0.2884564854781383,0.37680370343265723,0.39099862331886404,-0.4295765964486111
volume_trend_confirmation,42,21,10,50,63,50,63,63,20,0.25,3,-0.038820823190794385,-0.01966919142394674,-0.11058564728080444,-0.264347591850475,0.37680370343265723,0.39099862331886404,-0.4298194465096584
risk_adjusted_momentum,63,21,20,100,63,50,63,63,20,0.25,3,-0.039237793970716806,-0.0198825841990804,-0.09076925980003214,-0.40639597106435815,0.37680370343265723,0.39099862331886404,-0.43023641728958084
quiet_accumulation,126,21,20,100,63,50,63,63,20,0.25,3,-0.039840906888649164,-0.02019132043851024,-0.0860154983839917,-0.35606336184573517,0.37680370343265723,0.39099862331886404,-0.4308395302075132
volume_trend_confirmation,126,21,5,20,63,50,63,63,20,0.25,3,-0.04006255831825034,-0.020304809092527187,-0.0798375200365794,-0.37227093154756563,0.37680370343265723,0.39099862331886404,-0.4310611816371144
liquidity_momentum,21,21,10,50,63,50,63,63,20,0.25,3,-0.04015207094021411,-0.020350644517094896,-0.07941882172033321,-0.2990929947444949,0.37680370343265723,0.39099862331886404,-0.43115069425907815
volume_surge,189,21,10,50,63,50,63,63,20,0.25,10,-0.04028511729108142,-0.020418775559908564,-0.06737125976699765,-0.5310119531786477,0.37680370343265723,0.39099862331886404,-0.43128374060994545
volume_surge,189,21,10,50,63,50,63,63,20,0.25,8,-0.040833980716305285,-0.02069989006374373,-0.06790463255723889,-0.5334062716400388,0.37680370343265723,0.39099862331886404,-0.4318326040351693
volume_surge,21,21,10,50,63,50,63,63,20,0.25,3,-0.04192817638452806,-0.02126054976480085,-0.08556099166101172,-0.3299954808532557,0.37680370343265723,0.39099862331886404,-0.4329267997033921
volume_surge,21,21,20,100,63,50,63,63,20,0.25,8,-0.04217726700089053,-0.021388226971441382,-0.0827872390584975,-0.4715405454484411,0.37680370343265723,0.39099862331886404,-0.43317589031975456
volume_surge,63,21,5,20,63,50,63,63,20,0.25,5,-0.04223519857911362,-0.02141792352469163,-0.050143665081709865,-0.7191479803481137,0.37680370343265723,0.39099862331886404,-0.43323382189797766
breakout_volume,126,21,20,100,63,50,63,63,20,0.25,3,-0.04274115371432896,-0.021677321396296745,-0.09565613356922265,-0.32365290419329484,0.37680370343265723,0.39099862331886404,-0.433739777033193
momentum_volume,126,21,20,100,63,50,63,63,20,0.25,3,-0.043776167383247855,-0.022208174914821188,-0.0936086711891353,-0.33056682561039896,0.37680370343265723,0.39099862331886404,-0.4347747907021119
risk_adjusted_momentum,21,21,10,50,63,50,63,63,20,0.25,3,-0.04382945079750766,-0.022235511468265967,-0.09388146553439713,-0.3594945938036322,0.37680370343265723,0.39099862331886404,-0.4348280741163717
breakout_volume,126,21,10,50,63,50,63,63,20,0.25,3,-0.04386174193165038,-0.022252078499662153,-0.09111657793215489,-0.33594494044755646,0.37680370343265723,0.39099862331886404,-0.4348603652505144
breakout_volume,126,21,10,50,126,50,63,63,20,0.25,3,-0.04386174193165038,-0.022252078499662153,-0.09111657793215489,-0.33594494044755646,0.37680370343265723,0.39099862331886404,-0.4348603652505144
volume_reversal,42,21,5,20,63,50,63,63,20,0.25,3,-0.04396237453419238,-0.022303710047366754,-0.06223048822609345,-0.7873103327718826,0.37680370343265723,0.39099862331886404,-0.4349609978530564
volume_surge,63,21,20,100,63,50,63,63,20,0.25,8,-0.044152382073241236,-0.022401204558725296,-0.07668868458985889,-0.5578012423696335,0.37680370343265723,0.39099862331886404,-0.4351510053921053
volume_surge,21,21,20,100,63,50,63,63,20,0.25,10,-0.044306268330934206,-0.02248017200616137,-0.08482597453710017,-0.5028564789692842,0.37680370343265723,0.39099862331886404,-0.43530489164979824
volume_surge,42,21,20,100,63,50,63,63,20,0.25,5,-0.04440032059772048,-0.022528438482984803,-0.08954285453579724,-0.4437513579437849,0.37680370343265723,0.39099862331886404,-0.4353989439165845
volume_surge,42,21,20,100,63,50,63,63,20,0.25,3,-0.04453619684516097,-0.022598172697104513,-0.12467938370100295,-0.3189556739009084,0.37680370343265723,0.39099862331886404,-0.435534820164025
volume_surge,63,21,10,50,63,50,63,63,20,0.25,3,-0.04505524096875313,-0.0228646012845789,-0.0991009810305662,-0.3477636611169498,0.37680370343265723,0.39099862331886404,-0.43605386428761717
breakout_liquidity,42,21,10,50,63,50,63,63,20,0.25,3,-0.04509336708823364,-0.022884174504105403,-0.05700337215546902,-0.3828486817144092,0.37680370343265723,0.39099862331886404,-0.4360919904070977
volume_surge,63,21,10,50,63,50,63,63,20,0.25,10,-0.04528223369443396,-0.02298114074532953,-0.05167555416208436,-0.6459593338061649,0.37680370343265723,0.39099862331886404,-0.436280857013298
volume_surge,126,21,20,100,63,50,63,63,20,0.25,5,-0.04532585733394967,-0.023003538971606785,-0.09772206873090516,-0.42994539393535114,0.37680370343265723,0.39099862331886404,-0.4363244806528137
volume_surge,63,21,5,20,63,50,63,63,20,0.25,8,-0.045707923878763324,-0.023199729933297553,-0.053587715354187604,-0.7466319001162314,0.37680370343265723,0.39099862331886404,-0.43670654719762736
volume_surge,63,21,5,20,63,50,63,63,20,0.25,10,-0.045707923878763324,-0.023199729933297553,-0.053587715354187604,-0.7466319001162314,0.37680370343265723,0.39099862331886404,-0.43670654719762736
breakout_volume,63,21,5,20,63,50,63,63,20,0.25,3,-0.046779719031719735,-0.023750305154711993,-0.05261779699571334,-0.6513955199516123,0.37680370343265723,0.39099862331886404,-0.43777834235058377
volume_surge,189,21,10,50,63,50,63,63,20,0.25,3,-0.04683132715554228,-0.02377682374365986,-0.09955484134795622,-0.41669619575573136,0.37680370343265723,0.39099862331886404,-0.4378299504744063
liquidity_momentum,42,21,10,50,63,50,63,63,20,0.25,3,-0.047718928822398476,-0.024233025655627127,-0.08061715804185843,-0.3567658261347596,0.37680370343265723,0.39099862331886404,-0.4387175521412625
volume_surge,42,21,5,20,63,50,63,63,20,0.25,5,-0.04847488016042567,-0.02462173015464486,-0.06211583910724694,-0.765778820784385,0.37680370343265723,0.39099862331886404,-0.4394735034792897
risk_adjusted_momentum,21,21,5,20,63,50,63,63,20,0.25,3,-0.04874438788753188,-0.02476034620955081,-0.09818373474817366,-0.40117898751863496,0.37680370343265723,0.39099862331886404,-0.4397430112063959
volume_trend_confirmation,189,21,10,50,63,50,63,63,20,0.25,3,-0.04932702969898861,-0.025060083584877102,-0.10554635636505905,-0.39881761592339454,0.37680370343265723,0.39099862331886404,-0.44032565301785265
volume_reversal,42,21,10,50,63,50,63,63,20,0.25,3,-0.05147648361482027,-0.026166652679959213,-0.08097611877616673,-0.6502687325071529,0.37680370343265723,0.39099862331886404,-0.4424751069336843
volume_surge,63,21,20,100,63,50,63,63,20,0.25,5,-0.05398351018372205,-0.02745888496952087,-0.09607574715999057,-0.5442647718954258,0.37680370343265723,0.39099862331886404,-0.4449821335025861
volume_reversal,189,21,10,50,63,50,63,63,20,0.25,3,-0.054325425304066366,-0.02763525529972266,-0.06431907079435628,-1.1255607459764845,0.37680370343265723,0.39099862331886404,-0.4453240486229304
volume_surge,189,21,20,100,63,50,63,63,20,0.25,10,-0.05492298558755637,-0.027943571573224912,-0.08778501133534122,-0.7264506446148008,0.37680370343265723,0.39099862331886404,-0.4459216089064204
volume_reversal,189,21,5,20,63,50,63,63,20,0.25,3,-0.055132896814998555,-0.02805190009676517,-0.06221032992401265,-1.3175320988083474,0.37680370343265723,0.39099862331886404,-0.4461315201338626
volume_surge,126,21,5,20,63,50,63,63,20,0.25,10,-0.05550189395076732,-0.028242356881512443,-0.06119590045988077,-1.0053904621904548,0.37680370343265723,0.39099862331886404,-0.44650051726963136
volume_surge,126,21,5,20,63,50,63,63,20,0.25,8,-0.05550189395076732,-0.028242356881512443,-0.06119590045988077,-1.0053904621904548,0.37680370343265723,0.39099862331886404,-0.44650051726963136
volume_surge,126,21,5,20,63,50,63,63,20,0.25,3,-0.05688252329090138,-0.02895529373947714,-0.06349451539122297,-1.0975709020750486,0.37680370343265723,0.39099862331886404,-0.4478811466097654
volume_surge,21,21,5,20,63,50,63,63,20,0.25,5,-0.05708258700347868,-0.029058646850962044,-0.06400559118968707,-0.9604100253117216,0.37680370343265723,0.39099862331886404,-0.4480812103223427
volume_surge,126,21,10,50,63,50,63,63,20,0.25,10,-0.05868588471414593,-0.029887307007433694,-0.06354598584889204,-0.8593226341545009,0.37680370343265723,0.39099862331886404,-0.44968450803300997
volume_trend_confirmation,126,21,20,100,63,50,63,63,20,0.25,3,-0.059000604190470596,-0.03005005148537343,-0.10281623041721766,-0.45987272927458595,0.37680370343265723,0.39099862331886404,-0.44999922750933463
volume_surge,21,21,5,20,63,50,63,63,20,0.25,8,-0.05954455703089945,-0.030331398709041002,-0.06644948516021121,-1.0011789429522044,0.37680370343265723,0.39099862331886404,-0.4505431803497635
volume_surge,21,21,5,20,63,50,63,63,20,0.25,10,-0.05954455703089945,-0.030331398709041002,-0.06644948516021121,-1.0011789429522044,0.37680370343265723,0.39099862331886404,-0.4505431803497635
volume_surge,21,21,5,20,63,50,63,63,20,0.25,3,-0.06031302363076174,-0.030729008793408785,-0.06721230959309854,-1.1015662460349416,0.37680370343265723,0.39099862331886404,-0.4513116469496258
volume_surge,126,21,5,20,63,50,63,63,20,0.25,5,-0.060451351447557644,-0.03080059779473232,-0.06611551962981488,-1.0841056813527583,0.37680370343265723,0.39099862331886404,-0.4514499747664217
volume_surge,21,21,20,100,63,50,63,63,20,0.25,3,-0.06058288511248833,-0.03086867547993044,-0.12872290079948856,-0.4726252297124309,0.37680370343265723,0.39099862331886404,-0.45158150843135236
breakout_volume,21,21,20,100,126,50,63,63,20,0.25,3,-0.0611289117011119,-0.031151332452887592,-0.10779479585177354,-0.4670149446500889,0.37680370343265723,0.39099862331886404,-0.45212753501997593
volume_surge,126,21,20,100,63,50,63,63,20,0.25,3,-0.06258288167681392,-0.031904396520132994,-0.12967994642618175,-0.4503504533531626,0.37680370343265723,0.39099862331886404,-0.45358150499567795
volume_surge,189,21,20,100,63,50,63,63,20,0.25,8,-0.06365665950933441,-0.03246091890876668,-0.09621499972365122,-0.8219621332284446,0.37680370343265723,0.39099862331886404,-0.45465528282819845
breakout_liquidity,21,21,10,50,126,50,63,63,20,0.25,3,-0.06490570870942614,-0.033108681985836164,-0.06993332221781279,-0.5927107203735658,0.37680370343265723,0.39099862331886404,-0.45590433202829017
breakout_liquidity,21,21,10,50,63,50,63,63,20,0.25,3,-0.06691322373046182,-0.03415069317547892,-0.07976680509412726,-0.5948665685498582,0.37680370343265723,0.39099862331886404,-0.45791184704932586
volume_surge,126,21,10,50,63,50,63,63,20,0.25,5,-0.06741670822105283,-0.03441220460578309,-0.08171372054929782,-0.7856571262300404,0.37680370343265723,0.39099862331886404,-0.45841533153991687
volume_surge,21,21,20,100,63,50,63,63,20,0.25,5,-0.06751429276820409,-0.034462898465224545,-0.10992330937825256,-0.7084879861237788,0.37680370343265723,0.39099862331886404,-0.4585129160870681
volume_surge,126,21,10,50,63,50,63,63,20,0.25,8,-0.06794747676791113,-0.03468796364415083,-0.07275975935482171,-1.0380957260830381,0.37680370343265723,0.39099862331886404,-0.45894610008677517
volume_surge,189,21,20,100,63,50,63,63,20,0.25,5,-0.07044018733439894,-0.035984091071763924,-0.11631493512874191,-0.7438952360502222,0.37680370343265723,0.39099862331886404,-0.461438810653263
volume_surge,189,21,20,100,63,50,63,63,20,0.25,3,-0.07273514415704607,-0.037178925165117116,-0.14316366292352578,-0.5455301755430432,0.37680370343265723,0.39099862331886404,-0.4637337674759101
volume_surge,63,21,20,100,63,50,63,63,20,0.25,3,-0.07295510748447553,-0.03729352304505851,-0.12558664799069819,-0.5509512249106506,0.37680370343265723,0.39099862331886404,-0.46395373080333957
volume_surge,189,21,10,50,63,50,63,63,20,0.25,5,-0.07424339927589296,-0.03796497764816675,-0.10822419998112454,-0.8550178500321048,0.37680370343265723,0.39099862331886404,-0.465242022594757
volume_trend_confirmation,126,21,10,50,63,50,63,63,20,0.25,3,-0.07548949928550841,-0.038614885113189557,-0.11335053033971176,-0.6169329081078818,0.37680370343265723,0.39099862331886404,-0.46648812260437245
volume_surge,126,21,10,50,63,50,63,63,20,0.25,3,-0.08375865121187975,-0.0429387927579864,-0.1295685446383995,-0.6649278780182865,0.37680370343265723,0.39099862331886404,-0.4747572745307438
