date,strategy,equal_weight_benchmark,strategy_daily_return,benchmark_daily_return
2000-01-03,1.0,1.0,0.0,0.0
2000-01-04,1.0,0.9675002863217694,0.0,-0.03249971367823057
2000-01-05,1.0,0.9398628448587671,0.0,-0.028565822515747193
2000-01-06,1.0,0.9406242422414836,0.0,0.0008101154193737026
2000-01-07,1.0,0.9601368364695689,0.0,0.02074430293396159
2000-01-10,1.0,0.981587156570534,0.0,0.022340899011684758
2000-01-11,1.0,0.9640002924684111,0.0,-0.01791676264751439
2000-01-12,1.0,0.9622024815628527,0.0,-0.0018649485063484564
2000-01-13,1.0,0.9707726794292963,0.0,0.008906854877908401
2000-01-14,1.0,0.9733839503498919,0.0,0.0026898891737771524
2000-01-17,1.0,0.9721842636908496,0.0,-0.0012324906925072884
2000-01-18,1.0,0.9797717340881383,0.0,0.0078045599796927444
2000-01-19,1.0,0.983968768506982,0.0,0.00428368595747451
2000-01-20,1.0,0.9965319910318191,0.0,0.012767907810630832
2000-01-21,1.0,0.9976894302230108,0.0,0.0011614671697527152
2000-01-24,1.0,1.0130582332444051,0.0,0.015404395953116204
2000-01-25,1.0,0.9933641958633098,0.0,-0.019440182937977318
2000-01-26,1.0,0.9966493002098,0.0,0.003307049277767728
2000-01-27,1.0,0.9980658583508304,0.0,0.0014213205595311235
2000-01-28,1.0,0.9916707125190661,0.0,-0.006407538919657373
2000-01-31,1.0,0.9604601710600386,0.0,-0.03147268651278989
2000-02-01,1.0,0.9603115699070051,0.0,-0.00015471870412848382
2000-02-02,1.0,0.9783843128649958,0.0,0.018819665954603684
2000-02-03,1.0,0.9961097748900858,0.0,0.018117075051198177
2000-02-04,1.0,0.9971383735889218,0.0,0.001032615806776438
2000-02-07,1.0,1.0023738650710978,0.0,0.005250516498860991
2000-02-08,1.0,1.0158213107061858,0.0,0.013415598813656329
2000-02-09,1.0,1.008912024913306,0.0,-0.006801674389048432
2000-02-10,1.0,1.0320676530532822,0.0,0.022951087476597482
2000-02-11,1.0,1.0651197518232123,0.0,0.03202512807387035
2000-02-14,1.0,1.0756126738280922,0.0,0.009851401203403356
2000-02-15,1.0,1.072072058201498,0.0,-0.003291719884624781
2000-02-16,1.0,1.064815134780708,0.0,-0.006769063110332414
2000-02-17,1.0,1.0538877137965712,0.0,-0.010262270536178262
2000-02-18,1.0,1.0665674867738089,0.0,0.012031426888505503
2000-02-21,1.0,1.0489879737312577,0.0,-0.016482326023012656
2000-02-22,1.0,1.0626821349233402,0.0,0.013054640791897902
2000-02-23,1.0,1.078046746343111,0.0,0.014458332284732691
2000-02-24,1.0,1.0704099289366056,0.0,-0.007083939015084901
2000-02-25,1.0,1.0644299703963263,0.0,-0.005586606008242147
2000-02-28,1.0,1.0541867337762623,0.0,-0.009623213273720621
2000-02-29,1.0,1.0710908374438668,0.0,0.016035208114459465
2000-03-01,1.0,1.0849116743129101,0.0,0.012903515169662347
2000-03-02,1.0,1.0715693823963937,0.0,-0.012298044377636779
2000-03-03,1.0,1.0941950556536946,0.0,0.021114520094538698
2000-03-06,1.0,1.0906041541978875,0.0,-0.003281774522058808
2000-03-07,1.0,1.0973235964320305,0.0,0.006161210929078945
2000-03-08,1.0,1.1082069540526274,0.0,0.009918093127664809
2000-03-09,1.0,1.1153282204828752,0.0,0.00642593552062265
2000-03-10,1.0,1.1128142879130265,0.0,-0.0022539845434560923
2000-03-13,1.0,1.1040094116400994,0.0,-0.00791226026531326
2000-03-14,1.0,1.0936759443270043,0.0,-0.009359944946251728
2000-03-15,1.0,1.102011065998788,0.0,0.007621198687800336
2000-03-16,1.0,1.0982766271558275,0.0,-0.003388748950153207
2000-03-17,1.0,1.0886366136415067,0.0,-0.008777400225010208
2000-03-20,1.0,1.1086713791119855,0.0,0.018403538168225358
2000-03-21,1.0,1.1204595217647868,0.0,0.010632675177601525
2000-03-22,1.0,1.1233260098245785,0.0,0.002558314695096407
2000-03-23,1.0,1.109740655808846,0.0,-0.012093865802906207
2000-03-24,1.0,1.1246307788666912,0.0,0.013417660225300452
2000-03-27,1.0,1.112389932579183,0.0,-0.010884324453438383
2000-03-28,1.0,1.111328332730028,0.0,-0.0009543414751099052
2000-03-29,1.0,1.1127656249428224,0.0,0.0012933101500827795
2000-03-30,1.0,1.0966117502742583,0.0,-0.01451687067471579
2000-03-31,1.0,1.126565359734195,0.0,0.027314689499219218
2000-04-03,1.0,1.131805190324609,0.0,0.004651155430209727
2000-04-04,1.0,1.12206035628772,0.0,-0.008609992355746245
2000-04-05,1.0,1.068164803635433,0.0,-0.04803266807375477
2000-04-06,1.0,1.0990717111501973,0.0,0.028934587068937978
2000-04-07,1.0,1.10262637634714,0.0,0.0032342431898485435
2000-04-10,1.0,1.1155790311539706,0.0,0.011747093199186098
2000-04-11,1.0,1.104406151040603,0.0,-0.010015319221095822
2000-04-12,1.0,1.0976800127250623,0.0,-0.006090276035861574
2000-04-13,1.0,1.1165922108319533,0.0,0.0172292452150424
2000-04-14,1.0,1.0960791680351487,0.0,-0.018371114000088444
2000-04-17,1.0,1.0771787765924516,0.0,-0.0172436371330533
2000-04-18,1.0,1.0888245701343704,0.0,0.010811384140670828
2000-04-19,1.0,1.1081811019898806,0.0,0.017777456889241008
2000-04-20,1.0,1.1081811019898806,0.0,0.0
2000-04-21,1.0,1.1081811019898806,0.0,0.0
2000-04-24,1.0,1.1081811019898806,0.0,0.0
2000-04-25,1.0,1.1191226134100387,0.0,0.009873396505779794
2000-04-26,1.0,1.1415251497476584,0.0,0.020017946263598128
2000-04-27,1.0,1.131980026371103,0.0,-0.00836172849863651
2000-04-28,1.0,1.159980711222271,0.0,0.02473602378032443
2000-05-01,1.0,1.159980711222271,0.0,0.0
2000-05-02,1.0,1.1698532251796936,0.0,0.008510929416248512
2000-05-03,1.0,1.1858042172540277,0.0,0.013635037055083525
2000-05-04,1.0,1.1907321068037673,0.0,0.004155736232032581
2000-05-05,1.0,1.1880316420322838,0.0,-0.0022679028776104566
2000-05-08,1.0,1.1883090616840686,0.0,0.00023351200588396712
2000-05-09,1.0,1.1883090616840686,0.0,0.0
2000-05-10,1.0,1.175709052068787,0.0,-0.010603310217482438
2000-05-11,1.0,1.1828130491856297,0.0,0.006042308770475425
2000-05-12,1.0,1.2034572087398703,0.0,0.017453442510170218
2000-05-15,1.0,1.2052108417334102,0.0,0.0014571627315076283
2000-05-16,1.0,1.2086104734198877,0.0,0.0028207775509121774
2000-05-17,1.0,1.2086104734198877,0.0,0.0
2000-05-18,1.0,1.230577790615967,0.0,0.018175679988872064
2000-05-19,1.0,1.2270985374016634,0.0,-0.0028273330144874065
2000-05-22,1.0,1.2234686561669255,0.0,-0.0029581008566956224
2000-05-23,1.0,1.2196646601039842,0.0,-0.0031091896337246245
2000-05-24,1.0,1.2032061222116153,0.0,-0.013494313995263105
2000-05-25,1.0,1.2189900576550363,0.0,0.013118230660602494
2000-05-26,1.0,1.2107585151015097,0.0,-0.006752756104805048
2000-05-29,1.0,1.2114952325542183,0.0,0.0006084759623985073
2000-05-30,1.0,1.2232269724091058,0.0,0.009683686356861065
2000-05-31,1.0,1.218321819403591,0.0,-0.004010010501856723
2000-06-01,1.0,1.218321819403591,0.0,0.0
2000-06-02,1.0,1.2237178740598853,0.0,0.004429088086869989
2000-06-05,1.0,1.2200022654056908,0.0,-0.003036327843988551
2000-06-06,1.0,1.211295729876744,0.0,-0.007136491280245104
2000-06-07,1.0,1.2197165360491795,0.0,0.006951899494677719
2000-06-08,1.0,1.227481463678138,0.0,0.0063661739424392605
2000-06-09,1.0,1.2333323181871758,0.0,0.0047665522308629115
2000-06-12,1.0,1.2333323181871758,0.0,0.0
2000-06-13,1.0,1.2384044040328404,0.0,0.004112505421993461
2000-06-14,1.0,1.247608347908168,0.0,0.007432098792087076
2000-06-15,1.0,1.2439502092262373,0.0,-0.0029321210362725425
2000-06-16,1.0,1.2505240497989945,0.0,0.005284649276152417
2000-06-19,1.0,1.2505240497989945,0.0,0.0
2000-06-20,1.0,1.2685677675974245,0.0,0.014428925058522788
2000-06-21,1.0,1.2593517209301974,0.0,-0.007264922617954821
2000-06-22,1.0,1.2652543323793322,0.0,0.004687023768685366
2000-06-23,1.0,1.2761754396451686,0.0,0.008631550974655884
2000-06-26,1.0,1.279089751378031,0.0,0.0022836293838038708
2000-06-27,1.0,1.2854560509710833,0.0,0.004977211009777335
2000-06-28,1.0,1.2868638194687376,0.0,0.0010951510139852658
2000-06-29,1.0,1.2722414302651754,0.0,-0.011362810098739715
2000-06-30,0.999,1.3030022454347951,-0.001,0.02417844163682695
2000-07-03,1.0091291856292202,1.3253561240114504,0.010139324954174446,0.017155671569235205
2000-07-04,1.0091291856292202,1.3107497491905578,0.0,-0.011020717040702732
2000-07-05,1.0091291856292202,1.3022920889058767,0.0,-0.0064525362601855485
2000-07-06,1.0091291856292202,1.3020009011464833,0.0,-0.00022359635129008484
2000-07-07,1.0091291856292202,1.3020009011464833,0.0,0.0
2000-07-10,1.0091291856292202,1.320876799724651,0.0,0.014497607921427997
2000-07-11,1.0091291856292202,1.308701036502298,0.0,-0.009217940102279911
2000-07-12,1.0091291856292202,1.33029800556079,0.0,0.016502599490723444
2000-07-13,1.0091291856292202,1.348174230109627,0.0,0.01343775941489232
2000-07-14,1.0091291856292202,1.3465671614744898,0.0,-0.0011920333434993055
2000-07-17,1.0091291856292202,1.3712066945735795,0.0,0.018298035036075973
2000-07-18,1.0091291856292202,1.3631730798257136,0.0,-0.0058587919528529375
2000-07-19,1.0091291856292202,1.3507878501422204,0.0,-0.009085588519013794
2000-07-20,1.0091291856292202,1.3582516155559963,0.0,0.005525490485415697
2000-07-21,1.0091291856292202,1.3657546254839759,0.0,0.005524020617423108
2000-07-24,1.0091291856292202,1.3657546254839759,0.0,0.0
2000-07-25,1.0091291856292202,1.3625626423950734,0.0,-0.0023371570773713024
2000-07-26,1.0091291856292202,1.3680388937174104,0.0,0.004019082243962675
2000-07-27,1.0091291856292202,1.3680388937174104,0.0,0.0
2000-07-28,1.0091291856292202,1.3735874149196867,0.0,0.004055821239993406
2000-07-31,1.0091291856292202,1.3763604361396689,0.0,0.002018816705702277
2000-08-01,0.9951774188884976,1.3712012760849683,-0.013825550721757394,-0.0037484076984736292
2000-08-02,0.9951774188884976,1.3747427196101902,0.0,0.0025827306224025515
2000-08-03,0.9951774188884976,1.3771944118247028,0.0,0.0017833825773651796
2000-08-04,0.9951774188884976,1.3944466174063983,0.0,0.01252706621052677
2000-08-07,0.9951774188884976,1.399685230957379,0.0,0.003756768803903354
2000-08-08,0.9951774188884976,1.4044347681022173,0.0,0.0033932894623668725
2000-08-09,0.9951774188884976,1.411962171878679,0.0,0.005359738983558111
2000-08-10,0.9951774188884976,1.4065338613262217,0.0,-0.0038445155688800947
2000-08-11,0.9951774188884976,1.4207084203325029,0.0,0.010077652160408013
2000-08-14,0.9951774188884976,1.458418882552392,0.0,0.026543421352471026
2000-08-15,0.9951774188884976,1.450614563884675,0.0,-0.005351218885796863
2000-08-16,0.9951774188884976,1.47147632272242,0.0,0.014381324548319696
2000-08-17,0.9951774188884976,1.4818149965447367,0.0,0.007026055168314822
2000-08-18,0.9951774188884976,1.4866810759239302,0.0,0.0032838643086621926
2000-08-21,0.9951774188884976,1.4943948777032487,0.0,0.0051886056157166415
2000-08-22,0.9951774188884976,1.4762991921568078,0.0,-0.012109038793181894
2000-08-23,0.9951774188884976,1.4856741431942662,0.0,0.006350305606929277
2000-08-24,0.9951774188884976,1.4806313014681702,0.0,-0.0033943121034963886
2000-08-25,0.9951774188884976,1.494213439932366,0.0,0.009173207705880537
2000-08-28,0.9951774188884976,1.4808029514624512,0.0,-0.008974948365155833
2000-08-29,0.9951774188884976,1.4811569480190045,0.0,0.0002390571657112412
2000-08-30,0.9951774188884976,1.4700839685753204,0.0,-0.007475898795528656
2000-08-31,0.9947793479209422,1.4795705569779358,-0.0004,0.006453092888162759
2000-09-01,1.0016311318832651,1.4806904467615538,0.006887742469365609,0.0007569019120691903
2000-09-04,1.0016311318832651,1.4747975835155556,0.0,-0.00397980770314728
2000-09-05,1.0016311318832651,1.4665283208514965,0.0,-0.00560704923610404
2000-09-06,1.0016311318832651,1.464844996518252,0.0,-0.001147829407254378
2000-09-07,1.0016311318832651,1.4769859982995477,0.0,0.008288250163091235
2000-09-08,1.0016311318832651,1.4810378248536147,0.0,0.0027433073561508353
2000-09-11,1.0016311318832651,1.473283929603944,0.0,-0.005235447143584736
2000-09-12,1.0016311318832651,1.527458179401406,0.0,0.03677108580966142
2000-09-13,1.0016311318832651,1.5212014388009838,0.0,-0.004096178006571828
2000-09-14,1.0016311318832651,1.5257059809162117,0.0,0.0029611739775755597
2000-09-15,1.0016311318832651,1.5254713354337703,0.0,-0.00015379469267102447
2000-09-18,1.0016311318832651,1.5217087859122775,0.0,-0.0024664832659231284
2000-09-19,1.0016311318832651,1.5044881362440015,0.0,-0.011316652586685374
2000-09-20,1.0016311318832651,1.4920540360442336,0.0,-0.008264671485419674
2000-09-21,1.0016311318832651,1.4759461820800897,0.0,-0.010795757777546258
2000-09-22,1.0016311318832651,1.446396095625442,0.0,-0.02002111378681967
2000-09-25,1.0016311318832651,1.4446535670395764,0.0,-0.001204738170364174
2000-09-26,1.0016311318832651,1.4608683792441297,0.0,0.011224014237393316
2000-09-27,1.0016311318832651,1.4782285907554975,0.0,0.011883487765236107
2000-09-28,1.0016311318832651,1.4753027743833764,0.0,-0.001979271941037023
2000-09-29,1.0012304794305118,1.4727223291387523,-0.0004,-0.0017490953649854726
2000-10-02,1.005938690792884,1.4893713130395936,0.004702425124982335,0.011304903559503707
2000-10-03,1.005938690792884,1.5113131715969186,0.0,0.014732295677526399
2000-10-04,1.005938690792884,1.493011468554371,0.0,-0.012109801850803206
2000-10-05,1.005938690792884,1.4838727325113423,0.0,-0.006121008602751935
2000-10-06,1.005938690792884,1.489684586055578,0.0,0.003916679252134768
2000-10-09,1.005938690792884,1.466030439654006,0.0,-0.015878627343660762
2000-10-10,1.005938690792884,1.4625232752119153,0.0,-0.0023922862358290837
2000-10-11,1.005938690792884,1.442291984787349,0.0,-0.013833140824124615
2000-10-12,1.005938690792884,1.4598952758969252,0.0,0.012205081422657789
2000-10-13,1.005938690792884,1.4610154962093347,0.0,0.0007673292262153868
2000-10-16,1.005938690792884,1.4501652721336682,0.0,-0.00742649486183951
2000-10-17,1.005938690792884,1.4392697404781896,0.0,-0.00751330339020434
2000-10-18,1.005938690792884,1.3969113266093065,0.0,-0.02943049011425033
2000-10-19,1.005938690792884,1.4307905967527819,0.0,0.02425298549601571
2000-10-20,1.005938690792884,1.4532012350265964,0.0,0.015663115430501046
2000-10-23,1.005938690792884,1.4410397705275153,0.0,-0.008368740822642209
2000-10-24,1.005938690792884,1.4835544013315742,0.0,0.02950274633190452
2000-10-25,1.005938690792884,1.459955452427001,0.0,-0.015907033057494784
2000-10-26,1.005938690792884,1.444640726195274,0.0,-0.010489858581827391
2000-10-27,1.005938690792884,1.4558555252398047,0.0,0.007763036747598128
2000-10-30,1.005938690792884,1.4401987029911112,0.0,-0.010754379110602048
2000-10-31,1.005938690792884,1.4401987029911112,0.0,0.0
2000-11-01,1.0113830548034948,1.4594848629010013,0.005412222494712316,0.01339131876027617
2000-11-02,1.0113830548034948,1.4767499401617845,0.0,0.011829569253952819
2000-11-03,1.0113830548034948,1.4901993931105808,0.0,0.009107468084490302
2000-11-06,1.0113830548034948,1.506396181770499,0.0,0.010868873477467884
2000-11-07,1.0113830548034948,1.5102087679930851,0.0,0.0025309319478659825
2000-11-08,1.0113830548034948,1.5053606167488138,0.0,-0.0032102523485638135
2000-11-09,1.0113830548034948,1.4960465545587294,0.0,-0.006187263095935409
2000-11-10,1.0113830548034948,1.4820591119316842,0.0,-0.009349603850510526
2000-11-13,1.0113830548034948,1.4638556327294276,0.0,-0.01228255948477688
2000-11-14,1.0113830548034948,1.4625250563659835,0.0,-0.000908953269499175
2000-11-15,1.0113830548034948,1.479809669459531,0.0,0.01181833638904999
2000-11-16,1.0113830548034948,1.4676285217969585,0.0,-0.008231563770644585
2000-11-17,1.0113830548034948,1.473095427648737,0.0,0.0037249929192468834
2000-11-20,1.0113830548034948,1.486906892009903,0.0,0.009375811031611852
2000-11-21,1.0113830548034948,1.4584690420654662,0.0,-0.019125508192376565
2000-11-22,1.0113830548034948,1.4167070117294598,0.0,-0.028634156181240267
2000-11-23,1.0113830548034948,1.4317734491250278,0.0,0.01063482941132298
2000-11-24,1.0113830548034948,1.4459001268596685,0.0,0.009866559366129925
2000-11-27,1.0113830548034948,1.452597345040774,0.0,0.004631867759532663
2000-11-28,1.0113830548034948,1.4283576483942564,0.0,-0.016687140954286455
2000-11-29,1.0113830548034948,1.4230194447886813,0.0,-0.003737301796630716
2000-11-30,1.0113830548034948,1.3860010650732923,0.0,-0.02601396618363581
2000-12-01,1.0337575160176589,1.3792925738635518,0.02212263801326131,-0.004840177528569134
2000-12-04,1.0337575160176589,1.356301003280327,0.0,-0.016669103436715238
2000-12-05,1.0337575160176589,1.3683926248523093,0.0,0.008915146079474792
2000-12-06,1.0337575160176589,1.384729987568273,0.0,0.011939090009146369
2000-12-07,1.0337575160176589,1.3616752882259757,0.0,-0.016649238154207838
2000-12-08,1.0337575160176589,1.3599523068341595,0.0,-0.0012653393997192305
2000-12-11,1.0337575160176589,1.3699468158116317,0.0,0.007349161384003611
2000-12-12,1.0337575160176589,1.371939680876596,0.0,0.0014547025052089602
2000-12-13,1.0337575160176589,1.4126833733281785,0.0,0.02969787449077169
2000-12-14,1.0337575160176589,1.382138846670333,0.0,-0.0216216366912317
2000-12-15,1.0337575160176589,1.3562110959421303,0.0,-0.018759150566286728
2000-12-18,1.0337575160176589,1.36268940511085,0.0,0.0047767705102128655
2000-12-19,1.0337575160176589,1.3485749740879842,0.0,-0.01035777556494449
2000-12-20,1.0337575160176589,1.3245670904222944,0.0,-0.017802409303884638
2000-12-21,1.0337575160176589,1.3168027646587217,0.0,-0.005861783687451634
2000-12-22,1.0337575160176589,1.369073033269469,0.0,0.039694835106375406
2000-12-25,1.0337575160176589,1.369073033269469,0.0,0.0
2000-12-26,1.0337575160176589,1.369073033269469,0.0,0.0
2000-12-27,1.0337575160176589,1.3858753284445497,0.0,0.012272752999126247
2000-12-28,1.0337575160176589,1.385471143188071,0.0,-0.00029164618792394404
2000-12-29,1.033344013011252,1.3753416318322251,-0.0004,-0.007311239505528122
2001-01-01,1.033344013011252,1.3753416318322251,0.0,0.0
2001-01-02,1.033344013011252,1.3833505932528667,0.0,0.005823252372555543
2001-01-03,1.033344013011252,1.343156867279327,0.0,-0.02905534299806572
2001-01-04,1.033344013011252,1.3751641860031778,0.0,0.023829918532661063
2001-01-05,1.033344013011252,1.3791066245356642,0.0,0.002866885694532876
2001-01-08,1.033344013011252,1.388364861845215,0.0,0.00671321357234993
2001-01-09,1.033344013011252,1.3941687928993485,0.0,0.004180407624563235
2001-01-10,1.033344013011252,1.396667543926185,0.0,0.001792287303777725
2001-01-11,1.033344013011252,1.3887319509459932,0.0,-0.005681805247570974
2001-01-12,1.033344013011252,1.4040711088653692,0.0,0.011045441785167554
2001-01-15,1.033344013011252,1.390513414282727,0.0,-0.009655988572828308
2001-01-16,1.033344013011252,1.3952273785502887,0.0,0.003390089026932075
2001-01-17,1.033344013011252,1.3975834177773505,0.0,0.001688641767845652
2001-01-18,1.033344013011252,1.38764065962622,0.0,-0.0071142502298309354
2001-01-19,1.033344013011252,1.389317399610779,0.0,0.0012083387532120238
2001-01-22,1.033344013011252,1.386918153168249,0.0,-0.0017269246345019103
2001-01-23,1.033344013011252,1.3665558607099435,0.0,-0.014681682846093199
2001-01-24,1.033344013011252,1.3665558607099435,0.0,0.0
2001-01-25,1.033344013011252,1.3788737159757045,0.0,0.009013795644886217
2001-01-26,1.033344013011252,1.3788737159757045,0.0,0.0
2001-01-29,1.033344013011252,1.3729320142728652,0.0,-0.004309097804968331
2001-01-30,1.033344013011252,1.3738246930047757,0.0,0.0006501987881630293
2001-01-31,1.033344013011252,1.3842924925194786,0.0,0.007619457975972307
2001-02-01,1.035315091490032,1.3964824495384374,0.0019074755879566977,0.008805911384213634
2001-02-02,1.035315091490032,1.4073573061613516,0.0,0.007787320654483384
2001-02-05,1.035315091490032,1.4230681312467475,0.0,0.01116335206177895
2001-02-06,1.035315091490032,1.416806480718302,0.0,-0.004400105933761241
2001-02-07,1.035315091490032,1.4264796724776516,0.0,0.0068274615418511654
2001-02-08,1.035315091490032,1.4577065673548506,0.0,0.021890879680718383
2001-02-09,1.035315091490032,1.445864018620038,0.0,-0.008124096440274698
2001-02-12,1.035315091490032,1.4296331076714008,0.0,-0.011225752034502053
2001-02-13,1.035315091490032,1.4426118123366065,0.0,0.009078346462153213
2001-02-14,1.035315091490032,1.4207194965100693,0.0,-0.015175472458580612
2001-02-15,1.035315091490032,1.4106956293546273,0.0,-0.007055486448989575
2001-02-16,1.035315091490032,1.4074899478096021,0.0,-0.0022724119068063967
2001-02-19,1.035315091490032,1.4297754154208322,0.0,0.015833482609173624
2001-02-20,1.035315091490032,1.4368912627289165,0.0,0.004976898631307066
2001-02-21,1.035315091490032,1.442009873192754,0.0,0.0035622810136073974
2001-02-22,1.035315091490032,1.4556739706061332,0.0,0.009475730830556358
2001-02-23,1.035315091490032,1.45224404027556,0.0,-0.0023562489951955683
2001-02-26,1.035315091490032,1.4714029388054164,0.0,0.013192616391264936
2001-02-27,1.035315091490032,1.4634407777064713,0.0,-0.005411271711479149
2001-02-28,1.035315091490032,1.457480707484649,0.0,-0.004072641894783817
2001-03-01,1.017268991950593,1.4270195596081474,-0.017430538478355274,-0.02089986352482976
2001-03-02,1.017268991950593,1.4266914472047831,0.0,-0.00022992845553870822
2001-03-05,1.017268991950593,1.451395798010624,0.0,0.017315832974426418
2001-03-06,1.017268991950593,1.476106301616681,0.0,0.01702533770590128
2001-03-07,1.017268991950593,1.4635950700520552,0.0,-0.008475833719375932
2001-03-08,1.017268991950593,1.47650866260331,0.0,0.008823200361555823
2001-03-09,1.017268991950593,1.4678134692336315,0.0,-0.0058890229295014045
2001-03-12,1.017268991950593,1.4544367866198764,0.0,-0.009113339599437942
2001-03-13,1.017268991950593,1.434333908366413,0.0,-0.013821761411977662
2001-03-14,1.017268991950593,1.434333908366413,0.0,0.0
2001-03-15,1.017268991950593,1.4189715739681825,0.0,-0.010710431029080892
2001-03-16,1.017268991950593,1.4001963826114423,0.0,-0.013231548609698352
2001-03-19,1.017268991950593,1.375757441050577,0.0,-0.017453938507743703
2001-03-20,1.017268991950593,1.3958296613974972,0.0,0.014589941328314556
2001-03-21,1.017268991950593,1.3775674323298297,0.0,-0.01308342240655888
2001-03-22,1.017268991950593,1.348199368409758,0.0,-0.021318785005248427
2001-03-23,1.017268991950593,1.3534025313067173,0.0,0.003859342333839422
2001-03-26,1.017268991950593,1.3583316208960363,0.0,0.0036419982047469174
2001-03-27,1.017268991950593,1.365960310826289,0.0,0.005616220525898075
2001-03-28,1.017268991950593,1.351145905521166,0.0,-0.010845414165922114
2001-03-29,1.017268991950593,1.3512218391118154,0.0,5.619940107050396e-05
2001-03-30,1.017268991950593,1.3479481965442415,0.0,-0.002422727691942783
2001-04-02,1.0063983164569907,1.3491441169947973,-0.010686136685202663,0.0008872154387103685
2001-04-03,1.0063983164569907,1.3304714796406665,0.0,-0.013840357837918734
2001-04-04,1.0063983164569907,1.3263992496186077,0.0,-0.0030607420635267407
2001-04-05,1.0063983164569907,1.3609597781995748,0.0,0.02605590178892571
2001-04-06,1.0063983164569907,1.3508352450424996,0.0,-0.00743925964547536
2001-04-09,1.0063983164569907,1.356050338704779,0.0,0.003860643762012139
2001-04-10,1.0063983164569907,1.3852129267278104,0.0,0.021505535001662014
2001-04-11,1.0063983164569907,1.3964420036355378,0.0,0.008106390498573349
2001-04-12,1.0063983164569907,1.3219650996885233,0.0,-0.05333333124692563
2001-04-13,1.0063983164569907,1.3219650996885233,0.0,0.0
2001-04-16,1.0063983164569907,1.3219650996885233,0.0,0.0
2001-04-17,1.0063983164569907,1.6676460108260764,0.0,0.2614901945739726
2001-04-18,1.0063983164569907,1.6995598608686444,0.0,0.019137064961861537
2001-04-19,1.0063983164569907,1.7095201816334251,0.0,0.005860529537153214
2001-04-20,1.0063983164569907,1.697668240427842,0.0,-0.006932905111572718
2001-04-23,1.0063983164569907,1.693695263377649,0.0,-0.0023402552722502135
2001-04-24,1.0063983164569907,1.6998674577921271,0.0,0.0036442177928569445
2001-04-25,1.0063983164569907,1.7124824370280098,0.0,0.007421154618882982
2001-04-26,1.0063983164569907,1.7081769763172037,0.0,-0.0025141634259783813
2001-04-27,1.0063983164569907,1.730914960426255,0.0,0.013311257805425953
2001-04-30,1.005995757130408,1.7276503482119936,-0.0004,-0.0018860615852886564
2001-05-01,1.005995757130408,1.7276503482119936,0.0,0.0
2001-05-02,1.005995757130408,1.7437391185570599,0.0,0.009312515325637032
2001-05-03,1.005995757130408,1.7217233115424138,0.0,-0.012625631196978734
2001-05-04,1.005995757130408,1.7220492070827467,0.0,0.0001892845024215791
2001-05-07,1.005995757130408,1.7220492070827467,0.0,0.0
2001-05-08,1.005995757130408,1.7583490638600214,0.0,0.021079453843696562
2001-05-09,1.005995757130408,1.7676929070623282,0.0,0.005313986508341295
2001-05-10,1.005995757130408,1.783034520906135,0.0,0.008678890876641265
2001-05-11,1.005995757130408,1.7945581981354535,0.0,0.006462958004572106
2001-05-14,1.005995757130408,1.7636856653037067,0.0,-0.017203416898835214
2001-05-15,1.005995757130408,1.786224878380082,0.0,0.012779608929062929
2001-05-16,1.005995757130408,1.7663427991719576,0.0,-0.01113078171106623
2001-05-17,1.005995757130408,1.7663427991719576,0.0,0.0
2001-05-18,1.005995757130408,1.7933936760626659,0.0,0.015314624603666638
2001-05-21,1.005995757130408,1.8288684876737251,0.0,0.019780827870957474
2001-05-22,1.005995757130408,1.8290314049560323,0.0,8.908091719297406e-05
2001-05-23,1.005995757130408,1.818423006456233,0.0,-0.0058000089397340915
2001-05-24,1.005995757130408,1.818423006456233,0.0,0.0
2001-05-25,1.005995757130408,1.8379968241461941,0.0,0.010764171823863378
2001-05-28,1.005995757130408,1.8378342821098619,0.0,-8.843434014511597e-05
2001-05-29,1.005995757130408,1.8134434603849419,0.0,-0.013271502203625881
2001-05-30,1.005995757130408,1.8098753048335028,0.0,-0.0019676133441081617
2001-05-31,1.005995757130408,1.8021759876857488,0.0,-0.004254059452157851
2001-06-01,1.0233832757773007,1.8149463657585574,0.01728388864828867,0.0070860882400322215
2001-06-04,1.0233832757773007,1.8149463657585574,0.0,0.0
2001-06-05,1.0233832757773007,1.8148417308734406,0.0,-5.765177808604675e-05
2001-06-06,1.0233832757773007,1.8158756179618663,0.0,0.0005696844362995741
2001-06-07,1.0233832757773007,1.7969575792861594,0.0,-0.010418135740453634
2001-06-08,1.0233832757773007,1.7984980676609261,0.0,0.0008572758714641656
2001-06-11,1.0233832757773007,1.765993120297526,0.0,-0.018073384646820807
2001-06-12,1.0233832757773007,1.7330177746597035,0.0,-0.018672408889264032
2001-06-13,1.0233832757773007,1.7731589722241057,0.0,0.023162600032930587
2001-06-14,1.0233832757773007,1.740851737975594,0.0,-0.018220156655208552
2001-06-15,1.0233832757773007,1.740620641414384,0.0,-0.00013274913432808805
2001-06-18,1.0233832757773007,1.7296906728540846,0.0,-0.006279351341839723
2001-06-19,1.0233832757773007,1.7248275489954084,0.0,-0.0028115569650680886
2001-06-20,1.0233832757773007,1.7236352383487734,0.0,-0.0006912636844938221
2001-06-21,1.0233832757773007,1.7104072859220663,0.0,-0.00767444998361683
2001-06-22,1.0233832757773007,1.679407350406975,0.0,-0.018124300434314043
2001-06-25,1.0233832757773007,1.6879280082545822,0.0,0.005073609952667065
2001-06-26,1.0233832757773007,1.6616378897172348,0.0,-0.015575379049804957
2001-06-27,1.0233832757773007,1.652894177453571,0.0,-0.005262104528172344
2001-06-28,1.0233832757773007,1.6543928271574793,0.0,0.0009066821847101725
2001-06-29,1.0229739224669898,1.6541168178590502,-0.0004,-0.00016683419675074992
2001-07-02,1.0291707645945278,1.6686600821198305,0.006057673603833113,0.008792162744348376
2001-07-03,1.0291707645945278,1.6649535429527371,0.0,-0.0022212667557700056
2001-07-04,1.0291707645945278,1.6764580393478865,0.0,0.006909800242682196
2001-07-05,1.0291707645945278,1.6661014242016756,0.0,-0.006177676328981874
2001-07-06,1.0291707645945278,1.6617173951864672,0.0,-0.002631309805949648
2001-07-09,1.0291707645945278,1.6511349694774495,0.0,-0.006368366690793525
2001-07-10,1.0291707645945278,1.6111333876659362,0.0,-0.024226718318595745
2001-07-11,1.0291707645945278,1.609382352380718,0.0,-0.0010868344599045325
2001-07-12,1.0291707645945278,1.6332852994296334,0.0,0.014852248760871701
2001-07-13,1.0291707645945278,1.6332852994296334,0.0,0.0
2001-07-16,1.0291707645945278,1.5802857601838909,0.0,-0.032449651793382814
2001-07-17,1.0291707645945278,1.5691607684483984,0.0,-0.007039860774419693
2001-07-18,1.0291707645945278,1.576740301449647,0.0,0.0048303100317398
2001-07-19,1.0291707645945278,1.5942020481196364,0.0,0.011074586381749274
2001-07-20,1.0291707645945278,1.5823243576740194,0.0,-0.007450555254038727
2001-07-23,1.0291707645945278,1.5905001099019818,0.0,0.005166925597973093
2001-07-24,1.0291707645945278,1.5603331145832458,0.0,-0.018966987258237443
2001-07-25,1.0291707645945278,1.5411554208380573,0.0,-0.012290768917194073
2001-07-26,1.0291707645945278,1.5504987837217588,0.0,0.006062570171294427
2001-07-27,1.0291707645945278,1.5802617443887783,0.0,0.01919573299862752
2001-07-30,1.0291707645945278,1.5948779605434387,0.0,0.009249237480157758
2001-07-31,1.0279357596770144,1.5859685616272032,-0.0012000000000000001,-0.005586257467122816
2001-08-01,1.0257106572331818,1.5944090729226703,-0.0021646318098045955,0.005321991557516921
2001-08-02,1.0257106572331818,1.6127203304684115,0.0,0.011484667176520266
2001-08-03,1.0257106572331818,1.6039430415393814,0.0,-0.0054425362929979865
2001-08-06,1.0257106572331818,1.6072680259435383,0.0,0.0020730065333029717
2001-08-07,1.0257106572331818,1.6031798620078384,0.0,-0.0025435483501889066
2001-08-08,1.0257106572331818,1.609540782613551,0.0,0.003967689937014381
2001-08-09,1.0257106572331818,1.5867058960441542,0.0,-0.01418720595095316
2001-08-10,1.0257106572331818,1.5917909318400174,0.0,0.003204775257053464
2001-08-13,1.0257106572331818,1.592267480467786,0.0,0.0002993789060086701
2001-08-14,1.0257106572331818,1.5802552873843498,0.0,-0.007544079892850175
2001-08-15,1.0257106572331818,1.5774344209659394,0.0,-0.0017850700712284857
2001-08-16,1.0257106572331818,1.5794533721206596,0.0,0.0012798954605565793
2001-08-17,1.0257106572331818,1.5446268854078218,0.0,-0.022049708669827896
2001-08-20,1.0257106572331818,1.5178948472517821,0.0,-0.017306469548457826
2001-08-21,1.0257106572331818,1.5217647584069376,0.0,0.002549525194160962
2001-08-22,1.0257106572331818,1.5251700624501314,0.0,0.002237733542179406
2001-08-23,1.0257106572331818,1.526241049796323,0.0,0.0007022084766540537
2001-08-24,1.0257106572331818,1.5356286753394097,0.0,0.0061508144760877995
2001-08-27,1.0257106572331818,1.535040007511098,0.0,-0.0003833399556579723
2001-08-28,1.0257106572331818,1.5179602158239625,0.0,-0.011126610123229708
2001-08-29,1.0257106572331818,1.5023995637102865,0.0,-0.010251027630015596
2001-08-30,1.0257106572331818,1.501328207079112,0.0,-0.0007130970063175498
2001-08-31,1.0253003729702885,1.4966936805395874,-0.0004,-0.0030869509529441266
2001-09-03,1.017622455574675,1.4867837540870767,-0.007488456649411822,-0.00662121219683233
2001-09-04,1.017622455574675,1.5166927896639288,0.0,0.020116601015200773
2001-09-05,1.017622455574675,1.5185015932167483,0.0,0.0011925971858943582
2001-09-06,1.017622455574675,1.5060441196247705,0.0,-0.008203793560458646
2001-09-07,1.017622455574675,1.4973878867458037,0.0,-0.005747662213988518
2001-09-10,1.017622455574675,1.4545694082932994,0.0,-0.02859544866865428
2001-09-11,1.017622455574675,1.4732739855771815,0.0,0.012859185115015381
2001-09-12,1.017622455574675,1.3824587627200216,0.0,-0.061641774541740434
2001-09-13,1.017622455574675,1.3893359407286794,0.0,0.004974599021765247
2001-09-14,1.017622455574675,1.3951558212753816,0.0,0.004188965660565836
2001-09-17,1.017622455574675,1.3859657813188115,0.0,-0.006587106484040572
2001-09-18,1.017622455574675,1.3642474668401359,0.0,-0.01567016644379898
2001-09-19,1.017622455574675,1.337950502821572,0.0,-0.01927580197709496
2001-09-20,1.017622455574675,1.2949705673695333,0.0,-0.03212371112488773
2001-09-21,1.017622455574675,1.193180401863955,0.0,-0.07860423091494988
2001-09-24,1.017622455574675,1.258583064078571,0.0,0.05481372482521976
2001-09-25,1.017622455574675,1.269117103742813,0.0,0.008369761174209208
2001-09-26,1.017622455574675,1.2594074078925217,0.0,-0.007650748557131696
2001-09-27,1.017622455574675,1.263045766956573,0.0,0.002888945262073269
2001-09-28,1.017215406592445,1.263045766956573,-0.0004,0.0
2001-10-01,1.0033111657049656,1.2503588218962158,-0.013668924789545957,-0.010044723154353704
2001-10-02,1.0033111657049656,1.2573538409504277,0.0,0.005594409326119365
2001-10-03,1.0033111657049656,1.2299525664831699,0.0,-0.02179281088173671
2001-10-04,1.0033111657049656,1.2439317709732545,0.0,0.011365645205372104
2001-10-05,1.0033111657049656,1.223108954913651,0.0,-0.016739516222269737
2001-10-08,1.0033111657049656,1.208796245325666,0.0,-0.011701908918650143
2001-10-09,1.0033111657049656,1.1937541998944645,0.0,-0.01244382209935541
2001-10-10,1.0033111657049656,1.209440671576982,0.0,0.01314045360753849
2001-10-11,1.0033111657049656,1.237755073154286,0.0,0.023411153802513462
2001-10-12,1.0033111657049656,1.2433173583730543,0.0,0.0044938496633211145
2001-10-15,1.0033111657049656,1.2192767726019218,0.0,-0.019335840209446422
2001-10-16,1.0033111657049656,1.2192767726019218,0.0,0.0
2001-10-17,1.0033111657049656,1.2655934423832915,0.0,0.03798700247732145
2001-10-18,1.0033111657049656,1.2373949230351173,0.0,-0.022280867144090374
2001-10-19,1.0033111657049656,1.2099463935833579,0.0,-0.02218251339227492
2001-10-22,1.0033111657049656,1.2231704434389266,0.0,0.010929451028325876
2001-10-23,1.0033111657049656,1.2399095636712822,0.0,0.01368502674516389
2001-10-24,1.0033111657049656,1.2505346703019076,0.0,0.00856925935724299
2001-10-25,1.0033111657049656,1.2079539410062463,0.0,-0.03405001900937411
2001-10-26,1.0033111657049656,1.2079539410062463,0.0,0.0
2001-10-29,1.0033111657049656,1.23190388769518,0.0,0.01982687077371741
2001-10-30,1.0033111657049656,1.2161340320066845,0.0,-0.012801206202863801
2001-10-31,1.0033111657049656,1.205343739046862,0.0,-0.00887261821134783
2001-11-01,1.0006027673194133,1.2049656994229754,-0.0026994600260918707,-0.0003136363608487865
2001-11-02,1.0006027673194133,1.2092906285660052,0.0,0.0035892549846863113
2001-11-05,1.0006027673194133,1.230642932058411,0.0,0.017656883290103318
2001-11-06,1.0006027673194133,1.2339668129276091,0.0,0.002700930369492601
2001-11-07,1.0006027673194133,1.2773469467372023,0.0,0.035155024717944496
2001-11-08,1.0006027673194133,1.2905578179013646,0.0,0.010342429829192002
2001-11-09,1.0006027673194133,1.3021135389912222,0.0,0.008954051441607613
2001-11-12,1.0006027673194133,1.2688670393305161,0.0,-0.025532719432794514
2001-11-13,1.0006027673194133,1.3031377608487493,0.0,0.02700891461119134
2001-11-14,1.0006027673194133,1.3136310841624503,0.0,0.008052351507999005
2001-11-15,1.0006027673194133,1.2966696888623745,0.0,-0.012911840702132967
2001-11-16,1.0006027673194133,1.3099695619155622,0.0,0.010256947600013855
2001-11-19,1.0006027673194133,1.3169446624721444,0.0,0.005324627960349308
2001-11-20,1.0006027673194133,1.3296024916767575,0.0,0.00961151183137193
2001-11-21,1.0006027673194133,1.3162727032909778,0.0,-0.010025393656542854
2001-11-22,1.0006027673194133,1.3210086811397865,0.0,0.0035980217754024418
2001-11-23,1.0006027673194133,1.3245385258248892,0.0,0.002672082882950407
2001-11-26,1.0006027673194133,1.3328573282636813,0.0,0.006280528860881166
2001-11-27,1.0006027673194133,1.3309043674382888,0.0,-0.0014652437166224738
2001-11-28,1.0006027673194133,1.3153101447591027,0.0,-0.011717012176616174
2001-11-29,1.0006027673194133,1.3050600169775735,0.0,-0.007792936002486621
2001-11-30,1.0006027673194133,1.3387152885007845,0.0,0.02578829409022445
2001-12-03,1.0037801877802608,1.321105679882522,0.0031755063693853953,-0.01315411033961021
2001-12-04,1.0037801877802608,1.3416483904841237,0.0,0.01554963460866224
2001-12-05,1.0037801877802608,1.3474245867513932,0.0,0.0043052981006337365
2001-12-06,1.0037801877802608,1.3662579744040582,0.0,0.013977322247081607
2001-12-07,1.0037801877802608,1.364599612822136,0.0,-0.0012137982818693901
2001-12-10,1.0037801877802608,1.3621994532156299,0.0,-0.0017588746061142728
2001-12-11,1.0037801877802608,1.3721523487717495,0.0,0.007306489172804053
2001-12-12,1.0037801877802608,1.371806920317462,0.0,-0.0002517420566285233
2001-12-13,1.0037801877802608,1.3504235484119365,0.0,-0.01558774167765331
2001-12-14,1.0037801877802608,1.3573161962851772,0.0,0.0051040637445537
2001-12-17,1.0037801877802608,1.330980215195503,0.0,-0.019402981532050497
2001-12-18,1.0037801877802608,1.3269556984568942,0.0,-0.003023723938689512
2001-12-19,1.0037801877802608,1.344536838253597,0.0,0.013249228905793815
2001-12-20,1.0037801877802608,1.3668589451144546,0.0,0.01660207903998502
2001-12-21,1.0037801877802608,1.3723250681336794,0.0,0.00399903957812359
2001-12-24,1.0037801877802608,1.3723250681336794,0.0,0.0
2001-12-25,1.0037801877802608,1.3723250681336794,0.0,0.0
2001-12-26,1.0037801877802608,1.3723250681336794,0.0,0.0
2001-12-27,1.0037801877802608,1.4164116505167341,0.0,0.03212546604793213
2001-12-28,1.0037801877802608,1.438981395630347,0.0,0.0159344531693021
2001-12-31,1.0033786757051488,1.438981395630347,-0.0004,0.0
2002-01-01,1.0033786757051488,1.438981395630347,0.0,0.0
2002-01-02,1.0033786757051488,1.4609240524199787,0.0,0.015248742517633395
2002-01-03,1.0033786757051488,1.464062192291298,0.0,0.0021480513419716387
2002-01-04,1.0033786757051488,1.4645525861970792,0.0,0.0003349542856602161
2002-01-07,1.0033786757051488,1.4620575261078224,0.0,-0.0017036329816844998
2002-01-08,1.0033786757051488,1.4566231323153525,0.0,-0.003716949364459669
2002-01-09,1.0033786757051488,1.485326586023614,0.0,0.01970547705269284
2002-01-10,1.0033786757051488,1.4672882438729555,0.0,-0.012144360923983211
2002-01-11,1.0033786757051488,1.4747870015876539,0.0,0.005110623455214861
2002-01-14,1.0033786757051488,1.4550880576885852,0.0,-0.013357145050683453
2002-01-15,1.0033786757051488,1.4124011395386622,0.0,-0.02933631261996015
2002-01-16,1.0033786757051488,1.3953696054659492,0.0,-0.01205856721290682
2002-01-17,1.0033786757051488,1.4173845964197422,0.0,0.015777175357379023
2002-01-18,1.0033786757051488,1.3926680042772928,0.0,-0.017438169008526388
2002-01-21,1.0033786757051488,1.3849448790618402,0.0,-0.005545560888691877
2002-01-22,1.0033786757051488,1.3839718825322003,0.0,-0.0007025525306819435
2002-01-23,1.0033786757051488,1.3725112335581053,0.0,-0.008280983969938586
2002-01-24,1.0033786757051488,1.389360845493119,0.0,0.012276483807955903
2002-01-25,1.0033786757051488,1.3880394478853206,0.0,-0.0009510830912536905
2002-01-28,1.0033786757051488,1.416381871342599,0.0,0.020419033119309534
2002-01-29,1.0033786757051488,1.411722748565583,0.0,-0.0032894538339435673
2002-01-30,1.0033786757051488,1.391595113764447,0.0,-0.014257498380321006
2002-01-31,1.0029773242348667,1.3942917487521254,-0.0004,0.0019378014201154221
2002-02-01,1.0129831396573847,1.408599966638222,0.009976113298624202,0.0102619971027603
2002-02-04,1.0129831396573847,1.4201822929815193,0.0,0.00822258030499575
2002-02-05,1.0129831396573847,1.4105566246273629,0.0,-0.006777769587556566
2002-02-06,1.0129831396573847,1.4092615749343635,0.0,-0.0009181125169941776
2002-02-07,1.0129831396573847,1.4253797046749757,0.0,0.01143728746124555
2002-02-08,1.0129831396573847,1.426129268098903,0.0,0.0005258692974713523
2002-02-11,1.0129831396573847,1.4277345272634219,0.0,0.0011256056519046264
2002-02-12,1.0129831396573847,1.410074535664088,0.0,-0.0123692404029643
2002-02-13,1.0129831396573847,1.4145619631177486,0.0,0.0031824044333566078
2002-02-14,1.0129831396573847,1.3992525356901966,0.0,-0.010822733698995779
2002-02-15,1.0129831396573847,1.3765878932153477,0.0,-0.016197678329501364
2002-02-18,1.0129831396573847,1.3617443254341937,0.0,-0.010782869625914933
2002-02-19,1.0129831396573847,1.3594289270267064,0.0,-0.0017003180143592663
2002-02-20,1.0129831396573847,1.364800221067731,0.0,0.003951140022283073
2002-02-21,1.0129831396573847,1.361287845543633,0.0,-0.002573545541595945
2002-02-22,1.0129831396573847,1.394907626684264,0.0,0.024697040563970308
2002-02-25,1.0129831396573847,1.3990179331326558,0.0,0.0029466513550879887
2002-02-26,1.0129831396573847,1.4147644172343363,0.0,0.011255384029582437
2002-02-27,1.0129831396573847,1.4251810837438486,0.0,0.00736282760763467
2002-02-28,1.0125779464015219,1.4296068108921156,-0.0004,0.003105378817294609
2002-03-01,1.0177094140196434,1.4292122305676696,0.005067726031717192,-0.00027600618676394776
2002-03-04,1.0177094140196434,1.4435879038460293,0.0,0.010058459458221732
2002-03-05,1.0177094140196434,1.4566228800643457,0.0,0.009029568745753825
2002-03-06,1.0177094140196434,1.4476551859462123,0.0,-0.006156496812501781
2002-03-07,1.0177094140196434,1.47019030319544,0.0,0.015566633178948812
2002-03-08,1.0177094140196434,1.495319089581574,0.0,0.01709219978632486
2002-03-11,1.0177094140196434,1.4941456602991134,0.0,-0.0007847350379168949
2002-03-12,1.0177094140196434,1.4798751803351256,0.0,-0.00955092956675394
2002-03-13,1.0177094140196434,1.4923401267911518,0.0,0.008422971492233344
2002-03-14,1.0177094140196434,1.489165713595534,0.0,-0.002127137867989607
2002-03-15,1.0177094140196434,1.4942508853483012,0.0,0.0034147789640477082
2002-03-18,1.0177094140196434,1.4973184076458337,0.0,0.002052883038324175
2002-03-19,1.0177094140196434,1.503891685822146,0.0,0.004390033637967054
2002-03-20,1.0177094140196434,1.497359073790638,0.0,-0.004343804871782963
2002-03-21,1.0177094140196434,1.504148739785552,0.0,0.0045344273886995575
2002-03-22,1.0177094140196434,1.5089008494992513,0.0,0.0031593349700088794
2002-03-25,1.0177094140196434,1.5063216889218825,0.0,-0.0017092975845462914
2002-03-26,1.0177094140196434,1.50431936298209,0.0,-0.001329281756027667
2002-03-27,1.0177094140196434,1.5161857734447115,0.0,0.007888225568737169
2002-03-28,1.0177094140196434,1.5161857734447115,0.0,0.0
2002-03-29,1.0173023302540356,1.5161857734447115,-0.0004,0.0
2002-04-01,1.0173023302540356,1.5161857734447115,0.0,0.0
2002-04-02,1.0173023302540356,1.5511261895557222,0.0,0.023044943913190636
2002-04-03,1.0173023302540356,1.5402814907218354,0.0,-0.006991500051322711
2002-04-04,1.0173023302540356,1.5115089386864011,0.0,-0.018680060890656023
2002-04-05,1.0173023302540356,1.5238151325938807,0.0,0.008141661350791907
2002-04-08,1.0173023302540356,1.508145882464211,0.0,-0.010282907548632259
2002-04-09,1.0173023302540356,1.514700991908601,0.0,0.004346469078760121
2002-04-10,1.0173023302540356,1.506627323785402,0.0,-0.005330205873190611
2002-04-11,1.0173023302540356,1.499906953872219,0.0,-0.004460538984715878
2002-04-12,1.0173023302540356,1.5061012447395168,0.0,0.004129783418435825
2002-04-15,1.0173023302540356,1.5150130765713343,0.0,0.0059171532212357525
2002-04-16,1.0173023302540356,1.5230526894038754,0.0,0.005306629333349148
2002-04-17,1.0173023302540356,1.5221803056343977,0.0,-0.0005727863359862898
2002-04-18,1.0173023302540356,1.536151352656187,0.0,0.009178312825409011
2002-04-19,1.0173023302540356,1.5319589329630934,0.0,-0.002729170980349268
2002-04-22,1.0173023302540356,1.5105954214827086,0.0,-0.013945224653681627
2002-04-23,1.0173023302540356,1.4971177220560477,0.0,-0.008922110602872216
2002-04-24,1.0173023302540356,1.5104768287900012,0.0,0.008923217284213976
2002-04-25,1.0173023302540356,1.489964217536976,0.0,-0.013580222392062247
2002-04-26,1.0173023302540356,1.4845825995304585,0.0,-0.0036119109057623686
2002-04-29,1.0173023302540356,1.4611344315739798,0.0,-0.015794451560926803
2002-04-30,1.0164884883898324,1.4821957046401124,-0.0008,0.014414329449101208
2002-05-01,1.0164884883898324,1.4821957046401124,0.0,0.0
2002-05-02,1.0164884883898324,1.5032094880557823,0.0,0.014177468838888796
2002-05-03,1.0164884883898324,1.5010579355511924,0.0,-0.001431305830415286
2002-05-06,1.0164884883898324,1.5030771537515133,0.0,0.0013451967125967486
2002-05-07,1.0164884883898324,1.4901444565498765,0.0,-0.008604147278373782
2002-05-08,1.0164884883898324,1.5099206672997494,0.0,0.01327133799877412
2002-05-09,1.0164884883898324,1.5099206672997494,0.0,0.0
2002-05-10,1.0164884883898324,1.50894713556672,0.0,-0.0006447568763796078
2002-05-13,1.0164884883898324,1.504466338841923,0.0,-0.0029694855566388735
2002-05-14,1.0164884883898324,1.5243054064087227,0.0,0.01318678062419861
2002-05-15,1.0164884883898324,1.5167737565897637,0.0,-0.0049410372667402225
2002-05-16,1.0164884883898324,1.5226823248224137,0.0,0.003895484219040431
2002-05-17,1.0164884883898324,1.5226823248224137,0.0,0.0
2002-05-20,1.0164884883898324,1.5226823248224137,0.0,0.0
2002-05-21,1.0164884883898324,1.5138440289342188,0.0,-0.005804425351312751
2002-05-22,1.0164884883898324,1.490427112144202,0.0,-0.015468513494420378
2002-05-23,1.0164884883898324,1.485642974418199,0.0,-0.0032099105598800176
2002-05-24,1.0164884883898324,1.4733088438992026,0.0,-0.008302217108270334
2002-05-27,1.0164884883898324,1.4748063062393295,0.0,0.0010163940482186052
2002-05-28,1.0164884883898324,1.4587476970132784,0.0,-0.01088862256563002
2002-05-29,1.0164884883898324,1.416614214233648,0.0,-0.028883324282805743
2002-05-30,1.0164884883898324,1.3895487245525027,0.0,-0.01910575893507253
2002-05-31,1.0160818929944766,1.398157161934298,-0.0004,0.006195131721320269
2002-06-03,1.0128578954901852,1.3887616074012803,-0.0031729701380563747,-0.00671995594545276
2002-06-04,1.0128578954901852,1.3534307527147988,0.0,-0.02544054681393037
2002-06-05,1.0128578954901852,1.3698222455976663,0.0,0.012111068741410118
2002-06-06,1.0128578954901852,1.3782900687565969,0.0,0.0061816948776707
2002-06-07,1.0128578954901852,1.3530702511327612,0.0,-0.018297902738708113
2002-06-10,1.0128578954901852,1.3505898087308517,0.0,-0.0018331955785984382
2002-06-11,1.0128578954901852,1.3720964044737998,0.0,0.015923854603314174
2002-06-12,1.0128578954901852,1.3573032523562059,0.0,-0.01078142327999682
2002-06-13,1.0128578954901852,1.3566612145040022,0.0,-0.00047302461781417726
2002-06-14,1.0128578954901852,1.3120947774302516,0.0,-0.03285008563471338
2002-06-17,1.0128578954901852,1.3386291452783792,0.0,0.020222904857601285
2002-06-18,1.0128578954901852,1.3525854628976266,0.0,0.010425828294919575
2002-06-19,1.0128578954901852,1.342075201153329,0.0,-0.0077704973420174685
2002-06-20,1.0128578954901852,1.2995384884517849,0.0,-0.031694731163342954
2002-06-21,1.0128578954901852,1.2892060235164409,0.0,-0.007950872580660243
2002-06-24,1.0128578954901852,1.247721371495607,0.0,-0.032178450351698015
2002-06-25,1.0128578954901852,1.2494381297359232,0.0,0.0013759147511100966
2002-06-26,1.0128578954901852,1.1806811430983464,0.0,-0.055030325232758116
2002-06-27,1.0128578954901852,1.22838809901288,0.0,0.04040629952752609
2002-06-28,1.0124527523319893,1.244265880869815,-0.0004,0.012925704726131925
2002-07-01,1.0161193740740646,1.2605814064776533,0.0036215238030909095,0.013112571724969876
2002-07-02,1.0161193740740646,1.2481917239535447,0.0,-0.009828546145804381
2002-07-03,1.0161193740740646,1.2228696819200366,0.0,-0.020286981196528543
2002-07-04,1.0161193740740646,1.2118321590748233,0.0,-0.009025919121556125
2002-07-05,1.0161193740740646,1.2447469629411698,0.0,0.027161190285192007
2002-07-08,1.0161193740740646,1.2670327928973555,0.0,0.01790390386133346
2002-07-09,1.0161193740740646,1.2718884268193371,0.0,0.0038322874902695296
2002-07-10,1.0161193740740646,1.256716851908659,0.0,-0.011928385061745147
2002-07-11,1.0161193740740646,1.2399718655153569,0.0,-0.013324390747104469
2002-07-12,1.0161193740740646,1.2344488944922292,0.0,-0.004454109949367516
2002-07-15,1.0161193740740646,1.2240645282579474,0.0,-0.008412147542611097
2002-07-16,1.0161193740740646,1.212423821326855,0.0,-0.009509880126711168
2002-07-17,1.0161193740740646,1.2382506793123378,0.0,0.0213018397784516
2002-07-18,1.0161193740740646,1.2350805729994991,0.0,-0.002560149060123466
2002-07-19,1.0161193740740646,1.205318635243881,0.0,-0.024097162894675665
2002-07-22,1.0161193740740646,1.1716860255752533,0.0,-0.02790350093759443
2002-07-23,1.0161193740740646,1.1214270241315616,0.0,-0.04289459833662902
2002-07-24,1.0161193740740646,1.075518989606111,0.0,-0.04093715733397983
2002-07-25,1.0161193740740646,1.1203390963908677,0.0,0.04167300365488771
2002-07-26,1.0161193740740646,1.1261243180513085,0.0,0.005163813062560907
2002-07-29,1.0161193740740646,1.1537207352872048,0.0,0.024505657851035638
2002-07-30,1.0161193740740646,1.1546165715972163,0.0,0.0007764758685634347
2002-07-31,1.015712926324435,1.1613973588451023,-0.0004,0.005872761066044515
2002-08-01,1.015132999414922,1.1627681683106248,-0.0005709555273767149,0.0011803104726238651
2002-08-02,1.015132999414922,1.1555920332685516,0.0,-0.006171595712410423
2002-08-05,1.015132999414922,1.1228510244095014,0.0,-0.028332670974239364
2002-08-06,1.015132999414922,1.1232851395180208,0.0,0.0003866186155440173
2002-08-07,1.015132999414922,1.121741061090057,0.0,-0.0013746095035374348
2002-08-08,1.015132999414922,1.117392953780733,0.0,-0.0038762130229043883
2002-08-09,1.015132999414922,1.1337526711490342,0.0,0.014640970585099626
2002-08-12,1.015132999414922,1.088661864410565,0.0,-0.03977129041095949
2002-08-13,1.015132999414922,1.0811303077373404,0.0,-0.006918178104183352
2002-08-14,1.015132999414922,1.0625479904942026,0.0,-0.01718786080655555
2002-08-15,1.015132999414922,1.0739720461372695,0.0,0.010751566748296758
2002-08-16,1.015132999414922,1.066376874914562,0.0,-0.007072038094496998
2002-08-19,1.015132999414922,1.0122615404217157,0.0,-0.05074691299657266
2002-08-20,1.015132999414922,1.0067022591495516,0.0,-0.005491941608142163
2002-08-21,1.015132999414922,1.1148684210564646,0.0,0.10744603076414103
2002-08-22,1.015132999414922,1.1857711396889188,0.0,0.0635973871833823
2002-08-23,1.015132999414922,1.1666665777271785,0.0,-0.016111508639645358
2002-08-26,1.015132999414922,1.1564671409533078,0.0,-0.008742375044068421
2002-08-27,1.015132999414922,1.1426678583893144,0.0,-0.011932273797782382
2002-08-28,1.015132999414922,1.124791917645947,0.0,-0.015644039177373024
2002-08-29,1.015132999414922,1.1019419891405908,0.0,-0.020314805029163458
2002-08-30,1.0147269462151562,1.099574186796127,-0.0004,-0.002148754079432417
2002-09-02,1.0045095113845082,1.075778129685715,-0.010069147043702854,-0.02164115654601501
2002-09-03,1.0045095113845082,1.0210760216969836,0.0,-0.05084887532033432
2002-09-04,1.0045095113845082,1.024600413043712,0.0,0.0034516444141652336
2002-09-05,1.0045095113845082,1.0040600383248142,0.0,-0.020047205190831488
2002-09-06,1.0045095113845082,1.0315871863977606,0.0,0.02741583871704827
2002-09-09,1.0045095113845082,0.998629210301354,0.0,-0.03194880329164799
2002-09-10,1.0045095113845082,1.004588028205748,0.0,0.0059669974029659045
2002-09-11,1.0045095113845082,1.0336719433289407,0.0,0.02895108672073095
2002-09-12,1.0045095113845082,1.013127420779873,0.0,-0.01987528314148097
2002-09-13,1.0045095113845082,0.9822934052178289,0.0,-0.0304344892158866
2002-09-16,1.0045095113845082,0.9790502787947201,0.0,-0.0033015862733901595
2002-09-17,1.0045095113845082,1.0068550854958018,0.0,0.028399774049716126
2002-09-18,1.0045095113845082,0.965154543820652,0.0,-0.04141662715505411
2002-09-19,1.0045095113845082,0.938665015387942,0.0,-0.027445893097957922
2002-09-20,1.0045095113845082,0.9537419611996945,0.0,0.016062115413474947
2002-09-23,1.0045095113845082,0.934397514204798,0.0,-0.02028268418699273
2002-09-24,1.0045095113845082,0.8775136916140014,0.0,-0.06087754058207927
2002-09-25,1.0045095113845082,0.886107216024266,0.0,0.009793037410571552
2002-09-26,1.0045095113845082,0.8985166831365916,0.0,0.014004475855646074
2002-09-27,1.0045095113845082,0.9077563253056297,0.0,0.010283217153836082
2002-09-30,1.0041077075799545,0.8911373019459212,-0.0004,-0.018307802321413692
2002-10-01,0.986282126208728,0.8951377861351131,-0.01775265864076343,0.004489189466602062
2002-10-02,0.986282126208728,0.9210173733912291,0.0,0.028911289029429618
2002-10-03,0.986282126208728,0.9409076669660662,0.0,0.021596002583100127
2002-10-04,0.986282126208728,0.9367606395752357,0.0,-0.00440747539469258
2002-10-07,0.986282126208728,0.9047843304143932,0.0,-0.034134983698014744
2002-10-08,0.986282126208728,0.9038824918483337,0.0,-0.0009967442358848944
2002-10-09,0.986282126208728,0.9020264510731877,0.0,-0.0020534093666873345
2002-10-10,0.986282126208728,0.909984390399206,0.0,0.00882229042901151
2002-10-11,0.986282126208728,0.947791360358358,0.0,0.041546833503996954
2002-10-14,0.986282126208728,0.9497522636381351,0.0,0.00206891871121917
2002-10-15,0.986282126208728,1.0016161055592803,0.0,0.054607758156295226
2002-10-16,0.986282126208728,1.0031722184972152,0.0,0.001553602152858861
2002-10-17,0.986282126208728,1.018742937152869,0.0,0.015521481126121218
2002-10-18,0.986282126208728,0.9972697834201375,0.0,-0.02107808844569119
2002-10-21,0.986282126208728,1.0034124745510966,0.0,0.006159507921610478
2002-10-22,0.986282126208728,0.988235654166424,0.0,-0.015125206004103475
2002-10-23,0.986282126208728,0.9765695161774491,0.0,-0.011805016283100319
2002-10-24,0.986282126208728,0.9837258985240401,0.0,0.007328082873816255
2002-10-25,0.986282126208728,0.9731400827869652,0.0,-0.010760940372676601
2002-10-28,0.986282126208728,0.9721570179524451,0.0,-0.0010101986876387267
2002-10-29,0.986282126208728,0.9453867407957385,0.0,-0.027536989048425765
2002-10-30,0.986282126208728,0.9611670423151109,0.0,0.01669190061422902
2002-10-31,0.9858876133582446,0.9752729075567721,-0.0004,0.014675768748463606
2002-11-01,0.9849607336665281,0.9589579327707798,-0.0009401474155448009,-0.01672862504390095
2002-11-04,0.9849607336665281,0.9875932041917115,0.0,0.029860821254373466
2002-11-05,0.9849607336665281,0.9865769664860904,0.0,-0.0010290043525085445
2002-11-06,0.9849607336665281,0.9925277346713527,0.0,0.006031732330481362
2002-11-07,0.9849607336665281,0.9791559370617521,0.0,-0.013472467461101489
2002-11-08,0.9849607336665281,0.969566758827553,0.0,-0.009793310617075083
2002-11-11,0.9849607336665281,0.9573073925167251,0.0,-0.012644169366586558
2002-11-12,0.9849607336665281,0.9547827025447577,0.0,-0.0026372824358225004
2002-11-13,0.9849607336665281,0.9547599007517956,0.0,-2.3881656947984572e-05
2002-11-14,0.9849607336665281,0.9386106590570462,0.0,-0.01691445323796404
2002-11-15,0.9849607336665281,0.9320259086631673,0.0,-0.007015422561357032
2002-11-18,0.9849607336665281,0.9293908019192016,0.0,-0.002827289155239406
2002-11-19,0.9849607336665281,0.9322261550562805,0.0,0.0030507652230082746
2002-11-20,0.9849607336665281,0.932937434969594,0.0,0.0007629907286506402
2002-11-21,0.9849607336665281,0.9442846391185925,0.0,0.012162877941936483
2002-11-22,0.9849607336665281,0.9365217131846656,0.0,-0.008220959668657605
2002-11-25,0.9849607336665281,0.9453848435416264,0.0,0.009463881330440937
2002-11-26,0.9849607336665281,0.9283885664944578,0.0,-0.017978156899042978
2002-11-27,0.9849607336665281,0.9501694362877442,0.0,0.02346094144128643
2002-11-28,0.9849607336665281,0.9988299537734112,0.0,0.05121246340629596
2002-11-29,0.9849607336665281,1.0244962593648683,0.0,0.02569637153400744
2002-12-02,0.9912575628439778,1.0226838342471007,0.00639297482855965,-0.0017690890534741563
2002-12-03,0.9912575628439778,1.015866126010768,0.0,-0.006666486755754771
2002-12-04,0.9912575628439778,1.0028387509605268,0.0,-0.012823909289503232
2002-12-05,0.9912575628439778,0.9913080220212185,0.0,-0.011498088728884944
2002-12-06,0.9912575628439778,0.9661061487359699,0.0,-0.025422848121276636
2002-12-09,0.9912575628439778,0.9473219844200044,0.0,-0.019443168165881392
2002-12-10,0.9912575628439778,0.9383543252689127,0.0,-0.009466326442938136
2002-12-11,0.9912575628439778,0.9123162816591411,0.0,-0.027748626407524252
2002-12-12,0.9912575628439778,0.9301487793107498,0.0,0.019546398557283705
2002-12-13,0.9912575628439778,0.9614491601323517,0.0,0.03365094006229396
2002-12-16,0.9912575628439778,0.950408417808596,0.0,-0.011483438523401375
2002-12-17,0.9912575628439778,0.9475905129399727,0.0,-0.0029649409830782756
2002-12-18,0.9912575628439778,0.9455545789661562,0.0,-0.002148537734405694
2002-12-19,0.9912575628439778,0.9387857897952553,0.0,-0.00715853883157301
2002-12-20,0.9912575628439778,0.9274893679461119,0.0,-0.01203301325173131
2002-12-23,0.9912575628439778,0.9481658419604424,0.0,0.022292949902075664
2002-12-24,0.9912575628439778,0.9481658419604424,0.0,0.0
2002-12-25,0.9912575628439778,0.9481658419604424,0.0,0.0
2002-12-26,0.9912575628439778,0.9481658419604424,0.0,0.0
2002-12-27,0.9912575628439778,0.945039521047055,0.0,-0.0032972300572687036
2002-12-30,0.9912575628439778,0.943872468186841,0.0,-0.0012349249255957076
2002-12-31,0.9908610598188403,0.943872468186841,-0.0004,0.0
2003-01-01,0.9908610598188403,0.943872468186841,0.0,0.0
2003-01-02,0.9908610598188403,0.962500643333958,0.0,0.019735902651023703
2003-01-03,0.9908610598188403,0.9787237184000527,0.0,0.016855131659860877
2003-01-06,0.9908610598188403,0.9666310011691578,0.0,-0.012355598422262888
2003-01-07,0.9908610598188403,0.9850941932341534,0.0,0.01910055858198639
2003-01-08,0.9908610598188403,0.9678784660809124,0.0,-0.01747622437679811
2003-01-09,0.9908610598188403,0.9758725505613952,0.0,0.008259388715250626
2003-01-10,0.9908610598188403,0.9801434221575507,0.0,0.00437646452264544
2003-01-13,0.9908610598188403,1.0044872390793755,0.0,0.024836994639251774
2003-01-14,0.9908610598188403,0.9954608033477541,0.0,-0.008986112894668722
2003-01-15,0.9908610598188403,0.9909958662790563,0.0,-0.004485296712519545
2003-01-16,0.9908610598188403,1.0068347271546634,0.0,0.015982771890944332
2003-01-17,0.9908610598188403,0.992877282675628,0.0,-0.013862696729262991
2003-01-20,0.9908610598188403,0.9883686205827125,0.0,-0.004541006397855751
2003-01-21,0.9908610598188403,0.9772095059831608,0.0,-0.011290437967337063
2003-01-22,0.9908610598188403,0.9645620466132568,0.0,-0.012942423597465417
2003-01-23,0.9908610598188403,0.9720036974279292,0.0,0.007715056631972317
2003-01-24,0.9908610598188403,0.9586327654253445,0.0,-0.013756050556151514
2003-01-27,0.9908610598188403,0.9081875657206944,0.0,-0.052622027458312126
2003-01-28,0.9908610598188403,0.8983597030081149,0.0,-0.010821401969735777
2003-01-29,0.9908610598188403,0.88845108871269,0.0,-0.011029673595383241
2003-01-30,0.9908610598188403,0.9010275799566314,0.0,0.014155524601994585
2003-01-31,0.9908610598188403,0.9021456033630942,0.0,0.001240831503200653
2003-02-03,0.984762038312407,0.9051112576134435,-0.006155274189045557,0.0032873343718504405
2003-02-04,0.984762038312407,0.8821492507579881,0.0,-0.025369264454847853
2003-02-05,0.984762038312407,0.8778136980281461,0.0,-0.0049147609955080196
2003-02-06,0.984762038312407,0.8569395651808462,0.0,-0.023779684566542923
2003-02-07,0.984762038312407,0.8612051043724868,0.0,0.004977642957517466
2003-02-10,0.984762038312407,0.8604338938229208,0.0,-0.000895501600780572
2003-02-11,0.984762038312407,0.865485217265085,0.0,0.005870669993857465
2003-02-12,0.984762038312407,0.8681872975381262,0.0,0.0031220409304963206
2003-02-13,0.984762038312407,0.8567603654863689,0.0,-0.013161828195551761
2003-02-14,0.984762038312407,0.8555806816435515,0.0,-0.0013769122503089666
2003-02-17,0.984762038312407,0.8740359059766272,0.0,0.021570407945190554
2003-02-18,0.984762038312407,0.8790835218144505,0.0,0.005775066908931074
2003-02-19,0.984762038312407,0.8639348893392571,0.0,-0.01723230170885952
2003-02-20,0.984762038312407,0.8382804666419595,0.0,-0.029694856653975657
2003-02-21,0.984762038312407,0.8465485908432042,0.0,0.009863195589378057
2003-02-24,0.984762038312407,0.8334657895728277,0.0,-0.015454282733310613
2003-02-25,0.984762038312407,0.8005426315986012,0.0,-0.03950151090316551
2003-02-26,0.984762038312407,0.7983201023263348,0.0,-0.00277627846980264
2003-02-27,0.984762038312407,0.7784233464054287,0.0,-0.024923280602512875
2003-02-28,0.9843681334970821,0.805388567710351,-0.0004,0.03464081778821434
2003-03-03,0.9953684530211909,0.8329451224433898,0.011175005721720213,0.034215229564754895
2003-03-04,0.9953684530211909,0.8236671102550409,0.0,-0.011138803671882358
2003-03-05,0.9953684530211909,0.819220735462921,0.0,-0.0053982667715640606
2003-03-06,0.9953684530211909,0.8216176139739705,0.0,0.0029258030312124374
2003-03-07,0.9953684530211909,0.805727731849168,0.0,-0.019339753499133076
2003-03-10,0.9953684530211909,0.8074358116473641,0.0,0.0021199218181009154
2003-03-11,0.9953684530211909,0.8100195280346042,0.0,0.0031999031377723123
2003-03-12,0.9953684530211909,0.8205977822937236,0.0,0.013059258317865526
2003-03-13,0.9953684530211909,0.8190802404285895,0.0,-0.0018493126570392037
2003-03-14,0.9953684530211909,0.8259544539051269,0.0,0.008392600794447754
2003-03-17,0.9953684530211909,0.811915423435918,0.0,-0.016997342169210592
2003-03-18,0.9953684530211909,0.8257118160423265,0.0,0.0169924011888134
2003-03-19,0.9953684530211909,0.8355934349969346,0.0,0.011967394389450789
2003-03-20,0.9953684530211909,0.8353698609907846,0.0,-0.00026756314349316577
2003-03-21,0.9953684530211909,0.8383737475915235,0.0,0.00359587619928751
2003-03-24,0.9953684530211909,0.8106956065598687,0.0,-0.03301408364845447
2003-03-25,0.9953684530211909,0.8214539198105923,0.0,0.013270471880778782
2003-03-26,0.9953684530211909,0.8294897061640489,0.0,0.009782394556361162
2003-03-27,0.9953684530211909,0.8342015066939723,0.0,0.005680360461268245
2003-03-28,0.9953684530211909,0.8312950181357175,0.0,-0.0034841564477311017
2003-03-31,0.9949703056399825,0.8142044555562493,-0.0004,-0.02055896186867079
2003-04-01,0.9933342106291093,0.8164152560889343,-0.0016443656675972473,0.002715289160600968
2003-04-02,0.9933342106291093,0.8378300095076231,0.0,0.02623022200892832
2003-04-03,0.9933342106291093,0.8567536935524142,0.0,0.02258654360675408
2003-04-04,0.9933342106291093,0.8737456837540629,0.0,0.0198329932272527
2003-04-07,0.9933342106291093,0.9214008578080294,0.0,0.05454124116438005
2003-04-08,0.9933342106291093,0.9252911732186775,0.0,0.004222174721980284
2003-04-09,0.9933342106291093,0.9247804849823599,0.0,-0.0005519216556894024
2003-04-10,0.9933342106291093,0.9103629049401394,0.0,-0.01559027280132915
2003-04-11,0.9933342106291093,0.9276513577457384,0.0,0.018990726348560753
2003-04-14,0.9933342106291093,0.9355053797758519,0.0,0.0084665666303764
2003-04-15,0.9933342106291093,0.9475040652835208,0.0,0.012825886164913128
2003-04-16,0.9933342106291093,0.9658989907737057,0.0,0.019414086085932078
2003-04-17,0.9933342106291093,0.9658989907737057,0.0,0.0
2003-04-18,0.9933342106291093,0.9658989907737057,0.0,0.0
2003-04-21,0.9933342106291093,0.9658989907737057,0.0,0.0
2003-04-22,0.9933342106291093,0.9511038860380041,0.0,-0.01531744507140472
2003-04-23,0.9933342106291093,0.9700212357603645,0.0,0.01988988795026796
2003-04-24,0.9933342106291093,0.9469258335319561,0.0,-0.023809171775816526
2003-04-25,0.9933342106291093,0.9465640823833301,0.0,-0.00038202690835530774
2003-04-28,0.9933342106291093,0.9498827358929595,0.0,0.003505999827579842
2003-04-29,0.9933342106291093,0.9817832125831503,0.0,0.03358359456886227
2003-04-30,0.9933342106291093,0.980034143224334,0.0,-0.0017815229842994922
2003-05-01,0.9933342106291093,0.980034143224334,0.0,0.0
2003-05-02,0.9933342106291093,0.9805941243724331,0.0,0.0005713894275730731
2003-05-05,0.9933342106291093,0.9964940465050107,0.0,0.016214580260465458
2003-05-06,0.9933342106291093,1.0062674591977678,0.0,0.009807798377757788
2003-05-07,0.9933342106291093,1.003284570593413,0.0,-0.0029643099129261106
2003-05-08,0.9933342106291093,1.0183543821156489,0.0,0.01502047570942157
2003-05-09,0.9933342106291093,1.0421978060978934,0.0,0.02341368034643241
2003-05-12,0.9933342106291093,1.0418020172885119,0.0,-0.00037976361787159794
2003-05-13,0.9933342106291093,1.042879347782373,0.0,0.001034102906294221
2003-05-14,0.9933342106291093,1.0542817433292917,0.0,0.010933571147194777
2003-05-15,0.9933342106291093,1.0632227111895305,0.0,0.008480624763551707
2003-05-16,0.9933342106291093,1.0725200241713828,0.0,0.008744464244420177
2003-05-19,0.9933342106291093,1.0745702239028005,0.0,0.0019115724510613866
2003-05-20,0.9933342106291093,1.068272965793621,0.0,-0.005860257402543952
2003-05-21,0.9933342106291093,1.0501225352780892,0.0,-0.01699044260850305
2003-05-22,0.9933342106291093,1.058747967997269,0.0,0.008213739282240562
2003-05-23,0.9933342106291093,1.0697495369095082,0.0,0.010391112186075802
2003-05-26,0.9933342106291093,1.0555074735802257,0.0,-0.013313455942619663
2003-05-27,0.9933342106291093,1.0396608758029595,0.0,-0.015013250189044588
2003-05-28,0.9933342106291093,1.0601481519860219,0.0,0.01970572968540294
2003-05-29,0.9933342106291093,1.0601481519860219,0.0,0.0
2003-05-30,0.9933342106291093,1.052649954004175,0.0,-0.007072783146204734
2003-06-02,0.9925429388611842,1.050010643681853,-0.000796581613175285,-0.0025073010379967455
2003-06-03,0.9925429388611842,1.042754120803919,0.0,-0.006910904114732652
2003-06-04,0.9925429388611842,1.0436017094156171,0.0,0.0008128365017101569
2003-06-05,0.9925429388611842,1.0608078389377535,0.0,0.016487256936146003
2003-06-06,0.9925429388611842,1.0866739301274957,0.0,0.02438338994142745
2003-06-09,0.9925429388611842,1.0866739301274957,0.0,0.0
2003-06-10,0.9925429388611842,1.0952090836950978,0.0,0.007854383298401942
2003-06-11,0.9925429388611842,1.090208542691997,0.0,-0.004565832294076515
2003-06-12,0.9925429388611842,1.0975713648164285,0.0,0.00675359056190387
2003-06-13,0.9925429388611842,1.0844767508689384,0.0,-0.011930535332142314
2003-06-16,0.9925429388611842,1.0767203777474803,0.0,-0.007152180178360893
2003-06-17,0.9925429388611842,1.0773222878243987,0.0,0.0005590217194341459
2003-06-18,0.9925429388611842,1.074929638740219,0.0,-0.0022209222915191857
2003-06-19,0.9925429388611842,1.0758078481157352,0.0,0.000816992428030298
2003-06-20,0.9925429388611842,1.0700081941973953,0.0,-0.00539097565471179
2003-06-23,0.9925429388611842,1.0657612215682135,0.0,-0.003969102902401185
2003-06-24,0.9925429388611842,1.056389324792101,0.0,-0.008793617732049149
2003-06-25,0.9925429388611842,1.0651600214878043,0.0,0.00830252302807919
2003-06-26,0.9925429388611842,1.063612715153651,0.0,-0.0014526515292905791
2003-06-27,0.9925429388611842,1.0749001657938588,0.0,0.010612369031877485
2003-06-30,0.9921459216856398,1.055432583349176,-0.0004,-0.018111060974955902
2003-07-01,0.9990058829343398,1.0515331144807658,0.006914266438796757,-0.0036946640931211803
2003-07-02,0.9990058829343398,1.0837714891586194,0.0,0.0306584493002607
2003-07-03,0.9990058829343398,1.08458826045105,0.0,0.0007536379214632054
2003-07-04,0.9990058829343398,1.0803576092499036,0.0,-0.003900697947243992
2003-07-07,0.9990058829343398,1.095709374052006,0.0,0.014209891864195922
2003-07-08,0.9990058829343398,1.10339990383888,0.0,0.007018767904151457
2003-07-09,0.9990058829343398,1.1084786898343033,0.0,0.004602851584229454
2003-07-10,0.9990058829343398,1.089598499579007,0.0,-0.017032524331269318
2003-07-11,0.9990058829343398,1.100202788454808,0.0,0.009732290270130058
2003-07-14,0.9990058829343398,1.1271493511444808,0.0,0.02449235992895275
2003-07-15,0.9990058829343398,1.1337896237803722,0.0,0.005891209207678708
2003-07-16,0.9990058829343398,1.1624850981644874,0.0,0.025309346445098316
2003-07-17,0.9990058829343398,1.1489303500545673,0.0,-0.011660147843032435
2003-07-18,0.9990058829343398,1.132237917454023,0.0,-0.014528672342715614
2003-07-21,0.9990058829343398,1.1422449848666762,0.0,0.008838307972546573
2003-07-22,0.9990058829343398,1.1456309385785595,0.0,0.0029642972888854016
2003-07-23,0.9990058829343398,1.1527001661101262,0.0,0.006170597610027747
2003-07-24,0.9990058829343398,1.1728008510828942,0.0,0.017437912792707826
2003-07-25,0.9990058829343398,1.179067144276756,0.0,0.0053430155580769245
2003-07-28,0.9990058829343398,1.1749592985982726,0.0,-0.003483979431046776
2003-07-29,0.9990058829343398,1.192360829825167,0.0,0.01481032683230327
2003-07-30,0.9990058829343398,1.2113296658204518,0.0,0.01590863731917993
2003-07-31,0.9990058829343398,1.2289226946508394,0.0,0.01452373315605351
2003-08-01,1.0214991178845791,1.2397122181876565,0.02251561811044689,0.008779660090729028
2003-08-04,1.0214991178845791,1.2422217005193446,0.0,0.0020242458651868207
2003-08-05,1.0214991178845791,1.2587557543825747,0.0,0.013310066839371422
2003-08-06,1.0214991178845791,1.2390712020585735,0.0,-0.015638103147068875
2003-08-07,1.0214991178845791,1.2338183611345694,0.0,-0.004239337428936222
2003-08-08,1.0214991178845791,1.2551109756850087,0.0,0.017257495285496843
2003-08-11,1.0214991178845791,1.2523022270373418,0.0,-0.0022378488453055198
2003-08-12,1.0214991178845791,1.2482560539052003,0.0,-0.0032309877318623817
2003-08-13,1.0214991178845791,1.2534484211412016,0.0,0.004159697218977509
2003-08-14,1.0214991178845791,1.2712995696426366,0.0,0.01424162989106689
2003-08-15,1.0214991178845791,1.2786222890211394,0.0,0.005760026632087434
2003-08-18,1.0214991178845791,1.2975111884338073,0.0,0.014772853230275248
2003-08-19,1.0214991178845791,1.2980638259972481,0.0,0.0004259212316372644
2003-08-20,1.0214991178845791,1.2840413880681303,0.0,-0.010802579694680984
2003-08-21,1.0214991178845791,1.3093881241029408,0.0,0.019739812338093927
2003-08-22,1.0214991178845791,1.3342420768770507,0.0,0.018981348857992082
2003-08-25,1.0214991178845791,1.3348881166800628,0.0,0.0004841998421488025
2003-08-26,1.0214991178845791,1.3247395867333465,0.0,-0.0076025322421450214
2003-08-27,1.0214991178845791,1.3124232547145596,0.0,-0.009297172170386754
2003-08-28,1.0214991178845791,1.3034876347275106,0.0,-0.006808489528778158
2003-08-29,1.0210905182374252,1.3204712329957937,-0.0004,0.013029351269475842
2003-09-01,1.037493469031453,1.366782719986055,0.016064149554871968,0.035071939344860206
2003-09-02,1.037493469031453,1.3626371747769102,0.0,-0.0030330682035453636
2003-09-03,1.037493469031453,1.3874312825025896,0.0,0.018195678339495334
2003-09-04,1.037493469031453,1.3833190863561338,0.0,-0.0029638917604903297
2003-09-05,1.037493469031453,1.4021460489719288,0.0,0.013609992662927773
2003-09-08,1.037493469031453,1.400476100933954,0.0,-0.0011909943612504156
2003-09-09,1.037493469031453,1.404303688627286,0.0,0.0027330617714787175
2003-09-10,1.037493469031453,1.3813978998851417,0.0,-0.0163111362076779
2003-09-11,1.037493469031453,1.3716684005578685,0.0,-0.007043227246893946
2003-09-12,1.037493469031453,1.3612138075521463,0.0,-0.007621807866588126
2003-09-15,1.037493469031453,1.3832323215691364,0.0,0.016175646981267323
2003-09-16,1.037493469031453,1.3966947260200875,0.0,0.009732569316829746
2003-09-17,1.037493469031453,1.3865703978020953,0.0,-0.0072487767221986795
2003-09-18,1.037493469031453,1.367653291751869,0.0,-0.013643090953198326
2003-09-19,1.037493469031453,1.3503400971026236,0.0,-0.012659052373623437
2003-09-22,1.037493469031453,1.298243196829608,0.0,-0.038580577133714614
2003-09-23,1.037493469031453,1.3138554728340082,0.0,0.012025694448102139
2003-09-24,1.037493469031453,1.3266095191632825,0.0,0.00970734345822953
2003-09-25,1.037493469031453,1.2721534377216088,0.0,-0.04104906579897005
2003-09-26,1.037493469031453,1.2476546382408253,0.0,-0.019257739478863622
2003-09-29,1.037493469031453,1.2364238959810887,0.0,-0.009001483195359072
2003-09-30,1.0366634742562277,1.2239462225182431,-0.0008,-0.010091744023553137
2003-10-01,1.0222428220289892,1.2402334662982923,-0.013910639841521168,0.013307156376967872
2003-10-02,1.0222428220289892,1.2524998708790773,0.0,0.009890399601452682
2003-10-03,1.0222428220289892,1.2720830755124266,0.0,0.015635294732289706
2003-10-06,1.0222428220289892,1.2750954804455354,0.0,0.0023680882098798964
2003-10-07,1.0222428220289892,1.2603209016664256,0.0,-0.011587037210693799
2003-10-08,1.0222428220289892,1.274173634244662,0.0,0.010991432864375938
2003-10-09,1.0222428220289892,1.2826995029621315,0.0,0.00669129268439456
2003-10-10,1.0222428220289892,1.2879830662552922,0.0,0.004119096702664541
2003-10-13,1.0222428220289892,1.29501665525187,0.0,0.00546093281880445
2003-10-14,1.0222428220289892,1.279045776492461,0.0,-0.012332566299159154
2003-10-15,1.0222428220289892,1.3128126896529801,0.0,0.02640008182749988
2003-10-16,1.0222428220289892,1.307554149739805,0.0,-0.004005552318788978
2003-10-17,1.0222428220289892,1.2813920953327433,0.0,-0.02000839078998582
2003-10-20,1.0222428220289892,1.267506162945636,0.0,-0.010836599068844452
2003-10-21,1.0222428220289892,1.2789993246202582,0.0,0.009067539086289478
2003-10-22,1.0222428220289892,1.2687689651533574,0.0,-0.007998721555180133
2003-10-23,1.0222428220289892,1.2584065349380271,0.0,-0.008167310597857897
2003-10-24,1.0222428220289892,1.2727245404241796,0.0,0.011377885515238113
2003-10-27,1.0222428220289892,1.2859398731729805,0.0,0.010383498022593595
2003-10-28,1.0222428220289892,1.3062100885248418,0.0,0.015762957331625218
2003-10-29,1.0222428220289892,1.3045317041232456,0.0,-0.0012849268401316097
2003-10-30,1.0222428220289892,1.3276166747837885,0.0,0.017695982847774554
2003-10-31,1.0222428220289892,1.3525160538942365,0.0,0.0187549460498476
2003-11-03,1.0312359042641157,1.3545938524430607,0.0087974031622708,0.0015362468658628669
2003-11-04,1.0312359042641157,1.3755722788692861,0.0,0.015486875559334723
2003-11-05,1.0312359042641157,1.3580079916054222,0.0,-0.012768712726823532
2003-11-06,1.0312359042641157,1.3684032983027201,0.0,0.007654819972751984
2003-11-07,1.0312359042641157,1.397301039434441,0.0,0.02111785404753376
2003-11-10,1.0312359042641157,1.390179344139793,0.0,-0.005096750874479095
2003-11-11,1.0312359042641157,1.3652598999708512,0.0,-0.017925344865745492
2003-11-12,1.0312359042641157,1.3656939121127554,0.0,0.000317897084586997
2003-11-13,1.0312359042641157,1.3590250764905505,0.0,-0.004883111481318725
2003-11-14,1.0312359042641157,1.4113755243095039,0.0,0.03852059003512984
2003-11-17,1.0312359042641157,1.382518140626166,0.0,-0.020446283208330328
2003-11-18,1.0312359042641157,1.3758681615571529,0.0,-0.004810048326744742
2003-11-19,1.0312359042641157,1.3629075147074123,0.0,-0.00941997730005768
2003-11-20,1.0312359042641157,1.368829478655406,0.0,0.004345095968793585
2003-11-21,1.0312359042641157,1.3711587475603224,0.0,0.0017016501625932712
2003-11-24,1.0312359042641157,1.4329545631683118,0.0,0.04506831591742506
2003-11-25,1.0312359042641157,1.4123476781802198,0.0,-0.014380696721136383
2003-11-26,1.0312359042641157,1.4548880624699665,0.0,0.030120334353194847
2003-11-27,1.0312359042641157,1.4404294979581929,0.0,-0.009937922294329252
2003-11-28,1.0312359042641157,1.4205467901671576,0.0,-0.013803318953977883
2003-12-01,1.0301420991276182,1.428539343368274,-0.0010606740242213647,0.005626392074122322
2003-12-02,1.0301420991276182,1.4417334863606,0.0,0.009236107534298776
2003-12-03,1.0301420991276182,1.4495998389748952,0.0,0.0054561766711490895
2003-12-04,1.0301420991276182,1.4563610338052526,0.0,0.004664180174811953
2003-12-05,1.0301420991276182,1.4612136666618232,0.0,0.0033320260182265527
2003-12-08,1.0301420991276182,1.4442803829579813,0.0,-0.01158850624667802
2003-12-09,1.0301420991276182,1.5022452055022937,0.0,0.04013405099749168
2003-12-10,1.0301420991276182,1.5040717671270236,0.0,0.0012158878044941312
2003-12-11,1.0301420991276182,1.4949912653981223,0.0,-0.006037279554981841
2003-12-12,1.0301420991276182,1.5217008383522375,0.0,0.017866039469469533
2003-12-15,1.0301420991276182,1.5144627661684666,0.0,-0.004756567126300918
2003-12-16,1.0301420991276182,1.5028406303351758,0.0,-0.007674098097964111
2003-12-17,1.0301420991276182,1.5259734585689813,0.0,0.01539273544171218
2003-12-18,1.0301420991276182,1.547619229417802,0.0,0.014184893405105137
2003-12-19,1.0301420991276182,1.538175975902914,0.0,-0.006101793862073131
2003-12-22,1.0301420991276182,1.5519655222001503,0.0,0.008964869113328588
2003-12-23,1.0301420991276182,1.534159865971985,0.0,-0.011472971514807195
2003-12-24,1.0301420991276182,1.534159865971985,0.0,0.0
2003-12-25,1.0301420991276182,1.534159865971985,0.0,0.0
2003-12-26,1.0301420991276182,1.534159865971985,0.0,0.0
2003-12-29,1.0301420991276182,1.5739218245011928,0.0,0.025917741306585328
2003-12-30,1.0301420991276182,1.5558244352851085,0.0,-0.01149827706456752
2003-12-31,1.0297300422879672,1.5558244352851085,-0.0004,0.0
2004-01-01,1.0297300422879672,1.5558244352851085,0.0,0.0
2004-01-02,1.0297300422879672,1.603980804807392,0.0,0.030952315974815535
2004-01-05,1.0297300422879672,1.6370914556108638,0.0,0.020642797410189463
2004-01-06,1.0297300422879672,1.6338664927369293,0.0,-0.001969934460827738
2004-01-07,1.0297300422879672,1.6301355583814778,0.0,-0.002283500134213368
2004-01-08,1.0297300422879672,1.662541068709024,0.0,0.019879027950117718
2004-01-09,1.0297300422879672,1.678109656500469,0.0,0.009364332758127914
2004-01-12,1.0297300422879672,1.6892066623178532,0.0,0.006612801359194886
2004-01-13,1.0297300422879672,1.6904841884081463,0.0,0.0007562876223446018
2004-01-14,1.0297300422879672,1.7144360621328902,0.0,0.014168647000063395
2004-01-15,1.0297300422879672,1.6907878803641074,0.0,-0.013793562962833723
2004-01-16,1.0297300422879672,1.7054545325175128,0.0,0.008674448358505438
2004-01-19,1.0297300422879672,1.7205982234358455,0.0,0.00887956297256339
2004-01-20,1.0297300422879672,1.7431168204704814,0.0,0.013087655635066753
2004-01-21,1.0297300422879672,1.7359467618803164,0.0,-0.004113355172735796
2004-01-22,1.0297300422879672,1.7395137922819668,0.0,0.0020548040296966812
2004-01-23,1.0297300422879672,1.717634356908134,0.0,-0.01257790278577231
2004-01-26,1.0297300422879672,1.7149120745935278,0.0,-0.0015849021089135698
2004-01-27,1.0297300422879672,1.7176187267682026,0.0,0.0015783037595770081
2004-01-28,1.0297300422879672,1.7245650307181293,0.0,0.004044147773701042
2004-01-29,1.0297300422879672,1.7091852258986135,0.0,-0.008918077628601388
2004-01-30,1.0297300422879672,1.6942046216763782,0.0,-0.008764763464626395
2004-02-02,1.0158693198925297,1.7070670519993791,-0.013460539972826525,0.007592017019923876
2004-02-03,1.0158693198925297,1.6785899212878075,0.0,-0.01668190518832769
2004-02-04,1.0158693198925297,1.6809954523252344,0.0,0.0014330665321648322
2004-02-05,1.0158693198925297,1.7161260618165988,0.0,0.020898693951116896
2004-02-06,1.0158693198925297,1.7137672238779402,0.0,-0.001374513208057467
2004-02-09,1.0158693198925297,1.7346966296469932,0.0,0.01221251374016455
2004-02-10,1.0158693198925297,1.7207034154348324,0.0,-0.00806666363040575
2004-02-11,1.0158693198925297,1.7387430599952796,0.0,0.01048387792958998
2004-02-12,1.0158693198925297,1.7554695925466735,0.0,0.009619898958181517
2004-02-13,1.0158693198925297,1.7594316318846908,0.0,0.002256968366093874
2004-02-16,1.0158693198925297,1.7670437654874829,0.0,0.004326473086446744
2004-02-17,1.0158693198925297,1.7783910114463317,0.0,0.006421598706537076
2004-02-18,1.0158693198925297,1.8075854500077568,0.0,0.016416209019006207
2004-02-19,1.0158693198925297,1.847798622551378,0.0,0.02224689988705571
2004-02-20,1.0158693198925297,1.868692945875549,0.0,0.011307684219030752
2004-02-23,1.0158693198925297,1.8545474379398053,0.0,-0.007569733683088383
2004-02-24,1.0158693198925297,1.8215499525115857,0.0,-0.017792742721575234
2004-02-25,1.0158693198925297,1.832680162906947,0.0,0.00611029655267726
2004-02-26,1.0158693198925297,1.8442509294541256,0.0,0.006313576575645011
2004-02-27,1.0158693198925297,1.8668587130849816,0.0,0.012258518225362976
2004-03-01,1.0196615357403296,1.8539300123173317,0.0037329760566064737,-0.006925377200230261
2004-03-02,1.0196615357403296,1.8533529387446879,0.0,-0.00031127041949252643
2004-03-03,1.0196615357403296,1.847084726846602,0.0,-0.0033820929446559973
2004-03-04,1.0196615357403296,1.8794176049677633,0.0,0.017504815914081685
2004-03-05,1.0196615357403296,1.893433865321772,0.0,0.007457767936705702
2004-03-08,1.0196615357403296,1.9139249380807146,0.0,0.010822175062058818
2004-03-09,1.0196615357403296,1.8735132141100646,0.0,-0.021114581437647675
2004-03-10,1.0196615357403296,1.8683411870461366,0.0,-0.0027606034614410914
2004-03-11,1.0196615357403296,1.8027274257523849,0.0,-0.03511872550296214
2004-03-12,1.0196615357403296,1.8113870471703204,0.0,0.004803622163967051
2004-03-15,1.0196615357403296,1.761135919309955,0.0,-0.027741794852108384
2004-03-16,1.0196615357403296,1.7773235724116174,0.0,0.009191597834200796
2004-03-17,1.0196615357403296,1.7525090894351865,0.0,-0.013961713759729507
2004-03-18,1.0196615357403296,1.7618501093618777,0.0,0.005330083583019703
2004-03-19,1.0196615357403296,1.7875676363742736,0.0,0.014596887031275678
2004-03-22,1.0196615357403296,1.7100186453062198,0.0,-0.04338240942051654
2004-03-23,1.0196615357403296,1.7386447345553284,0.0,0.016740220539514745
2004-03-24,1.0196615357403296,1.73474980928434,0.0,-0.002240207670708812
2004-03-25,1.0196615357403296,1.7733210777365662,0.0,0.022234484907157036
2004-03-26,1.0196615357403296,1.7587506315769217,0.0,-0.00821647379178627
2004-03-29,1.0196615357403296,1.8039269505747504,0.0,0.025686597171153756
2004-03-30,1.0196615357403296,1.77774992358642,0.0,-0.014511134710854093
2004-03-31,1.0188458065117374,1.7816636736076512,-0.0008,0.002201518880302074
2004-04-01,1.027100437578513,1.7544218784818217,0.008101943408922029,-0.01529008843216089
2004-04-02,1.027100437578513,1.7913131421630395,0.0,0.021027589848082215
2004-04-05,1.027100437578513,1.7977533687400107,0.0,0.003595254467454144
2004-04-06,1.027100437578513,1.7810616930894314,0.0,-0.009284741689722334
2004-04-07,1.027100437578513,1.7906924975007588,0.0,0.005407339031935306
2004-04-08,1.027100437578513,1.7906924975007588,0.0,0.0
2004-04-09,1.027100437578513,1.7906924975007588,0.0,0.0
2004-04-12,1.027100437578513,1.7906924975007588,0.0,0.0
2004-04-13,1.027100437578513,1.8099740077732263,0.0,0.010767627774940787
2004-04-14,1.027100437578513,1.7871621942068496,0.0,-0.012603392904211627
2004-04-15,1.027100437578513,1.7661021261897125,0.0,-0.011784083216064091
2004-04-16,1.027100437578513,1.7950358838793927,0.0,0.01638283384670594
2004-04-19,1.027100437578513,1.7606772166770386,0.0,-0.019140936128863806
2004-04-20,1.027100437578513,1.8226802937911462,0.0,0.03521547080113138
2004-04-21,1.027100437578513,1.7981659617923953,0.0,-0.013449606100563817
2004-04-22,1.027100437578513,1.7882481218576107,0.0,-0.0055155309051109075
2004-04-23,1.027100437578513,1.7508534310069683,0.0,-0.020911354746340843
2004-04-26,1.027100437578513,1.8002010339685617,0.0,0.028184885203789985
2004-04-27,1.027100437578513,1.7953105563045395,0.0,-0.002716628627437781
2004-04-28,1.027100437578513,1.7567200103048577,0.0,-0.021495192497010936
2004-04-29,1.027100437578513,1.6890152222844017,0.0,-0.03854045472431701
2004-04-30,1.027100437578513,1.6730167240527662,0.0,-0.009472086468230535
2004-05-03,1.0227009664182816,1.6978230239369594,-0.004283389432297091,0.01482728745478494
2004-05-04,1.0227009664182816,1.7114494380015848,0.0,0.008025815336764747
2004-05-05,1.0227009664182816,1.7275649273798148,0.0,0.00941628132295156
2004-05-06,1.0227009664182816,1.7207372854498244,0.0,-0.003952176744144567
2004-05-07,1.0227009664182816,1.6928147734032117,0.0,-0.01622706283098488
2004-05-10,1.0227009664182816,1.6162870651039107,0.0,-0.04520737265628344
2004-05-11,1.0227009664182816,1.6768938143000638,0.0,0.03749751545048504
2004-05-12,1.0227009664182816,1.6672964365179088,0.0,-0.0057233068070925985
2004-05-13,1.0227009664182816,1.6905409830114886,0.0,0.013941459949452756
2004-05-14,1.0227009664182816,1.709342463961833,0.0,0.011121576548148451
2004-05-17,1.0227009664182816,1.709342463961833,0.0,0.0
2004-05-18,1.0227009664182816,1.6839376473668874,0.0,-0.014862332815428723
2004-05-19,1.0227009664182816,1.742805942240642,0.0,0.03495871415773905
2004-05-20,1.0227009664182816,1.742805942240642,0.0,0.0
2004-05-21,1.0227009664182816,1.7469790911267697,0.0,0.002394500032954057
2004-05-24,1.0227009664182816,1.7599874948713072,0.0,0.0074462274967168965
2004-05-25,1.0227009664182816,1.7664275537812122,0.0,0.0036591503795746563
2004-05-26,1.0227009664182816,1.7764974632351342,0.0,0.005700720322419271
2004-05-27,1.0227009664182816,1.7845370656288448,0.0,0.004525535532749869
2004-05-28,1.0227009664182816,1.7944512753672353,0.0,0.005555619958443975
2004-05-31,1.0227009664182816,1.7944512753672353,0.0,0.0
2004-06-01,1.0267904625163917,1.7814372958615543,0.0039987212610470575,-0.007252344872399938
2004-06-02,1.0267904625163917,1.826243313151046,0.0,0.025151610664927854
2004-06-03,1.0267904625163917,1.7758183918955437,0.0,-0.027611283169326345
2004-06-04,1.0267904625163917,1.8128410871509788,0.0,0.020848244068424254
2004-06-07,1.0267904625163917,1.794028318464405,0.0,-0.01037750568426242
2004-06-08,1.0267904625163917,1.840542608784732,0.0,0.02592728879560869
2004-06-09,1.0267904625163917,1.8443406182252327,0.0,0.002063527039457287
2004-06-10,1.0267904625163917,1.8110765257984105,0.0,-0.01803576416314657
2004-06-11,1.0267904625163917,1.8191799275190395,0.0,0.004474356331826898
2004-06-14,1.0267904625163917,1.8483330461001264,0.0,0.016025417904014155
2004-06-15,1.0267904625163917,1.859852556787834,0.0,0.006232378256728677
2004-06-16,1.0267904625163917,1.878176899422151,0.0,0.009852578134454615
2004-06-17,1.0267904625163917,1.8789892565919712,0.0,0.00043252431124583823
2004-06-18,1.0267904625163917,1.947839785911714,0.0,0.0366423219708136
2004-06-21,1.0267904625163917,1.9459997056150793,0.0,-0.0009446774369964855
2004-06-22,1.0267904625163917,1.9097045094414242,0.0,-0.018651182766845846
2004-06-23,1.0267904625163917,1.9578804741314357,0.0,0.025226920946059238
2004-06-24,1.0267904625163917,1.9670442774964825,0.0,0.004680471298490266
2004-06-25,1.0267904625163917,1.981979619232648,0.0,0.0075927837044798
2004-06-28,1.0267904625163917,1.995478491678557,0.0,0.006810802853328628
2004-06-29,1.0267904625163917,1.9687844340856298,0.0,-0.01337727151870867
2004-06-30,1.0259690301463786,1.9718684857913624,-0.0008,0.001566475055541021
2004-07-01,1.037270531913928,1.9837138851325942,0.011015441436801221,0.006007195422304289
2004-07-02,1.037270531913928,2.0026351448294877,0.0,0.009538300779514272
2004-07-05,1.037270531913928,2.002102595551921,0.0,-0.0002659242643083884
2004-07-06,1.037270531913928,2.010825738624914,0.0,0.004356991041504901
2004-07-07,1.037270531913928,1.978923100367155,0.0,-0.0158654415670925
2004-07-08,1.037270531913928,2.0163831401319166,0.0,0.01892950754772215
2004-07-09,1.037270531913928,1.9832182418583926,0.0,-0.016447716514508354
2004-07-12,1.037270531913928,2.003494844182226,0.0,0.010224090266955595
2004-07-13,1.037270531913928,2.011040207842278,0.0,0.0037661008621820216
2004-07-14,1.037270531913928,2.010778677985386,0.0,-0.00013004705518679383
2004-07-15,1.037270531913928,2.022051100651494,0.0,0.005605998705636862
2004-07-16,1.037270531913928,2.005922507024555,0.0,-0.00797635313061193
2004-07-19,1.037270531913928,1.986678792241573,0.0,-0.00959344875766266
2004-07-20,1.037270531913928,1.9852262534322125,0.0,-0.0007311392334951317
2004-07-21,1.037270531913928,2.050742365740153,0.0,0.03300183653861664
2004-07-22,1.037270531913928,2.028737045505334,0.0,-0.010730416751729137
2004-07-23,1.037270531913928,2.029648708500021,0.0,0.0004493746474965865
2004-07-26,1.037270531913928,1.9980649142696076,0.0,-0.015561212193096662
2004-07-27,1.037270531913928,2.0432069884532646,0.0,0.022592896687822765
2004-07-28,1.037270531913928,2.025655294401803,0.0,-0.00859026723706964
2004-07-29,1.037270531913928,2.049990687703022,0.0,0.012013590549425503
2004-07-30,1.037270531913928,2.097690816998975,0.0,0.02326846145306194
2004-08-02,1.0387766686614612,2.0972520579742318,0.0014520192188957283,-0.00020916286670459583
2004-08-03,1.0387766686614612,2.1087057015891117,0.0,0.005461262308138329
2004-08-04,1.0387766686614612,2.058489175274395,0.0,-0.023813909298426056
2004-08-05,1.0387766686614612,2.092238075262182,0.0,0.016394985406366504
2004-08-06,1.0387766686614612,2.0178098891981127,0.0,-0.035573478441138943
2004-08-09,1.0387766686614612,1.9986198031748277,0.0,-0.009510353837601258
2004-08-10,1.0387766686614612,2.0152379918201513,0.0,0.008314832375284936
2004-08-11,1.0387766686614612,2.0090859945977875,0.0,-0.0030527397991376853
2004-08-12,1.0387766686614612,2.0156520688011543,0.0,0.0032681897245922936
2004-08-13,1.0387766686614612,2.0682743151019487,0.0,0.026106810354473646
2004-08-16,1.0387766686614612,2.045060965804978,0.0,-0.011223535063735794
2004-08-17,1.0387766686614612,2.0722657865455947,0.0,0.013302694245063015
2004-08-18,1.0387766686614612,2.0736333082086524,0.0,0.0006599161516522845
2004-08-19,1.0387766686614612,2.0997588371857323,0.0,0.012598914607351144
2004-08-20,1.0387766686614612,2.1419894014295884,0.0,0.020112102159530187
2004-08-23,1.0387766686614612,2.1399066761801295,0.0,-0.0009723321917787381
2004-08-24,1.0387766686614612,2.123987243836688,0.0,-0.007439311499256154
2004-08-25,1.0387766686614612,2.1228224542891336,0.0,-0.0005483976191166598
2004-08-26,1.0387766686614612,2.128599547108921,0.0,0.0027214206294618876
2004-08-27,1.0387766686614612,2.139783005307831,0.0,0.005253904246150513
2004-08-30,1.0387766686614612,2.1422901769502776,0.0,0.0011716943429437507
2004-08-31,1.0383611579939966,2.1283590684832863,-0.0004,-0.0065029045163356655
2004-09-01,1.0420352494548526,2.122176636979936,0.0035383560262921775,-0.0029047878221770684
2004-09-02,1.0420352494548526,2.143981910637095,0.0,0.010274956983877821
2004-09-03,1.0420352494548526,2.1449075539503633,0.0,0.0004317402626744793
2004-09-06,1.0420352494548526,2.1612838512947277,0.0,0.007634966511355576
2004-09-07,1.0420352494548526,2.1639046964584296,0.0,0.0012126334827014806
2004-09-08,1.0420352494548526,2.1377824664084706,0.0,-0.012071802465567098
2004-09-09,1.0420352494548526,2.1441180446668953,0.0,0.002963621583569588
2004-09-10,1.0420352494548526,2.149550150801849,0.0,0.002533492103415233
2004-09-13,1.0420352494548526,2.1437539651114785,0.0,-0.0026964645082638433
2004-09-14,1.0420352494548526,2.149515351648248,0.0,0.002687522276591754
2004-09-15,1.0420352494548526,2.1535360878043583,0.0,0.0018705314912159723
2004-09-16,1.0420352494548526,2.169905715206567,0.0,0.007601278425242636
2004-09-17,1.0420352494548526,2.190216807680401,0.0,0.009360357148928439
2004-09-20,1.0420352494548526,2.184838780920188,0.0,-0.0024554768922209133
2004-09-21,1.0420352494548526,2.2020398470685443,0.0,0.007872922386113881
2004-09-22,1.0420352494548526,2.2110679017815755,0.0,0.004099859829988756
2004-09-23,1.0420352494548526,2.215101696768995,0.0,0.001824365042868821
2004-09-24,1.0420352494548526,2.242592186209476,0.0,0.012410486381089963
2004-09-27,1.0420352494548526,2.2559790504301707,0.0,0.005969370758988395
2004-09-28,1.0420352494548526,2.257660741831814,0.0,0.000745437508084347
2004-09-29,1.0420352494548526,2.2619919694768686,0.0,0.0019184581477641044
2004-09-30,1.0416184353550706,2.2679788038879845,-0.0004,0.002646708959139356
2004-10-01,1.0556189016130506,2.291531353199391,0.013441069956876862,0.010384818972307246
2004-10-04,1.0556189016130506,2.313348849085131,0.0,0.009520924012354715
2004-10-05,1.0556189016130506,2.302778561284609,0.0,-0.00456925802811891
2004-10-06,1.0556189016130506,2.302546780636585,0.0,-0.00010065259939489452
2004-10-07,1.0556189016130506,2.319781033471511,0.0,0.007484865445453147
2004-10-08,1.0556189016130506,2.31244093092126,0.0,-0.003164135944014733
2004-10-11,1.0556189016130506,2.2926409661667466,0.0,-0.008562365632675956
2004-10-12,1.0556189016130506,2.262817108720406,0.0,-0.013008516329622029
2004-10-13,1.0556189016130506,2.2657079273007263,0.0,0.0012775308128877977
2004-10-14,1.0556189016130506,2.2296728884323938,0.0,-0.01590453845975784
2004-10-15,1.0556189016130506,2.232454730322243,0.0,0.0012476457440377606
2004-10-18,1.0556189016130506,2.261474811724238,0.0,0.012999180233234008
2004-10-19,1.0556189016130506,2.262202052852524,0.0,0.0003215782570364645
2004-10-20,1.0556189016130506,2.1773954220216396,0.0,-0.03748853057751743
2004-10-21,1.0556189016130506,2.2245513384050106,0.0,0.021657029268293625
2004-10-22,1.0556189016130506,2.279519496698433,0.0,0.02470977286270882
2004-10-25,1.0556189016130506,2.2461393441357296,0.0,-0.014643503866077975
2004-10-26,1.0556189016130506,2.2162231885236428,0.0,-0.013318922394638104
2004-10-27,1.0556189016130506,2.2221208204302565,0.0,0.0026611182200210817
2004-10-28,1.0556189016130506,2.211179381619163,0.0,-0.004923872145248635
2004-10-29,1.0556189016130506,2.207135500041495,0.0,-0.0018288346984795534
2004-11-01,1.0722844082363392,2.229468926549526,0.01578742725980238,0.010118738295682939
2004-11-02,1.0722844082363392,2.2304803353530005,0.0,0.00045365458626941274
2004-11-03,1.0722844082363392,2.254556314592306,0.0,0.010794078234047863
2004-11-04,1.0722844082363392,2.2439925829040277,0.0,-0.004685503582193051
2004-11-05,1.0722844082363392,2.275941143579889,0.0,0.014237373563202857
2004-11-08,1.0722844082363392,2.273667245444595,0.0,-0.000999102345729995
2004-11-09,1.0722844082363392,2.2647512585406617,0.0,-0.003921412388640806
2004-11-10,1.0722844082363392,2.2588557795116717,0.0,-0.0026031463750190095
2004-11-11,1.0722844082363392,2.2663888827882155,0.0,0.003334919982440218
2004-11-12,1.0722844082363392,2.2837581590031664,0.0,0.0076638551957520645
2004-11-15,1.0722844082363392,2.3017053086152903,0.0,0.007858603390806393
2004-11-16,1.0722844082363392,2.291271251819361,0.0,-0.004533185354734438
2004-11-17,1.0722844082363392,2.325510945420011,0.0,0.014943535634841208
2004-11-18,1.0722844082363392,2.3327725057622004,0.0,0.0031225655404850117
2004-11-19,1.0722844082363392,2.3532947559015946,0.0,0.008797364547422408
2004-11-22,1.0722844082363392,2.365073553544501,0.0,0.005005236854995571
2004-11-23,1.0722844082363392,2.3726109569401586,0.0,0.003186963629254247
2004-11-24,1.0722844082363392,2.3701539279549726,0.0,-0.0010355802235503253
2004-11-25,1.0722844082363392,2.384393396577005,0.0,0.006007824409243627
2004-11-26,1.0722844082363392,2.379697693272814,0.0,-0.0019693492319398376
2004-11-29,1.0722844082363392,2.408485175001648,0.0,0.012097117129715063
2004-11-30,1.0722844082363392,2.4112445980606343,0.0,0.0011457089657961328
2004-12-01,1.066435816845397,2.4231670710042934,-0.005454328484139671,0.00494453070138498
2004-12-02,1.066435816845397,2.3818285602895912,0.0,-0.0170597030676755
2004-12-03,1.066435816845397,2.369078505318599,0.0,-0.005353053189286555
2004-12-06,1.066435816845397,2.3972287518559545,0.0,0.01188236121097646
2004-12-07,1.066435816845397,2.4282968829832092,0.0,0.012960019398733334
2004-12-08,1.066435816845397,2.410627253489196,0.0,-0.007276552392681754
2004-12-09,1.066435816845397,2.4339019348891795,0.0,0.009655031223219972
2004-12-10,1.066435816845397,2.449429552607869,0.0,0.006379721999521186
2004-12-13,1.066435816845397,2.4397035036506844,0.0,-0.003970740430901336
2004-12-14,1.066435816845397,2.4636166354619027,0.0,0.009801654904145411
2004-12-15,1.066435816845397,2.4664952647830094,0.0,0.0011684566826148032
2004-12-16,1.066435816845397,2.45041450689242,0.0,-0.006519679206440476
2004-12-17,1.066435816845397,2.442931566331527,0.0,-0.00305374480107138
2004-12-20,1.066435816845397,2.4536896877376,0.0,0.0044037751832024935
2004-12-21,1.066435816845397,2.479178457523868,0.0,0.01038793532599041
2004-12-22,1.066435816845397,2.514700525126109,0.0,0.014328160804414139
2004-12-23,1.066435816845397,2.5332971589569953,0.0,0.007395168388869583
2004-12-24,1.066435816845397,2.5332971589569953,0.0,0.0
2004-12-27,1.066435816845397,2.561401715056693,0.0,0.01109406213966184
2004-12-28,1.066435816845397,2.550914677910917,0.0,-0.004094257095296726
2004-12-29,1.066435816845397,2.553737783180589,0.0,0.0011067031344163328
2004-12-30,1.066435816845397,2.5716898690326913,0.0,0.007029729508776381
2004-12-31,1.0655826681919205,2.5716898690326913,-0.0008,0.0
2005-01-03,1.0518076853840075,2.5800490582887816,-0.012927183614281468,0.003250465523369904
2005-01-04,1.0518076853840075,2.5573741571678097,0.0,-0.008788554251759506
2005-01-05,1.0518076853840075,2.5355440803058755,0.0,-0.008536129451667797
2005-01-06,1.0518076853840075,2.5405685495376407,0.0,0.0019816138361748933
2005-01-07,1.0518076853840075,2.5577645189534675,0.0,0.006768551637371133
2005-01-10,1.0518076853840075,2.5724080568224035,0.0,0.005725131363901979
2005-01-11,1.0518076853840075,2.564758042108601,0.0,-0.002973872941158709
2005-01-12,1.0518076853840075,2.5672701211943907,0.0,0.0009794604576906854
2005-01-13,1.0518076853840075,2.589762381233612,0.0,0.008761158342292838
2005-01-14,1.0518076853840075,2.616508121526283,0.0,0.010327488145816285
2005-01-17,1.0518076853840075,2.6513628890008967,0.0,0.013321100434529408
2005-01-18,1.0518076853840075,2.6564018690061317,0.0,0.0019005244533441892
2005-01-19,1.0518076853840075,2.6547971806613293,0.0,-0.0006040834271069107
2005-01-20,1.0518076853840075,2.6205058397234517,0.0,-0.012916746027783227
2005-01-21,1.0518076853840075,2.6356945441517157,0.0,0.005796096386439194
2005-01-24,1.0518076853840075,2.6187950886113778,0.0,-0.00641176557345606
2005-01-25,1.0518076853840075,2.647798853732227,0.0,0.011075232746151464
2005-01-26,1.0518076853840075,2.6575722277364267,0.0,0.003691131594238471
2005-01-27,1.0518076853840075,2.6611529622888823,0.0,0.001347370549362563
2005-01-28,1.0518076853840075,2.6646523107022286,0.0,0.0013149745478501784
2005-01-31,1.0518076853840075,2.6413686260840863,0.0,-0.008737982259308802
2005-02-01,1.0608945436573063,2.666145636992468,0.008639277312355078,0.009380368443731524
2005-02-02,1.0608945436573063,2.6770795975315256,0.0,0.004101036487786029
2005-02-03,1.0608945436573063,2.6607732044913597,0.0,-0.0060911125149963885
2005-02-04,1.0608945436573063,2.677468405637042,0.0,0.006274567527025855
2005-02-07,1.0608945436573063,2.6919680269863013,0.0,0.005415422015338109
2005-02-08,1.0608945436573063,2.674875243846529,0.0,-0.006349549091379039
2005-02-09,1.0608945436573063,2.6789311681611028,0.0,0.0015163041057351528
2005-02-10,1.0608945436573063,2.681309593586412,0.0,0.0008878262545812185
2005-02-11,1.0608945436573063,2.722952735080148,0.0,0.015530896392324307
2005-02-14,1.0608945436573063,2.722763842842679,0.0,-6.937036953880149e-05
2005-02-15,1.0608945436573063,2.712979445795039,0.0,-0.0035935533202264766
2005-02-16,1.0608945436573063,2.6565426994949304,0.0,-0.02080249682229708
2005-02-17,1.0608945436573063,2.676118223390109,0.0,0.007368797007817854
2005-02-18,1.0608945436573063,2.6640695889656736,0.0,-0.0045022803249595705
2005-02-21,1.0608945436573063,2.6865100249952794,0.0,0.008423367063139814
2005-02-22,1.0608945436573063,2.6697373686822012,0.0,-0.006243288190636062
2005-02-23,1.0608945436573063,2.667368824515574,0.0,-0.0008871824601220379
2005-02-24,1.0608945436573063,2.708213219853262,0.0,0.015312616298987433
2005-02-25,1.0608945436573063,2.735086739937479,0.0,0.00992297057233666
2005-02-28,1.0608945436573063,2.7493148740611355,0.0,0.005202077841224839
2005-03-01,1.0585119368681544,2.7538144698785305,-0.0022458469632035127,0.0016366244040824998
2005-03-02,1.0585119368681544,2.7653707759856925,0.0,0.004196472287282191
2005-03-03,1.0585119368681544,2.7856499376901205,0.0,0.0073332523365513685
2005-03-04,1.0585119368681544,2.8024816092475637,0.0,0.006042278080138054
2005-03-07,1.0585119368681544,2.7885647843532158,0.0,-0.004965893388354674
2005-03-08,1.0585119368681544,2.7803129439670724,0.0,-0.002959171123599072
2005-03-09,1.0585119368681544,2.772972816681126,0.0,-0.002640036367802988
2005-03-10,1.0585119368681544,2.742080571623375,0.0,-0.011140478865106627
2005-03-11,1.0585119368681544,2.752973979285931,0.0,0.0039726796416149485
2005-03-14,1.0585119368681544,2.7528033159777325,0.0,-6.1992343364764e-05
2005-03-15,1.0585119368681544,2.7755462863645253,0.0,0.008261749124897043
2005-03-16,1.0585119368681544,2.7411044845849086,0.0,-0.012409017262230343
2005-03-17,1.0585119368681544,2.776145393646922,0.0,0.01278349995743397
2005-03-18,1.0585119368681544,2.781847481461,0.0,0.002053958638883642
2005-03-21,1.0585119368681544,2.788538061701377,0.0,0.00240508521224278
2005-03-22,1.0585119368681544,2.783387565190317,0.0,-0.0018470239233231989
2005-03-23,1.0585119368681544,2.747908875076146,0.0,-0.012746586410701748
2005-03-24,1.0585119368681544,2.747908875076146,0.0,0.0
2005-03-25,1.0585119368681544,2.747908875076146,0.0,0.0
2005-03-28,1.0585119368681544,2.747908875076146,0.0,0.0
2005-03-29,1.0585119368681544,2.7400140464595037,0.0,-0.0028730314488408237
2005-03-30,1.0585119368681544,2.697007019443059,0.0,-0.015695914797231106
2005-03-31,1.05766512731866,2.7163204000741357,-0.0008,0.007161042033574455
2005-04-01,1.0824376277418775,2.7592904994167045,0.02342187501824855,0.01581923080259471
2005-04-04,1.0824376277418775,2.790340072030059,0.0,0.01125273783964325
2005-04-05,1.0824376277418775,2.818655523006698,0.0,0.010147670264448669
2005-04-06,1.0824376277418775,2.8284679941382556,0.0,0.00348125943431718
2005-04-07,1.0824376277418775,2.8727865129787684,0.0,0.015668736196541196
2005-04-08,1.0824376277418775,2.8748658345262754,0.0,0.0007237995368305286
2005-04-11,1.0824376277418775,2.833912032540097,0.0,-0.014245465473322394
2005-04-12,1.0824376277418775,2.8403673822729125,0.0,0.0022778934768236184
2005-04-13,1.0824376277418775,2.858658402483264,0.0,0.006439667039027375
2005-04-14,1.0824376277418775,2.8369782608619,0.0,-0.007584026689768673
2005-04-15,1.0824376277418775,2.7729493338188878,0.0,-0.022569410533149273
2005-04-18,1.0824376277418775,2.668129076603686,0.0,-0.03780099980075874
2005-04-19,1.0824376277418775,2.6679837075929127,0.0,-5.4483500085536485e-05
2005-04-20,1.0824376277418775,2.6943152673058792,0.0,0.00986946046110719
2005-04-21,1.0824376277418775,2.6903493666744254,0.0,-0.0014719512150556738
2005-04-22,1.0824376277418775,2.722004740087931,0.0,0.011766268651061992
2005-04-25,1.0824376277418775,2.715944520706071,0.0,-0.002226380906913475
2005-04-26,1.0824376277418775,2.6856007103828157,0.0,-0.011172470605315225
2005-04-27,1.0824376277418775,2.611854459610723,0.0,-0.027459871635787766
2005-04-28,1.0824376277418775,2.5627147028907635,0.0,-0.018814125166562105
2005-04-29,1.0824376277418775,2.564544976214765,0.0,0.000714193164747301
2005-05-02,1.092402407967208,2.589567853718642,0.009205870130474159,0.009757238705483784
2005-05-03,1.092402407967208,2.6178429391849964,0.0,0.010918843244733398
2005-05-04,1.092402407967208,2.604980429818705,0.0,-0.004913399949920551
2005-05-05,1.092402407967208,2.601103929946881,0.0,-0.0014881109383587318
2005-05-06,1.092402407967208,2.663314243398799,0.0,0.02391688880082108
2005-05-09,1.092402407967208,2.6956158155596905,0.0,0.01212833680477348
2005-05-10,1.092402407967208,2.6627103914507924,0.0,-0.012207015524601475
2005-05-11,1.092402407967208,2.6670224086992196,0.0,0.0016194090285867602
2005-05-12,1.092402407967208,2.6371682617245313,0.0,-0.011193811824494165
2005-05-13,1.092402407967208,2.597852282361086,0.0,-0.01490840760298514
2005-05-16,1.092402407967208,2.597852282361086,0.0,0.0
2005-05-17,1.092402407967208,2.597852282361086,0.0,0.0
2005-05-18,1.092402407967208,2.618504035654313,0.0,0.007949548722784784
2005-05-19,1.092402407967208,2.6334324691817446,0.0,0.005701130616627498
2005-05-20,1.092402407967208,2.6495689289555875,0.0,0.006127538853827844
2005-05-23,1.092402407967208,2.6360814679349915,0.0,-0.005090435984963178
2005-05-24,1.092402407967208,2.635673869458659,0.0,-0.00015462286780235784
2005-05-25,1.092402407967208,2.633318397201187,0.0,-0.0008936888151324096
2005-05-26,1.092402407967208,2.6615456152474573,0.0,0.010719257525512865
2005-05-27,1.092402407967208,2.676766069532026,0.0,0.005718652424130673
2005-05-30,1.092402407967208,2.7213148784364325,0.0,0.016642772564804127
2005-05-31,1.092402407967208,2.70408124180627,0.0,-0.006332834456872598
2005-06-01,1.1112563385623184,2.7493082339777235,0.01725914411905656,0.016725456126178657
2005-06-02,1.1112563385623184,2.7509688387026183,0.0,0.0006040082026349675
2005-06-03,1.1112563385623184,2.747405816197078,0.0,-0.0012951882461963993
2005-06-06,1.1112563385623184,2.754555827695953,0.0,0.0026024591841229336
2005-06-07,1.1112563385623184,2.8123893918022422,0.0,0.02099560427303602
2005-06-08,1.1112563385623184,2.8232734157816055,0.0,0.0038700273906198956
2005-06-09,1.1112563385623184,2.8174602469860366,0.0,-0.00205901729640285
2005-06-10,1.1112563385623184,2.866836441973641,0.0,0.017525072462131128
2005-06-13,1.1112563385623184,2.8642599676594096,0.0,-0.0008987168840569743
2005-06-14,1.1112563385623184,2.907651009140976,0.0,0.015149128211649182
2005-06-15,1.1112563385623184,2.917387054502831,0.0,0.0033484229473368654
2005-06-16,1.1112563385623184,2.941889175633793,0.0,0.00839865286066329
2005-06-17,1.1112563385623184,2.9410259177984,0.0,-0.00029343655857012874
2005-06-20,1.1112563385623184,2.9473426240988103,0.0,0.0021477900831076494
2005-06-21,1.1112563385623184,2.933185187421566,0.0,-0.004803458057942238
2005-06-22,1.1112563385623184,2.9322718061469364,0.0,-0.00031139570680591144
2005-06-23,1.1112563385623184,2.9576994179992537,0.0,0.008671642171443034
2005-06-24,1.1112563385623184,2.9828177970084373,0.0,0.008492539456959047
2005-06-27,1.1112563385623184,2.9354815120582023,0.0,-0.01586965351947077
2005-06-28,1.1112563385623184,2.981298511764666,0.0,0.01560800145334211
2005-06-29,1.1112563385623184,3.04889833672065,0.0,0.022674624727857598
2005-06-30,1.1112563385623184,3.0461817993480373,0.0,-0.0008909898175005551
2005-07-01,1.1297549678005168,3.083547132032096,0.016646590526656492,0.012266284531033511
2005-07-04,1.1297549678005168,3.096084692869884,0.0,0.0040659540136573705
2005-07-05,1.1297549678005168,3.106650021806599,0.0,0.0034124805955877413
2005-07-06,1.1297549678005168,3.157127343454214,0.0,0.016248151962177264
2005-07-07,1.1297549678005168,3.0727288185348636,0.0,-0.026732695814230156
2005-07-08,1.1297549678005168,3.1712144611725406,0.0,0.03205152437911425
2005-07-11,1.1297549678005168,3.1934817642557247,0.0,0.00702169574332441
2005-07-12,1.1297549678005168,3.1634778390248384,0.0,-0.009395364509895372
2005-07-13,1.1297549678005168,3.2036130134116303,0.0,0.012687041423740192
2005-07-14,1.1297549678005168,3.2401684048342996,0.0,0.011410676404932006
2005-07-15,1.1297549678005168,3.2010280507184206,0.0,-0.012079728342971913
2005-07-18,1.1297549678005168,3.1972755953106837,0.0,-0.0011722657059799815
2005-07-19,1.1297549678005168,3.1964990850030883,0.0,-0.00024286624172594612
2005-07-20,1.1297549678005168,3.180059484191546,0.0,-0.005143001882488098
2005-07-21,1.1297549678005168,3.185474270860503,0.0,0.0017027312526305821
2005-07-22,1.1297549678005168,3.2138485485570882,0.0,0.008907395032551918
2005-07-25,1.1297549678005168,3.2405491252003817,0.0,0.008307976010655832
2005-07-26,1.1297549678005168,3.222878417552967,0.0,-0.005452997922480725
2005-07-27,1.1297549678005168,3.2375333994635414,0.0,0.004547171817204702
2005-07-28,1.1297549678005168,3.2324340460844883,0.0,-0.0015750735976648444
2005-07-29,1.1297549678005168,3.278912970488136,0.0,0.0143789242846111
2005-08-01,1.127891143753251,3.266417553759271,-0.0016497595499796124,-0.0038108412273610698
2005-08-02,1.127891143753251,3.311126978559264,0.0,0.013687602415844692
2005-08-03,1.127891143753251,3.311981996734891,0.0,0.000258225728328669
2005-08-04,1.127891143753251,3.3030638458267316,0.0,-0.0026926930511552774
2005-08-05,1.127891143753251,3.299636819395397,0.0,-0.0010375295759615863
2005-08-08,1.127891143753251,3.3560693460790545,0.0,0.01710264788898723
2005-08-09,1.127891143753251,3.3543943475771885,0.0,-0.0004990953192974684
2005-08-10,1.127891143753251,3.363726390102236,0.0,0.002782035013798617
2005-08-11,1.127891143753251,3.3627111522534694,0.0,-0.0003018193904694641
2005-08-12,1.127891143753251,3.3511289719398385,0.0,-0.0034442983025375212
2005-08-15,1.127891143753251,3.3557924579465412,0.0,0.0013916163912973331
2005-08-16,1.127891143753251,3.328798707569075,0.0,-0.008043927243934698
2005-08-17,1.127891143753251,3.308963271135868,0.0,-0.0059587371228260536
2005-08-18,1.127891143753251,3.3083940073345763,0.0,-0.00017203690541300887
2005-08-19,1.127891143753251,3.378963184237648,0.0,0.021330342379602463
2005-08-22,1.127891143753251,3.385399690345423,0.0,0.0019048760690263192
2005-08-23,1.127891143753251,3.3716097866711823,0.0,-0.004073345818978898
2005-08-24,1.127891143753251,3.3615578168972102,0.0,-0.0029813562096391508
2005-08-25,1.127891143753251,3.355818084112692,0.0,-0.0017074621640201307
2005-08-26,1.127891143753251,3.4011134535027017,0.0,0.013497564008147382
2005-08-29,1.127891143753251,3.4227009607643573,0.0,0.006347188224322099
2005-08-30,1.127891143753251,3.424130985522463,0.0,0.00041780593002402333
2005-08-31,1.12743998729575,3.4487128593004526,-0.0004,0.007179010932094519
2005-09-01,1.1468882725799117,3.4649629137373172,0.017249951663334297,0.004711918649023442
2005-09-02,1.1468882725799117,3.446543845341735,0.0,-0.005315805350342304
2005-09-05,1.1468882725799117,3.4382378632341486,0.0,-0.002409945290210727
2005-09-06,1.1468882725799117,3.4783314202866764,0.0,0.011661077170156672
2005-09-07,1.1468882725799117,3.4588199478069814,0.0,-0.005609434559886474
2005-09-08,1.1468882725799117,3.4346937753359543,0.0,-0.00697526116857395
2005-09-09,1.1468882725799117,3.4122166710521644,0.0,-0.00654413632015606
2005-09-12,1.1468882725799117,3.4244230072152098,0.0,0.003577245333392369
2005-09-13,1.1468882725799117,3.4021256785990084,0.0,-0.006511265859743695
2005-09-14,1.1468882725799117,3.406957487270835,0.0,0.0014202322689666202
2005-09-15,1.1468882725799117,3.43217654294888,0.0,0.007402222003728948
2005-09-16,1.1468882725799117,3.424249732942164,0.0,-0.0023095577711470805
2005-09-19,1.1468882725799117,3.453260294363663,0.0,0.008472092774779325
2005-09-20,1.1468882725799117,3.502528444416775,0.0,0.01426714057249781
2005-09-21,1.1468882725799117,3.511322743444113,0.0,0.0025108430001065316
2005-09-22,1.1468882725799117,3.515022091078609,0.0,0.0010535481654037962
2005-09-23,1.1468882725799117,3.471066880208646,0.0,-0.01250496006313153
2005-09-26,1.1468882725799117,3.46767531818573,0.0,-0.0009770949797175132
2005-09-27,1.1468882725799117,3.4633006708751406,0.0,-0.0012615504362957844
2005-09-28,1.1468882725799117,3.4833510547193556,0.0,0.005789385834394888
2005-09-29,1.1468882725799117,3.4756612252685026,0.0,-0.002207595309819399
2005-09-30,1.1459707619618478,3.477881942745119,-0.0008,0.0006389338122115423
2005-10-03,1.1532031889521752,3.512282523982399,0.006311179334057427,0.009891244672361535
2005-10-04,1.1532031889521752,3.5109478011802437,0.0,-0.0003800157854732672
2005-10-05,1.1532031889521752,3.4719945974608004,0.0,-0.011094782926236765
2005-10-06,1.1532031889521752,3.32367969683428,0.0,-0.042717491765392954
2005-10-07,1.1532031889521752,3.324186826549345,0.0,0.0001525808024005204
2005-10-10,1.1532031889521752,3.3391796460798404,0.0,0.004510221691137323
2005-10-11,1.1532031889521752,3.348699773888107,0.0,0.0028510379246721035
2005-10-12,1.1532031889521752,3.3276930771943727,0.0,-0.006273090486503617
2005-10-13,1.1532031889521752,3.220189880765041,0.0,-0.03230562252452967
2005-10-14,1.1532031889521752,3.181244119256342,0.0,-0.012094243802618934
2005-10-17,1.1532031889521752,3.219156569104803,0.0,0.011917491530742362
2005-10-18,1.1532031889521752,3.122613408332211,0.0,-0.02999020355180782
2005-10-19,1.1532031889521752,3.0101852370765028,0.0,-0.0360045117835308
2005-10-20,1.1532031889521752,3.0765652874349634,0.0,0.02205181579553856
2005-10-21,1.1532031889521752,3.03235392194739,0.0,-0.014370364792236842
2005-10-24,1.1532031889521752,3.1352268500001044,0.0,0.03392510594101403
2005-10-25,1.1532031889521752,3.1861970721063346,0.0,0.016257267669874995
2005-10-26,1.1532031889521752,3.215257048150306,0.0,0.009120583374574727
2005-10-27,1.1532031889521752,3.1854985825997866,0.0,-0.009255392369838356
2005-10-28,1.1532031889521752,3.1655343758225745,0.0,-0.006267215715072896
2005-10-31,1.1527419076765943,3.262001750766021,-0.0004,0.0304742781124843
2005-11-01,1.1430502399607383,3.2419465381319217,-0.00840749143525985,-0.006148130554923782
2005-11-02,1.1430502399607383,3.2495148480107194,0.0,0.002334495584606071
2005-11-03,1.1430502399607383,3.389892309626606,0.0,0.04319951382952511
2005-11-04,1.1430502399607383,3.409496890043801,0.0,0.005783245786753349
2005-11-07,1.1430502399607383,3.4430802461092744,0.0,0.009849944771482606
2005-11-08,1.1430502399607383,3.423420640880609,0.0,-0.005709888769185836
2005-11-09,1.1430502399607383,3.438177892571963,0.0,0.004310674392486488
2005-11-10,1.1430502399607383,3.446124168424353,0.0,0.0023111881062226544
2005-11-11,1.1430502399607383,3.452672176613408,0.0,0.001900108025431134
2005-11-14,1.1430502399607383,3.4426237650629936,0.0,-0.002910328880476161
2005-11-15,1.1430502399607383,3.420498171779575,0.0,-0.006426956528900206
2005-11-16,1.1430502399607383,3.3799093998784335,0.0,-0.01186633345867983
2005-11-17,1.1430502399607383,3.439205388719717,0.0,0.017543662218702225
2005-11-18,1.1430502399607383,3.436346887134154,0.0,-0.0008311517523608009
2005-11-21,1.1430502399607383,3.445148332377157,0.0,0.0025612796181770023
2005-11-22,1.1430502399607383,3.5189869691909967,0.0,0.021432643732611376
2005-11-23,1.1430502399607383,3.525129643879927,0.0,0.001745580402175248
2005-11-24,1.1430502399607383,3.498603241599687,0.0,-0.00752494374959882
2005-11-25,1.1430502399607383,3.5367721360728566,0.0,0.010909752217492755
2005-11-28,1.1430502399607383,3.510697186457179,0.0,-0.007372527438148861
2005-11-29,1.1430502399607383,3.5210212777085648,0.0,0.0029407524212603092
2005-11-30,1.142593019864754,3.5311177746863196,-0.0004,0.0028674910434864503
2005-12-01,1.1575159627833027,3.579163317748306,0.013060593456377844,0.013606326984167152
2005-12-02,1.1575159627833027,3.5996838610952158,0.0,0.005733335286812025
2005-12-05,1.1575159627833027,3.59463919141428,0.0,-0.0014014202012176333
2005-12-06,1.1575159627833027,3.584691474610779,0.0,-0.002767375603999589
2005-12-07,1.1575159627833027,3.604044266085529,0.0,0.00539873280917471
2005-12-08,1.1575159627833027,3.5713224642495054,0.0,-0.009079189771318864
2005-12-09,1.1575159627833027,3.6108873649613282,0.0,0.011078501341697702
2005-12-12,1.1575159627833027,3.6245577594108385,0.0,0.00378588226876371
2005-12-13,1.1575159627833027,3.6301632663257775,0.0,0.0015465354084605518
2005-12-14,1.1575159627833027,3.616811380448334,0.0,-0.0036780400488591602
2005-12-15,1.1575159627833027,3.587225413644344,0.0,-0.00818012433933514
2005-12-16,1.1575159627833027,3.5809618412140347,0.0,-0.001746077178893038
2005-12-19,1.1575159627833027,3.5345349939306425,0.0,-0.012964909804135921
2005-12-20,1.1575159627833027,3.5619897149765913,0.0,0.007767562378953055
2005-12-21,1.1575159627833027,3.5951785711539115,0.0,0.009317504774866661
2005-12-22,1.1575159627833027,3.613632111063619,0.0,0.0051328576715968174
2005-12-23,1.1575159627833027,3.6043788369871432,0.0,-0.002560657474828712
2005-12-26,1.1575159627833027,3.6043788369871432,0.0,0.0
2005-12-27,1.1575159627833027,3.623958620213419,0.0,0.005432221226401912
2005-12-28,1.1575159627833027,3.6319368210702336,0.0,0.002201515440136144
2005-12-29,1.1575159627833027,3.654328121743427,0.0,0.006165112934589843
2005-12-30,1.1570529563981895,3.6645938971682854,-0.0004,0.0028092100881080134
2006-01-02,1.1528398130465447,3.678953975357959,-0.0036412709792988723,0.003918600148510233
2006-01-03,1.1528398130465447,3.6989400738921816,0.0,0.005432549215916259
2006-01-04,1.1528398130465447,3.7147841202832876,0.0,0.004283401751473674
2006-01-05,1.1528398130465447,3.706606727636966,0.0,-0.002201310326937024
2006-01-06,1.1528398130465447,3.7292846570661635,0.0,0.0061182453644482715
2006-01-09,1.1528398130465447,3.719974233807398,0.0,-0.0024965708211960244
2006-01-10,1.1528398130465447,3.7025512058253,0.0,-0.004683642113366332
2006-01-11,1.1528398130465447,3.732301685418983,0.0,0.008035129817212633
2006-01-12,1.1528398130465447,3.7743238072053815,0.0,0.011259036736115557
2006-01-13,1.1528398130465447,3.7473527770755797,0.0,-0.00714592374886136
2006-01-16,1.1528398130465447,3.7466300947230455,0.0,-0.00019285143287148948
2006-01-17,1.1528398130465447,3.7187918029892337,0.0,-0.007430221567114564
2006-01-18,1.1528398130465447,3.6489965666168107,0.0,-0.018768255947084866
2006-01-19,1.1528398130465447,3.7283932532421176,0.0,0.021758498583329657
2006-01-20,1.1528398130465447,3.7464189882041876,0.0,0.004834719338255251
2006-01-23,1.1528398130465447,3.6916823801022787,0.0,-0.014610380812784256
2006-01-24,1.1528398130465447,3.7086733738929696,0.0,0.0046025069443325975
2006-01-25,1.1528398130465447,3.740208716333126,0.0,0.008503132862049366
2006-01-26,1.1528398130465447,3.7577509036789505,0.0,0.00469016268242449
2006-01-27,1.1528398130465447,3.8317361225863347,0.0,0.019688696990252906
2006-01-30,1.1528398130465447,3.868126546674248,0.0,0.009497111211131753
2006-01-31,1.1528398130465447,3.8307937742187486,0.0,-0.009651383429427167
2006-02-01,1.1658146871537658,3.886077620755253,0.011254706820831517,0.014431433743201043
2006-02-02,1.1658146871537658,3.945593198837322,0.0,0.015315077023732346
2006-02-03,1.1658146871537658,3.917641159560631,0.0,-0.007084369286962287
2006-02-06,1.1658146871537658,3.9397015014174994,0.0,0.00563102667099364
2006-02-07,1.1658146871537658,3.9119127155911073,0.0,-0.007053525709090833
2006-02-08,1.1658146871537658,3.8725838570460565,0.0,-0.01005361351451018
2006-02-09,1.1658146871537658,3.9486785120330317,0.0,0.019649582241717783
2006-02-10,1.1658146871537658,3.9365068327366055,0.0,-0.003082469048653884
2006-02-13,1.1658146871537658,3.924713370141065,0.0,-0.0029959207735813717
2006-02-14,1.1658146871537658,3.8834584375762473,0.0,-0.010511578470591622
2006-02-15,1.1658146871537658,3.9474511475866367,0.0,0.016478278585705462
2006-02-16,1.1658146871537658,3.9736583804850047,0.0,0.0066390265309275096
2006-02-17,1.1658146871537658,4.012408926912244,0.0,0.009751856530381825
2006-02-20,1.1658146871537658,4.090316779608357,0.0,0.019416727984419985
2006-02-21,1.1658146871537658,4.13178924318905,0.0,0.010139181343471158
2006-02-22,1.1658146871537658,4.159297798800662,0.0,0.006657782861736655
2006-02-23,1.1658146871537658,4.173858263458682,0.0,0.003500702609517098
2006-02-24,1.1658146871537658,4.227982190049097,0.0,0.01296736093418896
2006-02-27,1.1658146871537658,4.331071516582856,0.0,0.0243826302713357
2006-02-28,1.1658146871537658,4.3049387180012415,0.0,-0.006033795212468052
2006-03-01,1.174470961296919,4.3541399519788815,0.007425085855014203,0.01142902075978526
2006-03-02,1.174470961296919,4.366714971754539,0.0,0.0028880605387851185
2006-03-03,1.174470961296919,4.444665140966305,0.0,0.01785098631716868
2006-03-06,1.174470961296919,4.44013954069655,0.0,-0.0010182094997534738
2006-03-07,1.174470961296919,4.4585993258112016,0.0,0.004157478598466685
2006-03-08,1.174470961296919,4.387166330338785,0.0,-0.016021398258166994
2006-03-09,1.174470961296919,4.42637611465479,0.0,0.008937382666541593
2006-03-10,1.174470961296919,4.429979901192305,0.0,0.0008141618434963291
2006-03-13,1.174470961296919,4.463191794426281,0.0,0.007497075376129293
2006-03-14,1.174470961296919,4.447189179697798,0.0,-0.0035854642743489776
2006-03-15,1.174470961296919,4.479847819859736,0.0,0.007343658846588101
2006-03-16,1.174470961296919,4.490195196640443,0.0,0.0023097607768809633
2006-03-17,1.174470961296919,4.521882662984811,0.0,0.007057035375227269
2006-03-20,1.174470961296919,4.543625611280728,0.0,0.004808384010912027
2006-03-21,1.174470961296919,4.521981712371716,0.0,-0.004763574458088171
2006-03-22,1.174470961296919,4.554459723626936,0.0,0.007182251791590322
2006-03-23,1.174470961296919,4.622591431692901,0.0,0.0149593392411667
2006-03-24,1.174470961296919,4.666065096405624,0.0,0.009404608941786075
2006-03-27,1.174470961296919,4.674573162240233,0.0,0.001823392014218557
2006-03-28,1.174470961296919,4.678953321251036,0.0,0.0009370179605241238
2006-03-29,1.174470961296919,4.69630632491325,0.0,0.0037087362217099185
2006-03-30,1.174470961296919,4.724078685300903,0.0,0.005913660324992881
2006-03-31,1.1735313845278814,4.685502098611679,-0.0008,-0.008165949227148861
2006-04-03,1.2008235406660541,4.737534067245718,0.023256434806941728,0.011104886421768045
2006-04-04,1.2008235406660541,4.674777242323924,0.0,-0.013246727945595227
2006-04-05,1.2008235406660541,4.703336240532178,0.0,0.006109167715990765
2006-04-06,1.2008235406660541,4.719073052236192,0.0,0.003345882773253074
2006-04-07,1.2008235406660541,4.687600900193132,0.0,-0.006669138556383777
2006-04-10,1.2008235406660541,4.694676065959064,0.0,0.0015093362077050823
2006-04-11,1.2008235406660541,4.685395673605075,0.0,-0.00197679077823517
2006-04-12,1.2008235406660541,4.633682961846197,0.0,-0.011036999937955844
2006-04-13,1.2008235406660541,4.633682961846197,0.0,0.0
2006-04-14,1.2008235406660541,4.633682961846197,0.0,0.0
2006-04-17,1.2008235406660541,4.633682961846197,0.0,0.0
2006-04-18,1.2008235406660541,4.647703799757822,0.0,0.0030258517958765135
2006-04-19,1.2008235406660541,4.682526083801856,0.0,0.00749236301286009
2006-04-20,1.2008235406660541,4.7704772448025965,0.0,0.018782844863371333
2006-04-21,1.2008235406660541,4.761029930813735,0.0,-0.001980370831692911
2006-04-24,1.2008235406660541,4.823718276879165,0.0,0.013166971637734774
2006-04-25,1.2008235406660541,4.833397291654395,0.0,0.0020065464481253195
2006-04-26,1.2008235406660541,4.772142873845731,0.0,-0.012673160121645412
2006-04-27,1.2008235406660541,4.634102221667357,0.0,-0.028926345213786793
2006-04-28,1.2003432112497878,4.610493773177265,-0.0004,-0.005094503176841313
2006-05-01,1.2003432112497878,4.610493773177265,0.0,0.0
2006-05-02,1.2003432112497878,4.679233817114539,0.0,0.014909475496352784
2006-05-03,1.2003432112497878,4.697102909871008,0.0,0.00381880740627058
2006-05-04,1.2003432112497878,4.74733456904616,0.0,0.010694178973509341
2006-05-05,1.2003432112497878,4.763997111717524,0.0,0.0035098732623581735
2006-05-08,1.2003432112497878,4.755163645852307,0.0,-0.0018542131025835046
2006-05-09,1.2003432112497878,4.782721505433305,0.0,0.005795354615195231
2006-05-10,1.2003432112497878,4.799181240117688,0.0,0.0034414997121794966
2006-05-11,1.2003432112497878,4.8235607462610695,0.0,0.0050799302888556025
2006-05-12,1.2003432112497878,4.713155892293011,0.0,-0.022888662499718215
2006-05-15,1.2003432112497878,4.518940084191018,0.0,-0.041207168305121306
2006-05-16,1.2003432112497878,4.565798858688215,0.0,0.010369417081037856
2006-05-17,1.2003432112497878,4.565798858688215,0.0,0.0
2006-05-18,1.2003432112497878,4.319676721332171,0.0,-0.05390560227761686
2006-05-19,1.2003432112497878,4.312846702611816,0.0,-0.0015811411735109915
2006-05-22,1.2003432112497878,4.134022203939599,0.0,-0.041463216989354824
2006-05-23,1.2003432112497878,4.368299354180767,0.0,0.056670510869029286
2006-05-24,1.2003432112497878,4.318119332803791,0.0,-0.011487312866722318
2006-05-25,1.2003432112497878,4.318119332803791,0.0,0.0
2006-05-26,1.2003432112497878,4.44037633842738,0.0,0.0283125583618844
2006-05-29,1.2003432112497878,4.503803838678888,0.0,0.014284262282591047
2006-05-30,1.2003432112497878,4.392996392873781,0.0,-0.02460307992401612
2006-05-31,1.2003432112497878,4.423541372911711,0.0,0.006953108381213172
2006-06-01,1.1994585224667083,4.446478731826938,-0.0007370298551182541,0.00518529318063763
2006-06-02,1.1994585224667083,4.503143335918023,0.0,0.01274370294082184
2006-06-05,1.1994585224667083,4.503143335918023,0.0,0.0
2006-06-06,1.1994585224667083,4.391661098861603,0.0,-0.02475653754283462
2006-06-07,1.1994585224667083,4.370083724766293,0.0,-0.0049132602925357
2006-06-08,1.1994585224667083,4.160022239587241,0.0,-0.048068068808060624
2006-06-09,1.1994585224667083,4.264747758804814,0.0,0.025174269075053005
2006-06-12,1.1994585224667083,4.158148690440393,0.0,-0.02499539817902293
2006-06-13,1.1994585224667083,4.000470516414992,0.0,-0.03792028274215022
2006-06-14,1.1994585224667083,4.040743781713084,0.0,0.010067132136792535
2006-06-15,1.1994585224667083,4.150651287682428,0.0,0.027199820604004846
2006-06-16,1.1994585224667083,4.135307600877277,0.0,-0.0036966937816929613
2006-06-19,1.1994585224667083,4.195101808373768,0.0,0.014459434041570733
2006-06-20,1.1994585224667083,4.1710389046018905,0.0,-0.005735952277450419
2006-06-21,1.1994585224667083,4.18340009212039,0.0,0.002963575215004989
2006-06-22,1.1994585224667083,4.239916171398014,0.0,0.013509604157650117
2006-06-23,1.1994585224667083,4.335160359623776,0.0,0.02246369606745271
2006-06-26,1.1994585224667083,4.316195351425274,0.0,-0.004374695887869755
2006-06-27,1.1994585224667083,4.375518319580151,0.0,0.013744273213974777
2006-06-28,1.1994585224667083,4.327446259970921,0.0,-0.010986597723545315
2006-06-29,1.1994585224667083,4.327435638086533,0.0,-2.4545387162927534e-06
2006-06-30,1.1989787390577216,4.349862935825561,-0.0004,0.005182583778171317
2006-07-03,1.223116952541083,4.43739413486069,0.02013231152233086,0.020122748768523345
2006-07-04,1.223116952541083,4.434119644006086,0.0,-0.0007379310367946271
2006-07-05,1.223116952541083,4.374025931695441,0.0,-0.013552568973161934
2006-07-06,1.223116952541083,4.425826716223333,0.0,0.011842816054776606
2006-07-07,1.223116952541083,4.409076683841671,0.0,-0.003784610979065843
2006-07-10,1.223116952541083,4.397842409426574,0.0,-0.002547987984937619
2006-07-11,1.223116952541083,4.379397289942449,0.0,-0.0041941292495132065
2006-07-12,1.223116952541083,4.446253472476458,0.0,0.015266069303086417
2006-07-13,1.223116952541083,4.38506662152615,0.0,-0.013761440126855519
2006-07-14,1.223116952541083,4.329924668479393,0.0,-0.012574940771952557
2006-07-17,1.223116952541083,4.2331633724631015,0.0,-0.02234710841984993
2006-07-18,1.223116952541083,4.204893021180836,0.0,-0.00667830385809462
2006-07-19,1.223116952541083,4.267245225034734,0.0,0.01482848755956876
2006-07-20,1.223116952541083,4.296228069760409,0.0,0.006791933249029325
2006-07-21,1.223116952541083,4.2216721579599135,0.0,-0.017353806778850317
2006-07-24,1.223116952541083,4.2250451541661995,0.0,0.0007989716112667966
2006-07-25,1.223116952541083,4.308312653914584,0.0,0.01970807333651252
2006-07-26,1.223116952541083,4.328735509802121,0.0,0.004740337465755182
2006-07-27,1.223116952541083,4.39424960360536,0.0,0.015134695491301413
2006-07-28,1.223116952541083,4.366911943907281,0.0,-0.006221235060395368
2006-07-31,1.223116952541083,4.407489113993245,0.0,0.009291959766346405
2006-08-01,1.2297030635549588,4.419051431921362,0.005384694407344127,0.002623334426716653
2006-08-02,1.2297030635549588,4.468148738674772,0.0,0.011110372329851473
2006-08-03,1.2297030635549588,4.418940000820621,0.0,-0.011013227341385698
2006-08-04,1.2297030635549588,4.433359688831001,0.0,0.0032631554191055387
2006-08-07,1.2297030635549588,4.444394043987985,0.0,0.0024889374946910486
2006-08-08,1.2297030635549588,4.471774869330017,0.0,0.006160755565558049
2006-08-09,1.2297030635549588,4.450090546835785,0.0,-0.0048491534408305476
2006-08-10,1.2297030635549588,4.4238024831221745,0.0,-0.005907309848403541
2006-08-11,1.2297030635549588,4.4303085106637825,0.0,0.0014706867149766184
2006-08-14,1.2297030635549588,4.418213933331776,0.0,-0.002729962778640564
2006-08-15,1.2297030635549588,4.4543492062148005,0.0,0.008178706017473163
2006-08-16,1.2297030635549588,4.500166796601553,0.0,0.010286034674341915
2006-08-17,1.2297030635549588,4.482701572585414,0.0,-0.003881017039041347
2006-08-18,1.2297030635549588,4.541237464077934,0.0,0.013058172743531313
2006-08-21,1.2297030635549588,4.558363026930078,0.0,0.0037711225161888295
2006-08-22,1.2297030635549588,4.572586688797963,0.0,0.003120344251621547
2006-08-23,1.2297030635549588,4.597715531868742,0.0,0.005495542191106033
2006-08-24,1.2297030635549588,4.594472461588572,0.0,-0.0007053655794253474
2006-08-25,1.2297030635549588,4.569157940654058,0.0,-0.005509777487220216
2006-08-28,1.2297030635549588,4.557016751131946,0.0,-0.0026572050429876162
2006-08-29,1.2297030635549588,4.523798697468751,0.0,-0.007289429790869877
2006-08-30,1.2297030635549588,4.569631081351908,0.0,0.010131393315268584
2006-08-31,1.2292111823295369,4.55530214528729,-0.0004,-0.003135687719538635
2006-09-01,1.2432680776892675,4.595320806787913,0.011435704101789068,0.008785072915969978
2006-09-04,1.2432680776892675,4.663853578088286,0.0,0.014913598893713992
2006-09-05,1.2432680776892675,4.675290273020604,0.0,0.0024521985394330217
2006-09-06,1.2432680776892675,4.591505482341437,0.0,-0.017920767650012756
2006-09-07,1.2432680776892675,4.554674428143474,0.0,-0.008021563807254939
2006-09-08,1.2432680776892675,4.546419915827361,0.0,-0.0018123166532185292
2006-09-11,1.2432680776892675,4.420121158352695,0.0,-0.027779826723656607
2006-09-12,1.2432680776892675,4.4273625280934965,0.0,0.0016382740385107106
2006-09-13,1.2432680776892675,4.537878768494757,0.0,0.024962094181352514
2006-09-14,1.2432680776892675,4.52950903446653,0.0,-0.0018444155199419526
2006-09-15,1.2432680776892675,4.522540003402533,0.0,-0.00153858420658122
2006-09-18,1.2432680776892675,4.530858314499458,0.0,0.0018393007227502367
2006-09-19,1.2432680776892675,4.540374562146373,0.0,0.0021003189652746626
2006-09-20,1.2432680776892675,4.551763517045059,0.0,0.002508373426641404
2006-09-21,1.2432680776892675,4.491983336970259,0.0,-0.013133410787036892
2006-09-22,1.2432680776892675,4.476882268505357,0.0,-0.0033617819417574094
2006-09-25,1.2432680776892675,4.362916957934867,0.0,-0.025456401070055187
2006-09-26,1.2432680776892675,4.4481058644410645,0.0,0.019525676818410317
2006-09-27,1.2432680776892675,4.514060131497012,0.0,0.014827494908157997
2006-09-28,1.2432680776892675,4.515328306371584,0.0,0.00028093885274680513
2006-09-29,1.2432680776892675,4.526018253736653,0.0,0.0023674795363125625
2006-10-02,1.23933067273588,4.5183781973975465,-0.003166979852571794,-0.0016880303858251497
2006-10-03,1.23933067273588,4.464312539768922,0.0,-0.011965722050395297
2006-10-04,1.23933067273588,4.530263604042311,0.0,0.014772949627940415
2006-10-05,1.23933067273588,4.584561556834462,0.0,0.011985605593392283
2006-10-06,1.23933067273588,4.575238545668917,0.0,-0.002033566579915755
2006-10-09,1.23933067273588,4.598388482728145,0.0,0.0050598317067298
2006-10-10,1.23933067273588,4.651188569640452,0.0,0.011482302356711924
2006-10-11,1.23933067273588,4.642540017040487,0.0,-0.0018594285031607316
2006-10-12,1.23933067273588,4.694937808238932,0.0,0.01128644901414292
2006-10-13,1.23933067273588,4.756237543659982,0.0,0.01305655962331978
2006-10-16,1.23933067273588,4.7872175767677545,0.0,0.006513558842128994
2006-10-17,1.23933067273588,4.737493461217716,0.0,-0.010386850974008058
2006-10-18,1.23933067273588,4.7823884134067685,0.0,0.00947652013803773
2006-10-19,1.23933067273588,4.784230872216422,0.0,0.00038525913212926477
2006-10-20,1.23933067273588,4.802924760229245,0.0,0.003907396718955333
2006-10-23,1.23933067273588,4.777952875197862,0.0,-0.005199307979621891
2006-10-24,1.23933067273588,4.788583611092798,0.0,0.002224956204595452
2006-10-25,1.23933067273588,4.79744702822663,0.0,0.001850947556455075
2006-10-26,1.23933067273588,4.8782334586695475,0.0,0.01683946273249006
2006-10-27,1.23933067273588,4.849583927191032,0.0,-0.005872931609617778
2006-10-30,1.23933067273588,4.803916523640182,0.0,-0.009416767342616462
2006-10-31,1.23933067273588,4.833407320790908,0.0,0.00613890707833941
2006-11-01,1.2426577963137435,4.845508703625803,0.002684613276389537,0.0025036960536805875
2006-11-02,1.2426577963137435,4.816953076652108,0.0,-0.005893215495068049
2006-11-03,1.2426577963137435,4.846410561584697,0.0,0.006115377182179728
2006-11-06,1.2426577963137435,4.909478206589977,0.0,0.013013269140916252
2006-11-07,1.2426577963137435,4.885957639220427,0.0,-0.004790848717482525
2006-11-08,1.2426577963137435,4.921185689666821,0.0,0.007210060554682769
2006-11-09,1.2426577963137435,4.945202651632496,0.0,0.004880320207405191
2006-11-10,1.2426577963137435,4.907439980890368,0.0,-0.007636223103953357
2006-11-13,1.2426577963137435,4.906147779499617,0.0,-0.00026331476203145243
2006-11-14,1.2426577963137435,4.94375154700362,0.0,0.007664621856914182
2006-11-15,1.2426577963137435,4.992329780480512,0.0,0.009826188273222514
2006-11-16,1.2426577963137435,5.013113740938492,0.0,0.004163178590333293
2006-11-17,1.2426577963137435,4.911245721671529,0.0,-0.020320308800313026
2006-11-20,1.2426577963137435,4.9511549929690615,0.0,0.008126099478474078
2006-11-21,1.2426577963137435,4.982882460022509,0.0,0.006408094090874096
2006-11-22,1.2426577963137435,4.971555454245502,0.0,-0.0022731834170046303
2006-11-23,1.2426577963137435,4.925808382149916,0.0,-0.009201762409493025
2006-11-24,1.2426577963137435,4.94128032896969,0.0,0.0031409964861484063
2006-11-27,1.2426577963137435,4.878438648767708,0.0,-0.01271769177586514
2006-11-28,1.2426577963137435,4.804517192969778,0.0,-0.015152687390381114
2006-11-29,1.2426577963137435,4.863033746127532,0.0,0.01217948668044709
2006-11-30,1.242160733195218,4.881590349850393,-0.0004,0.0038158492602765604
2006-12-01,1.2329830492276903,4.840513294396807,-0.007388483408197755,-0.008414687122372921
2006-12-04,1.2329830492276903,4.854829080949102,0.0,0.002957493489144293
2006-12-05,1.2329830492276903,4.856741103279141,0.0,0.00039383926769789857
2006-12-06,1.2329830492276903,4.858545280197353,0.0,0.0003714789155620443
2006-12-07,1.2329830492276903,4.859095159135971,0.0,0.00011317769145006984
2006-12-08,1.2329830492276903,4.8687792759576,0.0,0.0019929876868991087
2006-12-11,1.2329830492276903,4.89743393234241,0.0,0.005885388258676967
2006-12-12,1.2329830492276903,4.897000809684825,0.0,-8.843869331730952e-05
2006-12-13,1.2329830492276903,4.894024633510518,0.0,-0.0006077548871180755
2006-12-14,1.2329830492276903,4.956010926235122,0.0,0.012665709179346916
2006-12-15,1.2329830492276903,5.007363281841657,0.0,0.010361630829886975
2006-12-18,1.2329830492276903,5.055130301458786,0.0,0.009539355730459442
2006-12-19,1.2329830492276903,4.998242103008362,0.0,-0.011253557288920447
2006-12-20,1.2329830492276903,5.081127978680048,0.0,0.016583005377390138
2006-12-21,1.2329830492276903,5.042790120499915,0.0,-0.007545147128943573
2006-12-22,1.2329830492276903,5.061177256983142,0.0,0.003646222833760225
2006-12-27,1.2329830492276903,5.0969750013775466,0.0,0.007073007440119364
2006-12-28,1.2329830492276903,5.114987321981773,0.0,0.0035339236702864527
2006-12-29,1.2324898560079993,5.108939441562557,-0.0004,-0.0011823842442825194
2007-01-02,1.2471089568939864,5.136420333402889,0.011861437085849948,0.0053789817152201935
2007-01-03,1.2471089568939864,5.121750999625042,0.0,-0.002855944962769072
2007-01-04,1.2471089568939864,5.027978395246599,0.0,-0.018308700361518458
2007-01-05,1.2471089568939864,5.02042603114442,0.0,-0.0015020677315000092
2007-01-08,1.2471089568939864,5.105227626549811,0.0,0.016891314577551962
2007-01-09,1.2471089568939864,5.058431294328381,0.0,-0.009166355673949883
2007-01-10,1.2471089568939864,5.019052346016339,0.0,-0.007784814307193126
2007-01-11,1.2471089568939864,5.128311238710216,0.0,0.021768829085952124
2007-01-12,1.2471089568939864,5.160250452596116,0.0,0.006228017840417273
2007-01-15,1.2471089568939864,5.27520081441058,0.0,0.02227612067872259
2007-01-16,1.2471089568939864,5.262404034687154,0.0,-0.002425837455982474
2007-01-17,1.2471089568939864,5.228324576447958,0.0,-0.006476024648537297
2007-01-18,1.2471089568939864,5.265105527389519,0.0,0.007034940238264668
2007-01-19,1.2471089568939864,5.301062013133354,0.0,0.006829205142572431
2007-01-22,1.2471089568939864,5.336859174560737,0.0,0.006752828270768375
2007-01-23,1.2471089568939864,5.354236601896867,0.0,0.003256115023413636
2007-01-24,1.2471089568939864,5.4371574346246865,0.0,0.015486957131936048
2007-01-25,1.2471089568939864,5.394630070191161,0.0,-0.007821617259545381
2007-01-26,1.2471089568939864,5.4020828923403315,0.0,0.0013815260828267673
2007-01-29,1.2471089568939864,5.430668601575276,0.0,0.005291608774733232
2007-01-30,1.2471089568939864,5.400596204188436,0.0,-0.005537512890791532
2007-01-31,1.2466101133112288,5.424815637140172,-0.0004,0.004484585041361268
2007-02-01,1.2563616018558497,5.520802521124786,0.007822404487573832,0.017694036148888488
2007-02-02,1.2563616018558497,5.564885497752689,0.0,0.007984885613862257
2007-02-05,1.2563616018558497,5.598189304480268,0.0,0.0059846346777536474
2007-02-06,1.2563616018558497,5.631672518681696,0.0,0.005981079306237674
2007-02-07,1.2563616018558497,5.641843867431553,0.0,0.0018060973389549886
2007-02-08,1.2563616018558497,5.594468765448997,0.0,-0.008397095541058316
2007-02-09,1.2563616018558497,5.659268311897884,0.0,0.011582788136933475
2007-02-12,1.2563616018558497,5.633786718974494,0.0,-0.004502630290530392
2007-02-13,1.2563616018558497,5.668135559642307,0.0,0.006096936639813984
2007-02-14,1.2563616018558497,5.775909225134791,0.0,0.019013953417035975
2007-02-15,1.2563616018558497,5.741742525260502,0.0,-0.005915380339706101
2007-02-16,1.2563616018558497,5.745354408085077,0.0,0.0006290569123719586
2007-02-19,1.2563616018558497,5.780525101293251,0.0,0.006121588105806104
2007-02-20,1.2563616018558497,5.743446309725789,0.0,-0.0064144331038657465
2007-02-21,1.2563616018558497,5.763232903250811,0.0,0.00344507329885127
2007-02-22,1.2563616018558497,5.7568570793459815,0.0,-0.0011062929456197301
2007-02-23,1.2563616018558497,5.7605170248379105,0.0,0.0006357541001078895
2007-02-26,1.2563616018558497,5.814141187014905,0.0,0.009308914798060688
2007-02-27,1.2563616018558497,5.622595114569745,0.0,-0.03294486086319196
2007-02-28,1.2558590572151074,5.5296738913468095,-0.0004,-0.016526394188005805
2007-03-01,1.2367583052838826,5.45620932612154,-0.015209311762723509,-0.013285514963229848
2007-03-02,1.2367583052838826,5.496887774242368,0.0,0.007455441257739288
2007-03-05,1.2367583052838826,5.418007671178346,0.0,-0.014349956976317281
2007-03-06,1.2367583052838826,5.445682812655251,0.0,0.0051079923020644485
2007-03-07,1.2367583052838826,5.496793877452833,0.0,0.009385611787525533
2007-03-08,1.2367583052838826,5.630007681981301,0.0,0.02423481896872543
2007-03-09,1.2367583052838826,5.615397789457274,0.0,-0.0025950040123009083
2007-03-12,1.2367583052838826,5.620176462290179,0.0,0.0008509945353961726
2007-03-13,1.2367583052838826,5.585950182972344,0.0,-0.006089894071384376
2007-03-14,1.2367583052838826,5.4881637428944945,0.0,-0.017505784490512037
2007-03-15,1.2367583052838826,5.5437115239277315,0.0,0.010121378230588396
2007-03-16,1.2367583052838826,5.5746513313166135,0.0,0.005581063743187155
2007-03-19,1.2367583052838826,5.647578857870567,0.0,0.013081988849108786
2007-03-20,1.2367583052838826,5.735122888058734,0.0,0.015501161186295707
2007-03-21,1.2367583052838826,5.780173599416607,0.0,0.007855230347666067
2007-03-22,1.2367583052838826,5.818369922414531,0.0,0.006608161907417483
2007-03-23,1.2367583052838826,5.869942638834954,0.0,0.008863774065266075
2007-03-26,1.2367583052838826,5.815575191022111,0.0,-0.009262006659682347
2007-03-27,1.2367583052838826,5.756687663711129,0.0,-0.01012583027073407
2007-03-28,1.2367583052838826,5.742691479366869,0.0,-0.0024312912497387942
2007-03-29,1.2367583052838826,5.809507675096233,0.0,0.011634996581207813
2007-03-30,1.2362636019617692,5.79796784756314,-0.0004,-0.00198636927231554
2007-04-02,1.2429316366950174,5.810549304441602,0.005393699792396345,0.002169977000432831
2007-04-03,1.2429316366950174,5.835227268586782,0.0,0.004247096591421418
2007-04-04,1.2429316366950174,5.818050022994865,0.0,-0.0029437149233909124
2007-04-10,1.2429316366950174,5.844294311453055,0.0,0.004510839259625407
2007-04-11,1.2429316366950174,5.832978198825659,0.0,-0.0019362667285972024
2007-04-12,1.2429316366950174,5.781246942306209,0.0,-0.008868755334944418
2007-04-13,1.2429316366950174,5.80436752718795,0.0,0.003999238419059477
2007-04-16,1.2429316366950174,5.850024112398716,0.0,0.007865901839762428
2007-04-17,1.2429316366950174,5.862863573057568,0.0,0.002194770553447807
2007-04-18,1.2429316366950174,5.8210454908173315,0.0,-0.007132706009467596
2007-04-19,1.2429316366950174,5.8194600350303585,0.0,-0.0002723661564703467
2007-04-20,1.2429316366950174,5.924538453821106,0.0,0.0180563863585671
2007-04-23,1.2429316366950174,5.983012209579651,0.0,0.009869757148901884
2007-04-24,1.2429316366950174,5.9645487695504755,0.0,-0.003085977327543017
2007-04-25,1.2429316366950174,5.9909117201630435,0.0,0.00441994049024335
2007-04-26,1.2429316366950174,5.981082745632167,0.0,-0.0016406475324608066
2007-04-27,1.2429316366950174,5.928840830148599,0.0,-0.008734524785118367
2007-04-30,1.2424344640403395,5.978307871790252,-0.0004,0.008343459212146222
2007-05-02,1.2566512143383393,6.004274913492683,0.011442656099354754,0.004343543735002481
2007-05-03,1.2566512143383393,6.014420212830027,0.0,0.0016896793507147692
2007-05-04,1.2566512143383393,6.051413378285394,0.0,0.006150745067072812
2007-05-07,1.2566512143383393,6.055211234304121,0.0,0.0006275981793532892
2007-05-08,1.2566512143383393,5.932088508798614,0.0,-0.020333349364922065
2007-05-09,1.2566512143383393,5.9557898009515675,0.0,0.0039954380515057715
2007-05-10,1.2566512143383393,5.944950587145227,0.0,-0.0018199456610454856
2007-05-11,1.2566512143383393,5.883513969964049,0.0,-0.010334251947194017
2007-05-14,1.2566512143383393,5.90879428251526,0.0,0.004296805052264733
2007-05-15,1.2566512143383393,5.949888055122962,0.0,0.006954679862404735
2007-05-16,1.2566512143383393,5.937838677744774,0.0,-0.0020251435432995825
2007-05-18,1.2566512143383393,6.051186254965687,0.0,0.01908902942172268
2007-05-21,1.2566512143383393,6.117767592139932,0.0,0.011003022278418192
2007-05-22,1.2566512143383393,6.153881018699086,0.0,0.005903039959470195
2007-05-23,1.2566512143383393,6.179614049314009,0.0,0.004181593783943978
2007-05-24,1.2566512143383393,6.1726580413378365,0.0,-0.001125637931537866
2007-05-25,1.2566512143383393,6.133190001444138,0.0,-0.006394010429442928
2007-05-29,1.2566512143383393,6.115579978388566,0.0,-0.00287126651080849
2007-05-30,1.2566512143383393,6.08662016593483,0.0,-0.004735415538031424
2007-05-31,1.2566512143383393,6.18979331208059,0.0,0.016950810685245607
2007-06-01,1.2617109965734967,6.238632152781649,0.004026401421035275,0.007890221569392238
2007-06-04,1.2617109965734967,6.213477701588257,0.0,-0.004032045900025754
2007-06-05,1.2617109965734967,6.197476896425988,0.0,-0.002575177047497817
2007-06-06,1.2617109965734967,6.073328721911325,0.0,-0.020032051202362296
2007-06-07,1.2617109965734967,6.021933778948322,0.0,-0.008462400985736208
2007-06-08,1.2617109965734967,6.009762548084643,0.0,-0.002021149901419994
2007-06-11,1.2617109965734967,6.084344378665993,0.0,0.012410112709880732
2007-06-12,1.2617109965734967,6.017399438804634,0.0,-0.011002818988368671
2007-06-13,1.2617109965734967,6.02111869143449,0.0,0.0006180830552601151
2007-06-14,1.2617109965734967,6.1460091814243025,0.0,0.02074207408790654
2007-06-15,1.2617109965734967,6.226797994426644,0.0,0.013144922276803151
2007-06-18,1.2617109965734967,6.225561741850506,0.0,-0.0001985374468938724
2007-06-19,1.2617109965734967,6.241852257549743,0.0,0.0026167141817461195
2007-06-20,1.2617109965734967,6.238537179587193,0.0,-0.0005311048428837734
2007-06-21,1.2617109965734967,6.19651146989588,0.0,-0.006736468579336753
2007-06-22,1.2617109965734967,6.158487064556727,0.0,-0.006136421359644688
2007-06-25,1.2617109965734967,6.167933129888937,0.0,0.0015338288825145455
2007-06-26,1.2617109965734967,6.141097224761783,0.0,-0.004350874849325337
2007-06-27,1.2617109965734967,6.061633294702042,0.0,-0.012939695815160086
2007-06-28,1.2617109965734967,6.1631200054466975,0.0,0.016742469531001794
2007-06-29,1.2601969433776086,6.2329155142668595,-0.0012,0.011324703844559303
2007-07-02,1.2584835241452208,6.253033080632185,-0.001359644015478656,0.003227633411567405
2007-07-03,1.2584835241452208,6.28229003714588,0.0,0.004678842433172774
2007-07-04,1.2584835241452208,6.30931302350437,0.0,0.004301454755942414
2007-07-05,1.2584835241452208,6.294378378502739,0.0,-0.0023670794183129587
2007-07-06,1.2584835241452208,6.297955241332296,0.0,0.000568263077696782
2007-07-09,1.2584835241452208,6.36521846469996,0.0,0.010680168529339173
2007-07-10,1.2584835241452208,6.26783817465692,0.0,-0.015298813478765598
2007-07-11,1.2584835241452208,6.2830909764432565,0.0,0.0024335028061203876
2007-07-12,1.2584835241452208,6.356440927368784,0.0,0.011674182532217518
2007-07-13,1.2584835241452208,6.38922013774591,0.0,0.005156849682341807
2007-07-16,1.2584835241452208,6.34721901956253,0.0,-0.0065737472301583616
2007-07-17,1.2584835241452208,6.311918963832822,0.0,-0.005561499551364295
2007-07-18,1.2584835241452208,6.286688405465878,0.0,-0.003997288069050777
2007-07-19,1.2584835241452208,6.349521907236751,0.0,0.009994690005034008
2007-07-20,1.2584835241452208,6.318843890440906,0.0,-0.004831547515550693
2007-07-23,1.2584835241452208,6.336426391415744,0.0,0.002782550301873558
2007-07-24,1.2584835241452208,6.243808366422971,0.0,-0.014616760184928086
2007-07-25,1.2584835241452208,6.186224053807015,0.0,-0.009222626518396108
2007-07-26,1.2584835241452208,6.055429186049838,0.0,-0.02114292444301065
2007-07-27,1.2584835241452208,5.969954706107875,0.0,-0.014115346297645449
2007-07-30,1.2584835241452208,6.005450309717979,0.0,0.0059457073558344155
2007-07-31,1.2584835241452208,6.102784161594243,0.0,0.01620758591887093
2007-08-01,1.2341212193171887,5.979678865750156,-0.019358461482107382,-0.020171989142071727
2007-08-02,1.2341212193171887,6.020900290568875,0.0,0.006893585047655816
2007-08-03,1.2341212193171887,5.922740271765373,0.0,-0.01630321281972729
2007-08-06,1.2341212193171887,5.8054632769803565,0.0,-0.01980113754845778
2007-08-07,1.2341212193171887,5.863544937069766,0.0,0.010004655497471291
2007-08-08,1.2341212193171887,6.0170147468500685,0.0,0.02617355395539914
2007-08-09,1.2341212193171887,5.860525514990311,0.0,-0.026007785994156082
2007-08-10,1.2341212193171887,5.722288459025121,0.0,-0.02358782597424094
2007-08-13,1.2341212193171887,5.822219102111251,0.0,0.017463405384347604
2007-08-14,1.2341212193171887,5.853760703997121,0.0,0.005417453608785261
2007-08-15,1.2341212193171887,5.754758083747105,0.0,-0.016912652439382076
2007-08-16,1.2341212193171887,5.606189407612282,0.0,-0.025816667524985706
2007-08-17,1.2341212193171887,5.722083221721434,0.0,0.020672475666231847
2007-08-20,1.2341212193171887,5.818768716373973,0.0,0.016896904659742376
2007-08-21,1.2341212193171887,5.783827603494576,0.0,-0.00600489804330489
2007-08-22,1.2341212193171887,5.881817957443014,0.0,0.01694212909963509
2007-08-23,1.2341212193171887,5.930794904900824,0.0,0.008326838370751254
2007-08-24,1.2341212193171887,5.925452173725839,0.0,-0.0009008457147237328
2007-08-27,1.2341212193171887,5.909627537297165,0.0,-0.002670620901952778
2007-08-28,1.2341212193171887,5.786226310658237,0.0,-0.02088138818565329
2007-08-29,1.2341212193171887,5.801335828781212,0.0,0.0026112905565312847
2007-08-30,1.2341212193171887,5.848268924716906,0.0,0.008090049830049925
2007-08-31,1.2336275708294617,5.9608467414517,-0.0004,0.01924976744126799
2007-09-03,1.2400082047506218,5.962199829932332,0.005172253013824823,0.00022699601907584367
2007-09-04,1.2400082047506218,6.005486942414788,0.0,0.007260258581931522
2007-09-05,1.2400082047506218,5.974991789880778,0.0,-0.005077881748211412
2007-09-06,1.2400082047506218,5.998550344197634,0.0,0.003942859696770452
2007-09-07,1.2400082047506218,5.919581951790324,0.0,-0.01316457941937508
2007-09-10,1.2400082047506218,5.85072911481948,0.0,-0.011631368149235568
2007-09-11,1.2400082047506218,5.932553527626613,0.0,0.013985336049805631
2007-09-12,1.2400082047506218,5.913922763607399,0.0,-0.0031404291478290083
2007-09-13,1.2400082047506218,5.965878079568464,0.0,0.008785254396757172
2007-09-14,1.2400082047506218,5.916866616576194,0.0,-0.008215297453047252
2007-09-17,1.2400082047506218,5.859045325778367,0.0,-0.009772282281273699
2007-09-18,1.2400082047506218,5.87636014736936,0.0,0.0029552291590597443
2007-09-19,1.2400082047506218,5.977215783918239,0.0,0.0171629433900555
2007-09-20,1.2400082047506218,5.958764671562341,0.0,-0.0030869075206453878
2007-09-21,1.2400082047506218,5.980510207049771,0.0,0.0036493361772127354
2007-09-24,1.2400082047506218,5.996347143124449,0.0,0.002648091137108868
2007-09-25,1.2400082047506218,5.910559049734547,0.0,-0.014306725635167487
2007-09-26,1.2400082047506218,5.951662270425821,0.0,0.00695420185221222
2007-09-27,1.2400082047506218,5.931893235977527,0.0,-0.0033215988324015056
2007-09-28,1.2395122014687217,5.950664474864447,-0.0004,0.0031644600029330106
2007-10-01,1.243861817064377,5.948719257521994,0.003509134956881632,-0.00032689077844501774
2007-10-02,1.243861817064377,5.94167125514894,0.0,-0.0011847932416952243
2007-10-03,1.243861817064377,5.909178623743125,0.0,-0.005468601343040786
2007-10-04,1.243861817064377,5.885565812195885,0.0,-0.003995954945813186
2007-10-05,1.243861817064377,5.927893717973565,0.0,0.007191815898136476
2007-10-08,1.243861817064377,5.926481500796057,0.0,-0.00023823254003806237
2007-10-09,1.243861817064377,5.94324380496831,0.0,0.0028283736598184728
2007-10-10,1.243861817064377,5.921326141773885,0.0,-0.0036878283835676757
2007-10-11,1.243861817064377,6.034783788414192,0.0,0.019160850783050846
2007-10-12,1.243861817064377,6.013673902843242,0.0,-0.003498035109638389
2007-10-15,1.243861817064377,6.036437738860746,0.0,0.0037853459275104776
2007-10-16,1.243861817064377,5.967597862953823,0.0,-0.011404056313503212
2007-10-17,1.243861817064377,6.020385715085094,0.0,0.008845745531711018
2007-10-18,1.243861817064377,5.9528302879268935,0.0,-0.011221112791648866
2007-10-19,1.243861817064377,5.969871974507387,0.0,0.0028627872383757045
2007-10-22,1.243861817064377,5.8591525186166225,0.0,-0.018546370234330034
2007-10-23,1.243861817064377,5.934806617763959,0.0,0.01291212319647888
2007-10-24,1.243861817064377,5.909724969468795,0.0,-0.004226194703647114
2007-10-25,1.243861817064377,5.95261756423685,0.0,0.007257968008604472
2007-10-26,1.243861817064377,5.972473003707446,0.0,0.003335581239064732
2007-10-29,1.243861817064377,6.020318099548799,0.0,0.008010935472065377
2007-10-30,1.243861817064377,5.986256224120996,0.0,-0.005657819880041912
2007-10-31,1.2433642723375513,6.011411296977309,-0.0004,0.004202137682472382
2007-11-01,1.2387695277348978,5.960309290777229,-0.0036954130859938373,-0.00850083344418243
2007-11-02,1.2387695277348978,5.907097565584019,0.0,-0.008927678514191814
2007-11-05,1.2387695277348978,5.830780434479078,0.0,-0.012919565024552857
2007-11-06,1.2387695277348978,5.948993784628691,0.0,0.020274018457389163
2007-11-07,1.2387695277348978,5.902702318270776,0.0,-0.007781394305289883
2007-11-08,1.2387695277348978,5.892149647901747,0.0,-0.001787769363934297
2007-11-09,1.2387695277348978,5.839588969076847,0.0,-0.008920458909867836
2007-11-12,1.2387695277348978,5.725676716184215,0.0,-0.01950689569006441
2007-11-13,1.2387695277348978,5.666215331021655,0.0,-0.010385040600438896
2007-11-14,1.2387695277348978,5.68538647346128,0.0,0.0033834122636791086
2007-11-15,1.2387695277348978,5.595002976822776,0.0,-0.01589751146389147
2007-11-16,1.2387695277348978,5.542740575368537,0.0,-0.009340906818233229
2007-11-19,1.2387695277348978,5.402202505876538,0.0,-0.02535533957994326
2007-11-20,1.2387695277348978,5.448669985145382,0.0,0.008601580414339536
2007-11-21,1.2387695277348978,5.346179851615155,0.0,-0.018810119498821595
2007-11-22,1.2387695277348978,5.3733177709614655,0.0,0.005076132883578931
2007-11-23,1.2387695277348978,5.475217409589658,0.0,0.018964007522294615
2007-11-26,1.2387695277348978,5.512534110402916,0.0,0.0068155651221992065
2007-11-27,1.2387695277348978,5.418533222952405,0.0,-0.017052209667622387
2007-11-28,1.2387695277348978,5.568814449737435,0.0,0.02773466925485534
2007-11-29,1.2387695277348978,5.5618379200730566,0.0,-0.0012527854406617263
2007-11-30,1.2382740199238038,5.595986291497068,-0.0004,0.006139763854097141
2007-12-03,1.226020694580109,5.568334216424251,-0.009895487708325445,-0.004941412225193188
2007-12-04,1.226020694580109,5.461154475803872,0.0,-0.019248079668824983
2007-12-05,1.226020694580109,5.545939793076886,0.0,0.015525163708271228
2007-12-06,1.226020694580109,5.61300651557056,0.0,0.012092940961493166
2007-12-07,1.226020694580109,5.692906823239672,0.0,0.014234850333322705
2007-12-10,1.226020694580109,5.751680340799128,0.0,0.010323990780866044
2007-12-11,1.226020694580109,5.7587017264827525,0.0,0.0012207538089033891
2007-12-12,1.226020694580109,5.762572552667788,0.0,0.0006721699384487881
2007-12-13,1.226020694580109,5.701021306896971,0.0,-0.010681209686864836
2007-12-14,1.226020694580109,5.7300387598090605,0.0,0.005089869226937414
2007-12-17,1.226020694580109,5.620066786806559,0.0,-0.019192186582376012
2007-12-18,1.226020694580109,5.620787634307585,0.0,0.00012826315564758007
2007-12-19,1.226020694580109,5.59042536715611,0.0,-0.0054017815877179425
2007-12-20,1.226020694580109,5.628525464894309,0.0,0.006815241280572019
2007-12-21,1.226020694580109,5.72560613768056,0.0,0.017247976115903382
2007-12-27,1.226020694580109,5.743121220682109,0.0,0.003059079262592116
2007-12-28,1.226020694580109,5.800684790850394,0.0,0.010023046346468618
2008-01-02,1.2405789861174807,5.852969160733237,0.011874425612658678,0.009013482333208965
2008-01-03,1.2405789861174807,5.8055929119791285,0.0,-0.008094395759326689
2008-01-04,1.2405789861174807,5.689048249196644,0.0,-0.020074549585109316
2008-01-07,1.2405789861174807,5.571285864573587,0.0,-0.020699839316652955
2008-01-08,1.2405789861174807,5.665796754650337,0.0,0.016963927605603793
2008-01-09,1.2405789861174807,5.540210431795375,0.0,-0.022165695010482798
2008-01-10,1.2405789861174807,5.406554075496116,0.0,-0.024124779725369687
2008-01-11,1.2405789861174807,5.305250893932777,0.0,-0.018737106879679794
2008-01-14,1.2405789861174807,5.329020878069859,0.0,0.004480463716478799
2008-01-15,1.2405789861174807,5.15120564043235,0.0,-0.033367337397618324
2008-01-16,1.2405789861174807,5.021513854626409,0.0,-0.025176976975637835
2008-01-17,1.2405789861174807,5.02551129262248,0.0,0.0007960623253858588
2008-01-18,1.2405789861174807,4.989384101820025,0.0,-0.00718875925231533
2008-01-21,1.2405789861174807,4.732456568984606,0.0,-0.051494839361374584
2008-01-22,1.2405789861174807,4.776695988132467,0.0,0.009348087722092398
2008-01-23,1.2405789861174807,4.749825698626769,0.0,-0.005625287766367282
2008-01-24,1.2405789861174807,4.937470838951719,0.0,0.03950568973071992
2008-01-25,1.2405789861174807,5.06929076528725,0.0,0.02669786427812452
2008-01-28,1.2405789861174807,4.981010966852967,0.0,-0.017414625146143232
2008-01-29,1.2405789861174807,5.10437720530127,0.0,0.024767309140506986
2008-01-30,1.2405789861174807,5.0995815410683765,0.0,-0.0009395199531713071
2008-01-31,1.2400827545230337,4.988039923027717,-0.0004,-0.021872700170079203
2008-02-01,1.2644156994981586,5.063732670486925,0.019622033196070032,0.01517484796177483
2008-02-04,1.2644156994981586,5.1493272498785,0.0,0.016903455407598102
2008-02-05,1.2644156994981586,5.077047002364432,0.0,-0.01403683316413298
2008-02-06,1.2644156994981586,5.09195576577583,0.0,0.002936502932601374
2008-02-07,1.2644156994981586,5.073474483840405,0.0,-0.0036295055938312024
2008-02-08,1.2644156994981586,5.018927189933585,0.0,-0.010751467082481555
2008-02-11,1.2644156994981586,5.000582249297708,0.0,-0.003655151776792351
2008-02-12,1.2644156994981586,5.111431235615942,0.0,0.02216721589446951
2008-02-13,1.2644156994981586,5.155309518507323,0.0,0.008584343771592031
2008-02-14,1.2644156994981586,5.214294698049693,0.0,0.011441636885354014
2008-02-15,1.2644156994981586,5.178890613217775,0.0,-0.006789812790051937
2008-02-18,1.2644156994981586,5.243028540019357,0.0,0.012384491504393925
2008-02-19,1.2644156994981586,5.266780666554077,0.0,0.004530230257840884
2008-02-20,1.2644156994981586,5.252275376438004,0.0,-0.0027541093951730963
2008-02-21,1.2644156994981586,5.317264285530591,0.0,0.012373477099873766
2008-02-22,1.2644156994981586,5.231540770465706,0.0,-0.016121732993065067
2008-02-25,1.2644156994981586,5.191645065940059,0.0,-0.007625995146759694
2008-02-26,1.2644156994981586,5.237665253772752,0.0,0.00886427851830827
2008-02-27,1.2644156994981586,5.303321423254645,0.0,0.01253538863229197
2008-02-28,1.2644156994981586,5.292481701309295,0.0,-0.002043949645936843
2008-02-29,1.2639099332183594,5.289842898735219,-0.0004,-0.0004985945579033165
2008-03-03,1.256795032712585,5.219968472848516,-0.005629278098683366,-0.013209168443057128
2008-03-04,1.256795032712585,5.241926324550858,0.0,0.004206510406442969
2008-03-05,1.256795032712585,5.298693568807876,0.0,0.010829462442298167
2008-03-06,1.256795032712585,5.251762885328691,0.0,-0.008857029165727634
2008-03-07,1.256795032712585,5.138256596591148,0.0,-0.02161298809865026
2008-03-10,1.256795032712585,5.056898070220342,0.0,-0.015833877666752157
2008-03-11,1.256795032712585,5.150742576834712,0.0,0.018557721613376592
2008-03-12,1.256795032712585,5.217204629018413,0.0,0.012903392315238571
2008-03-13,1.256795032712585,5.115024454252412,0.0,-0.019585234245494132
2008-03-14,1.256795032712585,5.130108317724841,0.0,0.0029489328169074827
2008-03-17,1.256795032712585,5.026296007190774,0.0,-0.02023589057084623
2008-03-18,1.256795032712585,5.096494494436331,0.0,0.013966246147288055
2008-03-19,1.256795032712585,5.085890581129046,0.0,-0.002080628816308963
2008-03-25,1.256795032712585,5.1450501473365,0.0,0.011632095748768655
2008-03-26,1.256795032712585,5.114609094858891,0.0,-0.0059165706078427365
2008-03-27,1.256795032712585,5.195814037413602,0.0,0.015877057473725045
2008-03-28,1.256795032712585,5.217422192781808,0.0,0.004158762267589112
2008-03-31,1.25528687867333,5.208205683653834,-0.0012,-0.0017664871247576196
2008-04-01,1.263080937507739,5.311876644380409,0.006208986142391737,0.019905312313596008
2008-04-02,1.263080937507739,5.323141700154745,0.0,0.002120729928142162
2008-04-03,1.263080937507739,5.29550174967399,0.0,-0.005192413059368967
2008-04-04,1.263080937507739,5.352503930285774,0.0,0.01076426433345861
2008-04-07,1.263080937507739,5.386157499023375,0.0,0.006287444003017099
2008-04-08,1.263080937507739,5.351578753819656,0.0,-0.0064199283459477835
2008-04-09,1.263080937507739,5.342652616519026,0.0,-0.0016679446778690462
2008-04-10,1.263080937507739,5.306202424269249,0.0,-0.00682248966310779
2008-04-11,1.263080937507739,5.3029642007035624,0.0,-0.0006102713968988241
2008-04-14,1.263080937507739,5.244869707666496,0.0,-0.010955098099542013
2008-04-15,1.263080937507739,5.296466135974805,0.0,0.009837504301182194
2008-04-16,1.263080937507739,5.352030472929702,0.0,0.010490832099820416
2008-04-17,1.263080937507739,5.3097072833331485,0.0,-0.007907875302770076
2008-04-18,1.263080937507739,5.424645569080997,0.0,0.021646821494027375
2008-04-21,1.263080937507739,5.407703116870638,0.0,-0.0031232367155794704
2008-04-22,1.263080937507739,5.480099142424335,0.0,0.013387573982720965
2008-04-23,1.263080937507739,5.489666852272835,0.0,0.0017459008678204922
2008-04-24,1.263080937507739,5.468947581754003,0.0,-0.003774230946319352
2008-04-25,1.263080937507739,5.607755748946385,0.0,0.025381147856579616
2008-04-28,1.263080937507739,5.632091499352977,0.0,0.00433965948163215
2008-04-29,1.263080937507739,5.596489733441196,0.0,-0.006321233580077801
2008-04-30,1.2620704727577328,5.682206349821197,-0.0008,0.015316139305645559
2008-05-02,1.315095740160751,5.83061817352838,0.04201450596269281,0.026118696606618967
2008-05-05,1.315095740160751,5.897167260146947,0.0,0.011413727436433145
2008-05-06,1.315095740160751,5.840098592480685,0.0,-0.009677301855067192
2008-05-07,1.315095740160751,5.971645273459409,0.0,0.022524736337173334
2008-05-08,1.315095740160751,5.957351644952759,0.0,-0.0023935829829306926
2008-05-09,1.315095740160751,5.9085641229693175,0.0,-0.008189464864773479
2008-05-13,1.315095740160751,5.9238100106075615,0.0,0.0025803033225917124
2008-05-14,1.315095740160751,5.992460565337654,0.0,0.011588919058370043
2008-05-15,1.315095740160751,6.039530447549633,0.0,0.0078548505574231
2008-05-16,1.315095740160751,6.050173023386874,0.0,0.0017621528576877278
2008-05-19,1.315095740160751,6.1412125759342375,0.0,0.015047429585146037
2008-05-20,1.315095740160751,5.993178940371927,0.0,-0.024104952195013424
2008-05-21,1.315095740160751,6.012681317233149,0.0,0.0032540955401561666
2008-05-22,1.315095740160751,6.095227454630191,0.0,0.013728673289311611
2008-05-23,1.315095740160751,6.066617092362785,0.0,-0.0046938957537461185
2008-05-26,1.315095740160751,5.950039800315535,0.0,-0.01921619417747788
2008-05-27,1.315095740160751,5.933532143008784,0.0,-0.002774377627839713
2008-05-28,1.315095740160751,6.017976978205779,0.0,0.014231798726580104
2008-05-29,1.315095740160751,6.014226340225905,0.0,-0.0006232390043125542
2008-05-30,1.3145697018646867,6.053943197988326,-0.0004,0.0066038182661627975
2008-06-02,1.3120805482389912,6.085321471309157,-0.0018935120915722914,0.0051831132692586445
2008-06-03,1.3120805482389912,6.110387852479399,0.0,0.004119154803641007
2008-06-04,1.3120805482389912,6.025044907756305,0.0,-0.01396686213436759
2008-06-05,1.3120805482389912,6.036557651862354,0.0,0.0019108146548796766
2008-06-06,1.3120805482389912,6.095771957288341,0.0,0.00980928350907402
2008-06-09,1.3120805482389912,6.050001673015304,0.0,-0.007508529615894303
2008-06-10,1.3120805482389912,5.9782639965539515,0.0,-0.011857463904732864
2008-06-11,1.3120805482389912,5.961707558599062,0.0,-0.0027694390820535274
2008-06-12,1.3120805482389912,5.993064808170968,0.0,0.005259776542825802
2008-06-13,1.3120805482389912,6.026843887204967,0.0,0.0056363613802314855
2008-06-16,1.3120805482389912,6.0774384205797825,0.0,0.008394863766461246
2008-06-17,1.3120805482389912,6.137511967638299,0.0,0.009884682147513306
2008-06-18,1.3120805482389912,6.077972398684421,0.0,-0.009700929182348895
2008-06-19,1.3120805482389912,6.038197294353348,0.0,-0.006544140335300387
2008-06-20,1.3120805482389912,5.919873034910551,0.0,-0.01959595781235063
2008-06-23,1.3120805482389912,5.904450164934598,0.0,-0.0026052703976928346
2008-06-24,1.3120805482389912,5.845281657197744,0.0,-0.01002100213974957
2008-06-25,1.3120805482389912,5.826310238297249,0.0,-0.0032455953387864334
2008-06-26,1.3120805482389912,5.776542955309653,0.0,-0.008541818226648493
2008-06-27,1.3120805482389912,5.707002854621626,0.0,-0.012038359486984741
2008-06-30,1.3115557160196958,5.745552566358366,-0.0004,0.006754808560420106
2008-07-01,1.2888582408905378,5.633006235693182,-0.017305765094021534,-0.01958842589382452
2008-07-02,1.2888582408905378,5.71137269310794,0.0,0.013912013254697493
2008-07-03,1.2888582408905378,5.576693148142446,0.0,-0.023580941430772787
2008-07-04,1.2888582408905378,5.561785390565976,0.0,-0.0026732253650061746
2008-07-07,1.2888582408905378,5.599898992164496,0.0,0.006852763801920187
2008-07-08,1.2888582408905378,5.490725874447863,0.0,-0.01949555123572605
2008-07-09,1.2888582408905378,5.555054855813166,0.0,0.011715933892214536
2008-07-10,1.2888582408905378,5.473989014690763,0.0,-0.014593166625091088
2008-07-11,1.2888582408905378,5.427068312179878,0.0,-0.008571574108928892
2008-07-14,1.2888582408905378,5.377145947403255,0.0,-0.009198772137174424
2008-07-15,1.2888582408905378,5.195820792779801,0.0,-0.033721449333362415
2008-07-16,1.2888582408905378,5.1321089147896055,0.0,-0.012262139232887116
2008-07-17,1.2888582408905378,5.276314425785524,0.0,0.02809868484675961
2008-07-18,1.2888582408905378,5.284181388890622,0.0,0.001490995886570343
2008-07-21,1.2888582408905378,5.346004056196582,0.0,0.011699573265205309
2008-07-22,1.2888582408905378,5.3378886370406775,0.0,-0.0015180346050240262
2008-07-23,1.2888582408905378,5.406191311807801,0.0,0.012795822358143003
2008-07-24,1.2888582408905378,5.308270507180711,0.0,-0.018112715399697006
2008-07-25,1.2888582408905378,5.2044643379900535,0.0,-0.019555553743961326
2008-07-28,1.2888582408905378,5.293245922231834,0.0,0.01705873620724395
2008-07-29,1.2888582408905378,5.29761255310996,0.0,0.0008249438893034928
2008-07-30,1.2888582408905378,5.397397869493162,0.0,0.018835903037987052
2008-07-31,1.2888582408905378,5.404299883216127,0.0,0.0012787668965403719
2008-08-01,1.2556056252031487,5.333847408089163,-0.025800056695461905,-0.013036374118646658
2008-08-04,1.2556056252031487,5.295882231146324,0.0,-0.00711778460052332
2008-08-05,1.2556056252031487,5.2605922357422665,0.0,-0.006663666951751492
2008-08-06,1.2556056252031487,5.317776361363981,0.0,0.010870282861535328
2008-08-07,1.2556056252031487,5.3503686472298915,0.0,0.006128931277123297
2008-08-08,1.2556056252031487,5.313908760297269,0.0,-0.006814462579414803
2008-08-11,1.2556056252031487,5.346497698434424,0.0,0.006132762079138876
2008-08-12,1.2556056252031487,5.303508404045137,0.0,-0.008040645823503426
2008-08-13,1.2556056252031487,5.27035584356898,0.0,-0.0062510621178368435
2008-08-14,1.2556056252031487,5.297702321557233,0.0,0.005188734650929141
2008-08-15,1.2556056252031487,5.304720395985577,0.0,0.0013247392930679286
2008-08-18,1.2556056252031487,5.334835877292419,0.0,0.005677110018773499
2008-08-19,1.2556056252031487,5.280044314487704,0.0,-0.010270524541895273
2008-08-20,1.2556056252031487,5.307671596733195,0.0,0.005232395904270308
2008-08-21,1.2556056252031487,5.334889415122893,0.0,0.005128014778919326
2008-08-22,1.2556056252031487,5.375883989298932,0.0,0.007684240662951881
2008-08-25,1.2556056252031487,5.31901930802069,0.0,-0.010577735939137547
2008-08-26,1.2556056252031487,5.279252784737487,0.0,-0.007476288575083349
2008-08-27,1.2556056252031487,5.357450876547045,0.0,0.014812340874381134
2008-08-28,1.2556056252031487,5.399895427848317,0.0,0.007922527388366511
2008-08-29,1.2556056252031487,5.456853371071038,0.0,0.010547971527185044
2008-09-01,1.229179025638953,5.4117181007904165,-0.021046894847990116,-0.008271299815366303
2008-09-02,1.229179025638953,5.330251153633661,0.0,-0.015053804658608652
2008-09-03,1.229179025638953,5.190244252626136,0.0,-0.026266473562335278
2008-09-04,1.229179025638953,5.083591364605545,0.0,-0.020548722339344183
2008-09-05,1.229179025638953,4.999314997896554,0.0,-0.016578115876064375
2008-09-08,1.229179025638953,5.059379237507654,0.0,0.012014493912940485
2008-09-09,1.229179025638953,4.908346131482615,0.0,-0.029852102191778127
2008-09-10,1.229179025638953,4.871756930096832,0.0,-0.007454486787534433
2008-09-11,1.229179025638953,4.848761777295005,0.0,-0.004720094440625168
2008-09-12,1.229179025638953,4.939766385376147,0.0,0.0187686284171111
2008-09-15,1.229179025638953,4.779287135108881,0.0,-0.0324872145254387
2008-09-16,1.229179025638953,4.574823258316786,0.0,-0.04278124979980651
2008-09-17,1.229179025638953,4.429433026271436,0.0,-0.031780513439735286
2008-09-18,1.229179025638953,4.525902874025932,0.0,0.021779276756714205
2008-09-19,1.229179025638953,4.8344504264860015,0.0,0.0681737017006744
2008-09-22,1.229179025638953,4.783910616239805,0.0,-0.010454096285548676
2008-09-23,1.229179025638953,4.65389202041064,0.0,-0.027178307928202812
2008-09-24,1.229179025638953,4.595531159549341,0.0,-0.012540226675940383
2008-09-25,1.229179025638953,4.616361137610314,0.0,0.004532659520257708
2008-09-26,1.229179025638953,4.4212076376483385,0.0,-0.04227431393354939
2008-09-29,1.229179025638953,4.118209549811103,0.0,-0.06853287894852224
2008-09-30,1.229179025638953,4.290494601380869,0.0,0.041834940521098284
2008-10-01,1.1931112738532266,4.194952896565558,-0.02934296065374009,-0.02226822632163715
2008-10-02,1.1931112738532266,4.101504580998658,0.0,-0.022276368262300603
2008-10-03,1.1931112738532266,4.24489703090198,0.0,0.034960938619360796
2008-10-06,1.1931112738532266,3.8485270250458825,0.0,-0.09337564679911065
2008-10-07,1.1931112738532266,3.747774271174634,0.0,-0.02617956252237767
2008-10-08,1.1931112738532266,3.5484623492688647,0.0,-0.05318141048108013
2008-10-09,1.1931112738532266,3.5962582253453945,0.0,0.013469461240409486
2008-10-10,1.1931112738532266,3.400894822024532,0.0,-0.0543240754915755
2008-10-13,1.1931112738532266,3.5850576074924985,0.0,0.0541512734458324
2008-10-14,1.1931112738532266,3.712940759227073,0.0,0.03567115671092929
2008-10-15,1.1931112738532266,3.46445056432017,0.0,-0.06692544024285246
2008-10-16,1.1931112738532266,3.2578847664981914,0.0,-0.05962440334677226
2008-10-17,1.1931112738532266,3.2710194840478826,0.0,0.004031670390788228
2008-10-20,1.1931112738532266,3.4299548431653237,0.0,0.04858893684141508
2008-10-21,1.1931112738532266,3.53757466117174,0.0,0.03137645331420727
2008-10-22,1.1931112738532266,3.3508217916479044,0.0,-0.05279121641547987
2008-10-23,1.1931112738532266,3.32291780560422,0.0,-0.008327505244604898
2008-10-24,1.1931112738532266,3.0921431709479865,0.0,-0.06944939602990592
2008-10-27,1.1931112738532266,2.981628908049525,0.0,-0.035740344734613246
2008-10-28,1.1931112738532266,3.0041902346131857,0.0,0.007566778851235233
2008-10-29,1.1931112738532266,2.993450520071476,0.0,-0.0035749116077838927
2008-10-30,1.1931112738532266,3.2066185398880256,0.0,0.07121147264243405
2008-10-31,1.1926340293436852,3.3009929509701945,-0.0004,0.029431131239409776
2008-11-03,1.2216358604379511,3.3941290582310177,0.024317460663289846,0.028214573203935396
2008-11-04,1.2216358604379511,3.5967334530344526,0.0,0.059692601939252646
2008-11-05,1.2216358604379511,3.617669360153183,0.0,0.005820811409048665
2008-11-06,1.2216358604379511,3.352802472262949,0.0,-0.07321478596347426
2008-11-07,1.2216358604379511,3.4505468716599093,0.0,0.02915304441749262
2008-11-10,1.2216358604379511,3.497794802260235,0.0,0.013692881840957885
2008-11-11,1.2216358604379511,3.343089235666803,0.0,-0.044229457512334036
2008-11-12,1.2216358604379511,3.169645852958313,0.0,-0.05188117052277712
2008-11-13,1.2216358604379511,3.1317144182870544,0.0,-0.011967089205204494
2008-11-14,1.2216358604379511,3.1406321689135983,0.0,0.0028475618895740674
2008-11-17,1.2216358604379511,3.085291992914788,0.0,-0.01762071233510722
2008-11-18,1.2216358604379511,3.027922367636765,0.0,-0.018594552933650834
2008-11-19,1.2216358604379511,2.8710551866143597,0.0,-0.0518068701823544
2008-11-20,1.2216358604379511,2.8163848449707527,0.0,-0.019041898566943286
2008-11-21,1.2216358604379511,2.769196923216666,0.0,-0.016754784715714646
2008-11-24,1.2216358604379511,2.96952269783304,0.0,0.07234074721695033
2008-11-25,1.2216358604379511,2.965181920758837,0.0,-0.0014617760212341205
2008-11-26,1.2216358604379511,2.9946756127232264,0.0,0.009946671992671944
2008-11-27,1.2216358604379511,3.120057760190631,0.0,0.041868356938128376
2008-11-28,1.221147206093776,3.107087201114804,-0.0004,-0.004157153512130696
2008-12-01,1.1525715504517364,2.9579186367121646,-0.05615674776950151,-0.04800913355412702
2008-12-02,1.1525715504517364,2.9835659085182997,0.0,0.008670715782312119
2008-12-03,1.1525715504517364,3.049893883022538,0.0,0.022231107519652057
2008-12-04,1.1525715504517364,3.0576908067295063,0.0,0.0025564573739336183
2008-12-05,1.1525715504517364,2.9262615644143124,0.0,-0.042983169529743986
2008-12-08,1.1525715504517364,3.1065997972903463,0.0,0.061627516510858724
2008-12-09,1.1525715504517364,3.1840170908112015,0.0,0.024920266069797872
2008-12-10,1.1525715504517364,3.2574100957650143,0.0,0.02305044315422127
2008-12-11,1.1525715504517364,3.2436928531026537,0.0,-0.0042110886437647065
2008-12-12,1.1525715504517364,3.1209004771154545,0.0,-0.037855734666661166
2008-12-15,1.1525715504517364,3.1677027763522347,0.0,0.014996408754449582
2008-12-16,1.1525715504517364,3.1867571065107945,0.0,0.006015188767331838
2008-12-17,1.1525715504517364,3.205204149994251,0.0,0.005788656890657822
2008-12-18,1.1525715504517364,3.240260916290219,0.0,0.010937451923625743
2008-12-19,1.1525715504517364,3.265268414422453,0.0,0.007717742113454563
2008-12-22,1.1525715504517364,3.20523330283948,0.0,-0.018385965244940555
2008-12-23,1.1525715504517364,3.2419499815811434,0.0,0.011455228144901809
2008-12-29,1.1525715504517364,3.2977482577308463,0.0,0.017211331595711112
2008-12-30,1.1521105218315557,3.3209163071392753,-0.0004,0.007025414797541398
2009-01-02,1.20244606944021,3.4957707260105852,0.043689860178200625,0.05265246176045132
2009-01-05,1.20244606944021,3.497495263073685,0.0,0.0004933209864903346
2009-01-06,1.20244606944021,3.5770806590527884,0.0,0.022754968911426532
2009-01-07,1.20244606944021,3.4451394714507724,0.0,-0.03688515864692691
2009-01-08,1.20244606944021,3.518540885015194,0.0,0.021305788683646982
2009-01-09,1.20244606944021,3.509408306414155,0.0,-0.002595558471391627
2009-01-12,1.20244606944021,3.4386643795337033,0.0,-0.020158363092477146
2009-01-13,1.20244606944021,3.4126921378510358,0.0,-0.007553002798775448
2009-01-14,1.20244606944021,3.3192328897088905,0.0,-0.027385783530124178
2009-01-15,1.20244606944021,3.3499171733280413,0.0,0.009244390086120845
2009-01-16,1.20244606944021,3.4402880327988496,0.0,0.026977042952088182
2009-01-19,1.20244606944021,3.3156649372777474,0.0,-0.0362246109433212
2009-01-20,1.20244606944021,3.2508679700894443,0.0,-0.019542676480906206
2009-01-21,1.20244606944021,3.248727058983143,0.0,-0.0006585659971427571
2009-01-22,1.20244606944021,3.250561050801527,0.0,0.0005645262852453575
2009-01-23,1.20244606944021,3.2914063658578794,0.0,0.01256562003235747
2009-01-26,1.20244606944021,3.394106846886902,0.0,0.031202613598352958
2009-01-27,1.20244606944021,3.3725254074638924,0.0,-0.006358503251836091
2009-01-28,1.20244606944021,3.4589364085144365,0.0,0.025622045977564532
2009-01-29,1.20244606944021,3.437225547091834,0.0,-0.006276744888735133
2009-01-30,1.20244606944021,3.4510657337954456,0.0,0.004026557615726339
2009-02-02,1.185816579349684,3.371748785410821,-0.013829718033231787,-0.02298332008222645
2009-02-03,1.185816579349684,3.422536432290356,0.0,0.015062701912813775
2009-02-04,1.185816579349684,3.489265835285317,0.0,0.019497061409016338
2009-02-05,1.185816579349684,3.484563285884766,0.0,-0.0013477188676758237
2009-02-06,1.185816579349684,3.5996235034363617,0.0,0.033019982164674735
2009-02-09,1.185816579349684,3.6510561753471062,0.0,0.014288347617922888
2009-02-10,1.185816579349684,3.645888633186026,0.0,-0.0014153554239928127
2009-02-11,1.185816579349684,3.635447792084807,0.0,-0.0028637301222487607
2009-02-12,1.185816579349684,3.6042485821859223,0.0,-0.00858194414641639
2009-02-13,1.185816579349684,3.652970821878149,0.0,0.01351800204154542
2009-02-16,1.185816579349684,3.5948309112754138,0.0,-0.015915788391882926
2009-02-17,1.185816579349684,3.521906514843831,0.0,-0.020285904464338193
2009-02-18,1.185816579349684,3.459860207102092,0.0,-0.017617250054830128
2009-02-19,1.185816579349684,3.497124623363513,0.0,0.010770497659104311
2009-02-20,1.185816579349684,3.364074094549188,0.0,-0.0380456927172238
2009-02-23,1.185816579349684,3.320754103135431,0.0,-0.012877240570874582
2009-02-24,1.185816579349684,3.332510966836704,0.0,0.003540419837220789
2009-02-25,1.185816579349684,3.4014512381059387,0.0,0.020687185115154952
2009-02-26,1.185816579349684,3.4791419091891624,0.0,0.022840448280683094
2009-02-27,1.1848679260862043,3.428309211015206,-0.0008,-0.014610699850930711
2009-03-02,1.1542749169012843,3.3199597225961286,-0.025819763124125775,-0.03160435122682301
2009-03-03,1.1542749169012843,3.183074126714941,0.0,-0.04123110137437031
2009-03-04,1.1542749169012843,3.3752649731609403,0.0,0.06037900431943375
2009-03-05,1.1542749169012843,3.2594818915727175,0.0,-0.03430340506860765
2009-03-06,1.1542749169012843,3.2282991639230594,0.0,-0.009566774317808053
2009-03-09,1.1542749169012843,3.297676543585201,0.0,0.02149038120055553
2009-03-10,1.1542749169012843,3.467583632822119,0.0,0.051523273126174
2009-03-11,1.1542749169012843,3.419615754810135,0.0,-0.013833228868064859
2009-03-12,1.1542749169012843,3.4128457655447018,0.0,-0.001979751454797317
2009-03-13,1.1542749169012843,3.427716981950437,0.0,0.0043574241050890385
2009-03-16,1.1542749169012843,3.4713284361542085,0.0,0.01272317826513068
2009-03-17,1.1542749169012843,3.4626032314153203,0.0,-0.002513505967344962
2009-03-18,1.1542749169012843,3.427639030126424,0.0,-0.010097663218146143
2009-03-19,1.1542749169012843,3.5233403807032775,0.0,0.027920486881993264
2009-03-20,1.1542749169012843,3.550000039296527,0.0,0.007566586168983214
2009-03-23,1.1542749169012843,3.6653163216912388,0.0,0.03248345946992238
2009-03-24,1.1542749169012843,3.6225685081848042,0.0,-0.011662789717071348
2009-03-25,1.1542749169012843,3.6816476512328626,0.0,0.016308633753806364
2009-03-26,1.1542749169012843,3.7232499836048856,0.0,0.01129992229378372
2009-03-27,1.1542749169012843,3.6633454334776943,0.0,-0.016089317233862224
2009-03-30,1.1542749169012843,3.567756701205629,0.0,-0.026093289319244123
2009-03-31,1.1538132069345237,3.6201623477758518,-0.0004,0.014688682822041721
2009-04-01,1.1736700830851403,3.64765342438505,0.01720978407187146,0.007593879491644415
2009-04-02,1.1736700830851403,3.800068131515514,0.0,0.04178431703833243
2009-04-03,1.1736700830851403,3.73694088381627,0.0,-0.016612135760331225
2009-04-06,1.1736700830851403,3.7429188449603132,0.0,0.001599693794978643
2009-04-07,1.1736700830851403,3.6778047856433687,0.0,-0.017396599288979478
2009-04-08,1.1736700830851403,3.6616791327862717,0.0,-0.004384586403292709
2009-04-14,1.1736700830851403,3.810446390445488,0.0,0.04062815234878743
2009-04-15,1.1736700830851403,3.800984031189058,0.0,-0.002483267913217805
2009-04-16,1.1736700830851403,3.8591128679924416,0.0,0.015293102082620124
2009-04-17,1.1736700830851403,3.9653221297754455,0.0,0.027521678016703167
2009-04-20,1.1736700830851403,3.8323285655325567,0.0,-0.033539157700264874
2009-04-21,1.1736700830851403,3.880182789706747,0.0,0.012486983659121598
2009-04-22,1.1736700830851403,3.9086153882658143,0.0,0.007327644108543602
2009-04-23,1.1736700830851403,3.877335344659319,0.0,-0.008002845125259062
2009-04-24,1.1736700830851403,3.966172321414888,0.0,0.022911863137640195
2009-04-27,1.1736700830851403,3.971418271660432,0.0,0.001322673303229701
2009-04-28,1.1736700830851403,3.9605650503067067,0.0,-0.002732832608232766
2009-04-29,1.1736700830851403,4.105256605797099,0.0,0.036533058705648144
2009-04-30,1.1736700830851403,4.141330322748105,0.0,0.008787201487006974
2009-05-04,1.2248474873013493,4.344128358289864,0.043604591233749934,0.04896929723953692
2009-05-05,1.2248474873013493,4.3544720326712945,0.0,0.002381070154543626
2009-05-06,1.2248474873013493,4.437414939774821,0.0,0.01904775285757073
2009-05-07,1.2248474873013493,4.503114208934013,0.0,0.014805752910392789
2009-05-08,1.2248474873013493,4.6422691779919125,0.0,0.03090194087945193
2009-05-11,1.2248474873013493,4.539477910673413,0.0,-0.022142461666336037
2009-05-12,1.2248474873013493,4.54938688608294,0.0,0.002182844724550536
2009-05-13,1.2248474873013493,4.489010528719389,0.0,-0.01327131740504393
2009-05-14,1.2248474873013493,4.539278294930128,0.0,0.01119796130776268
2009-05-15,1.2248474873013493,4.615374273103465,0.0,0.01676389355953989
2009-05-18,1.2248474873013493,4.681168317034836,0.0,0.014255408129041995
2009-05-19,1.2248474873013493,4.731158327349598,0.0,0.010678960235812851
2009-05-20,1.2248474873013493,4.777281028007759,0.0,0.009748712147623125
2009-05-22,1.2248474873013493,4.711021127676769,0.0,-0.013869793286710189
2009-05-25,1.2248474873013493,4.722090691942782,0.0,0.0023497165404289546
2009-05-26,1.2248474873013493,4.687879491318552,0.0,-0.007244926634425617
2009-05-27,1.2248474873013493,4.739985177042953,0.0,0.011114979773028479
2009-05-28,1.2248474873013493,4.717396466834205,0.0,-0.004765565579856903
2009-05-29,1.2248474873013493,4.803004184986859,0.0,0.018147238366442556
2009-06-02,1.253577480699409,4.946384244435219,0.023455976107980094,0.02985216208982988
2009-06-03,1.253577480699409,4.818305739056692,0.0,-0.02589335948225564
2009-06-04,1.253577480699409,4.843566803647061,0.0,0.005242727622202348
2009-06-05,1.253577480699409,4.890868531907977,0.0,0.009765887449988263
2009-06-08,1.253577480699409,4.802583731459587,0.0,-0.018050945322373863
2009-06-09,1.253577480699409,4.920690463457545,0.0,0.024592331670199183
2009-06-10,1.253577480699409,5.0558576043599395,0.0,0.02746914115126425
2009-06-11,1.253577480699409,5.107865264295726,0.0,0.010286614854607006
2009-06-12,1.253577480699409,5.056626503666979,0.0,-0.010031345381584239
2009-06-15,1.253577480699409,4.940644064456163,0.0,-0.022936722561317804
2009-06-16,1.253577480699409,4.983015241641857,0.0,0.00857604325122706
2009-06-17,1.253577480699409,4.772807185457981,0.0,-0.04218491134187536
2009-06-18,1.253577480699409,4.855956767019038,0.0,0.01742152538958633
2009-06-19,1.253577480699409,4.8601519143195215,0.0,0.0008639177615782485
2009-06-22,1.253577480699409,4.63465909245544,0.0,-0.04639624971386378
2009-06-23,1.253577480699409,4.679056873732219,0.0,0.00957951391701108
2009-06-24,1.253577480699409,4.846006699019747,0.0,0.035680229967874295
2009-06-25,1.253577480699409,4.8158291852182655,0.0,-0.0062272951062131215
2009-06-26,1.253577480699409,4.845246997324182,0.0,0.006108566349531397
2009-06-29,1.253577480699409,4.869031414698628,0.0,0.004908814223007035
2009-06-30,1.2530760497071294,4.87954092210192,-0.0004,0.0021584390216842103
2009-07-01,1.2699987803775041,4.9451861693699515,0.013504951015806333,0.013453160515713996
2009-07-02,1.2699987803775041,4.84901169042597,0.0,-0.01944810076912333
2009-07-03,1.2699987803775041,4.843544840557632,0.0,-0.0011274152791035737
2009-07-06,1.2699987803775041,4.699477590852565,0.0,-0.02974417589751909
2009-07-07,1.2699987803775041,4.702975021207711,0.0,0.0007442168384744763
2009-07-08,1.2699987803775041,4.617718943719031,0.0,-0.018128116161413563
2009-07-09,1.2699987803775041,4.6507539832334475,0.0,0.007153973621402565
2009-07-10,1.2699987803775041,4.5421956256096365,0.0,-0.023342098510301258
2009-07-13,1.2699987803775041,4.646796153010855,0.0,0.023028626686940473
2009-07-14,1.2699987803775041,4.718669763827083,0.0,0.015467347490519362
2009-07-15,1.2699987803775041,4.830808486997496,0.0,0.02376490171659374
2009-07-16,1.2699987803775041,4.841609413836211,0.0,0.0022358424822235034
2009-07-17,1.2699987803775041,4.894512994505399,0.0,0.010926858436370564
2009-07-20,1.2699987803775041,4.9586722268803145,0.0,0.013108399639952088
2009-07-21,1.2699987803775041,5.023445126043571,0.0,0.013062549045313144
2009-07-22,1.2699987803775041,5.05564083148451,0.0,0.006409088709663297
2009-07-23,1.2699987803775041,5.096247773438053,0.0,0.008032006882423033
2009-07-24,1.2699987803775041,5.103124847471042,0.0,0.0013494387123075852
2009-07-27,1.2699987803775041,5.15380212297367,0.0,0.009930636035240581
2009-07-28,1.2699987803775041,5.0400553802443095,0.0,-0.0220704520692251
2009-07-29,1.2699987803775041,5.008971863934954,0.0,-0.00616729657995332
2009-07-30,1.2699987803775041,5.102918957165626,0.0,0.01875576381394745
2009-07-31,1.2694907808653533,5.1523233839936,-0.0004,0.009681601303622337
2009-08-03,1.2838184757135211,5.231840953083883,0.011286174790809733,0.015433342040857877
2009-08-04,1.2838184757135211,5.188227947125456,0.0,-0.008336072588888611
2009-08-05,1.2838184757135211,5.190020329174184,0.0,0.00034547095212375973
2009-08-06,1.2838184757135211,5.153119018113359,0.0,-0.007110051352476426
2009-08-07,1.2838184757135211,5.161114226058945,0.0,0.0015515279032917689
2009-08-10,1.2838184757135211,5.176201849067341,0.0,0.002923326697986544
2009-08-11,1.2838184757135211,5.108485989037904,0.0,-0.013082152126976679
2009-08-12,1.2838184757135211,5.173382666438054,0.0,0.012703700771502525
2009-08-13,1.2838184757135211,5.2442923510584265,0.0,0.013706638227323409
2009-08-14,1.2838184757135211,5.228465109144456,0.0,-0.0030179938215641614
2009-08-17,1.2838184757135211,5.150350150266974,0.0,-0.014940323258705581
2009-08-18,1.2838184757135211,5.192858990516766,0.0,0.008253582573912515
2009-08-19,1.2838184757135211,5.17032173903408,0.0,-0.0043400468843546895
2009-08-20,1.2838184757135211,5.239076904330851,0.0,0.013298043867888272
2009-08-21,1.2838184757135211,5.38279322951961,0.0,0.027431612059360615
2009-08-24,1.2838184757135211,5.498326597385494,0.0,0.021463460129267187
2009-08-25,1.2838184757135211,5.510106176340747,0.0,0.0021423934621952467
2009-08-26,1.2838184757135211,5.428136773270988,0.0,-0.014876193025411918
2009-08-27,1.2838184757135211,5.346255302572701,0.0,-0.015084636610758177
2009-08-28,1.2838184757135211,5.4124749639192276,0.0,0.012386176416726872
2009-08-31,1.2833049483232357,5.312446619349595,-0.0004,-0.018481072935476635
2009-09-01,1.2767166682094446,5.25800275703538,-0.00513383831520271,-0.010248359412387114
2009-09-02,1.2767166682094446,5.178442708718689,0.0,-0.015131229859139436
2009-09-03,1.2767166682094446,5.258406274012937,0.0,0.015441624015578559
2009-09-04,1.2767166682094446,5.347324346535933,0.0,0.01690969999074231
2009-09-07,1.2767166682094446,5.426272969342065,0.0,0.014764135797611898
2009-09-08,1.2767166682094446,5.443779643440814,0.0,0.003226279657816715
2009-09-09,1.2767166682094446,5.472797037472223,0.0,0.005330376306904974
2009-09-10,1.2767166682094446,5.444399398705927,0.0,-0.005188871169871148
2009-09-11,1.2767166682094446,5.448336659267588,0.0,0.0007231762905928722
2009-09-14,1.2767166682094446,5.423434682182909,0.0,-0.004570565044346439
2009-09-15,1.2767166682094446,5.521908107974182,0.0,0.01815702254417827
2009-09-16,1.2767166682094446,5.675151589450979,0.0,0.027751907217633293
2009-09-17,1.2767166682094446,5.680682271558507,0.0,0.0009745435025574521
2009-09-18,1.2767166682094446,5.682919233399372,0.0,0.00039378400937237066
2009-09-21,1.2767166682094446,5.65842767378689,0.0,-0.004309679340248472
2009-09-22,1.2767166682094446,5.702304154286993,0.0,0.0077541824389422784
2009-09-23,1.2767166682094446,5.694577243699623,0.0,-0.0013550505862723007
2009-09-24,1.2767166682094446,5.6208505220267,0.0,-0.012946829679848948
2009-09-25,1.2767166682094446,5.645527087176362,0.0,0.004390183487883296
2009-09-28,1.2767166682094446,5.724927702172622,0.0,0.014064340453988241
2009-09-29,1.2767166682094446,5.722780147944224,0.0,-0.000375123379738668
2009-09-30,1.275695294874877,5.786520168748206,-0.0008,0.011137946794422897
2009-10-01,1.261010158377434,5.683659202526359,-0.011511476570024803,-0.01777596262039798
2009-10-02,1.261010158377434,5.5668534807355465,0.0,-0.020551148059491858
2009-10-05,1.261010158377434,5.667385655450969,0.0,0.01805906605290047
2009-10-06,1.261010158377434,5.805793995282228,0.0,0.024421902486578554
2009-10-07,1.261010158377434,5.76843696049285,0.0,-0.0064344402883970905
2009-10-08,1.261010158377434,5.878760376591269,0.0,0.0191253569821438
2009-10-09,1.261010158377434,5.890351254659916,0.0,0.001971653431359562
2009-10-12,1.261010158377434,5.916431197355666,0.0,0.00442757003245231
2009-10-13,1.261010158377434,5.902270774681349,0.0,-0.002393406126423978
2009-10-14,1.261010158377434,5.985786331327004,0.0,0.014149733184710472
2009-10-15,1.261010158377434,6.017475108149169,0.0,0.005294004006845146
2009-10-16,1.261010158377434,6.044116817324099,0.0,0.004427390009283348
2009-10-19,1.261010158377434,6.129414618445331,0.0,0.014112533509733767
2009-10-20,1.261010158377434,6.113232186169331,0.0,-0.0026401268772555954
2009-10-21,1.261010158377434,6.0969707350292754,0.0,-0.0026600414714895246
2009-10-22,1.261010158377434,6.0323058359943404,0.0,-0.01060607010353712
2009-10-23,1.261010158377434,6.026533534085287,0.0,-0.00095689808607024
2009-10-26,1.261010158377434,5.979505738273781,0.0,-0.007803457086154445
2009-10-27,1.261010158377434,5.971440234964897,0.0,-0.0013488578591468986
2009-10-28,1.261010158377434,5.773485034477758,0.0,-0.033150327676067334
2009-10-29,1.261010158377434,5.996829876937703,0.0,0.03868457978607164
2009-10-30,1.2605057543140832,5.962479334611877,-0.0004,-0.0057281168601978774
2009-11-02,1.2633670146500673,5.9335813341291885,0.0022699304038806163,-0.004846641616841644
2009-11-03,1.2633670146500673,5.906647889222443,0.0,-0.004539154920120102
2009-11-04,1.2633670146500673,6.028981142767592,0.0,0.020711113281082
2009-11-05,1.2633670146500673,6.027145595669147,0.0,-0.0003044539458623503
2009-11-06,1.2633670146500673,5.992652894723502,0.0,-0.0057228916073356105
2009-11-09,1.2633670146500673,6.102643191562898,0.0,0.018354191169029938
2009-11-10,1.2633670146500673,6.080141118524564,0.0,-0.003687266702638613
2009-11-11,1.2633670146500673,6.153004456108491,0.0,0.011983823428362975
2009-11-12,1.2633670146500673,6.146433954482459,0.0,-0.0010678525707076164
2009-11-13,1.2633670146500673,6.183258206077385,0.0,0.00599115712747057
2009-11-16,1.2633670146500673,6.365452254442365,0.0,0.029465702756178967
2009-11-17,1.2633670146500673,6.379388303246634,0.0,0.002189325792922531
2009-11-18,1.2633670146500673,6.368899895878521,0.0,-0.001644108630724827
2009-11-19,1.2633670146500673,6.235485140566568,0.0,-0.020947849313550905
2009-11-20,1.2633670146500673,6.2375979826206525,0.0,0.0003388416468735304
2009-11-23,1.2633670146500673,6.368804347573981,0.0,0.021034758142300766
2009-11-24,1.2633670146500673,6.370966310197772,0.0,0.00033946130322146545
2009-11-25,1.2633670146500673,6.400539522202181,0.0,0.004641872294485883
2009-11-26,1.2633670146500673,6.266075245327915,0.0,-0.02100827225702402
2009-11-27,1.2633670146500673,6.380334342612384,0.0,0.018234555572830526
2009-11-30,1.2633670146500673,6.2720065850734565,0.0,-0.01697838259281143
2009-12-01,1.2910769307996426,6.385706715355087,0.021933385808122006,0.018128190514375798
2009-12-02,1.2910769307996426,6.412328099898808,0.0,0.004168901850707829
2009-12-03,1.2910769307996426,6.482760422102489,0.0,0.010983892450043655
2009-12-04,1.2910769307996426,6.532370432131722,0.0,0.007652605803554232
2009-12-07,1.2910769307996426,6.520216233141864,0.0,-0.0018606108021787555
2009-12-08,1.2910769307996426,6.496279495430129,0.0,-0.003671157037716851
2009-12-09,1.2910769307996426,6.459715376835475,0.0,-0.005628470668538233
2009-12-10,1.2910769307996426,6.540977805573802,0.0,0.012579877594875782
2009-12-11,1.2910769307996426,6.510967426270127,0.0,-0.004588057045248194
2009-12-14,1.2910769307996426,6.563969595672516,0.0,0.008140444565663032
2009-12-15,1.2910769307996426,6.601944009591281,0.0,0.0057852818123656944
2009-12-16,1.2910769307996426,6.705459699239421,0.0,0.015679577030303964
2009-12-17,1.2910769307996426,6.683258794152946,0.0,-0.003310869960040614
2009-12-18,1.2910769307996426,6.636225020966631,0.0,-0.007037550786970121
2009-12-21,1.2910769307996426,6.695720064960536,0.0,0.008965193887479166
2009-12-22,1.2910769307996426,6.670495342679175,0.0,-0.0037672904536983323
2009-12-23,1.2910769307996426,6.716316828574471,0.0,0.006869277848396345
2009-12-28,1.2910769307996426,6.742442323511465,0.0,0.0038898544550256074
2009-12-29,1.2910769307996426,6.8116734161546635,0.0,0.01026795474420066
2009-12-30,1.2905605000273228,6.807210781708098,-0.0004,-0.0006551450978230277
2010-01-04,1.3166488151679447,6.9554911405741,0.02021471689244294,0.021782836409951063
2010-01-05,1.3166488151679447,7.021002260049621,0.0,0.009418618779250367
2010-01-06,1.3166488151679447,7.007614845834118,0.0,-0.0019067668289583244
2010-01-07,1.3166488151679447,7.040335428829865,0.0,0.004669289582203309
2010-01-08,1.3166488151679447,7.066773437081344,0.0,0.0037552199776187925
2010-01-11,1.3166488151679447,7.1122550166957295,0.0,0.006435975345655011
2010-01-12,1.3166488151679447,6.9817833790274415,0.0,-0.018344623099426374
2010-01-13,1.3166488151679447,7.063465295246885,0.0,0.011699291110177762
2010-01-14,1.3166488151679447,7.131341647372054,0.0,0.009609497504127954
2010-01-15,1.3166488151679447,7.100388259750488,0.0,-0.004340471842766267
2010-01-18,1.3166488151679447,7.156021735463788,0.0,0.007835272336960242
2010-01-19,1.3166488151679447,7.133914991593211,0.0,-0.0030892505204422062
2010-01-20,1.3166488151679447,7.015927675963477,0.0,-0.016538929293210478
2010-01-21,1.3166488151679447,6.931734394276591,0.0,-0.012000306385046063
2010-01-22,1.3166488151679447,6.874076360923635,0.0,-0.008317980764029845
2010-01-25,1.3166488151679447,6.848164528157156,0.0,-0.0037695002798888654
2010-01-26,1.3166488151679447,6.809671261028297,0.0,-0.005620961203631858
2010-01-27,1.3166488151679447,6.821031108216346,0.0,0.0016681931847519526
2010-01-28,1.3166488151679447,6.835487090164362,0.0,0.0021193250285286933
2010-01-29,1.3166488151679447,6.975577699853586,0.0,0.020494605262410842
2010-02-01,1.323772260142557,6.999820753604076,0.0054102847263062925,0.003475418781586812
2010-02-02,1.323772260142557,7.047017441756202,0.0,0.006742556675872751
2010-02-03,1.323772260142557,7.029791942315573,0.0,-0.0024443673629303466
2010-02-04,1.323772260142557,6.932785344045764,0.0,-0.013799355523721964
2010-02-05,1.323772260142557,6.7786031796251125,0.0,-0.022239569923086056
2010-02-08,1.323772260142557,6.713789147120786,0.0,-0.009561561694471497
2010-02-09,1.323772260142557,6.750857214181971,0.0,0.0055211842744690735
2010-02-10,1.323772260142557,6.644095337422478,0.0,-0.015814565968779743
2010-02-11,1.323772260142557,6.654122100625432,0.0,0.0015091239203745058
2010-02-12,1.323772260142557,6.681180110226064,0.0,0.004066353035224612
2010-02-15,1.323772260142557,6.647579293155635,0.0,-0.005029173965689114
2010-02-16,1.323772260142557,6.810806334548173,0.0,0.024554357939076666
2010-02-17,1.323772260142557,6.904241859795877,0.0,0.013718717088422837
2010-02-18,1.323772260142557,6.969026963834949,0.0,0.009383376966604143
2010-02-19,1.323772260142557,6.99488692097356,0.0,0.003710698390579943
2010-02-22,1.323772260142557,7.066620346228343,0.0,0.010255122929821307
2010-02-23,1.323772260142557,6.940616583334867,0.0,-0.017830838041374093
2010-02-24,1.323772260142557,6.919230421384542,0.0,-0.00308130577356413
2010-02-25,1.323772260142557,6.859053183658053,0.0,-0.008697099830713305
2010-02-26,1.323772260142557,6.943341982642175,0.0,0.01228869302033461
2010-03-01,1.3342756336353936,7.074946503384351,0.007934426342870627,0.01895406002918722
2010-03-02,1.3342756336353936,7.107184266262456,0.0,0.004556608712544118
2010-03-03,1.3342756336353936,7.145773226623143,0.0,0.005429570827910957
2010-03-04,1.3342756336353936,7.173967025096565,0.0,0.003945521020507767
2010-03-05,1.3342756336353936,7.242592172122968,0.0,0.00956585760518995
2010-03-08,1.3342756336353936,7.239238051250786,0.0,-0.00046311055385548245
2010-03-09,1.3342756336353936,7.2267647270140625,0.0,-0.0017230161722018124
2010-03-10,1.3342756336353936,7.320217247465474,0.0,0.012931446363831466
2010-03-11,1.3342756336353936,7.290254183749572,0.0,-0.004093193234979066
2010-03-12,1.3342756336353936,7.26587687662868,0.0,-0.003343821286126121
2010-03-15,1.3342756336353936,7.215346499563198,0.0,-0.006954477473739895
2010-03-16,1.3342756336353936,7.275781726834001,0.0,0.008375928623034495
2010-03-17,1.3342756336353936,7.338668156451625,0.0,0.008643254014299294
2010-03-18,1.3342756336353936,7.315452663975389,0.0,-0.0031634476421755296
2010-03-19,1.3342756336353936,7.331918337199649,0.0,0.002250807158570406
2010-03-22,1.3342756336353936,7.342286674386661,0.0,0.0014141370252866291
2010-03-23,1.3342756336353936,7.448001227241604,0.0,0.014398042128173147
2010-03-24,1.3342756336353936,7.48982068718289,0.0,0.0056148567468448035
2010-03-25,1.3342756336353936,7.546340477425259,0.0,0.007546214068794796
2010-03-26,1.3342756336353936,7.458831245947443,0.0,-0.011596247444651936
2010-03-29,1.3342756336353936,7.473751655544995,0.0,0.0020003683024279726
2010-03-30,1.3342756336353936,7.47526952850632,0.0,0.00020309384513708233
2010-03-31,1.3332082131284853,7.521789564811851,-0.0008,0.006223191836512233
2010-04-06,1.3315772649256958,7.588131438898392,-0.0012233259491870822,0.00881995880300877
2010-04-07,1.3315772649256958,7.639954514511335,0.0,0.006829491032177694
2010-04-08,1.3315772649256958,7.590072567632229,0.0,-0.006529089510200551
2010-04-09,1.3315772649256958,7.723049879703134,0.0,0.01751989995958478
2010-04-12,1.3315772649256958,7.678423351465156,0.0,-0.00577835556329374
2010-04-13,1.3315772649256958,7.571957273324979,0.0,-0.013865617102222139
2010-04-14,1.3315772649256958,7.692403820513093,0.0,0.015906923776819414
2010-04-15,1.3315772649256958,7.712736482762527,0.0,0.0026432130610737465
2010-04-16,1.3315772649256958,7.631449361240833,0.0,-0.010539336032466028
2010-04-19,1.3315772649256958,7.571481037658161,0.0,-0.007858051694248696
2010-04-20,1.3315772649256958,7.740827914745802,0.0,0.022366413683843768
2010-04-21,1.3315772649256958,7.7324733679484385,0.0,-0.0010792833646964903
2010-04-22,1.3315772649256958,7.74440924740568,0.0,0.0015436043409754404
2010-04-23,1.3315772649256958,7.781985027493513,0.0,0.004851987916369503
2010-04-26,1.3315772649256958,7.849912310954416,0.0,0.008728786192843755
2010-04-27,1.3315772649256958,7.759765842373654,0.0,-0.011483754850989122
2010-04-28,1.3315772649256958,7.643388577894724,0.0,-0.014997522714336431
2010-04-29,1.3315772649256958,7.794541563065999,0.0,0.019775651025831856
2010-04-30,1.3315772649256958,7.812132001281748,0.0,0.0022567636689630084
2010-05-03,1.3284260133915102,7.894382817716304,-0.0023665555256842997,0.010528600441091034
2010-05-04,1.3284260133915102,7.674321742351408,0.0,-0.027875652909945273
2010-05-05,1.3284260133915102,7.518921740650964,0.0,-0.02024934670680481
2010-05-06,1.3284260133915102,7.358294794841642,0.0,-0.021363029347797904
2010-05-07,1.3284260133915102,7.088830916357486,0.0,-0.036620424432173816
2010-05-10,1.3284260133915102,7.529470471767989,0.0,0.062159693270963365
2010-05-11,1.3284260133915102,7.519325944527829,0.0,-0.001347309519068836
2010-05-12,1.3284260133915102,7.704030106459753,0.0,0.024563925449506814
2010-05-14,1.3284260133915102,7.50060687732177,0.0,-0.026404781176466992
2010-05-18,1.3284260133915102,7.447333136060351,0.0,-0.00710259078135316
2010-05-19,1.3284260133915102,7.1190132335159495,0.0,-0.04408556681245529
2010-05-20,1.3284260133915102,6.980905082266478,0.0,-0.01939990090189255
2010-05-21,1.3284260133915102,7.039058209474971,0.0,0.00833031340824548
2010-05-25,1.3284260133915102,6.785759621261256,0.0,-0.03598472702964165
2010-05-26,1.3284260133915102,7.104415468038268,0.0,0.04695949526101596
2010-05-27,1.3284260133915102,7.211193502983632,0.0,0.01502981285733411
2010-05-28,1.3284260133915102,7.247484693219913,0.0,0.005032619111006352
2010-05-31,1.3278946429861538,7.224671792746194,-0.0004,-0.0031476990210218838
2010-06-01,1.2948820985440832,7.191993353813261,-0.02486081604172479,-0.004523172798761916
2010-06-02,1.2948820985440832,7.27567427540442,0.0,0.011635289060269963
2010-06-03,1.2948820985440832,7.417552929904599,0.0,0.01950041317542258
2010-06-04,1.2948820985440832,7.275438574349327,0.0,-0.01915919669171813
2010-06-07,1.2948820985440832,7.196861934563748,0.0,-0.010800261590086355
2010-06-08,1.2948820985440832,7.0973101965857825,0.0,-0.013832659134373131
2010-06-09,1.2948820985440832,7.303131212589712,0.0,0.028999861962203874
2010-06-10,1.2948820985440832,7.3850376114541545,0.0,0.011215244048093563
2010-06-11,1.2948820985440832,7.466398208478643,0.0,0.011016950935808192
2010-06-14,1.2948820985440832,7.605330835698379,0.0,0.018607717314349626
2010-06-15,1.2948820985440832,7.603954168355178,0.0,-0.00018101347238428845
2010-06-16,1.2948820985440832,7.522198329168085,0.0,-0.010751753282171239
2010-06-17,1.2948820985440832,7.54334816254981,0.0,0.002811655909112891
2010-06-18,1.2948820985440832,7.580615158371511,0.0,0.004940378598288664
2010-06-21,1.2948820985440832,7.711874550331565,0.0,0.017315137257047118
2010-06-22,1.2948820985440832,7.6021553065766305,0.0,-0.014227311795446345
2010-06-23,1.2948820985440832,7.512088268831564,0.0,-0.011847566132613665
2010-06-24,1.2948820985440832,7.359487351018931,0.0,-0.020314047486075366
2010-06-25,1.2948820985440832,7.2915499407877755,0.0,-0.009231269379347368
2010-06-28,1.2948820985440832,7.264918214621426,0.0,-0.003652409485310695
2010-06-29,1.2948820985440832,6.909481855830903,0.0,-0.04892503236652683
2010-06-30,1.2943641457046657,6.900895154191665,-0.0004,-0.0012427417595707313
2010-07-01,1.2179356212768373,6.647771324122088,-0.05904715815982367,-0.03667985448465009
2010-07-02,1.2179356212768373,6.834943555409747,0.0,0.02815563625187978
2010-07-05,1.2179356212768373,6.811527474757771,0.0,-0.003425936214709926
2010-07-06,1.2179356212768373,7.080482576965141,0.0,0.03948528479171042
2010-07-07,1.2179356212768373,7.110008979471789,0.0,0.004170111597012492
2010-07-08,1.2179356212768373,7.174812819118891,0.0,0.009114452574420917
2010-07-09,1.2179356212768373,7.2363683186140655,0.0,0.008579387511148196
2010-07-12,1.2179356212768373,7.2102251839979035,0.0,-0.0036127423957835574
2010-07-13,1.2179356212768373,7.379681046062694,0.0,0.02350215946665218
2010-07-14,1.2179356212768373,7.329120992015588,0.0,-0.006851251935079265
2010-07-15,1.2179356212768373,7.270141740514809,0.0,-0.008047247625606357
2010-07-16,1.2179356212768373,7.294874630126525,0.0,0.0034019817624579723
2010-07-19,1.2179356212768373,7.309172932932068,0.0,0.0019600477774480707
2010-07-20,1.2179356212768373,7.200069767513921,0.0,-0.01492688248304734
2010-07-21,1.2179356212768373,7.3740915513429055,0.0,0.024169457998053787
2010-07-22,1.2179356212768373,7.457327779803643,0.0,0.011287658673776364
2010-07-23,1.2179356212768373,7.46769323091456,0.0,0.0013899685540160686
2010-07-26,1.2179356212768373,7.6143333761553835,0.0,0.019636605402290296
2010-07-27,1.2179356212768373,7.613198167723418,0.0,-0.0001490883542766976
2010-07-28,1.2179356212768373,7.617736489969223,0.0,0.0005961124544276529
2010-07-29,1.2179356212768373,7.592709597139737,0.0,-0.0032853450447441275
2010-07-30,1.2174484470283267,7.550443525153063,-0.0004,-0.005566665160300162
2010-08-02,1.2133853914875214,7.701595022319007,-0.0033373532577274153,0.020018889839041612
2010-08-03,1.2133853914875214,7.722779646748488,0.0,0.002750680134191453
2010-08-04,1.2133853914875214,7.745594616623309,0.0,0.0029542432800639075
2010-08-05,1.2133853914875214,7.8205046648114624,0.0,0.009671310195783198
2010-08-06,1.2133853914875214,7.807781570255825,0.0,-0.001626889197174943
2010-08-09,1.2133853914875214,7.852712260201163,0.0,0.00575460385783635
2010-08-10,1.2133853914875214,7.752248751701371,0.0,-0.012793478886136958
2010-08-11,1.2133853914875214,7.59954966483314,0.0,-0.019697392557832753
2010-08-12,1.2133853914875214,7.526005658612171,0.0,-0.00967741635551032
2010-08-13,1.2133853914875214,7.562866337892453,0.0,0.004897774590177437
2010-08-16,1.2133853914875214,7.552710168978105,0.0,-0.0013428994326479522
2010-08-17,1.2133853914875214,7.680835666691938,0.0,0.01696417509043239
2010-08-18,1.2133853914875214,7.672831096592548,0.0,-0.0010421483347315904
2010-08-19,1.2133853914875214,7.526730964747041,0.0,-0.019041228720698467
2010-08-20,1.2133853914875214,7.494628278602967,0.0,-0.004265156585831674
2010-08-23,1.2133853914875214,7.501800949409102,0.0,0.0009570415689077226
2010-08-24,1.2133853914875214,7.349619877930686,0.0,-0.020285938337300552
2010-08-25,1.2133853914875214,7.206173946585081,0.0,-0.01951746263454274
2010-08-26,1.2133853914875214,7.268540648271293,0.0,0.008654620627880699
2010-08-27,1.2133853914875214,7.2968469080644,0.0,0.0038943525478995107
2010-08-30,1.2133853914875214,7.317330379904642,0.0,0.002807167547616288
2010-08-31,1.2129000373309264,7.350630668816185,-0.0004,0.004550879512423646
2010-09-01,1.2274654827227964,7.52240977874081,0.012008776439583736,0.023369302263188015
2010-09-02,1.2274654827227964,7.527424586066009,0.0,0.0006666490490016347
2010-09-03,1.2274654827227964,7.615125956166528,0.0,0.011650913150676059
2010-09-06,1.2274654827227964,7.623526013694919,0.0,0.0011030753236050143
2010-09-07,1.2274654827227964,7.5553243158096475,0.0,-0.008946214358389293
2010-09-08,1.2274654827227964,7.523627090279183,0.0,-0.0041953494258529555
2010-09-09,1.2274654827227964,7.5561693847592535,0.0,0.004325346550218586
2010-09-10,1.2274654827227964,7.618857312884105,0.0,0.008296257658184775
2010-09-13,1.2274654827227964,7.703435623412672,0.0,0.011101180538653633
2010-09-14,1.2274654827227964,7.739353478260671,0.0,0.004662576102905944
2010-09-15,1.2274654827227964,7.763916200064808,0.0,0.0031737433718633744
2010-09-16,1.2274654827227964,7.792667442866575,0.0,0.0037031881927741366
2010-09-17,1.2274654827227964,7.718810985995161,0.0,-0.009477686223992886
2010-09-20,1.2274654827227964,7.753915630921155,0.0,0.004547934259523641
2010-09-21,1.2274654827227964,7.8214454193569685,0.0,0.008709120868754054
2010-09-22,1.2274654827227964,7.745633555424265,0.0,-0.009692820171713976
2010-09-23,1.2274654827227964,7.773627871354573,0.0,0.0036142060852728357
2010-09-24,1.2274654827227964,7.8102765661323845,0.0,0.004714490503572977
2010-09-27,1.2274654827227964,7.857820128695994,0.0,0.006087308453297477
2010-09-28,1.2274654827227964,7.863273606865037,0.0,0.0006940192164908797
2010-09-29,1.2274654827227964,7.925368503786779,0.0,0.007896825168022837
2010-09-30,1.226483510336618,7.897477470738268,-0.0008,-0.0035192096159546438
2010-10-01,1.2282720903254272,7.928592021245525,0.0014582992545233873,0.003939808707595945
2010-10-04,1.2282720903254272,7.871021640899012,0.0,-0.007261110193619138
2010-10-05,1.2282720903254272,7.913490820278946,0.0,0.005395637481068147
2010-10-06,1.2282720903254272,8.00332464369409,0.0,0.011351984282958472
2010-10-07,1.2282720903254272,8.025847534149937,0.0,0.0028141917838599927
2010-10-08,1.2282720903254272,8.085501041539304,0.0,0.00743267388715544
2010-10-11,1.2282720903254272,8.076016296309962,0.0,-0.0011730559653154843
2010-10-12,1.2282720903254272,7.990067246585805,0.0,-0.010642505731870387
2010-10-13,1.2282720903254272,8.192059209377682,0.0,0.025280383325708373
2010-10-14,1.2282720903254272,8.221139782960964,0.0,0.003549849047720868
2010-10-15,1.2282720903254272,8.2473983135035,0.0,0.003194025553118254
2010-10-18,1.2282720903254272,8.216072454067989,0.0,-0.003798271678502651
2010-10-19,1.2282720903254272,8.150256784641194,0.0,-0.008010599930166097
2010-10-20,1.2282720903254272,8.169483055493105,0.0,0.002358977313222993
2010-10-21,1.2282720903254272,8.267086179389665,0.0,0.01194728273913656
2010-10-22,1.2282720903254272,8.240334111763898,0.0,-0.0032359729952326586
2010-10-25,1.2282720903254272,8.281521864072694,0.0,0.004998310960473785
2010-10-26,1.2282720903254272,8.260363059108535,0.0,-0.0025549416292616257
2010-10-27,1.2282720903254272,8.24378473362348,0.0,-0.002006972982473718
2010-10-28,1.2282720903254272,8.391876929188129,0.0,0.01796410269674227
2010-10-29,1.2277807814892971,8.422842871832161,-0.0004,0.0036899900827104494
2010-11-01,1.2302472481420401,8.431338991147134,0.002008881951834485,0.0010086997281387967
2010-11-02,1.2302472481420401,8.503519797803204,0.0,0.008561013467950825
2010-11-03,1.2302472481420401,8.355117755849738,0.0,-0.017451837060672513
2010-11-04,1.2302472481420401,8.541252429530543,0.0,0.022277923438061068
2010-11-05,1.2302472481420401,8.529627351281022,0.0,-0.0013610507762689655
2010-11-08,1.2302472481420401,8.550701551293745,0.0,0.002470705828614832
2010-11-09,1.2302472481420401,8.651543584402987,0.0,0.011793422154230562
2010-11-10,1.2302472481420401,8.608921992785,0.0,-0.004926472507729777
2010-11-11,1.2302472481420401,8.682397657054286,0.0,0.008534827511605567
2010-11-12,1.2302472481420401,8.55950680135745,0.0,-0.014154022949753892
2010-11-15,1.2302472481420401,8.570455430482731,0.0,0.0012791191571392326
2010-11-16,1.2302472481420401,8.411400104076506,0.0,-0.01855856175863307
2010-11-17,1.2302472481420401,8.470786104331202,0.0,0.007060180174512779
2010-11-18,1.2302472481420401,8.565809808310943,0.0,0.011217814121307564
2010-11-19,1.2302472481420401,8.643438991815488,0.0,0.009062678864201021
2010-11-22,1.2302472481420401,8.653919106022611,0.0,0.001212493570793455
2010-11-23,1.2302472481420401,8.393183523016313,0.0,-0.030129191157430874
2010-11-24,1.2302472481420401,8.49322387794247,0.0,0.0119192383500037
2010-11-25,1.2302472481420401,8.481037932361938,0.0,-0.0014347844535430587
2010-11-26,1.2302472481420401,8.455773163749837,0.0,-0.0029789713020494527
2010-11-29,1.2302472481420401,8.34570269298767,0.0,-0.01301719767437042
2010-11-30,1.2297551492427834,8.260050623691797,-0.0004,-0.010263014685131425
2010-12-01,1.2562952168276338,8.447721588356295,0.021581586872144624,0.02272031652278414
2010-12-02,1.2562952168276338,8.600655392784713,0.0,0.018103556423925145
2010-12-03,1.2562952168276338,8.610069632784002,0.0,0.0010945956522320514
2010-12-06,1.2562952168276338,8.608866265756806,0.0,-0.0001397627520473361
2010-12-07,1.2562952168276338,8.5741741553314,0.0,-0.00402981174924251
2010-12-08,1.2562952168276338,8.61590705855901,0.0,0.0048672796320168
2010-12-09,1.2562952168276338,8.574595280648568,0.0,-0.004794826317143628
2010-12-10,1.2562952168276338,8.521875116245962,0.0,-0.006148414318934209
2010-12-13,1.2562952168276338,8.601395297804624,0.0,0.009331300972372409
2010-12-14,1.2562952168276338,8.569606590965424,0.0,-0.0036957616454754262
2010-12-15,1.2562952168276338,8.609465317064425,0.0,0.00465117338537106
2010-12-16,1.2562952168276338,8.684224617643082,0.0,0.00868338483581325
2010-12-17,1.2562952168276338,8.724681848686759,0.0,0.0046587038941257155
2010-12-20,1.2562952168276338,8.75814763023337,0.0,0.0038357595299191027
2010-12-21,1.2562952168276338,8.881606778783365,0.0,0.014096490920501187
2010-12-22,1.2562952168276338,8.902586413955902,0.0,0.00236214411368168
2010-12-23,1.2562952168276338,8.964701903412184,0.0,0.006977240834069043
2010-12-27,1.2562952168276338,8.955963880535363,0.0,-0.0009747142705878731
2010-12-28,1.2562952168276338,9.026423370200138,0.0,0.00786732624256235
2010-12-29,1.2562952168276338,9.055250789075645,0.0,0.003193670149649491
2010-12-30,1.2557926987409027,9.063084842777979,-0.0004,0.0008651393412300312
2011-01-03,1.2521182447969548,9.075043876847454,-0.0029260035893123207,0.0013195323972945926
2011-01-04,1.2521182447969548,8.9647227874577,0.0,-0.012156535096343596
2011-01-05,1.2521182447969548,8.98029450320319,0.0,0.0017369991370259573
2011-01-06,1.2521182447969548,9.031361709296526,0.0,0.005686584785735077
2011-01-07,1.2521182447969548,9.050447952552496,0.0,0.0021133295144543486
2011-01-10,1.2521182447969548,9.036379924958108,0.0,-0.0015544012482189063
2011-01-11,1.2521182447969548,9.05745960863729,0.0,0.002332757570424937
2011-01-12,1.2521182447969548,9.100709613703701,0.0,0.004775070156003735
2011-01-13,1.2521182447969548,9.081371411456585,0.0,-0.0021249114704194882
2011-01-14,1.2521182447969548,9.093749650210514,0.0,0.0013630362852810607
2011-01-17,1.2521182447969548,9.077710364557628,0.0,-0.0017637703114594117
2011-01-18,1.2521182447969548,9.110013778551671,0.0,0.003558542043836066
2011-01-19,1.2521182447969548,8.977480127249082,0.0,-0.014548128523649628
2011-01-20,1.2521182447969548,8.834908543234686,0.0,-0.01588102474119127
2011-01-21,1.2521182447969548,8.921963625800734,0.0,0.009853535227901283
2011-01-24,1.2521182447969548,8.885662492216252,0.0,-0.004068738128398785
2011-01-25,1.2521182447969548,8.816054668656527,0.0,-0.007833723554175071
2011-01-26,1.2521182447969548,8.883297744911506,0.0,0.007627343384569251
2011-01-27,1.2521182447969548,8.960398392000759,0.0,0.008679282098071872
2011-01-28,1.2521182447969548,8.996061099136606,0.0,0.003980035884083638
2011-01-31,1.2521182447969548,9.005256954972586,0.0,0.001022209135158375
2011-02-01,1.2625485862063917,9.146909281386666,0.008330156878377083,0.015729959413969076
2011-02-02,1.2625485862063917,9.171250359522631,0.0,0.0026611260030203754
2011-02-03,1.2625485862063917,9.141782483387457,0.0,-0.0032130707351781364
2011-02-04,1.2625485862063917,9.16106010451004,0.0,0.002108737673163286
2011-02-07,1.2625485862063917,9.184616815680945,0.0,0.002571395766665335
2011-02-08,1.2625485862063917,9.171803798793345,0.0,-0.0013950518725752092
2011-02-09,1.2625485862063917,9.163210887636263,0.0,-0.0009368834468757636
2011-02-10,1.2625485862063917,9.103930965704828,0.0,-0.006469339476996977
2011-02-11,1.2625485862063917,9.208803573552506,0.0,0.011519486279360096
2011-02-14,1.2625485862063917,9.319580984682458,0.0,0.012029511786753867
2011-02-15,1.2625485862063917,9.291118981520716,0.0,-0.0030540003041469033
2011-02-16,1.2625485862063917,9.302209204344997,0.0,0.0011936369393544866
2011-02-17,1.2625485862063917,9.276772363150696,0.0,-0.0027344946383725866
2011-02-18,1.2625485862063917,9.294763572561378,0.0,0.0019393824388906577
2011-02-21,1.2625485862063917,9.210458885365263,0.0,-0.009070127124587369
2011-02-22,1.2625485862063917,9.16243838914562,0.0,-0.0052136920448061065
2011-02-23,1.2625485862063917,9.159619977566694,0.0,-0.00030760496924773785
2011-02-24,1.2625485862063917,9.155717844944224,0.0,-0.0004260146853282798
2011-02-25,1.2625485862063917,9.267471523897434,0.0,0.012205889351966048
2011-02-28,1.2615385473374265,9.313205932490108,-0.0008,0.004934939209118994
2011-03-01,1.2573740447480977,9.255623972548339,-0.003301129876782927,-0.006182829023557668
2011-03-02,1.2573740447480977,9.198052289030054,0.0,-0.006220183932389556
2011-03-03,1.2573740447480977,9.288487600425007,0.0,0.009832006663281262
2011-03-04,1.2573740447480977,9.334313893900047,0.0,0.004933665785691705
2011-03-07,1.2573740447480977,9.320751313124967,0.0,-0.0014529810042002878
2011-03-08,1.2573740447480977,9.297822235744036,0.0,-0.002460003127499416
2011-03-09,1.2573740447480977,9.309886786494891,0.0,0.0012975673706123903
2011-03-10,1.2573740447480977,9.168137594188899,0.0,-0.015225662304681947
2011-03-11,1.2573740447480977,8.998343383231346,0.0,-0.018520033017957144
2011-03-14,1.2573740447480977,8.940396409731742,0.0,-0.00643973796416672
2011-03-15,1.2573740447480977,8.78846156168168,0.0,-0.016994195904409544
2011-03-16,1.2573740447480977,8.817628106383351,0.0,0.0033187315546600316
2011-03-17,1.2573740447480977,8.987983599913745,0.0,0.01931987734967742
2011-03-18,1.2573740447480977,9.042346116258022,0.0,0.006048355088765283
2011-03-21,1.2573740447480977,9.179014512266155,0.0,0.01511426285291224
2011-03-22,1.2573740447480977,9.164277570901909,0.0,-0.0016055036566891001
2011-03-23,1.2573740447480977,9.181723923957723,0.0,0.001903734682939806
2011-03-24,1.2573740447480977,9.26614202122056,0.0,0.00919414458134229
2011-03-25,1.2573740447480977,9.335670650379923,0.0,0.007503514299709057
2011-03-28,1.2573740447480977,9.330715994464002,0.0,-0.0005307230836939958
2011-03-29,1.2573740447480977,9.299986943756183,0.0,-0.0032933218336140104
2011-03-30,1.2573740447480977,9.351411274271191,0.0,0.005529505667696966
2011-03-31,1.2563681455122993,9.36569428804736,-0.0008,0.001527364518280333
2011-04-01,1.2507325212598779,9.45707761564494,-0.004485647198674703,0.009757240070734002
2011-04-04,1.2507325212598779,9.44771554019627,0.0,-0.0009899543843418846
2011-04-05,1.2507325212598779,9.478913516356544,0.0,0.003302171411442084
2011-04-06,1.2507325212598779,9.559820117899642,0.0,0.008535429867936817
2011-04-07,1.2507325212598779,9.51325516714483,0.0,-0.00487090239989188
2011-04-08,1.2507325212598779,9.58694167366497,0.0,0.007745666990477263
2011-04-11,1.2507325212598779,9.601640822322256,0.0,0.0015332469058055409
2011-04-12,1.2507325212598779,9.447088889841766,0.0,-0.0160964084514787
2011-04-13,1.2507325212598779,9.488877087295217,0.0,0.004423394120741842
2011-04-14,1.2507325212598779,9.408350518084108,0.0,-0.00848641714612658
2011-04-15,1.2507325212598779,9.378121891533944,0.0,-0.0032129570950891807
2011-04-18,1.2507325212598779,9.231351024552849,0.0,-0.01565034755131428
2011-04-19,1.2507325212598779,9.361003114096128,0.0,0.01404475782563569
2011-04-20,1.2507325212598779,9.485696222442801,0.0,0.013320485724324288
2011-04-26,1.2507325212598779,9.61542805110628,0.0,0.013676574246235912
2011-04-27,1.2507325212598779,9.638483142050738,0.0,0.002397718626973344
2011-04-28,1.2507325212598779,9.665681785350749,0.0,0.0028218800509541677
2011-04-29,1.24973193524287,9.782645961037307,-0.0008,0.012100975211477277
2011-05-02,1.241168913729841,9.731779996918993,-0.006851886609879098,-0.005199612080505056
2011-05-03,1.241168913729841,9.59384737478985,0.0,-0.01417342173505895
2011-05-04,1.241168913729841,9.447735492159456,0.0,-0.015229748496347461
2011-05-05,1.241168913729841,9.455774435452922,0.0,0.0008508857281341265
2011-05-06,1.241168913729841,9.550108699420491,0.0,0.009976365723560277
2011-05-09,1.241168913729841,9.534842030394582,0.0,-0.0015985858911570726
2011-05-10,1.241168913729841,9.591937170560664,0.0,0.005988053077762195
2011-05-11,1.241168913729841,9.579992007209293,0.0,-0.001245333777626606
2011-05-12,1.241168913729841,9.46304107825491,0.0,-0.012207831579230272
2011-05-13,1.241168913729841,9.57974577531095,0.0,0.012332684185870801
2011-05-16,1.241168913729841,9.609176890317379,0.0,0.0030722229688263823
2011-05-18,1.241168913729841,9.593096134888238,0.0,-0.0016734789683541362
2011-05-19,1.241168913729841,9.610473508853142,0.0,0.0018114458273493616
2011-05-20,1.241168913729841,9.567053563516705,0.0,-0.004517981897191425
2011-05-23,1.241168913729841,9.411989753449502,0.0,-0.016208105143105632
2011-05-24,1.241168913729841,9.457967776957108,0.0,0.004885048189810931
2011-05-25,1.241168913729841,9.435201141661564,0.0,-0.002407138175180995
2011-05-26,1.241168913729841,9.428869334744833,0.0,-0.00067108340581854
2011-05-27,1.241168913729841,9.485610791185794,0.0,0.006017843118460792
2011-05-30,1.241168913729841,9.549510943380348,0.0,0.006736535327164195
2011-05-31,1.240175978598857,9.574247147428517,-0.0008,0.0025903110844975874
2011-06-01,1.2437628477116558,9.547133922017206,0.00289222592172056,-0.0028318911130880476
2011-06-03,1.2437628477116558,9.468266092862496,0.0,-0.008260890629472306
2011-06-06,1.2437628477116558,9.44758647590631,0.0,-0.0021840975690128827
2011-06-07,1.2437628477116558,9.445360219351345,0.0,-0.00023564288727511706
2011-06-08,1.2437628477116558,9.218619560167948,0.0,-0.024005506822159944
2011-06-09,1.2437628477116558,9.29515903100294,0.0,0.008302704145174394
2011-06-10,1.2437628477116558,9.176517775190426,0.0,-0.012763768260101931
2011-06-14,1.2437628477116558,9.260242080822021,0.0,0.009123755620890434
2011-06-15,1.2437628477116558,9.021641262657363,0.0,-0.02576615342041671
2011-06-16,1.2437628477116558,8.928084579764745,0.0,-0.010370250841149032
2011-06-17,1.2437628477116558,8.954006551245536,0.0,0.00290341912077568
2011-06-20,1.2437628477116558,8.850152824836497,0.0,-0.011598576102738378
2011-06-21,1.2437628477116558,9.06750628698748,0.0,0.024559289139168015
2011-06-22,1.2437628477116558,9.085974813269528,0.0,0.0020367811940257942
2011-06-23,1.2437628477116558,8.88619287460647,0.0,-0.021987947663170738
2011-06-24,1.2437628477116558,8.786864989943094,0.0,-0.011177777262433786
2011-06-27,1.2437628477116558,8.738537663529897,0.0,-0.005499950945930104
2011-06-28,1.2437628477116558,8.85898390343554,0.0,0.013783340479073935
2011-06-29,1.2437628477116558,9.042317251337122,0.0,0.020694624789925002
2011-06-30,1.2427678374334865,9.155355521080335,-0.0008,0.012501028951013172
2011-07-01,1.2487109207605827,9.24475746546212,0.004782134802723404,0.009764988828225907
2011-07-04,1.2487109207605827,9.259269584826395,0.0,0.0015697674512815062
2011-07-05,1.2487109207605827,9.209977436484888,0.0,-0.005323546084270469
2011-07-06,1.2487109207605827,9.132672825618785,0.0,-0.008393572231769498
2011-07-07,1.2487109207605827,9.182331502520487,0.0,0.005437474641859469
2011-07-08,1.2487109207605827,9.041861593920952,0.0,-0.015297847672018522
2011-07-11,1.2487109207605827,8.911217236918153,0.0,-0.014448833975808073
2011-07-12,1.2487109207605827,8.808515904155517,0.0,-0.0115249499627454
2011-07-13,1.2487109207605827,8.807474307862316,0.0,-0.0001182487838512103
2011-07-14,1.2487109207605827,8.756399913416733,0.0,-0.005798983075089992
2011-07-15,1.2487109207605827,8.751732587415013,0.0,-0.0005330188259866254
2011-07-18,1.2487109207605827,8.65835408817132,0.0,-0.010669715774676559
2011-07-19,1.2487109207605827,8.718276992696678,0.0,0.00692081935147722
2011-07-20,1.2487109207605827,8.78215065838779,0.0,0.007326409305946408
2011-07-21,1.2487109207605827,8.892546711333882,0.0,0.012570503199082894
2011-07-22,1.2487109207605827,8.929412010358112,0.0,0.004145640188456412
2011-07-25,1.2487109207605827,8.901978783714666,0.0,-0.003072232148278414
2011-07-26,1.2487109207605827,8.913260399582782,0.0,0.0012673155196409546
2011-07-27,1.2487109207605827,8.80873255117093,0.0,-0.011727229288257257
2011-07-28,1.2487109207605827,8.800939609473037,0.0,-0.0008846836537063807
2011-07-29,1.2482114363922785,8.701946048484146,-0.0004,-0.011248067295262103
2011-08-01,1.249252893551339,8.635691045215653,0.0008343595713805156,-0.007613814530605512
2011-08-02,1.249252893551339,8.398441090742375,0.0,-0.027473186943703765
2011-08-03,1.249252893551339,8.240894666138148,0.0,-0.01875900811852953
2011-08-04,1.249252893551339,7.908230478931989,0.0,-0.04036748443989664
2011-08-05,1.249252893551339,7.711598652630729,0.0,-0.024864200256315062
2011-08-08,1.249252893551339,7.3281412382887225,0.0,-0.049724762868876025
2011-08-09,1.249252893551339,7.387073816139547,0.0,0.008041954423982516
2011-08-10,1.249252893551339,7.407222991441966,0.0,0.0027276260944349372
2011-08-11,1.249252893551339,7.585923999068002,0.0,0.024125236655154127
2011-08-12,1.249252893551339,7.831271268311017,0.0,0.03234243702852253
2011-08-15,1.249252893551339,7.941970138830268,0.0,0.014135491764560526
2011-08-16,1.249252893551339,7.9861175096444,0.0,0.005558742987244919
2011-08-17,1.249252893551339,8.051325819665912,0.0,0.008165207930231793
2011-08-18,1.249252893551339,7.588427591554034,0.0,-0.05749341642356822
2011-08-19,1.249252893551339,7.56570847347288,0.0,-0.002993916434867139
2011-08-22,1.249252893551339,7.554097776076002,0.0,-0.0015346477382241319
2011-08-23,1.249252893551339,7.470659450825448,0.0,-0.011045438876209129
2011-08-24,1.249252893551339,7.65563843797234,0.0,0.02476073074465383
2011-08-25,1.249252893551339,7.621927032107225,0.0,-0.004403474137167329
2011-08-26,1.249252893551339,7.674244999452807,0.0,0.006864139098313815
2011-08-29,1.249252893551339,7.833301674695903,0.0,0.02072603562362641
2011-08-30,1.249252893551339,7.910776297830066,0.0,0.009890417393783112
2011-08-31,1.2487531923939186,8.073388339565826,-0.0004,0.02055576287504991
2011-09-01,1.2372418903646174,8.039826215587432,-0.009218236317164853,-0.004157129889802774
2011-09-02,1.2372418903646174,7.866454453051245,0.0,-0.021564118164651203
2011-09-05,1.2372418903646174,7.5241476375946,0.0,-0.04351475210332781
2011-09-06,1.2372418903646174,7.444650568769983,0.0,-0.010565591300655486
2011-09-07,1.2372418903646174,7.676336581394134,0.0,0.03112114000300622
2011-09-08,1.2372418903646174,7.708708588722346,0.0,0.004217116717716185
2011-09-09,1.2372418903646174,7.562822271713329,0.0,-0.01892487118042636
2011-09-12,1.2372418903646174,7.374382366103828,0.0,-0.02491661166153662
2011-09-13,1.2372418903646174,7.357469627973497,0.0,-0.0022934446968833067
2011-09-14,1.2372418903646174,7.447179406326332,0.0,0.012193020547683026
2011-09-15,1.2372418903646174,7.610324251282025,0.0,0.02190693094047167
2011-09-16,1.2372418903646174,7.666689307778211,0.0,0.0074063935563180635
2011-09-19,1.2372418903646174,7.484951200518639,0.0,-0.023704900507079386
2011-09-20,1.2372418903646174,7.546135580563915,0.0,0.008174319164704357
2011-09-21,1.2372418903646174,7.511011628661198,0.0,-0.004654561467618468
2011-09-22,1.2372418903646174,7.168856641471109,0.0,-0.04555378211431106
2011-09-23,1.2372418903646174,7.0452349398345,0.0,-0.017244270295694114
2011-09-26,1.2372418903646174,6.9341304178471725,0.0,-0.015770165641905122
2011-09-27,1.2372418903646174,7.164345293493932,0.0,0.033200251765416654
2011-09-28,1.2372418903646174,7.077327985272459,0.0,-0.012145884188537936
2011-09-29,1.2372418903646174,7.1510558370079504,0.0,0.010417469967326115
2011-09-30,1.2367469936084716,7.125816161905505,-0.0004,-0.0035295032898255254
2011-10-03,1.1821566230088718,6.828819214438431,-0.04414028971303239,-0.04167900781033549
2011-10-04,1.1821566230088718,6.562277048777532,0.0,-0.03903195520205586
2011-10-05,1.1821566230088718,6.800424696635342,0.0,0.03629039830041519
2011-10-06,1.1821566230088718,6.996200860289931,0.0,0.028788814285592067
2011-10-07,1.1821566230088718,7.012751093234681,0.0,0.0023656028858017207
2011-10-10,1.1821566230088718,7.215635335388667,0.0,0.028930763327635105
2011-10-11,1.1821566230088718,7.112568153889516,0.0,-0.014283867838174102
2011-10-12,1.1821566230088718,7.3360841430212265,0.0,0.03142549699288018
2011-10-13,1.1821566230088718,7.193423556817946,0.0,-0.01944642174517493
2011-10-14,1.1821566230088718,7.377481003317077,0.0,0.02558690518434456
2011-10-17,1.1821566230088718,7.36752201314371,0.0,-0.001349917426949465
2011-10-18,1.1821566230088718,7.371637474801224,0.0,0.0005585950948190421
2011-10-19,1.1821566230088718,7.32754859697873,0.0,-0.005980879821234364
2011-10-20,1.1821566230088718,7.325405490211778,0.0,-0.0002924725422954411
2011-10-21,1.1821566230088718,7.6823450969176115,0.0,0.04872625920609809
2011-10-24,1.1821566230088718,7.851249114728012,0.0,0.021985997202621073
2011-10-25,1.1821566230088718,7.814231184285479,0.0,-0.004714909678906009
2011-10-26,1.1821566230088718,7.905715271052048,0.0,0.011707368851659355
2011-10-27,1.1821566230088718,8.188074572196925,0.0,0.035715844988596555
2011-10-28,1.1821566230088718,8.17980311844544,0.0,-0.0010101830019440816
2011-10-31,1.1816837603596684,8.024896436338704,-0.0004,-0.01893770300625215
2011-11-01,1.137948340702712,7.714405366758125,-0.03701110324444552,-0.03869097527222887
2011-11-02,1.137948340702712,7.787167510290088,0.0,0.009431983422273905
2011-11-03,1.137948340702712,7.998908210553086,0.0,0.02719097797539352
2011-11-04,1.137948340702712,7.988771129103295,0.0,-0.0012673081354299287
2011-11-07,1.137948340702712,7.9976018683749786,0.0,0.0011053939497044306
2011-11-08,1.137948340702712,8.091541347665016,0.0,0.0117459559548099
2011-11-09,1.137948340702712,7.901254048201248,0.0,-0.023516817289536425
2011-11-10,1.137948340702712,7.858887580419011,0.0,-0.0053619928588275025
2011-11-11,1.137948340702712,8.047406731917079,0.0,0.02398801987800105
2011-11-14,1.137948340702712,7.905668295013975,0.0,-0.01761293316279767
2011-11-15,1.137948340702712,7.875088965556594,0.0,-0.003868025866537772
2011-11-16,1.137948340702712,7.890316576253697,0.0,0.0019336430056478837
2011-11-17,1.137948340702712,7.729606689091415,0.0,-0.020367989751633897
2011-11-18,1.137948340702712,7.724723203850415,0.0,-0.00063178961587938
2011-11-21,1.137948340702712,7.505329413821189,0.0,-0.028401508279269922
2011-11-22,1.137948340702712,7.277205116749597,0.0,-0.030394974623165306
2011-11-23,1.137948340702712,7.019916465997093,0.0,-0.03535542102012705
2011-11-24,1.137948340702712,7.119231449079056,0.0,0.014147601835865548
2011-11-25,1.137948340702712,7.154411017951192,0.0,0.004941484080657055
2011-11-28,1.137948340702712,7.399422335506195,0.0,0.03424618978980134
2011-11-29,1.137948340702712,7.437282671488052,0.0,0.005116661039900883
2011-11-30,1.137948340702712,7.76521221857136,0.0,0.04409265609070856
2011-12-01,1.124949135508347,7.723598662168305,-0.011423370226400388,-0.005358972199566154
2011-12-02,1.124949135508347,7.782149364568498,0.0,0.007580754122684452
2011-12-05,1.124949135508347,7.901973719903723,0.0,0.015397334299541376
2011-12-06,1.124949135508347,8.052706557595455,0.0,0.01907534029277544
2011-12-07,1.124949135508347,7.925193266636032,0.0,-0.015834836405301606
2011-12-08,1.124949135508347,7.752966723872263,0.0,-0.02173152590345248
2011-12-09,1.124949135508347,7.808278139225186,0.0,0.007134225816113937
2011-12-12,1.124949135508347,7.611387290008629,0.0,-0.025215655193872755
2011-12-13,1.124949135508347,7.641557985694964,0.0,0.003963889175096902
2011-12-14,1.124949135508347,7.369279411475891,0.0,-0.03563129073008146
2011-12-15,1.124949135508347,7.47287611671305,0.0,0.01405791522517541
2011-12-16,1.124949135508347,7.559481838837273,0.0,0.011589342680327425
2011-12-19,1.124949135508347,7.526022733559779,0.0,-0.004426110941307576
2011-12-20,1.124949135508347,7.722233713388116,0.0,0.02607100546659245
2011-12-21,1.124949135508347,7.73604309572876,0.0,0.0017882626780256373
2011-12-22,1.124949135508347,7.87780897141827,0.0,0.018325373053800897
2011-12-23,1.124949135508347,7.983932079152374,0.0,0.013471145101275223
2011-12-27,1.124949135508347,8.026541299792726,0.0,0.005336871633917434
2011-12-28,1.124949135508347,7.94943292571645,0.0,-0.00960667505420626
2011-12-29,1.124949135508347,8.011151746890917,0.0,0.0077639275343535374
2011-12-30,1.123599196545737,8.062212955778348,-0.0012,0.006373766282388399
2012-01-02,1.1385806568465768,8.090548637193752,0.013333455868335519,0.0035146282504353588
2012-01-03,1.1385806568465768,8.179045313809594,0.0,0.010938278797188778
2012-01-04,1.1385806568465768,8.18114630948975,0.0,0.00025687541755134435
2012-01-05,1.1385806568465768,8.174261661267805,0.0,-0.0008415261091173187
2012-01-06,1.1385806568465768,8.14677055304777,0.0,-0.0033631304403059226
2012-01-09,1.1385806568465768,8.063616100854192,0.0,-0.010207044822499473
2012-01-10,1.1385806568465768,8.196336394969645,0.0,0.016459153369341645
2012-01-11,1.1385806568465768,8.223884137896261,0.0,0.0033609824681576804
2012-01-12,1.1385806568465768,8.35157567806818,0.0,0.015526913807492226
2012-01-13,1.1385806568465768,8.282160523413307,0.0,-0.008311623737920682
2012-01-16,1.1385806568465768,8.357503075173803,0.0,0.009096968302836522
2012-01-17,1.1385806568465768,8.38557480044179,0.0,0.00335886508392384
2012-01-18,1.1385806568465768,8.425863065917024,0.0,0.004804472732520676
2012-01-19,1.1385806568465768,8.506176344562785,0.0,0.009531756927148754
2012-01-20,1.1385806568465768,8.457818526511868,0.0,-0.0056850241626870916
2012-01-23,1.1385806568465768,8.516208938114152,0.0,0.006903720080923265
2012-01-24,1.1385806568465768,8.429491534209404,0.0,-0.010182629916070574
2012-01-25,1.1385806568465768,8.440111913093883,0.0,0.001259907414507344
2012-01-26,1.1385806568465768,8.518526604056387,0.0,0.009290716967964852
2012-01-27,1.1385806568465768,8.566424363104067,0.0,0.005622775072965286
2012-01-30,1.1385806568465768,8.455992146998081,0.0,-0.012891284791076051
2012-01-31,1.1385806568465768,8.515882043593772,0.0,0.007082539287474476
2012-02-01,1.1675766374778223,8.66037403037462,0.025466777831579447,0.016967354179071036
2012-02-02,1.1675766374778223,8.67939823685619,0.0,0.0021966957102369455
2012-02-03,1.1675766374778223,8.765654893408946,0.0,0.009938091812226607
2012-02-06,1.1675766374778223,8.795710239980746,0.0,0.003428762247347633
2012-02-07,1.1675766374778223,8.759821927065188,0.0,-0.004080206366102063
2012-02-08,1.1675766374778223,8.742373451088914,0.0,-0.0019918756478785994
2012-02-09,1.1675766374778223,8.736687232718548,0.0,-0.0006504204381314382
2012-02-10,1.1675766374778223,8.674227595147904,0.0,-0.0071491213897110824
2012-02-13,1.1675766374778223,8.664835836477057,0.0,-0.0010827198811455274
2012-02-14,1.1675766374778223,8.631886832090663,0.0,-0.003802611498729863
2012-02-15,1.1675766374778223,8.77104057226595,0.0,0.016120894872944297
2012-02-16,1.1675766374778223,8.83777495334466,0.0,0.007608490751909535
2012-02-17,1.1675766374778223,8.905537753336468,0.0,0.007667405014218259
2012-02-20,1.1675766374778223,8.997056457442831,0.0,0.01027660615689105
2012-02-21,1.1675766374778223,9.095844516905721,0.0,0.010980042187149814
2012-02-22,1.1675766374778223,9.052649754715114,0.0,-0.004748845707545335
2012-02-23,1.1675766374778223,9.001562172471802,0.0,-0.005643384382202954
2012-02-24,1.1675766374778223,9.062308503973828,0.0,0.006748421033828611
2012-02-27,1.1675766374778223,9.074082555297686,0.0,0.0012992331168923399
2012-02-28,1.1675766374778223,9.09580202440222,0.0,0.0023935719090249054
2012-02-29,1.1671096068228313,9.019800421125323,-0.0004,-0.008355679144400979
2012-03-01,1.1659491881669184,8.992958821296329,-0.0009942670757992155,-0.00297585296523063
2012-03-02,1.1659491881669184,9.002627002608502,0.0,0.0010750834629954075
2012-03-05,1.1659491881669184,8.861307640598376,0.0,-0.015697569383823145
2012-03-06,1.1659491881669184,8.61043788218486,0.0,-0.028310692799350317
2012-03-07,1.1659491881669184,8.740041788502491,0.0,0.015051953000646379
2012-03-08,1.1659491881669184,8.87116089319653,0.0,0.015002114162259977
2012-03-09,1.1659491881669184,8.939946160040025,0.0,0.007753806708234473
2012-03-12,1.1659491881669184,8.914836468415912,0.0,-0.0028087072533332313
2012-03-13,1.1659491881669184,9.00538077020224,0.0,0.010156585833864234
2012-03-14,1.1659491881669184,9.135204791515374,0.0,0.014416272296081657
2012-03-15,1.1659491881669184,9.195760171003279,0.0,0.006628792771471065
2012-03-16,1.1659491881669184,9.423265329452184,0.0,0.02474022312655445
2012-03-19,1.1659491881669184,9.49688627656967,0.0,0.007812678996460636
2012-03-20,1.1659491881669184,9.343153890460943,0.0,-0.01618766210647487
2012-03-21,1.1659491881669184,9.301730537593889,0.0,-0.0044335513845433884
2012-03-22,1.1659491881669184,9.197629865627784,0.0,-0.011191538127810863
2012-03-23,1.1659491881669184,9.316232118173573,0.0,0.012894871209050963
2012-03-26,1.1659491881669184,9.378413403436493,0.0,0.006674510088860936
2012-03-27,1.1659491881669184,9.333359473781915,0.0,-0.004804003376314009
2012-03-28,1.1659491881669184,9.272439771250314,0.0,-0.006527092704693244
2012-03-29,1.1659491881669184,9.155762940645246,0.0,-0.012583185599849295
2012-03-30,1.165016428816385,9.252094008490925,-0.0008,0.010521358893865069
2012-04-02,1.16608953137083,9.31591931644386,0.0009211050830719939,0.00689847162105815
2012-04-03,1.16608953137083,9.251544655920418,0.0,-0.006910177979945864
2012-04-04,1.16608953137083,9.205702155647524,0.0,-0.004955118521052187
2012-04-10,1.16608953137083,8.900061951176328,0.0,-0.03320118327787646
2012-04-11,1.16608953137083,8.940930587466978,0.0,0.004591949642018861
2012-04-12,1.16608953137083,9.036464125942713,0.0,0.010684965903845423
2012-04-13,1.16608953137083,8.963110750663041,0.0,-0.008117486470076351
2012-04-16,1.16608953137083,8.911146606515205,0.0,-0.0057975568520106605
2012-04-17,1.16608953137083,9.147522316090578,0.0,0.026525846786377826
2012-04-18,1.16608953137083,9.039166368533756,0.0,-0.011845387615641296
2012-04-19,1.16608953137083,8.96907027319595,0.0,-0.007754707954244261
2012-04-20,1.16608953137083,8.99189951332536,0.0,0.002545329608759317
2012-04-23,1.16608953137083,8.722702213065155,0.0,-0.029937756739971712
2012-04-24,1.16608953137083,8.875981553906666,0.0,0.017572460585886178
2012-04-25,1.16608953137083,9.023275531150675,0.0,0.01659466914723139
2012-04-26,1.16608953137083,9.060959040494978,0.0,0.004176256085077962
2012-04-27,1.16608953137083,8.966827122254584,0.0,-0.01038873675730173
2012-04-30,1.16608953137083,9.014036564393251,0.0,0.0052648993333997696
2012-05-02,1.1552654566016778,8.954090733113693,-0.009282370245128325,-0.006650276027984348
2012-05-03,1.1552654566016778,9.007375419959473,0.0,0.005950876357408791
2012-05-04,1.1552654566016778,8.836561382728375,0.0,-0.01896379680729086
2012-05-07,1.1552654566016778,8.911245661422393,0.0,0.008451735404678246
2012-05-08,1.1552654566016778,8.69597509885062,0.0,-0.02415717967508172
2012-05-09,1.1552654566016778,8.658008679679899,0.0,-0.0043659760681397704
2012-05-10,1.1552654566016778,8.805754312330203,0.0,0.01706462052839689
2012-05-11,1.1552654566016778,8.860392050898572,0.0,0.006204776630193215
2012-05-14,1.1552654566016778,8.632346370333158,0.0,-0.025737651252383066
2012-05-15,1.1552654566016778,8.577356452082272,0.0,-0.0063702168439243425
2012-05-16,1.1552654566016778,8.507151364264475,0.0,-0.008184932993049832
2012-05-18,1.1552654566016778,8.362150147849885,0.0,-0.01704462636267266
2012-05-21,1.1552654566016778,8.47002911679847,0.0,0.012900864854277267
2012-05-22,1.1552654566016778,8.675514398529,0.0,0.024260280442601312
2012-05-23,1.1552654566016778,8.38892120336327,0.0,-0.033034720709393964
2012-05-24,1.1552654566016778,8.444155825602666,0.0,0.006584234241853709
2012-05-25,1.1552654566016778,8.509475744893166,0.0,0.00773551798895637
2012-05-29,1.1552654566016778,8.529631346821837,0.0,0.0023686067782456967
2012-05-30,1.1552654566016778,8.431550473843073,0.0,-0.011498840804568727
2012-05-31,1.1552654566016778,8.37353629036899,0.0,-0.0068806067939766345
2012-06-01,1.150547028765609,8.256519867598525,-0.004084280205130031,-0.013974552532250172
2012-06-04,1.150547028765609,8.072072092394285,0.0,-0.022339651349726437
2012-06-05,1.150547028765609,8.208213486907123,0.0,0.0168657307509821
2012-06-06,1.150547028765609,8.389064106656354,0.0,0.022032884504978423
2012-06-07,1.150547028765609,8.468742636204789,0.0,0.009497904478428548
2012-06-08,1.150547028765609,8.431391621753622,0.0,-0.0044104557259168784
2012-06-11,1.150547028765609,8.395637709626623,0.0,-0.004240570682869521
2012-06-12,1.150547028765609,8.397448093060529,0.0,0.0002156338203863295
2012-06-13,1.150547028765609,8.279190016891176,0.0,-0.014082620679379754
2012-06-14,1.150547028765609,8.300078959155258,0.0,0.002523065930539492
2012-06-15,1.150547028765609,8.547372222800776,0.0,0.02979408567827497
2012-06-18,1.150547028765609,8.520916629428283,0.0,-0.003095172724772677
2012-06-19,1.150547028765609,8.609763212029375,0.0,0.010426880870333482
2012-06-20,1.150547028765609,8.730576355047633,0.0,0.014032109831947488
2012-06-21,1.150547028765609,8.57095962409933,0.0,-0.018282496419153305
2012-06-22,1.150547028765609,8.510871824236638,0.0,-0.007010626872368242
2012-06-25,1.150547028765609,8.421680694968822,0.0,-0.010479670133654728
2012-06-26,1.150547028765609,8.373356931384645,0.0,-0.005738018969663067
2012-06-27,1.150547028765609,8.580596217405851,0.0,0.024749844980863196
2012-06-28,1.150547028765609,8.631191429518193,0.0,0.0058964681276703675
2012-06-29,1.1500868099541028,8.898610653030465,-0.0004,0.030982886394769704
2012-07-02,1.1497545184029796,8.967102262319514,-0.00028892736465380186,0.007696887970452482
2012-07-03,1.1497545184029796,9.058622435016762,0.0,0.010206214897517541
2012-07-04,1.1497545184029796,8.952615462280102,0.0,-0.011702328195828293
2012-07-05,1.1497545184029796,8.88004939101688,0.0,-0.008105572228469193
2012-07-06,1.1497545184029796,8.802731307052651,0.0,-0.008706943008948254
2012-07-09,1.1497545184029796,8.739322724168444,0.0,-0.007203285056923808
2012-07-10,1.1497545184029796,8.894023734186094,0.0,0.01770171612839356
2012-07-11,1.1497545184029796,8.867848955727364,0.0,-0.002942962515168657
2012-07-12,1.1497545184029796,8.797165325702757,0.0,-0.007970775142595954
2012-07-13,1.1497545184029796,8.957361230241037,0.0,0.018209945886800017
2012-07-16,1.1497545184029796,8.983638040918276,0.0,0.002933543707998121
2012-07-17,1.1497545184029796,8.979105277670277,0.0,-0.0005045576443924004
2012-07-18,1.1497545184029796,9.064622924944766,0.0,0.009524072235477405
2012-07-19,1.1497545184029796,9.088660099686185,0.0,0.002651756718447762
2012-07-20,1.1497545184029796,8.936160255957619,0.0,-0.016779133783849227
2012-07-23,1.1497545184029796,8.681531310816702,0.0,-0.028494223228725024
2012-07-24,1.1497545184029796,8.684500131805386,0.0,0.0003419697381020437
2012-07-25,1.1497545184029796,8.702511485586516,0.0,0.0020739655141655765
2012-07-26,1.1497545184029796,8.82258225815486,0.0,0.013797255282823783
2012-07-27,1.1497545184029796,8.916683593325885,0.0,0.010665962913980875
2012-07-30,1.1497545184029796,8.968623464536183,0.0,0.005825021227530669
2012-07-31,1.1492946165956184,8.913799026642495,-0.0004,-0.006112915556158028
2012-08-01,1.1461877268262328,8.849457334480087,-0.0027033014202995304,-0.007218212119220702
2012-08-02,1.1461877268262328,8.739903064470736,0.0,-0.012379772664985366
2012-08-03,1.1461877268262328,8.948075734981678,0.0,0.02381864752679037
2012-08-06,1.1461877268262328,9.010330358336173,0.0,0.006957319673895452
2012-08-07,1.1461877268262328,9.061616142877886,0.0,0.005691887256305145
2012-08-08,1.1461877268262328,8.95171983532973,0.0,-0.012127671909224647
2012-08-09,1.1461877268262328,9.045724591384436,0.0,0.010501306763835405
2012-08-10,1.1461877268262328,9.0404495172737,0.0,-0.000583156612546154
2012-08-13,1.1461877268262328,9.056501386679551,0.0,0.0017755609801460293
2012-08-14,1.1461877268262328,9.11097641522368,0.0,0.006015019069532912
2012-08-15,1.1461877268262328,9.130594965484748,0.0,0.0021532873500021534
2012-08-16,1.1461877268262328,9.169373087588538,0.0,0.004247053149370672
2012-08-17,1.1461877268262328,9.315284496046273,0.0,0.015912909973664152
2012-08-20,1.1461877268262328,9.232742545030069,0.0,-0.008860915740280084
2012-08-21,1.1461877268262328,9.389984764440284,0.0,0.017030932969625167
2012-08-22,1.1461877268262328,9.307988074631456,0.0,-0.008732356001188268
2012-08-23,1.1461877268262328,9.237218002596137,0.0,-0.0076031545665813825
2012-08-24,1.1461877268262328,9.284142126382303,0.0,0.005079897840776004
2012-08-27,1.1461877268262328,9.297125457072804,0.0,0.0013984416129958822
2012-08-28,1.1461877268262328,9.233200235222112,0.0,-0.006875805015846076
2012-08-29,1.1461877268262328,9.250682775015548,0.0,0.0018934431560083454
2012-08-30,1.1461877268262328,9.174570296679745,0.0,-0.008227768715771865
2012-08-31,1.1461877268262328,9.237373891951178,0.0,0.00684539910214218
2012-09-03,1.1629428335218805,9.3101535180028,0.014618117349801318,0.007878822152585651
2012-09-04,1.1629428335218805,9.198802616305192,0.0,-0.011960157421925566
2012-09-05,1.1629428335218805,9.27233637073452,0.0,0.007993839795952095
2012-09-06,1.1629428335218805,9.436206812985441,0.0,0.01767304762240198
2012-09-07,1.1629428335218805,9.50533137505068,0.0,0.007325460689364699
2012-09-10,1.1629428335218805,9.567347383219852,0.0,0.006524339417766129
2012-09-11,1.1629428335218805,9.607164410852558,0.0,0.004161762507185657
2012-09-12,1.1629428335218805,9.655612578754482,0.0,0.005042920661084571
2012-09-13,1.1629428335218805,9.629397822835223,0.0,-0.002714975948490311
2012-09-14,1.1629428335218805,9.87495254229986,0.0,0.025500527030083552
2012-09-17,1.1629428335218805,9.890619302167236,0.0,0.0015865149528837609
2012-09-18,1.1629428335218805,9.824381450222933,0.0,-0.006697037861904958
2012-09-19,1.1629428335218805,9.778704983050952,0.0,-0.00464929699680437
2012-09-20,1.1629428335218805,9.661403743031244,0.0,-0.01199558021466265
2012-09-21,1.1629428335218805,9.776695654266165,0.0,0.011933246379241763
2012-09-24,1.1629428335218805,9.707269838011054,0.0,-0.007101153468433397
2012-09-25,1.1629428335218805,9.75897863770758,0.0,0.005326811818298127
2012-09-26,1.1629428335218805,9.553800008827691,0.0,-0.021024600677687945
2012-09-27,1.1629428335218805,9.60867734197986,0.0,0.005744032018826212
2012-09-28,1.1624776563884718,9.572164472055055,-0.0004,-0.0037999891790811034
2012-10-01,1.170637164669059,9.67983936019382,0.007019066762914594,0.011248750316933209
2012-10-02,1.170637164669059,9.680379236392689,0.0,5.5773260152364165e-05
2012-10-03,1.170637164669059,9.670802207275868,0.0,-0.0009893237530216481
2012-10-04,1.170637164669059,9.641580870117144,0.0,-0.003021604261199662
2012-10-05,1.170637164669059,9.794754534393885,0.0,0.01588677897744794
2012-10-08,1.170637164669059,9.707894246447005,0.0,-0.00886804132169664
2012-10-09,1.170637164669059,9.678582077542684,0.0,-0.003019415762079225
2012-10-10,1.170637164669059,9.594215926167578,0.0,-0.008716788337298009
2012-10-11,1.170637164669059,9.600992061133395,0.0,0.0007062729271429591
2012-10-12,1.170637164669059,9.569921037671996,0.0,-0.0032362305128008475
2012-10-15,1.170637164669059,9.572602558964586,0.0,0.0002802030739893102
2012-10-16,1.170637164669059,9.64537173826259,0.0,0.007601817671815464
2012-10-17,1.170637164669059,9.63779139811782,0.0,-0.0007859044058094233
2012-10-18,1.170637164669059,9.662147473844247,0.0,0.0025271428608823476
2012-10-19,1.170637164669059,9.585589195335267,0.0,-0.007923526184652524
2012-10-22,1.170637164669059,9.571385911023684,0.0,-0.0014817330497007525
2012-10-23,1.170637164669059,9.341170559961634,0.0,-0.024052457314139082
2012-10-24,1.170637164669059,9.516403284560441,0.0,0.0187591826392609
2012-10-25,1.170637164669059,9.555005084463659,0.0,0.004056343426076197
2012-10-26,1.170637164669059,9.4966845102687,0.0,-0.00610366752078311
2012-10-29,1.170637164669059,9.460562707531105,0.0,-0.0038036224851459854
2012-10-30,1.170637164669059,9.469489277356681,0.0,0.0009435559069303464
2012-10-31,1.1701689098031913,9.456690276692791,-0.0004,-0.0013516041139087988
2012-11-01,1.1748588883360325,9.507528587800152,0.0040079500434087485,0.005375909501092256
2012-11-02,1.1748588883360325,9.560193797197165,0.0,0.005539316438615964
2012-11-05,1.1748588883360325,9.520000242515485,0.0,-0.004204261496609489
2012-11-06,1.1748588883360325,9.585344584656067,0.0,0.0068639013105021695
2012-11-07,1.1748588883360325,9.532822993809827,0.0,-0.005479363874963336
2012-11-08,1.1748588883360325,9.5040979674008,0.0,-0.0030132759653335966
2012-11-09,1.1748588883360325,9.468914664662002,0.0,-0.003701908677654271
2012-11-12,1.1748588883360325,9.435695820693773,0.0,-0.003508199740377939
2012-11-13,1.1748588883360325,9.343641010895213,0.0,-0.009756017102275683
2012-11-14,1.1748588883360325,9.414794803236013,0.0,0.007615210415065209
2012-11-15,1.1748588883360325,9.33180399275211,0.0,-0.008814935664384056
2012-11-16,1.1748588883360325,9.33559314789723,0.0,0.00040604744249462757
2012-11-19,1.1748588883360325,9.47905241749044,0.0,0.01536691534436915
2012-11-20,1.1748588883360325,9.511320846423818,0.0,0.003404182982872573
2012-11-21,1.1748588883360325,9.524699306885624,0.0,0.0014065828161854473
2012-11-22,1.1748588883360325,9.63128129412877,0.0,0.011190063204000147
2012-11-23,1.1748588883360325,9.606755838929548,0.0,-0.0025464374313491434
2012-11-26,1.1748588883360325,9.54523737665933,0.0,-0.006403666680163466
2012-11-27,1.1748588883360325,9.524776492951611,0.0,-0.002143569918727201
2012-11-28,1.1748588883360325,9.437433211981963,0.0,-0.009170113444056488
2012-11-29,1.1748588883360325,9.50454989190522,0.0,0.0071117515129056515
2012-11-30,1.174388944780698,9.550129184140493,-0.0004,0.00479552348650306
2012-12-03,1.174802082851715,9.538395272924571,0.00035178981618730863,-0.001228665182394284
2012-12-04,1.174802082851715,9.480491578341853,0.0,-0.0060705907991758495
2012-12-05,1.174802082851715,9.459040221675071,0.0,-0.002262684006363948
2012-12-06,1.174802082851715,9.533225407935605,0.0,0.007842781563666515
2012-12-07,1.174802082851715,9.496679387885608,0.0,-0.0038335420055812704
2012-12-10,1.174802082851715,9.502693434009673,0.0,0.000633278841837752
2012-12-11,1.174802082851715,9.59160538491776,0.0,0.009356499978192953
2012-12-12,1.174802082851715,9.611986864276158,0.0,0.0021249288873422282
2012-12-13,1.174802082851715,9.543331374122005,0.0,-0.007142694962403384
2012-12-14,1.174802082851715,9.584635113432832,0.0,0.004328021074781759
2012-12-17,1.174802082851715,9.62892682217438,0.0,0.004621115798083235
2012-12-18,1.174802082851715,9.698422010476161,0.0,0.007217334764839999
2012-12-19,1.174802082851715,9.828811911478482,0.0,0.013444444968622113
2012-12-20,1.174802082851715,9.790725312260905,0.0,-0.003874995224305545
2012-12-21,1.174802082851715,9.834538300168234,0.0,0.004474948127945281
2012-12-27,1.174802082851715,9.791229033126067,0.0,-0.004403792605233492
2012-12-28,1.1743321620185743,9.706264997596119,-0.0004,-0.008677565936052909
2013-01-02,1.198656982494572,9.940893798389444,0.02071374800310806,0.024172923452165724
2013-01-03,1.198656982494572,9.935892127045962,0.0,-0.0005031410097442351
2013-01-04,1.198656982494572,9.982796268036534,0.0,0.004720677357486073
2013-01-07,1.198656982494572,9.935425281135517,0.0,-0.004745262312193325
2013-01-08,1.198656982494572,9.94679855441895,0.0,0.001144719321177503
2013-01-09,1.198656982494572,9.977766670958117,0.0,0.003113375260365671
2013-01-10,1.198656982494572,10.000402998699535,0.0,0.002268676797915568
2013-01-11,1.198656982494572,9.988053770555679,0.0,-0.0012348730491622657
2013-01-14,1.198656982494572,10.01438811812169,0.0,0.002636584480917055
2013-01-15,1.198656982494572,10.018773797720975,0.0,0.0004379378497772717
2013-01-16,1.198656982494572,10.025259244284992,0.0,0.0006473293733305154
2013-01-17,1.198656982494572,10.12733491747916,0.0,0.010181848738959755
2013-01-18,1.198656982494572,10.183300317522107,0.0,0.005526172531961325
2013-01-21,1.198656982494572,10.205168539031984,0.0,0.00214745915646312
2013-01-22,1.198656982494572,10.182552585940355,0.0,-0.002216127348130407
2013-01-23,1.198656982494572,10.241291372439967,0.0,0.005768571878599217
2013-01-24,1.198656982494572,10.228956845808082,0.0,-0.001204391729843678
2013-01-25,1.198656982494572,10.243499415446882,0.0,0.0014217060310270607
2013-01-28,1.198656982494572,10.186327429619134,0.0,-0.005581294390619516
2013-01-29,1.198656982494572,10.233374622911871,0.0,0.004618661005922152
2013-01-30,1.198656982494572,10.214858952621022,0.0,-0.0018093415880030498
2013-01-31,1.1972185941155786,10.196872131847027,-0.0012000000000000001,-0.0017608486673601645
2013-02-01,1.2068552872530354,10.314990884096149,0.008049234437906262,0.011583822050706198
2013-02-04,1.2068552872530354,10.266576213676917,0.0,-0.004693622220634096
2013-02-05,1.2068552872530354,10.238042971859958,0.0,-0.0027792363513502926
2013-02-06,1.2068552872530354,10.222966844817192,0.0,-0.0014725594612372233
2013-02-07,1.2068552872530354,10.29847098398741,0.0,0.007385736481039002
2013-02-08,1.2068552872530354,10.330258438564329,0.0,0.003086618841412745
2013-02-11,1.2068552872530354,10.244731667484773,0.0,-0.008279247957657306
2013-02-12,1.2068552872530354,10.350416002086718,0.0,0.010315969029952386
2013-02-13,1.2068552872530354,10.316644083845938,0.0,-0.0032628561242341488
2013-02-14,1.2068552872530354,10.226927179796576,0.0,-0.008696326375147893
2013-02-15,1.2068552872530354,10.320841358824072,0.0,0.009183029992921537
2013-02-18,1.2068552872530354,10.292863982791946,0.0,-0.002710765049034061
2013-02-19,1.2068552872530354,10.368022640557145,0.0,0.007302016026914641
2013-02-20,1.2068552872530354,10.427442203110472,0.0,0.005731040972161224
2013-02-21,1.2068552872530354,10.282113502621879,0.0,-0.013937137953662523
2013-02-22,1.2068552872530354,10.254445705512012,0.0,-0.0026908667272357778
2013-02-25,1.2068552872530354,10.29137496742533,0.0,0.0036012928415493244
2013-02-26,1.2068552872530354,10.205194077874024,0.0,-0.008374088965185714
2013-02-27,1.2068552872530354,10.242605105818361,0.0,0.0036658810855393566
2013-02-28,1.205889803023233,10.227255061376331,-0.0008,-0.0014986465145777933
2013-03-01,1.208891412492616,10.234450040438201,0.0024891241818761015,0.0007035102790230452
2013-03-04,1.208891412492616,10.196612854507242,0.0,-0.003697041441548656
2013-03-05,1.208891412492616,10.306031801832553,0.0,0.010730911223813448
2013-03-06,1.208891412492616,10.25217024460588,0.0,-0.0052262168662331465
2013-03-07,1.208891412492616,10.258702169338337,0.0,0.0006371260500568513
2013-03-08,1.208891412492616,10.371638756596942,0.0,0.01100885720185488
2013-03-11,1.208891412492616,10.41010146312895,0.0,0.003708450268531034
2013-03-12,1.208891412492616,10.345875026071981,0.0,-0.0061696264233781235
2013-03-13,1.208891412492616,10.27765400383312,0.0,-0.00659403115414991
2013-03-14,1.208891412492616,10.358657332608663,0.0,0.007881499877825441
2013-03-15,1.208891412492616,10.353326996364897,0.0,-0.0005145779103037743
2013-03-18,1.208891412492616,10.334894153424367,0.0,-0.0017803787079266622
2013-03-19,1.208891412492616,10.233049909661457,0.0,-0.009854406078185515
2013-03-20,1.208891412492616,10.239931660202663,0.0,0.000672502391951353
2013-03-21,1.208891412492616,10.274239505939855,0.0,0.0033503979201862204
2013-03-22,1.208891412492616,10.29772682610907,0.0,0.0022860397750739483
2013-03-25,1.208891412492616,10.241720968192693,0.0,-0.005438662227315821
2013-03-26,1.208891412492616,10.294166371877692,0.0,0.00512076084164718
2013-03-27,1.2079242993626218,10.269926541995597,-0.0008,-0.0023547151859051054
2013-04-02,1.2091381196354634,10.275454943143172,0.0010048810786256412,0.0005383097069846627
2013-04-03,1.2091381196354634,10.284770088920999,0.0,0.0009065433919344482
2013-04-04,1.2091381196354634,10.22951399495595,0.0,-0.005372613435916408
2013-04-05,1.2091381196354634,10.08561221829243,0.0,-0.014067313142586775
2013-04-08,1.2091381196354634,10.139784644582887,0.0,0.005371258096975267
2013-04-09,1.2091381196354634,10.206734516708803,0.0,0.006602691721040015
2013-04-10,1.2091381196354634,10.252362744519381,0.0,0.004470404097988923
2013-04-11,1.2091381196354634,10.271309980523926,0.0,0.0018480848246100058
2013-04-12,1.2091381196354634,10.254061942294069,0.0,-0.0016792442504959312
2013-04-15,1.2091381196354634,10.085907453126653,0.0,-0.01639881737732069
2013-04-16,1.2091381196354634,10.079105230609516,0.0,-0.0006744284090203434
2013-04-17,1.2091381196354634,10.002748101163036,0.0,-0.007575784526446651
2013-04-18,1.2091381196354634,10.025771618581874,0.0,0.0023017192061612797
2013-04-19,1.2091381196354634,10.109014590274162,0.0,0.008302899253959096
2013-04-22,1.2091381196354634,10.085820523586357,0.0,-0.002294394421996558
2013-04-23,1.2091381196354634,10.138458166286952,0.0,0.005218974755449761
2013-04-24,1.2091381196354634,10.215823785587263,0.0,0.007630905807509454
2013-04-25,1.2091381196354634,10.325194275704662,0.0,0.010705988318994254
2013-04-26,1.2091381196354634,10.373011761582722,0.0,0.004631146359209534
2013-04-29,1.2091381196354634,10.380549934318825,0.0,0.0007267101309980413
2013-04-30,1.2086544643876092,10.380427171989835,-0.0004,-1.1826187414544695e-05
2013-05-02,1.2010153023525056,10.338520961243727,-0.006320385403924278,-0.004037041063125508
2013-05-03,1.2010153023525056,10.479098162820268,0.0,0.013597419021881971
2013-05-06,1.2010153023525056,10.481911080662265,0.0,0.00026843129039263075
2013-05-07,1.2010153023525056,10.480933820935569,0.0,-9.323297242039153e-05
2013-05-08,1.2010153023525056,10.516036951096451,0.0,0.0033492368867709702
2013-05-10,1.2010153023525056,10.555022960812316,0.0,0.0037072910543359656
2013-05-13,1.2010153023525056,10.672396713984638,0.0,0.011120179805206885
2013-05-14,1.2010153023525056,10.68579793702906,0.0,0.0012556901138112671
2013-05-15,1.2010153023525056,10.715048036035592,0.0,0.002737287302165101
2013-05-16,1.2010153023525056,10.77987284579238,0.0,0.006049885127791852
2013-05-21,1.2010153023525056,10.905720812976584,0.0,0.011674346162007455
2013-05-22,1.2010153023525056,10.89350323314519,0.0,-0.0011202909042800028
2013-05-23,1.2010153023525056,10.756121554452495,0.0,-0.012611340516674986
2013-05-24,1.2010153023525056,10.73564092588678,0.0,-0.0019040904718332324
2013-05-27,1.2010153023525056,10.794198197125143,0.0,0.005454473714481389
2013-05-28,1.2010153023525056,10.905558330251225,0.0,0.010316665591311804
2013-05-29,1.2010153023525056,10.81647122443816,0.0,-0.008168963304331124
2013-05-30,1.2010153023525056,10.83088386646097,0.0,0.0013324717205595027
2013-05-31,1.2010153023525056,10.772595609352228,0.0,-0.005381671323172375
2013-06-03,1.1988498988266962,10.79051346185533,-0.0018029774654560124,0.001663280898388826
2013-06-04,1.1988498988266962,10.77333230472775,0.0,-0.0015922464846843305
2013-06-05,1.1988498988266962,10.743258834192702,0.0,-0.0027914733978688616
2013-06-06,1.1988498988266962,10.670724493755834,0.0,-0.0067516143431275225
2013-06-07,1.1988498988266962,10.66613038182724,0.0,-0.00043053420892660713
2013-06-10,1.1988498988266962,10.657642684533073,0.0,-0.0007957616295998596
2013-06-11,1.1988498988266962,10.483129052168298,0.0,-0.016374505838710283
2013-06-12,1.1988498988266962,10.553955841200072,0.0,0.00675626415350895
2013-06-13,1.1988498988266962,10.555545092424092,0.0,0.00015058346348358
2013-06-14,1.1988498988266962,10.596820544822458,0.0,0.00391030989275864
2013-06-17,1.1988498988266962,10.809428289579484,0.0,0.020063352385532644
2013-06-18,1.1988498988266962,10.83084363083578,0.0,0.0019811724249044495
2013-06-19,1.1988498988266962,10.771158976018736,0.0,-0.005510619195638692
2013-06-20,1.1988498988266962,10.59980696148285,0.0,-0.015908410127210126
2013-06-21,1.1988498988266962,10.593194282717228,0.0,-0.0006238489804248745
2013-06-24,1.1988498988266962,10.307470506213708,0.0,-0.02697239084623203
2013-06-25,1.1988498988266962,10.425289810502173,0.0,0.011430476974679672
2013-06-26,1.1988498988266962,10.566571047099032,0.0,0.013551780254064148
2013-06-27,1.1988498988266962,10.552695397761,0.0,-0.0013131648172510144
2013-06-28,1.1988498988266962,10.521726988017894,0.0,-0.0029346445221639333
2013-07-01,1.2067922711061276,10.602248596319578,0.006624993076451392,0.007652888959519834
2013-07-02,1.2067922711061276,10.688920041783735,0.0,0.008174817320756221
2013-07-03,1.2067922711061276,10.567223700884822,0.0,-0.011385279375577049
2013-07-04,1.2067922711061276,10.728200735693273,0.0,0.015233616640004591
2013-07-05,1.2067922711061276,10.675999797075894,0.0,-0.004865768259136173
2013-07-08,1.2067922711061276,10.763321185205964,0.0,0.008179223472258464
2013-07-09,1.2067922711061276,10.729994454717676,0.0,-0.0030963240727308657
2013-07-10,1.2067922711061276,10.79368687206744,0.0,0.005935922671587125
2013-07-11,1.2067922711061276,10.894590111465417,0.0,0.009348357108552127
2013-07-12,1.2067922711061276,10.941944066552255,0.0,0.004346556832551337
2013-07-15,1.2067922711061276,11.004834710812496,0.0,0.005747666399839114
2013-07-16,1.2067922711061276,10.99139589399829,0.0,-0.001221173890145078
2013-07-17,1.2067922711061276,11.021011814987148,0.0,0.0026944640402800013
2013-07-18,1.2067922711061276,10.982168254870691,0.0,-0.003524500360632486
2013-07-19,1.2067922711061276,11.10232500157163,0.0,0.010941076835865168
2013-07-22,1.2067922711061276,11.06989211000099,0.0,-0.0029212702353829693
2013-07-23,1.2067922711061276,11.143823100172064,0.0,0.006678564654147036
2013-07-24,1.2067922711061276,11.24864959792704,0.0,0.009406690757084689
2013-07-25,1.2067922711061276,11.181284523668063,0.0,-0.0059887254618893535
2013-07-26,1.2067922711061276,11.16982075967256,0.0,-0.0010252635975086415
2013-07-29,1.2067922711061276,11.135295577168712,0.0,-0.003090934335177222
2013-07-30,1.2067922711061276,11.13724906414786,0.0,0.0001754319825289111
2013-07-31,1.2063095541976852,11.113491304231738,-0.0004,-0.0021331802655468585
2013-08-01,1.2065856091602267,11.218164244684239,0.00022884255668940154,0.009418547024249945
2013-08-02,1.2065856091602267,11.204347626153384,0.0,-0.0012316291890094523
2013-08-05,1.2065856091602267,11.1822048824287,0.0,-0.001976263541930547
2013-08-06,1.2065856091602267,11.10052409746419,0.0,-0.007304533034702349
2013-08-07,1.2065856091602267,11.111061174060472,0.0,0.000949241360476905
2013-08-08,1.2065856091602267,11.199697257417768,0.0,0.00797728335473702
2013-08-09,1.2065856091602267,11.276772161052433,0.0,0.006881873845618188
2013-08-12,1.2065856091602267,11.259629210091639,0.0,-0.0015202001704000042
2013-08-13,1.2065856091602267,11.212417978450116,0.0,-0.00419296504002191
2013-08-14,1.2065856091602267,11.267476192382487,0.0,0.004910467486869656
2013-08-15,1.2065856091602267,11.201441375201142,0.0,-0.005860657351642688
2013-08-16,1.2065856091602267,11.258481931751835,0.0,0.005092251491578051
2013-08-19,1.2065856091602267,11.308429422196253,0.0,0.0044364320826909345
2013-08-20,1.2065856091602267,11.243884122435649,0.0,-0.005707715665087485
2013-08-21,1.2065856091602267,11.296781658256561,0.0,0.004704560741191188
2013-08-22,1.2065856091602267,11.385764111319556,0.0,0.007876796751042713
2013-08-23,1.2065856091602267,11.38419172387578,0.0,-0.00013810117866506317
2013-08-26,1.2065856091602267,11.329068676646981,0.0,-0.0048420694736887515
2013-08-27,1.2065856091602267,11.316302965281105,0.0,-0.001126810308087367
2013-08-28,1.2065856091602267,11.279249186772416,0.0,-0.0032743713757374263
2013-08-29,1.2065856091602267,11.282936115186022,0.0,0.00032687711323269627
2013-08-30,1.2061029749165626,11.197096240904825,-0.0004,-0.007607937632976783
2013-09-02,1.223629647797852,11.303136814800185,0.014531655460431961,0.009470363709831871
2013-09-03,1.223629647797852,11.26680788778771,0.0,-0.0032140570894361228
2013-09-04,1.223629647797852,11.290120008723202,0.0,0.0020690972250233426
2013-09-05,1.223629647797852,11.347354966450293,0.0,0.005069472927025627
2013-09-06,1.223629647797852,11.369350710828956,0.0,0.001938402777007953
2013-09-09,1.223629647797852,11.401352259632215,0.0,0.0028147208769608804
2013-09-10,1.223629647797852,11.482584665594553,0.0,0.007124804506738326
2013-09-11,1.223629647797852,11.544076787210177,0.0,0.005355250878303844
2013-09-12,1.223629647797852,11.469379985109319,0.0,-0.006470573912295509
2013-09-13,1.223629647797852,11.475156250479959,0.0,0.0005036249019685675
2013-09-16,1.223629647797852,11.480509564183542,0.0,0.00046651336040485586
2013-09-17,1.223629647797852,11.47927116901943,0.0,-0.00010786935520495129
2013-09-18,1.223629647797852,11.511331492718195,0.0,0.002792888435747606
2013-09-19,1.223629647797852,11.506359658908565,0.0,-0.00043190779561642055
2013-09-20,1.223629647797852,11.579472676085674,0.0,0.006354139740495838
2013-09-23,1.223629647797852,11.592813196649585,0.0,0.0011520835997534844
2013-09-24,1.223629647797852,11.625415551576742,0.0,0.0028122901986017412
2013-09-25,1.223629647797852,11.676217742049232,0.0,0.004369924691904786
2013-09-26,1.223629647797852,11.671681138837709,0.0,-0.0003885336255065676
2013-09-27,1.223629647797852,11.639777131794553,0.0,-0.0027334543039387394
2013-09-30,1.2221612922204947,11.518334762534897,-0.0012000000000000001,-0.010433393000964929
2013-10-01,1.2329847209609968,11.585282610173218,0.008855974092288044,0.005812285284160963
2013-10-02,1.2329847209609968,11.624051705790048,0.0,0.003346409140057291
2013-10-03,1.2329847209609968,11.669329982440704,0.0,0.0038952232660925375
2013-10-04,1.2329847209609968,11.658370037044318,0.0,-0.0009392094844244811
2013-10-07,1.2329847209609968,11.555409219907952,0.0,-0.008831493322755103
2013-10-08,1.2329847209609968,11.473480859469682,0.0,-0.007090044054616688
2013-10-09,1.2329847209609968,11.465726864879972,0.0,-0.0006758188456215701
2013-10-10,1.2329847209609968,11.610375803431507,0.0,0.012615766994642381
2013-10-11,1.2329847209609968,11.583450513146177,0.0,-0.002319071384181436
2013-10-14,1.2329847209609968,11.58365720389089,0.0,1.7843624788600676e-05
2013-10-15,1.2329847209609968,11.63345415710465,0.0,0.004298897346257287
2013-10-16,1.2329847209609968,11.60795600322117,0.0,-0.0021917956214154446
2013-10-17,1.2329847209609968,11.678170112230273,0.0,0.006048791793285509
2013-10-18,1.2329847209609968,11.775091035365415,0.0,0.008299324483519983
2013-10-21,1.2329847209609968,11.925378005464326,0.0,0.012763125962044658
2013-10-22,1.2329847209609968,11.998768146362579,0.0,0.0061541144326516225
2013-10-23,1.2329847209609968,12.015043266952718,0.0,0.0013563992896282475
2013-10-24,1.2329847209609968,12.104007392131113,0.0,0.007404394907431669
2013-10-25,1.2329847209609968,12.137989371755063,0.0,0.002807498254342101
2013-10-28,1.2329847209609968,12.052849600468129,0.0,-0.007014322444955685
2013-10-29,1.2329847209609968,12.185772268152453,0.0,0.01102831878688369
2013-10-30,1.2329847209609968,12.184644379104586,0.0,-9.255786363368678e-05
2013-10-31,1.2324915270726124,12.094527989545593,-0.0004,-0.007395898210499611
2013-11-01,1.2373202933160445,12.171556750672192,0.003917890011707659,0.006368893535422001
2013-11-04,1.2373202933160445,12.229756606123358,0.0,0.00478162790868569
2013-11-05,1.2373202933160445,12.156002617352078,0.0,-0.006030699640772218
2013-11-06,1.2373202933160445,12.275198543357847,0.0,0.009805519935938922
2013-11-07,1.2373202933160445,12.275623891963349,0.0,3.4651057088711367e-05
2013-11-08,1.2373202933160445,12.291887358055218,0.0,0.0013248586169633933
2013-11-11,1.2373202933160445,12.354311533291696,0.0,0.005078485786445859
2013-11-12,1.2373202933160445,12.212818716874814,0.0,-0.011452909863540004
2013-11-13,1.2373202933160445,12.242243674500324,0.0,0.0024093502333620365
2013-11-14,1.2373202933160445,12.280933061046818,0.0,0.0031603182860245934
2013-11-15,1.2373202933160445,12.349863661519427,0.0,0.005612814606998061
2013-11-18,1.2373202933160445,12.345331870943257,0.0,-0.00036695065632917433
2013-11-19,1.2373202933160445,12.296388993327204,0.0,-0.003964484562075395
2013-11-20,1.2373202933160445,12.273497741045023,0.0,-0.0018616239527395248
2013-11-21,1.2373202933160445,12.192379829828992,0.0,-0.006609192662720552
2013-11-22,1.2373202933160445,12.246922439983006,0.0,0.004473499916773689
2013-11-25,1.2373202933160445,12.287768022463881,0.0,0.003335171156757289
2013-11-26,1.2373202933160445,12.28524006457729,0.0,-0.00020572962331079028
2013-11-27,1.2373202933160445,12.39572360114882,0.0,0.008993193131821162
2013-11-28,1.2373202933160445,12.48869030585239,0.0,0.007499901393005783
2013-11-29,1.2368253651987182,12.491888832430776,-0.0004,0.00025611385181737817
2013-12-02,1.235107190655666,12.519750315901911,-0.001389181198411249,0.002230365947446078
2013-12-03,1.235107190655666,12.474637937032547,0.0,-0.0036032970092114702
2013-12-04,1.235107190655666,12.447374953567367,0.0,-0.002185472925370138
2013-12-05,1.235107190655666,12.515165674553124,0.0,0.005446186142751883
2013-12-06,1.235107190655666,12.483937565209109,0.0,-0.002495221410253516
2013-12-09,1.235107190655666,12.421727882107698,0.0,-0.004983178005854498
2013-12-10,1.235107190655666,12.374644325815106,0.0,-0.0037904192347032357
2013-12-11,1.235107190655666,12.319955287550101,0.0,-0.004419443244192205
2013-12-12,1.235107190655666,12.209720158581055,0.0,-0.00894768904562864
2013-12-13,1.235107190655666,12.208004856328127,0.0,-0.00014048661481576232
2013-12-16,1.235107190655666,12.229814903702948,0.0,0.0017865365906628255
2013-12-17,1.235107190655666,12.230321752199988,0.0,4.144367686922813e-05
2013-12-18,1.235107190655666,12.187241214111587,0.0,-0.003522437018523426
2013-12-19,1.235107190655666,12.358150676418255,0.0,0.014023638270880458
2013-12-20,1.235107190655666,12.386179240325674,0.0,0.0022680225092985523
2013-12-23,1.235107190655666,12.480238734921253,0.0,0.007593907109736324
2013-12-27,1.235107190655666,12.61396496961707,0.0,0.010715038192469334
2013-12-30,1.2341191049031415,12.637789884930791,-0.0008,0.0018887729093197375
2014-01-02,1.2416503915600128,12.564089069137001,0.006102560625590959,-0.005831780435095637
2014-01-03,1.2416503915600128,12.633964175351057,0.0,0.005561494019148675
2014-01-06,1.2416503915600128,12.683819540864976,0.0,0.003946137951790869
2014-01-07,1.2416503915600128,12.66671001567463,0.0,-0.0013489253087543324
2014-01-08,1.2416503915600128,12.75169598139656,0.0,0.006709395384970888
2014-01-09,1.2416503915600128,12.848963670445862,0.0,0.007627823717818016
2014-01-10,1.2416503915600128,12.813381212245332,0.0,-0.002769286232972409
2014-01-13,1.2416503915600128,12.922712440606135,0.0,0.008532582192771875
2014-01-14,1.2416503915600128,12.946803866132749,0.0,0.001864270031337463
2014-01-15,1.2416503915600128,13.034990318592385,0.0,0.006811445772367063
2014-01-16,1.2416503915600128,13.186033071424223,0.0,0.011587484849635777
2014-01-17,1.2416503915600128,13.217180901998127,0.0,0.0023621835623485504
2014-01-20,1.2416503915600128,13.200379057477546,0.0,-0.0012712124200433656
2014-01-21,1.2416503915600128,13.277814000340554,0.0,0.005866115096076977
2014-01-22,1.2416503915600128,13.285182525433044,0.0,0.0005549501666690342
2014-01-23,1.2416503915600128,13.287322686052233,0.0,0.00016109380620805904
2014-01-24,1.2416503915600128,13.100255982263644,0.0,-0.014078585145294439
2014-01-27,1.2416503915600128,12.92909048650902,0.0,-0.0130658130639862
2014-01-28,1.2416503915600128,13.026938531891611,0.0,0.007568053258246625
2014-01-29,1.2416503915600128,12.886192839898923,0.0,-0.010804203278316216
2014-01-30,1.2416503915600128,12.98499794984545,0.0,0.007667517565048412
2014-01-31,1.241153731403389,12.886151188766823,-0.0004,-0.007612381723926547
2014-02-03,1.2428108710618229,12.869150659223031,0.0013351606787342038,-0.0013192868293064716
2014-02-04,1.2428108710618229,12.84012822787038,0.0,-0.0022551940000680223
2014-02-05,1.2428108710618229,12.879176602608998,0.0,0.0030411203101431313
2014-02-06,1.2428108710618229,12.925810771823238,0.0,0.0036208967896901524
2014-02-07,1.2428108710618229,13.13652395018025,0.0,0.01630173782338976
2014-02-10,1.2428108710618229,13.09191287158454,0.0,-0.003395957618993832
2014-02-11,1.2428108710618229,13.135705370105077,0.0,0.0033450038164849483
2014-02-12,1.2428108710618229,13.091611783877305,0.0,-0.0033567733886695392
2014-02-13,1.2428108710618229,13.065536418776071,0.0,-0.001991761253824011
2014-02-14,1.2428108710618229,13.247363335469354,0.0,0.013916529016901737
2014-02-17,1.2428108710618229,13.277301363392379,0.0,0.0022599235157132786
2014-02-18,1.2428108710618229,13.301528891450097,0.0,0.0018247328575758312
2014-02-19,1.2428108710618229,13.255920622660787,0.0,-0.003428798987056836
2014-02-20,1.2428108710618229,13.264221010929434,0.0,0.0006261646025895105
2014-02-21,1.2428108710618229,13.40046645120011,0.0,0.01027165034105009
2014-02-24,1.2428108710618229,13.456340670983382,0.0,0.0041695727523176525
2014-02-25,1.2428108710618229,13.354255741463374,0.0,-0.007586381172716531
2014-02-26,1.2428108710618229,13.47253277351673,0.0,0.008856879360646063
2014-02-27,1.2428108710618229,13.45556961636392,0.0,-0.0012590919196838694
2014-02-28,1.2423137467133982,13.536751553479421,-0.0004,0.006033333365298195
2014-03-03,1.242242488223408,13.363875784772185,-5.7359495681997066e-05,-0.012770845946625994
2014-03-04,1.242242488223408,13.571169707075702,0.0,0.015511512202150433
2014-03-05,1.242242488223408,13.586301395800122,0.0,0.0011149878051064748
2014-03-06,1.242242488223408,13.593051687611407,0.0,0.000496845433840495
2014-03-07,1.242242488223408,13.562272544540837,0.0,-0.002264329142411888
2014-03-10,1.242242488223408,13.477790221892954,0.0,-0.006229215816923584
2014-03-11,1.242242488223408,13.532290153027166,0.0,0.004043684479202183
2014-03-12,1.242242488223408,13.373986104407292,0.0,-0.011698245221594017
2014-03-13,1.242242488223408,13.310249984393568,0.0,-0.004765678647798179
2014-03-14,1.242242488223408,13.192825635639158,0.0,-0.008822099426538972
2014-03-17,1.242242488223408,13.328576687130502,0.0,0.010289763181939263
2014-03-18,1.242242488223408,13.457544018458574,0.0,0.009676001748378666
2014-03-19,1.242242488223408,13.449531577777286,0.0,-0.0005953865482659637
2014-03-20,1.242242488223408,13.471271823485147,0.0,0.0016164314409122381
2014-03-21,1.242242488223408,13.50522175696733,0.0,0.0025201728483422565
2014-03-24,1.242242488223408,13.430096528687004,0.0,-0.005562680097538496
2014-03-25,1.242242488223408,13.553657332841867,0.0,0.009200291590677282
2014-03-26,1.242242488223408,13.705612225826652,0.0,0.011211357145394563
2014-03-27,1.242242488223408,13.688680152102108,0.0,-0.0012354117018309621
2014-03-28,1.242242488223408,13.727321420238773,0.0,0.002822862957370823
2014-03-31,1.24075179723754,13.802553074930964,-0.0012,0.005480432226295308
2014-04-01,1.2550815990976913,13.903241733277865,0.011549289625899295,0.007294929988697397
2014-04-02,1.2550815990976913,13.847057499061142,0.0,-0.004041088783074557
2014-04-03,1.2550815990976913,13.828356707008771,0.0,-0.0013505246189407913
2014-04-04,1.2550815990976913,13.851298940324481,0.0,0.0016590715586677564
2014-04-07,1.2550815990976913,13.644949390914134,0.0,-0.014897487253676614
2014-04-08,1.2550815990976913,13.498006171915403,0.0,-0.010769055625561842
2014-04-09,1.2550815990976913,13.626942133653165,0.0,0.009552222757612345
2014-04-10,1.2550815990976913,13.623731275185216,0.0,-0.0002356257505503506
2014-04-11,1.2550815990976913,13.378880340304784,0.0,-0.017972384358932166
2014-04-14,1.2550815990976913,13.409414574534361,0.0,0.0022822712703087565
2014-04-15,1.2550815990976913,13.332124353729371,0.0,-0.0057638773397141055
2014-04-16,1.2550815990976913,13.377781605946328,0.0,0.003424604437040481
2014-04-22,1.2550815990976913,13.70120742702815,0.0,0.024176341833690957
2014-04-23,1.2550815990976913,13.689141625587009,0.0,-0.0008806378200902328
2014-04-24,1.2550815990976913,13.799724764028376,0.0,0.008078164538430133
2014-04-25,1.2550815990976913,13.795392152573417,0.0,-0.0003139636136984774
2014-04-28,1.2550815990976913,13.779991197042301,0.0,-0.0011163840332180785
2014-04-29,1.2550815990976913,13.979588090778563,0.0,0.014484544357263703
2014-04-30,1.2545795664580524,14.029637740478666,-0.0004,0.0035801948794984815
2014-05-02,1.2697416092281764,14.164475156861291,0.012085357657250561,0.009610897934562337
2014-05-05,1.2697416092281764,14.071969365574693,0.0,-0.0065308308470426405
2014-05-06,1.2697416092281764,14.080022684965405,0.0,0.0005722951195738275
2014-05-07,1.2697416092281764,14.129081700105765,0.0,0.003484299438859888
2014-05-08,1.2697416092281764,14.248033207166635,0.0,0.008418912820072497
2014-05-09,1.2697416092281764,14.282919204826808,0.0,0.0024484781269757
2014-05-12,1.2697416092281764,14.511612190251904,0.0,0.016011641748124632
2014-05-13,1.2697416092281764,14.522542702446149,0.0,0.0007532252137764729
2014-05-14,1.2697416092281764,14.572602689388708,0.0,0.0034470538643433446
2014-05-15,1.2697416092281764,14.489944185069838,0.0,-0.005672185407144774
2014-05-16,1.2697416092281764,14.423410061893446,0.0,-0.00459174461451325
2014-05-19,1.2697416092281764,14.42982273348015,0.0,0.0004446016274366312
2014-05-20,1.2697416092281764,14.317819607923559,0.0,-0.007761919714836181
2014-05-21,1.2697416092281764,14.42088445635786,0.0,0.007198361989228244
2014-05-22,1.2697416092281764,14.475838265481665,0.0,0.00381071003585884
2014-05-23,1.2697416092281764,14.529658740886148,0.0,0.0037179522468705484
2014-05-26,1.2697416092281764,14.492900534443738,0.0,-0.002529874038883918
2014-05-27,1.2697416092281764,14.480565431707548,0.0,-0.0008511134611649064
2014-05-28,1.2697416092281764,14.413769634332539,0.0,-0.004612789306469293
2014-05-30,1.2697416092281764,14.472617541141162,0.0,0.004082756163138077
2014-06-02,1.2698492326358297,14.582663175694057,8.476008573015097e-05,0.007603713304802536
2014-06-03,1.2698492326358297,14.627078046730706,0.0,0.0030457311193115223
2014-06-04,1.2698492326358297,14.624675925939664,0.0,-0.00016422424105256268
2014-06-05,1.2698492326358297,14.744290383217667,0.0,0.008178947546170398
2014-06-06,1.2698492326358297,14.88581088191427,0.0,0.00959832552251452
2014-06-10,1.2698492326358297,14.94651447928972,0.0,0.004077950328470258
2014-06-11,1.2698492326358297,14.924362796292383,0.0,-0.0014820634622225398
2014-06-12,1.2698492326358297,14.94894521617004,0.0,0.0016471336306407133
2014-06-13,1.2698492326358297,14.939091478832227,0.0,-0.0006591593718033597
2014-06-16,1.2698492326358297,14.840711103054803,0.0,-0.0065854323147309605
2014-06-17,1.2698492326358297,14.763104212261046,0.0,-0.0052293242725938265
2014-06-18,1.2698492326358297,14.943441887727042,0.0,0.012215430635260448
2014-06-19,1.2698492326358297,15.065378493428273,0.0,0.008159874185436199
2014-06-20,1.2698492326358297,15.140495872925195,0.0,0.004986093082871414
2014-06-23,1.2698492326358297,15.324528897587458,0.0,0.012155019637854512
2014-06-24,1.2698492326358297,15.24781738036404,0.0,-0.0050057993779823685
2014-06-25,1.2698492326358297,15.094347946011515,0.0,-0.01006500999612974
2014-06-26,1.2698492326358297,15.050964822700223,0.0,-0.002874130334510751
2014-06-27,1.2698492326358297,15.045905517447478,0.0,-0.0003361449124586548
2014-06-30,1.2693412929427754,15.033460073134231,-0.0004,-0.0008271648588258721
2014-07-01,1.2731084424579506,15.139961408449594,0.002967798759970819,0.007084286305165888
2014-07-02,1.2731084424579506,15.198776271166805,0.0,0.003884743238802914
2014-07-03,1.2731084424579506,15.414025863815217,0.0,0.014162297596074055
2014-07-04,1.2731084424579506,15.398313524670176,0.0,-0.001019353365815146
2014-07-07,1.2731084424579506,15.494706352158648,0.0,0.006259960049133741
2014-07-08,1.2731084424579506,15.33930916036875,0.0,-0.010029050454915475
2014-07-09,1.2731084424579506,15.381430891400107,0.0,0.0027459992227150333
2014-07-10,1.2731084424579506,15.128595368744948,0.0,-0.01643771144832313
2014-07-11,1.2731084424579506,15.141472026575052,0.0,0.0008511469516003471
2014-07-14,1.2731084424579506,15.397862140439647,0.0,0.016932971471637737
2014-07-15,1.2731084424579506,15.491300277342718,0.0,0.006068253894654126
2014-07-16,1.2731084424579506,15.635873950798507,0.0,0.009332571886637456
2014-07-17,1.2731084424579506,15.598280036640736,0.0,-0.0024043372488207417
2014-07-18,1.2731084424579506,15.493543316980213,0.0,-0.006714632601446694
2014-07-21,1.2731084424579506,15.661335559750468,0.0,0.010829817255963829
2014-07-22,1.2731084424579506,15.839490888166795,0.0,0.011375487597250912
2014-07-23,1.2731084424579506,15.845593791843951,0.0,0.0003852967068350699
2014-07-24,1.2731084424579506,15.812347664809648,0.0,-0.0020981307151402167
2014-07-25,1.2731084424579506,15.768101335607753,0.0,-0.002798213784558108
2014-07-28,1.2731084424579506,15.667710840204212,0.0,-0.006366682536269433
2014-07-29,1.2731084424579506,15.706439809123696,0.0,0.0024718970955286044
2014-07-30,1.2731084424579506,15.655907083949234,0.0,-0.00321732523656359
2014-07-31,1.2731084424579506,15.534925412614774,0.0,-0.007727541475925872
2014-08-01,1.2586835974014723,15.338219060415621,-0.011330413478861745,-0.012662201264218622
2014-08-04,1.2586835974014723,15.372720569605383,0.0,0.00224938169508873
2014-08-05,1.2586835974014723,15.420235323299146,0.0,0.003090848719888242
2014-08-06,1.2586835974014723,15.249927081513848,0.0,-0.011044464511379552
2014-08-07,1.2586835974014723,14.914490712774914,0.0,-0.021995932632724164
2014-08-08,1.2586835974014723,14.747050236478872,0.0,-0.011226697546743622
2014-08-11,1.2586835974014723,15.076914952155875,0.0,0.02236818281536999
2014-08-12,1.2586835974014723,14.979758767586025,0.0,-0.006444036122652335
2014-08-13,1.2586835974014723,15.0305720463081,0.0,0.0033921293066499834
2014-08-14,1.2586835974014723,15.13054496059796,0.0,0.006651304686332159
2014-08-15,1.2586835974014723,15.262942976124572,0.0,0.008750379835716016
2014-08-18,1.2586835974014723,15.303431016329338,0.0,0.00265270205543598
2014-08-19,1.2586835974014723,15.302073664430612,0.0,-8.869592036435987e-05
2014-08-20,1.2586835974014723,15.425609507260416,0.0,0.008073143911008582
2014-08-21,1.2586835974014723,15.40952011713446,0.0,-0.001043031078829304
2014-08-22,1.2586835974014723,15.403840681078856,0.0,-0.0003685667050259094
2014-08-25,1.2586835974014723,15.469236494235062,0.0,0.004245422587143137
2014-08-26,1.2586835974014723,15.632523919585728,0.0,0.010555622794409998
2014-08-27,1.2586835974014723,15.639810526412326,0.0,0.0004661183865177935
2014-08-28,1.2586835974014723,15.510933789771464,0.0,-0.008240300381082985
2014-08-29,1.2586835974014723,15.36553462873744,0.0,-0.009373978575674563
2014-09-01,1.265440914702252,15.32837521240989,0.00536855911583336,-0.002418361431957754
2014-09-02,1.265440914702252,15.381366887930051,0.0,0.0034570967102410706
2014-09-03,1.265440914702252,15.327821012642955,0.0,-0.0034812169605755094
2014-09-04,1.265440914702252,15.402297170340052,0.0,0.004858887485420579
2014-09-05,1.265440914702252,15.169733695229192,0.0,-0.015099272046166118
2014-09-08,1.265440914702252,15.161764359678658,0.0,-0.0005253444596090192
2014-09-09,1.265440914702252,15.130922838154875,0.0,-0.0020341644146510646
2014-09-10,1.265440914702252,15.132748272841223,0.0,0.00012064265384697805
2014-09-11,1.265440914702252,15.108939281657609,0.0,-0.0015733421817598677
2014-09-12,1.265440914702252,15.156710469540222,0.0,0.00316178303400873
2014-09-15,1.265440914702252,15.127493992148784,0.0,-0.0019276265420622863
2014-09-16,1.265440914702252,15.12718801199168,0.0,-2.0226757800212964e-05
2014-09-17,1.265440914702252,15.141719007564493,0.0,0.0009605880194848109
2014-09-18,1.265440914702252,15.147898772348256,0.0,0.00040812834927628217
2014-09-19,1.265440914702252,15.145327965414436,0.0,-0.00016971376508740076
2014-09-22,1.265440914702252,15.045974202491035,0.0,-0.006560027168132833
2014-09-23,1.265440914702252,14.863249990056751,0.0,-0.012144392245736527
2014-09-24,1.265440914702252,14.90548353512141,0.0,0.0028414744482473547
2014-09-25,1.265440914702252,14.797548028863966,0.0,-0.007241328736710795
2014-09-26,1.265440914702252,14.859590673415013,0.0,0.004192765208805463
2014-09-29,1.265440914702252,14.9030459086183,0.0,0.002924389786929221
2014-09-30,1.2644285619704903,14.921641310559721,-0.0008,0.0012477584820877966
2014-10-01,1.2420506454561333,14.909362489227906,-0.017698047313549382,-0.0008228867774167145
2014-10-02,1.2420506454561333,14.567868698661451,0.0,-0.022904654093237418
2014-10-03,1.2420506454561333,14.548608012031005,0.0,-0.0013221348317214998
2014-10-06,1.2420506454561333,14.500809292552173,0.0,-0.003285449675962438
2014-10-07,1.2420506454561333,14.219606528405933,0.0,-0.01939221173611807
2014-10-08,1.2420506454561333,14.216922561454593,0.0,-0.00018875114061540316
2014-10-09,1.2420506454561333,14.1594066606131,0.0,-0.004045594297420738
2014-10-10,1.2420506454561333,13.994345451710204,0.0,-0.011657353507759866
2014-10-13,1.2420506454561333,13.942774758742765,0.0,-0.0036851093282921723
2014-10-14,1.2420506454561333,14.048476504005118,0.0,0.007581112589950766
2014-10-15,1.2420506454561333,13.82615728797618,0.0,-0.01582514772798007
2014-10-16,1.2420506454561333,13.601468826241312,0.0,-0.016250969597334682
2014-10-17,1.2420506454561333,14.152776408987574,0.0,0.04053294462452641
2014-10-20,1.2420506454561333,14.115450892708497,0.0,-0.002637328196280645
2014-10-21,1.2420506454561333,14.46715400176256,0.0,0.024916179562903033
2014-10-22,1.2420506454561333,14.731016058041478,0.0,0.018238698243398292
2014-10-23,1.2420506454561333,14.742421499672599,0.0,0.0007742467719932943
2014-10-24,1.2420506454561333,14.718160142057032,0.0,-0.0016456833510088446
2014-10-27,1.2420506454561333,14.619508359901356,0.0,-0.0067027251506646445
2014-10-28,1.2420506454561333,14.800789493245514,0.0,0.012399947308856032
2014-10-29,1.2420506454561333,14.863967015850305,0.0,0.00426852382662586
2014-10-30,1.2420506454561333,14.817851235833473,0.0,-0.0031025216866840174
2014-10-31,1.241553825197951,14.906071257192604,-0.0004,0.005953631194905821
2014-11-03,1.2383275652435954,14.902847595650558,-0.002598566319781703,-0.0002162650027914561
2014-11-04,1.2383275652435954,14.857014919805128,0.0,-0.003075430755851382
2014-11-05,1.2383275652435954,15.002775510687615,0.0,0.009810893484947675
2014-11-06,1.2383275652435954,15.023827711774892,0.0,0.0014032204289321029
2014-11-07,1.2383275652435954,15.065680004348486,0.0,0.002785727670505154
2014-11-10,1.2383275652435954,15.139198509952768,0.0,0.004879866397206268
2014-11-11,1.2383275652435954,15.240791731183696,0.0,0.006710607643075691
2014-11-12,1.2383275652435954,15.142077845871523,0.0,-0.006476952579189116
2014-11-13,1.2383275652435954,14.999150000954668,0.0,-0.009439117033454073
2014-11-14,1.2383275652435954,15.046873927507246,0.0,0.003181775403908912
2014-11-17,1.2383275652435954,15.069393824489001,0.0,0.0014966495426394367
2014-11-18,1.2383275652435954,15.101818238454028,0.0,0.0021516734078801444
2014-11-19,1.2383275652435954,15.171376319354604,0.0,0.004605940808071529
2014-11-20,1.2383275652435954,15.096456654980635,0.0,-0.004938224640726299
2014-11-21,1.2383275652435954,15.250343102983917,0.0,0.010193547500599129
2014-11-24,1.2383275652435954,15.275992977886164,0.0,0.0016819211691852282
2014-11-25,1.2383275652435954,15.194117935873107,0.0,-0.0053597197990061475
2014-11-26,1.2383275652435954,15.0997309723116,0.0,-0.006212072590187063
2014-11-27,1.2383275652435954,14.859194399998104,0.0,-0.015929858138172655
2014-11-28,1.237832234217498,14.58271044330395,-0.0004,-0.01860692775472333
2014-12-01,1.2332425979377761,14.536658548230633,-0.0037078015524643296,-0.0031579791186530253
2014-12-02,1.2332425979377761,14.596615064202357,0.0,0.004124504663351279
2014-12-03,1.2332425979377761,14.697949083163735,0.0,0.006942295766221475
2014-12-04,1.2332425979377761,14.562465063720236,0.0,-0.009217886024567417
2014-12-05,1.2332425979377761,14.615458105874309,0.0,0.0036390159167553377
2014-12-08,1.2332425979377761,14.524552482414549,0.0,-0.00621982717211048
2014-12-09,1.2332425979377761,14.457072341320817,0.0,-0.004645935988419109
2014-12-10,1.2332425979377761,14.538765753180156,0.0,0.005650757631325133
2014-12-11,1.2332425979377761,14.559273653904848,0.0,0.0014105668302830771
2014-12-12,1.2332425979377761,14.593641664379616,0.0,0.002360558039621065
2014-12-15,1.2332425979377761,14.723396184087171,0.0,0.00889116799573493
2014-12-16,1.2332425979377761,14.510391064828257,0.0,-0.014467118631849954
2014-12-17,1.2332425979377761,14.880277254939966,0.0,0.02549112484006563
2014-12-18,1.2332425979377761,15.515499384721004,0.0,0.04268886384964069
2014-12-19,1.2332425979377761,15.753874060395546,0.0,0.01536364829541258
2014-12-22,1.2332425979377761,15.942861752776931,0.0,0.01199626781684713
2014-12-23,1.2332425979377761,16.002338772489146,0.0,0.003730636358422719
2014-12-29,1.2332425979377761,15.919269463024895,0.0,-0.005191073045339003
2014-12-30,1.232256003859426,15.942635547099071,-0.0008,0.0014677862026550436
2015-01-02,1.2473084646209383,16.062177632112615,0.012215368165679762,0.00749826367543696
2015-01-05,1.2473084646209383,15.777346298456585,0.0,-0.017733045928129625
2015-01-06,1.2473084646209383,16.10466485548345,0.0,0.020746109696462962
2015-01-07,1.2473084646209383,16.232897419300905,0.0,0.007962448456280368
2015-01-08,1.2473084646209383,16.378457299901005,0.0,0.00896696854789629
2015-01-09,1.2473084646209383,16.451091503026873,0.0,0.004434740207571773
2015-01-12,1.2473084646209383,16.480415829941222,0.0,0.0017825155801336372
2015-01-13,1.2473084646209383,16.60269554030464,0.0,0.007419698120800154
2015-01-14,1.2473084646209383,16.35676080563173,0.0,-0.014812940108181783
2015-01-15,1.2473084646209383,16.285619688561717,0.0,-0.004349340185100623
2015-01-16,1.2473084646209383,16.195627013628744,0.0,-0.005525898102371955
2015-01-19,1.2473084646209383,16.503186232261566,0.0,0.01899026313547525
2015-01-20,1.2473084646209383,16.532849555574423,0.0,0.0017974300777669826
2015-01-21,1.2473084646209383,16.53159876755025,0.0,-7.565471517575631e-05
2015-01-22,1.2473084646209383,16.529932977458948,0.0,-0.00010076400442105005
2015-01-23,1.2473084646209383,16.66555589914838,0.0,0.00820468672646002
2015-01-26,1.2473084646209383,16.751580185419257,0.0,0.005161801189918671
2015-01-27,1.2473084646209383,16.632615499843926,0.0,-0.007101699317827918
2015-01-28,1.2473084646209383,16.679599194472594,0.0,0.0028247929274328202
2015-01-29,1.2473084646209383,16.525501611396603,0.0,-0.009238686210580908
2015-01-30,1.2458116944633932,16.481753381751297,-0.0012,-0.0026473162917569465
2015-02-02,1.2845386979072344,16.709876978947896,0.031085760083928247,0.013840978681866485
2015-02-03,1.2845386979072344,16.88704174196158,0.0,0.010602397805614158
2015-02-04,1.2845386979072344,16.520923462983188,0.0,-0.021680427192208952
2015-02-05,1.2845386979072344,16.851909701800185,0.0,0.02003436669618423
2015-02-06,1.2845386979072344,16.894410459685695,0.0,0.002522014337696668
2015-02-09,1.2845386979072344,16.837237448568153,0.0,-0.0033841376858914666
2015-02-10,1.2845386979072344,16.960572323880488,0.0,0.0073251253769557
2015-02-11,1.2845386979072344,16.840412753774384,0.0,-0.0070846412380153375
2015-02-12,1.2845386979072344,17.16898996832956,0.0,0.019511232851554147
2015-02-13,1.2845386979072344,17.45821263858809,0.0,0.01684564268440018
2015-02-16,1.2845386979072344,17.566468214648875,0.0,0.00620083958775406
2015-02-17,1.2845386979072344,17.455426551417176,0.0,-0.0063212287111360935
2015-02-18,1.2845386979072344,17.52174081695554,0.0,0.0037990630216356742
2015-02-19,1.2845386979072344,17.36478124021629,0.0,-0.008957989869782912
2015-02-20,1.2845386979072344,17.376587061988577,0.0,0.0006798716096084998
2015-02-23,1.2845386979072344,17.379332860846304,0.0,0.00015801715537887615
2015-02-24,1.2845386979072344,17.446664046380224,0.0,0.003874210021352824
2015-02-25,1.2845386979072344,17.499457675147926,0.0,0.003026001339130436
2015-02-26,1.2845386979072344,17.79093591590494,0.0,0.01665641565400973
2015-02-27,1.2835110669489085,17.638505084329278,-0.0008,-0.008567892790810775
2015-03-02,1.2775783634490987,17.552030052809076,-0.004622245691977289,-0.004902628148290756
2015-03-03,1.2775783634490987,17.60215384704675,0.0,0.002855726322645561
2015-03-04,1.2775783634490987,17.46258606481969,0.0,-0.00792901729185129
2015-03-05,1.2775783634490987,17.74087430032061,0.0,0.015936255630634315
2015-03-06,1.2775783634490987,17.87119352485507,0.0,0.007345704745346502
2015-03-09,1.2775783634490987,17.82801069134028,0.0,-0.0024163374122009042
2015-03-10,1.2775783634490987,17.50132088111544,0.0,-0.01832452402463078
2015-03-11,1.2775783634490987,17.764736134441165,0.0,0.015051164144413749
2015-03-12,1.2775783634490987,17.89912727400833,0.0,0.007565051265051713
2015-03-13,1.2775783634490987,17.91405594931122,0.0,0.0008340448712584351
2015-03-16,1.2775783634490987,17.92068063212712,0.0,0.00036980362429618277
2015-03-17,1.2775783634490987,17.8592959589271,0.0,-0.0034253538947608356
2015-03-18,1.2775783634490987,18.15093026831543,0.0,0.016329552411194444
2015-03-19,1.2775783634490987,18.099680210720113,0.0,-0.0028235499138455225
2015-03-20,1.2775783634490987,18.307768997659455,0.0,0.011496821187818303
2015-03-23,1.2775783634490987,18.33343654932036,0.0,0.0014020032514168116
2015-03-24,1.2775783634490987,18.395365604979332,0.0,0.0033779294728717275
2015-03-25,1.2775783634490987,18.172619677297856,0.0,-0.012108806775831862
2015-03-26,1.2775783634490987,17.912021705373782,0.0,-0.014340143388882273
2015-03-27,1.2775783634490987,18.157998575219114,0.0,0.01373250177402013
2015-03-30,1.2775783634490987,18.169858028665246,0.0,0.0006531255852345861
2015-03-31,1.2765563007583394,18.20291171039029,-0.0008,0.00181914914650938
2015-04-01,1.2805076706279301,18.280191145004633,0.003095335370044805,0.004245443577591522
2015-04-07,1.2805076706279301,18.780985088392196,0.0,0.027395443483883702
2015-04-08,1.2805076706279301,18.896596043780974,0.0,0.006155745017881557
2015-04-09,1.2805076706279301,18.901085558371634,0.0,0.00023758324410685266
2015-04-10,1.2805076706279301,19.131187574799494,0.0,0.01217401062585772
2015-04-13,1.2805076706279301,19.36263038954231,0.0,0.012097671084866849
2015-04-14,1.2805076706279301,19.401930318807988,0.0,0.00202967925715833
2015-04-15,1.2805076706279301,19.633031533662177,0.0,0.011911248574589684
2015-04-16,1.2805076706279301,19.529205805365155,0.0,-0.005288318725460423
2015-04-17,1.2805076706279301,19.37471598521621,0.0,-0.007910706748069823
2015-04-20,1.2805076706279301,19.351210100207933,0.0,-0.001213224752621544
2015-04-21,1.2805076706279301,19.531748366844777,0.0,0.009329559531520185
2015-04-22,1.2805076706279301,19.30940535293029,0.0,-0.011383671842297246
2015-04-23,1.2805076706279301,19.299808879555684,0.0,-0.0004969844072982262
2015-04-24,1.2805076706279301,19.338680848544588,0.0,0.0020141116024252137
2015-04-27,1.2805076706279301,19.531298418204702,0.0,0.009960222787099451
2015-04-28,1.2805076706279301,19.1846554916313,0.0,-0.017748073842868684
2015-04-29,1.2805076706279301,18.65805576995018,0.0,-0.027449005894884596
2015-04-30,1.2805076706279301,18.89952449471532,0.0,0.01294179456543566
2015-05-04,1.2855642287382179,19.094777029761147,0.00394886983207845,0.01033108187988684
2015-05-05,1.2855642287382179,19.186288909004794,0.0,0.0047925083964593515
2015-05-06,1.2855642287382179,19.007732948566666,0.0,-0.009306435511576484
2015-05-07,1.2855642287382179,18.836912221869817,0.0,-0.008986906916204851
2015-05-08,1.2855642287382179,18.99081956378504,0.0,0.008170518612733838
2015-05-11,1.2855642287382179,19.03537011929588,0.0,0.002345899573275954
2015-05-12,1.2855642287382179,18.97033859117421,0.0,-0.003416352175666313
2015-05-13,1.2855642287382179,19.18382711189235,0.0,0.011253806551321218
2015-05-15,1.2855642287382179,19.20109319060533,0.0,0.0009000330649497636
2015-05-18,1.2855642287382179,19.285396412209632,0.0,0.004390542807507994
2015-05-19,1.2855642287382179,19.236676819906762,0.0,-0.002526242720736987
2015-05-20,1.2855642287382179,19.313412708241138,0.0,0.003989040781460023
2015-05-21,1.2855642287382179,19.344564113600693,0.0,0.0016129415256714904
2015-05-22,1.2855642287382179,19.349951215201184,0.0,0.0002784814157017955
2015-05-26,1.2855642287382179,18.99829743997607,0.0,-0.018173367535358666
2015-05-27,1.2855642287382179,19.12767815998491,0.0,0.006810121823684953
2015-05-28,1.2855642287382179,19.16485138245129,0.0,0.0019434257600666326
2015-05-29,1.2850500030467227,19.230146939534293,-0.0004,0.0034070474004715703
2015-06-01,1.2728212128690295,19.020843065832825,-0.009516197929029913,-0.010884153634373476
2015-06-02,1.2728212128690295,19.121819714944394,0.0,0.005308736776917713
2015-06-03,1.2728212128690295,19.296451684916576,0.0,0.009132602052288042
2015-06-04,1.2728212128690295,19.135360265795452,0.0,-0.00834824048231848
2015-06-05,1.2728212128690295,19.193032313041147,0.0,0.0030138992130075075
2015-06-08,1.2728212128690295,19.232517075670327,0.0,0.002057244628424412
2015-06-09,1.2728212128690295,18.938504649437238,0.0,-0.015287256736926208
2015-06-10,1.2728212128690295,18.9717049975928,0.0,0.0017530606967190747
2015-06-11,1.2728212128690295,19.119812309425274,0.0,0.007806747567035538
2015-06-12,1.2728212128690295,18.881117302340137,0.0,-0.012484171037990398
2015-06-15,1.2728212128690295,18.603408768507244,0.0,-0.014708268021748601
2015-06-16,1.2728212128690295,18.596628717443373,0.0,-0.00036445208231657773
2015-06-17,1.2728212128690295,18.64780561007659,0.0,0.002751944635277594
2015-06-18,1.2728212128690295,18.588693765785752,0.0,-0.0031699088636410314
2015-06-19,1.2728212128690295,18.609605419859406,0.0,0.0011249663014054612
2015-06-22,1.2728212128690295,18.885705063699046,0.0,0.014836405050533545
2015-06-23,1.2728212128690295,18.994281613784548,0.0,0.005749139347421242
2015-06-24,1.2728212128690295,19.006217949464293,0.0,0.0006284173269855066
2015-06-25,1.2728212128690295,18.878047563204326,0.0,-0.006743602888315729
2015-06-26,1.2728212128690295,18.873428667410156,0.0,-0.0002446702064238955
2015-06-29,1.2728212128690295,18.550052553334776,0.0,-0.017133935745007014
2015-06-30,1.2718029558987343,18.528729823082905,-0.0008,-0.0011494700724196622
2015-07-01,1.2698918616950623,18.66731972974422,-0.001502665326266261,0.007479730558144402
2015-07-02,1.2698918616950623,18.59980006106229,0.0,-0.0036169985653778177
2015-07-03,1.2698918616950623,18.47204336927392,0.0,-0.006868713178042238
2015-07-06,1.2698918616950623,18.33576571374873,0.0,-0.007377508421827888
2015-07-07,1.2698918616950623,18.12454060706674,0.0,-0.011519841057066266
2015-07-08,1.2698918616950623,18.189820219008713,0.0,0.0036017250509796195
2015-07-09,1.2698918616950623,18.487007797233577,0.0,0.01633812619622813
2015-07-10,1.2698918616950623,18.614592015785973,0.0,0.0069012908931368015
2015-07-13,1.2698918616950623,18.76387382883797,0.0,0.008019612405439792
2015-07-14,1.2698918616950623,18.82775900024615,0.0,0.003404689883919378
2015-07-15,1.2698918616950623,18.90986035904628,0.0,0.004360654860679819
2015-07-16,1.2698918616950623,19.06337081742766,0.0,0.008118011210375854
2015-07-17,1.2698918616950623,19.168872376789622,0.0,0.005534255215007005
2015-07-20,1.2698918616950623,19.12591734764507,0.0,-0.0022408740743959225
2015-07-21,1.2698918616950623,19.226017139276212,0.0,0.005233724992723798
2015-07-22,1.2698918616950623,19.116555568272652,0.0,-0.005693408583306928
2015-07-23,1.2698918616950623,19.10847770267665,0.0,-0.0004225586333871883
2015-07-24,1.2698918616950623,18.984966113528852,0.0,-0.006463706375233621
2015-07-27,1.2698918616950623,18.601648680399457,0.0,-0.020190577683267066
2015-07-28,1.2698918616950623,18.67211143924749,0.0,0.003787984606024636
2015-07-29,1.2698918616950623,18.83404059418956,0.0,0.008672246599905327
2015-07-30,1.2698918616950623,18.962525537938802,0.0,0.0068219532132092146
2015-07-31,1.2688759482057062,18.859415055402103,-0.0008,-0.005437592283285538
2015-08-03,1.2483590049202282,18.779007885053552,-0.016169384654576027,-0.004263502877069311
2015-08-04,1.2483590049202282,18.894182250679112,0.0,0.006133144324265896
2015-08-05,1.2483590049202282,18.90779823407779,0.0,0.0007206442288969293
2015-08-06,1.2483590049202282,18.71281361811885,0.0,-0.010312391403009415
2015-08-07,1.2483590049202282,18.675585151403077,0.0,-0.001989463876224708
2015-08-10,1.2483590049202282,18.65005434511676,0.0,-0.0013670686128084823
2015-08-11,1.2483590049202282,18.50471060221076,0.0,-0.007793207473631663
2015-08-12,1.2483590049202282,18.199841514454587,0.0,-0.016475215111969966
2015-08-13,1.2483590049202282,18.36282781488397,0.0,0.008955369215711974
2015-08-14,1.2483590049202282,18.20953954030469,0.0,-0.008347748839371812
2015-08-17,1.2483590049202282,18.31492125521083,0.0,0.005787170766888006
2015-08-18,1.2483590049202282,18.406387578148042,0.0,0.0049940876983672585
2015-08-19,1.2483590049202282,18.21829210433046,0.0,-0.010219032551552347
2015-08-20,1.2483590049202282,17.93499033139676,0.0,-0.015550402381920105
2015-08-21,1.2483590049202282,17.64972921118571,0.0,-0.01590528430403866
2015-08-24,1.2483590049202282,16.76388477928648,0.0,-0.050190256252646545
2015-08-25,1.2483590049202282,17.234524235921143,0.0,0.028074605786851007
2015-08-26,1.2483590049202282,17.44676100524734,0.0,0.012314628847359949
2015-08-27,1.2483590049202282,17.75167101423576,0.0,0.017476596882178518
2015-08-28,1.2483590049202282,17.97429714143245,0.0,0.012541136381930324
2015-08-31,1.2483590049202282,18.00483763714158,0.0,0.0016991204423083197
2015-09-01,1.2344931517651994,17.70347792291876,-0.011107264096608872,-0.016737707959173998
2015-09-02,1.2344931517651994,17.684050007173834,0.0,-0.0010974067259280074
2015-09-03,1.2344931517651994,18.101369301723842,0.0,0.023598626693586432
2015-09-04,1.2344931517651994,17.811372275772456,0.0,-0.016020723135225536
2015-09-07,1.2344931517651994,17.71286231854141,0.0,-0.005530733719211589
2015-09-08,1.2344931517651994,17.994949031055473,0.0,0.015925529563834497
2015-09-09,1.2344931517651994,18.28767203291017,0.0,0.0162669536518007
2015-09-10,1.2344931517651994,17.997980099780015,0.0,-0.015840831605511505
2015-09-11,1.2344931517651994,17.821999762185904,0.0,-0.009777782652191359
2015-09-14,1.2344931517651994,17.676459386989208,0.0,-0.008166332462056175
2015-09-15,1.2344931517651994,17.7793291858912,0.0,0.005819592976730918
2015-09-16,1.2344931517651994,17.94359974571191,0.0,0.00923941269680017
2015-09-17,1.2344931517651994,18.112238561862487,0.0,0.009398271168575062
2015-09-18,1.2344931517651994,17.93982692086902,0.0,-0.0095190685792147
2015-09-21,1.2344931517651994,18.02253532646805,0.0,0.00461032349775983
2015-09-22,1.2344931517651994,17.800926392460692,0.0,-0.012296213046224448
2015-09-23,1.2344931517651994,17.784753941605082,0.0,-0.0009085173714587906
2015-09-24,1.2344931517651994,17.583220128080974,0.0,-0.011331830296096775
2015-09-25,1.2344931517651994,17.942652873975707,0.0,0.020441804361005986
2015-09-28,1.2344931517651994,17.665736959096915,0.0,-0.015433387516538066
2015-09-29,1.2344931517651994,17.6470718136275,0.0,-0.0010565732702026583
2015-09-30,1.2339993545044934,17.97840934692281,-0.0004,0.018775779732444944
2015-10-01,1.2425923926864986,18.069932270539372,0.006963567809527494,0.005090713079810113
2015-10-02,1.2425923926864986,18.058903890644697,0.0,-0.0006103166148916625
2015-10-05,1.2425923926864986,18.55847816363785,0.0,0.027663598855075296
2015-10-06,1.2425923926864986,18.885974713192805,0.0,0.017646735183094286
2015-10-07,1.2425923926864986,19.05483118095367,0.0,0.00894083944965297
2015-10-08,1.2425923926864986,18.941046424205187,0.0,-0.005971438721651684
2015-10-09,1.2425923926864986,18.984539856457502,0.0,0.002296252872108258
2015-10-12,1.2425923926864986,18.80364865386197,0.0,-0.009528342744319978
2015-10-13,1.2425923926864986,18.826070721850247,0.0,0.0011924317668886172
2015-10-14,1.2425923926864986,18.763467280004292,0.0,-0.0033253589010102617
2015-10-15,1.2425923926864986,18.93344662828946,0.0,0.009059058528393999
2015-10-16,1.2425923926864986,18.85464347747898,0.0,-0.004162113341409999
2015-10-19,1.2425923926864986,18.92849906235714,0.0,0.00391710323063792
2015-10-20,1.2425923926864986,18.928894468776306,0.0,2.088947559239748e-05
2015-10-21,1.2425923926864986,19.01446418903665,0.0,0.0045205873169980645
2015-10-22,1.2425923926864986,18.896681515844804,0.0,-0.006194372453563871
2015-10-23,1.2425923926864986,19.098916638859833,0.0,0.010702150155066021
2015-10-26,1.2425923926864986,19.185047108171453,0.0,0.004509704447652898
2015-10-27,1.2425923926864986,18.9546900312769,0.0,-0.012007115520526267
2015-10-28,1.2425923926864986,19.244672237573525,0.0,0.015298704743687698
2015-10-29,1.2425923926864986,19.13530343135941,0.0,-0.005683069312065641
2015-10-30,1.2425923926864986,19.17234323676693,0.0,0.0019356790207369357
2015-11-02,1.261024399448145,19.327731108866523,0.01483351006342153,0.00810479293952993
2015-11-03,1.261024399448145,19.59728161080827,0.0,0.013946308566869969
2015-11-04,1.261024399448145,19.803485669049476,0.0,0.010522074557905907
2015-11-05,1.261024399448145,19.7272224335734,0.0,-0.003851000614264032
2015-11-06,1.261024399448145,19.76952669298488,0.0,0.002144461013400772
2015-11-09,1.261024399448145,19.86110932020019,0.0,0.0046325149123479315
2015-11-10,1.261024399448145,19.757000071855092,0.0,-0.005241864725008543
2015-11-11,1.261024399448145,19.660747703416572,0.0,-0.004871810906942079
2015-11-12,1.261024399448145,19.3785730008557,0.0,-0.014352185726478702
2015-11-13,1.261024399448145,19.321441794134717,0.0,-0.0029481637640944784
2015-11-16,1.261024399448145,19.43287746656097,0.0,0.005767461539028729
2015-11-17,1.261024399448145,19.601570637469916,0.0,0.008680812772026343
2015-11-18,1.261024399448145,19.712625099176716,0.0,0.0056655899550473905
2015-11-19,1.261024399448145,19.784951907244963,0.0,0.0036690601938789754
2015-11-20,1.261024399448145,19.815989857991205,0.0,0.0015687655391710383
2015-11-23,1.261024399448145,19.816568656089128,0.0,2.9208639188477665e-05
2015-11-24,1.261024399448145,19.851713798576675,0.0,0.00177352311076042
2015-11-25,1.261024399448145,19.769702799679422,0.0,-0.00413117979280626
2015-11-26,1.261024399448145,19.75232091401987,0.0,-0.0008792183593086029
2015-11-27,1.261024399448145,19.759976024209966,0.0,0.0003875549725736954
2015-11-30,1.261024399448145,20.027944719436512,0.0,0.013561185241228508
2015-12-01,1.2589761329040903,20.15946671107679,-0.0016242877972471711,0.006566924039521643
2015-12-02,1.2589761329040903,20.205095044607123,0.0,0.002263370067486054
2015-12-03,1.2589761329040903,19.961144838433427,0.0,-0.012073697531989986
2015-12-04,1.2589761329040903,19.8864523192333,0.0,-0.0037418955578296764
2015-12-07,1.2589761329040903,19.983098251953304,0.0,0.004859888087053853
2015-12-08,1.2589761329040903,19.73827328351229,0.0,-0.012251602096641102
2015-12-09,1.2589761329040903,19.85442610754305,0.0,0.005884649703770425
2015-12-10,1.2589761329040903,19.710598056100277,0.0,-0.007244130385019209
2015-12-11,1.2589761329040903,19.350271159909727,0.0,-0.01828087078661882
2015-12-14,1.2589761329040903,18.896955861696696,0.0,-0.023426818904337662
2015-12-15,1.2589761329040903,19.40870588928667,0.0,0.02708108286516485
2015-12-16,1.2589761329040903,19.50914256885532,0.0,0.005174826190966678
2015-12-17,1.2589761329040903,19.478212983243168,0.0,-0.0015853892862277613
2015-12-18,1.2589761329040903,19.291265809892906,0.0,-0.009597757941711001
2015-12-21,1.2589761329040903,19.37631497976381,0.0,0.004408687885441223
2015-12-22,1.2589761329040903,19.35335048644064,0.0,-0.0011851837331892908
2015-12-23,1.2589761329040903,19.788877161660718,0.0,0.02250394191565004
2015-12-28,1.2589761329040903,19.724003744404463,0.0,-0.00327827681814822
2015-12-29,1.2589761329040903,19.984783816079908,0.0,0.013221457218057418
2015-12-30,1.2589761329040903,20.08530979440827,0.0,0.005030125882446602
2016-01-04,1.2554215281416001,19.87500621128478,-0.00282340917320707,-0.01047051727238165
2016-01-05,1.2554215281416001,19.589886886828875,0.0,-0.014345621904461087
2016-01-06,1.2554215281416001,19.2300707610147,0.0,-0.018367442747007065
2016-01-07,1.2554215281416001,18.586165907472274,0.0,-0.03348426854714548
2016-01-08,1.2554215281416001,18.50929941252004,0.0,-0.0041356832460712305
2016-01-11,1.2554215281416001,18.331021467514937,0.0,-0.009631804047889124
2016-01-12,1.2554215281416001,18.38231004939043,0.0,0.0027979118330302725
2016-01-13,1.2554215281416001,18.535883572441612,0.0,0.008354419147460511
2016-01-14,1.2554215281416001,18.026962767985424,0.0,-0.027455977615916324
2016-01-15,1.2554215281416001,17.795130923965502,0.0,-0.012860283066187826
2016-01-18,1.2554215281416001,17.604436009627218,0.0,-0.010716128763147552
2016-01-19,1.2554215281416001,18.148663840977118,0.0,0.03091424406054729
2016-01-20,1.2554215281416001,17.394092416804856,0.0,-0.04157724396594676
2016-01-21,1.2554215281416001,17.704767086748145,0.0,0.017860930165182875
2016-01-22,1.2554215281416001,18.362942541687747,0.0,0.03717504171135008
2016-01-25,1.2554215281416001,18.31814380518237,0.0,-0.0024396273311685316
2016-01-26,1.2554215281416001,18.3581124579773,0.0,0.0021819160947749816
2016-01-27,1.2554215281416001,18.198172559054914,0.0,-0.00871221915044339
2016-01-28,1.2554215281416001,18.457807434454836,0.0,0.01426708503600458
2016-01-29,1.2549193595303436,18.759769216394147,-0.0004,0.01635956941319278
2016-02-01,1.2642023090602315,18.714741249379635,0.0073972478465565775,-0.002400240988847638
2016-02-02,1.2642023090602315,18.333732983497868,0.0,-0.02035872475097131
2016-02-03,1.2642023090602315,18.418524371587804,0.0,0.004624883986597757
2016-02-04,1.2642023090602315,18.760147349893263,0.0,0.01854779304863545
2016-02-05,1.2642023090602315,18.931445722298136,0.0,0.009130971586203684
2016-02-08,1.2642023090602315,18.00133476555805,0.0,-0.04913047689984764
2016-02-09,1.2642023090602315,17.925346655387145,0.0,-0.004221248655199229
2016-02-10,1.2642023090602315,17.957943884650337,0.0,0.001818499239644742
2016-02-11,1.2642023090602315,17.54504763543422,0.0,-0.022992401127227235
2016-02-12,1.2642023090602315,17.761611851848745,0.0,0.012343324504696567
2016-02-15,1.2642023090602315,18.228178730298332,0.0,0.026268273529523545
2016-02-16,1.2642023090602315,18.07559509454179,0.0,-0.008370755960545958
2016-02-17,1.2642023090602315,18.781598966466227,0.0,0.03905840268227894
2016-02-18,1.2642023090602315,18.885153600851183,0.0,0.005513621847098759
2016-02-19,1.2642023090602315,18.716733291664024,0.0,-0.008918132875528723
2016-02-22,1.2642023090602315,19.15238400283056,0.0,0.023276001446286818
2016-02-23,1.2642023090602315,19.139559017582915,0.0,-0.0006696286606278231
2016-02-24,1.2642023090602315,18.622053798106293,0.0,-0.0270385132176349
2016-02-25,1.2642023090602315,18.95312107158848,0.0,0.017778236335878963
2016-02-26,1.2642023090602315,19.253775485994268,0.0,0.015863055655592276
2016-02-29,1.2636966281366073,19.443060760917945,-0.0004,0.00983107313479212
2016-03-01,1.2715656807757225,19.4433377346504,0.006227010869466821,1.4245377096822054e-05
2016-03-02,1.2715656807757225,19.16759709405715,0.0,-0.014181754406387036
2016-03-03,1.2715656807757225,19.317176891009325,0.0,0.007803784492034918
2016-03-04,1.2715656807757225,19.69614531419981,0.0,0.01961820949969477
2016-03-07,1.2715656807757225,19.60807863908389,0.0,-0.004471264489119714
2016-03-08,1.2715656807757225,19.626975267076833,0.0,0.0009637164528336881
2016-03-09,1.2715656807757225,19.48021581519547,0.0,-0.007477436022836489
2016-03-10,1.2715656807757225,19.442891806836165,0.0,-0.0019159956292779062
2016-03-11,1.2715656807757225,19.641575784825225,0.0,0.010218849128152917
2016-03-14,1.2715656807757225,19.82600702868235,0.0,0.009389839485262579
2016-03-15,1.2715656807757225,19.701522204912507,0.0,-0.006278865108327162
2016-03-16,1.2715656807757225,19.745803947222807,0.0,0.002247630505386067
2016-03-17,1.2715656807757225,19.7548247021448,0.0,0.00045684414501954355
2016-03-18,1.2715656807757225,19.902478294307766,0.0,0.007474305360297125
2016-03-21,1.2715656807757225,19.864909745283686,0.0,-0.0018876317043804486
2016-03-22,1.2715656807757225,19.934657386432946,0.0,0.003511097812353067
2016-03-23,1.2715656807757225,19.84668782761089,0.0,-0.004412895447198695
2016-03-29,1.2715656807757225,19.44160730572128,0.0,-0.02041048488332938
2016-03-30,1.2715656807757225,19.91859848911083,0.0,0.024534554982456717
2016-03-31,1.2710570545034123,19.80905943789011,-0.0004,-0.005499335271033564
2016-04-01,1.2598473114452842,19.605404991513687,-0.008819228860271467,-0.010280874112926204
2016-04-04,1.2598473114452842,19.468158608172768,0.0,-0.007000436022633964
2016-04-05,1.2598473114452842,19.32264818870105,0.0,-0.0074742774804924675
2016-04-06,1.2598473114452842,19.509931336647025,0.0,0.00969241618007053
2016-04-07,1.2598473114452842,19.346418591726312,0.0,-0.008381000532460815
2016-04-08,1.2598473114452842,19.60067042078801,0.0,0.013142061816569689
2016-04-11,1.2598473114452842,19.705029762220352,0.0,0.005324274077975547
2016-04-12,1.2598473114452842,19.70563458367991,0.0,3.069376026601259e-05
2016-04-13,1.2598473114452842,20.16812344663388,0.0,0.023469879185570676
2016-04-14,1.2598473114452842,20.238189226384222,0.0,0.003474085228391993
2016-04-15,1.2598473114452842,20.07380326164994,0.0,-0.008122562888184526
2016-04-18,1.2598473114452842,20.02092809498586,0.0,-0.0026340383023029253
2016-04-19,1.2598473114452842,20.33980373795866,0.0,0.01592711593887909
2016-04-20,1.2598473114452842,20.268058735063146,0.0,-0.003527320313402214
2016-04-21,1.2598473114452842,20.279488940237542,0.0,0.0005639516504175147
2016-04-22,1.2598473114452842,20.273979525361632,0.0,-0.0002716742464341958
2016-04-25,1.2598473114452842,20.14839959112607,0.0,-0.006194143289849483
2016-04-26,1.2598473114452842,20.24591942576499,0.0,0.004840078448804988
2016-04-27,1.2598473114452842,20.667195414117792,0.0,0.020807945516995777
2016-04-28,1.2598473114452842,20.83373540700044,0.0,0.008058180587429221
2016-04-29,1.2598473114452842,20.670610905032834,0.0,-0.007829824982455795
2016-05-02,1.261529363253114,20.61915355654192,0.0013351235443763707,-0.00248939659922607
2016-05-03,1.261529363253114,20.424289028079947,0.0,-0.009450656057612446
2016-05-04,1.261529363253114,20.46410872942454,0.0,0.0019496248456848588
2016-05-06,1.261529363253114,20.56105644976579,0.0,0.004737451389800806
2016-05-09,1.261529363253114,20.503202947934163,0.0,-0.0028137416952759135
2016-05-10,1.261529363253114,20.515568669427974,0.0,0.0006031116955342409
2016-05-11,1.261529363253114,20.743079711525642,0.0,0.011089677588937646
2016-05-12,1.261529363253114,20.725083955992535,0.0,-0.0008675546632117004
2016-05-13,1.261529363253114,20.544909117743817,0.0,-0.008693563733266357
2016-05-18,1.261529363253114,20.805667336190513,0.0,0.012692108636367135
2016-05-19,1.261529363253114,20.512068063770307,0.0,-0.01411150470090915
2016-05-20,1.261529363253114,20.775855241863848,0.0,0.012860096664726732
2016-05-23,1.261529363253114,20.88460320485532,0.0,0.00523434350718539
2016-05-24,1.261529363253114,21.057137479193017,0.0,0.00826131445473584
2016-05-25,1.261529363253114,21.29580214553777,0.0,0.011334145801184187
2016-05-26,1.261529363253114,21.342650136692864,0.0,0.0021998697600086174
2016-05-27,1.261529363253114,21.295422808136248,0.0,-0.002212814634271648
2016-05-30,1.261529363253114,21.492834241188163,0.0,0.009270134471173403
2016-05-31,1.261529363253114,21.395615661228454,0.0,-0.004523301993061607
2016-06-01,1.2554820805907723,21.336085218092485,-0.004793612291946525,-0.002782366447339353
2016-06-02,1.2554820805907723,21.376277839564555,0.0,0.001883786133268097
2016-06-03,1.2554820805907723,21.42827299108675,0.0,0.0024323762963989193
2016-06-06,1.2554820805907723,21.59092706685644,0.0,0.007590629251239514
2016-06-07,1.2554820805907723,21.750794327621584,0.0,0.007404372228673456
2016-06-08,1.2554820805907723,21.8184546202411,0.0,0.0031107044460251354
2016-06-09,1.2554820805907723,21.541832503897037,0.0,-0.012678355142872461
2016-06-10,1.2554820805907723,21.354643630320712,0.0,-0.008689551993427786
2016-06-13,1.2554820805907723,21.08716854597652,0.0,-0.012525382721180705
2016-06-14,1.2554820805907723,20.736976122526922,0.0,-0.016606896401765377
2016-06-15,1.2554820805907723,20.83589830251672,0.0,0.004770328104025738
2016-06-16,1.2554820805907723,20.347801415367233,0.0,-0.02342576643746297
2016-06-17,1.2554820805907723,20.702663119052595,0.0,0.017439805728463705
2016-06-20,1.2554820805907723,21.083711757961716,0.0,0.01840577884680168
2016-06-21,1.2554820805907723,21.15293308548041,0.0,0.0032831660911204386
2016-06-22,1.2554820805907723,21.1854117510747,0.0,0.0015354213745698462
2016-06-23,1.2554820805907723,21.273476791259228,0.0,0.004156871776639467
2016-06-24,1.2554820805907723,20.725504279839527,0.0,-0.02575848399377999
2016-06-27,1.2554820805907723,20.065183303090564,0.0,-0.03186030929974913
2016-06-28,1.2554820805907723,20.56232402996179,0.0,0.024776286334481326
2016-06-29,1.2554820805907723,20.970084669639235,0.0,0.019830474370663806
2016-06-30,1.254979887758536,20.984034109896204,-0.0004,0.0006652066730643255
2016-07-01,1.2744127429862526,21.259939489446218,0.015484594946317935,0.013148347839364955
2016-07-04,1.2744127429862526,21.173486176544465,0.0,-0.004066489132985149
2016-07-05,1.2744127429862526,20.736156426351496,0.0,-0.020654593511267683
2016-07-06,1.2744127429862526,20.58775150873491,0.0,-0.007156818967086531
2016-07-07,1.2744127429862526,21.029722550749227,0.0,0.021467669348291706
2016-07-08,1.2744127429862526,21.100908615057858,0.0,0.0033850215634962126
2016-07-11,1.2744127429862526,21.418016777410084,0.0,0.015028175712108334
2016-07-12,1.2744127429862526,21.53145813064019,0.0,0.005296538629559341
2016-07-13,1.2744127429862526,21.669026571304624,0.0,0.006389183669296846
2016-07-14,1.2744127429862526,21.731960918895734,0.0,0.0029043458590082786
2016-07-15,1.2744127429862526,21.741125776298425,0.0,0.0004217225236551022
2016-07-18,1.2744127429862526,21.722095517530303,0.0,-0.0008753115622406428
2016-07-19,1.2744127429862526,21.865614988388412,0.0,0.006607073002799598
2016-07-20,1.2744127429862526,21.866615369668008,0.0,4.575134429691717e-05
2016-07-21,1.2744127429862526,22.0727126778127,0.0,0.009425203885489225
2016-07-22,1.2744127429862526,21.886459506549226,0.0,-0.00843816407988195
2016-07-25,1.2744127429862526,21.82018893357546,0.0,-0.0030279256886631386
2016-07-26,1.2744127429862526,21.905009263304798,0.0,0.003887240847801515
2016-07-27,1.2744127429862526,22.12727500678616,0.0,0.01014679979404069
2016-07-28,1.2744127429862526,21.982722904524834,0.0,-0.006532756619013939
2016-07-29,1.2744127429862526,21.99049471784885,0.0,0.0003535418864065266
2016-08-01,1.2694707281084139,22.006763156998254,-0.0038778762257653423,0.0007397941409747629
2016-08-02,1.2694707281084139,21.755157122408008,0.0,-0.011433123208318484
2016-08-03,1.2694707281084139,21.600156094418416,0.0,-0.007124794692010625
2016-08-04,1.2694707281084139,21.767010507780117,0.0,0.007724685536176082
2016-08-05,1.2694707281084139,21.932305941902783,0.0,0.007593850982135896
2016-08-08,1.2694707281084139,22.025782317986668,0.0,0.004262040495490893
2016-08-09,1.2694707281084139,22.281559703782417,0.0,0.011612635687717442
2016-08-10,1.2694707281084139,22.244473555778836,0.0,-0.0016644323151796788
2016-08-11,1.2694707281084139,22.331013663103843,0.0,0.003890409323826091
2016-08-12,1.2694707281084139,22.29414104028129,0.0,-0.0016511844638506322
2016-08-15,1.2694707281084139,22.217009852586138,0.0,-0.003459706635738605
2016-08-16,1.2694707281084139,22.052883000208134,0.0,-0.007387441130332815
2016-08-17,1.2694707281084139,21.7511112408081,0.0,-0.01368400491659903
2016-08-18,1.2694707281084139,21.813391351005716,0.0,0.002863307051677043
2016-08-19,1.2694707281084139,21.927834842530928,0.0,0.005246478627906443
2016-08-22,1.2694707281084139,21.96855096095169,0.0,0.001856823471772371
2016-08-23,1.2694707281084139,22.07644962345102,0.0,0.004911505665126275
2016-08-24,1.2694707281084139,22.220834112581137,0.0,0.006540204226350942
2016-08-25,1.2694707281084139,22.084791455339627,0.0,-0.006122302005057711
2016-08-26,1.2694707281084139,22.127053263586117,0.0,0.0019136159076688136
2016-08-29,1.2694707281084139,22.11028089831961,0.0,-0.0007580026615703843
2016-08-30,1.2694707281084139,22.309547322229566,0.0,0.009012387713495707
2016-08-31,1.2694707281084139,22.204856451994043,0.0,-0.00469264878948071
2016-09-01,1.2508731385758116,22.133011158655385,-0.014649876614574352,-0.003235566665066429
2016-09-02,1.2508731385758116,22.34415664404367,0.0,0.009539844527919677
2016-09-05,1.2508731385758116,22.38353650764776,0.0,0.0017624233588868473
2016-09-06,1.2508731385758116,22.348674328571793,0.0,-0.0015574920015011817
2016-09-07,1.2508731385758116,22.515693575852264,0.0,0.007473340244926453
2016-09-08,1.2508731385758116,22.55705325413959,0.0,0.001836926681738152
2016-09-09,1.2508731385758116,22.372999415869664,0.0,-0.008159480593332668
2016-09-12,1.2508731385758116,22.020071058285932,0.0,-0.015774744862031745
2016-09-13,1.2508731385758116,21.84523671067646,0.0,-0.007939772180875104
2016-09-14,1.2508731385758116,21.903590563168347,0.0,0.0026712391934562985
2016-09-15,1.2508731385758116,21.719263706911914,0.0,-0.0084153717046914
2016-09-16,1.2508731385758116,21.81471195720224,0.0,0.004394635636748054
2016-09-19,1.2508731385758116,22.04117521733178,0.0,0.010381217069188542
2016-09-20,1.2508731385758116,22.18325670798192,0.0,0.006446184890287274
2016-09-21,1.2508731385758116,22.197401543927608,0.0,0.0006376356786511757
2016-09-22,1.2508731385758116,22.45264883328691,0.0,0.011498971573505167
2016-09-23,1.2508731385758116,22.417111183086035,0.0,-0.0015827820790653702
2016-09-26,1.2508731385758116,22.05182094690722,0.0,-0.016295152091426953
2016-09-27,1.2508731385758116,21.895640315835973,0.0,-0.007082436931048728
2016-09-28,1.2508731385758116,22.013332694309348,0.0,0.005375151252747573
2016-09-29,1.2508731385758116,22.31441418220743,0.0,0.013677233342133251
2016-09-30,1.249872440064951,22.384693786083922,-0.0008,0.0031495159721705883
2016-10-03,1.2611470144962549,22.39917609957988,0.009020580076729966,0.0006469739382793534
2016-10-04,1.2611470144962549,22.567759451007127,0.0,0.007526319302003557
2016-10-05,1.2611470144962549,22.6081359810383,0.0,0.0017891244418316325
2016-10-06,1.2611470144962549,22.717598238097167,0.0,0.00484171968669491
2016-10-07,1.2611470144962549,22.58314953021666,0.0,-0.005918262418033287
2016-10-10,1.2611470144962549,22.859713585424863,0.0,0.012246478501068166
2016-10-11,1.2611470144962549,22.754536996515522,0.0,-0.004600958297937835
2016-10-12,1.2611470144962549,22.65275519103389,0.0,-0.004473033465687196
2016-10-13,1.2611470144962549,22.563324533571116,0.0,-0.003947893168340499
2016-10-14,1.2611470144962549,22.809151631258818,0.0,0.010894985680055591
2016-10-17,1.2611470144962549,22.62545286865139,0.0,-0.008053730606783195
2016-10-18,1.2611470144962549,22.647949853836543,0.0,0.0009943219839954962
2016-10-19,1.2611470144962549,22.717584066996423,0.0,0.003074636495103422
2016-10-20,1.2611470144962549,22.728991999474847,0.0,0.0005021631017091562
2016-10-21,1.2611470144962549,22.851379014508122,0.0,0.005384621325754498
2016-10-24,1.2611470144962549,22.90136214810108,0.0,0.0021873136654563807
2016-10-25,1.2611470144962549,23.0155751483174,0.0,0.004987170609228991
2016-10-26,1.2611470144962549,22.704391730972883,0.0,-0.013520557941271584
2016-10-27,1.2611470144962549,22.914601524859794,0.0,0.009258552106469652
2016-10-28,1.2611470144962549,22.69262654864351,0.0,-0.009687053731895172
2016-10-31,1.2611470144962549,22.600024204209785,0.0,-0.004080723940669561
2016-11-01,1.2673565543904934,22.738327974847085,0.004923724056642897,0.0061196293148897
2016-11-02,1.2673565543904934,22.19299698116714,0.0,-0.023982897699566283
2016-11-03,1.2673565543904934,22.35659596788563,0.0,0.0073716491223478646
2016-11-04,1.2673565543904934,22.171637599623022,0.0,-0.008273100633401283
2016-11-07,1.2673565543904934,22.4005029344942,0.0,0.010322437115563616
2016-11-08,1.2673565543904934,22.430751124098723,0.0,0.0013503352890325156
2016-11-09,1.2673565543904934,22.547121586958568,0.0,0.005187987785875799
2016-11-10,1.2673565543904934,22.815771652697254,0.0,0.011915049320267742
2016-11-11,1.2673565543904934,22.643536123250353,0.0,-0.0075489679713085615
2016-11-14,1.2673565543904934,22.68039045431001,0.0,0.001627587266363932
2016-11-15,1.2673565543904934,22.979056487434296,0.0,0.01316846964014793
2016-11-16,1.2673565543904934,22.940810200539094,0.0,-0.0016643976185932012
2016-11-17,1.2673565543904934,22.992578103096513,0.0,0.002256585626439857
2016-11-18,1.2673565543904934,23.04601898546018,0.0,0.0023242666448294617
2016-11-21,1.2673565543904934,23.216296414325882,0.0,0.007388583207066393
2016-11-22,1.2673565543904934,23.321743220604375,0.0,0.004541930564490154
2016-11-23,1.2673565543904934,23.349940341428827,0.0,0.0012090485928829655
2016-11-24,1.2673565543904934,23.379696680948058,0.0,0.0012743646914778574
2016-11-25,1.2673565543904934,23.282677345233356,0.0,-0.004149726022483535
2016-11-28,1.2673565543904934,23.119559422637504,0.0,-0.007005977885496284
2016-11-29,1.2673565543904934,23.009016301069035,0.0,-0.004781367998744351
2016-11-30,1.2673565543904934,23.15289043354505,0.0,0.0062529458275594
2016-12-01,1.2796056599292076,23.265033338453268,0.009665082408166504,0.004843581203396391
2016-12-02,1.2796056599292076,23.14520669384874,0.0,-0.005150503885437126
2016-12-05,1.2796056599292076,23.271421282597622,0.0,0.005453163171898903
2016-12-06,1.2796056599292076,23.25624389507832,0.0,-0.0006521899687602033
2016-12-07,1.2796056599292076,23.348327907631347,0.0,0.003959539337842665
2016-12-08,1.2796056599292076,23.480281146748705,0.0,0.0056515070218039675
2016-12-09,1.2796056599292076,23.65211066407173,0.0,0.007318034918283741
2016-12-12,1.2796056599292076,23.69815518758043,0.0,0.0019467405747700015
2016-12-13,1.2796056599292076,23.666486634211488,0.0,-0.0013363299007147702
2016-12-14,1.2796056599292076,23.630711359956756,0.0,-0.0015116428056125666
2016-12-15,1.2796056599292076,23.538844426622916,0.0,-0.0038876076108954704
2016-12-16,1.2796056599292076,23.60755012501145,0.0,0.0029188220603909324
2016-12-19,1.2796056599292076,23.575815141091752,0.0,-0.0013442726480150152
2016-12-20,1.2796056599292076,23.587709311507492,0.0,0.0005045072819140149
2016-12-21,1.2796056599292076,23.51825651953925,0.0,-0.0029444483587204103
2016-12-22,1.2796056599292076,23.605593311431644,0.0,0.003713574253254435
2016-12-23,1.2796056599292076,23.69204292769403,0.0,0.003662251362287115
2016-12-27,1.2796056599292076,23.875431968417494,0.0,0.007740533025503684
2016-12-28,1.2796056599292076,23.892325060517894,0.0,0.0007075512653653744
2016-12-29,1.2796056599292076,23.94005661189174,0.0,0.001997777581417781
2016-12-30,1.2796056599292076,23.89096888809933,0.0,-0.0020504430957789884
2017-01-02,1.283815305890217,24.12041473205912,0.003289799422458395,0.009603873540435752
2017-01-03,1.283815305890217,24.264837974396258,0.0,0.005987593660451343
2017-01-04,1.283815305890217,24.186275449714714,0.0,-0.0032377106644783864
2017-01-05,1.283815305890217,24.203125875336458,0.0,0.0006966936954298054
2017-01-06,1.283815305890217,24.176109686614286,0.0,-0.001116227253509481
2017-01-09,1.283815305890217,24.04540120851388,0.0,-0.00540651410813118
2017-01-10,1.283815305890217,24.040667020600296,0.0,-0.00019688537831115532
2017-01-11,1.283815305890217,24.27871393834044,0.0,0.009901843303106698
2017-01-12,1.283815305890217,24.213307452612256,0.0,-0.002693984775894392
2017-01-13,1.283815305890217,24.280057910563585,0.0,0.0027567674545068144
2017-01-16,1.283815305890217,24.07461893476357,0.0,-0.00846122264439217
2017-01-17,1.283815305890217,24.050364751227065,0.0,-0.0010074586684934994
2017-01-18,1.283815305890217,24.137642015529977,0.0,0.003628937240898199
2017-01-19,1.283815305890217,24.2756080048157,0.0,0.005715802280809176
2017-01-20,1.283815305890217,24.36207413186931,0.0,0.0035618521701476806
2017-01-23,1.283815305890217,24.332422470581843,0.0,-0.0012171238428619233
2017-01-24,1.283815305890217,24.383813922022483,0.0,0.002112056516476027
2017-01-25,1.283815305890217,24.68395904903791,0.0,0.012309195270898481
2017-01-26,1.283815305890217,24.780147645008185,0.0,0.0038968058478456454
2017-01-27,1.283815305890217,24.703092888885223,0.0,-0.0031095357956224786
2017-01-30,1.283815305890217,24.497013532595687,0.0,-0.00834224917569968
2017-01-31,1.283815305890217,24.346455050881353,0.0,-0.006145993327472374
2017-02-01,1.2971948457155884,24.602793256047715,0.01042170144255581,0.010528769162929108
2017-02-02,1.2971948457155884,24.481146968862653,0.0,-0.004944409600936717
2017-02-03,1.2971948457155884,24.589882952028436,0.0,0.004441621273058991
2017-02-06,1.2971948457155884,24.658751590285288,0.0,0.002800689958191549
2017-02-07,1.2971948457155884,24.797604063280374,0.0,0.005630961181740935
2017-02-08,1.2971948457155884,24.82638011057586,0.0,0.0011604365979089567
2017-02-09,1.2971948457155884,24.60004267548184,0.0,-0.009116811798011604
2017-02-10,1.2971948457155884,24.63269491892326,0.0,0.0013273246665528164
2017-02-13,1.2971948457155884,24.90154333246142,0.0,0.010914291530953291
2017-02-14,1.2971948457155884,24.843304966541474,0.0,-0.002338745239297113
2017-02-15,1.2971948457155884,24.590491787134706,0.0,-0.01017631026738402
2017-02-16,1.2971948457155884,24.50409364826387,0.0,-0.003513477470021211
2017-02-17,1.2971948457155884,24.313393808941,0.0,-0.007782366573528806
2017-02-20,1.2971948457155884,24.433819834982145,0.0,0.0049530734782431115
2017-02-21,1.2971948457155884,24.668500875647926,0.0,0.009604762671196577
2017-02-22,1.2971948457155884,24.488903233354335,0.0,-0.007280444125848076
2017-02-23,1.2971948457155884,24.40154560321222,0.0,-0.0035672332611095207
2017-02-24,1.2971948457155884,24.213449447103194,0.0,-0.007708370574864964
2017-02-27,1.2971948457155884,24.238828201265697,0.0,0.00104812634060864
2017-02-28,1.2971948457155884,24.395722438277954,0.0,0.006472847437569747
2017-03-01,1.3139968188861038,24.528822930756977,0.012952543888074652,0.0054558946887420245
2017-03-02,1.3139968188861038,24.628451743476774,0.0,0.004061703776045134
2017-03-03,1.3139968188861038,24.38772723083307,0.0,-0.009774244648060789
2017-03-06,1.3139968188861038,24.31227680421564,0.0,-0.0030937867191676367
2017-03-07,1.3139968188861038,24.359398745653074,0.0,0.0019381953330370536
2017-03-08,1.3139968188861038,24.36492061662381,0.0,0.00022668338526711645
2017-03-09,1.3139968188861038,24.309079674925723,0.0,-0.0022918581421516593
2017-03-10,1.3139968188861038,24.569282843772758,0.0,0.010703949813263653
2017-03-13,1.3139968188861038,24.688816546682506,0.0,0.004865168579393286
2017-03-14,1.3139968188861038,24.568022702112213,0.0,-0.004892654305316546
2017-03-15,1.3139968188861038,24.59746492251435,0.0,0.001198396010909173
2017-03-16,1.3139968188861038,24.755180091090928,0.0,0.006411846467650458
2017-03-17,1.3139968188861038,24.723222289640653,0.0,-0.0012909541087029312
2017-03-20,1.3139968188861038,24.771462920070928,0.0,0.0019512274680507898
2017-03-21,1.3139968188861038,24.71705164332377,0.0,-0.0021965306176192686
2017-03-22,1.3139968188861038,24.383065186405563,0.0,-0.013512390625619724
2017-03-23,1.3139968188861038,24.428508243044185,0.0,0.0018637138641598439
2017-03-24,1.3139968188861038,24.471925982435117,0.0,0.0017773389581944197
2017-03-27,1.3139968188861038,23.988629336209105,0.0,-0.019749023700582555
2017-03-28,1.3139968188861038,24.166426888605173,0.0,0.007411742868013675
2017-03-29,1.3139968188861038,24.207554641490958,0.0,0.0017018549359970098
2017-03-30,1.3139968188861038,24.315452330560063,0.0,0.0044571907682148144
2017-03-31,1.312945621430995,24.218784488290826,-0.0008,-0.003975572444841752
2017-04-03,1.32526457252269,24.353908246539724,0.009382681880052557,0.005579295621307071
2017-04-04,1.32526457252269,24.325819793314373,0.0,-0.0011533447913577223
2017-04-05,1.32526457252269,24.466597875000456,0.0,0.005787187559646987
2017-04-06,1.32526457252269,24.45220397238445,0.0,-0.0005883083005469833
2017-04-07,1.32526457252269,24.558349840615644,0.0,0.004340953001662979
2017-04-10,1.32526457252269,24.570103617721994,0.0,0.00047860614343508967
2017-04-11,1.32526457252269,24.543394699271268,0.0,-0.0010870494836440101
2017-04-12,1.32526457252269,24.748368045094647,0.0,0.008351466793200611
2017-04-13,1.32526457252269,24.748368045094647,0.0,0.0
2017-04-18,1.32526457252269,24.411185389596746,0.0,-0.013624439998771398
2017-04-19,1.32526457252269,24.34356280808441,0.0,-0.0027701473907594306
2017-04-20,1.32526457252269,24.3887143261871,0.0,0.0018547621175522605
2017-04-21,1.32526457252269,24.410622137352533,0.0,0.0008982765910670296
2017-04-24,1.32526457252269,24.749217342202922,0.0,0.013870814227724288
2017-04-25,1.32526457252269,25.07822577499666,0.0,0.013293690392087837
2017-04-26,1.32526457252269,25.020937637720426,0.0,-0.0022843776027150586
2017-04-27,1.32526457252269,25.132576936309018,0.0,0.004461835132041191
2017-04-28,1.32526457252269,25.180841639434878,0.0,0.0019204040734928046
2017-05-02,1.333462228527848,25.453295980538094,0.0061856750532110144,0.010819906062096646
2017-05-03,1.333462228527848,25.390206992776,0.0,-0.002478617614407541
2017-05-04,1.333462228527848,25.31012729846652,0.0,-0.0031539598843075456
2017-05-05,1.333462228527848,25.478422537507985,0.0,0.006649324085053673
2017-05-08,1.333462228527848,25.640778211811472,0.0,0.006372281253459581
2017-05-09,1.333462228527848,25.840960378593078,0.0,0.007807179841733095
2017-05-10,1.333462228527848,25.745977904480863,0.0,-0.0036756557310811348
2017-05-11,1.333462228527848,25.69848330730089,0.0,-0.0018447385201751073
2017-05-12,1.333462228527848,25.758944132312813,0.0,0.002352700129767904
2017-05-15,1.333462228527848,25.906809301708208,0.0,0.0057403427965009805
2017-05-16,1.333462228527848,25.990082746252124,0.0,0.003214345833719717
2017-05-18,1.333462228527848,25.454066218970667,0.0,-0.020623886907738063
2017-05-19,1.333462228527848,25.79723910738872,0.0,0.013482045872980762
2017-05-22,1.333462228527848,25.781190883403326,0.0,-0.0006220907562467667
2017-05-23,1.333462228527848,25.7171131142989,0.0,-0.0024854464401672734
2017-05-24,1.333462228527848,25.89168745530769,0.0,0.006788255751448475
2017-05-26,1.333462228527848,25.59689444128363,0.0,-0.011385623842899782
2017-05-29,1.333462228527848,25.544609273471355,0.0,-0.0020426371617936075
2017-05-30,1.333462228527848,25.53645244529931,0.0,-0.00031931700675944734
2017-05-31,1.3329288436364368,25.322291865677013,-0.0004,-0.008386465586049763
2017-06-01,1.3346790617005726,25.47109327700177,0.0013130618881055823,0.005876301091310326
2017-06-02,1.3346790617005726,25.358427364820773,0.0,-0.004423285288767931
2017-06-06,1.3346790617005726,25.21738169929873,0.0,-0.005562082517692466
2017-06-07,1.3346790617005726,25.159730291827124,0.0,-0.0022861773739662446
2017-06-08,1.3346790617005726,25.05913317639205,0.0,-0.003998338387107179
2017-06-09,1.3346790617005726,25.08519867149906,0.0,0.001040159486903879
2017-06-12,1.3346790617005726,25.19518082570935,0.0,0.004384344555151904
2017-06-13,1.3346790617005726,25.12350580789513,0.0,-0.002844790768125151
2017-06-14,1.3346790617005726,25.112972195700625,0.0,-0.0004192731808629166
2017-06-15,1.3346790617005726,24.831667938983852,0.0,-0.01120155171298011
2017-06-16,1.3346790617005726,24.953853758314374,0.0,0.0049205643225721275
2017-06-19,1.3346790617005726,25.132005305176055,0.0,0.007139239837947697
2017-06-20,1.3346790617005726,25.207450388002854,0.0,0.00300195236753601
2017-06-21,1.3346790617005726,25.093130186424002,0.0,-0.004535175109707347
2017-06-22,1.3346790617005726,24.98003189414222,0.0,-0.004507141653573904
2017-06-23,1.3346790617005726,25.001399605746503,0.0,0.000855391686240965
2017-06-26,1.3346790617005726,24.942649208515068,0.0,-0.0023498843327928033
2017-06-27,1.3346790617005726,24.95739836373883,0.0,0.0005913227219955411
2017-06-28,1.3346790617005726,25.051610637923062,0.0,0.0037749236843980867
2017-06-29,1.3346790617005726,24.854525290698568,0.0,-0.007867172696918138
2017-06-30,1.3346790617005726,25.05866507388967,0.0,0.008213384918982965
2017-07-03,1.3582840813289867,25.258232061242524,0.017685914393785217,0.007963991168898952
2017-07-04,1.3582840813289867,25.36469226467327,0.0,0.004214871538618282
2017-07-05,1.3582840813289867,25.331796444537094,0.0,-0.0012969138278090251
2017-07-06,1.3582840813289867,25.281437226689125,0.0,-0.001987984466803623
2017-07-07,1.3582840813289867,25.278093922561162,0.0,-0.00013224343608249185
2017-07-10,1.3582840813289867,25.563301691798582,0.0,0.011282803605016578
2017-07-11,1.3582840813289867,25.529117164318425,0.0,-0.0013372500896909648
2017-07-12,1.3582840813289867,25.84131535489634,0.0,0.012229102501604467
2017-07-13,1.3582840813289867,26.08351960256149,0.0,0.009372752289842573
2017-07-14,1.3582840813289867,26.08533439947353,0.0,6.957638155022734e-05
2017-07-17,1.3582840813289867,26.241892188828544,0.0,0.006001755122532445
2017-07-18,1.3582840813289867,26.069601019857267,0.0,-0.006565500983371251
2017-07-19,1.3582840813289867,26.15430092039805,0.0,0.003248991055761283
2017-07-20,1.3582840813289867,26.317372611233623,0.0,0.0062349856466012215
2017-07-21,1.3582840813289867,25.897761466424118,0.0,-0.015944264308147205
2017-07-24,1.3582840813289867,25.81318157747488,0.0,-0.0032659150505689604
2017-07-25,1.3582840813289867,25.82624766950614,0.0,0.0005061790617342629
2017-07-26,1.3582840813289867,26.02751580279383,0.0,0.007793162052160287
2017-07-27,1.3582840813289867,26.004243638162038,0.0,-0.0008941369897966161
2017-07-28,1.3582840813289867,26.07261666114072,0.0,0.002629302506547128
2017-07-31,1.3577407676964552,25.976060913585506,-0.0004,-0.00370333936214099
2017-08-01,1.373565549444142,26.16762197078817,0.011655230603803203,0.007374522944026224
2017-08-02,1.373565549444142,26.071311553729522,0.0,-0.0036805185112411434
2017-08-03,1.373565549444142,26.127499898722473,0.0,0.0021551790701880387
2017-08-04,1.373565549444142,26.126110047028195,0.0,-5.319497463078225e-05
2017-08-07,1.373565549444142,26.183837007515162,0.0,0.002209550537108454
2017-08-08,1.373565549444142,26.24241377713217,0.0,0.002237134672057333
2017-08-09,1.373565549444142,26.152595276784215,0.0,-0.0034226462973549017
2017-08-10,1.373565549444142,25.94738947298961,0.0,-0.007846479541430734
2017-08-11,1.373565549444142,25.68919644954839,0.0,-0.009950635832170717
2017-08-14,1.373565549444142,25.90329170966951,0.0,0.008334058270043023
2017-08-15,1.373565549444142,25.69529414969282,0.0,-0.008029773293216032
2017-08-16,1.373565549444142,25.927469567495937,0.0,0.009035717452796337
2017-08-17,1.373565549444142,25.625712938818552,0.0,-0.011638491287853306
2017-08-18,1.373565549444142,25.65694645471755,0.0,0.0012188350027009436
2017-08-21,1.373565549444142,25.595306631043638,0.0,-0.002402461406804605
2017-08-22,1.373565549444142,25.66877411236603,0.0,0.002870349723932746
2017-08-23,1.373565549444142,25.6077481816369,0.0,-0.0023774384574030477
2017-08-24,1.373565549444142,25.58799133572289,0.0,-0.0007715182832115122
2017-08-25,1.373565549444142,25.615455585584677,0.0,0.001073325744934273
2017-08-28,1.373565549444142,25.54884218524287,0.0,-0.0026005159314555757
2017-08-29,1.373565549444142,25.336142643922457,0.0,-0.00832521253911335
2017-08-30,1.373565549444142,25.55492614794681,0.0,0.008635233354151839
2017-08-31,1.3724666970045867,25.878303904791757,-0.0008,0.012654223885163834
2017-09-01,1.3767983239053831,26.193284642390445,0.003156088894725295,0.012171614444189374
2017-09-04,1.3767983239053831,26.225603923922268,0.0,0.001233876620403582
2017-09-05,1.3767983239053831,26.27260003554534,0.0,0.0017919934945789349
2017-09-06,1.3767983239053831,26.1956672006051,0.0,-0.0029282535735387348
2017-09-07,1.3767983239053831,26.312421130597812,0.0,0.004456993940967981
2017-09-08,1.3767983239053831,26.19272839280924,0.0,-0.004548906282492826
2017-09-11,1.3767983239053831,26.34361600939991,0.0,0.005760668164378504
2017-09-12,1.3767983239053831,26.41184343124465,0.0,0.0025899034445535313
2017-09-13,1.3767983239053831,26.510071542513355,0.0,0.003719093350087857
2017-09-14,1.3767983239053831,26.564077978901615,0.0,0.002037204475350076
2017-09-15,1.3767983239053831,26.461017107070816,0.0,-0.0038797082252451593
2017-09-18,1.3767983239053831,26.580577519004464,0.0,0.004518360403527368
2017-09-19,1.3767983239053831,26.651641639623918,0.0,0.00267353561331187
2017-09-20,1.3767983239053831,26.69694891220737,0.0,0.0016999805563981325
2017-09-21,1.3767983239053831,26.83115142187666,0.0,0.005026885660627749
2017-09-22,1.3767983239053831,26.917454662449842,0.0,0.003216531382354979
2017-09-25,1.3767983239053831,26.990529813133257,0.0,0.002714786802830737
2017-09-26,1.3767983239053831,26.777479431695077,0.0,-0.007893523502992193
2017-09-27,1.3767983239053831,27.03209046139959,0.0,0.009508401653485887
2017-09-28,1.3767983239053831,27.207105019487138,0.0,0.006474325703276976
2017-09-29,1.3767983239053831,27.23492205012747,0.0,0.0010224178801973307
2017-10-02,1.3799997724624262,27.400131934754008,0.002325285048257464,0.00606610455217963
2017-10-03,1.3799997724624262,27.513153227537018,0.0,0.0041248448384168255
2017-10-04,1.3799997724624262,27.43743646466538,0.0,-0.0027520205425182816
2017-10-05,1.3799997724624262,27.668977708373514,0.0,0.008438880359916833
2017-10-06,1.3799997724624262,27.597526673773057,0.0,-0.0025823518076286594
2017-10-09,1.3799997724624262,27.622768857525614,0.0,0.0009146538402134781
2017-10-10,1.3799997724624262,27.690031823846635,0.0,0.0024350551774136174
2017-10-11,1.3799997724624262,27.769459864535722,0.0,0.002868470545443176
2017-10-12,1.3799997724624262,27.85418821885398,0.0,0.0030511344020219917
2017-10-13,1.3799997724624262,27.899541835078168,0.0,0.0016282512298631318
2017-10-16,1.3799997724624262,27.85996817176978,0.0,-0.0014184341643428266
2017-10-17,1.3799997724624262,27.83214141572263,0.0,-0.0009988078907908807
2017-10-18,1.3799997724624262,27.78771481777076,0.0,-0.0015962335520031026
2017-10-19,1.3799997724624262,27.71269440859203,0.0,-0.0026997689328074675
2017-10-20,1.3799997724624262,27.892506147525566,0.0,0.006488424989732875
2017-10-23,1.3799997724624262,27.655941950896572,0.0,-0.008481281509011231
2017-10-24,1.3799997724624262,27.506442882126674,0.0,-0.005405676257034895
2017-10-25,1.3799997724624262,27.60300886105066,0.0,0.0035106676402252676
2017-10-26,1.3799997724624262,27.61179041579625,0.0,0.00031813759107901036
2017-10-27,1.3799997724624262,27.886054260192285,0.0,0.00993285260629592
2017-10-30,1.3799997724624262,28.1459509009406,0.0,0.00931995033515084
2017-10-31,1.3799997724624262,28.080468420235523,0.0,-0.00232653289759306
2017-11-01,1.390950551060342,28.437999751083524,0.007935348118482378,0.01273238485545893
2017-11-02,1.390950551060342,28.256103879106846,0.0,-0.006396225950095089
2017-11-03,1.390950551060342,28.6651117340866,0.0,0.01447502658999579
2017-11-06,1.390950551060342,28.666488585553914,0.0,4.8032307708590274e-05
2017-11-07,1.390950551060342,28.600137496107667,0.0,-0.0023145872661810033
2017-11-08,1.390950551060342,28.662226183546796,0.0,0.0021709226904095126
2017-11-09,1.390950551060342,28.237867028759013,0.0,-0.014805519713307536
2017-11-10,1.390950551060342,28.127540776041556,0.0,-0.003907032092937253
2017-11-13,1.390950551060342,27.96403733703731,0.0,-0.005812930476435892
2017-11-14,1.390950551060342,27.85012146945896,0.0,-0.004073655967676581
2017-11-15,1.390950551060342,27.717962859503015,0.0,-0.004745351294100147
2017-11-16,1.390950551060342,28.089239129407183,0.0,0.013394789212544073
2017-11-17,1.390950551060342,27.926228759996793,0.0,-0.005803303131829264
2017-11-20,1.390950551060342,28.179195432258016,0.0,0.009058390033085539
2017-11-21,1.390950551060342,28.542112768431764,0.0,0.012878910508505903
2017-11-22,1.390950551060342,28.372565686564773,0.0,-0.00594024286998516
2017-11-23,1.390950551060342,28.191025848060228,0.0,-0.006398428697285956
2017-11-24,1.390950551060342,28.07419518265983,0.0,-0.00414425023161881
2017-11-27,1.390950551060342,27.71483204673335,0.0,-0.012800478645544315
2017-11-28,1.390950551060342,27.786536292020603,0.0,0.0025872155806806172
2017-11-29,1.390950551060342,27.707986224953142,0.0,-0.0028269110709569813
2017-11-30,1.390394170839918,27.64437248351547,-0.0004,-0.0022958630382306573
2017-12-01,1.3928362359571782,27.78356189582013,0.0017563833109175864,0.005034999886058561
2017-12-04,1.3928362359571782,27.813840379617464,0.0,0.0010897984898722243
2017-12-05,1.3928362359571782,27.51750689318154,0.0,-0.010654173691637459
2017-12-06,1.3928362359571782,27.313250929389312,0.0,-0.007422764154656761
2017-12-07,1.3928362359571782,27.368065737127385,0.0,0.002006894304884548
2017-12-08,1.3928362359571782,27.55153587646284,0.0,0.006703803662914903
2017-12-11,1.3928362359571782,27.64101005576724,0.0,0.0032475205631217487
2017-12-12,1.3928362359571782,27.890251316876423,0.0,0.009017082248670599
2017-12-13,1.3928362359571782,27.854026014451243,0.0,-0.001298851774894561
2017-12-14,1.3928362359571782,27.802191640934197,0.0,-0.0018609293137786954
2017-12-15,1.3928362359571782,27.596506434524752,0.0,-0.007398165190207722
2017-12-18,1.3928362359571782,27.933346732927433,0.0,0.012205903642254948
2017-12-19,1.3928362359571782,28.00378967872885,0.0,0.0025218226256568496
2017-12-20,1.3928362359571782,27.94189499366608,0.0,-0.0022102253221028666
2017-12-21,1.3928362359571782,28.109910864714003,0.0,0.006013044966563987
2017-12-22,1.3928362359571782,28.052142285118737,0.0,-0.0020550965057589106
2017-12-27,1.3928362359571782,28.420640895182572,0.0,0.0131362020881849
2017-12-28,1.3928362359571782,28.497492710009485,0.0,0.0027040845106326137
2017-12-29,1.3922791014627953,28.479611791831243,-0.0004,-0.0006274558383152109
2018-01-02,1.3947487023904035,28.52708046346586,0.0017737829469778093,0.0016667597852660968
2018-01-03,1.3947487023904035,28.51063833819832,0.0,-0.0005763690149995733
2018-01-04,1.3947487023904035,28.819038769370408,0.0,0.010817030033273597
2018-01-05,1.3947487023904035,29.020236242944385,0.0,0.006981408199770078
2018-01-08,1.3947487023904035,28.959128899872155,0.0,-0.0021056804142001125
2018-01-09,1.3947487023904035,29.09423291888441,0.0,0.004665334357237825
2018-01-10,1.3947487023904035,29.048648251250498,0.0,-0.001566793933388877
2018-01-11,1.3947487023904035,28.996197305846206,0.0,-0.0018056243082510124
2018-01-12,1.3947487023904035,29.12945374759197,0.0,0.0045956523312420785
2018-01-15,1.3947487023904035,29.10651337430364,0.0,-0.0007875318736531168
2018-01-16,1.3947487023904035,29.13720720208176,0.0,0.0010545346803792319
2018-01-17,1.3947487023904035,28.92656171677555,0.0,-0.007229432932445215
2018-01-18,1.3947487023904035,28.84983351749274,0.0,-0.0026525170891054444
2018-01-19,1.3947487023904035,28.960353673369937,0.0,0.0038308767296761095
2018-01-22,1.3947487023904035,29.056288597628868,0.0,0.00331262958114852
2018-01-23,1.3947487023904035,29.034213678078746,0.0,-0.000759729498003519
2018-01-24,1.3947487023904035,28.95834254316178,0.0,-0.0026131630688607725
2018-01-25,1.3947487023904035,28.69616833936371,0.0,-0.009053494805764822
2018-01-26,1.3947487023904035,28.41209256375501,0.0,-0.009899432295252461
2018-01-29,1.3947487023904035,28.271829821766133,0.0,-0.004936726912110976
2018-01-30,1.3947487023904035,27.963791102918734,0.0,-0.010895606007441501
2018-01-31,1.3941908029094474,28.01500190538766,-0.0004,0.0018313254551377265
2018-02-01,1.4127441261072964,28.245037500255094,0.013307592590003648,0.008211157566374926
2018-02-02,1.4127441261072964,28.095178824824398,0.0,-0.005305663886243505
2018-02-05,1.4127441261072964,27.76406975937034,0.0,-0.011785262785424848
2018-02-06,1.4127441261072964,27.17518102461306,0.0,-0.021210461573578622
2018-02-07,1.4127441261072964,27.57937875486946,0.0,0.014873782437375804
2018-02-08,1.4127441261072964,27.699961556971903,0.0,0.0043722087859267835
2018-02-09,1.4127441261072964,27.44080413712598,0.0,-0.009355876516756173
2018-02-12,1.4127441261072964,27.83125799979487,0.0,0.014228951189539934
2018-02-13,1.4127441261072964,27.870201060671977,0.0,0.001399256220376235
2018-02-14,1.4127441261072964,27.81666975492609,0.0,-0.001920736259826617
2018-02-15,1.4127441261072964,28.064145518095952,0.0,0.008896671145403157
2018-02-16,1.4127441261072964,28.184432906076047,0.0,0.004286158931955782
2018-02-19,1.4127441261072964,28.149752072169672,0.0,-0.001230496069299939
2018-02-20,1.4127441261072964,28.323202437756905,0.0,0.006161701358596076
2018-02-21,1.4127441261072964,28.390177675443496,0.0,0.002364677434826712
2018-02-22,1.4127441261072964,28.43817804132263,0.0,0.0016907384810294997
2018-02-23,1.4127441261072964,28.813117258257545,0.0,0.013184361402833213
2018-02-26,1.4127441261072964,28.713570638550436,0.0,-0.0034549062780972594
2018-02-27,1.4127441261072964,28.64969280988949,0.0,-0.002224656399061162
2018-02-28,1.4121790284568536,28.599792387911446,-0.0004,-0.001741743700680027
2018-03-01,1.4039110602992064,28.337726966676666,-0.005854759199109539,-0.009163193133721879
2018-03-02,1.4039110602992064,27.78880190962851,0.0,-0.019370821720939468
2018-03-05,1.4039110602992064,28.041722975885666,0.0,0.009101546265998775
2018-03-06,1.4039110602992064,28.648149810687748,0.0,0.021625876388679053
2018-03-07,1.4039110602992064,28.555805075316794,0.0,-0.0032234100973774385
2018-03-08,1.4039110602992064,28.716432598338468,0.0,0.005625039202992525
2018-03-09,1.4039110602992064,28.806965237564125,0.0,0.0031526422690433746
2018-03-12,1.4039110602992064,28.82963600666486,0.0,0.0007869891504979752
2018-03-13,1.4039110602992064,28.88624575193622,0.0,0.001963595560425092
2018-03-14,1.4039110602992064,28.64852155781815,0.0,-0.00822966737040009
2018-03-15,1.4039110602992064,28.593113397945537,0.0,-0.0019340669905352022
2018-03-16,1.4039110602992064,28.507285882332255,0.0,-0.003001684860923477
2018-03-19,1.4039110602992064,28.28651947649841,0.0,-0.0077442099098836755
2018-03-20,1.4039110602992064,28.49519894781053,0.0,0.0073773470605140385
2018-03-21,1.4039110602992064,28.66246153264577,0.0,0.00586985144906642
2018-03-22,1.4039110602992064,28.363399036435716,0.0,-0.010433943221151253
2018-03-23,1.4039110602992064,28.50037613665887,0.0,0.004829361249940128
2018-03-26,1.4039110602992064,28.45623092858451,0.0,-0.0015489342267864942
2018-03-27,1.4039110602992064,28.687512215723423,0.0,0.008127614922698215
2018-03-28,1.402787931450967,28.69858957487799,-0.0008,0.0003861387167792829
2018-04-03,1.408435453955308,28.764944425723954,0.004025927496039563,0.002312129335584126
2018-04-04,1.408435453955308,28.44906556582204,0.0,-0.01098138258940728
2018-04-05,1.408435453955308,28.90372700805876,0.0,0.01598159493797001
2018-04-06,1.408435453955308,28.673042538839375,0.0,-0.007981132300172361
2018-04-09,1.408435453955308,28.737856701974206,0.0,0.002260456421638348
2018-04-10,1.408435453955308,29.014877326419818,0.0,0.009639571500354197
2018-04-11,1.408435453955308,29.129478987411165,0.0,0.003949755144647747
2018-04-12,1.408435453955308,29.240876471971948,0.0,0.003824218229544355
2018-04-13,1.408435453955308,29.390071369487135,0.0,0.005102271734508122
2018-04-16,1.408435453955308,29.379768599810703,0.0,-0.0003505527273787908
2018-04-17,1.408435453955308,29.678120113210046,0.0,0.010154998749760965
2018-04-18,1.408435453955308,30.056754082289153,0.0,0.012758017274502945
2018-04-19,1.408435453955308,30.105679202256002,0.0,0.0016277579353013948
2018-04-20,1.408435453955308,30.01367039841828,0.0,-0.003056194255561792
2018-04-23,1.408435453955308,30.141149046054757,0.0,0.004247352821039709
2018-04-24,1.408435453955308,30.287346290049374,0.0,0.004850420392773743
2018-04-25,1.408435453955308,29.808932867707203,0.0,-0.015795818417388082
2018-04-26,1.408435453955308,30.350518087675198,0.0,0.018168554452169246
2018-04-27,1.408435453955308,30.28205204036682,0.0,-0.0022558444343717073
2018-04-30,1.4067453314105616,30.15345893439762,-0.0012000000000000001,-0.0042465122838368135
2018-05-02,1.424603802718364,30.45409699414571,0.012694885782841458,0.009970267769351712
2018-05-03,1.424603802718364,30.387529211629293,0.0,-0.002185839971850604
2018-05-04,1.424603802718364,30.37920550059824,0.0,-0.00027391865172997354
2018-05-07,1.424603802718364,30.777872606976324,0.0,0.0131230260900087
2018-05-08,1.424603802718364,30.899231606541107,0.0,0.003943060039090378
2018-05-09,1.424603802718364,30.97761820014678,0.0,0.002536846048594938
2018-05-11,1.424603802718364,31.049800816854756,0.0,0.002330153862753606
2018-05-14,1.424603802718364,31.06095953268527,0.0,0.0003593812371401282
2018-05-15,1.424603802718364,31.20297435492244,0.0,0.004572132489588002
2018-05-16,1.424603802718364,31.1987739517871,0.0,-0.00013461547247264893
2018-05-18,1.424603802718364,31.43669605328035,0.0,0.007626008055987061
2018-05-22,1.424603802718364,31.3131979630048,0.0,-0.003928469138940072
2018-05-23,1.424603802718364,31.17139028366234,0.0,-0.004528687217128092
2018-05-24,1.424603802718364,31.115798316702275,0.0,-0.00178342917830016
2018-05-25,1.424603802718364,30.951363647642584,0.0,-0.0052846038975457215
2018-05-28,1.424603802718364,31.313463376465194,0.0,0.011698991131532666
2018-05-29,1.424603802718364,31.264965277851793,0.0,-0.0015487938216969348
2018-05-30,1.424603802718364,31.318381129840255,0.0,0.0017084890871860992
2018-05-31,1.4240339611972768,31.613521416866405,-0.0004,0.009423867913304795
2018-06-01,1.4228666671304913,31.817158353190667,-0.0008197094301066964,0.0064414505944794575
2018-06-04,1.4228666671304913,31.90050591409246,0.0,0.0026195790326900233
2018-06-05,1.4228666671304913,31.778307392280478,0.0,-0.0038306139138062586
2018-06-06,1.4228666671304913,31.99326835716671,0.0,0.006764393151362305
2018-06-07,1.4228666671304913,32.257253571184776,0.0,0.008251273707674464
2018-06-08,1.4228666671304913,32.2437272835393,0.0,-0.00041932545855541403
2018-06-11,1.4228666671304913,32.426101305841335,0.0,0.005656108572632157
2018-06-12,1.4228666671304913,32.461598114636686,0.0,0.0010946986336885511
2018-06-13,1.4228666671304913,32.44123822869512,0.0,-0.0006271991252453044
2018-06-14,1.4228666671304913,32.54330167085593,0.0,0.0031461019287031267
2018-06-15,1.4228666671304913,32.35509970634304,0.0,-0.005783124478775145
2018-06-18,1.4228666671304913,32.172060076861456,0.0,-0.005657211108692763
2018-06-19,1.4228666671304913,32.01875641569532,0.0,-0.004765117956384485
2018-06-20,1.4228666671304913,31.93530011671829,0.0,-0.002606481585153623
2018-06-21,1.4228666671304913,31.53974568713295,0.0,-0.012386119063846485
2018-06-22,1.4228666671304913,31.794185323141388,0.0,0.008067269740613081
2018-06-25,1.4228666671304913,31.396557152070805,0.0,-0.012506317335364081
2018-06-26,1.4228666671304913,31.33919301821411,0.0,-0.0018270835741271741
2018-06-27,1.4228666671304913,31.654174235913835,0.0,0.01005071245825194
2018-06-28,1.4228666671304913,31.148346957552146,0.0,-0.015979796995866453
2018-06-29,1.4222975204636392,31.415567548063756,-0.0004,0.008578965390226534
2018-07-02,1.4078128191001746,31.174031138495792,-0.010184016462844527,-0.007688430559098745
2018-07-03,1.4078128191001746,31.286166597306213,0.0,0.003597079194289592
2018-07-04,1.4078128191001746,31.239947308682048,0.0,-0.00147730750203659
2018-07-05,1.4078128191001746,31.295016443354317,0.0,0.0017627793711726403
2018-07-06,1.4078128191001746,31.04676939340782,0.0,-0.007932478655054748
2018-07-09,1.4078128191001746,31.278229405474374,0.0,0.00745520440898749
2018-07-10,1.4078128191001746,31.791755449667928,0.0,0.016418002359931485
2018-07-11,1.4078128191001746,31.326651215061077,0.0,-0.014629712264338337
2018-07-12,1.4078128191001746,31.17560919724288,0.0,-0.00482151816296203
2018-07-13,1.4078128191001746,30.300660507236515,0.0,-0.028065167370770888
2018-07-16,1.4078128191001746,30.114278725429397,0.0,-0.006151079834137739
2018-07-17,1.4078128191001746,30.18617874429581,0.0,0.0023875723380913975
2018-07-18,1.4078128191001746,30.34251330185746,0.0,0.005179011192040631
2018-07-19,1.4078128191001746,30.441724951771416,0.0,0.00326972419611291
2018-07-20,1.4078128191001746,30.47895715768244,0.0,0.0012230649205987366
2018-07-23,1.4078128191001746,30.468832920008122,0.0,-0.00033217139359260905
2018-07-24,1.4078128191001746,30.663248423185145,0.0,0.006380799149328514
2018-07-25,1.4078128191001746,30.69570231467382,0.0,0.0010583970439393315
2018-07-26,1.4078128191001746,30.867790368148068,0.0,0.005606258873314095
2018-07-27,1.4078128191001746,31.239150826653557,0.0,0.012030678389234209
2018-07-30,1.4078128191001746,31.130162855046752,0.0,-0.0034888263196263306
2018-07-31,1.4078128191001746,31.19402789606151,0.0,0.0020515485676107317
2018-08-01,1.3937600047481213,31.162163181253007,-0.009982019030793633,-0.0010215004908848645
2018-08-02,1.3937600047481213,31.12272733868513,0.0,-0.0012655040132644457
2018-08-03,1.3937600047481213,31.135818656223087,0.0,0.0004206352931570706
2018-08-06,1.3937600047481213,31.06480914575421,0.0,-0.002280637334540823
2018-08-07,1.3937600047481213,31.37372571237881,0.0,0.009944260889393564
2018-08-08,1.3937600047481213,31.384696433527502,0.0,0.000349678621189851
2018-08-09,1.3937600047481213,31.53093454669818,0.0,0.004659535690600213
2018-08-10,1.3937600047481213,31.178005783300733,0.0,-0.011193095557467536
2018-08-13,1.3937600047481213,31.047733342821694,0.0,-0.004178344227160786
2018-08-14,1.3937600047481213,31.098915925460357,0.0,0.0016485126973205717
2018-08-15,1.3937600047481213,30.731332560832016,0.0,-0.01181981280342328
2018-08-16,1.3937600047481213,30.879552755292934,0.0,0.004823096888737874
2018-08-17,1.3937600047481213,31.152728256721197,0.0,0.008846485037949192
2018-08-20,1.3937600047481213,31.607659132707784,0.0,0.01460324348601586
2018-08-21,1.3937600047481213,31.77655535629676,0.0,0.005343522052039755
2018-08-22,1.3937600047481213,31.96265184830674,0.0,0.005856408598205867
2018-08-23,1.3937600047481213,31.93130296602146,0.0,-0.0009807972891004574
2018-08-24,1.3937600047481213,32.07420312188788,0.0,0.00447523723095417
2018-08-27,1.3937600047481213,32.21496556291206,0.0,0.004388649672425689
2018-08-28,1.3937600047481213,32.33346880146644,0.0,0.0036785151398953477
2018-08-29,1.3937600047481213,32.29375153164155,0.0,-0.0012283640233208503
2018-08-30,1.3937600047481213,32.28747375421122,0.0,-0.000194396040490268
2018-08-31,1.3937600047481213,32.06880968489814,0.0,-0.006772411833073723
2018-09-03,1.396104339118449,32.04990932330664,0.0016820215548883023,-0.0005893689780572345
2018-09-04,1.396104339118449,31.912217142532494,0.0,-0.004296180041733183
2018-09-05,1.396104339118449,31.709081102096672,0.0,-0.006365463092975874
2018-09-06,1.396104339118449,31.66583363248985,0.0,-0.0013638827775416206
2018-09-07,1.396104339118449,31.467787473981854,0.0,-0.006254253742582608
2018-09-10,1.396104339118449,31.702345832250735,0.0,0.007453919614234745
2018-09-11,1.396104339118449,31.74570296144107,0.0,0.0013676315759015012
2018-09-12,1.396104339118449,31.788972215108146,0.0,0.0013629956066695166
2018-09-13,1.396104339118449,31.671971189483813,0.0,-0.0036805538987740027
2018-09-14,1.396104339118449,31.71565762620301,0.0,0.0013793406308005528
2018-09-17,1.396104339118449,31.784705225837268,0.0,0.002177082387760728
2018-09-18,1.396104339118449,32.06476262643452,0.0,0.00881107433928941
2018-09-19,1.396104339118449,32.05260015232061,0.0,-0.000379309657009196
2018-09-20,1.396104339118449,32.24589632985877,0.0,0.006030592732557886
2018-09-21,1.396104339118449,32.520764370655925,0.0,0.008524124681956203
2018-09-24,1.396104339118449,32.63615908862802,0.0,0.0035483396594519815
2018-09-25,1.396104339118449,32.940602083994094,0.0,0.009328395370892792
2018-09-26,1.396104339118449,32.84909801206078,0.0,-0.0027778506203376915
2018-09-27,1.396104339118449,32.82215577468447,0.0,-0.0008201819534411348
2018-09-28,1.3955458973828017,32.78069884006174,-0.0004,-0.0012630777486806744
2018-10-01,1.420772303750923,32.85777498704238,0.018076371701877328,0.002351266132448996
2018-10-02,1.420772303750923,32.95089096615188,0.0,0.002833910060745737
2018-10-03,1.420772303750923,32.868416433727134,0.0,-0.0025029530312083528
2018-10-04,1.420772303750923,32.42102259306158,0.0,-0.013611663998709366
2018-10-05,1.420772303750923,32.27496853892739,0.0,-0.004504918181249697
2018-10-08,1.420772303750923,32.02069987008539,0.0,-0.00787820036246728
2018-10-09,1.420772303750923,32.07073422444701,0.0,0.0015625627973348821
2018-10-10,1.420772303750923,31.58682828065546,0.0,-0.015088707991682859
2018-10-11,1.420772303750923,30.921042801652884,0.0,-0.0210779465759251
2018-10-12,1.420772303750923,30.95196826437124,0.0,0.0010001429420323598
2018-10-15,1.420772303750923,30.59416395070393,0.0,-0.011559985801587236
2018-10-16,1.420772303750923,31.207862686099293,0.0,0.020059339957261505
2018-10-17,1.420772303750923,31.033158016487537,0.0,-0.005598097869405734
2018-10-18,1.420772303750923,30.70067939390418,0.0,-0.010713657385648964
2018-10-19,1.420772303750923,30.7614436139022,0.0,0.001979246752763536
2018-10-22,1.420772303750923,30.26072635258337,0.0,-0.016277430526457318
2018-10-23,1.420772303750923,29.54968395415776,0.0,-0.02349720195546155
2018-10-24,1.420772303750923,29.679802586341737,0.0,0.004403384902046166
2018-10-25,1.420772303750923,29.799150094422814,0.0,0.004021169201981071
2018-10-26,1.420772303750923,29.630966204118216,0.0,-0.005643915674496879
2018-10-29,1.420772303750923,29.856507723145786,0.0,0.007611682908815309
2018-10-30,1.420772303750923,29.691931731565006,0.0,-0.005512231809120587
2018-10-31,1.4202039948294227,30.408388822873295,-0.0004,0.02412968943164556
2018-11-01,1.4381880457481706,30.56856741868208,0.012663005444445142,0.005267579178292445
2018-11-02,1.4381880457481706,30.913555165473756,0.0,0.011285702141894898
2018-11-05,1.4381880457481706,30.839081006669772,0.0,-0.002409110126782271
2018-11-06,1.4381880457481706,30.896482668950267,0.0,0.0018613285612525583
2018-11-07,1.4381880457481706,31.190164780520988,0.0,0.009505357445294479
2018-11-08,1.4381880457481706,31.080227221045778,0.0,-0.0035247508388884428
2018-11-09,1.4381880457481706,31.00146354061393,0.0,-0.0025342054249370277
2018-11-12,1.4381880457481706,30.899364466845636,0.0,-0.003293363025733765
2018-11-13,1.4381880457481706,30.834989983286697,0.0,-0.00208335946935131
2018-11-14,1.4381880457481706,30.85510211991182,0.0,0.0006522504672782555
2018-11-15,1.4381880457481706,30.615171604546973,0.0,-0.007776040229340642
2018-11-16,1.4381880457481706,30.91356724551996,0.0,0.009746659101811809
2018-11-19,1.4381880457481706,30.772430914265136,0.0,-0.004565514233084138
2018-11-20,1.4381880457481706,29.764592765549622,0.0,-0.03275133354018874
2018-11-21,1.4381880457481706,30.31642886592901,0.0,0.01854001849533436
2018-11-22,1.4381880457481706,30.097501647839866,0.0,-0.007221405234017583
2018-11-23,1.4381880457481706,29.820036641573388,0.0,-0.009218871702807677
2018-11-26,1.4381880457481706,30.31074811710754,0.0,0.0164557636676418
2018-11-27,1.4381880457481706,30.62794754697648,0.0,0.010464915898592058
2018-11-28,1.4381880457481706,30.484610852533503,0.0,-0.00467993143266066
2018-11-29,1.4381880457481706,31.024186506816832,0.0,0.017699935777218012
2018-11-30,1.4376127705298714,31.052736928698266,-0.0004,0.0009202633524383746
2018-12-03,1.468938354462912,31.236199264907796,0.021790001156914363,0.0059080890882754105
2018-12-04,1.468938354462912,30.972266174876435,0.0,-0.008449590418891812
2018-12-05,1.468938354462912,30.651850174037694,0.0,-0.010345255301294326
2018-12-06,1.468938354462912,29.371306799227476,0.0,-0.04177703360610988
2018-12-07,1.468938354462912,29.753947560601784,0.0,0.013027706393519073
2018-12-10,1.468938354462912,29.088170267773343,0.0,-0.02237609955695483
2018-12-11,1.468938354462912,29.50369792837008,0.0,0.01428510823374476
2018-12-12,1.468938354462912,29.814336483956076,0.0,0.010528800706276811
2018-12-13,1.468938354462912,29.680101477830345,0.0,-0.004502364364136327
2018-12-14,1.468938354462912,29.46057956415414,0.0,-0.007396265603747204
2018-12-17,1.468938354462912,29.100630054408608,0.0,-0.012218005045070446
2018-12-18,1.468938354462912,28.88635122926923,0.0,-0.007363374082923503
2018-12-19,1.468938354462912,29.26887582304855,0.0,0.013242399178187855
2018-12-20,1.468938354462912,28.532231320154878,0.0,-0.025168185732421588
2018-12-21,1.468938354462912,28.511520781890926,0.0,-0.0007258646557138185
2018-12-27,1.468938354462912,27.86496923514935,0.0,-0.0226768523393614
2018-12-28,1.468938354462912,28.538074801016396,0.0,0.024155977355897414
2019-01-02,1.4742972024395056,28.68130197461657,0.0036481095073270355,0.00501880994421787
2019-01-03,1.4742972024395056,28.662913420893663,0.0,-0.0006411338557496538
2019-01-04,1.4742972024395056,29.2874365404268,0.0,0.021788542928713475
2019-01-07,1.4742972024395056,29.40678442954056,0.0,0.0040750541259907775
2019-01-08,1.4742972024395056,29.804759895823626,0.0,0.013533457465797483
2019-01-09,1.4742972024395056,30.143427368737413,0.0,0.011362865330823974
2019-01-10,1.4742972024395056,29.927394416165786,0.0,-0.00716683441232301
2019-01-11,1.4742972024395056,29.88966076209456,0.0,-0.0012608399363641942
2019-01-14,1.4742972024395056,29.62341223858712,0.0,-0.008907713126175304
2019-01-15,1.4742972024395056,29.650279322975127,0.0,0.0009069544106403565
2019-01-16,1.4742972024395056,29.78578241717663,0.0,0.004570044441251174
2019-01-17,1.4742972024395056,29.75113774088968,0.0,-0.001163127958222589
2019-01-18,1.4742972024395056,30.107996233925316,0.0,0.011994784742136897
2019-01-21,1.4742972024395056,30.182421662490967,0.0,0.002471948913085937
2019-01-22,1.4742972024395056,29.99378515698327,0.0,-0.006249879735201071
2019-01-23,1.4742972024395056,29.854009316429313,0.0,-0.004660160090578402
2019-01-24,1.4742972024395056,29.766447491476924,0.0,-0.002933000523457366
2019-01-25,1.4742972024395056,29.69716946267818,0.0,-0.0023273865253347578
2019-01-28,1.4742972024395056,29.38822251440608,0.0,-0.010403245624481647
2019-01-29,1.4742972024395056,29.46728215426248,0.0,0.0026901810688836902
2019-01-30,1.4742972024395056,29.557458891495827,0.0,0.003060232591566084
2019-01-31,1.4737074835585298,29.594315820028886,-0.0004,0.001246958632958146
2019-02-01,1.4792886556778069,29.7132902711223,0.00378716412961444,0.004020179139025609
2019-02-04,1.4792886556778069,29.721707718217722,0.0,0.0002832889598767448
2019-02-05,1.4792886556778069,30.118514482067845,0.0,0.013350739049455806
2019-02-06,1.4792886556778069,30.07733327547872,0.0,-0.0013673053700455813
2019-02-07,1.4792886556778069,29.952290387132958,0.0,-0.0041573794857573025
2019-02-08,1.4792886556778069,29.38401950473612,0.0,-0.018972535156809234
2019-02-11,1.4792886556778069,29.595183268189054,0.0,0.007186347103359918
2019-02-12,1.4792886556778069,30.443113843987824,0.0,0.02865096553432013
2019-02-13,1.4792886556778069,30.88528549574564,0.0,0.01452452117821533
2019-02-14,1.4792886556778069,30.815159363793263,0.0,-0.002270535331850366
2019-02-15,1.4792886556778069,31.30658643483601,0.0,0.015947575193141952
2019-02-18,1.4792886556778069,31.34407929844328,0.0,0.00119760305663832
2019-02-19,1.4792886556778069,31.296351849930293,0.0,-0.0015226942242759546
2019-02-20,1.4792886556778069,31.259965019686522,0.0,-0.0011626540504864474
2019-02-21,1.4792886556778069,31.483377747386434,0.0,0.007146928269408335
2019-02-22,1.4792886556778069,31.692247364224137,0.0,0.006634282335066179
2019-02-25,1.4792886556778069,31.79997321315316,0.0,0.003399123062841745
2019-02-26,1.4792886556778069,31.888912856501065,0.0,0.002796846486371305
2019-02-27,1.4792886556778069,31.714983868208137,0.0,-0.0054542150456995675
2019-02-28,1.4792886556778069,31.664492446653867,0.0,-0.0015920368039311118
2019-03-01,1.4751211982649681,31.832660886113064,-0.002817203658558021,0.005310946946094741
2019-03-04,1.4751211982649681,32.06544019798102,0.0,0.007312593587471795
2019-03-05,1.4751211982649681,32.085455111978845,0.0,0.0006241895908570364
2019-03-06,1.4751211982649681,32.20598266218516,0.0,0.0037564544366185254
2019-03-07,1.4751211982649681,31.93493895383477,0.0,-0.008415942813899471
2019-03-08,1.4751211982649681,31.7624551575852,0.0,-0.00540109992065151
2019-03-11,1.4751211982649681,31.866660626909727,0.0,0.0032807750158959834
2019-03-12,1.4751211982649681,32.02114061747669,0.0,0.004847699367548734
2019-03-13,1.4751211982649681,32.22631055846843,0.0,0.006407327691498825
2019-03-14,1.4751211982649681,32.38269978978512,0.0,0.0048528431770977765
2019-03-15,1.4751211982649681,32.42656104146986,0.0,0.0013544655624597214
2019-03-18,1.4751211982649681,32.67994368248878,0.0,0.007814046043762499
2019-03-19,1.4751211982649681,32.738713023918095,0.0,0.0017983305601840527
2019-03-20,1.4751211982649681,32.604085279728366,0.0,-0.004112188041459561
2019-03-21,1.4751211982649681,32.66933045753846,0.0,0.0020011350494980643
2019-03-22,1.4751211982649681,32.22231069899222,0.0,-0.01368316253457491
2019-03-25,1.4751211982649681,31.936843319856862,0.0,-0.008859308129763816
2019-03-26,1.4751211982649681,32.05481597480988,0.0,0.0036939359902130645
2019-03-27,1.4751211982649681,32.015135041816414,0.0,-0.001237908619554894
2019-03-28,1.4751211982649681,32.012734625002025,0.0,-7.497756330736294e-05
2019-03-29,1.4745311497856621,32.078874554834,-0.0004,0.002066050607882818
2019-04-01,1.4881084090168715,32.42689223347224,0.009207848361279459,0.010848811981958745
2019-04-02,1.4881084090168715,32.65482079278528,0.0,0.007028997958606874
2019-04-03,1.4881084090168715,32.97912027067839,0.0,0.009931136353526174
2019-04-04,1.4881084090168715,32.92800246572237,0.0,-0.0015500051103992385
2019-04-05,1.4881084090168715,33.185716625190196,0.0,0.007826595607677627
2019-04-08,1.4881084090168715,33.47843200193062,0.0,0.008820522999290476
2019-04-09,1.4881084090168715,33.266747104996405,0.0,-0.006323023041282387
2019-04-10,1.4881084090168715,33.4073502557892,0.0,0.0042265373993143245
2019-04-11,1.4881084090168715,33.30786629627886,0.0,-0.002977906321471912
2019-04-12,1.4881084090168715,33.47922483261589,0.0,0.00514468668790626
2019-04-15,1.4881084090168715,33.62827492893417,0.0,0.0044520175441181
2019-04-16,1.4881084090168715,33.781239571452375,0.0,0.004548691327207921
2019-04-17,1.4881084090168715,33.781239571452375,0.0,0.0
2019-04-23,1.4881084090168715,33.82672707778064,0.0,0.001346531592840321
2019-04-24,1.4881084090168715,33.96509391542133,0.0,0.004090458923871988
2019-04-25,1.4881084090168715,33.85038072248313,0.0,-0.003377384829962605
2019-04-26,1.4881084090168715,33.56955197710554,0.0,-0.00829617686370864
2019-04-29,1.4881084090168715,33.56566774125057,0.0,-0.00011570711034872745
2019-04-30,1.4881084090168715,33.56454088487109,0.0,-3.357169558394305e-05
2019-05-02,1.4845537453000275,33.37131727626665,-0.0023887128755575087,-0.005756777942150769
2019-05-03,1.4845537453000275,33.59823056880317,0.0,0.0067996504500555015
2019-05-06,1.4845537453000275,33.25564597381238,0.0,-0.010196507053823448
2019-05-07,1.4845537453000275,33.091432960587724,0.0,-0.004937898766241557
2019-05-08,1.4845537453000275,33.27168618258598,0.0,0.005447126518000445
2019-05-09,1.4845537453000275,32.90306257477913,0.0,-0.011079198264372592
2019-05-10,1.4845537453000275,33.21160243322556,0.0,0.009377238296441368
2019-05-13,1.4845537453000275,32.586627933182754,0.0,-0.018817956805889324
2019-05-14,1.4845537453000275,32.953234410319794,0.0,0.011250212138817975
2019-05-15,1.4845537453000275,33.127725261226296,0.0,0.005295105443484327
2019-05-16,1.4845537453000275,33.702865271481315,0.0,0.017361288942111027
2019-05-20,1.4845537453000275,33.53782476468574,0.0,-0.004896928064310066
2019-05-21,1.4845537453000275,33.90426402425114,0.0,0.010926148673519584
2019-05-22,1.4845537453000275,33.84383120359742,0.0,-0.0017824548738322084
2019-05-23,1.4845537453000275,33.123726037837024,0.0,-0.021277294565984307
2019-05-24,1.4845537453000275,33.28346066726724,0.0,0.004822362956623731
2019-05-27,1.4845537453000275,33.30508678396704,0.0,0.0006497556523942424
2019-05-28,1.4845537453000275,33.29101757729991,0.0,-0.0004224341692425175
2019-05-29,1.4845537453000275,32.594327565416,0.0,-0.0209272669501985
2019-05-31,1.4845537453000275,32.5194855817058,0.0,-0.0022961659067821335
2019-06-03,1.5119446461910608,32.867251006234014,0.018450595660649237,0.010694062907435789
2019-06-04,1.5119446461910608,32.751743659632545,0.0,-0.0035143598282545013
2019-06-05,1.5119446461910608,32.88989207525257,0.0,0.004218047657422767
2019-06-06,1.5119446461910608,32.81129909973417,0.0,-0.0023895783950452824
2019-06-07,1.5119446461910608,32.98915330280074,0.0,0.005420516954417263
2019-06-11,1.5119446461910608,33.27036363085012,0.0,0.008524326934620297
2019-06-12,1.5119446461910608,32.6415290974514,0.0,-0.018900741223508443
2019-06-13,1.5119446461910608,32.53644088528167,0.0,-0.0032194635201061167
2019-06-14,1.5119446461910608,32.36540803331004,0.0,-0.005256655224665313
2019-06-17,1.5119446461910608,32.26695260478763,0.0,-0.003041995590510674
2019-06-18,1.5119446461910608,32.596832207717725,0.0,0.010223450815778126
2019-06-19,1.5119446461910608,32.604912389813485,0.0,0.0002478824336139551
2019-06-20,1.5119446461910608,32.825610250599155,0.0,0.006768853053401289
2019-06-21,1.5119446461910608,32.85474310453772,0.0,0.0008875038031631912
2019-06-24,1.5119446461910608,32.749019303954256,0.0,-0.0032179159108646355
2019-06-25,1.5119446461910608,32.4906986598548,0.0,-0.007887889457143726
2019-06-26,1.5119446461910608,32.562209662811654,0.0,0.0022009684588657117
2019-06-27,1.5119446461910608,32.78152546248892,0.0,0.006735286147602752
2019-06-28,1.5119446461910608,32.818725364646944,0.0,0.0011347825225702889
2019-07-01,1.542548331523377,33.40862618874521,0.02024127365338009,0.01797451965437144
2019-07-02,1.542548331523377,33.29756227552129,0.0,-0.003324408270979342
2019-07-03,1.542548331523377,33.3377874252565,0.0,0.0012080508898028586
2019-07-04,1.542548331523377,33.67339939585158,0.0,0.010067013935688702
2019-07-05,1.542548331523377,33.470600244241496,0.0,-0.006022532778056001
2019-07-08,1.542548331523377,33.58605728297978,0.0,0.0034495060708732103
2019-07-09,1.542548331523377,33.32349816416947,0.0,-0.0078175034538324
2019-07-10,1.542548331523377,33.24635405416015,0.0,-0.002315006354652991
2019-07-11,1.542548331523377,33.00729115604399,0.0,-0.0071906500702818565
2019-07-12,1.542548331523377,33.063987428018244,0.0,0.0017176893343418497
2019-07-15,1.542548331523377,32.925053320173085,0.0,-0.004201976792654771
2019-07-16,1.542548331523377,32.849243004935396,0.0,-0.002302511540390989
2019-07-17,1.542548331523377,32.702974614949476,0.0,-0.004452717219813801
2019-07-18,1.542548331523377,32.38620292457076,0.0,-0.009686326522539446
2019-07-19,1.542548331523377,32.45568666730288,0.0,0.0021454735800287283
2019-07-22,1.542548331523377,32.61276435092895,0.0,0.004839758444683183
2019-07-23,1.542548331523377,33.04347603759647,0.0,0.01320684386128262
2019-07-24,1.542548331523377,32.914325397850405,0.0,-0.003908506465818394
2019-07-25,1.542548331523377,32.85824680479539,0.0,-0.0017037746445404168
2019-07-26,1.542548331523377,33.03153371112363,0.0,0.00527377213269165
2019-07-29,1.542548331523377,32.91666764342068,0.0,-0.003477466977691889
2019-07-30,1.542548331523377,32.36538472781241,0.0,-0.016747834913916557
2019-07-31,1.5419313121907676,32.56672592033462,-0.0004,0.006220880555428475
2019-08-01,1.5412921815098803,32.66506103871704,-0.0004145000985673606,0.0030194966059214345
2019-08-02,1.5412921815098803,32.14894148589093,0.0,-0.015800354764816452
2019-08-05,1.5412921815098803,31.300318018698402,0.0,-0.02639662234493659
2019-08-06,1.5412921815098803,31.506498585061568,0.0,0.006587171614039086
2019-08-07,1.5412921815098803,31.299498892374555,0.0,-0.0065700633832145765
2019-08-08,1.5412921815098803,31.753714526001676,0.0,0.014511913918780936
2019-08-09,1.5412921815098803,31.525189205534303,0.0,-0.007196805913218214
2019-08-12,1.5412921815098803,31.423270715031215,0.0,-0.003232922404957169
2019-08-13,1.5412921815098803,31.743244300143548,0.0,0.010182695111978732
2019-08-14,1.5412921815098803,30.845564631391607,0.0,-0.028279392624901978
2019-08-15,1.5412921815098803,30.5838972006923,0.0,-0.008483146080360882
2019-08-16,1.5412921815098803,31.049693956019595,0.0,0.015230130819193171
2019-08-19,1.5412921815098803,31.860564892942566,0.0,0.026115263424867603
2019-08-20,1.5412921815098803,31.798356046918,0.0,-0.0019525343079635309
2019-08-21,1.5412921815098803,32.07086212959797,0.0,0.008569816699891425
2019-08-22,1.5412921815098803,32.10244692113145,0.0,0.000984843856265863
2019-08-23,1.5412921815098803,31.972628637352283,0.0,-0.0040438750385011395
2019-08-26,1.5412921815098803,31.592213104262516,0.0,-0.011898162562878631
2019-08-27,1.5412921815098803,31.879490541215777,0.0,0.00909329890898015
2019-08-28,1.5412921815098803,31.991875647256936,0.0,0.00352531060356386
2019-08-29,1.5412921815098803,32.53238343875152,0.0,0.01689515792866403
2019-08-30,1.5406756646372766,32.82420212709814,-0.0004,0.008970098637132481
2019-09-02,1.5376359308400709,32.75069712694457,-0.0019729874800879844,-0.0022393537508986067
2019-09-03,1.5376359308400709,32.530398060179785,0.0,-0.0067265458781194986
2019-09-04,1.5376359308400709,32.83278578164733,0.0,0.00929554323030866
2019-09-05,1.5376359308400709,33.25865543194455,0.0,0.012970865558878775
2019-09-06,1.5376359308400709,33.18416285228177,0.0,-0.0022397952862286963
2019-09-09,1.5376359308400709,33.31873517705231,0.0,0.004055317754122036
2019-09-10,1.5376359308400709,33.493529999728416,0.0,0.005246142200394581
2019-09-11,1.5376359308400709,33.97150210842899,0.0,0.014270580279369005
2019-09-12,1.5376359308400709,33.88565621757031,0.0,-0.0025269972044417257
2019-09-13,1.5376359308400709,34.30597546816089,0.0,0.012404046357899393
2019-09-16,1.5376359308400709,34.52017679265295,0.0,0.0062438488213476945
2019-09-17,1.5376359308400709,34.21425245376948,0.0,-0.008862189226926914
2019-09-18,1.5376359308400709,34.4975423749221,0.0,0.008279880483590796
2019-09-19,1.5376359308400709,34.444510385127394,0.0,-0.001537268632598431
2019-09-20,1.5376359308400709,34.63170081569604,0.0,0.005434550483535902
2019-09-23,1.5376359308400709,34.3321202743816,0.0,-0.00865047151188901
2019-09-24,1.5376359308400709,34.120081031556985,0.0,-0.006176118489915765
2019-09-25,1.5376359308400709,33.705928785974834,0.0,-0.012138079191520934
2019-09-26,1.5376359308400709,33.845268072176815,0.0,0.004133969637411657
2019-09-27,1.5376359308400709,33.83694074569239,0.0,-0.00024604108517224205
2019-09-30,1.5364058220953989,34.027140497996015,-0.0008,0.005621068220472661
2019-10-01,1.557543778514088,34.15652843478258,0.013758055400922833,0.0038024922133608383
2019-10-02,1.557543778514088,33.433555469363235,0.0,-0.021166465052201305
2019-10-03,1.557543778514088,33.04427691332266,0.0,-0.011643349041871642
2019-10-04,1.557543778514088,33.66994329719638,0.0,0.01893418293022069
2019-10-07,1.557543778514088,34.10639587725837,0.0,0.012962676420614294
2019-10-08,1.557543778514088,33.67429015195754,0.0,-0.012669345856885256
2019-10-09,1.557543778514088,33.78840226215779,0.0,0.0033887012817584348
2019-10-10,1.557543778514088,33.87554585823621,0.0,0.002579097863293217
2019-10-11,1.557543778514088,34.17138476775461,0.0,0.008733111217054348
2019-10-14,1.557543778514088,33.81951584234876,0.0,-0.010297180749253435
2019-10-15,1.557543778514088,34.041688314412006,0.0,0.006569356968293703
2019-10-16,1.557543778514088,34.077721387982315,0.0,0.001058498428089356
2019-10-17,1.557543778514088,34.20906769840775,0.0,0.003854316106702782
2019-10-18,1.557543778514088,34.1025780000664,0.0,-0.0031129085212196115
2019-10-21,1.557543778514088,34.33918076694399,0.0,0.006937973043478605
2019-10-22,1.557543778514088,34.45464331837394,0.0,0.0033624142699728624
2019-10-23,1.557543778514088,34.2549076277356,0.0,-0.005797061626577056
2019-10-24,1.557543778514088,34.49481045244114,0.0,0.007003458520825216
2019-10-25,1.557543778514088,34.50807901605474,0.0,0.00038465390705337554
2019-10-28,1.557543778514088,34.92318637964227,0.0,0.012029280545996219
2019-10-29,1.557543778514088,34.7000046478846,0.0,-0.006390646298178708
2019-10-30,1.557543778514088,34.63997379180743,0.0,-0.001729995620644025
2019-10-31,1.5569207610026825,34.44751283117778,-0.0004,-0.005556036554368422
2019-11-01,1.5723666841068697,34.721769269756315,0.009920815169964013,0.00796157446613415
2019-11-04,1.5723666841068697,34.94286706771024,0.0,0.0063676996479125935
2019-11-05,1.5723666841068697,34.93842971209308,0.0,-0.00012698888183849955
2019-11-06,1.5723666841068697,34.947934331752236,0.0,0.0002720391196020198
2019-11-07,1.5723666841068697,35.25414145395815,0.0,0.008761808904044557
2019-11-08,1.5723666841068697,35.171484808458686,0.0,-0.0023445939140911884
2019-11-11,1.5723666841068697,35.08504831373224,0.0,-0.0024575730935777335
2019-11-12,1.5723666841068697,35.01894717279354,0.0,-0.0018840259345696507
2019-11-13,1.5723666841068697,34.931860303157116,0.0,-0.002486850024551323
2019-11-14,1.5723666841068697,35.06259669467558,0.0,0.0037426117699964484
2019-11-15,1.5723666841068697,34.9589708575257,0.0,-0.0029554524455860007
2019-11-18,1.5723666841068697,34.8756552178805,0.0,-0.0023832406275558493
2019-11-19,1.5723666841068697,35.03339219053195,0.0,0.004522838973662661
2019-11-20,1.5723666841068697,35.01992349106525,0.0,-0.00038445319235569375
2019-11-21,1.5723666841068697,35.03663304912359,0.0,0.0004771443336418907
2019-11-22,1.5723666841068697,35.364543922454246,0.0,0.009359086327470697
2019-11-25,1.5723666841068697,35.5133850062548,0.0,0.004208765822823072
2019-11-26,1.5723666841068697,35.41765297283817,0.0,-0.0026956606192221435
2019-11-27,1.5723666841068697,35.39373893917593,0.0,-0.0006752009705605725
2019-11-28,1.5723666841068697,35.334430028605524,0.0,-0.0016756893266441687
2019-11-29,1.571737737433227,35.309281939492195,-0.0004,-0.0007117162804938052
2019-12-02,1.5325546598409032,34.8744365227795,-0.024929781005521283,-0.012315328798185985
2019-12-03,1.5325546598409032,34.655774100751565,0.0,-0.006269991541945292
2019-12-04,1.5325546598409032,35.13706052792145,0.0,0.013887625934157035
2019-12-05,1.5325546598409032,35.16176824987071,0.0,0.0007031812444762697
2019-12-06,1.5325546598409032,35.46809953974208,0.0,0.008712055881105796
2019-12-09,1.5325546598409032,35.535623741354954,0.0,0.001903800950406584
2019-12-10,1.5325546598409032,35.47804336749385,0.0,-0.001620356357896054
2019-12-11,1.5325546598409032,35.39583752938352,0.0,-0.00231709052437896
2019-12-12,1.5325546598409032,35.687279269906135,0.0,0.008233785689649947
2019-12-13,1.5325546598409032,35.934266894013454,0.0,0.006920886914335164
2019-12-16,1.5325546598409032,36.053658815283626,0.0,0.0033225088916469295
2019-12-17,1.5325546598409032,36.014802789034036,0.0,-0.0010777276849671575
2019-12-18,1.5325546598409032,36.015303478042355,0.0,1.3902311537125622e-05
2019-12-19,1.5325546598409032,36.23092109546126,0.0,0.005986833279091168
2019-12-20,1.5325546598409032,36.46621715829888,0.0,0.006494343939467124
2019-12-23,1.5325546598409032,36.83846931914943,0.0,0.010208137554674432
2019-12-27,1.5325546598409032,36.707946868477144,0.0,-0.003543101900937031
2019-12-30,1.5307155942490942,36.65196468715281,-0.0012000000000000001,-0.0015250698036835542
2020-01-02,1.5464359997836306,36.99990697744535,0.010269971504568143,0.009493141589064585
2020-01-03,1.5464359997836306,37.04583863154501,0.0,0.001241399177777991
2020-01-06,1.5464359997836306,36.88806639350094,0.0,-0.004258838343849015
2020-01-07,1.5464359997836306,36.687659476483745,0.0,-0.005432838763608954
2020-01-08,1.5464359997836306,36.77549228767293,0.0,0.0023940696256595693
2020-01-09,1.5464359997836306,36.77237694925737,0.0,-8.471235112747037e-05
2020-01-10,1.5464359997836306,36.8618294592824,0.0,0.002432600703198113
2020-01-13,1.5464359997836306,36.93363038291438,0.0,0.0019478393960695218
2020-01-14,1.5464359997836306,36.81994447638552,0.0,-0.0030781135065846613
2020-01-15,1.5464359997836306,36.77117242741708,0.0,-0.0013246095197054636
2020-01-16,1.5464359997836306,36.83653334890702,0.0,0.0017775044192283272
2020-01-17,1.5464359997836306,37.18164945207968,0.0,0.009368854009789804
2020-01-20,1.5464359997836306,37.2957873232899,0.0,0.003069736627938404
2020-01-21,1.5464359997836306,37.11844967349623,0.0,-0.004754897604291393
2020-01-22,1.5464359997836306,36.91503218862456,0.0,-0.005480225781544982
2020-01-23,1.5464359997836306,36.344477740926465,0.0,-0.015455883792345993
2020-01-24,1.5464359997836306,36.57838572831826,0.0,0.006435860464391661
2020-01-27,1.5464359997836306,35.80022260742129,0.0,-0.021273850811150876
2020-01-28,1.5464359997836306,35.81462669785293,0.0,0.00040234639291471713
2020-01-29,1.5464359997836306,35.83203453289432,0.0,0.0004860537899291732
2020-01-30,1.5464359997836306,35.40706622700712,0.0,-0.011860010502531451
2020-01-31,1.5458174253837171,35.28909602891191,-0.0004,-0.0033318264026411574
2020-02-03,1.5471291917594978,35.11950231792375,0.000848590754794265,-0.004805838915488826
2020-02-04,1.5471291917594978,35.383100044310645,0.0,0.007505736385460264
2020-02-05,1.5471291917594978,35.97221203532629,0.0,0.016649530150775194
2020-02-06,1.5471291917594978,35.960418122821714,0.0,-0.00032786175320521915
2020-02-07,1.5471291917594978,35.54693566169836,0.0,-0.011498266224578238
2020-02-10,1.5471291917594978,35.26742936655451,0.0,-0.007863020818557368
2020-02-11,1.5471291917594978,35.92512675189303,0.0,0.018648860922147112
2020-02-12,1.5471291917594978,36.19777395490423,0.0,0.007589317774552462
2020-02-13,1.5471291917594978,35.925560855753226,0.0,-0.007520161308541574
2020-02-14,1.5471291917594978,36.000484279664505,0.0,0.0020855185591145456
2020-02-17,1.5471291917594978,35.99557324917351,0.0,-0.00013641567854600725
2020-02-18,1.5471291917594978,35.981796409286744,0.0,-0.0003827370602323271
2020-02-19,1.5471291917594978,36.221198609688464,0.0,0.0066534254621020235
2020-02-20,1.5471291917594978,36.65331312071454,0.0,0.011929878844774006
2020-02-21,1.5471291917594978,36.41994718593898,0.0,-0.006366844219702471
2020-02-24,1.5471291917594978,34.80575366513726,0.0,-0.04432168757852912
2020-02-25,1.5471291917594978,34.55991141290132,0.0,-0.007063264729192918
2020-02-26,1.5471291917594978,34.32113958724472,0.0,-0.006908924701915305
2020-02-27,1.5471291917594978,32.6196678770815,0.0,-0.0495750354045811
2020-02-28,1.5471291917594978,32.413501307659466,0.0,-0.006320314792870041
2020-03-02,1.5438277231595159,32.34223543879955,-0.0021339320708099185,-0.002198647661771543
2020-03-03,1.5438277231595159,33.39544649501145,0.0,0.03256457205021796
2020-03-04,1.5438277231595159,33.20115518890249,0.0,-0.005817898141831405
2020-03-05,1.5438277231595159,32.476985488474014,0.0,-0.021811581443724342
2020-03-06,1.5438277231595159,31.13211138931196,0.0,-0.04141006558750187
2020-03-09,1.5438277231595159,28.93453242753389,0.0,-0.07058881854484583
2020-03-10,1.5438277231595159,29.226058710852787,0.0,0.010075375644967424
2020-03-11,1.5438277231595159,28.182845262371785,0.0,-0.03569463329975492
2020-03-12,1.5438277231595159,25.71008119427174,0.0,-0.08774004345833537
2020-03-13,1.5438277231595159,26.49368934074624,0.0,0.030478633674991627
2020-03-16,1.5438277231595159,24.93076106920005,0.0,-0.058992473696083854
2020-03-17,1.5438277231595159,24.828430491726895,0.0,-0.004104590998610713
2020-03-18,1.5438277231595159,24.050399734316027,0.0,-0.031336284332193966
2020-03-19,1.5438277231595159,24.941021888573477,0.0,0.037031490706854055
2020-03-20,1.5438277231595159,25.41789003908048,0.0,0.01911983208376367
2020-03-23,1.5438277231595159,24.309407178954093,0.0,-0.04361034131558805
2020-03-24,1.5438277231595159,25.836118651243375,0.0,0.0628033197621962
2020-03-25,1.5438277231595159,26.449195779648367,0.0,0.02372945939290656
2020-03-26,1.5438277231595159,26.700225209781955,0.0,0.009491004271923514
2020-03-27,1.5438277231595159,26.051593636506723,0.0,-0.02429311244302153
2020-03-30,1.5438277231595159,26.877061674606686,0.0,0.03168589413828475
2020-03-31,1.5419751298917246,27.910711033749106,-0.0012000000000000001,0.0384584212238873
2020-04-01,1.6009320434761842,28.338663746509884,0.038234672169193434,0.015332920477851878
2020-04-02,1.6009320434761842,28.236838447343963,0.0,-0.0035931580993638587
2020-04-03,1.6009320434761842,28.086494549943886,0.0,-0.005324388482104213
2020-04-06,1.6009320434761842,28.95149657599075,0.0,0.030797792316470892
2020-04-07,1.6009320434761842,29.479676572832687,0.0,0.018243616369039553
2020-04-08,1.6009320434761842,29.074069042840794,0.0,-0.01375888670249809
2020-04-14,1.6009320434761842,30.170691006481384,0.0,0.03771821419371016
2020-04-15,1.6009320434761842,29.20376764983022,0.0,-0.032048432581257356
2020-04-16,1.6009320434761842,29.03908309364431,0.0,-0.0056391544461169936
2020-04-17,1.6009320434761842,30.117308027239744,0.0,0.03713013011183606
2020-04-20,1.6009320434761842,29.990758809527076,0.0,-0.004201876794506625
2020-04-21,1.6009320434761842,29.46096024935681,0.0,-0.017665393647924802
2020-04-22,1.6009320434761842,29.862617344026024,0.0,0.013633537103665369
2020-04-23,1.6009320434761842,30.415506919953568,0.0,0.018514437952912674
2020-04-24,1.6009320434761842,30.0688546680273,0.0,-0.011397220925450138
2020-04-27,1.6009320434761842,30.30028472014359,0.0,0.007696670015249124
2020-04-28,1.6009320434761842,30.639768522992053,0.0,0.011203980622095372
2020-04-29,1.6009320434761842,31.10160613643562,0.0,0.015073143032951033
2020-04-30,1.6002916706587937,31.168350563420955,-0.0004,0.0021460122249809116
2020-05-04,1.5925741679281318,30.220541019767737,-0.00482256008211608,-0.030409358420318954
2020-05-05,1.5925741679281318,30.32917808731749,0.0,0.003594808824855004
2020-05-06,1.5925741679281318,29.99680051049397,0.0,-0.010959003764183966
2020-05-07,1.5925741679281318,30.311314266612737,0.0,0.010484910082618315
2020-05-08,1.5925741679281318,31.010598010709135,0.0,0.023070056875318226
2020-05-11,1.5925741679281318,30.771838986416082,0.0,-0.0076992718492755975
2020-05-12,1.5925741679281318,30.92916319852855,0.0,0.005112603513294035
2020-05-13,1.5925741679281318,30.33934855146522,0.0,-0.019069854663620146
2020-05-14,1.5925741679281318,29.500896540320618,0.0,-0.027635794806942587
2020-05-15,1.5925741679281318,30.03487850605174,0.0,0.01810053348722121
2020-05-18,1.5925741679281318,30.663403546874072,0.0,0.02092650518615191
2020-05-19,1.5925741679281318,31.14055986438232,0.0,0.015561100931892122
2020-05-20,1.5925741679281318,31.34384207077514,0.0,0.006527891832327844
2020-05-22,1.5925741679281318,31.005449328433073,0.0,-0.010796147504124226
2020-05-25,1.5925741679281318,31.65649791273065,0.0,0.020997876128198534
2020-05-26,1.5925741679281318,32.2449235527462,0.0,0.01858783121360102
2020-05-27,1.5925741679281318,32.359736072269655,0.0,0.003560638602093149
2020-05-28,1.5925741679281318,32.41923626596799,0.0,0.0018387107226539485
2020-05-29,1.5919371382609606,31.990987300668458,-0.0004,-0.013209717890519404
2020-06-02,1.6118921726122837,32.65330403322897,0.012535064275918443,0.020703228891803382
2020-06-03,1.6118921726122837,33.20799058207618,0.0,0.016987149241704348
2020-06-04,1.6118921726122837,33.29888549314443,0.0,0.0027371397508560943
2020-06-05,1.6118921726122837,34.0036253342529,0.0,0.021164066925109637
2020-06-08,1.6118921726122837,34.37618579365491,0.0,0.010956492307504525
2020-06-09,1.6118921726122837,33.73332880192057,0.0,-0.01870064921085572
2020-06-10,1.6118921726122837,33.643151638405314,0.0,-0.0026732364316836474
2020-06-11,1.6118921726122837,32.532365390825674,0.0,-0.03301671197509388
2020-06-12,1.6118921726122837,32.77180433012027,0.0,0.007360022439749152
2020-06-15,1.6118921726122837,32.22036753014357,0.0,-0.016826562078240005
2020-06-16,1.6118921726122837,33.482854709052596,0.0,0.039182891930947664
2020-06-17,1.6118921726122837,33.33093724465029,0.0,-0.0045371718069554074
2020-06-18,1.6118921726122837,33.214728473984756,0.0,-0.003486513739849655
2020-06-19,1.6118921726122837,33.25422384919505,0.0,0.0011890922197732347
2020-06-22,1.6118921726122837,32.79336103277665,0.0,-0.013858775309517726
2020-06-23,1.6118921726122837,33.01553910797347,0.0,0.0067750931346971755
2020-06-24,1.6118921726122837,32.60366239044105,0.0,-0.012475238286596533
2020-06-25,1.6118921726122837,32.26314885891458,0.0,-0.010444027037474981
2020-06-26,1.6118921726122837,31.95889946307488,0.0,-0.009430244926500303
2020-06-29,1.6118921726122837,32.004376454030236,0.0,0.0014229836358384262
2020-06-30,1.6112474157432388,32.07760214034023,-0.0004,0.0022879897821216724
2020-07-01,1.6164066856325352,32.43059148802574,0.0032020345471998066,0.011004231118684366
2020-07-02,1.6164066856325352,32.61355321197724,0.0,0.005641640055163775
2020-07-03,1.6164066856325352,32.47237513266461,0.0,-0.004328816256082886
2020-07-06,1.6164066856325352,32.74729764983289,0.0,0.008466350737976394
2020-07-07,1.6164066856325352,32.277677053148594,0.0,-0.0143407435235099
2020-07-08,1.6164066856325352,32.138899207708455,0.0,-0.004299499161963409
2020-07-09,1.6164066856325352,31.832537369197855,0.0,-0.009532430981242785
2020-07-10,1.6164066856325352,32.68280674448059,0.0,0.026710700608663318
2020-07-13,1.6164066856325352,33.42802218754735,0.0,0.022801451812048245
2020-07-14,1.6164066856325352,33.95024273418452,0.0,0.015622238842228306
2020-07-15,1.6164066856325352,34.37430932168012,0.0,0.012490826378351827
2020-07-16,1.6164066856325352,34.438408097791324,0.0,0.0018647291356853845
2020-07-17,1.6164066856325352,34.52446783097906,0.0,0.00249894632014816
2020-07-20,1.6164066856325352,34.626921185574666,0.0,0.0029675578229672317
2020-07-21,1.6164066856325352,34.862175747130685,0.0,0.0067939786010781196
2020-07-22,1.6164066856325352,34.759218211562825,0.0,-0.002953273378995406
2020-07-23,1.6164066856325352,34.56376107460627,0.0,-0.005623174139501784
2020-07-24,1.6164066856325352,34.37663353481758,0.0,-0.005413980827629612
2020-07-27,1.6164066856325352,34.32978416455852,0.0,-0.001362826008300409
2020-07-28,1.6164066856325352,34.45338644603168,0.0,0.0036004386418707853
2020-07-29,1.6164066856325352,34.52601050931373,0.0,0.0021078933240947
2020-07-30,1.6164066856325352,33.74090063717996,0.0,-0.022739663823075625
2020-07-31,1.6164066856325352,34.06405820569853,0.0,0.00957762129688021
2020-08-03,1.6627736925415266,34.63597270936535,0.028685235789436984,0.016789382527861788
2020-08-04,1.6627736925415266,34.87166670959903,0.0,0.0068048904591600096
2020-08-05,1.6627736925415266,34.94492242190698,0.0,0.0021007230000791625
2020-08-06,1.6627736925415266,34.782897953374494,0.0,-0.004636566840134457
2020-08-07,1.6627736925415266,34.64647297262563,0.0,-0.003922185579008766
2020-08-10,1.6627736925415266,34.65620781603123,0.0,0.0002809764622589324
2020-08-11,1.6627736925415266,35.17818395496302,0.0,0.01506154804076211
2020-08-12,1.6627736925415266,35.32493871092737,0.0,0.004171754748688329
2020-08-13,1.6627736925415266,35.51705713474457,0.0,0.0054386060055009915
2020-08-14,1.6627736925415266,35.30442673505329,0.0,-0.005986712212236424
2020-08-17,1.6627736925415266,35.332592805989364,0.0,0.0007978056448119478
2020-08-18,1.6627736925415266,35.10764780348953,0.0,-0.006366501426459327
2020-08-19,1.6627736925415266,35.165403128031414,0.0,0.0016450923988177064
2020-08-20,1.6627736925415266,34.86353284285763,0.0,-0.008584297585747141
2020-08-21,1.6627736925415266,34.70366853531631,0.0,-0.0045854305202483415
2020-08-24,1.6627736925415266,34.955165206107786,0.0,0.007246976513031693
2020-08-25,1.6627736925415266,34.80817923701291,0.0,-0.004204985678888944
2020-08-26,1.6627736925415266,35.050079873130066,0.0,0.006949534316921076
2020-08-27,1.6627736925415266,34.77211428688316,0.0,-0.007930526471068034
2020-08-28,1.6627736925415266,34.64855569910047,0.0,-0.0035533815045954106
2020-08-31,1.6627736925415266,34.67238551332965,0.0,0.0006877577938927034
2020-09-01,1.654950611507571,34.59881313408597,-0.004704838108184206,-0.0021219301226155923
2020-09-02,1.654950611507571,34.73613735646872,0.0,0.003969044309426221
2020-09-03,1.654950611507571,34.684292073987486,0.0,-0.001492545988898683
2020-09-04,1.654950611507571,34.69053464660561,0.0,0.00017998270239463765
2020-09-07,1.654950611507571,34.979311905076266,0.0,0.008324381892998741
2020-09-08,1.654950611507571,34.34103819422792,0.0,-0.01824717743391965
2020-09-09,1.654950611507571,34.99228895195895,0.0,0.01896421284783668
2020-09-10,1.654950611507571,34.856753427936404,0.0,-0.0038732968914558193
2020-09-11,1.654950611507571,35.2922438396837,0.0,0.012493716967864846
2020-09-14,1.654950611507571,35.304150333424886,0.0,0.00033736856730546644
2020-09-15,1.654950611507571,35.49410544946315,0.0,0.005380532153989329
2020-09-16,1.654950611507571,35.68430751208591,0.0,0.005358694358238454
2020-09-17,1.654950611507571,35.69206139849337,0.0,0.00021729121140542929
2020-09-18,1.654950611507571,36.009945200344276,0.0,0.008906288664636192
2020-09-21,1.654950611507571,34.8803996785022,0.0,-0.03136759902181894
2020-09-22,1.654950611507571,35.0290622398164,0.0,0.0042620658789589705
2020-09-23,1.654950611507571,34.89255464528013,0.0,-0.0038969811296034793
2020-09-24,1.654950611507571,34.822157576543816,0.0,-0.002017538396141378
2020-09-25,1.654950611507571,34.8453740291064,0.0,0.0006667149360734675
2020-09-28,1.654950611507571,35.35963928107589,0.0,0.01475849424201701
2020-09-29,1.654950611507571,35.2224966708956,0.0,-0.003878507048393043
2020-09-30,1.6536266510183648,35.446785656788755,-0.0008,0.006367776480719488
2020-10-01,1.6780530719274596,35.400328735320755,0.014771424307930681,-0.001310610274167535
2020-10-02,1.6780530719274596,35.275447422855216,0.0,-0.003527687931918493
2020-10-05,1.6780530719274596,35.919839716777965,0.0,0.018267444951109046
2020-10-06,1.6780530719274596,36.05803569225164,0.0,0.003847343879129934
2020-10-07,1.6780530719274596,35.94761939138603,0.0,-0.0030621829155641164
2020-10-08,1.6780530719274596,36.2859438554535,0.0,0.009411595810668574
2020-10-09,1.6780530719274596,36.173441292206974,0.0,-0.0031004447257784126
2020-10-12,1.6780530719274596,36.386405661241255,0.0,0.005887312940838681
2020-10-13,1.6780530719274596,36.361161490668295,0.0,-0.0006937802762929518
2020-10-14,1.6780530719274596,36.34603572927299,0.0,-0.00041598675001573254
2020-10-15,1.6780530719274596,35.81421764322147,0.0,-0.014632079548174706
2020-10-16,1.6780530719274596,36.19432415967276,0.0,0.010613285490077859
2020-10-19,1.6780530719274596,36.19153115637965,0.0,-7.716688618889893e-05
2020-10-20,1.6780530719274596,36.021481269985685,0.0,-0.004698609894651702
2020-10-21,1.6780530719274596,35.62841734546086,0.0,-0.010911931177364928
2020-10-22,1.6780530719274596,35.340757319809406,0.0,-0.008073892894602641
2020-10-23,1.6780530719274596,35.954925577048904,0.0,0.017378469048688113
2020-10-26,1.6780530719274596,34.73813412130374,0.0,-0.03384213529068956
2020-10-27,1.6780530719274596,34.66353873546968,0.0,-0.00214736305564305
2020-10-28,1.6780530719274596,33.419220959062145,0.0,-0.03589702095632482
2020-10-29,1.6780530719274596,33.938528591607536,0.0,0.015539190251667653
2020-10-30,1.6773818506986886,34.202875431333446,-0.0004,0.0077889894080817685
2020-11-02,1.6873839862440145,34.793987715586525,0.00596294489603515,0.01728253185729391
2020-11-03,1.6873839862440145,34.98748242621979,0.0,0.005561153616967717
2020-11-04,1.6873839862440145,35.41067616403423,0.0,0.012095575573545509
2020-11-05,1.6873839862440145,35.778059782359804,0.0,0.010374939372061959
2020-11-06,1.6873839862440145,36.04158411938181,0.0,0.007365529003669889
2020-11-09,1.6873839862440145,37.66577315088249,0.0,0.04506430755431892
2020-11-10,1.6873839862440145,37.403428757354504,0.0,-0.006965060626183785
2020-11-11,1.6873839862440145,37.916709385605074,0.0,0.013722822888253078
2020-11-12,1.6873839862440145,38.151619270345336,0.0,0.006195418551522558
2020-11-13,1.6873839862440145,38.326048364930664,0.0,0.004571997150351961
2020-11-16,1.6873839862440145,39.150649585430905,0.0,0.02151542503543816
2020-11-17,1.6873839862440145,39.14552615596938,0.0,-0.0001308644815801683
2020-11-18,1.6873839862440145,39.6692032881397,0.0,0.013377700687527075
2020-11-19,1.6873839862440145,39.43985032647546,0.0,-0.005781637710198476
2020-11-20,1.6873839862440145,39.7772990486425,0.0,0.008556034553217198
2020-11-23,1.6873839862440145,40.170712372355204,0.0,0.009890398119580937
2020-11-24,1.6873839862440145,40.523771408953806,0.0,0.008788966282847832
2020-11-25,1.6873839862440145,40.346296016942304,0.0,-0.004379537882110536
2020-11-26,1.6873839862440145,40.36034134104736,0.0,0.0003481192944986694
2020-11-27,1.6873839862440145,40.72634229266165,0.0,0.009068331422709117
2020-11-30,1.686709032649517,40.23791661458701,-0.0004,-0.01199286875714955
2020-12-01,1.6783193806756578,40.4259475009474,-0.004973977023577447,0.004672977683248887
2020-12-02,1.6783193806756578,40.23214752653913,0.0,-0.004793950083760605
2020-12-03,1.6783193806756578,40.23896324045319,0.0,0.00016940964708798503
2020-12-04,1.6783193806756578,40.745632240678624,0.0,0.012591502350539302
2020-12-07,1.6783193806756578,40.59222587231707,0.0,-0.0037649770030663138
2020-12-08,1.6783193806756578,40.55911243155687,0.0,-0.0008157581913433807
2020-12-09,1.6783193806756578,40.725853101979915,0.0,0.004111053236296093
2020-12-10,1.6783193806756578,40.897446479637466,0.0,0.004213377120127436
2020-12-11,1.6783193806756578,40.85036952862151,0.0,-0.0011510975639858062
2020-12-14,1.6783193806756578,40.97109383672671,0.0,0.0029552806865214922
2020-12-15,1.6783193806756578,40.871843060791825,0.0,-0.0024224585345563043
2020-12-16,1.6783193806756578,41.114187954017346,0.0,0.00592938500143142
2020-12-17,1.6783193806756578,41.11979344028623,0.0,0.00013633946206473754
2020-12-18,1.6783193806756578,41.316033986862344,0.0,0.004772410806515623
2020-12-21,1.6783193806756578,40.376285760461094,0.0,-0.022745363862854567
2020-12-22,1.6783193806756578,40.7995558764751,0.0,0.010483136525363507
2020-12-23,1.6783193806756578,41.33273463733389,0.0,0.013068249136658475
2020-12-28,1.6783193806756578,41.8833547500965,0.0,0.013321647299505227
2020-12-29,1.6783193806756578,42.12424171913896,0.0,0.0057513771396716
2020-12-30,1.6769767251711172,42.31974277252435,-0.0008,0.004641058103523503
2021-01-04,1.6844996839030153,41.95782058313831,0.004486024533900679,-0.008552088592112502
2021-01-05,1.6844996839030153,41.77670480940143,0.0,-0.004316615382298106
2021-01-06,1.6844996839030153,42.11807477062904,0.0,0.0081712993589382
2021-01-07,1.6844996839030153,42.39730620396838,0.0,0.006629729275613815
2021-01-08,1.6844996839030153,42.70767691184282,0.0,0.007320528959582476
2021-01-11,1.6844996839030153,42.413220302862435,0.0,-0.006894699741880205
2021-01-12,1.6844996839030153,42.86314498555098,0.0,0.010608123586837834
2021-01-13,1.6844996839030153,42.56833347501817,0.0,-0.0068779719881074215
2021-01-14,1.6844996839030153,42.82505513690231,0.0,0.0060308130698797134
2021-01-15,1.6844996839030153,42.324589339279,0.0,-0.011686284956865356
2021-01-18,1.6844996839030153,42.59146755552555,0.0,0.006305512242711068
2021-01-19,1.6844996839030153,42.9622558453467,0.0,0.008705694147255147
2021-01-20,1.6844996839030153,43.011448464765046,0.0,0.0011450194700071044
2021-01-21,1.6844996839030153,42.868035756967856,0.0,-0.0033342915180982202
2021-01-22,1.6844996839030153,42.53915083564646,0.0,-0.007672031515181786
2021-01-25,1.6844996839030153,41.88362714858193,0.0,-0.015409891222257879
2021-01-26,1.6844996839030153,41.81354330964515,0.0,-0.0016732991793705309
2021-01-27,1.6844996839030153,41.219802177419346,0.0,-0.01419973255624194
2021-01-28,1.6844996839030153,41.47306295440577,0.0,0.006144153140190363
2021-01-29,1.6838258840294542,41.6071494461754,-0.0004,0.003233098358735536
2021-02-01,1.6941860984924402,41.97916872822755,0.006152782518221934,0.008941234547524449
2021-02-02,1.6941860984924402,42.75997861476032,0.0,0.018599936830281782
2021-02-03,1.6941860984924402,43.23431612507483,0.0,0.011093024965891077
2021-02-04,1.6941860984924402,43.731591000293484,0.0,0.011501855928056364
2021-02-05,1.6941860984924402,43.85252859994833,0.0,0.002765451630928062
2021-02-08,1.6941860984924402,44.29787343751241,0.0,0.010155511022563951
2021-02-09,1.6941860984924402,44.15841433443079,0.0,-0.003148212143374037
2021-02-10,1.6941860984924402,44.16322063961964,0.0,0.00010884234095114946
2021-02-11,1.6941860984924402,44.43094322131586,0.0,0.006062116345202355
2021-02-12,1.6941860984924402,44.542224543152756,0.0,0.002504590579646198
2021-02-15,1.6941860984924402,44.70001173517165,0.0,0.003542418315143426
2021-02-16,1.6941860984924402,44.890546953643934,0.0,0.004262531732678747
2021-02-17,1.6941860984924402,44.81638000990543,0.0,-0.0016521728687130903
2021-02-18,1.6941860984924402,44.24133297083091,0.0,-0.012831180004887094
2021-02-19,1.6941860984924402,44.989837618973745,0.0,0.016918673057078535
2021-02-22,1.6941860984924402,45.37405377708632,0.0,0.008540065455816046
2021-02-23,1.6941860984924402,45.248577965513405,0.0,-0.002765364809354525
2021-02-24,1.6941860984924402,45.76178726264404,0.0,0.011341998361181363
2021-02-25,1.6941860984924402,46.48760580438618,0.0,0.01586079970120911
2021-02-26,1.6941860984924402,45.72155165723916,0.0,-0.01647867499071635
2021-03-01,1.719923998002388,46.75300215808812,0.015191896293359132,0.022559394059533153
2021-03-02,1.719923998002388,46.8580597965213,0.0,0.002247077911231054
2021-03-03,1.719923998002388,46.85196504596356,0.0,-0.00013006835076428044
2021-03-04,1.719923998002388,46.63962657918789,0.0,-0.0045321144282285215
2021-03-05,1.719923998002388,46.9157293898269,0.0,0.005919918980702404
2021-03-08,1.719923998002388,47.19275990115365,0.0,0.005904853551884022
2021-03-09,1.719923998002388,47.670039559642596,0.0,0.010113408486569123
2021-03-10,1.719923998002388,48.01038919512333,0.0,0.007139696938050545
2021-03-11,1.719923998002388,48.21620588553513,0.0,0.0042869198492709315
2021-03-12,1.719923998002388,48.432041543763994,0.0,0.004476413153313051
2021-03-15,1.719923998002388,48.78133152495719,0.0,0.007211960719796883
2021-03-16,1.719923998002388,48.74164776476855,0.0,-0.0008135030133062335
2021-03-17,1.719923998002388,48.733089392234724,0.0,-0.00017558644252514688
2021-03-18,1.719923998002388,49.1270836485333,0.0,0.008084737930884387
2021-03-19,1.719923998002388,48.7988883149422,0.0,-0.00668053768343128
2021-03-22,1.719923998002388,48.97505702965234,0.0,0.003610096885264554
2021-03-23,1.719923998002388,48.53055235405102,0.0,-0.00907614411418022
2021-03-24,1.719923998002388,48.54723307252011,0.0,0.0003437158173555018
2021-03-25,1.719923998002388,48.150596790444204,0.0,-0.008170110982090362
2021-03-26,1.719923998002388,49.33639549286742,0.0,0.024626874461887164
2021-03-29,1.719923998002388,49.35272597966145,0.0,0.00033100283534889346
2021-03-30,1.719923998002388,49.20560066798737,0.0,-0.002981097978958907
2021-03-31,1.7192360284031871,49.30506255061364,-0.0004,0.0020213528800793975
2021-04-06,1.731893909199068,50.19276059547568,0.0073625032204781785,0.018004196708011063
2021-04-07,1.731893909199068,50.10966552193218,0.0,-0.001655519093942644
2021-04-08,1.731893909199068,49.9206986417928,0.0,-0.0037710664833049364
2021-04-09,1.731893909199068,50.213646349076484,0.0,0.005868261367609072
2021-04-12,1.731893909199068,50.07054783253969,0.0,-0.002849793371745943
2021-04-13,1.731893909199068,50.514830175243866,0.0,0.008873127256168073
2021-04-14,1.731893909199068,50.540352426905415,0.0,0.0005052427489711936
2021-04-15,1.731893909199068,50.87008154598971,0.0,0.006524076371670892
2021-04-16,1.731893909199068,51.54738722309414,0.0,0.013314420903613169
2021-04-19,1.731893909199068,51.34852326811837,0.0,-0.003857886222537396
2021-04-20,1.731893909199068,50.729943258616395,0.0,-0.012046695214038297
2021-04-21,1.731893909199068,50.37907961012683,0.0,-0.00691630279775593
2021-04-22,1.731893909199068,50.88859360966533,0.0,0.010113602778802753
2021-04-23,1.731893909199068,51.351913928051005,0.0,0.009104600570012139
2021-04-26,1.731893909199068,51.70594171805921,0.0,0.006894149855918315
2021-04-27,1.731893909199068,51.426232951275786,0.0,-0.005409605888402756
2021-04-28,1.731893909199068,51.6976850115354,0.0,0.005278474519352779
2021-04-29,1.731893909199068,51.939821170460306,0.0,0.00468369442211744
2021-04-30,1.731893909199068,51.672302495861565,0.0,-0.005150550551970066
2021-05-03,1.7461987828416592,52.16575925442044,0.008259670853168278,0.009549734281695615
2021-05-04,1.7461987828416592,51.703534923533034,0.0,-0.008860684431584179
2021-05-05,1.7461987828416592,51.80393632693182,0.0,0.001941867292966933
2021-05-06,1.7461987828416592,51.231751205317,0.0,-0.011045205484073417
2021-05-07,1.7461987828416592,52.27925086624543,0.0,0.020446298170258684
2021-05-10,1.7461987828416592,52.3182090351908,0.0,0.0007451937106949386
2021-05-11,1.7461987828416592,51.43983707992981,0.0,-0.016789029507301528
2021-05-12,1.7461987828416592,51.297627809750466,0.0,-0.002764574661431656
2021-05-14,1.7461987828416592,51.34396058846487,0.0,0.0009032148403866994
2021-05-18,1.7461987828416592,51.719940515632885,0.0,0.00732276830339595
2021-05-19,1.7461987828416592,51.062620783321634,0.0,-0.012709212844368429
2021-05-20,1.7461987828416592,51.87590350714801,0.0,0.01592716377166467
2021-05-21,1.7461987828416592,52.89664252552212,0.0,0.019676554033096764
2021-05-25,1.7461987828416592,53.042348954503034,0.0,0.0027545496656164736
2021-05-26,1.7461987828416592,52.878061020844626,0.0,-0.003097297478272004
2021-05-27,1.7461987828416592,53.28214180451403,0.0,0.007641747368726716
2021-05-28,1.7461987828416592,54.07328633811709,0.0,0.014848211930099936
2021-05-31,1.7455003033285226,53.803917390287815,-0.0004,-0.004981553111917923
2021-06-01,1.760158569593527,54.523936194546565,0.008397744897008662,0.01338227473356284
2021-06-02,1.760158569593527,54.58765512641629,0.0,0.0011686414502864774
2021-06-03,1.760158569593527,54.60092496520025,0.0,0.0002430923027052038
2021-06-04,1.760158569593527,55.028587186825966,0.0,0.007832508733108237
2021-06-07,1.760158569593527,54.793265701012615,0.0,-0.0042763497637040805
2021-06-08,1.760158569593527,54.50703070679987,0.0,-0.0052239082768788985
2021-06-09,1.760158569593527,54.44848487240831,0.0,-0.0010740969308434174
2021-06-10,1.760158569593527,54.557300086102025,0.0,0.001998498469676674
2021-06-11,1.760158569593527,54.91372072991266,0.0,0.006532959718463506
2021-06-14,1.760158569593527,55.226687619502286,0.0,0.005699247572913925
2021-06-15,1.760158569593527,54.91432940466076,0.0,-0.0056559288326976055
2021-06-16,1.760158569593527,55.14758848467401,0.0,0.004247690585354749
2021-06-17,1.760158569593527,55.00104053835736,0.0,-0.002657377237036925
2021-06-18,1.760158569593527,54.37869722146311,0.0,-0.0113151189650718
2021-06-21,1.760158569593527,54.68872778178181,0.0,0.005701323793324012
2021-06-22,1.760158569593527,54.96518375497755,0.0,0.005055081447475958
2021-06-23,1.760158569593527,55.650431491643985,0.0,0.01246694161382444
2021-06-24,1.760158569593527,55.552393949177755,0.0,-0.001761667247467009
2021-06-25,1.760158569593527,55.88278642262096,0.0,0.005947402982227207
2021-06-28,1.760158569593527,55.48271790670797,0.0,-0.007159065277944822
2021-06-29,1.760158569593527,55.37437669654098,0.0,-0.0019527019269164568
2021-06-30,1.758750442737852,55.44130697098373,-0.0008,0.001208686732665896
2021-07-01,1.767874779388903,55.54846170551997,0.005187965517635963,0.0019327598931303165
2021-07-02,1.767874779388903,55.562699778513114,0.0,0.0002563180429482846
2021-07-05,1.767874779388903,56.03959308624588,0.0,0.00858297580271975
2021-07-06,1.767874779388903,55.810337320079555,0.0,-0.004090960578773224
2021-07-07,1.767874779388903,55.92514248688996,0.0,0.0020570591815632414
2021-07-08,1.767874779388903,55.0035491552449,0.0,-0.016479052008872484
2021-07-09,1.767874779388903,56.02883778523406,0.0,0.01864040858700468
2021-07-12,1.767874779388903,56.512506603318926,0.0,0.008632497785137513
2021-07-13,1.767874779388903,56.59548945828417,0.0,0.001468398058286922
2021-07-14,1.767874779388903,57.02048241739365,0.0,0.007509307953290911
2021-07-15,1.767874779388903,56.89187924536543,0.0,-0.002255385548772309
2021-07-16,1.767874779388903,56.27343920102095,0.0,-0.010870445001073948
2021-07-19,1.767874779388903,54.75020002591584,0.0,-0.027068528185451232
2021-07-20,1.767874779388903,55.633212603970925,0.0,0.016128024694651636
2021-07-21,1.767874779388903,56.426815023221835,0.0,0.01426490368083222
2021-07-22,1.767874779388903,56.43202358118336,0.0,9.230643195758115e-05
2021-07-23,1.767874779388903,56.623177460829154,0.0,0.0033873298796525675
2021-07-26,1.767874779388903,57.22795186414204,0.0,0.010680686433241207
2021-07-27,1.767874779388903,56.79983332102643,0.0,-0.0074809342143146535
2021-07-28,1.767874779388903,56.54962654604483,0.0,-0.00440506178191515
2021-07-29,1.767874779388903,56.872408149512374,0.0,0.005707935192193106
2021-07-30,1.767874779388903,56.71414550090787,0.0,-0.0027827667889223687
2021-08-02,1.7614217324480013,56.97876899345928,-0.0036501719556926607,0.004665916945661773
2021-08-03,1.7614217324480013,56.85007838447396,0.0,-0.0022585712408089895
2021-08-04,1.7614217324480013,57.21051485223456,0.0,0.006340122617298498
2021-08-05,1.7614217324480013,57.28471675579365,0.0,0.0012969976542030516
2021-08-06,1.7614217324480013,56.9602006085898,0.0,-0.005664969045535734
2021-08-09,1.7614217324480013,56.98940770160774,0.0,0.0005127631698251348
2021-08-10,1.7614217324480013,57.31632517199831,0.0,0.005736460222613256
2021-08-11,1.7614217324480013,57.430324879589044,0.0,0.0019889570248728303
2021-08-12,1.7614217324480013,57.709827792636496,0.0,0.004866817550370245
2021-08-13,1.7614217324480013,57.563070348839645,0.0,-0.0025430234227032437
2021-08-16,1.7614217324480013,57.172650096412276,0.0,-0.006782477898787757
2021-08-17,1.7614217324480013,57.37953738910965,0.0,0.003618640947174715
2021-08-18,1.7614217324480013,57.35073758290451,0.0,-0.0005019177134496927
2021-08-19,1.7614217324480013,56.42519938293608,0.0,-0.016138209183979527
2021-08-20,1.7614217324480013,56.521741132370536,0.0,0.0017109686893485483
2021-08-23,1.7614217324480013,57.27687190468603,0.0,0.013360005498539365
2021-08-24,1.7614217324480013,57.15828138542043,0.0,-0.0020704782807089844
2021-08-25,1.7614217324480013,57.361049771793915,0.0,0.0035474892081902624
2021-08-26,1.7614217324480013,57.458613590488625,0.0,0.0017008722658121377
2021-08-27,1.7614217324480013,57.77095459071685,0.0,0.00543592998004266
2021-08-30,1.7614217324480013,57.66258473541882,0.0,-0.0018758536372781114
2021-08-31,1.7614217324480013,57.09867110945233,0.0,-0.00977954124939021
2021-09-01,1.7711736094918022,57.39587353992526,0.005536366938227722,0.00520506738069657
2021-09-02,1.7711736094918022,58.22730158891345,0.0,0.014485850597078853
2021-09-03,1.7711736094918022,57.809250489051315,0.0,-0.007179640623115061
2021-09-06,1.7711736094918022,58.1665542195601,0.0,0.006180736257365056
2021-09-07,1.7711736094918022,57.904853171688,0.0,-0.004499167113875431
2021-09-08,1.7711736094918022,57.46824266895246,0.0,-0.007540136600311997
2021-09-09,1.7711736094918022,57.344304972532015,0.0,-0.002156629308023105
2021-09-10,1.7711736094918022,57.139515868774936,0.0,-0.0035712195632185647
2021-09-13,1.7711736094918022,56.93772732029,0.0,-0.0035315060937575423
2021-09-14,1.7711736094918022,56.762404073484575,0.0,-0.0030792104823430394
2021-09-15,1.7711736094918022,56.865991698145415,0.0,0.0018249337101143247
2021-09-16,1.7711736094918022,56.935977349233426,0.0,0.0012307118718603016
2021-09-17,1.7711736094918022,56.65521079099506,0.0,-0.004931267913716457
2021-09-20,1.7711736094918022,55.09661753302249,0.0,-0.027510148426105652
2021-09-21,1.7711736094918022,55.547944978559855,0.0,0.00819156357950405
2021-09-22,1.7711736094918022,56.668790005342665,0.0,0.020177974670627808
2021-09-23,1.7711736094918022,57.19539329274438,0.0,0.009292650987467154
2021-09-24,1.7711736094918022,57.07421652194684,0.0,-0.0021186456429684495
2021-09-27,1.7711736094918022,57.323850328729314,0.0,0.004373845529469326
2021-09-28,1.7711736094918022,56.768526708494406,0.0,-0.009687479418258727
2021-09-29,1.7711736094918022,57.25429565586897,0.0,0.008557011702434683
2021-09-30,1.7697566706042087,57.62805165891963,-0.0008,0.006527999318988245
2021-10-01,1.7757948710138378,57.772989156129654,0.0034118817066346014,0.002515051143284606
2021-10-04,1.7757948710138378,57.53186790885159,0.0,-0.0041735982645184355
2021-10-05,1.7757948710138378,57.98715313180963,0.0,0.007913617956562036
2021-10-06,1.7757948710138378,57.03241394134248,0.0,-0.01646466741171006
2021-10-07,1.7757948710138378,57.83431872181399,0.0,0.014060509192128307
2021-10-08,1.7757948710138378,57.81387238040733,0.0,-0.0003535330208524155
2021-10-11,1.7757948710138378,57.95968822016942,0.0,0.0025221600587941547
2021-10-12,1.7757948710138378,58.058195182163445,0.0,0.0016995771547257815
2021-10-13,1.7757948710138378,58.13388547532219,0.0,0.0013036969702770324
2021-10-14,1.7757948710138378,58.96056749768482,0.0,0.01422031256991344
2021-10-15,1.7757948710138378,59.0668456356626,0.0,0.0018025290883089268
2021-10-18,1.7757948710138378,59.37949855405645,0.0,0.005293204927894081
2021-10-19,1.7757948710138378,59.90687404914925,0.0,0.008881440698134258
2021-10-20,1.7757948710138378,60.16161997711321,0.0,0.004252365559167003
2021-10-21,1.7757948710138378,59.56515954302752,0.0,-0.00991430141529757
2021-10-22,1.7757948710138378,60.07188053806828,0.0,0.008507003069046096
2021-10-25,1.7757948710138378,60.00036942938039,0.0,-0.0011904256708355765
2021-10-26,1.7757948710138378,60.16267679594005,0.0,0.0027051061202330398
2021-10-27,1.7757948710138378,60.02621156155807,0.0,-0.00226827065632138
2021-10-28,1.7757948710138378,59.83818398843919,0.0,-0.003132424456373633
2021-10-29,1.7757948710138378,59.72104467868428,0.0,-0.0019576013499598053
2021-11-01,1.7972872816658196,60.31515536228299,0.012102980475279513,0.009948095965085437
2021-11-02,1.7972872816658196,60.17531761320755,0.0,-0.0023184512787126584
2021-11-03,1.7972872816658196,60.74080083203995,0.0,0.009397261888457154
2021-11-04,1.7972872816658196,61.28298817217087,0.0,0.00892624615915375
2021-11-05,1.7972872816658196,61.224016672015374,0.0,-0.0009622817345299184
2021-11-08,1.7972872816658196,61.29372923436193,0.0,0.0011386473174411077
2021-11-09,1.7972872816658196,60.79542073245345,0.0,-0.008129844735065084
2021-11-10,1.7972872816658196,61.08375917729098,0.0,0.004742765842618818
2021-11-11,1.7972872816658196,61.40303909904113,0.0,0.0052269199874136795
2021-11-12,1.7972872816658196,61.3087981248537,0.0,-0.001534793319194173
2021-11-15,1.7972872816658196,61.03816308588327,0.0,-0.004414293661723666
2021-11-16,1.7972872816658196,60.85978461089792,0.0,-0.00292240896460734
2021-11-17,1.7972872816658196,60.727985595931905,0.0,-0.0021656175060206784
2021-11-18,1.7972872816658196,60.18659685751994,0.0,-0.008914979364114325
2021-11-19,1.7972872816658196,60.98451870690098,0.0,0.013257467460238153
2021-11-22,1.7972872816658196,61.16373222854577,0.0,0.0029386723949746765
2021-11-23,1.7972872816658196,60.781107914300605,0.0,-0.0062557384957385815
2021-11-24,1.7972872816658196,60.368272903921316,0.0,-0.006792160007372229
2021-11-25,1.7972872816658196,60.417155516915294,0.0,0.0008097401274304352
2021-11-26,1.7972872816658196,58.59650861825744,0.0,-0.030134601390628502
2021-11-29,1.7972872816658196,59.17304964422656,0.0,0.009839170277621068
2021-11-30,1.7965683667531533,58.79234927350517,-0.0004,-0.006433678389238376
2021-12-01,1.8048778444818676,59.26148103316209,0.004625194277316447,0.00797946953054209
2021-12-02,1.8048778444818676,58.81574965809552,0.0,-0.0075214349573401685
2021-12-03,1.8048778444818676,58.71848866930281,0.0,-0.001653655515029583
2021-12-06,1.8048778444818676,58.339047791797036,0.0,-0.006462034124255898
2021-12-07,1.8048778444818676,59.79826188034611,0.0,0.025012648368152715
2021-12-08,1.8048778444818676,59.8102522345481,0.0,0.00020051342338316588
2021-12-09,1.8048778444818676,59.47765428021648,0.0,-0.0055608853316205615
2021-12-10,1.8048778444818676,59.3701353883546,0.0,-0.0018077191033009966
2021-12-13,1.8048778444818676,58.957565250575584,0.0,-0.006949119032326381
2021-12-14,1.8048778444818676,57.87919861592802,0.0,-0.018290555759288844
2021-12-15,1.8048778444818676,57.83547527919165,0.0,-0.0007554240172968583
2021-12-16,1.8048778444818676,58.8384137007103,0.0,0.017341232464626957
2021-12-17,1.8048778444818676,58.353183988410635,0.0,-0.00824681839262105
2021-12-20,1.8048778444818676,58.07522164172871,0.0,-0.004763447813526875
2021-12-21,1.8048778444818676,58.96735575373664,0.0,0.015361699650697466
2021-12-22,1.8048778444818676,59.007537768400375,0.0,0.0006814281249365867
2021-12-23,1.8048778444818676,59.635327930675935,0.0,0.010639151979863712
2021-12-27,1.8048778444818676,60.05554134248511,0.0,0.00704638385316927
2021-12-28,1.8048778444818676,60.37653414982934,0.0,0.005344932377075312
2021-12-29,1.8048778444818676,60.21475594891291,0.0,-0.002679488036112926
2021-12-30,1.8027119910684894,60.479309880635824,-0.0012,0.00439350666715931
2022-01-03,1.8390904575832612,60.98523536677703,0.020179854960197984,0.008365265528653104
2022-01-04,1.8390904575832612,61.17125000962164,0.0,0.0030501586445616977
2022-01-05,1.8390904575832612,61.51309778649817,0.0,0.005588373244339015
2022-01-06,1.8390904575832612,60.79329774821344,0.0,-0.011701573554026462
2022-01-07,1.8390904575832612,61.145912558584236,0.0,0.005800225081245211
2022-01-10,1.8390904575832612,60.0364800097451,0.0,-0.018144018175805004
2022-01-11,1.8390904575832612,60.959515064507485,0.0,0.015374569838414264
2022-01-12,1.8390904575832612,62.03361218064447,0.0,0.017619843514180927
2022-01-13,1.8390904575832612,61.965796213205046,0.0,-0.0010932132606100292
2022-01-14,1.8390904575832612,62.15064610125234,0.0,0.002983095503385084
2022-01-17,1.8390904575832612,62.102491734956395,0.0,-0.0007748007352569632
2022-01-18,1.8390904575832612,61.930865416823444,0.0,-0.002763597938476007
2022-01-19,1.8390904575832612,61.8095988771678,0.0,-0.001958095350992742
2022-01-20,1.8390904575832612,61.611329778458646,0.0,-0.003207739611822557
2022-01-21,1.8390904575832612,60.355388224494874,0.0,-0.020384912295837086
2022-01-24,1.8390904575832612,58.164015776122056,0.0,-0.036307817956897206
2022-01-25,1.8390904575832612,58.6253052735855,0.0,0.007930839906910505
2022-01-26,1.8390904575832612,60.246686516392536,0.0,0.027656678890464984
2022-01-27,1.8390904575832612,60.361983775368174,0.0,0.001913752699814646
2022-01-28,1.8390904575832612,59.817064234967496,0.0,-0.009027528691378827
2022-01-31,1.8390904575832612,59.91809451175259,0.0,0.001688987550245542
2022-02-01,1.847801910939944,60.680567049104404,0.004736827011831934,0.012725246748330065
2022-02-02,1.847801910939944,61.26797371829033,0.0,0.009680309492008798
2022-02-03,1.847801910939944,60.58684731017268,0.0,-0.011117168836845534
2022-02-04,1.847801910939944,60.40269469259037,0.0,-0.003039481764739227
2022-02-07,1.847801910939944,60.8132690344403,0.0,0.006797285186356
2022-02-08,1.847801910939944,60.23490328593761,0.0,-0.009510518965443924
2022-02-09,1.847801910939944,60.721751846020666,0.0,0.008082499240879731
2022-02-10,1.847801910939944,60.79820641825894,0.0,0.0012590969448996088
2022-02-11,1.847801910939944,60.97002453664027,0.0,0.002826039261739091
2022-02-14,1.847801910939944,60.01274671782032,0.0,-0.01570079438371663
2022-02-15,1.847801910939944,60.100680500187146,0.0,0.0014652517536031667
2022-02-16,1.847801910939944,60.34498714165188,0.0,0.0040649563271413225
2022-02-17,1.847801910939944,59.97085939684824,0.0,-0.006199814806910449
2022-02-18,1.847801910939944,59.678569037669774,0.0,-0.004873873113011173
2022-02-21,1.847801910939944,59.236396483043265,0.0,-0.007409235203803322
2022-02-22,1.847801910939944,59.7583467834287,0.0,0.008811310805086783
2022-02-23,1.847801910939944,60.14138253691732,0.0,0.006409744815678775
2022-02-24,1.847801910939944,59.26477726816979,0.0,-0.014575741889695255
2022-02-25,1.847801910939944,60.25506776492897,0.0,0.01670959619536186
2022-02-28,1.847801910939944,61.11388826186745,0.0,0.014253083247519789
2022-03-01,1.9126619454704914,62.2022713822479,0.03510118381550664,0.017809096284576588
2022-03-02,1.9126619454704914,62.374393788469135,0.0,0.002767140208811525
2022-03-03,1.9126619454704914,61.98011919258469,0.0,-0.006321097038979766
2022-03-04,1.9126619454704914,60.835947538756045,0.0,-0.018460300959949338
2022-03-07,1.9126619454704914,60.01775700712058,0.0,-0.01344912941668627
2022-03-08,1.9126619454704914,59.7084092732702,0.0,-0.005154270157308263
2022-03-09,1.9126619454704914,60.10587077044635,0.0,0.006656708862516716
2022-03-10,1.9126619454704914,60.35678486777417,0.0,0.004174535600458955
2022-03-11,1.9126619454704914,60.5041172928915,0.0,0.0024410250718307227
2022-03-14,1.9126619454704914,60.844500925615385,0.0,0.005625792887385437
2022-03-15,1.9126619454704914,60.09618595265684,0.0,-0.012298810271669259
2022-03-16,1.9126619454704914,61.68813289031898,0.0,0.026489982890366123
2022-03-17,1.9126619454704914,62.491471078179025,0.0,0.013022572579532845
2022-03-18,1.9126619454704914,62.48972701684117,0.0,-2.790878991584922e-05
2022-03-21,1.9126619454704914,63.63445772293131,0.0,0.018318702300965776
2022-03-22,1.9126619454704914,64.07019621065946,0.0,0.00684752417668729
2022-03-23,1.9126619454704914,64.12064164617533,0.0,0.000787346356018861
2022-03-24,1.9126619454704914,63.557019001473606,0.0,-0.008790034382560506
2022-03-25,1.9126619454704914,63.948717440993114,0.0,0.006162945425593911
2022-03-28,1.9126619454704914,64.03626187587476,0.0,0.0013689787439821056
2022-03-29,1.9126619454704914,63.63735081109209,0.0,-0.006229455828572603
2022-03-30,1.9126619454704914,64.60538531796998,0.0,0.01521173484659197
2022-03-31,1.9118968806923033,63.93766752239242,-0.0004,-0.010335327191243193
2022-04-01,1.9440521315828623,64.61668012855465,0.016818506905516475,0.010619915184181816
2022-04-04,1.9440521315828623,64.5958481814544,0.0,-0.0003223927174656094
2022-04-05,1.9440521315828623,64.4699586003427,0.0,-0.0019488803794025554
2022-04-06,1.9440521315828623,63.91782710414536,0.0,-0.00856416706609147
2022-04-07,1.9440521315828623,63.68940016683671,0.0,-0.003573759429219363
2022-04-08,1.9440521315828623,64.81845234412258,0.0,0.017727473870507077
2022-04-11,1.9440521315828623,64.35436191468129,0.0,-0.007159850515674466
2022-04-12,1.9440521315828623,64.25774950070281,0.0,-0.001501256653069909
2022-04-13,1.9440521315828623,65.0148620638974,0.0,0.011782431988009497
2022-04-19,1.9440521315828623,64.97027461525838,0.0,-0.0006858039411850613
2022-04-20,1.9440521315828623,64.84771870574993,0.0,-0.0018863381790242206
2022-04-21,1.9440521315828623,65.49952633322904,0.0,0.010051357865597797
2022-04-22,1.9440521315828623,64.62042319981887,0.0,-0.013421518942560384
2022-04-25,1.9440521315828623,62.95588820914267,0.0,-0.02575865195944543
2022-04-26,1.9440521315828623,62.9660381031567,0.0,0.00016122231458811864
2022-04-27,1.9440521315828623,63.119001908806744,0.0,0.0024293065001079707
2022-04-28,1.9440521315828623,63.30843558159754,0.0,0.0030012146431670182
2022-04-29,1.9440521315828623,63.83865307071169,0.0,0.00837514754934619
2022-05-02,1.9021931918455157,62.75211001406979,-0.021531798997213518,-0.017020143821618233
2022-05-03,1.9021931918455157,63.29363490622648,0.0,0.008629588583320533
2022-05-04,1.9021931918455157,63.449135175168095,0.0,0.002456807373632377
2022-05-05,1.9021931918455157,63.37155768510918,0.0,-0.0012226721427288246
2022-05-06,1.9021931918455157,62.31025256234448,0.0,-0.016747341576141855
2022-05-09,1.9021931918455157,60.309121003871624,0.0,-0.03211560660054501
2022-05-10,1.9021931918455157,60.10377894907202,0.0,-0.00340482586019482
2022-05-11,1.9021931918455157,60.639286563516585,0.0,0.008909716224304556
2022-05-12,1.9021931918455157,60.71698050734865,0.0,0.0012812476570066877
2022-05-13,1.9021931918455157,62.300435457633284,0.0,0.026079276951082607
2022-05-16,1.9021931918455157,62.551859408379755,0.0,0.004035669235690276
2022-05-18,1.9021931918455157,63.31034419325903,0.0,0.012125695255953702
2022-05-19,1.9021931918455157,62.459488418156,0.0,-0.013439443205453636
2022-05-20,1.9021931918455157,63.0947062243068,0.0,0.010170076992915984
2022-05-23,1.9021931918455157,63.48009677138704,0.0,0.006108128084631206
2022-05-24,1.9021931918455157,63.181376680630564,0.0,-0.004705728345567417
2022-05-25,1.9021931918455157,63.87025834088695,0.0,0.0109032391576166
2022-05-27,1.9021931918455157,65.02880204502829,0.0,0.01813901703603554
2022-05-30,1.9021931918455157,64.68814465769721,0.0,-0.005238561631432108
2022-05-31,1.9021931918455157,65.05427420319644,0.0,0.005659917245063144
2022-06-01,1.8744824762588048,64.627831135741,-0.014567771404872846,-0.0065551890737179175
2022-06-02,1.8744824762588048,64.6038540312959,0.0,-0.00037100277115516
2022-06-03,1.8744824762588048,64.51241054008612,0.0,-0.0014154494740434575
2022-06-07,1.8744824762588048,64.52277257584436,0.0,0.00016062081189468724
2022-06-08,1.8744824762588048,64.25117104400925,0.0,-0.0042093902817931725
2022-06-09,1.8744824762588048,63.54998948932398,0.0,-0.010913132683682925
2022-06-10,1.8744824762588048,62.067578112799126,0.0,-0.023326697430436
2022-06-13,1.8744824762588048,60.21805313992165,0.0,-0.029798568417092466
2022-06-14,1.8744824762588048,60.71562839564193,0.0,0.008262891770415037
2022-06-15,1.8744824762588048,60.96298307424318,0.0,0.004073986964104468
2022-06-16,1.8744824762588048,59.24776272514703,0.0,-0.028135439944060696
2022-06-17,1.8744824762588048,59.40740946309558,0.0,0.002694561458618403
2022-06-20,1.8744824762588048,60.26703639658187,0.0,0.014470028928298774
2022-06-21,1.8744824762588048,59.84879648222702,0.0,-0.006939779012902716
2022-06-22,1.8744824762588048,58.476972097854436,0.0,-0.02292150327166506
2022-06-23,1.8744824762588048,58.08270125541746,0.0,-0.006742326565356405
2022-06-24,1.8744824762588048,58.66044860283598,0.0,0.009946977928555492
2022-06-27,1.8744824762588048,59.94836413425274,0.0,0.02195543269940992
2022-06-28,1.8744824762588048,60.863951869337825,0.0,0.015272939442261553
2022-06-29,1.8744824762588048,60.24681342535884,0.0,-0.010139638078445076
2022-06-30,1.8737326832683014,59.14729558025242,-0.0004,-0.01825022407979526
2022-07-01,1.8061148346298361,58.988628087391476,-0.036087244056885036,-0.0026825823785240964
2022-07-04,1.8061148346298361,59.885542933123155,0.0,0.015204877190954496
2022-07-05,1.8061148346298361,58.49668901950189,0.0,-0.023191806329154564
2022-07-06,1.8061148346298361,58.31976811985636,0.0,-0.0030244600610907523
2022-07-07,1.8061148346298361,60.28164701419131,0.0,0.03364003248954927
2022-07-08,1.8061148346298361,60.15099239590218,0.0,-0.002167402928761448
2022-07-11,1.8061148346298361,60.12000477186623,0.0,-0.0005151639698975518
2022-07-12,1.8061148346298361,60.244814215171495,0.0,0.002076005212888261
2022-07-13,1.8061148346298361,59.57899500547724,0.0,-0.01105189248847549
2022-07-14,1.8061148346298361,58.6826549907003,0.0,-0.015044564190694047
2022-07-15,1.8061148346298361,59.529920272944416,0.0,0.014438087069822978
2022-07-18,1.8061148346298361,60.74838877781082,0.0,0.020468169607480113
2022-07-19,1.8061148346298361,61.36815774071164,0.0,0.010202228822358536
2022-07-20,1.8061148346298361,61.62705613217519,0.0,0.0042187740514785825
2022-07-21,1.8061148346298361,60.96891008165049,0.0,-0.010679498451348017
2022-07-22,1.8061148346298361,61.85808195196053,0.0,0.014584021087456595
2022-07-25,1.8061148346298361,61.76560889730871,0.0,-0.001494922760838855
2022-07-26,1.8061148346298361,61.71152729874802,0.0,-0.0008755940324429456
2022-07-27,1.8061148346298361,62.29452335967076,0.0,0.009447117685168305
2022-07-28,1.8061148346298361,62.563607222969075,0.0,0.004319542855231431
2022-07-29,1.8061148346298361,63.920665338556255,0.0,0.021690854728864756
2022-08-01,1.7911464775804518,63.87763415080172,-0.008287599859314687,-0.0006731968061755688
2022-08-02,1.7911464775804518,63.895684516547526,0.0,0.00028257724297040096
2022-08-03,1.7911464775804518,63.86155658266637,0.0,-0.0005341195440565282
2022-08-04,1.7911464775804518,63.983359902848896,0.0,0.0019073027138770105
2022-08-05,1.7911464775804518,64.07805835034787,0.0,0.001480048056912997
2022-08-08,1.7911464775804518,64.02279658062362,0.0,-0.0008624132994497957
2022-08-09,1.7911464775804518,64.28027889764806,0.0,0.004021728677537455
2022-08-10,1.7911464775804518,64.46008682367851,0.0,0.002797248691418375
2022-08-11,1.7911464775804518,65.20686466442417,0.0,0.01158511999508113
2022-08-12,1.7911464775804518,65.2604134457483,0.0,0.0008212138645172473
2022-08-15,1.7911464775804518,64.55630284243261,0.0,-0.010789245212199124
2022-08-16,1.7911464775804518,64.9809422189494,0.0,0.006577814370089108
2022-08-17,1.7911464775804518,64.55013045632198,0.0,-0.006629817111235789
2022-08-18,1.7911464775804518,65.23104850773788,0.0,0.0105486704147973
2022-08-19,1.7911464775804518,65.03388145589655,0.0,-0.0030225951652139618
2022-08-22,1.7911464775804518,64.21691447890856,0.0,-0.012562174649563577
2022-08-23,1.7911464775804518,64.80708845259618,0.0,0.009190319691885013
2022-08-24,1.7911464775804518,64.977683912746,0.0,0.002632358037109119
2022-08-25,1.7911464775804518,65.35166019252313,0.0,0.005755457216346866
2022-08-26,1.7911464775804518,64.77832692445855,0.0,-0.008773048249662869
2022-08-29,1.7911464775804518,64.21623273270191,0.0,-0.008677195266437407
2022-08-30,1.7911464775804518,63.56160932875685,0.0,-0.010194048702139016
2022-08-31,1.7911464775804518,64.06120111757075,0.0,0.007859961289367083
2022-09-01,1.7765783115249183,63.20279455957011,-0.00813343087116629,-0.013399788686840428
2022-09-02,1.7765783115249183,63.487752025475416,0.0,0.0045086213021281905
2022-09-05,1.7765783115249183,63.352989629675385,0.0,-0.002122651873796877
2022-09-06,1.7765783115249183,61.84371790871048,0.0,-0.02382321228701632
2022-09-07,1.7765783115249183,60.94804972425336,0.0,-0.01448276744582606
2022-09-08,1.7765783115249183,61.29426018647864,0.0,0.005680419041981483
2022-09-09,1.7765783115249183,62.76924452529188,0.0,0.024063987954595287
2022-09-12,1.7765783115249183,63.06785262161431,0.0,0.004757235786103844
2022-09-13,1.7765783115249183,62.7864813466533,0.0,-0.004461405664929483
2022-09-14,1.7765783115249183,62.29561139942367,0.0,-0.007818083394727377
2022-09-15,1.7765783115249183,62.0290264674269,0.0,-0.004279353328559439
2022-09-16,1.7765783115249183,60.422384328578985,0.0,-0.025901456630011917
2022-09-19,1.7765783115249183,60.336803042943586,0.0,-0.0014163837886636132
2022-09-20,1.7765783115249183,59.75532651190173,0.0,-0.009637178334225095
2022-09-21,1.7765783115249183,60.112722527170874,0.0,0.005980990082916846
2022-09-22,1.7765783115249183,59.678886774211044,0.0,-0.007217037171519403
2022-09-23,1.7765783115249183,57.81919358318227,0.0,-0.03116166020429867
2022-09-26,1.7765783115249183,57.856027195990634,0.0,0.0006370481932678196
2022-09-27,1.7765783115249183,58.154479083207235,0.0,0.005158527152332532
2022-09-28,1.7765783115249183,56.28527914078082,0.0,-0.03214197722847749
2022-09-29,1.7765783115249183,55.43734259061233,0.0,-0.015064979033818666
2022-09-30,1.7758676802003084,56.400731672112414,-0.0004,0.017377980914677345
2022-10-03,1.835229230312009,57.59124908254011,0.03342678667647423,0.02110819088923907
2022-10-04,1.835229230312009,58.24568625246581,0.0,0.011363482826839957
2022-10-05,1.835229230312009,57.441817579286074,0.0,-0.013801342638412165
2022-10-06,1.835229230312009,57.453137431444986,0.0,0.00019706639928802617
2022-10-07,1.835229230312009,57.13195109597112,0.0,-0.005590405499736533
2022-10-10,1.835229230312009,57.253121588344996,0.0,0.002120888400438612
2022-10-11,1.835229230312009,56.28073665622871,0.0,-0.016983963583816868
2022-10-12,1.835229230312009,55.84244718278253,0.0,-0.007787557510544416
2022-10-13,1.835229230312009,56.31563095992585,0.0,0.008473550157902304
2022-10-14,1.835229230312009,56.300056386932894,0.0,-0.0002765586166305933
2022-10-17,1.835229230312009,57.25584044055914,0.0,0.01697660917171087
2022-10-18,1.835229230312009,58.07171429600531,0.0,0.014249618015705966
2022-10-19,1.835229230312009,57.98686027549656,0.0,-0.0014611936557655137
2022-10-20,1.835229230312009,57.920703199350534,0.0,-0.0011408977108213003
2022-10-21,1.835229230312009,57.63672005580403,0.0,-0.004902964360931552
2022-10-24,1.835229230312009,57.94041689228214,0.0,0.005269155430497445
2022-10-25,1.835229230312009,58.394498295865816,0.0,0.007837040669345985
2022-10-26,1.835229230312009,58.91823229140966,0.0,0.008968892803740802
2022-10-27,1.835229230312009,59.09843274773507,0.0,0.0030584837548102285
2022-10-28,1.835229230312009,59.11813869614258,0.0,0.0003334428256604349
2022-10-31,1.835229230312009,59.659281995152,0.0,0.009153591620852754
2022-11-01,1.8414963100852755,60.24952887033734,0.0034148757385479515,0.009893630218903916
2022-11-02,1.8414963100852755,59.878998844902334,0.0,-0.006149924030649787
2022-11-03,1.8414963100852755,59.847282849339855,0.0,-0.0005296681002404568
2022-11-04,1.8414963100852755,60.5074852490092,0.0,0.011031451525232211
2022-11-07,1.8414963100852755,60.54079786468354,0.0,0.0005505536304682046
2022-11-08,1.8414963100852755,60.839806005762505,0.0,0.0049389527661542094
2022-11-09,1.8414963100852755,60.74553888689436,0.0,-0.0015494316148742682
2022-11-10,1.8414963100852755,61.17007135284304,0.0,0.006988701947959295
2022-11-11,1.8414963100852755,61.58589572584432,0.0,0.006797840247769389
2022-11-14,1.8414963100852755,61.699922137386984,0.0,0.0018515020395298665
2022-11-15,1.8414963100852755,61.93991327670127,0.0,0.0038896506024739706
2022-11-16,1.8414963100852755,61.70885839609653,0.0,-0.0037303068148086416
2022-11-17,1.8414963100852755,61.5192234862187,0.0,-0.00307305814443374
2022-11-18,1.8414963100852755,61.6170687709245,0.0,0.0015904830906669342
2022-11-21,1.8414963100852755,61.31950697440074,0.0,-0.00482921051681334
2022-11-22,1.8414963100852755,62.24773895068835,0.0,0.015137629476948052
2022-11-23,1.8414963100852755,62.36424362547166,0.0,0.00187162902214967
2022-11-24,1.8414963100852755,62.95753304106036,0.0,0.009513294495347244
2022-11-25,1.8414963100852755,62.83041593688266,0.0,-0.0020190928398479933
2022-11-28,1.8414963100852755,62.23553441751115,0.0,-0.009468049996185121
2022-11-29,1.8414963100852755,62.579541621058894,0.0,0.005527504612396364
2022-11-30,1.8414963100852755,63.07508163605467,0.0,0.007918562555099049
2022-12-01,1.840758687886426,63.37809906970941,-0.0004005558929494721,0.004804075171922246
2022-12-02,1.840758687886426,63.087044195699384,0.0,-0.00459235726981798
2022-12-05,1.840758687886426,63.332161500701645,0.0,0.003885382619003388
2022-12-06,1.840758687886426,62.82295058501948,0.0,-0.008040321119886706
2022-12-07,1.840758687886426,61.94279336588862,0.0,-0.014010122271155105
2022-12-08,1.840758687886426,62.05926247536629,0.0,0.0018802689247432536
2022-12-09,1.840758687886426,62.806280072422105,0.0,0.012037165239473029
2022-12-12,1.840758687886426,62.60090369371216,0.0,-0.0032699974982298486
2022-12-13,1.840758687886426,63.53910602554054,0.0,0.014987041343983156
2022-12-14,1.840758687886426,62.71766943473919,0.0,-0.012928047657314505
2022-12-15,1.840758687886426,62.078572910669905,0.0,-0.010190055367639266
2022-12-16,1.840758687886426,61.49645032469735,0.0,-0.009377190207162442
2022-12-19,1.840758687886426,61.30237833723191,0.0,-0.0031558242214104037
2022-12-20,1.840758687886426,61.79516356954962,0.0,0.00803859892036888
2022-12-21,1.840758687886426,62.47109338434313,0.0,0.010938231663271836
2022-12-22,1.840758687886426,61.954521709115525,0.0,-0.008268971251223065
2022-12-23,1.840758687886426,62.18979379271333,0.0,0.0037974965685708064
2022-12-27,1.840758687886426,62.219529593095245,0.0,0.00047814598776505955
2022-12-28,1.840758687886426,61.827680002885046,0.0,-0.006297855235692476
2022-12-29,1.840758687886426,62.312786624732276,0.0,0.007846107468767918
2022-12-30,1.8400223844112715,62.08642029006889,-0.0004,-0.003632742923641703
2023-01-02,1.8640184998563312,62.499266219555295,0.013041208437655726,0.006649536687049906
2023-01-03,1.8640184998563312,62.20513461783907,0.0,-0.004706160880080845
2023-01-04,1.8640184998563312,61.97677512537649,0.0,-0.0036710714294812073
2023-01-05,1.8640184998563312,62.14387172931051,0.0,0.0026961164661437964
2023-01-06,1.8640184998563312,62.772401304008206,0.0,0.010114103888400793
2023-01-09,1.8640184998563312,63.006687667980266,0.0,0.0037323148247493166
2023-01-10,1.8640184998563312,62.70596043738081,0.0,-0.004772941440504983
2023-01-11,1.8640184998563312,62.68803923593896,0.0,-0.00028579741569780383
2023-01-12,1.8640184998563312,63.1359423771524,0.0,0.007144953753102224
2023-01-13,1.8640184998563312,63.339792374178465,0.0,0.003228747197726638
2023-01-16,1.8640184998563312,63.45991462601562,0.0,0.001896473722672356
2023-01-17,1.8640184998563312,63.85617346906174,0.0,0.006244238514680794
2023-01-18,1.8640184998563312,64.07103205566334,0.0,0.0033647269313074758
2023-01-19,1.8640184998563312,63.482726782820706,0.0,-0.009182078920338413
2023-01-20,1.8640184998563312,63.90669945318427,0.0,0.006678551660422661
2023-01-23,1.8640184998563312,64.23057050244826,0.0,0.005067873196944585
2023-01-24,1.8640184998563312,64.28892760042928,0.0,0.0009085564323112249
2023-01-25,1.8640184998563312,63.765811658154874,0.0,-0.008136952377331443
2023-01-26,1.8640184998563312,63.838790140724406,0.0,0.0011444766509170234
2023-01-27,1.8640184998563312,64.47419303922817,0.0,0.00995324154958285
2023-01-30,1.8640184998563312,64.31090799005133,0.0,-0.0025325644491197606
2023-01-31,1.8640184998563312,64.12307931722829,0.0,-0.002920634752227431
2023-02-01,1.8916721575977185,64.86576781490501,0.014835506055073267,0.011582233816353487
2023-02-02,1.8916721575977185,65.44639505063657,0.0,0.008951211945696577
2023-02-03,1.8916721575977185,65.88934982781447,0.0,0.006768207428922417
2023-02-06,1.8916721575977185,65.74650215431983,0.0,-0.002167993368699728
2023-02-07,1.8916721575977185,65.20939793030209,0.0,-0.008169320137473677
2023-02-08,1.8916721575977185,66.74909102230245,0.0,0.023611521358409555
2023-02-09,1.8916721575977185,66.82651226320745,0.0,0.0011598845724973827
2023-02-10,1.8916721575977185,66.4004055036635,0.0,-0.006376313009807472
2023-02-13,1.8916721575977185,66.71797918447037,0.0,0.004782706948820334
2023-02-14,1.8916721575977185,67.20599292151171,0.0,0.0073145761158625346
2023-02-15,1.8916721575977185,67.30074736733172,0.0,0.0014099106597633383
2023-02-16,1.8916721575977185,67.37959849268023,0.0,0.0011716233241532948
2023-02-17,1.8916721575977185,66.98830445232667,0.0,-0.005807307391362096
2023-02-20,1.8916721575977185,67.12869644184937,0.0,0.00209576866694122
2023-02-21,1.8916721575977185,66.67729122611888,0.0,-0.006724474623479764
2023-02-22,1.8916721575977185,66.28641307535997,0.0,-0.00586223800594047
2023-02-23,1.8916721575977185,66.94916523055217,0.0,0.009998310731321784
2023-02-24,1.8916721575977185,66.7612712447431,0.0,-0.002806517230827601
2023-02-27,1.8916721575977185,67.55170962151755,0.0,0.011839774198977597
2023-02-28,1.8909154887346795,67.77202451739035,-0.0004,0.0032614259077555817
2023-03-01,1.8924342178991094,68.2400091047523,0.0008031713598401381,0.0069052767818948094
2023-03-02,1.8924342178991094,68.46097964106944,0.0,0.0032381375561942784
2023-03-03,1.8924342178991094,68.82521842853279,0.0,0.00532038526724286
2023-03-06,1.8924342178991094,68.7551558088502,0.0,-0.0010179788932357869
2023-03-07,1.8924342178991094,68.28638007739623,0.0,-0.006818044784266615
2023-03-08,1.8924342178991094,68.22032239619998,0.0,-0.0009673624684950477
2023-03-09,1.8924342178991094,67.83165538085647,0.0,-0.0056972321691218485
2023-03-10,1.8924342178991094,67.21134911968673,0.0,-0.009144790255919508
2023-03-13,1.8924342178991094,65.55825185905407,0.0,-0.024595507786771297
2023-03-14,1.8924342178991094,66.47933112461864,0.0,0.014049783809745708
2023-03-15,1.8924342178991094,64.33450128754285,0.0,-0.03226310795839996
2023-03-16,1.8924342178991094,64.49662167806711,0.0,0.0025199603211293687
2023-03-17,1.8924342178991094,64.11177891917703,0.0,-0.0059668669284884766
2023-03-20,1.8924342178991094,64.89353626738452,0.0,0.012193661779265522
2023-03-21,1.8924342178991094,65.56885110560815,0.0,0.010406503899573179
2023-03-22,1.8924342178991094,65.23249378346378,0.0,-0.005129834006129199
2023-03-23,1.8924342178991094,65.33723547270547,0.0,0.0016056674084754263
2023-03-24,1.8924342178991094,63.74124996362704,0.0,-0.024426890693058936
2023-03-27,1.8924342178991094,64.68822908074273,0.0,0.014856613537639608
2023-03-28,1.8924342178991094,64.25237249555963,0.0,-0.0067378036371820785
2023-03-29,1.8924342178991094,64.6772513895541,0.0,0.006612656894869313
2023-03-30,1.8924342178991094,65.38472797762294,0.0,0.01093856917028948
2023-03-31,1.8916772442119498,65.99897384991796,-0.0004,0.009394332457959198
2023-04-03,1.9004902672888329,65.98040855553491,0.004658840774158791,-0.00028129671266202027
2023-04-04,1.9004902672888329,65.77586590357019,0.0,-0.003100051309814993
2023-04-05,1.9004902672888329,65.66044349812672,0.0,-0.0017547835191205818
2023-04-11,1.9004902672888329,66.43309382440314,0.0,0.011767363805553023
2023-04-12,1.9004902672888329,66.58997215859206,0.0,0.002361448566637301
2023-04-13,1.9004902672888329,66.86062819797837,0.0,0.004064516482177
2023-04-14,1.9004902672888329,67.56923413437491,0.0,0.010598254241619073
2023-04-17,1.9004902672888329,68.00702323668548,0.0,0.0064791189055058
2023-04-18,1.9004902672888329,68.20126089871003,0.0,0.0028561412157173515
2023-04-19,1.9004902672888329,67.60389675465917,0.0,-0.00875884310904516
2023-04-20,1.9004902672888329,67.06946155382224,0.0,-0.007905390465529698
2023-04-21,1.9004902672888329,66.6265552711329,0.0,-0.00660369522027414
2023-04-24,1.9004902672888329,67.38472757271185,0.0,0.01137943119666958
2023-04-25,1.9004902672888329,66.599842756148,0.0,-0.011647814643413214
2023-04-26,1.9004902672888329,66.62624198250624,0.0,0.0003963857160279183
2023-04-27,1.9004902672888329,67.134814665781,0.0,0.007633218806011666
2023-04-28,1.8997300711819174,68.39832111493858,-0.0004,0.01882043549904384
2023-05-02,1.8472162468161881,67.56511451495096,-0.02764278207853914,-0.012181682041397992
2023-05-03,1.8472162468161881,67.90244993213385,0.0,0.0049927454368222345
2023-05-04,1.8472162468161881,67.09164183444817,0.0,-0.011940778256101936
2023-05-05,1.8472162468161881,67.21408456476365,0.0,0.0018250072135305518
2023-05-08,1.8472162468161881,67.36300626619828,0.0,0.0022156323693009973
2023-05-09,1.8472162468161881,67.00360438953726,0.0,-0.005335300435387023
2023-05-10,1.8472162468161881,66.6234819161366,0.0,-0.005673164553816346
2023-05-11,1.8472162468161881,67.2218704257229,0.0,0.008981645695725344
2023-05-12,1.8472162468161881,67.7603709072433,0.0,0.008010792887940075
2023-05-15,1.8472162468161881,67.98205299533666,0.0,0.0032715595432146615
2023-05-16,1.8472162468161881,67.66312268537924,0.0,-0.004691389799294661
2023-05-19,1.8472162468161881,68.441132282301,0.0,0.011498280984449428
2023-05-22,1.8472162468161881,68.1075853945591,0.0,-0.004873485820867445
2023-05-23,1.8472162468161881,68.41465981641953,0.0,0.004508666987406795
2023-05-24,1.8472162468161881,68.1832633947401,0.0,-0.003382263718044518
2023-05-25,1.8472162468161881,68.46714635872853,0.0,0.004163528553113127
2023-05-26,1.8472162468161881,68.42546022311325,0.0,-0.0006088487374201534
2023-05-30,1.8472162468161881,68.43755189166967,0.0,0.00017671300298143232
2023-05-31,1.8464773603174618,67.75999330741924,-0.0004,-0.009900391897754362
2023-06-01,1.845005332140041,67.94906018428058,-0.0007972088957362902,0.0027902434406033593
2023-06-02,1.845005332140041,69.07333816629803,0.0,0.016545894512276827
2023-06-05,1.845005332140041,69.0153263896305,0.0,-0.0008398577252465378
2023-06-06,1.845005332140041,68.20552723980458,0.0,-0.01173361327387123
2023-06-07,1.845005332140041,68.83417514007809,0.0,0.009216964162790463
2023-06-08,1.845005332140041,68.7720762805819,0.0,-0.0009021515747056386
2023-06-09,1.845005332140041,68.99112027766385,0.0,0.0031850717461005427
2023-06-12,1.845005332140041,68.45998188655462,0.0,-0.007698648593784285
2023-06-13,1.845005332140041,69.53856913670265,0.0,0.01575500344033645
2023-06-14,1.845005332140041,69.18326289730514,0.0,-0.005109484474709642
2023-06-15,1.845005332140041,68.95029719457874,0.0,-0.0033673708491056154
2023-06-16,1.845005332140041,69.61316541509295,0.0,0.009613710853828276
2023-06-19,1.845005332140041,68.77657382326436,0.0,-0.012017720884262627
2023-06-20,1.845005332140041,68.73466467328383,0.0,-0.0006093521042239569
2023-06-21,1.845005332140041,68.53428428604943,0.0,-0.0029152740933105336
2023-06-22,1.845005332140041,67.61189851013377,0.0,-0.013458749668498613
2023-06-23,1.845005332140041,67.09178787284404,0.0,-0.007692590339136456
2023-06-26,1.845005332140041,66.96154395338098,0.0,-0.0019412796050375114
2023-06-27,1.845005332140041,66.43419543605481,0.0,-0.00787539363927027
2023-06-28,1.845005332140041,67.2888413383649,0.0,0.012864548094553547
2023-06-29,1.845005332140041,67.86083878646136,0.0,0.008500628584465302
2023-06-30,1.843529327874329,68.4335189184366,-0.0008,0.008439037038391328
2023-07-03,1.8698987371736842,68.88713240288737,0.014303764469947501,0.006628527827005475
2023-07-04,1.8698987371736842,69.03734564529773,0.0,0.0021805704080093634
2023-07-05,1.8698987371736842,68.59417167278815,0.0,-0.006419336786013363
2023-07-06,1.8698987371736842,67.93320381178889,0.0,-0.009635918692221405
2023-07-07,1.8698987371736842,67.89915726309677,0.0,-0.0005011768440428499
2023-07-10,1.8698987371736842,68.14882952452197,0.0,0.0036771039802123706
2023-07-11,1.8698987371736842,68.53341691043744,0.0,0.005643345433791862
2023-07-12,1.8698987371736842,69.18893513841206,0.0,0.009564943023799328
2023-07-13,1.8698987371736842,68.92297239988288,0.0,-0.0038440068198350775
2023-07-14,1.8698987371736842,67.97341839851047,0.0,-0.013777032073765065
2023-07-17,1.8698987371736842,67.02169788218714,0.0,-0.014001363161458804
2023-07-18,1.8698987371736842,67.83459876498077,0.0,0.012128921058111359
2023-07-19,1.8698987371736842,68.18605234951225,0.0,0.0051810372719844145
2023-07-20,1.8698987371736842,68.7710986360013,0.0,0.00858014603177477
2023-07-21,1.8698987371736842,69.05696513234625,0.0,0.004156782456799308
2023-07-24,1.8698987371736842,69.14757142834446,0.0,0.0013120515189823578
2023-07-25,1.8698987371736842,69.60563081527015,0.0,0.006624374182112045
2023-07-26,1.8698987371736842,69.1524001542173,0.0,-0.006511407995937737
2023-07-27,1.8698987371736842,69.7535965087789,0.0,0.008693788693101943
2023-07-28,1.8698987371736842,69.64694101927746,0.0,-0.0015290321193405054
2023-07-31,1.8691507776788148,70.28285606287906,-0.0004,0.009130552387442058
2023-08-01,1.8699491764558842,70.19067343411285,0.0004271451969545925,-0.0013115948032012036
2023-08-02,1.8699491764558842,69.43221986141008,0.0,-0.010805617549954549
2023-08-03,1.8699491764558842,69.29356528912027,0.0,-0.0019969773768803555
2023-08-04,1.8699491764558842,69.6931317770969,0.0,0.005766285604001946
2023-08-07,1.8699491764558842,69.44083732205755,0.0,-0.003620076306030735
2023-08-08,1.8699491764558842,68.8761467182416,0.0,-0.008131967090157496
2023-08-09,1.8699491764558842,69.9895091985605,0.0,0.01616470336056155
2023-08-10,1.8699491764558842,70.18124749172479,0.0,0.0027395290431361198
2023-08-11,1.8699491764558842,70.44953494656471,0.0,0.003822779794154556
2023-08-14,1.8699491764558842,70.45938991971498,0.0,0.00013988698658905284
2023-08-15,1.8699491764558842,70.10777095837432,0.0,-0.004990377602492915
2023-08-16,1.8699491764558842,70.55962184613477,0.0,0.006445089917760156
2023-08-17,1.8699491764558842,70.20426603351116,0.0,-0.005036248825121561
2023-08-18,1.8699491764558842,69.1595937182596,0.0,-0.014880467730449563
2023-08-21,1.8699491764558842,69.11589238779935,0.0,-0.0006318910813483791
2023-08-22,1.8699491764558842,68.63956604611464,0.0,-0.006891705007758766
2023-08-23,1.8699491764558842,68.38554867197324,0.0,-0.003700742716973755
2023-08-24,1.8699491764558842,68.40022047365096,0.0,0.00021454535296788535
2023-08-25,1.8699491764558842,68.7248265742287,0.0,0.004745687928049729
2023-08-28,1.8699491764558842,69.27047037120424,0.0,0.007939544181842341
2023-08-29,1.8699491764558842,69.32921278015843,0.0,0.0008480151591206165
2023-08-30,1.8699491764558842,69.8032917684069,0.0,0.0068380841096778375
2023-08-31,1.8684532171147195,69.89198478523797,-0.0008,0.0012706136714203398
2023-09-01,1.8907294758822595,70.11698736293168,0.011922299452559649,0.00321929014299847
2023-09-04,1.8907294758822595,69.97168341418946,0.0,-0.0020723073567053872
2023-09-05,1.8907294758822595,69.92541226888484,0.0,-0.0006612838657992404
2023-09-06,1.8907294758822595,69.69078960412763,0.0,-0.0033553275861287757
2023-09-07,1.8907294758822595,69.20526367388148,0.0,-0.0069668593655510015
2023-09-08,1.8907294758822595,69.41523776788569,0.0,0.003034076930819527
2023-09-11,1.8907294758822595,69.75345592126467,0.0,0.004872390619908957
2023-09-12,1.8907294758822595,69.76679319145171,0.0,0.00019120586945668095
2023-09-13,1.8907294758822595,69.38852180022154,0.0,-0.005421940351939876
2023-09-14,1.8907294758822595,70.26398627064054,0.0,0.012616848546501429
2023-09-15,1.8907294758822595,70.85993822561966,0.0,0.00848161322193754
2023-09-18,1.8907294758822595,70.7880745196372,0.0,-0.0010141655183728115
2023-09-19,1.8907294758822595,70.57986744651876,0.0,-0.002941273294002218
2023-09-20,1.8907294758822595,71.107579713387,0.0,0.007476810115407257
2023-09-21,1.8907294758822595,70.98992834807488,0.0,-0.001654554490341722
2023-09-22,1.8907294758822595,71.09799260869983,0.0,0.001522247777108383
2023-09-25,1.8907294758822595,70.09353419094417,0.0,-0.014127802781772916
2023-09-26,1.8907294758822595,70.0223308648418,0.0,-0.0010158330140466099
2023-09-27,1.8907294758822595,70.57091333625269,0.0,0.0078343931805093
2023-09-28,1.8907294758822595,70.29825002533845,0.0,-0.003863678362997267
2023-09-29,1.8892168923015535,70.588115674949,-0.0008,0.004123369351385971
2023-10-02,1.8785118553295628,69.89968014874903,-0.00566638855263959,-0.009752853148398905
2023-10-03,1.8785118553295628,68.93921666590634,0.0,-0.013740599110021292
2023-10-04,1.8785118553295628,68.19426151405312,0.0,-0.010805970648947665
2023-10-05,1.8785118553295628,68.88267951807798,0.0,0.01009495504079886
2023-10-06,1.8785118553295628,68.83708639980551,0.0,-0.0006618952484347007
2023-10-09,1.8785118553295628,70.01356992266298,0.0,0.017090838447526208
2023-10-10,1.8785118553295628,70.70235591130424,0.0,0.009837892702830144
2023-10-11,1.8785118553295628,70.67845592907415,0.0,-0.00033803657490671045
2023-10-12,1.8785118553295628,71.30263782971399,0.0,0.00883128942808558
2023-10-13,1.8785118553295628,71.24959338151135,0.0,-0.0007439338826330344
2023-10-16,1.8785118553295628,71.12615337959012,0.0,-0.0017325011422906834
2023-10-17,1.8785118553295628,70.32827602435562,0.0,-0.011217777390214545
2023-10-18,1.8785118553295628,70.05137455023636,0.0,-0.003937270892626019
2023-10-19,1.8785118553295628,69.34736415564583,0.0,-0.010049915495743083
2023-10-20,1.8785118553295628,67.94894195489968,0.0,-0.020165470133911345
2023-10-23,1.8785118553295628,66.95345733734477,0.0,-0.014650480035666363
2023-10-24,1.8785118553295628,67.7698881693883,0.0,0.012194005575095791
2023-10-25,1.8785118553295628,67.33373568255604,0.0,-0.006435785842557568
2023-10-26,1.8785118553295628,67.12415454950843,0.0,-0.003112572485739915
2023-10-27,1.8785118553295628,67.80033874994746,0.0,0.010073634520644638
2023-10-30,1.8785118553295628,67.97686622692022,0.0,0.0026036370942601607
2023-10-31,1.8785118553295628,68.58561706380272,0.0,0.008955264793324922
2023-11-01,1.897369604988115,68.73133546364582,0.010038664171881906,0.0021246203807942844
2023-11-02,1.897369604988115,69.5998845298889,0.0,0.012636871674092305
2023-11-03,1.897369604988115,69.24390558685654,0.0,-0.005114648471571646
2023-11-06,1.897369604988115,69.27032566328737,0.0,0.00038155092793951795
2023-11-07,1.897369604988115,68.3353579593069,0.0,-0.013497377051830161
2023-11-08,1.897369604988115,69.14975459050214,0.0,0.011917646376861178
2023-11-09,1.897369604988115,70.08212398045028,0.0,0.013483336209499637
2023-11-10,1.897369604988115,69.438730634796,0.0,-0.009180562875545131
2023-11-13,1.897369604988115,69.63923176065927,0.0,0.0028874537888342335
2023-11-14,1.897369604988115,70.66017608692857,0.0,0.014660476579898947
2023-11-15,1.897369604988115,71.06107758254122,0.0,0.005673655484801632
2023-11-16,1.897369604988115,69.97084573839584,0.0,-0.015342180012384738
2023-11-17,1.897369604988115,70.7882878946655,0.0,0.011682610773719721
2023-11-20,1.897369604988115,71.04145014950355,0.0,0.003576329677795815
2023-11-21,1.897369604988115,70.16426048515034,0.0,-0.012347575429657066
2023-11-22,1.897369604988115,70.27654887431096,0.0,0.0016003644645322846
2023-11-23,1.897369604988115,71.1905738697509,0.0,0.013006116692990748
2023-11-24,1.897369604988115,71.71031530144806,0.0,0.007300705745792606
2023-11-27,1.897369604988115,71.6791185152276,0.0,-0.00043503903293848014
2023-11-28,1.897369604988115,71.06790687561816,0.0,-0.008527052958660315
2023-11-29,1.897369604988115,70.94120183981126,0.0,-0.0017828727674316668
2023-11-30,1.897369604988115,71.1493041167169,0.0,0.0029334472987298365
2023-12-01,1.9103022690203526,71.5327811748927,0.006816101616805793,0.005389751353670725
2023-12-04,1.9103022690203526,70.94270849052249,0.0,-0.008248982839455495
2023-12-05,1.9103022690203526,71.07992644633653,0.0,0.0019342080212847224
2023-12-06,1.9103022690203526,71.28454304548004,0.0,0.002878683326972511
2023-12-07,1.9103022690203526,70.82311483643973,0.0,-0.006473047161793732
2023-12-08,1.9103022690203526,71.33961357882303,0.0,0.00729279901874015
2023-12-11,1.9103022690203526,71.76878406010522,0.0,0.006015878973159654
2023-12-12,1.9103022690203526,70.94240072268857,0.0,-0.011514523315938559
2023-12-13,1.9103022690203526,71.27751585721427,0.0,0.004723763660545482
2023-12-14,1.9103022690203526,72.2795374029037,0.0,0.014058031254858947
2023-12-15,1.9103022690203526,72.4045260278856,0.0,0.0017292394150945167
2023-12-18,1.9103022690203526,73.06994930228623,0.0,0.00919035467678313
2023-12-19,1.9103022690203526,72.62353468778942,0.0,-0.006109414591900393
2023-12-20,1.9103022690203526,72.27807996698185,0.0,-0.0047567874834608895
2023-12-21,1.9103022690203526,71.95511879942495,0.0,-0.004468314151461042
2023-12-22,1.9103022690203526,72.11800775547225,0.0,0.0022637577251640416
2023-12-27,1.9103022690203526,72.51643687629699,0.0,0.005524682852799838
2023-12-28,1.9103022690203526,72.73594205999855,0.0,0.0030269714447774066
2023-12-29,1.9095381481127445,73.01243737246372,-0.0004,0.0038013574119531547
2024-01-02,1.9432303545474205,72.76926731468767,0.017644165144317728,-0.003330529243059668
2024-01-03,1.9432303545474205,72.42295695536637,0.0,-0.0047590194611097794
2024-01-04,1.9432303545474205,73.32190107834353,0.0,0.012412419497468989
2024-01-05,1.9432303545474205,73.17528533600296,0.0,-0.001999617306484076
2024-01-08,1.9432303545474205,73.15489229148248,0.0,-0.0002786875982353543
2024-01-09,1.9432303545474205,73.29902841211752,0.0,0.001970286827308021
2024-01-10,1.9432303545474205,73.14636306591112,0.0,-0.0020827744857415363
2024-01-11,1.9432303545474205,72.84526618589169,0.0,-0.004116361598841434
2024-01-12,1.9432303545474205,73.37839644947768,0.0,0.00731866724497253
2024-01-15,1.9432303545474205,72.86346864321874,0.0,-0.007017430622287724
2024-01-16,1.9432303545474205,73.0086858878832,0.0,0.0019930048262666047
2024-01-17,1.9432303545474205,72.18111764459155,0.0,-0.011335202561548971
2024-01-18,1.9432303545474205,72.59394277738721,0.0,0.005719295381769296
2024-01-19,1.9432303545474205,72.43141114429031,0.0,-0.0022389145275566145
2024-01-22,1.9432303545474205,73.18872427128822,0.0,0.010455589847466595
2024-01-23,1.9432303545474205,73.38276016709393,0.0,0.002651171990462333
2024-01-24,1.9432303545474205,73.55045073120458,0.0,0.0022851493147547286
2024-01-25,1.9432303545474205,73.341131477368,0.0,-0.0028459275470867464
2024-01-26,1.9432303545474205,73.8556950357251,0.0,0.007016029722910715
2024-01-29,1.9432303545474205,73.74152007403035,0.0,-0.001545919534567033
2024-01-30,1.9432303545474205,73.24918658624921,0.0,-0.006676475983772425
2024-01-31,1.9432303545474205,73.28081018295018,0.0,0.00043172625082643634
2024-02-01,1.9666364708184259,73.93273976154603,0.01204495196168156,0.008896320564255098
2024-02-02,1.9666364708184259,73.40069411833954,0.0,-0.007196346908318101
2024-02-05,1.9666364708184259,72.92442644126524,0.0,-0.0064885990901727775
2024-02-06,1.9666364708184259,72.91407023622295,0.0,-0.00014201284189235163
2024-02-07,1.9666364708184259,72.54124076281165,0.0,-0.005113271995424595
2024-02-08,1.9666364708184259,72.0771047753982,0.0,-0.006398236127929584
2024-02-09,1.9666364708184259,72.47212830404237,0.0,0.005480568758624816
2024-02-12,1.9666364708184259,73.02975816778971,0.0,0.007694404411691922
2024-02-13,1.9666364708184259,72.39101462741648,0.0,-0.008746346097787629
2024-02-14,1.9666364708184259,73.05034382001095,0.0,0.009107887159586135
2024-02-15,1.9666364708184259,73.85599227916892,0.0,0.0110286744322929
2024-02-16,1.9666364708184259,74.61199677118445,0.0,0.010236197073324918
2024-02-19,1.9666364708184259,74.86940754674706,0.0,0.003449991780169368
2024-02-20,1.9666364708184259,74.58540368632292,0.0,-0.0037933231974197046
2024-02-21,1.9666364708184259,74.46917821992099,0.0,-0.0015582870194110665
2024-02-22,1.9666364708184259,74.63345932719882,0.0,0.0022060282012603904
2024-02-23,1.9666364708184259,74.66101686877651,0.0,0.0003692384330851084
2024-02-26,1.9666364708184259,74.9182149225566,0.0,0.003444877455019486
2024-02-27,1.9666364708184259,74.52612916159079,0.0,-0.0052335171275918625
2024-02-28,1.9666364708184259,74.5694815232834,0.0,0.0005817068748949073
2024-02-29,1.9666364708184259,75.07305478246995,0.0,0.006753074433397037
2024-03-01,1.987112057689459,75.63725961759623,0.010411475214080746,0.007515410645818403
2024-03-04,1.987112057689459,75.25399231072318,0.0,-0.005067176003080491
2024-03-05,1.987112057689459,75.5022253855217,0.0,0.0032986033986551356
2024-03-06,1.987112057689459,75.24935709680734,0.0,-0.003349150139922252
2024-03-07,1.987112057689459,75.85831082802268,0.0,0.008092477526843696
2024-03-08,1.987112057689459,75.9181176768919,0.0,0.0007884020645384737
2024-03-11,1.987112057689459,75.31195227165209,0.0,-0.007984463047669928
2024-03-12,1.987112057689459,76.31742543345996,0.0,0.01335077808341905
2024-03-13,1.987112057689459,76.86507810393113,0.0,0.00717598461112479
2024-03-14,1.987112057689459,76.81739187216591,0.0,-0.0006203887765615423
2024-03-15,1.987112057689459,76.99885566601549,0.0,0.0023622748628534442
2024-03-18,1.987112057689459,76.96785875509752,0.0,-0.00040256326733488555
2024-03-19,1.987112057689459,77.47294721407349,0.0,0.006562329615834828
2024-03-20,1.987112057689459,77.18663252308666,0.0,-0.0036956731515025167
2024-03-21,1.987112057689459,77.79015162280167,0.0,0.00781895880137669
2024-03-22,1.987112057689459,78.33059438900366,0.0,0.006947444566280701
2024-03-25,1.987112057689459,78.68300375782884,0.0,0.004499000314934993
2024-03-26,1.987112057689459,78.92157722519238,0.0,0.003032083880501366
2024-03-27,1.987112057689459,79.23742567815833,0.0,0.0040020544960057206
2024-04-02,2.0482086930673313,79.41636111968951,0.030746446905925096,0.002258218764677724
2024-04-03,2.0482086930673313,79.6096050344475,0.0,0.0024333010482152683
2024-04-04,2.0482086930673313,80.01262984306507,0.0,0.005062514861657443
2024-04-05,2.0482086930673313,80.24616752632845,0.0,0.0029187602472437344
2024-04-08,2.0482086930673313,80.33732936852697,0.0,0.0011360273644047947
2024-04-09,2.0482086930673313,79.92223023759419,0.0,-0.005166952078138061
2024-04-10,2.0482086930673313,80.26063537506289,0.0,0.004234180358364363
2024-04-11,2.0482086930673313,80.00860715316422,0.0,-0.0031401224363715088
2024-04-12,2.0482086930673313,81.42936782054835,0.0,0.01775759781274912
2024-04-15,2.0482086930673313,80.65909728705964,0.0,-0.009459370176939262
2024-04-16,2.0482086930673313,79.4887206803262,0.0,-0.014510162475141
2024-04-17,2.0482086930673313,79.7650978785767,0.0,0.003476936046838586
2024-04-18,2.0482086930673313,79.10846191381286,0.0,-0.008232121344142453
2024-04-19,2.0482086930673313,79.40687421084034,0.0,0.0037721918718706428
2024-04-22,2.0482086930673313,79.52181221636397,0.0,0.0014474566171494851
2024-04-23,2.0482086930673313,79.83277911938538,0.0,0.003910460468070327
2024-04-24,2.0482086930673313,82.07206743773678,0.0,0.028049735247255812
2024-04-25,2.0482086930673313,82.48172264733276,0.0,0.004991408433895743
2024-04-26,2.0482086930673313,82.80104531283128,0.0,0.0038714354556324613
2024-04-29,2.0482086930673313,83.0564802149863,0.0,0.003084923640637136
2024-04-30,2.0465701261128775,83.63879521313932,-0.0008,0.007011072425002167
2024-05-02,2.033998764964523,83.14685365264828,-0.006142648613869773,-0.00588173896141627
2024-05-03,2.033998764964523,83.8414205295394,0.0,0.008353495609018755
2024-05-06,2.033998764964523,84.63360606368637,0.0,0.009448617749360077
2024-05-07,2.033998764964523,84.24460058908684,0.0,-0.004596347629413438
2024-05-08,2.033998764964523,85.60188286833124,0.0,0.01611120795580374
2024-05-10,2.033998764964523,87.0802733899522,0.0,0.017270537423749593
2024-05-13,2.033998764964523,86.96695564594934,0.0,-0.00130130211575485
2024-05-14,2.033998764964523,87.09016468593022,0.0,0.0014167339659729983
2024-05-15,2.033998764964523,86.73596023991956,0.0,-0.004067100427333176
2024-05-16,2.033998764964523,87.27488263642887,0.0,0.006213367500845113
2024-05-21,2.033998764964523,87.7502535109186,0.0,0.005446823417340472
2024-05-22,2.033998764964523,87.53697033100192,0.0,-0.002430570526957405
2024-05-23,2.033998764964523,87.21129868246454,0.0,-0.003720389765671932
2024-05-24,2.033998764964523,87.49763276158922,0.0,0.003283222282553182
2024-05-27,2.033998764964523,88.02042066133806,0.0,0.005974880499605266
2024-05-28,2.033998764964523,88.04507527834411,0.0,0.00028010110404859124
2024-05-29,2.033998764964523,86.83228649165629,0.0,-0.013774635126993057
2024-05-30,2.033998764964523,88.49038226048309,0.0,0.01909538301730803
2024-05-31,2.033998764964523,89.09970610376092,0.0,0.006885763488784629
2024-06-03,2.0313202477912866,89.00944404038025,-0.0013168725661850903,-0.0010130455792476578
2024-06-04,2.0313202477912866,87.93348657652831,0.0,-0.012088127001038505
2024-06-05,2.0313202477912866,87.62164016521207,0.0,-0.0035463897026856064
2024-06-06,2.0313202477912866,87.98245477107714,0.0,0.004117870941296497
2024-06-07,2.0313202477912866,88.64265540574598,0.0,0.007503776024283746
2024-06-10,2.0313202477912866,88.36555008131907,0.0,-0.0031260945778137294
2024-06-11,2.0313202477912866,87.57324603738938,0.0,-0.00896620960544642
2024-06-12,2.0313202477912866,88.11880533841845,0.0,0.006229748532972628
2024-06-13,2.0313202477912866,87.36909332859409,0.0,-0.00850796838365111
2024-06-14,2.0313202477912866,86.8855423206157,0.0,-0.005534577383786732
2024-06-17,2.0313202477912866,87.11148532737216,0.0,0.0026004672437067054
2024-06-18,2.0313202477912866,87.86791422291738,0.0,0.008683457671540062
2024-06-19,2.0313202477912866,88.06864473269019,0.0,0.002284457433046323
2024-06-20,2.0313202477912866,88.7065112413858,0.0,0.00724283325389746
2024-06-21,2.0313202477912866,88.73733647614644,0.0,0.0003474968672452228
2024-06-24,2.0313202477912866,89.37490910982025,0.0,0.007184942201248013
2024-06-25,2.0313202477912866,88.65210951100542,0.0,-0.008087276462868135
2024-06-26,2.0313202477912866,88.40974822571508,0.0,-0.0027338467931240285
2024-06-27,2.0313202477912866,88.8259781796886,0.0,0.004707964475940689
2024-06-28,2.0313202477912866,88.94107986043056,0.0,0.0012958110127324085
2024-07-01,2.045634954687273,88.95592769217434,0.007046996608019418,0.0001669400885067729
2024-07-02,2.045634954687273,89.04953440346264,0.0,0.0010522818851625405
2024-07-03,2.045634954687273,89.14023277484426,0.0,0.001018515952825565
2024-07-04,2.045634954687273,89.102968013744,0.0,-0.0004180464863087607
2024-07-05,2.045634954687273,88.90789813284206,0.0,-0.002189263559344652
2024-07-08,2.045634954687273,88.80172504542476,0.0,-0.0011941918507471527
2024-07-09,2.045634954687273,88.51738623049245,0.0,-0.003201951479961327
2024-07-10,2.045634954687273,88.97157510631352,0.0,0.0051310696707470484
2024-07-11,2.045634954687273,89.1615904666297,0.0,0.0021356861457057885
2024-07-12,2.045634954687273,90.07883214744912,0.0,0.01028740824405448
2024-07-15,2.045634954687273,89.29005571220488,0.0,-0.008756512672734394
2024-07-16,2.045634954687273,89.30384058980282,0.0,0.0001543831223756653
2024-07-17,2.045634954687273,89.47702364920963,0.0,0.0019392565679485863
2024-07-18,2.045634954687273,89.92781270635552,0.0,0.005038042603128985
2024-07-19,2.045634954687273,90.3300099390197,0.0,0.004472445404376599
2024-07-22,2.045634954687273,91.18489822995863,0.0,0.009464056203647582
2024-07-23,2.045634954687273,90.87726191022516,0.0,-0.003373763920398849
2024-07-24,2.045634954687273,90.3230847353375,0.0,-0.006098083978752711
2024-07-25,2.045634954687273,89.7070192132009,0.0,-0.006820687357410122
2024-07-26,2.045634954687273,89.82653950359376,0.0,0.0013323404505150727
2024-07-29,2.045634954687273,90.80912382972015,0.0,0.010938686178454872
2024-07-30,2.045634954687273,90.87659640194921,0.0,0.0007430153423303621
2024-07-31,2.044816700705398,91.69453985119445,-0.0004,0.0090005951106206
2024-08-01,2.026707342976967,91.43208074523973,-0.008856225461276847,-0.0028623198980075727
2024-08-02,2.026707342976967,88.47468972596984,0.0,-0.032345222761693215
2024-08-05,2.026707342976967,85.69383132017579,0.0,-0.03143111792092322
2024-08-06,2.026707342976967,86.43553595582628,0.0,0.008655286199998216
2024-08-07,2.026707342976967,88.0591516216357,0.0,0.01878412215363812
2024-08-08,2.026707342976967,87.93871022317852,0.0,-0.0013677328958912715
2024-08-09,2.026707342976967,88.48797515627129,0.0,0.006245997146180619
2024-08-12,2.026707342976967,89.14296963258113,0.0,0.007402073277788421
2024-08-13,2.026707342976967,89.34179008043307,0.0,0.0022303547735890517
2024-08-14,2.026707342976967,89.73879006226821,0.0,0.004443608992809734
2024-08-15,2.026707342976967,90.1482324121455,0.0,0.004562601630723786
2024-08-16,2.026707342976967,90.26063265004659,0.0,0.0012468379567023159
2024-08-19,2.026707342976967,90.54945712247661,0.0,0.003199894172577169
2024-08-20,2.026707342976967,89.33860636988526,0.0,-0.013372258554278921
2024-08-21,2.026707342976967,89.29397528586566,0.0,-0.00049957219877383
2024-08-22,2.026707342976967,89.30290629906936,0.0,0.0001000180938873596
2024-08-23,2.026707342976967,89.85955463963334,0.0,0.006233261196447559
2024-08-26,2.026707342976967,90.52690913282878,0.0,0.00742663922464053
2024-08-27,2.026707342976967,90.30079866609796,0.0,-0.002497715528971023
2024-08-28,2.026707342976967,89.35163477232955,0.0,-0.010511135092814636
2024-08-29,2.026707342976967,89.75067038294067,0.0,0.004465901621474378
2024-08-30,2.025896660039776,90.57142614621881,-0.0004,0.009144842704530358
2024-09-02,2.002026290713803,89.75486672168701,-0.011782619418260133,-0.009015640575357135
2024-09-03,2.002026290713803,88.0115954415972,0.0,-0.0194225822371881
2024-09-04,2.002026290713803,88.09351138944899,0.0,0.0009307404034750588
2024-09-05,2.002026290713803,87.68262607791107,0.0,-0.00466419495666893
2024-09-06,2.002026290713803,87.24265012587921,0.0,-0.005017823618112325
2024-09-09,2.002026290713803,87.50257796155188,0.0,0.002979366574692919
2024-09-10,2.002026290713803,87.10277512692716,0.0,-0.004569040637870008
2024-09-11,2.002026290713803,87.14344132237758,0.0,0.0004668760024140095
2024-09-12,2.002026290713803,87.99206217502069,0.0,0.009738206797499833
2024-09-13,2.002026290713803,88.44836096927217,0.0,0.0051856813327533805
2024-09-16,2.002026290713803,88.61677234404715,0.0,0.0019040643933863066
2024-09-17,2.002026290713803,88.81842486981516,0.0,0.0022755571031759427
2024-09-18,2.002026290713803,88.53320399108816,0.0,-0.0032112805326717188
2024-09-19,2.002026290713803,89.36711336084954,0.0,0.00941917079884889
2024-09-20,2.002026290713803,89.18013423608406,0.0,-0.0020922587485901947
2024-09-23,2.002026290713803,89.40803824933651,0.0,0.002555546873804184
2024-09-24,2.002026290713803,89.51581217865605,0.0,0.0012054165534756177
2024-09-25,2.002026290713803,89.37933822098488,0.0,-0.0015245793379921758
2024-09-26,2.002026290713803,88.67418714918584,0.0,-0.007889419253201453
2024-09-27,2.002026290713803,89.22496482443913,0.0,0.0062112514696825724
2024-09-30,2.0012254801975176,90.03689110378309,-0.0004,0.009099765754366414
2024-10-01,2.037662896842829,90.27475239969688,0.01820755182555203,0.002641820402701356
2024-10-02,2.037662896842829,90.72567192852864,0.0,0.004994968325532279
2024-10-03,2.037662896842829,90.59422177540412,0.0,-0.0014488749471932528
2024-10-04,2.037662896842829,91.11260321767823,0.0,0.005722014407930476
2024-10-07,2.037662896842829,91.19465112851103,0.0,0.0009005111031322421
2024-10-08,2.037662896842829,90.32441560871615,0.0,-0.009542615811628567
2024-10-09,2.037662896842829,90.99791735870019,0.0,0.00745647503440964
2024-10-10,2.037662896842829,91.6980615233439,0.0,0.007694068006895551
2024-10-11,2.037662896842829,92.17413389132567,0.0,0.005191738626454909
2024-10-14,2.037662896842829,92.06525582541333,0.0,-0.0011812214697966095
2024-10-15,2.037662896842829,91.62874281861896,0.0,-0.004741343548994741
2024-10-16,2.037662896842829,91.52035131016008,0.0,-0.0011829422201441897
2024-10-17,2.037662896842829,91.72264322793431,0.0,0.002210349008480801
2024-10-18,2.037662896842829,91.34405572366641,0.0,-0.004127525013938969
2024-10-21,2.037662896842829,91.22927978317371,0.0,-0.0012565233674309971
2024-10-22,2.037662896842829,91.31495668794608,0.0,0.0009391382347422139
2024-10-23,2.037662896842829,91.83559140335943,0.0,0.005701527266694532
2024-10-24,2.037662896842829,92.0956507739283,0.0,0.002831792844090688
2024-10-25,2.037662896842829,93.11356727970654,0.0,0.011052818425453928
2024-10-28,2.037662896842829,92.91792224722134,0.0,-0.0021011442070250786
2024-10-29,2.037662896842829,92.97536056032179,0.0,0.0006181618326292293
2024-10-30,2.037662896842829,92.81958234184559,0.0,-0.001675478508901711
2024-10-31,2.037662896842829,91.63819766745144,0.0,-0.012727752534408396
2024-11-01,2.037661485114137,91.7274802263854,-6.928175873883069e-07,0.0009742941394150284
2024-11-04,2.037661485114137,91.33395747708663,0.0,-0.004290129286529387
2024-11-05,2.037661485114137,91.7636096932116,0.0,0.00470418919745986
2024-11-06,2.037661485114137,90.839730071111,0.0,-0.010068039228070447
2024-11-07,2.037661485114137,91.36497914454422,0.0,0.00578215141130475
2024-11-08,2.037661485114137,90.9828999191137,0.0,-0.0041819002095546095
2024-11-11,2.037661485114137,91.01147019349325,0.0,0.00031401806718570844
2024-11-12,2.037661485114137,90.5446477659276,0.0,-0.005129270262013867
2024-11-13,2.037661485114137,89.75706310076167,0.0,-0.008698301717424205
2024-11-14,2.037661485114137,91.34161907219544,0.0,0.01765383042507683
2024-11-15,2.037661485114137,92.46752991799445,0.0,0.012326372766713414
2024-11-18,2.037661485114137,92.22624925385345,0.0,-0.0026093555689763815
2024-11-19,2.037661485114137,92.11811575600082,0.0,-0.00117248070617066
2024-11-20,2.037661485114137,92.50416251575031,0.0,0.004190780028241572
2024-11-21,2.037661485114137,92.91853325051831,0.0,0.0044794820416589245
2024-11-22,2.037661485114137,93.57640727171713,0.0,0.007080116293109242
2024-11-25,2.037661485114137,93.80704445919682,0.0,0.002464693764208916
2024-11-26,2.037661485114137,92.8249937678032,0.0,-0.010468837357100256
2024-11-27,2.037661485114137,92.59880030468611,0.0,-0.00243677326478378
2024-11-28,2.037661485114137,92.64021855809014,0.0,0.0004472871491611974
2024-11-29,2.037661485114137,92.28681676163556,0.0,-0.0038147772312624893
2024-12-02,2.047657628912759,92.49176057206138,0.004905694037821063,0.0022207268342038454
2024-12-03,2.047657628912759,93.45850254507174,0.0,0.010452195601327601
2024-12-04,2.047657628912759,93.99894582880675,0.0,0.0057827085713723705
2024-12-05,2.047657628912759,93.84412244225199,0.0,-0.001647075775048994
2024-12-06,2.047657628912759,92.65728213243848,0.0,-0.012646932795858837
2024-12-09,2.047657628912759,92.93797876250795,0.0,0.003029407118463241
2024-12-10,2.047657628912759,92.12143410839744,0.0,-0.008785909323432706
2024-12-11,2.047657628912759,92.25446015846755,0.0,0.0014440293006465722
2024-12-12,2.047657628912759,92.1437397733152,0.0,-0.0012001629510612144
2024-12-13,2.047657628912759,91.94728977010176,0.0,-0.002131995116507399
2024-12-16,2.047657628912759,91.26056639644855,0.0,-0.007468663572033867
2024-12-17,2.047657628912759,90.67064654095628,0.0,-0.0064641266078667185
2024-12-18,2.047657628912759,90.21912456709417,0.0,-0.004979803178729485
2024-12-19,2.047657628912759,89.5474694224245,0.0,-0.007444709177710722
2024-12-20,2.047657628912759,89.37516817180651,0.0,-0.0019241331076056722
2024-12-23,2.047657628912759,89.86391716066055,0.0,0.005468509865229274
2024-12-27,2.047657628912759,90.87387415042856,0.0,0.011238737656654835
2024-12-30,2.0468385658611936,90.7900105916924,-0.0004,-0.0009228566463156085
2025-01-02,2.0838325339067,92.67563273791872,0.01807371067876149,0.020769048642438104
2025-01-03,2.0838325339067,92.64634809787015,0.0,-0.00031599072143793537
2025-01-06,2.0838325339067,92.5981017252459,0.0,-0.0005207584930738562
2025-01-07,2.0838325339067,93.0333085661656,0.0,0.004699954241081987
2025-01-08,2.0838325339067,92.89010453891974,0.0,-0.0015392769477183244
2025-01-09,2.0838325339067,93.56819966232493,0.0,0.0072999715822374125
2025-01-10,2.0838325339067,93.82302521134717,0.0,0.002723420456328789
2025-01-13,2.0838325339067,93.5401483963676,0.0,-0.0030150041990477483
2025-01-14,2.0838325339067,93.68333209963717,0.0,0.0015307192229677559
2025-01-15,2.0838325339067,94.73208280991035,0.0,0.01119463501957612
2025-01-16,2.0838325339067,94.30547921554232,0.0,-0.0045032641710629215
2025-01-17,2.0838325339067,94.92220260114021,0.0,0.0065396347139950305
2025-01-20,2.0838325339067,94.97205796353819,0.0,0.0005252234043437464
2025-01-21,2.0838325339067,94.89866589563003,0.0,-0.0007727753771149404
2025-01-22,2.0838325339067,95.44361722166103,0.0,0.005742455079719804
2025-01-23,2.0838325339067,96.8454348389507,0.0,0.014687389875784449
2025-01-24,2.0838325339067,96.41197547014198,0.0,-0.0044757852502757215
2025-01-27,2.0838325339067,96.81248971520844,0.0,0.004154196022987935
2025-01-28,2.0838325339067,97.39468986184792,0.0,0.006013688402727011
2025-01-29,2.0838325339067,98.0217089947566,0.0,0.0064379190877663466
2025-01-30,2.0838325339067,99.099584844888,0.0,0.010996297260936925
2025-01-31,2.082999000893137,98.88387272359802,-0.0004,-0.0021767207362937712
2025-02-03,2.068624067778224,97.35614056478005,-0.006901075376776046,-0.015449760580153625
2025-02-04,2.068624067778224,98.56847956817049,0.0,0.012452619797348703
2025-02-05,2.068624067778224,98.86273685259137,0.0,0.002985308140188647
2025-02-06,2.068624067778224,98.73484652138879,0.0,-0.00129361512005556
2025-02-07,2.068624067778224,98.04983067923938,0.0,-0.0069379339340038945
2025-02-10,2.068624067778224,97.69326626090104,0.0,-0.0036365633256910403
2025-02-11,2.068624067778224,98.88502867202658,0.0,0.012199023092776975
2025-02-12,2.068624067778224,97.93257425880945,0.0,-0.009631937473327246
2025-02-13,2.068624067778224,98.2067596451292,0.0,0.002799736332827729
2025-02-14,2.068624067778224,98.86522806109133,0.0,0.006704919481525589
2025-02-17,2.068624067778224,99.24388207641614,0.0,0.0038300019405289065
2025-02-18,2.068624067778224,99.42467451268294,0.0,0.0018216985519328244
2025-02-19,2.068624067778224,98.91488233361999,0.0,-0.005127421151355325
2025-02-20,2.068624067778224,98.38475556904658,0.0,-0.0053594236991093384
2025-02-21,2.068624067778224,98.71346304835593,0.0,0.003341040768035315
2025-02-24,2.068624067778224,98.19901055665296,0.0,-0.005211573738943449
2025-02-25,2.068624067778224,97.8301950875317,0.0,-0.0037557961840000687
2025-02-26,2.068624067778224,98.20996445198115,0.0,0.003881923818200046
2025-02-27,2.068624067778224,97.4052753158271,0.0,-0.008193558979929141
2025-02-28,2.068624067778224,97.10241321672561,0.0,-0.003109298732737962
2025-03-03,2.1268023026227896,97.70011047671134,0.02812412160854864,0.00615532858747506
2025-03-04,2.1268023026227896,94.67081704325211,0.0,-0.03100603897660204
2025-03-05,2.1268023026227896,95.53658630151376,0.0,0.009145048973920883
2025-03-06,2.1268023026227896,95.74254781517023,0.0,0.002155839156806887
2025-03-07,2.1268023026227896,96.47754578186456,0.0,0.007676816456913591
2025-03-10,2.1268023026227896,95.61989966566212,0.0,-0.008889593005833625
2025-03-11,2.1268023026227896,94.80955877683337,0.0,-0.008474605094359272
2025-03-12,2.1268023026227896,94.68183949634503,0.0,-0.0013471139633606244
2025-03-13,2.1268023026227896,95.92585506404242,0.0,0.013138903662147356
2025-03-14,2.1268023026227896,96.76419501494505,0.0,0.008739457681590825
2025-03-17,2.1268023026227896,97.83348643371298,0.0,0.01105048637673034
2025-03-18,2.1268023026227896,98.45988037468108,0.0,0.006402653772259521
2025-03-19,2.1268023026227896,99.1337966465523,0.0,0.006844577398496545
2025-03-20,2.1268023026227896,98.67250618565282,0.0,-0.004653210877660032
2025-03-21,2.1268023026227896,98.24921417867996,0.0,-0.00428986779940943
2025-03-24,2.1268023026227896,98.0307128860362,0.0,-0.002223949519294779
2025-03-25,2.1268023026227896,98.10484775229409,0.0,0.0007562412235447757
2025-03-26,2.1268023026227896,98.19746457572786,0.0,0.0009440596010873614
2025-03-27,2.1268023026227896,97.42686737422036,0.0,-0.007847424623812237
2025-03-28,2.1268023026227896,96.16986548108525,0.0,-0.012902004621650419
2025-03-31,2.1259515817017407,96.00585243940814,-0.0004,-0.0017054515035103978
2025-04-01,2.127943992691621,96.10064760391704,0.0009371854970871897,0.0009873894361672386
2025-04-02,2.127943992691621,94.9307019437546,0.0,-0.012174170407096768
2025-04-03,2.127943992691621,93.28170183951134,0.0,-0.017370566850124697
2025-04-04,2.127943992691621,88.58751514424769,0.0,-0.050322695691593165
2025-04-07,2.127943992691621,88.91631055482574,0.0,0.003711532150356138
2025-04-08,2.127943992691621,89.46291494043915,0.0,0.006147402902827044
2025-04-09,2.127943992691621,87.30922938697132,0.0,-0.02407350078970335
2025-04-10,2.127943992691621,90.00728774731746,0.0,0.030902327042514815
2025-04-11,2.127943992691621,90.45145034449422,0.0,0.004934740378175642
2025-04-14,2.127943992691621,91.95396493930772,0.0,0.01661128250670393
2025-04-15,2.127943992691621,92.65690230536634,0.0,0.00764444868171362
2025-04-16,2.127943992691621,92.53095914272106,0.0,-0.001359242101902085
2025-04-22,2.127943992691621,91.96607329907647,0.0,-0.006104830738577993
2025-04-23,2.127943992691621,93.90123437507062,0.0,0.021042119192160515
2025-04-24,2.127943992691621,94.31960353311992,0.0,0.0044554170222960736
2025-04-25,2.127943992691621,95.20289041698196,0.0,0.009364828209353897
2025-04-28,2.127943992691621,96.02672331793538,0.0,0.00865344421104333
2025-04-29,2.127943992691621,95.63132501645956,0.0,-0.00411758610326316
2025-04-30,2.127943992691621,96.27560495244785,0.0,0.006737122338077058
2025-05-02,2.150883295459533,98.15918058125695,0.01078003126336804,0.019564412290521926
2025-05-05,2.150883295459533,98.44339749772762,0.0,0.0028954695300801745
2025-05-06,2.150883295459533,98.05503093842862,0.0,-0.003945074724873967
2025-05-07,2.150883295459533,98.07524569271064,0.0,0.00020615723730401658
2025-05-08,2.150883295459533,98.17643429505739,0.0,0.0010317445715485674
2025-05-09,2.150883295459533,98.10590387875216,0.0,-0.0007184047456160103
2025-05-12,2.150883295459533,99.56730322533984,0.0,0.014896140688880509
2025-05-13,2.150883295459533,99.90060153881205,0.0,0.0033474675187083937
2025-05-14,2.150883295459533,100.80937867989839,0.0,0.009096813503503087
2025-05-15,2.150883295459533,101.41279308010664,0.0,0.005985697046346053
2025-05-16,2.150883295459533,102.24448055351482,0.0,0.008201011412349336
2025-05-19,2.150883295459533,101.96141159067801,0.0,-0.002768550060642645
2025-05-20,2.150883295459533,101.84898296096122,0.0,-0.0011026586231283185
2025-05-21,2.150883295459533,102.16362526322128,0.0,0.0030893023485629766
2025-05-22,2.150883295459533,100.48955583775374,0.0,-0.01638615917509142
2025-05-23,2.150883295459533,100.84682293107096,0.0,0.003555265921306807
2025-05-26,2.150883295459533,101.96084274416997,0.0,0.011046652544130717
2025-05-27,2.150883295459533,102.5901478828833,0.0,0.006172027631159618
2025-05-28,2.150883295459533,102.1045611077544,0.0,-0.004733269082361007
2025-05-30,2.1500229421413493,101.96729086063876,-0.0004,-0.0013444085712369968
2025-06-02,2.185681992969774,102.41991636227499,0.016585428057297704,0.004438928383954632
2025-06-03,2.185681992969774,102.11908286069585,0.0,-0.0029372558801458214
2025-06-04,2.185681992969774,103.20807160186551,0.0,0.01066391031591217
2025-06-05,2.185681992969774,103.29827309930617,0.0,0.0008739771612884306
2025-06-06,2.185681992969774,103.76513083434317,0.0,0.00451951151775972
2025-06-10,2.185681992969774,104.69952390917962,0.0,0.00900488504494033
2025-06-11,2.185681992969774,105.35843994837822,0.0,0.006293400529406248
2025-06-12,2.185681992969774,105.62667695953859,0.0,0.0025459470669060157
2025-06-13,2.185681992969774,106.0824040118911,0.0,0.004314507144128918
2025-06-16,2.185681992969774,106.40824323878056,0.0,0.003071567145602616
2025-06-17,2.185681992969774,106.63937107154634,0.0,0.002172085787067499
2025-06-18,2.185681992969774,106.38576265205592,0.0,-0.0023781875018773447
2025-06-19,2.185681992969774,107.23281756970007,0.0,0.00796210786601712
2025-06-20,2.185681992969774,107.2830266958218,0.0,0.00046822537409395347
2025-06-23,2.185681992969774,106.9795396271128,0.0,-0.002828845140335856
2025-06-24,2.185681992969774,106.08541964538225,0.0,-0.008357859688376736
2025-06-25,2.185681992969774,106.0986730328579,0.0,0.00012493128197966108
2025-06-26,2.185681992969774,105.40221390438698,0.0,-0.006564258614763539
2025-06-27,2.185681992969774,105.89172130909468,0.0,0.0046441852269985965
2025-06-30,2.184807720172586,106.70067257837427,-0.0004,0.0076394193925536594
2025-07-01,2.158173577676523,105.9687130501604,-0.01219061167266422,-0.0068599335929791574
2025-07-02,2.158173577676523,106.90657462530542,0.0,0.008850362981204514
2025-07-03,2.158173577676523,107.55683648409673,0.0,0.006082524494591639
2025-07-04,2.158173577676523,108.12810819172303,0.0,0.005311347249514569
2025-07-07,2.158173577676523,108.42470259024928,0.0,0.0027429907309610567
2025-07-08,2.158173577676523,108.64620358812384,0.0,0.0020429015951433315
2025-07-09,2.158173577676523,108.21314161084666,0.0,-0.003985983522433041
2025-07-10,2.158173577676523,108.70274111408854,0.0,0.004524399679685436
2025-07-11,2.158173577676523,109.17123970387217,0.0,0.0043099059414879685
2025-07-14,2.158173577676523,109.34274039879624,0.0,0.0015709329250933068
2025-07-15,2.158173577676523,109.54925559463956,0.0,0.001888695994723686
2025-07-16,2.158173577676523,108.66149565730876,0.0,-0.008103751435936233
2025-07-17,2.158173577676523,108.74662264942515,0.0,0.0007834145076087617
2025-07-18,2.158173577676523,109.29457041635467,0.0,0.005038756639789988
2025-07-21,2.158173577676523,108.85814818284997,0.0,-0.003993082472826881
2025-07-22,2.158173577676523,109.03461055456518,0.0,0.001621030438794393
2025-07-23,2.158173577676523,109.69086797255008,0.0,0.0060187991193539235
2025-07-24,2.158173577676523,110.42732017571672,0.0,0.006713888008899036
2025-07-25,2.158173577676523,109.46650058713296,0.0,-0.008700922806556065
2025-07-28,2.158173577676523,110.09940210748651,0.0,0.005781691357254743
2025-07-29,2.158173577676523,110.45411234403527,0.0,0.003221727182518772
2025-07-30,2.158173577676523,109.72095437898723,0.0,-0.00663767015540746
2025-07-31,2.1573103082454526,109.78253219974813,-0.0004,0.0005612220665544898
2025-08-01,2.144472204027619,108.8670036999293,-0.005950977088815114,-0.008339473334000308
2025-08-04,2.144472204027619,109.52518067882671,0.0,0.006045697562427299
2025-08-05,2.144472204027619,110.08751768016535,0.0,0.005134317038815483
2025-08-06,2.144472204027619,109.99934246463623,0.0,-0.0008009556159245212
2025-08-07,2.144472204027619,110.53677894909089,0.0,0.004885815427737223
2025-08-08,2.144472204027619,110.84879255097323,0.0,0.0028227129906331027
2025-08-11,2.144472204027619,110.23200779391614,0.0,-0.005564199147893003
2025-08-12,2.144472204027619,111.36613132865956,0.0,0.010288513812283186
2025-08-13,2.144472204027619,111.7747234665672,0.0,0.0036689084287378827
2025-08-14,2.144472204027619,111.9679363966663,0.0,0.001728592333819452
2025-08-15,2.144472204027619,112.19257643946403,0.0,0.00200628903262007
2025-08-18,2.144472204027619,112.07414408533471,0.0,-0.0010556166716897942
2025-08-19,2.144472204027619,112.49408698567397,0.0,0.0037470096583519298
2025-08-20,2.144472204027619,112.75501250608801,0.0,0.002319459870341989
2025-08-21,2.144472204027619,113.53586647478953,0.0,0.006925226216966429
2025-08-22,2.144472204027619,114.07648921181975,0.0,0.004761691206630813
2025-08-25,2.144472204027619,113.85795854010748,0.0,-0.0019156503958191395
2025-08-26,2.144472204027619,113.6364996508957,0.0,-0.0019450453183188765
2025-08-27,2.144472204027619,112.54218130184726,0.0,-0.009629989945222746
2025-08-28,2.144472204027619,112.08569435786148,0.0,-0.004056140894954363
2025-08-29,2.144472204027619,112.72656596663583,0.0,0.00571769316723159
2025-09-01,2.1318561343056883,112.33616909525684,-0.005883065165515266,-0.00346321976573432
2025-09-02,2.1318561343056883,111.14770733746334,0.0,-0.010579511188295249
2025-09-03,2.1318561343056883,110.75888523666877,0.0,-0.003498246703497343
2025-09-04,2.1318561343056883,111.54946355273974,0.0,0.00713783200672025
2025-09-05,2.1318561343056883,111.71215882819043,0.0,0.0014585034321904855
2025-09-08,2.1318561343056883,112.25962675382395,0.0,0.004900701332569391
2025-09-09,2.1318561343056883,112.79710969900664,0.0,0.004787856157417476
2025-09-10,2.1318561343056883,113.13871823573243,0.0,0.0030285220750544627
2025-09-11,2.1318561343056883,113.06584945996292,0.0,-0.0006440657708148522
2025-09-12,2.1318561343056883,113.2120111658265,0.0,0.0012927131097646338
2025-09-15,2.1318561343056883,113.95464068150828,0.0,0.0065596353958769175
2025-09-16,2.1318561343056883,113.53132140986538,0.0,-0.003714805023395469
2025-09-17,2.1318561343056883,113.29173389124723,0.0,-0.002110320884517911
2025-09-18,2.1318561343056883,113.74866993081201,0.0,0.0040332690115185525
2025-09-19,2.1318561343056883,113.06420276513924,0.0,-0.006017364124689126
2025-09-22,2.1318561343056883,112.54816751447012,0.0,-0.004564090472923996
2025-09-23,2.1318561343056883,113.51625981347262,0.0,0.008601582063768638
2025-09-24,2.1318561343056883,113.76570551405662,0.0,0.0021974446743919396
2025-09-25,2.1318561343056883,113.06990220026218,0.0,-0.006116107755412061
2025-09-26,2.1318561343056883,113.24451973426493,0.0,0.00154433258192324
2025-09-29,2.1318561343056883,113.32860006121513,0.0,0.0007424670716736959
2025-09-30,2.1301506493982436,112.57243350132683,-0.0008,-0.006672336545936805
2025-10-01,2.15079907535602,113.57030396339448,0.009693411103862414,0.008864252384274001
2025-10-02,2.15079907535602,113.03580885362332,0.0,-0.00470629285225336
2025-10-03,2.15079907535602,113.58439664076889,0.0,0.004853221228822884
2025-10-06,2.15079907535602,114.26770346483754,0.0,0.006015851158057642
2025-10-07,2.15079907535602,113.28849313767736,0.0,-0.008569440860964618
2025-10-08,2.15079907535602,113.39718168578823,0.0,0.0009593961849132393
2025-10-09,2.15079907535602,113.78761136078187,0.0,0.003443028029351587
2025-10-10,2.15079907535602,113.7421539013819,0.0,-0.0003994939243063378
2025-10-13,2.15079907535602,113.10185895831637,0.0,-0.0056293548267134065
2025-10-14,2.15079907535602,112.40434688544582,0.0,-0.0061671141331782
2025-10-15,2.15079907535602,113.44270861885856,0.0,0.009237736459346784
2025-10-16,2.15079907535602,113.51802400683572,0.0,0.0006639068204040477
2025-10-17,2.15079907535602,112.06718907284527,0.0,-0.012780657051457096
2025-10-20,2.15079907535602,112.45249380992195,0.0,0.003438158307211916
2025-10-21,2.15079907535602,112.87417343513084,0.0,0.003749846810170969
2025-10-22,2.15079907535602,112.881333788708,0.0,6.343659810952307e-05
2025-10-23,2.15079907535602,113.63213311079673,0.0,0.0066512265304561466
2025-10-24,2.15079907535602,112.99212146469796,0.0,-0.00563231216890665
2025-10-27,2.15079907535602,113.43458426628779,0.0,0.003915873034812099
2025-10-28,2.15079907535602,113.01396493473864,0.0,-0.0037080343201306622
2025-10-29,2.15079907535602,113.11425577800341,0.0,0.0008874199159607699
2025-10-30,2.15079907535602,111.59461425040708,0.0,-0.013434571240770677
2025-10-31,2.1490784360957353,111.82125914415627,-0.0008,0.0020309662367811974
2025-11-03,2.1452352826468255,111.83762810546159,-0.0017882797502223992,0.00014638505621019426
2025-11-04,2.1452352826468255,110.71958396332775,0.0,-0.009997030168411176
2025-11-05,2.1452352826468255,110.58645042958737,0.0,-0.0012024388908873362
2025-11-06,2.1452352826468255,110.19014643710135,0.0,-0.0035836577713322182
2025-11-07,2.1452352826468255,109.98778295774696,0.0,-0.0018364934242998965
2025-11-10,2.1452352826468255,110.8756224197439,0.0,0.008072164363364016
2025-11-11,2.1452352826468255,111.1542882041089,0.0,0.0025133187826449133
2025-11-12,2.1452352826468255,111.5804903026019,0.0,0.0038343288898614915
2025-11-13,2.1452352826468255,111.82864397763042,0.0,0.002223988031917945
2025-11-14,2.1452352826468255,111.75267068459266,0.0,-0.0006793723891792736
2025-11-17,2.1452352826468255,111.9501483950831,0.0,0.0017670961175309818
2025-11-18,2.1452352826468255,109.74337331381454,0.0,-0.01971212287705624
2025-11-19,2.1452352826468255,110.27106836760944,0.0,0.004808445720781109
2025-11-20,2.1452352826468255,111.44706323408612,0.0,0.010664582141856655
2025-11-21,2.1452352826468255,110.35074418371407,0.0,-0.009837128216374027
2025-11-24,2.1452352826468255,110.30286108233618,0.0,-0.00043391733995174153
2025-11-25,2.1452352826468255,110.49381192261647,0.0,0.0017311503836493448
2025-11-26,2.1452352826468255,111.25199122454343,0.0,0.006861735410648531
2025-11-27,2.1452352826468255,112.20930230674712,0.0,0.008604889419655452
2025-11-28,2.144377188533767,112.18765590467292,-0.0004,-0.00019291094079721294
2025-12-01,2.1401691845756057,112.12154160073658,-0.001962343183215021,-0.0005893188818609696
2025-12-02,2.1401691845756057,111.90809166799447,0.0,-0.001903737049051646
2025-12-03,2.1401691845756057,112.60768468318297,0.0,0.006251496248046511
2025-12-04,2.1401691845756057,113.43049127743937,0.0,0.007306842304513612
2025-12-05,2.1401691845756057,113.93752327435001,0.0,0.0044699797312036885
2025-12-08,2.1401691845756057,114.79984292933557,0.0,0.00756835527229406
2025-12-09,2.1401691845756057,114.53870933475804,0.0,-0.0022746859918464455
2025-12-10,2.1401691845756057,113.82212358764585,0.0,-0.006256275727866329
2025-12-11,2.1401691845756057,114.57895332401374,0.0,0.006649232262699063
2025-12-12,2.1401691845756057,114.86862830690403,0.0,0.002528169218574754
2025-12-15,2.1401691845756057,114.83855717571022,0.0,-0.0002617871531769733
2025-12-16,2.1401691845756057,114.59609302701492,0.0,-0.0021113479188380425
2025-12-17,2.1401691845756057,115.46203633756704,0.0,0.007556481967914741
2025-12-18,2.1401691845756057,115.03004569917299,0.0,-0.0037414084498827637
2025-12-19,2.1401691845756057,115.55647333859208,0.0,0.004576435975656352
2025-12-22,2.1401691845756057,115.58979623626738,0.0,0.00028836893955427103
2025-12-23,2.1401691845756057,115.72598966551885,0.0,0.0011782478530639295
2025-12-29,2.1401691845756057,116.57945933496411,0.0,0.007374917872052982
2025-12-30,2.1393131169017754,117.5820073120479,-0.0004,0.008599696574361269
2026-01-02,2.1428487236121474,117.57566605907323,0.00165268313574043,-5.393047048305899e-05
2026-01-05,2.1428487236121474,116.93997814884862,0.0,-0.005406628187036731
2026-01-06,2.1428487236121474,118.09221957146269,0.0,0.009853272087561366
2026-01-07,2.1428487236121474,117.65024447794272,0.0,-0.0037426266956776468
2026-01-08,2.1428487236121474,117.64585935280628,0.0,-3.727255439113009e-05
2026-01-09,2.1428487236121474,118.26928832139606,0.0,0.005299200261015468
2026-01-12,2.1428487236121474,118.84142078138561,0.0,0.004837540397087476
2026-01-13,2.1428487236121474,119.68484519670858,0.0,0.007097057656980526
2026-01-14,2.1428487236121474,120.06568995592855,0.0,0.003182063348070865
2026-01-15,2.1428487236121474,120.39381096222041,0.0,0.0027328457148108587
2026-01-16,2.1428487236121474,120.96730924951092,0.0,0.004763519675197237
2026-01-19,2.1428487236121474,119.0599976562859,0.0,-0.01576716556777278
2026-01-20,2.1428487236121474,118.82579373620707,0.0,-0.0019671083881166364
2026-01-21,2.1428487236121474,119.36555923857823,0.0,0.00454249439788672
2026-01-22,2.1428487236121474,119.76973824019399,0.0,0.0033860604699881146
2026-01-23,2.1428487236121474,119.92092385238813,0.0,0.0012623022677977058
2026-01-26,2.1428487236121474,119.9908719152728,0.0,0.0005832848900561327
2026-01-27,2.1428487236121474,119.89033049391018,0.0,-0.0008379089155516928
2026-01-28,2.1428487236121474,120.41135897505885,0.0,0.004345875759973233
2026-01-29,2.1428487236121474,120.40816766454054,0.0,-2.6503400887256666e-05
2026-01-30,2.1419915841227026,120.89063061918553,-0.0004,0.004006895578621741
2026-02-02,2.133774631133686,120.74396707313359,-0.003836127578616022,-0.001213192000908161
2026-02-03,2.133774631133686,120.5361191289933,0.0,-0.0017213940305141051
2026-02-04,2.133774631133686,120.27235704627209,0.0,-0.002188241040338643
2026-02-05,2.133774631133686,121.0475862113997,0.0,0.0064456138065819915
2026-02-06,2.133774631133686,123.31282801749445,0.0,0.018713647062227938
2026-02-09,2.133774631133686,124.22513265617272,0.0,0.0073982946733557094
2026-02-10,2.133774631133686,123.80789071681923,0.0,-0.0033587562390319015
2026-02-11,2.133774631133686,123.76620619347156,0.0,-0.00033668712960326807
2026-02-12,2.133774631133686,124.21973234376975,0.0,0.003664377896412394
2026-02-13,2.133774631133686,122.13212103548311,0.0,-0.016805794610064973
2026-02-16,2.133774631133686,122.8086766115551,0.0,0.00553953841410348
2026-02-17,2.133774631133686,122.07650749645592,0.0,-0.005961867966503945
2026-02-18,2.133774631133686,124.4548169610524,0.0,0.01948212242773688
2026-02-19,2.133774631133686,125.25904495881308,0.0,0.006462007798479656
2026-02-20,2.133774631133686,126.2337183084429,0.0,0.00778126122509009
2026-02-23,2.133774631133686,125.71101785117422,0.0,-0.0041407356471232105
2026-02-24,2.133774631133686,126.45637255602729,0.0,0.005929112003018422
2026-02-25,2.133774631133686,126.48043112045278,0.0,0.00019025189430316392
2026-02-26,2.133774631133686,126.3657264449315,0.0,-0.0009068966203320005
2026-02-27,2.1329211212812327,127.87310090267512,-0.0004,0.011928665312587744
2026-03-02,2.1743318788178927,128.56591683578216,0.019415044055536627,0.005417995874162571
2026-03-03,2.1743318788178927,126.22942768100494,0.0,-0.018173472505637972
2026-03-04,2.1743318788178927,128.24477267630246,0.0,0.015965730276386304
2026-03-05,2.1743318788178927,128.15615455349075,0.0,-0.0006910076797856757
2026-03-06,2.1743318788178927,127.50775236616015,0.0,-0.005059469750709243
2026-03-09,2.1743318788178927,127.11014629335038,0.0,-0.0031182894014786023
2026-03-10,2.1743318788178927,127.61933095207907,0.0,0.004005853769954557
2026-03-11,2.1743318788178927,127.75707156890262,0.0,0.0010793084072449187
2026-03-12,2.1743318788178927,128.89276978599162,0.0,0.008889513536450191
2026-03-13,2.1743318788178927,129.0848388435071,0.0,0.0014901460945743494
2026-03-16,2.1743318788178927,130.474118786463,0.0,0.010762533814216227
2026-03-17,2.1743318788178927,130.83326844002625,0.0,0.002752650540227255
2026-03-18,2.1743318788178927,131.14966587840996,0.0,0.002418325569300834
2026-03-19,2.1743318788178927,129.6682655696243,0.0,-0.011295494341244168
2026-03-20,2.1743318788178927,127.76770999419917,0.0,-0.01465706020726147
2026-03-23,2.1743318788178927,127.78055642305453,0.0,0.00010054519139423678
2026-03-24,2.1743318788178927,128.0332073829628,0.0,0.0019772253853066425
2026-03-25,2.1743318788178927,129.37316886219364,0.0,0.01046573390310273
2026-03-26,2.1743318788178927,129.78177538974742,0.0,0.003158356026580984
2026-03-27,2.1743318788178927,128.77344969584414,0.0,-0.007769393590703891
2026-03-30,2.1743318788178927,131.49843654497306,0.0,0.021161092255936213
2026-03-31,2.172592413314838,133.73634506967647,-0.0008,0.017018518117042886
2026-04-01,2.1179772070530416,133.3393882450229,-0.025138266122575286,-0.002968204525454743
2026-04-07,2.1179772070530416,134.27980613432803,0.0,0.007052813888548979
2026-04-08,2.1179772070530416,133.50329744592176,0.0,-0.005782765933021064
2026-04-09,2.1179772070530416,135.26883783732796,0.0,0.013224695008910676
2026-04-10,2.1179772070530416,135.03778814468774,0.0,-0.0017080777534150072
2026-04-13,2.1179772070530416,134.80181525566655,0.0,-0.0017474581912460341
2026-04-14,2.1179772070530416,134.67767389183967,0.0,-0.0009209175973737649
2026-04-15,2.1179772070530416,133.29052008735619,0.0,-0.010299805189667187
2026-04-16,2.1179772070530416,133.51366916772272,0.0,0.001674155673038893
2026-04-17,2.1179772070530416,131.95751384418367,0.0,-0.011655400778359169
2026-04-20,2.1179772070530416,131.95291178667557,0.0,-3.487529716221349e-05
2026-04-21,2.1179772070530416,132.36684461731267,0.0,0.0031369738267413806
2026-04-22,2.1179772070530416,132.08796911803253,0.0,-0.002106838008312453
2026-04-23,2.1179772070530416,131.9605903213237,0.0,-0.0009643482109638146
2026-04-24,2.1179772070530416,130.19400847288506,0.0,-0.013387192677276035
2026-04-27,2.1179772070530416,129.732492214291,0.0,-0.003544834850754035
2026-04-28,2.1179772070530416,130.73246994546952,0.0,0.00770799754256454
2026-04-29,2.1179772070530416,130.48027409098532,0.0,-0.0019290988274709032
2026-04-30,2.1179772070530416,131.98532820963413,0.0,0.011534725299544748
2026-05-04,2.13487547306587,132.8915635106226,0.007978492854670872,0.006866182122524305
2026-05-05,2.13487547306587,132.49664495860532,0.0,-0.0029717353124958114
2026-05-06,2.13487547306587,132.23294542544238,0.0,-0.0019902355508346226
2026-05-07,2.13487547306587,131.5435497911733,0.0,-0.005213493748105171
2026-05-08,2.13487547306587,130.91040892056773,0.0,-0.0048131654620138286
2026-05-11,2.13487547306587,130.68793237846856,0.0,-0.0016994564751085228
